ISO-10303-21;
HEADER;
FILE_DESCRIPTION(('FreeCAD Model'),'2;1');
FILE_NAME('Open CASCADE Shape Model','2026-03-10T14:29:30',('FreeCAD'),(
    'FreeCAD'),'Open CASCADE STEP processor 7.8','FreeCAD','Unknown');
FILE_SCHEMA(('AUTOMOTIVE_DESIGN { 1 0 10303 214 1 1 1 1 }'));
ENDSEC;
DATA;
#1 = APPLICATION_PROTOCOL_DEFINITION('international standard',
  'automotive_design',2000,#2);
#2 = APPLICATION_CONTEXT(
  'core data for automotive mechanical design processes');
#3 = SHAPE_DEFINITION_REPRESENTATION(#4,#10);
#4 = PRODUCT_DEFINITION_SHAPE('','',#5);
#5 = PRODUCT_DEFINITION('design','',#6,#9);
#6 = PRODUCT_DEFINITION_FORMATION('','',#7);
#7 = PRODUCT('Open CASCADE STEP translator 7.8 1',
  'Open CASCADE STEP translator 7.8 1','',(#8));
#8 = PRODUCT_CONTEXT('',#2,'mechanical');
#9 = PRODUCT_DEFINITION_CONTEXT('part definition',#2,'design');
#10 = SHAPE_REPRESENTATION('',(#11,#15,#165,#315,#465,#615,#765,#915,
    #1065,#1215,#1365,#1515,#1665,#1815,#1965,#2115,#2265,#2415,#2565,
    #2715,#2865,#3015,#3165,#3315,#3465,#3615,#3765,#3915,#4065,#4215,
    #4365,#4515,#4665,#4815,#4965,#5115,#5265,#5415,#5565,#5715,#5865,
    #6015,#6165,#6315,#6465,#6615,#6765,#6915,#7065,#7215,#7365,#7515,
    #7665,#7815,#7965,#8115,#8265,#8415,#8565,#8715,#8865,#9015,#9165,
    #9315,#9465,#9615,#9765,#9915,#10065,#10215,#10365,#10515,#10665,
    #10815,#10965,#11115,#11265,#11415,#11565,#11715,#11865,#12015,
    #12165,#12315,#12465,#12615,#12765,#12915,#13065,#13215,#13365,
    #13515,#13821,#14049,#14199,#14349,#14499,#14649,#14799,#14949,
    #15099,#15249,#15399,#15549,#15699,#15849,#15999,#16149,#16299,
    #16449,#16599,#16749,#16899,#17049,#17199),#17485);
#11 = AXIS2_PLACEMENT_3D('',#12,#13,#14);
#12 = CARTESIAN_POINT('',(0.,0.,0.));
#13 = DIRECTION('',(0.,0.,1.));
#14 = DIRECTION('',(1.,0.,-0.));
#15 = MANIFOLD_SOLID_BREP('',#16);
#16 = CLOSED_SHELL('',(#17,#57,#97,#119,#141,#153));
#17 = ADVANCED_FACE('',(#18),#52,.F.);
#18 = FACE_BOUND('',#19,.F.);
#19 = EDGE_LOOP('',(#20,#30,#38,#46));
#20 = ORIENTED_EDGE('',*,*,#21,.F.);
#21 = EDGE_CURVE('',#22,#24,#26,.T.);
#22 = VERTEX_POINT('',#23);
#23 = CARTESIAN_POINT('',(0.,0.,98.));
#24 = VERTEX_POINT('',#25);
#25 = CARTESIAN_POINT('',(0.,0.,852.));
#26 = LINE('',#27,#28);
#27 = CARTESIAN_POINT('',(0.,0.,98.));
#28 = VECTOR('',#29,1.);
#29 = DIRECTION('',(0.,0.,1.));
#30 = ORIENTED_EDGE('',*,*,#31,.T.);
#31 = EDGE_CURVE('',#22,#32,#34,.T.);
#32 = VERTEX_POINT('',#33);
#33 = CARTESIAN_POINT('',(0.,600.,98.));
#34 = LINE('',#35,#36);
#35 = CARTESIAN_POINT('',(0.,0.,98.));
#36 = VECTOR('',#37,1.);
#37 = DIRECTION('',(0.,1.,0.));
#38 = ORIENTED_EDGE('',*,*,#39,.T.);
#39 = EDGE_CURVE('',#32,#40,#42,.T.);
#40 = VERTEX_POINT('',#41);
#41 = CARTESIAN_POINT('',(0.,600.,852.));
#42 = LINE('',#43,#44);
#43 = CARTESIAN_POINT('',(0.,600.,98.));
#44 = VECTOR('',#45,1.);
#45 = DIRECTION('',(0.,0.,1.));
#46 = ORIENTED_EDGE('',*,*,#47,.F.);
#47 = EDGE_CURVE('',#24,#40,#48,.T.);
#48 = LINE('',#49,#50);
#49 = CARTESIAN_POINT('',(0.,0.,852.));
#50 = VECTOR('',#51,1.);
#51 = DIRECTION('',(0.,1.,0.));
#52 = PLANE('',#53);
#53 = AXIS2_PLACEMENT_3D('',#54,#55,#56);
#54 = CARTESIAN_POINT('',(0.,0.,98.));
#55 = DIRECTION('',(1.,0.,0.));
#56 = DIRECTION('',(0.,0.,1.));
#57 = ADVANCED_FACE('',(#58),#92,.T.);
#58 = FACE_BOUND('',#59,.T.);
#59 = EDGE_LOOP('',(#60,#70,#78,#86));
#60 = ORIENTED_EDGE('',*,*,#61,.F.);
#61 = EDGE_CURVE('',#62,#64,#66,.T.);
#62 = VERTEX_POINT('',#63);
#63 = CARTESIAN_POINT('',(18.,0.,98.));
#64 = VERTEX_POINT('',#65);
#65 = CARTESIAN_POINT('',(18.,0.,852.));
#66 = LINE('',#67,#68);
#67 = CARTESIAN_POINT('',(18.,0.,98.));
#68 = VECTOR('',#69,1.);
#69 = DIRECTION('',(0.,0.,1.));
#70 = ORIENTED_EDGE('',*,*,#71,.T.);
#71 = EDGE_CURVE('',#62,#72,#74,.T.);
#72 = VERTEX_POINT('',#73);
#73 = CARTESIAN_POINT('',(18.,600.,98.));
#74 = LINE('',#75,#76);
#75 = CARTESIAN_POINT('',(18.,0.,98.));
#76 = VECTOR('',#77,1.);
#77 = DIRECTION('',(0.,1.,0.));
#78 = ORIENTED_EDGE('',*,*,#79,.T.);
#79 = EDGE_CURVE('',#72,#80,#82,.T.);
#80 = VERTEX_POINT('',#81);
#81 = CARTESIAN_POINT('',(18.,600.,852.));
#82 = LINE('',#83,#84);
#83 = CARTESIAN_POINT('',(18.,600.,98.));
#84 = VECTOR('',#85,1.);
#85 = DIRECTION('',(0.,0.,1.));
#86 = ORIENTED_EDGE('',*,*,#87,.F.);
#87 = EDGE_CURVE('',#64,#80,#88,.T.);
#88 = LINE('',#89,#90);
#89 = CARTESIAN_POINT('',(18.,0.,852.));
#90 = VECTOR('',#91,1.);
#91 = DIRECTION('',(0.,1.,0.));
#92 = PLANE('',#93);
#93 = AXIS2_PLACEMENT_3D('',#94,#95,#96);
#94 = CARTESIAN_POINT('',(18.,0.,98.));
#95 = DIRECTION('',(1.,0.,0.));
#96 = DIRECTION('',(0.,0.,1.));
#97 = ADVANCED_FACE('',(#98),#114,.F.);
#98 = FACE_BOUND('',#99,.F.);
#99 = EDGE_LOOP('',(#100,#106,#107,#113));
#100 = ORIENTED_EDGE('',*,*,#101,.F.);
#101 = EDGE_CURVE('',#22,#62,#102,.T.);
#102 = LINE('',#103,#104);
#103 = CARTESIAN_POINT('',(0.,0.,98.));
#104 = VECTOR('',#105,1.);
#105 = DIRECTION('',(1.,0.,0.));
#106 = ORIENTED_EDGE('',*,*,#21,.T.);
#107 = ORIENTED_EDGE('',*,*,#108,.T.);
#108 = EDGE_CURVE('',#24,#64,#109,.T.);
#109 = LINE('',#110,#111);
#110 = CARTESIAN_POINT('',(0.,0.,852.));
#111 = VECTOR('',#112,1.);
#112 = DIRECTION('',(1.,0.,0.));
#113 = ORIENTED_EDGE('',*,*,#61,.F.);
#114 = PLANE('',#115);
#115 = AXIS2_PLACEMENT_3D('',#116,#117,#118);
#116 = CARTESIAN_POINT('',(0.,0.,98.));
#117 = DIRECTION('',(0.,1.,0.));
#118 = DIRECTION('',(0.,0.,1.));
#119 = ADVANCED_FACE('',(#120),#136,.T.);
#120 = FACE_BOUND('',#121,.T.);
#121 = EDGE_LOOP('',(#122,#128,#129,#135));
#122 = ORIENTED_EDGE('',*,*,#123,.F.);
#123 = EDGE_CURVE('',#32,#72,#124,.T.);
#124 = LINE('',#125,#126);
#125 = CARTESIAN_POINT('',(0.,600.,98.));
#126 = VECTOR('',#127,1.);
#127 = DIRECTION('',(1.,0.,0.));
#128 = ORIENTED_EDGE('',*,*,#39,.T.);
#129 = ORIENTED_EDGE('',*,*,#130,.T.);
#130 = EDGE_CURVE('',#40,#80,#131,.T.);
#131 = LINE('',#132,#133);
#132 = CARTESIAN_POINT('',(0.,600.,852.));
#133 = VECTOR('',#134,1.);
#134 = DIRECTION('',(1.,0.,0.));
#135 = ORIENTED_EDGE('',*,*,#79,.F.);
#136 = PLANE('',#137);
#137 = AXIS2_PLACEMENT_3D('',#138,#139,#140);
#138 = CARTESIAN_POINT('',(0.,600.,98.));
#139 = DIRECTION('',(0.,1.,0.));
#140 = DIRECTION('',(0.,0.,1.));
#141 = ADVANCED_FACE('',(#142),#148,.F.);
#142 = FACE_BOUND('',#143,.F.);
#143 = EDGE_LOOP('',(#144,#145,#146,#147));
#144 = ORIENTED_EDGE('',*,*,#31,.F.);
#145 = ORIENTED_EDGE('',*,*,#101,.T.);
#146 = ORIENTED_EDGE('',*,*,#71,.T.);
#147 = ORIENTED_EDGE('',*,*,#123,.F.);
#148 = PLANE('',#149);
#149 = AXIS2_PLACEMENT_3D('',#150,#151,#152);
#150 = CARTESIAN_POINT('',(0.,0.,98.));
#151 = DIRECTION('',(0.,0.,1.));
#152 = DIRECTION('',(1.,0.,0.));
#153 = ADVANCED_FACE('',(#154),#160,.T.);
#154 = FACE_BOUND('',#155,.T.);
#155 = EDGE_LOOP('',(#156,#157,#158,#159));
#156 = ORIENTED_EDGE('',*,*,#47,.F.);
#157 = ORIENTED_EDGE('',*,*,#108,.T.);
#158 = ORIENTED_EDGE('',*,*,#87,.T.);
#159 = ORIENTED_EDGE('',*,*,#130,.F.);
#160 = PLANE('',#161);
#161 = AXIS2_PLACEMENT_3D('',#162,#163,#164);
#162 = CARTESIAN_POINT('',(0.,0.,852.));
#163 = DIRECTION('',(0.,0.,1.));
#164 = DIRECTION('',(1.,0.,0.));
#165 = MANIFOLD_SOLID_BREP('',#166);
#166 = CLOSED_SHELL('',(#167,#207,#247,#269,#291,#303));
#167 = ADVANCED_FACE('',(#168),#202,.F.);
#168 = FACE_BOUND('',#169,.F.);
#169 = EDGE_LOOP('',(#170,#180,#188,#196));
#170 = ORIENTED_EDGE('',*,*,#171,.F.);
#171 = EDGE_CURVE('',#172,#174,#176,.T.);
#172 = VERTEX_POINT('',#173);
#173 = CARTESIAN_POINT('',(885.,0.,98.));
#174 = VERTEX_POINT('',#175);
#175 = CARTESIAN_POINT('',(885.,0.,852.));
#176 = LINE('',#177,#178);
#177 = CARTESIAN_POINT('',(885.,0.,98.));
#178 = VECTOR('',#179,1.);
#179 = DIRECTION('',(0.,0.,1.));
#180 = ORIENTED_EDGE('',*,*,#181,.T.);
#181 = EDGE_CURVE('',#172,#182,#184,.T.);
#182 = VERTEX_POINT('',#183);
#183 = CARTESIAN_POINT('',(885.,600.,98.));
#184 = LINE('',#185,#186);
#185 = CARTESIAN_POINT('',(885.,0.,98.));
#186 = VECTOR('',#187,1.);
#187 = DIRECTION('',(0.,1.,0.));
#188 = ORIENTED_EDGE('',*,*,#189,.T.);
#189 = EDGE_CURVE('',#182,#190,#192,.T.);
#190 = VERTEX_POINT('',#191);
#191 = CARTESIAN_POINT('',(885.,600.,852.));
#192 = LINE('',#193,#194);
#193 = CARTESIAN_POINT('',(885.,600.,98.));
#194 = VECTOR('',#195,1.);
#195 = DIRECTION('',(0.,0.,1.));
#196 = ORIENTED_EDGE('',*,*,#197,.F.);
#197 = EDGE_CURVE('',#174,#190,#198,.T.);
#198 = LINE('',#199,#200);
#199 = CARTESIAN_POINT('',(885.,0.,852.));
#200 = VECTOR('',#201,1.);
#201 = DIRECTION('',(0.,1.,0.));
#202 = PLANE('',#203);
#203 = AXIS2_PLACEMENT_3D('',#204,#205,#206);
#204 = CARTESIAN_POINT('',(885.,0.,98.));
#205 = DIRECTION('',(1.,0.,0.));
#206 = DIRECTION('',(0.,0.,1.));
#207 = ADVANCED_FACE('',(#208),#242,.T.);
#208 = FACE_BOUND('',#209,.T.);
#209 = EDGE_LOOP('',(#210,#220,#228,#236));
#210 = ORIENTED_EDGE('',*,*,#211,.F.);
#211 = EDGE_CURVE('',#212,#214,#216,.T.);
#212 = VERTEX_POINT('',#213);
#213 = CARTESIAN_POINT('',(903.,0.,98.));
#214 = VERTEX_POINT('',#215);
#215 = CARTESIAN_POINT('',(903.,0.,852.));
#216 = LINE('',#217,#218);
#217 = CARTESIAN_POINT('',(903.,0.,98.));
#218 = VECTOR('',#219,1.);
#219 = DIRECTION('',(0.,0.,1.));
#220 = ORIENTED_EDGE('',*,*,#221,.T.);
#221 = EDGE_CURVE('',#212,#222,#224,.T.);
#222 = VERTEX_POINT('',#223);
#223 = CARTESIAN_POINT('',(903.,600.,98.));
#224 = LINE('',#225,#226);
#225 = CARTESIAN_POINT('',(903.,0.,98.));
#226 = VECTOR('',#227,1.);
#227 = DIRECTION('',(0.,1.,0.));
#228 = ORIENTED_EDGE('',*,*,#229,.T.);
#229 = EDGE_CURVE('',#222,#230,#232,.T.);
#230 = VERTEX_POINT('',#231);
#231 = CARTESIAN_POINT('',(903.,600.,852.));
#232 = LINE('',#233,#234);
#233 = CARTESIAN_POINT('',(903.,600.,98.));
#234 = VECTOR('',#235,1.);
#235 = DIRECTION('',(0.,0.,1.));
#236 = ORIENTED_EDGE('',*,*,#237,.F.);
#237 = EDGE_CURVE('',#214,#230,#238,.T.);
#238 = LINE('',#239,#240);
#239 = CARTESIAN_POINT('',(903.,0.,852.));
#240 = VECTOR('',#241,1.);
#241 = DIRECTION('',(0.,1.,0.));
#242 = PLANE('',#243);
#243 = AXIS2_PLACEMENT_3D('',#244,#245,#246);
#244 = CARTESIAN_POINT('',(903.,0.,98.));
#245 = DIRECTION('',(1.,0.,0.));
#246 = DIRECTION('',(0.,0.,1.));
#247 = ADVANCED_FACE('',(#248),#264,.F.);
#248 = FACE_BOUND('',#249,.F.);
#249 = EDGE_LOOP('',(#250,#256,#257,#263));
#250 = ORIENTED_EDGE('',*,*,#251,.F.);
#251 = EDGE_CURVE('',#172,#212,#252,.T.);
#252 = LINE('',#253,#254);
#253 = CARTESIAN_POINT('',(885.,0.,98.));
#254 = VECTOR('',#255,1.);
#255 = DIRECTION('',(1.,0.,0.));
#256 = ORIENTED_EDGE('',*,*,#171,.T.);
#257 = ORIENTED_EDGE('',*,*,#258,.T.);
#258 = EDGE_CURVE('',#174,#214,#259,.T.);
#259 = LINE('',#260,#261);
#260 = CARTESIAN_POINT('',(885.,0.,852.));
#261 = VECTOR('',#262,1.);
#262 = DIRECTION('',(1.,0.,0.));
#263 = ORIENTED_EDGE('',*,*,#211,.F.);
#264 = PLANE('',#265);
#265 = AXIS2_PLACEMENT_3D('',#266,#267,#268);
#266 = CARTESIAN_POINT('',(885.,0.,98.));
#267 = DIRECTION('',(0.,1.,0.));
#268 = DIRECTION('',(0.,0.,1.));
#269 = ADVANCED_FACE('',(#270),#286,.T.);
#270 = FACE_BOUND('',#271,.T.);
#271 = EDGE_LOOP('',(#272,#278,#279,#285));
#272 = ORIENTED_EDGE('',*,*,#273,.F.);
#273 = EDGE_CURVE('',#182,#222,#274,.T.);
#274 = LINE('',#275,#276);
#275 = CARTESIAN_POINT('',(885.,600.,98.));
#276 = VECTOR('',#277,1.);
#277 = DIRECTION('',(1.,0.,0.));
#278 = ORIENTED_EDGE('',*,*,#189,.T.);
#279 = ORIENTED_EDGE('',*,*,#280,.T.);
#280 = EDGE_CURVE('',#190,#230,#281,.T.);
#281 = LINE('',#282,#283);
#282 = CARTESIAN_POINT('',(885.,600.,852.));
#283 = VECTOR('',#284,1.);
#284 = DIRECTION('',(1.,0.,0.));
#285 = ORIENTED_EDGE('',*,*,#229,.F.);
#286 = PLANE('',#287);
#287 = AXIS2_PLACEMENT_3D('',#288,#289,#290);
#288 = CARTESIAN_POINT('',(885.,600.,98.));
#289 = DIRECTION('',(0.,1.,0.));
#290 = DIRECTION('',(0.,0.,1.));
#291 = ADVANCED_FACE('',(#292),#298,.F.);
#292 = FACE_BOUND('',#293,.F.);
#293 = EDGE_LOOP('',(#294,#295,#296,#297));
#294 = ORIENTED_EDGE('',*,*,#181,.F.);
#295 = ORIENTED_EDGE('',*,*,#251,.T.);
#296 = ORIENTED_EDGE('',*,*,#221,.T.);
#297 = ORIENTED_EDGE('',*,*,#273,.F.);
#298 = PLANE('',#299);
#299 = AXIS2_PLACEMENT_3D('',#300,#301,#302);
#300 = CARTESIAN_POINT('',(885.,0.,98.));
#301 = DIRECTION('',(0.,0.,1.));
#302 = DIRECTION('',(1.,0.,0.));
#303 = ADVANCED_FACE('',(#304),#310,.T.);
#304 = FACE_BOUND('',#305,.T.);
#305 = EDGE_LOOP('',(#306,#307,#308,#309));
#306 = ORIENTED_EDGE('',*,*,#197,.F.);
#307 = ORIENTED_EDGE('',*,*,#258,.T.);
#308 = ORIENTED_EDGE('',*,*,#237,.T.);
#309 = ORIENTED_EDGE('',*,*,#280,.F.);
#310 = PLANE('',#311);
#311 = AXIS2_PLACEMENT_3D('',#312,#313,#314);
#312 = CARTESIAN_POINT('',(885.,0.,852.));
#313 = DIRECTION('',(0.,0.,1.));
#314 = DIRECTION('',(1.,0.,0.));
#315 = MANIFOLD_SOLID_BREP('',#316);
#316 = CLOSED_SHELL('',(#317,#357,#397,#419,#441,#453));
#317 = ADVANCED_FACE('',(#318),#352,.F.);
#318 = FACE_BOUND('',#319,.F.);
#319 = EDGE_LOOP('',(#320,#330,#338,#346));
#320 = ORIENTED_EDGE('',*,*,#321,.F.);
#321 = EDGE_CURVE('',#322,#324,#326,.T.);
#322 = VERTEX_POINT('',#323);
#323 = CARTESIAN_POINT('',(0.,0.,80.));
#324 = VERTEX_POINT('',#325);
#325 = CARTESIAN_POINT('',(0.,0.,98.));
#326 = LINE('',#327,#328);
#327 = CARTESIAN_POINT('',(0.,0.,80.));
#328 = VECTOR('',#329,1.);
#329 = DIRECTION('',(0.,0.,1.));
#330 = ORIENTED_EDGE('',*,*,#331,.T.);
#331 = EDGE_CURVE('',#322,#332,#334,.T.);
#332 = VERTEX_POINT('',#333);
#333 = CARTESIAN_POINT('',(0.,600.,80.));
#334 = LINE('',#335,#336);
#335 = CARTESIAN_POINT('',(0.,0.,80.));
#336 = VECTOR('',#337,1.);
#337 = DIRECTION('',(0.,1.,0.));
#338 = ORIENTED_EDGE('',*,*,#339,.T.);
#339 = EDGE_CURVE('',#332,#340,#342,.T.);
#340 = VERTEX_POINT('',#341);
#341 = CARTESIAN_POINT('',(0.,600.,98.));
#342 = LINE('',#343,#344);
#343 = CARTESIAN_POINT('',(0.,600.,80.));
#344 = VECTOR('',#345,1.);
#345 = DIRECTION('',(0.,0.,1.));
#346 = ORIENTED_EDGE('',*,*,#347,.F.);
#347 = EDGE_CURVE('',#324,#340,#348,.T.);
#348 = LINE('',#349,#350);
#349 = CARTESIAN_POINT('',(0.,0.,98.));
#350 = VECTOR('',#351,1.);
#351 = DIRECTION('',(0.,1.,0.));
#352 = PLANE('',#353);
#353 = AXIS2_PLACEMENT_3D('',#354,#355,#356);
#354 = CARTESIAN_POINT('',(0.,0.,80.));
#355 = DIRECTION('',(1.,0.,0.));
#356 = DIRECTION('',(0.,0.,1.));
#357 = ADVANCED_FACE('',(#358),#392,.T.);
#358 = FACE_BOUND('',#359,.T.);
#359 = EDGE_LOOP('',(#360,#370,#378,#386));
#360 = ORIENTED_EDGE('',*,*,#361,.F.);
#361 = EDGE_CURVE('',#362,#364,#366,.T.);
#362 = VERTEX_POINT('',#363);
#363 = CARTESIAN_POINT('',(903.,0.,80.));
#364 = VERTEX_POINT('',#365);
#365 = CARTESIAN_POINT('',(903.,0.,98.));
#366 = LINE('',#367,#368);
#367 = CARTESIAN_POINT('',(903.,0.,80.));
#368 = VECTOR('',#369,1.);
#369 = DIRECTION('',(0.,0.,1.));
#370 = ORIENTED_EDGE('',*,*,#371,.T.);
#371 = EDGE_CURVE('',#362,#372,#374,.T.);
#372 = VERTEX_POINT('',#373);
#373 = CARTESIAN_POINT('',(903.,600.,80.));
#374 = LINE('',#375,#376);
#375 = CARTESIAN_POINT('',(903.,0.,80.));
#376 = VECTOR('',#377,1.);
#377 = DIRECTION('',(0.,1.,0.));
#378 = ORIENTED_EDGE('',*,*,#379,.T.);
#379 = EDGE_CURVE('',#372,#380,#382,.T.);
#380 = VERTEX_POINT('',#381);
#381 = CARTESIAN_POINT('',(903.,600.,98.));
#382 = LINE('',#383,#384);
#383 = CARTESIAN_POINT('',(903.,600.,80.));
#384 = VECTOR('',#385,1.);
#385 = DIRECTION('',(0.,0.,1.));
#386 = ORIENTED_EDGE('',*,*,#387,.F.);
#387 = EDGE_CURVE('',#364,#380,#388,.T.);
#388 = LINE('',#389,#390);
#389 = CARTESIAN_POINT('',(903.,0.,98.));
#390 = VECTOR('',#391,1.);
#391 = DIRECTION('',(0.,1.,0.));
#392 = PLANE('',#393);
#393 = AXIS2_PLACEMENT_3D('',#394,#395,#396);
#394 = CARTESIAN_POINT('',(903.,0.,80.));
#395 = DIRECTION('',(1.,0.,0.));
#396 = DIRECTION('',(0.,0.,1.));
#397 = ADVANCED_FACE('',(#398),#414,.F.);
#398 = FACE_BOUND('',#399,.F.);
#399 = EDGE_LOOP('',(#400,#406,#407,#413));
#400 = ORIENTED_EDGE('',*,*,#401,.F.);
#401 = EDGE_CURVE('',#322,#362,#402,.T.);
#402 = LINE('',#403,#404);
#403 = CARTESIAN_POINT('',(0.,0.,80.));
#404 = VECTOR('',#405,1.);
#405 = DIRECTION('',(1.,0.,0.));
#406 = ORIENTED_EDGE('',*,*,#321,.T.);
#407 = ORIENTED_EDGE('',*,*,#408,.T.);
#408 = EDGE_CURVE('',#324,#364,#409,.T.);
#409 = LINE('',#410,#411);
#410 = CARTESIAN_POINT('',(0.,0.,98.));
#411 = VECTOR('',#412,1.);
#412 = DIRECTION('',(1.,0.,0.));
#413 = ORIENTED_EDGE('',*,*,#361,.F.);
#414 = PLANE('',#415);
#415 = AXIS2_PLACEMENT_3D('',#416,#417,#418);
#416 = CARTESIAN_POINT('',(0.,0.,80.));
#417 = DIRECTION('',(0.,1.,0.));
#418 = DIRECTION('',(0.,0.,1.));
#419 = ADVANCED_FACE('',(#420),#436,.T.);
#420 = FACE_BOUND('',#421,.T.);
#421 = EDGE_LOOP('',(#422,#428,#429,#435));
#422 = ORIENTED_EDGE('',*,*,#423,.F.);
#423 = EDGE_CURVE('',#332,#372,#424,.T.);
#424 = LINE('',#425,#426);
#425 = CARTESIAN_POINT('',(0.,600.,80.));
#426 = VECTOR('',#427,1.);
#427 = DIRECTION('',(1.,0.,0.));
#428 = ORIENTED_EDGE('',*,*,#339,.T.);
#429 = ORIENTED_EDGE('',*,*,#430,.T.);
#430 = EDGE_CURVE('',#340,#380,#431,.T.);
#431 = LINE('',#432,#433);
#432 = CARTESIAN_POINT('',(0.,600.,98.));
#433 = VECTOR('',#434,1.);
#434 = DIRECTION('',(1.,0.,0.));
#435 = ORIENTED_EDGE('',*,*,#379,.F.);
#436 = PLANE('',#437);
#437 = AXIS2_PLACEMENT_3D('',#438,#439,#440);
#438 = CARTESIAN_POINT('',(0.,600.,80.));
#439 = DIRECTION('',(0.,1.,0.));
#440 = DIRECTION('',(0.,0.,1.));
#441 = ADVANCED_FACE('',(#442),#448,.F.);
#442 = FACE_BOUND('',#443,.F.);
#443 = EDGE_LOOP('',(#444,#445,#446,#447));
#444 = ORIENTED_EDGE('',*,*,#331,.F.);
#445 = ORIENTED_EDGE('',*,*,#401,.T.);
#446 = ORIENTED_EDGE('',*,*,#371,.T.);
#447 = ORIENTED_EDGE('',*,*,#423,.F.);
#448 = PLANE('',#449);
#449 = AXIS2_PLACEMENT_3D('',#450,#451,#452);
#450 = CARTESIAN_POINT('',(0.,0.,80.));
#451 = DIRECTION('',(0.,0.,1.));
#452 = DIRECTION('',(1.,0.,0.));
#453 = ADVANCED_FACE('',(#454),#460,.T.);
#454 = FACE_BOUND('',#455,.T.);
#455 = EDGE_LOOP('',(#456,#457,#458,#459));
#456 = ORIENTED_EDGE('',*,*,#347,.F.);
#457 = ORIENTED_EDGE('',*,*,#408,.T.);
#458 = ORIENTED_EDGE('',*,*,#387,.T.);
#459 = ORIENTED_EDGE('',*,*,#430,.F.);
#460 = PLANE('',#461);
#461 = AXIS2_PLACEMENT_3D('',#462,#463,#464);
#462 = CARTESIAN_POINT('',(0.,0.,98.));
#463 = DIRECTION('',(0.,0.,1.));
#464 = DIRECTION('',(1.,0.,0.));
#465 = MANIFOLD_SOLID_BREP('',#466);
#466 = CLOSED_SHELL('',(#467,#507,#547,#569,#591,#603));
#467 = ADVANCED_FACE('',(#468),#502,.F.);
#468 = FACE_BOUND('',#469,.F.);
#469 = EDGE_LOOP('',(#470,#480,#488,#496));
#470 = ORIENTED_EDGE('',*,*,#471,.F.);
#471 = EDGE_CURVE('',#472,#474,#476,.T.);
#472 = VERTEX_POINT('',#473);
#473 = CARTESIAN_POINT('',(30.,30.,0.));
#474 = VERTEX_POINT('',#475);
#475 = CARTESIAN_POINT('',(30.,30.,80.));
#476 = LINE('',#477,#478);
#477 = CARTESIAN_POINT('',(30.,30.,0.));
#478 = VECTOR('',#479,1.);
#479 = DIRECTION('',(0.,0.,1.));
#480 = ORIENTED_EDGE('',*,*,#481,.T.);
#481 = EDGE_CURVE('',#472,#482,#484,.T.);
#482 = VERTEX_POINT('',#483);
#483 = CARTESIAN_POINT('',(30.,70.,0.));
#484 = LINE('',#485,#486);
#485 = CARTESIAN_POINT('',(30.,30.,0.));
#486 = VECTOR('',#487,1.);
#487 = DIRECTION('',(0.,1.,0.));
#488 = ORIENTED_EDGE('',*,*,#489,.T.);
#489 = EDGE_CURVE('',#482,#490,#492,.T.);
#490 = VERTEX_POINT('',#491);
#491 = CARTESIAN_POINT('',(30.,70.,80.));
#492 = LINE('',#493,#494);
#493 = CARTESIAN_POINT('',(30.,70.,0.));
#494 = VECTOR('',#495,1.);
#495 = DIRECTION('',(0.,0.,1.));
#496 = ORIENTED_EDGE('',*,*,#497,.F.);
#497 = EDGE_CURVE('',#474,#490,#498,.T.);
#498 = LINE('',#499,#500);
#499 = CARTESIAN_POINT('',(30.,30.,80.));
#500 = VECTOR('',#501,1.);
#501 = DIRECTION('',(0.,1.,0.));
#502 = PLANE('',#503);
#503 = AXIS2_PLACEMENT_3D('',#504,#505,#506);
#504 = CARTESIAN_POINT('',(30.,30.,0.));
#505 = DIRECTION('',(1.,0.,0.));
#506 = DIRECTION('',(0.,0.,1.));
#507 = ADVANCED_FACE('',(#508),#542,.T.);
#508 = FACE_BOUND('',#509,.T.);
#509 = EDGE_LOOP('',(#510,#520,#528,#536));
#510 = ORIENTED_EDGE('',*,*,#511,.F.);
#511 = EDGE_CURVE('',#512,#514,#516,.T.);
#512 = VERTEX_POINT('',#513);
#513 = CARTESIAN_POINT('',(70.,30.,0.));
#514 = VERTEX_POINT('',#515);
#515 = CARTESIAN_POINT('',(70.,30.,80.));
#516 = LINE('',#517,#518);
#517 = CARTESIAN_POINT('',(70.,30.,0.));
#518 = VECTOR('',#519,1.);
#519 = DIRECTION('',(0.,0.,1.));
#520 = ORIENTED_EDGE('',*,*,#521,.T.);
#521 = EDGE_CURVE('',#512,#522,#524,.T.);
#522 = VERTEX_POINT('',#523);
#523 = CARTESIAN_POINT('',(70.,70.,0.));
#524 = LINE('',#525,#526);
#525 = CARTESIAN_POINT('',(70.,30.,0.));
#526 = VECTOR('',#527,1.);
#527 = DIRECTION('',(0.,1.,0.));
#528 = ORIENTED_EDGE('',*,*,#529,.T.);
#529 = EDGE_CURVE('',#522,#530,#532,.T.);
#530 = VERTEX_POINT('',#531);
#531 = CARTESIAN_POINT('',(70.,70.,80.));
#532 = LINE('',#533,#534);
#533 = CARTESIAN_POINT('',(70.,70.,0.));
#534 = VECTOR('',#535,1.);
#535 = DIRECTION('',(0.,0.,1.));
#536 = ORIENTED_EDGE('',*,*,#537,.F.);
#537 = EDGE_CURVE('',#514,#530,#538,.T.);
#538 = LINE('',#539,#540);
#539 = CARTESIAN_POINT('',(70.,30.,80.));
#540 = VECTOR('',#541,1.);
#541 = DIRECTION('',(0.,1.,0.));
#542 = PLANE('',#543);
#543 = AXIS2_PLACEMENT_3D('',#544,#545,#546);
#544 = CARTESIAN_POINT('',(70.,30.,0.));
#545 = DIRECTION('',(1.,0.,0.));
#546 = DIRECTION('',(0.,0.,1.));
#547 = ADVANCED_FACE('',(#548),#564,.F.);
#548 = FACE_BOUND('',#549,.F.);
#549 = EDGE_LOOP('',(#550,#556,#557,#563));
#550 = ORIENTED_EDGE('',*,*,#551,.F.);
#551 = EDGE_CURVE('',#472,#512,#552,.T.);
#552 = LINE('',#553,#554);
#553 = CARTESIAN_POINT('',(30.,30.,0.));
#554 = VECTOR('',#555,1.);
#555 = DIRECTION('',(1.,0.,0.));
#556 = ORIENTED_EDGE('',*,*,#471,.T.);
#557 = ORIENTED_EDGE('',*,*,#558,.T.);
#558 = EDGE_CURVE('',#474,#514,#559,.T.);
#559 = LINE('',#560,#561);
#560 = CARTESIAN_POINT('',(30.,30.,80.));
#561 = VECTOR('',#562,1.);
#562 = DIRECTION('',(1.,0.,0.));
#563 = ORIENTED_EDGE('',*,*,#511,.F.);
#564 = PLANE('',#565);
#565 = AXIS2_PLACEMENT_3D('',#566,#567,#568);
#566 = CARTESIAN_POINT('',(30.,30.,0.));
#567 = DIRECTION('',(0.,1.,0.));
#568 = DIRECTION('',(0.,0.,1.));
#569 = ADVANCED_FACE('',(#570),#586,.T.);
#570 = FACE_BOUND('',#571,.T.);
#571 = EDGE_LOOP('',(#572,#578,#579,#585));
#572 = ORIENTED_EDGE('',*,*,#573,.F.);
#573 = EDGE_CURVE('',#482,#522,#574,.T.);
#574 = LINE('',#575,#576);
#575 = CARTESIAN_POINT('',(30.,70.,0.));
#576 = VECTOR('',#577,1.);
#577 = DIRECTION('',(1.,0.,0.));
#578 = ORIENTED_EDGE('',*,*,#489,.T.);
#579 = ORIENTED_EDGE('',*,*,#580,.T.);
#580 = EDGE_CURVE('',#490,#530,#581,.T.);
#581 = LINE('',#582,#583);
#582 = CARTESIAN_POINT('',(30.,70.,80.));
#583 = VECTOR('',#584,1.);
#584 = DIRECTION('',(1.,0.,0.));
#585 = ORIENTED_EDGE('',*,*,#529,.F.);
#586 = PLANE('',#587);
#587 = AXIS2_PLACEMENT_3D('',#588,#589,#590);
#588 = CARTESIAN_POINT('',(30.,70.,0.));
#589 = DIRECTION('',(0.,1.,0.));
#590 = DIRECTION('',(0.,0.,1.));
#591 = ADVANCED_FACE('',(#592),#598,.F.);
#592 = FACE_BOUND('',#593,.F.);
#593 = EDGE_LOOP('',(#594,#595,#596,#597));
#594 = ORIENTED_EDGE('',*,*,#481,.F.);
#595 = ORIENTED_EDGE('',*,*,#551,.T.);
#596 = ORIENTED_EDGE('',*,*,#521,.T.);
#597 = ORIENTED_EDGE('',*,*,#573,.F.);
#598 = PLANE('',#599);
#599 = AXIS2_PLACEMENT_3D('',#600,#601,#602);
#600 = CARTESIAN_POINT('',(30.,30.,0.));
#601 = DIRECTION('',(0.,0.,1.));
#602 = DIRECTION('',(1.,0.,0.));
#603 = ADVANCED_FACE('',(#604),#610,.T.);
#604 = FACE_BOUND('',#605,.T.);
#605 = EDGE_LOOP('',(#606,#607,#608,#609));
#606 = ORIENTED_EDGE('',*,*,#497,.F.);
#607 = ORIENTED_EDGE('',*,*,#558,.T.);
#608 = ORIENTED_EDGE('',*,*,#537,.T.);
#609 = ORIENTED_EDGE('',*,*,#580,.F.);
#610 = PLANE('',#611);
#611 = AXIS2_PLACEMENT_3D('',#612,#613,#614);
#612 = CARTESIAN_POINT('',(30.,30.,80.));
#613 = DIRECTION('',(0.,0.,1.));
#614 = DIRECTION('',(1.,0.,0.));
#615 = MANIFOLD_SOLID_BREP('',#616);
#616 = CLOSED_SHELL('',(#617,#657,#697,#719,#741,#753));
#617 = ADVANCED_FACE('',(#618),#652,.F.);
#618 = FACE_BOUND('',#619,.F.);
#619 = EDGE_LOOP('',(#620,#630,#638,#646));
#620 = ORIENTED_EDGE('',*,*,#621,.F.);
#621 = EDGE_CURVE('',#622,#624,#626,.T.);
#622 = VERTEX_POINT('',#623);
#623 = CARTESIAN_POINT('',(833.,30.,0.));
#624 = VERTEX_POINT('',#625);
#625 = CARTESIAN_POINT('',(833.,30.,80.));
#626 = LINE('',#627,#628);
#627 = CARTESIAN_POINT('',(833.,30.,0.));
#628 = VECTOR('',#629,1.);
#629 = DIRECTION('',(0.,0.,1.));
#630 = ORIENTED_EDGE('',*,*,#631,.T.);
#631 = EDGE_CURVE('',#622,#632,#634,.T.);
#632 = VERTEX_POINT('',#633);
#633 = CARTESIAN_POINT('',(833.,70.,0.));
#634 = LINE('',#635,#636);
#635 = CARTESIAN_POINT('',(833.,30.,0.));
#636 = VECTOR('',#637,1.);
#637 = DIRECTION('',(0.,1.,0.));
#638 = ORIENTED_EDGE('',*,*,#639,.T.);
#639 = EDGE_CURVE('',#632,#640,#642,.T.);
#640 = VERTEX_POINT('',#641);
#641 = CARTESIAN_POINT('',(833.,70.,80.));
#642 = LINE('',#643,#644);
#643 = CARTESIAN_POINT('',(833.,70.,0.));
#644 = VECTOR('',#645,1.);
#645 = DIRECTION('',(0.,0.,1.));
#646 = ORIENTED_EDGE('',*,*,#647,.F.);
#647 = EDGE_CURVE('',#624,#640,#648,.T.);
#648 = LINE('',#649,#650);
#649 = CARTESIAN_POINT('',(833.,30.,80.));
#650 = VECTOR('',#651,1.);
#651 = DIRECTION('',(0.,1.,0.));
#652 = PLANE('',#653);
#653 = AXIS2_PLACEMENT_3D('',#654,#655,#656);
#654 = CARTESIAN_POINT('',(833.,30.,0.));
#655 = DIRECTION('',(1.,0.,0.));
#656 = DIRECTION('',(0.,0.,1.));
#657 = ADVANCED_FACE('',(#658),#692,.T.);
#658 = FACE_BOUND('',#659,.T.);
#659 = EDGE_LOOP('',(#660,#670,#678,#686));
#660 = ORIENTED_EDGE('',*,*,#661,.F.);
#661 = EDGE_CURVE('',#662,#664,#666,.T.);
#662 = VERTEX_POINT('',#663);
#663 = CARTESIAN_POINT('',(873.,30.,0.));
#664 = VERTEX_POINT('',#665);
#665 = CARTESIAN_POINT('',(873.,30.,80.));
#666 = LINE('',#667,#668);
#667 = CARTESIAN_POINT('',(873.,30.,0.));
#668 = VECTOR('',#669,1.);
#669 = DIRECTION('',(0.,0.,1.));
#670 = ORIENTED_EDGE('',*,*,#671,.T.);
#671 = EDGE_CURVE('',#662,#672,#674,.T.);
#672 = VERTEX_POINT('',#673);
#673 = CARTESIAN_POINT('',(873.,70.,0.));
#674 = LINE('',#675,#676);
#675 = CARTESIAN_POINT('',(873.,30.,0.));
#676 = VECTOR('',#677,1.);
#677 = DIRECTION('',(0.,1.,0.));
#678 = ORIENTED_EDGE('',*,*,#679,.T.);
#679 = EDGE_CURVE('',#672,#680,#682,.T.);
#680 = VERTEX_POINT('',#681);
#681 = CARTESIAN_POINT('',(873.,70.,80.));
#682 = LINE('',#683,#684);
#683 = CARTESIAN_POINT('',(873.,70.,0.));
#684 = VECTOR('',#685,1.);
#685 = DIRECTION('',(0.,0.,1.));
#686 = ORIENTED_EDGE('',*,*,#687,.F.);
#687 = EDGE_CURVE('',#664,#680,#688,.T.);
#688 = LINE('',#689,#690);
#689 = CARTESIAN_POINT('',(873.,30.,80.));
#690 = VECTOR('',#691,1.);
#691 = DIRECTION('',(0.,1.,0.));
#692 = PLANE('',#693);
#693 = AXIS2_PLACEMENT_3D('',#694,#695,#696);
#694 = CARTESIAN_POINT('',(873.,30.,0.));
#695 = DIRECTION('',(1.,0.,0.));
#696 = DIRECTION('',(0.,0.,1.));
#697 = ADVANCED_FACE('',(#698),#714,.F.);
#698 = FACE_BOUND('',#699,.F.);
#699 = EDGE_LOOP('',(#700,#706,#707,#713));
#700 = ORIENTED_EDGE('',*,*,#701,.F.);
#701 = EDGE_CURVE('',#622,#662,#702,.T.);
#702 = LINE('',#703,#704);
#703 = CARTESIAN_POINT('',(833.,30.,0.));
#704 = VECTOR('',#705,1.);
#705 = DIRECTION('',(1.,0.,0.));
#706 = ORIENTED_EDGE('',*,*,#621,.T.);
#707 = ORIENTED_EDGE('',*,*,#708,.T.);
#708 = EDGE_CURVE('',#624,#664,#709,.T.);
#709 = LINE('',#710,#711);
#710 = CARTESIAN_POINT('',(833.,30.,80.));
#711 = VECTOR('',#712,1.);
#712 = DIRECTION('',(1.,0.,0.));
#713 = ORIENTED_EDGE('',*,*,#661,.F.);
#714 = PLANE('',#715);
#715 = AXIS2_PLACEMENT_3D('',#716,#717,#718);
#716 = CARTESIAN_POINT('',(833.,30.,0.));
#717 = DIRECTION('',(0.,1.,0.));
#718 = DIRECTION('',(0.,0.,1.));
#719 = ADVANCED_FACE('',(#720),#736,.T.);
#720 = FACE_BOUND('',#721,.T.);
#721 = EDGE_LOOP('',(#722,#728,#729,#735));
#722 = ORIENTED_EDGE('',*,*,#723,.F.);
#723 = EDGE_CURVE('',#632,#672,#724,.T.);
#724 = LINE('',#725,#726);
#725 = CARTESIAN_POINT('',(833.,70.,0.));
#726 = VECTOR('',#727,1.);
#727 = DIRECTION('',(1.,0.,0.));
#728 = ORIENTED_EDGE('',*,*,#639,.T.);
#729 = ORIENTED_EDGE('',*,*,#730,.T.);
#730 = EDGE_CURVE('',#640,#680,#731,.T.);
#731 = LINE('',#732,#733);
#732 = CARTESIAN_POINT('',(833.,70.,80.));
#733 = VECTOR('',#734,1.);
#734 = DIRECTION('',(1.,0.,0.));
#735 = ORIENTED_EDGE('',*,*,#679,.F.);
#736 = PLANE('',#737);
#737 = AXIS2_PLACEMENT_3D('',#738,#739,#740);
#738 = CARTESIAN_POINT('',(833.,70.,0.));
#739 = DIRECTION('',(0.,1.,0.));
#740 = DIRECTION('',(0.,0.,1.));
#741 = ADVANCED_FACE('',(#742),#748,.F.);
#742 = FACE_BOUND('',#743,.F.);
#743 = EDGE_LOOP('',(#744,#745,#746,#747));
#744 = ORIENTED_EDGE('',*,*,#631,.F.);
#745 = ORIENTED_EDGE('',*,*,#701,.T.);
#746 = ORIENTED_EDGE('',*,*,#671,.T.);
#747 = ORIENTED_EDGE('',*,*,#723,.F.);
#748 = PLANE('',#749);
#749 = AXIS2_PLACEMENT_3D('',#750,#751,#752);
#750 = CARTESIAN_POINT('',(833.,30.,0.));
#751 = DIRECTION('',(0.,0.,1.));
#752 = DIRECTION('',(1.,0.,0.));
#753 = ADVANCED_FACE('',(#754),#760,.T.);
#754 = FACE_BOUND('',#755,.T.);
#755 = EDGE_LOOP('',(#756,#757,#758,#759));
#756 = ORIENTED_EDGE('',*,*,#647,.F.);
#757 = ORIENTED_EDGE('',*,*,#708,.T.);
#758 = ORIENTED_EDGE('',*,*,#687,.T.);
#759 = ORIENTED_EDGE('',*,*,#730,.F.);
#760 = PLANE('',#761);
#761 = AXIS2_PLACEMENT_3D('',#762,#763,#764);
#762 = CARTESIAN_POINT('',(833.,30.,80.));
#763 = DIRECTION('',(0.,0.,1.));
#764 = DIRECTION('',(1.,0.,0.));
#765 = MANIFOLD_SOLID_BREP('',#766);
#766 = CLOSED_SHELL('',(#767,#807,#847,#869,#891,#903));
#767 = ADVANCED_FACE('',(#768),#802,.F.);
#768 = FACE_BOUND('',#769,.F.);
#769 = EDGE_LOOP('',(#770,#780,#788,#796));
#770 = ORIENTED_EDGE('',*,*,#771,.F.);
#771 = EDGE_CURVE('',#772,#774,#776,.T.);
#772 = VERTEX_POINT('',#773);
#773 = CARTESIAN_POINT('',(30.,530.,0.));
#774 = VERTEX_POINT('',#775);
#775 = CARTESIAN_POINT('',(30.,530.,80.));
#776 = LINE('',#777,#778);
#777 = CARTESIAN_POINT('',(30.,530.,0.));
#778 = VECTOR('',#779,1.);
#779 = DIRECTION('',(0.,0.,1.));
#780 = ORIENTED_EDGE('',*,*,#781,.T.);
#781 = EDGE_CURVE('',#772,#782,#784,.T.);
#782 = VERTEX_POINT('',#783);
#783 = CARTESIAN_POINT('',(30.,570.,0.));
#784 = LINE('',#785,#786);
#785 = CARTESIAN_POINT('',(30.,530.,0.));
#786 = VECTOR('',#787,1.);
#787 = DIRECTION('',(0.,1.,0.));
#788 = ORIENTED_EDGE('',*,*,#789,.T.);
#789 = EDGE_CURVE('',#782,#790,#792,.T.);
#790 = VERTEX_POINT('',#791);
#791 = CARTESIAN_POINT('',(30.,570.,80.));
#792 = LINE('',#793,#794);
#793 = CARTESIAN_POINT('',(30.,570.,0.));
#794 = VECTOR('',#795,1.);
#795 = DIRECTION('',(0.,0.,1.));
#796 = ORIENTED_EDGE('',*,*,#797,.F.);
#797 = EDGE_CURVE('',#774,#790,#798,.T.);
#798 = LINE('',#799,#800);
#799 = CARTESIAN_POINT('',(30.,530.,80.));
#800 = VECTOR('',#801,1.);
#801 = DIRECTION('',(0.,1.,0.));
#802 = PLANE('',#803);
#803 = AXIS2_PLACEMENT_3D('',#804,#805,#806);
#804 = CARTESIAN_POINT('',(30.,530.,0.));
#805 = DIRECTION('',(1.,0.,0.));
#806 = DIRECTION('',(0.,0.,1.));
#807 = ADVANCED_FACE('',(#808),#842,.T.);
#808 = FACE_BOUND('',#809,.T.);
#809 = EDGE_LOOP('',(#810,#820,#828,#836));
#810 = ORIENTED_EDGE('',*,*,#811,.F.);
#811 = EDGE_CURVE('',#812,#814,#816,.T.);
#812 = VERTEX_POINT('',#813);
#813 = CARTESIAN_POINT('',(70.,530.,0.));
#814 = VERTEX_POINT('',#815);
#815 = CARTESIAN_POINT('',(70.,530.,80.));
#816 = LINE('',#817,#818);
#817 = CARTESIAN_POINT('',(70.,530.,0.));
#818 = VECTOR('',#819,1.);
#819 = DIRECTION('',(0.,0.,1.));
#820 = ORIENTED_EDGE('',*,*,#821,.T.);
#821 = EDGE_CURVE('',#812,#822,#824,.T.);
#822 = VERTEX_POINT('',#823);
#823 = CARTESIAN_POINT('',(70.,570.,0.));
#824 = LINE('',#825,#826);
#825 = CARTESIAN_POINT('',(70.,530.,0.));
#826 = VECTOR('',#827,1.);
#827 = DIRECTION('',(0.,1.,0.));
#828 = ORIENTED_EDGE('',*,*,#829,.T.);
#829 = EDGE_CURVE('',#822,#830,#832,.T.);
#830 = VERTEX_POINT('',#831);
#831 = CARTESIAN_POINT('',(70.,570.,80.));
#832 = LINE('',#833,#834);
#833 = CARTESIAN_POINT('',(70.,570.,0.));
#834 = VECTOR('',#835,1.);
#835 = DIRECTION('',(0.,0.,1.));
#836 = ORIENTED_EDGE('',*,*,#837,.F.);
#837 = EDGE_CURVE('',#814,#830,#838,.T.);
#838 = LINE('',#839,#840);
#839 = CARTESIAN_POINT('',(70.,530.,80.));
#840 = VECTOR('',#841,1.);
#841 = DIRECTION('',(0.,1.,0.));
#842 = PLANE('',#843);
#843 = AXIS2_PLACEMENT_3D('',#844,#845,#846);
#844 = CARTESIAN_POINT('',(70.,530.,0.));
#845 = DIRECTION('',(1.,0.,0.));
#846 = DIRECTION('',(0.,0.,1.));
#847 = ADVANCED_FACE('',(#848),#864,.F.);
#848 = FACE_BOUND('',#849,.F.);
#849 = EDGE_LOOP('',(#850,#856,#857,#863));
#850 = ORIENTED_EDGE('',*,*,#851,.F.);
#851 = EDGE_CURVE('',#772,#812,#852,.T.);
#852 = LINE('',#853,#854);
#853 = CARTESIAN_POINT('',(30.,530.,0.));
#854 = VECTOR('',#855,1.);
#855 = DIRECTION('',(1.,0.,0.));
#856 = ORIENTED_EDGE('',*,*,#771,.T.);
#857 = ORIENTED_EDGE('',*,*,#858,.T.);
#858 = EDGE_CURVE('',#774,#814,#859,.T.);
#859 = LINE('',#860,#861);
#860 = CARTESIAN_POINT('',(30.,530.,80.));
#861 = VECTOR('',#862,1.);
#862 = DIRECTION('',(1.,0.,0.));
#863 = ORIENTED_EDGE('',*,*,#811,.F.);
#864 = PLANE('',#865);
#865 = AXIS2_PLACEMENT_3D('',#866,#867,#868);
#866 = CARTESIAN_POINT('',(30.,530.,0.));
#867 = DIRECTION('',(0.,1.,0.));
#868 = DIRECTION('',(0.,0.,1.));
#869 = ADVANCED_FACE('',(#870),#886,.T.);
#870 = FACE_BOUND('',#871,.T.);
#871 = EDGE_LOOP('',(#872,#878,#879,#885));
#872 = ORIENTED_EDGE('',*,*,#873,.F.);
#873 = EDGE_CURVE('',#782,#822,#874,.T.);
#874 = LINE('',#875,#876);
#875 = CARTESIAN_POINT('',(30.,570.,0.));
#876 = VECTOR('',#877,1.);
#877 = DIRECTION('',(1.,0.,0.));
#878 = ORIENTED_EDGE('',*,*,#789,.T.);
#879 = ORIENTED_EDGE('',*,*,#880,.T.);
#880 = EDGE_CURVE('',#790,#830,#881,.T.);
#881 = LINE('',#882,#883);
#882 = CARTESIAN_POINT('',(30.,570.,80.));
#883 = VECTOR('',#884,1.);
#884 = DIRECTION('',(1.,0.,0.));
#885 = ORIENTED_EDGE('',*,*,#829,.F.);
#886 = PLANE('',#887);
#887 = AXIS2_PLACEMENT_3D('',#888,#889,#890);
#888 = CARTESIAN_POINT('',(30.,570.,0.));
#889 = DIRECTION('',(0.,1.,0.));
#890 = DIRECTION('',(0.,0.,1.));
#891 = ADVANCED_FACE('',(#892),#898,.F.);
#892 = FACE_BOUND('',#893,.F.);
#893 = EDGE_LOOP('',(#894,#895,#896,#897));
#894 = ORIENTED_EDGE('',*,*,#781,.F.);
#895 = ORIENTED_EDGE('',*,*,#851,.T.);
#896 = ORIENTED_EDGE('',*,*,#821,.T.);
#897 = ORIENTED_EDGE('',*,*,#873,.F.);
#898 = PLANE('',#899);
#899 = AXIS2_PLACEMENT_3D('',#900,#901,#902);
#900 = CARTESIAN_POINT('',(30.,530.,0.));
#901 = DIRECTION('',(0.,0.,1.));
#902 = DIRECTION('',(1.,0.,0.));
#903 = ADVANCED_FACE('',(#904),#910,.T.);
#904 = FACE_BOUND('',#905,.T.);
#905 = EDGE_LOOP('',(#906,#907,#908,#909));
#906 = ORIENTED_EDGE('',*,*,#797,.F.);
#907 = ORIENTED_EDGE('',*,*,#858,.T.);
#908 = ORIENTED_EDGE('',*,*,#837,.T.);
#909 = ORIENTED_EDGE('',*,*,#880,.F.);
#910 = PLANE('',#911);
#911 = AXIS2_PLACEMENT_3D('',#912,#913,#914);
#912 = CARTESIAN_POINT('',(30.,530.,80.));
#913 = DIRECTION('',(0.,0.,1.));
#914 = DIRECTION('',(1.,0.,0.));
#915 = MANIFOLD_SOLID_BREP('',#916);
#916 = CLOSED_SHELL('',(#917,#957,#997,#1019,#1041,#1053));
#917 = ADVANCED_FACE('',(#918),#952,.F.);
#918 = FACE_BOUND('',#919,.F.);
#919 = EDGE_LOOP('',(#920,#930,#938,#946));
#920 = ORIENTED_EDGE('',*,*,#921,.F.);
#921 = EDGE_CURVE('',#922,#924,#926,.T.);
#922 = VERTEX_POINT('',#923);
#923 = CARTESIAN_POINT('',(833.,530.,0.));
#924 = VERTEX_POINT('',#925);
#925 = CARTESIAN_POINT('',(833.,530.,80.));
#926 = LINE('',#927,#928);
#927 = CARTESIAN_POINT('',(833.,530.,0.));
#928 = VECTOR('',#929,1.);
#929 = DIRECTION('',(0.,0.,1.));
#930 = ORIENTED_EDGE('',*,*,#931,.T.);
#931 = EDGE_CURVE('',#922,#932,#934,.T.);
#932 = VERTEX_POINT('',#933);
#933 = CARTESIAN_POINT('',(833.,570.,0.));
#934 = LINE('',#935,#936);
#935 = CARTESIAN_POINT('',(833.,530.,0.));
#936 = VECTOR('',#937,1.);
#937 = DIRECTION('',(0.,1.,0.));
#938 = ORIENTED_EDGE('',*,*,#939,.T.);
#939 = EDGE_CURVE('',#932,#940,#942,.T.);
#940 = VERTEX_POINT('',#941);
#941 = CARTESIAN_POINT('',(833.,570.,80.));
#942 = LINE('',#943,#944);
#943 = CARTESIAN_POINT('',(833.,570.,0.));
#944 = VECTOR('',#945,1.);
#945 = DIRECTION('',(0.,0.,1.));
#946 = ORIENTED_EDGE('',*,*,#947,.F.);
#947 = EDGE_CURVE('',#924,#940,#948,.T.);
#948 = LINE('',#949,#950);
#949 = CARTESIAN_POINT('',(833.,530.,80.));
#950 = VECTOR('',#951,1.);
#951 = DIRECTION('',(0.,1.,0.));
#952 = PLANE('',#953);
#953 = AXIS2_PLACEMENT_3D('',#954,#955,#956);
#954 = CARTESIAN_POINT('',(833.,530.,0.));
#955 = DIRECTION('',(1.,0.,0.));
#956 = DIRECTION('',(0.,0.,1.));
#957 = ADVANCED_FACE('',(#958),#992,.T.);
#958 = FACE_BOUND('',#959,.T.);
#959 = EDGE_LOOP('',(#960,#970,#978,#986));
#960 = ORIENTED_EDGE('',*,*,#961,.F.);
#961 = EDGE_CURVE('',#962,#964,#966,.T.);
#962 = VERTEX_POINT('',#963);
#963 = CARTESIAN_POINT('',(873.,530.,0.));
#964 = VERTEX_POINT('',#965);
#965 = CARTESIAN_POINT('',(873.,530.,80.));
#966 = LINE('',#967,#968);
#967 = CARTESIAN_POINT('',(873.,530.,0.));
#968 = VECTOR('',#969,1.);
#969 = DIRECTION('',(0.,0.,1.));
#970 = ORIENTED_EDGE('',*,*,#971,.T.);
#971 = EDGE_CURVE('',#962,#972,#974,.T.);
#972 = VERTEX_POINT('',#973);
#973 = CARTESIAN_POINT('',(873.,570.,0.));
#974 = LINE('',#975,#976);
#975 = CARTESIAN_POINT('',(873.,530.,0.));
#976 = VECTOR('',#977,1.);
#977 = DIRECTION('',(0.,1.,0.));
#978 = ORIENTED_EDGE('',*,*,#979,.T.);
#979 = EDGE_CURVE('',#972,#980,#982,.T.);
#980 = VERTEX_POINT('',#981);
#981 = CARTESIAN_POINT('',(873.,570.,80.));
#982 = LINE('',#983,#984);
#983 = CARTESIAN_POINT('',(873.,570.,0.));
#984 = VECTOR('',#985,1.);
#985 = DIRECTION('',(0.,0.,1.));
#986 = ORIENTED_EDGE('',*,*,#987,.F.);
#987 = EDGE_CURVE('',#964,#980,#988,.T.);
#988 = LINE('',#989,#990);
#989 = CARTESIAN_POINT('',(873.,530.,80.));
#990 = VECTOR('',#991,1.);
#991 = DIRECTION('',(0.,1.,0.));
#992 = PLANE('',#993);
#993 = AXIS2_PLACEMENT_3D('',#994,#995,#996);
#994 = CARTESIAN_POINT('',(873.,530.,0.));
#995 = DIRECTION('',(1.,0.,0.));
#996 = DIRECTION('',(0.,0.,1.));
#997 = ADVANCED_FACE('',(#998),#1014,.F.);
#998 = FACE_BOUND('',#999,.F.);
#999 = EDGE_LOOP('',(#1000,#1006,#1007,#1013));
#1000 = ORIENTED_EDGE('',*,*,#1001,.F.);
#1001 = EDGE_CURVE('',#922,#962,#1002,.T.);
#1002 = LINE('',#1003,#1004);
#1003 = CARTESIAN_POINT('',(833.,530.,0.));
#1004 = VECTOR('',#1005,1.);
#1005 = DIRECTION('',(1.,0.,0.));
#1006 = ORIENTED_EDGE('',*,*,#921,.T.);
#1007 = ORIENTED_EDGE('',*,*,#1008,.T.);
#1008 = EDGE_CURVE('',#924,#964,#1009,.T.);
#1009 = LINE('',#1010,#1011);
#1010 = CARTESIAN_POINT('',(833.,530.,80.));
#1011 = VECTOR('',#1012,1.);
#1012 = DIRECTION('',(1.,0.,0.));
#1013 = ORIENTED_EDGE('',*,*,#961,.F.);
#1014 = PLANE('',#1015);
#1015 = AXIS2_PLACEMENT_3D('',#1016,#1017,#1018);
#1016 = CARTESIAN_POINT('',(833.,530.,0.));
#1017 = DIRECTION('',(0.,1.,0.));
#1018 = DIRECTION('',(0.,0.,1.));
#1019 = ADVANCED_FACE('',(#1020),#1036,.T.);
#1020 = FACE_BOUND('',#1021,.T.);
#1021 = EDGE_LOOP('',(#1022,#1028,#1029,#1035));
#1022 = ORIENTED_EDGE('',*,*,#1023,.F.);
#1023 = EDGE_CURVE('',#932,#972,#1024,.T.);
#1024 = LINE('',#1025,#1026);
#1025 = CARTESIAN_POINT('',(833.,570.,0.));
#1026 = VECTOR('',#1027,1.);
#1027 = DIRECTION('',(1.,0.,0.));
#1028 = ORIENTED_EDGE('',*,*,#939,.T.);
#1029 = ORIENTED_EDGE('',*,*,#1030,.T.);
#1030 = EDGE_CURVE('',#940,#980,#1031,.T.);
#1031 = LINE('',#1032,#1033);
#1032 = CARTESIAN_POINT('',(833.,570.,80.));
#1033 = VECTOR('',#1034,1.);
#1034 = DIRECTION('',(1.,0.,0.));
#1035 = ORIENTED_EDGE('',*,*,#979,.F.);
#1036 = PLANE('',#1037);
#1037 = AXIS2_PLACEMENT_3D('',#1038,#1039,#1040);
#1038 = CARTESIAN_POINT('',(833.,570.,0.));
#1039 = DIRECTION('',(0.,1.,0.));
#1040 = DIRECTION('',(0.,0.,1.));
#1041 = ADVANCED_FACE('',(#1042),#1048,.F.);
#1042 = FACE_BOUND('',#1043,.F.);
#1043 = EDGE_LOOP('',(#1044,#1045,#1046,#1047));
#1044 = ORIENTED_EDGE('',*,*,#931,.F.);
#1045 = ORIENTED_EDGE('',*,*,#1001,.T.);
#1046 = ORIENTED_EDGE('',*,*,#971,.T.);
#1047 = ORIENTED_EDGE('',*,*,#1023,.F.);
#1048 = PLANE('',#1049);
#1049 = AXIS2_PLACEMENT_3D('',#1050,#1051,#1052);
#1050 = CARTESIAN_POINT('',(833.,530.,0.));
#1051 = DIRECTION('',(0.,0.,1.));
#1052 = DIRECTION('',(1.,0.,0.));
#1053 = ADVANCED_FACE('',(#1054),#1060,.T.);
#1054 = FACE_BOUND('',#1055,.T.);
#1055 = EDGE_LOOP('',(#1056,#1057,#1058,#1059));
#1056 = ORIENTED_EDGE('',*,*,#947,.F.);
#1057 = ORIENTED_EDGE('',*,*,#1008,.T.);
#1058 = ORIENTED_EDGE('',*,*,#987,.T.);
#1059 = ORIENTED_EDGE('',*,*,#1030,.F.);
#1060 = PLANE('',#1061);
#1061 = AXIS2_PLACEMENT_3D('',#1062,#1063,#1064);
#1062 = CARTESIAN_POINT('',(833.,530.,80.));
#1063 = DIRECTION('',(0.,0.,1.));
#1064 = DIRECTION('',(1.,0.,0.));
#1065 = MANIFOLD_SOLID_BREP('',#1066);
#1066 = CLOSED_SHELL('',(#1067,#1107,#1147,#1169,#1191,#1203));
#1067 = ADVANCED_FACE('',(#1068),#1102,.F.);
#1068 = FACE_BOUND('',#1069,.F.);
#1069 = EDGE_LOOP('',(#1070,#1080,#1088,#1096));
#1070 = ORIENTED_EDGE('',*,*,#1071,.F.);
#1071 = EDGE_CURVE('',#1072,#1074,#1076,.T.);
#1072 = VERTEX_POINT('',#1073);
#1073 = CARTESIAN_POINT('',(18.,597.,98.));
#1074 = VERTEX_POINT('',#1075);
#1075 = CARTESIAN_POINT('',(18.,597.,852.));
#1076 = LINE('',#1077,#1078);
#1077 = CARTESIAN_POINT('',(18.,597.,98.));
#1078 = VECTOR('',#1079,1.);
#1079 = DIRECTION('',(0.,0.,1.));
#1080 = ORIENTED_EDGE('',*,*,#1081,.T.);
#1081 = EDGE_CURVE('',#1072,#1082,#1084,.T.);
#1082 = VERTEX_POINT('',#1083);
#1083 = CARTESIAN_POINT('',(18.,600.,98.));
#1084 = LINE('',#1085,#1086);
#1085 = CARTESIAN_POINT('',(18.,597.,98.));
#1086 = VECTOR('',#1087,1.);
#1087 = DIRECTION('',(0.,1.,0.));
#1088 = ORIENTED_EDGE('',*,*,#1089,.T.);
#1089 = EDGE_CURVE('',#1082,#1090,#1092,.T.);
#1090 = VERTEX_POINT('',#1091);
#1091 = CARTESIAN_POINT('',(18.,600.,852.));
#1092 = LINE('',#1093,#1094);
#1093 = CARTESIAN_POINT('',(18.,600.,98.));
#1094 = VECTOR('',#1095,1.);
#1095 = DIRECTION('',(0.,0.,1.));
#1096 = ORIENTED_EDGE('',*,*,#1097,.F.);
#1097 = EDGE_CURVE('',#1074,#1090,#1098,.T.);
#1098 = LINE('',#1099,#1100);
#1099 = CARTESIAN_POINT('',(18.,597.,852.));
#1100 = VECTOR('',#1101,1.);
#1101 = DIRECTION('',(0.,1.,0.));
#1102 = PLANE('',#1103);
#1103 = AXIS2_PLACEMENT_3D('',#1104,#1105,#1106);
#1104 = CARTESIAN_POINT('',(18.,597.,98.));
#1105 = DIRECTION('',(1.,0.,0.));
#1106 = DIRECTION('',(0.,0.,1.));
#1107 = ADVANCED_FACE('',(#1108),#1142,.T.);
#1108 = FACE_BOUND('',#1109,.T.);
#1109 = EDGE_LOOP('',(#1110,#1120,#1128,#1136));
#1110 = ORIENTED_EDGE('',*,*,#1111,.F.);
#1111 = EDGE_CURVE('',#1112,#1114,#1116,.T.);
#1112 = VERTEX_POINT('',#1113);
#1113 = CARTESIAN_POINT('',(885.,597.,98.));
#1114 = VERTEX_POINT('',#1115);
#1115 = CARTESIAN_POINT('',(885.,597.,852.));
#1116 = LINE('',#1117,#1118);
#1117 = CARTESIAN_POINT('',(885.,597.,98.));
#1118 = VECTOR('',#1119,1.);
#1119 = DIRECTION('',(0.,0.,1.));
#1120 = ORIENTED_EDGE('',*,*,#1121,.T.);
#1121 = EDGE_CURVE('',#1112,#1122,#1124,.T.);
#1122 = VERTEX_POINT('',#1123);
#1123 = CARTESIAN_POINT('',(885.,600.,98.));
#1124 = LINE('',#1125,#1126);
#1125 = CARTESIAN_POINT('',(885.,597.,98.));
#1126 = VECTOR('',#1127,1.);
#1127 = DIRECTION('',(0.,1.,0.));
#1128 = ORIENTED_EDGE('',*,*,#1129,.T.);
#1129 = EDGE_CURVE('',#1122,#1130,#1132,.T.);
#1130 = VERTEX_POINT('',#1131);
#1131 = CARTESIAN_POINT('',(885.,600.,852.));
#1132 = LINE('',#1133,#1134);
#1133 = CARTESIAN_POINT('',(885.,600.,98.));
#1134 = VECTOR('',#1135,1.);
#1135 = DIRECTION('',(0.,0.,1.));
#1136 = ORIENTED_EDGE('',*,*,#1137,.F.);
#1137 = EDGE_CURVE('',#1114,#1130,#1138,.T.);
#1138 = LINE('',#1139,#1140);
#1139 = CARTESIAN_POINT('',(885.,597.,852.));
#1140 = VECTOR('',#1141,1.);
#1141 = DIRECTION('',(0.,1.,0.));
#1142 = PLANE('',#1143);
#1143 = AXIS2_PLACEMENT_3D('',#1144,#1145,#1146);
#1144 = CARTESIAN_POINT('',(885.,597.,98.));
#1145 = DIRECTION('',(1.,0.,0.));
#1146 = DIRECTION('',(0.,0.,1.));
#1147 = ADVANCED_FACE('',(#1148),#1164,.F.);
#1148 = FACE_BOUND('',#1149,.F.);
#1149 = EDGE_LOOP('',(#1150,#1156,#1157,#1163));
#1150 = ORIENTED_EDGE('',*,*,#1151,.F.);
#1151 = EDGE_CURVE('',#1072,#1112,#1152,.T.);
#1152 = LINE('',#1153,#1154);
#1153 = CARTESIAN_POINT('',(18.,597.,98.));
#1154 = VECTOR('',#1155,1.);
#1155 = DIRECTION('',(1.,0.,0.));
#1156 = ORIENTED_EDGE('',*,*,#1071,.T.);
#1157 = ORIENTED_EDGE('',*,*,#1158,.T.);
#1158 = EDGE_CURVE('',#1074,#1114,#1159,.T.);
#1159 = LINE('',#1160,#1161);
#1160 = CARTESIAN_POINT('',(18.,597.,852.));
#1161 = VECTOR('',#1162,1.);
#1162 = DIRECTION('',(1.,0.,0.));
#1163 = ORIENTED_EDGE('',*,*,#1111,.F.);
#1164 = PLANE('',#1165);
#1165 = AXIS2_PLACEMENT_3D('',#1166,#1167,#1168);
#1166 = CARTESIAN_POINT('',(18.,597.,98.));
#1167 = DIRECTION('',(0.,1.,0.));
#1168 = DIRECTION('',(0.,0.,1.));
#1169 = ADVANCED_FACE('',(#1170),#1186,.T.);
#1170 = FACE_BOUND('',#1171,.T.);
#1171 = EDGE_LOOP('',(#1172,#1178,#1179,#1185));
#1172 = ORIENTED_EDGE('',*,*,#1173,.F.);
#1173 = EDGE_CURVE('',#1082,#1122,#1174,.T.);
#1174 = LINE('',#1175,#1176);
#1175 = CARTESIAN_POINT('',(18.,600.,98.));
#1176 = VECTOR('',#1177,1.);
#1177 = DIRECTION('',(1.,0.,0.));
#1178 = ORIENTED_EDGE('',*,*,#1089,.T.);
#1179 = ORIENTED_EDGE('',*,*,#1180,.T.);
#1180 = EDGE_CURVE('',#1090,#1130,#1181,.T.);
#1181 = LINE('',#1182,#1183);
#1182 = CARTESIAN_POINT('',(18.,600.,852.));
#1183 = VECTOR('',#1184,1.);
#1184 = DIRECTION('',(1.,0.,0.));
#1185 = ORIENTED_EDGE('',*,*,#1129,.F.);
#1186 = PLANE('',#1187);
#1187 = AXIS2_PLACEMENT_3D('',#1188,#1189,#1190);
#1188 = CARTESIAN_POINT('',(18.,600.,98.));
#1189 = DIRECTION('',(0.,1.,0.));
#1190 = DIRECTION('',(0.,0.,1.));
#1191 = ADVANCED_FACE('',(#1192),#1198,.F.);
#1192 = FACE_BOUND('',#1193,.F.);
#1193 = EDGE_LOOP('',(#1194,#1195,#1196,#1197));
#1194 = ORIENTED_EDGE('',*,*,#1081,.F.);
#1195 = ORIENTED_EDGE('',*,*,#1151,.T.);
#1196 = ORIENTED_EDGE('',*,*,#1121,.T.);
#1197 = ORIENTED_EDGE('',*,*,#1173,.F.);
#1198 = PLANE('',#1199);
#1199 = AXIS2_PLACEMENT_3D('',#1200,#1201,#1202);
#1200 = CARTESIAN_POINT('',(18.,597.,98.));
#1201 = DIRECTION('',(0.,0.,1.));
#1202 = DIRECTION('',(1.,0.,0.));
#1203 = ADVANCED_FACE('',(#1204),#1210,.T.);
#1204 = FACE_BOUND('',#1205,.T.);
#1205 = EDGE_LOOP('',(#1206,#1207,#1208,#1209));
#1206 = ORIENTED_EDGE('',*,*,#1097,.F.);
#1207 = ORIENTED_EDGE('',*,*,#1158,.T.);
#1208 = ORIENTED_EDGE('',*,*,#1137,.T.);
#1209 = ORIENTED_EDGE('',*,*,#1180,.F.);
#1210 = PLANE('',#1211);
#1211 = AXIS2_PLACEMENT_3D('',#1212,#1213,#1214);
#1212 = CARTESIAN_POINT('',(18.,597.,852.));
#1213 = DIRECTION('',(0.,0.,1.));
#1214 = DIRECTION('',(1.,0.,0.));
#1215 = MANIFOLD_SOLID_BREP('',#1216);
#1216 = CLOSED_SHELL('',(#1217,#1257,#1297,#1319,#1341,#1353));
#1217 = ADVANCED_FACE('',(#1218),#1252,.F.);
#1218 = FACE_BOUND('',#1219,.F.);
#1219 = EDGE_LOOP('',(#1220,#1230,#1238,#1246));
#1220 = ORIENTED_EDGE('',*,*,#1221,.F.);
#1221 = EDGE_CURVE('',#1222,#1224,#1226,.T.);
#1222 = VERTEX_POINT('',#1223);
#1223 = CARTESIAN_POINT('',(0.,0.,852.));
#1224 = VERTEX_POINT('',#1225);
#1225 = CARTESIAN_POINT('',(0.,0.,870.));
#1226 = LINE('',#1227,#1228);
#1227 = CARTESIAN_POINT('',(0.,0.,852.));
#1228 = VECTOR('',#1229,1.);
#1229 = DIRECTION('',(0.,0.,1.));
#1230 = ORIENTED_EDGE('',*,*,#1231,.T.);
#1231 = EDGE_CURVE('',#1222,#1232,#1234,.T.);
#1232 = VERTEX_POINT('',#1233);
#1233 = CARTESIAN_POINT('',(0.,200.,852.));
#1234 = LINE('',#1235,#1236);
#1235 = CARTESIAN_POINT('',(0.,0.,852.));
#1236 = VECTOR('',#1237,1.);
#1237 = DIRECTION('',(0.,1.,0.));
#1238 = ORIENTED_EDGE('',*,*,#1239,.T.);
#1239 = EDGE_CURVE('',#1232,#1240,#1242,.T.);
#1240 = VERTEX_POINT('',#1241);
#1241 = CARTESIAN_POINT('',(0.,200.,870.));
#1242 = LINE('',#1243,#1244);
#1243 = CARTESIAN_POINT('',(0.,200.,852.));
#1244 = VECTOR('',#1245,1.);
#1245 = DIRECTION('',(0.,0.,1.));
#1246 = ORIENTED_EDGE('',*,*,#1247,.F.);
#1247 = EDGE_CURVE('',#1224,#1240,#1248,.T.);
#1248 = LINE('',#1249,#1250);
#1249 = CARTESIAN_POINT('',(0.,0.,870.));
#1250 = VECTOR('',#1251,1.);
#1251 = DIRECTION('',(0.,1.,0.));
#1252 = PLANE('',#1253);
#1253 = AXIS2_PLACEMENT_3D('',#1254,#1255,#1256);
#1254 = CARTESIAN_POINT('',(0.,0.,852.));
#1255 = DIRECTION('',(1.,0.,0.));
#1256 = DIRECTION('',(0.,0.,1.));
#1257 = ADVANCED_FACE('',(#1258),#1292,.T.);
#1258 = FACE_BOUND('',#1259,.T.);
#1259 = EDGE_LOOP('',(#1260,#1270,#1278,#1286));
#1260 = ORIENTED_EDGE('',*,*,#1261,.F.);
#1261 = EDGE_CURVE('',#1262,#1264,#1266,.T.);
#1262 = VERTEX_POINT('',#1263);
#1263 = CARTESIAN_POINT('',(903.,0.,852.));
#1264 = VERTEX_POINT('',#1265);
#1265 = CARTESIAN_POINT('',(903.,0.,870.));
#1266 = LINE('',#1267,#1268);
#1267 = CARTESIAN_POINT('',(903.,0.,852.));
#1268 = VECTOR('',#1269,1.);
#1269 = DIRECTION('',(0.,0.,1.));
#1270 = ORIENTED_EDGE('',*,*,#1271,.T.);
#1271 = EDGE_CURVE('',#1262,#1272,#1274,.T.);
#1272 = VERTEX_POINT('',#1273);
#1273 = CARTESIAN_POINT('',(903.,200.,852.));
#1274 = LINE('',#1275,#1276);
#1275 = CARTESIAN_POINT('',(903.,0.,852.));
#1276 = VECTOR('',#1277,1.);
#1277 = DIRECTION('',(0.,1.,0.));
#1278 = ORIENTED_EDGE('',*,*,#1279,.T.);
#1279 = EDGE_CURVE('',#1272,#1280,#1282,.T.);
#1280 = VERTEX_POINT('',#1281);
#1281 = CARTESIAN_POINT('',(903.,200.,870.));
#1282 = LINE('',#1283,#1284);
#1283 = CARTESIAN_POINT('',(903.,200.,852.));
#1284 = VECTOR('',#1285,1.);
#1285 = DIRECTION('',(0.,0.,1.));
#1286 = ORIENTED_EDGE('',*,*,#1287,.F.);
#1287 = EDGE_CURVE('',#1264,#1280,#1288,.T.);
#1288 = LINE('',#1289,#1290);
#1289 = CARTESIAN_POINT('',(903.,0.,870.));
#1290 = VECTOR('',#1291,1.);
#1291 = DIRECTION('',(0.,1.,0.));
#1292 = PLANE('',#1293);
#1293 = AXIS2_PLACEMENT_3D('',#1294,#1295,#1296);
#1294 = CARTESIAN_POINT('',(903.,0.,852.));
#1295 = DIRECTION('',(1.,0.,0.));
#1296 = DIRECTION('',(0.,0.,1.));
#1297 = ADVANCED_FACE('',(#1298),#1314,.F.);
#1298 = FACE_BOUND('',#1299,.F.);
#1299 = EDGE_LOOP('',(#1300,#1306,#1307,#1313));
#1300 = ORIENTED_EDGE('',*,*,#1301,.F.);
#1301 = EDGE_CURVE('',#1222,#1262,#1302,.T.);
#1302 = LINE('',#1303,#1304);
#1303 = CARTESIAN_POINT('',(0.,0.,852.));
#1304 = VECTOR('',#1305,1.);
#1305 = DIRECTION('',(1.,0.,0.));
#1306 = ORIENTED_EDGE('',*,*,#1221,.T.);
#1307 = ORIENTED_EDGE('',*,*,#1308,.T.);
#1308 = EDGE_CURVE('',#1224,#1264,#1309,.T.);
#1309 = LINE('',#1310,#1311);
#1310 = CARTESIAN_POINT('',(0.,0.,870.));
#1311 = VECTOR('',#1312,1.);
#1312 = DIRECTION('',(1.,0.,0.));
#1313 = ORIENTED_EDGE('',*,*,#1261,.F.);
#1314 = PLANE('',#1315);
#1315 = AXIS2_PLACEMENT_3D('',#1316,#1317,#1318);
#1316 = CARTESIAN_POINT('',(0.,0.,852.));
#1317 = DIRECTION('',(0.,1.,0.));
#1318 = DIRECTION('',(0.,0.,1.));
#1319 = ADVANCED_FACE('',(#1320),#1336,.T.);
#1320 = FACE_BOUND('',#1321,.T.);
#1321 = EDGE_LOOP('',(#1322,#1328,#1329,#1335));
#1322 = ORIENTED_EDGE('',*,*,#1323,.F.);
#1323 = EDGE_CURVE('',#1232,#1272,#1324,.T.);
#1324 = LINE('',#1325,#1326);
#1325 = CARTESIAN_POINT('',(0.,200.,852.));
#1326 = VECTOR('',#1327,1.);
#1327 = DIRECTION('',(1.,0.,0.));
#1328 = ORIENTED_EDGE('',*,*,#1239,.T.);
#1329 = ORIENTED_EDGE('',*,*,#1330,.T.);
#1330 = EDGE_CURVE('',#1240,#1280,#1331,.T.);
#1331 = LINE('',#1332,#1333);
#1332 = CARTESIAN_POINT('',(0.,200.,870.));
#1333 = VECTOR('',#1334,1.);
#1334 = DIRECTION('',(1.,0.,0.));
#1335 = ORIENTED_EDGE('',*,*,#1279,.F.);
#1336 = PLANE('',#1337);
#1337 = AXIS2_PLACEMENT_3D('',#1338,#1339,#1340);
#1338 = CARTESIAN_POINT('',(0.,200.,852.));
#1339 = DIRECTION('',(0.,1.,0.));
#1340 = DIRECTION('',(0.,0.,1.));
#1341 = ADVANCED_FACE('',(#1342),#1348,.F.);
#1342 = FACE_BOUND('',#1343,.F.);
#1343 = EDGE_LOOP('',(#1344,#1345,#1346,#1347));
#1344 = ORIENTED_EDGE('',*,*,#1231,.F.);
#1345 = ORIENTED_EDGE('',*,*,#1301,.T.);
#1346 = ORIENTED_EDGE('',*,*,#1271,.T.);
#1347 = ORIENTED_EDGE('',*,*,#1323,.F.);
#1348 = PLANE('',#1349);
#1349 = AXIS2_PLACEMENT_3D('',#1350,#1351,#1352);
#1350 = CARTESIAN_POINT('',(0.,0.,852.));
#1351 = DIRECTION('',(0.,0.,1.));
#1352 = DIRECTION('',(1.,0.,0.));
#1353 = ADVANCED_FACE('',(#1354),#1360,.T.);
#1354 = FACE_BOUND('',#1355,.T.);
#1355 = EDGE_LOOP('',(#1356,#1357,#1358,#1359));
#1356 = ORIENTED_EDGE('',*,*,#1247,.F.);
#1357 = ORIENTED_EDGE('',*,*,#1308,.T.);
#1358 = ORIENTED_EDGE('',*,*,#1287,.T.);
#1359 = ORIENTED_EDGE('',*,*,#1330,.F.);
#1360 = PLANE('',#1361);
#1361 = AXIS2_PLACEMENT_3D('',#1362,#1363,#1364);
#1362 = CARTESIAN_POINT('',(0.,0.,870.));
#1363 = DIRECTION('',(0.,0.,1.));
#1364 = DIRECTION('',(1.,0.,0.));
#1365 = MANIFOLD_SOLID_BREP('',#1366);
#1366 = CLOSED_SHELL('',(#1367,#1407,#1447,#1469,#1491,#1503));
#1367 = ADVANCED_FACE('',(#1368),#1402,.F.);
#1368 = FACE_BOUND('',#1369,.F.);
#1369 = EDGE_LOOP('',(#1370,#1380,#1388,#1396));
#1370 = ORIENTED_EDGE('',*,*,#1371,.F.);
#1371 = EDGE_CURVE('',#1372,#1374,#1376,.T.);
#1372 = VERTEX_POINT('',#1373);
#1373 = CARTESIAN_POINT('',(0.,400.,852.));
#1374 = VERTEX_POINT('',#1375);
#1375 = CARTESIAN_POINT('',(0.,400.,870.));
#1376 = LINE('',#1377,#1378);
#1377 = CARTESIAN_POINT('',(0.,400.,852.));
#1378 = VECTOR('',#1379,1.);
#1379 = DIRECTION('',(0.,0.,1.));
#1380 = ORIENTED_EDGE('',*,*,#1381,.T.);
#1381 = EDGE_CURVE('',#1372,#1382,#1384,.T.);
#1382 = VERTEX_POINT('',#1383);
#1383 = CARTESIAN_POINT('',(0.,600.,852.));
#1384 = LINE('',#1385,#1386);
#1385 = CARTESIAN_POINT('',(0.,400.,852.));
#1386 = VECTOR('',#1387,1.);
#1387 = DIRECTION('',(0.,1.,0.));
#1388 = ORIENTED_EDGE('',*,*,#1389,.T.);
#1389 = EDGE_CURVE('',#1382,#1390,#1392,.T.);
#1390 = VERTEX_POINT('',#1391);
#1391 = CARTESIAN_POINT('',(0.,600.,870.));
#1392 = LINE('',#1393,#1394);
#1393 = CARTESIAN_POINT('',(0.,600.,852.));
#1394 = VECTOR('',#1395,1.);
#1395 = DIRECTION('',(0.,0.,1.));
#1396 = ORIENTED_EDGE('',*,*,#1397,.F.);
#1397 = EDGE_CURVE('',#1374,#1390,#1398,.T.);
#1398 = LINE('',#1399,#1400);
#1399 = CARTESIAN_POINT('',(0.,400.,870.));
#1400 = VECTOR('',#1401,1.);
#1401 = DIRECTION('',(0.,1.,0.));
#1402 = PLANE('',#1403);
#1403 = AXIS2_PLACEMENT_3D('',#1404,#1405,#1406);
#1404 = CARTESIAN_POINT('',(0.,400.,852.));
#1405 = DIRECTION('',(1.,0.,0.));
#1406 = DIRECTION('',(0.,0.,1.));
#1407 = ADVANCED_FACE('',(#1408),#1442,.T.);
#1408 = FACE_BOUND('',#1409,.T.);
#1409 = EDGE_LOOP('',(#1410,#1420,#1428,#1436));
#1410 = ORIENTED_EDGE('',*,*,#1411,.F.);
#1411 = EDGE_CURVE('',#1412,#1414,#1416,.T.);
#1412 = VERTEX_POINT('',#1413);
#1413 = CARTESIAN_POINT('',(903.,400.,852.));
#1414 = VERTEX_POINT('',#1415);
#1415 = CARTESIAN_POINT('',(903.,400.,870.));
#1416 = LINE('',#1417,#1418);
#1417 = CARTESIAN_POINT('',(903.,400.,852.));
#1418 = VECTOR('',#1419,1.);
#1419 = DIRECTION('',(0.,0.,1.));
#1420 = ORIENTED_EDGE('',*,*,#1421,.T.);
#1421 = EDGE_CURVE('',#1412,#1422,#1424,.T.);
#1422 = VERTEX_POINT('',#1423);
#1423 = CARTESIAN_POINT('',(903.,600.,852.));
#1424 = LINE('',#1425,#1426);
#1425 = CARTESIAN_POINT('',(903.,400.,852.));
#1426 = VECTOR('',#1427,1.);
#1427 = DIRECTION('',(0.,1.,0.));
#1428 = ORIENTED_EDGE('',*,*,#1429,.T.);
#1429 = EDGE_CURVE('',#1422,#1430,#1432,.T.);
#1430 = VERTEX_POINT('',#1431);
#1431 = CARTESIAN_POINT('',(903.,600.,870.));
#1432 = LINE('',#1433,#1434);
#1433 = CARTESIAN_POINT('',(903.,600.,852.));
#1434 = VECTOR('',#1435,1.);
#1435 = DIRECTION('',(0.,0.,1.));
#1436 = ORIENTED_EDGE('',*,*,#1437,.F.);
#1437 = EDGE_CURVE('',#1414,#1430,#1438,.T.);
#1438 = LINE('',#1439,#1440);
#1439 = CARTESIAN_POINT('',(903.,400.,870.));
#1440 = VECTOR('',#1441,1.);
#1441 = DIRECTION('',(0.,1.,0.));
#1442 = PLANE('',#1443);
#1443 = AXIS2_PLACEMENT_3D('',#1444,#1445,#1446);
#1444 = CARTESIAN_POINT('',(903.,400.,852.));
#1445 = DIRECTION('',(1.,0.,0.));
#1446 = DIRECTION('',(0.,0.,1.));
#1447 = ADVANCED_FACE('',(#1448),#1464,.F.);
#1448 = FACE_BOUND('',#1449,.F.);
#1449 = EDGE_LOOP('',(#1450,#1456,#1457,#1463));
#1450 = ORIENTED_EDGE('',*,*,#1451,.F.);
#1451 = EDGE_CURVE('',#1372,#1412,#1452,.T.);
#1452 = LINE('',#1453,#1454);
#1453 = CARTESIAN_POINT('',(0.,400.,852.));
#1454 = VECTOR('',#1455,1.);
#1455 = DIRECTION('',(1.,0.,0.));
#1456 = ORIENTED_EDGE('',*,*,#1371,.T.);
#1457 = ORIENTED_EDGE('',*,*,#1458,.T.);
#1458 = EDGE_CURVE('',#1374,#1414,#1459,.T.);
#1459 = LINE('',#1460,#1461);
#1460 = CARTESIAN_POINT('',(0.,400.,870.));
#1461 = VECTOR('',#1462,1.);
#1462 = DIRECTION('',(1.,0.,0.));
#1463 = ORIENTED_EDGE('',*,*,#1411,.F.);
#1464 = PLANE('',#1465);
#1465 = AXIS2_PLACEMENT_3D('',#1466,#1467,#1468);
#1466 = CARTESIAN_POINT('',(0.,400.,852.));
#1467 = DIRECTION('',(0.,1.,0.));
#1468 = DIRECTION('',(0.,0.,1.));
#1469 = ADVANCED_FACE('',(#1470),#1486,.T.);
#1470 = FACE_BOUND('',#1471,.T.);
#1471 = EDGE_LOOP('',(#1472,#1478,#1479,#1485));
#1472 = ORIENTED_EDGE('',*,*,#1473,.F.);
#1473 = EDGE_CURVE('',#1382,#1422,#1474,.T.);
#1474 = LINE('',#1475,#1476);
#1475 = CARTESIAN_POINT('',(0.,600.,852.));
#1476 = VECTOR('',#1477,1.);
#1477 = DIRECTION('',(1.,0.,0.));
#1478 = ORIENTED_EDGE('',*,*,#1389,.T.);
#1479 = ORIENTED_EDGE('',*,*,#1480,.T.);
#1480 = EDGE_CURVE('',#1390,#1430,#1481,.T.);
#1481 = LINE('',#1482,#1483);
#1482 = CARTESIAN_POINT('',(0.,600.,870.));
#1483 = VECTOR('',#1484,1.);
#1484 = DIRECTION('',(1.,0.,0.));
#1485 = ORIENTED_EDGE('',*,*,#1429,.F.);
#1486 = PLANE('',#1487);
#1487 = AXIS2_PLACEMENT_3D('',#1488,#1489,#1490);
#1488 = CARTESIAN_POINT('',(0.,600.,852.));
#1489 = DIRECTION('',(0.,1.,0.));
#1490 = DIRECTION('',(0.,0.,1.));
#1491 = ADVANCED_FACE('',(#1492),#1498,.F.);
#1492 = FACE_BOUND('',#1493,.F.);
#1493 = EDGE_LOOP('',(#1494,#1495,#1496,#1497));
#1494 = ORIENTED_EDGE('',*,*,#1381,.F.);
#1495 = ORIENTED_EDGE('',*,*,#1451,.T.);
#1496 = ORIENTED_EDGE('',*,*,#1421,.T.);
#1497 = ORIENTED_EDGE('',*,*,#1473,.F.);
#1498 = PLANE('',#1499);
#1499 = AXIS2_PLACEMENT_3D('',#1500,#1501,#1502);
#1500 = CARTESIAN_POINT('',(0.,400.,852.));
#1501 = DIRECTION('',(0.,0.,1.));
#1502 = DIRECTION('',(1.,0.,0.));
#1503 = ADVANCED_FACE('',(#1504),#1510,.T.);
#1504 = FACE_BOUND('',#1505,.T.);
#1505 = EDGE_LOOP('',(#1506,#1507,#1508,#1509));
#1506 = ORIENTED_EDGE('',*,*,#1397,.F.);
#1507 = ORIENTED_EDGE('',*,*,#1458,.T.);
#1508 = ORIENTED_EDGE('',*,*,#1437,.T.);
#1509 = ORIENTED_EDGE('',*,*,#1480,.F.);
#1510 = PLANE('',#1511);
#1511 = AXIS2_PLACEMENT_3D('',#1512,#1513,#1514);
#1512 = CARTESIAN_POINT('',(0.,400.,870.));
#1513 = DIRECTION('',(0.,0.,1.));
#1514 = DIRECTION('',(1.,0.,0.));
#1515 = MANIFOLD_SOLID_BREP('',#1516);
#1516 = CLOSED_SHELL('',(#1517,#1557,#1597,#1619,#1641,#1653));
#1517 = ADVANCED_FACE('',(#1518),#1552,.F.);
#1518 = FACE_BOUND('',#1519,.F.);
#1519 = EDGE_LOOP('',(#1520,#1530,#1538,#1546));
#1520 = ORIENTED_EDGE('',*,*,#1521,.F.);
#1521 = EDGE_CURVE('',#1522,#1524,#1526,.T.);
#1522 = VERTEX_POINT('',#1523);
#1523 = CARTESIAN_POINT('',(18.,0.,722.));
#1524 = VERTEX_POINT('',#1525);
#1525 = CARTESIAN_POINT('',(18.,0.,740.));
#1526 = LINE('',#1527,#1528);
#1527 = CARTESIAN_POINT('',(18.,0.,722.));
#1528 = VECTOR('',#1529,1.);
#1529 = DIRECTION('',(0.,0.,1.));
#1530 = ORIENTED_EDGE('',*,*,#1531,.T.);
#1531 = EDGE_CURVE('',#1522,#1532,#1534,.T.);
#1532 = VERTEX_POINT('',#1533);
#1533 = CARTESIAN_POINT('',(18.,600.,722.));
#1534 = LINE('',#1535,#1536);
#1535 = CARTESIAN_POINT('',(18.,0.,722.));
#1536 = VECTOR('',#1537,1.);
#1537 = DIRECTION('',(0.,1.,0.));
#1538 = ORIENTED_EDGE('',*,*,#1539,.T.);
#1539 = EDGE_CURVE('',#1532,#1540,#1542,.T.);
#1540 = VERTEX_POINT('',#1541);
#1541 = CARTESIAN_POINT('',(18.,600.,740.));
#1542 = LINE('',#1543,#1544);
#1543 = CARTESIAN_POINT('',(18.,600.,722.));
#1544 = VECTOR('',#1545,1.);
#1545 = DIRECTION('',(0.,0.,1.));
#1546 = ORIENTED_EDGE('',*,*,#1547,.F.);
#1547 = EDGE_CURVE('',#1524,#1540,#1548,.T.);
#1548 = LINE('',#1549,#1550);
#1549 = CARTESIAN_POINT('',(18.,0.,740.));
#1550 = VECTOR('',#1551,1.);
#1551 = DIRECTION('',(0.,1.,0.));
#1552 = PLANE('',#1553);
#1553 = AXIS2_PLACEMENT_3D('',#1554,#1555,#1556);
#1554 = CARTESIAN_POINT('',(18.,0.,722.));
#1555 = DIRECTION('',(1.,0.,0.));
#1556 = DIRECTION('',(0.,0.,1.));
#1557 = ADVANCED_FACE('',(#1558),#1592,.T.);
#1558 = FACE_BOUND('',#1559,.T.);
#1559 = EDGE_LOOP('',(#1560,#1570,#1578,#1586));
#1560 = ORIENTED_EDGE('',*,*,#1561,.F.);
#1561 = EDGE_CURVE('',#1562,#1564,#1566,.T.);
#1562 = VERTEX_POINT('',#1563);
#1563 = CARTESIAN_POINT('',(885.,0.,722.));
#1564 = VERTEX_POINT('',#1565);
#1565 = CARTESIAN_POINT('',(885.,0.,740.));
#1566 = LINE('',#1567,#1568);
#1567 = CARTESIAN_POINT('',(885.,0.,722.));
#1568 = VECTOR('',#1569,1.);
#1569 = DIRECTION('',(0.,0.,1.));
#1570 = ORIENTED_EDGE('',*,*,#1571,.T.);
#1571 = EDGE_CURVE('',#1562,#1572,#1574,.T.);
#1572 = VERTEX_POINT('',#1573);
#1573 = CARTESIAN_POINT('',(885.,600.,722.));
#1574 = LINE('',#1575,#1576);
#1575 = CARTESIAN_POINT('',(885.,0.,722.));
#1576 = VECTOR('',#1577,1.);
#1577 = DIRECTION('',(0.,1.,0.));
#1578 = ORIENTED_EDGE('',*,*,#1579,.T.);
#1579 = EDGE_CURVE('',#1572,#1580,#1582,.T.);
#1580 = VERTEX_POINT('',#1581);
#1581 = CARTESIAN_POINT('',(885.,600.,740.));
#1582 = LINE('',#1583,#1584);
#1583 = CARTESIAN_POINT('',(885.,600.,722.));
#1584 = VECTOR('',#1585,1.);
#1585 = DIRECTION('',(0.,0.,1.));
#1586 = ORIENTED_EDGE('',*,*,#1587,.F.);
#1587 = EDGE_CURVE('',#1564,#1580,#1588,.T.);
#1588 = LINE('',#1589,#1590);
#1589 = CARTESIAN_POINT('',(885.,0.,740.));
#1590 = VECTOR('',#1591,1.);
#1591 = DIRECTION('',(0.,1.,0.));
#1592 = PLANE('',#1593);
#1593 = AXIS2_PLACEMENT_3D('',#1594,#1595,#1596);
#1594 = CARTESIAN_POINT('',(885.,0.,722.));
#1595 = DIRECTION('',(1.,0.,0.));
#1596 = DIRECTION('',(0.,0.,1.));
#1597 = ADVANCED_FACE('',(#1598),#1614,.F.);
#1598 = FACE_BOUND('',#1599,.F.);
#1599 = EDGE_LOOP('',(#1600,#1606,#1607,#1613));
#1600 = ORIENTED_EDGE('',*,*,#1601,.F.);
#1601 = EDGE_CURVE('',#1522,#1562,#1602,.T.);
#1602 = LINE('',#1603,#1604);
#1603 = CARTESIAN_POINT('',(18.,0.,722.));
#1604 = VECTOR('',#1605,1.);
#1605 = DIRECTION('',(1.,0.,0.));
#1606 = ORIENTED_EDGE('',*,*,#1521,.T.);
#1607 = ORIENTED_EDGE('',*,*,#1608,.T.);
#1608 = EDGE_CURVE('',#1524,#1564,#1609,.T.);
#1609 = LINE('',#1610,#1611);
#1610 = CARTESIAN_POINT('',(18.,0.,740.));
#1611 = VECTOR('',#1612,1.);
#1612 = DIRECTION('',(1.,0.,0.));
#1613 = ORIENTED_EDGE('',*,*,#1561,.F.);
#1614 = PLANE('',#1615);
#1615 = AXIS2_PLACEMENT_3D('',#1616,#1617,#1618);
#1616 = CARTESIAN_POINT('',(18.,0.,722.));
#1617 = DIRECTION('',(0.,1.,0.));
#1618 = DIRECTION('',(0.,0.,1.));
#1619 = ADVANCED_FACE('',(#1620),#1636,.T.);
#1620 = FACE_BOUND('',#1621,.T.);
#1621 = EDGE_LOOP('',(#1622,#1628,#1629,#1635));
#1622 = ORIENTED_EDGE('',*,*,#1623,.F.);
#1623 = EDGE_CURVE('',#1532,#1572,#1624,.T.);
#1624 = LINE('',#1625,#1626);
#1625 = CARTESIAN_POINT('',(18.,600.,722.));
#1626 = VECTOR('',#1627,1.);
#1627 = DIRECTION('',(1.,0.,0.));
#1628 = ORIENTED_EDGE('',*,*,#1539,.T.);
#1629 = ORIENTED_EDGE('',*,*,#1630,.T.);
#1630 = EDGE_CURVE('',#1540,#1580,#1631,.T.);
#1631 = LINE('',#1632,#1633);
#1632 = CARTESIAN_POINT('',(18.,600.,740.));
#1633 = VECTOR('',#1634,1.);
#1634 = DIRECTION('',(1.,0.,0.));
#1635 = ORIENTED_EDGE('',*,*,#1579,.F.);
#1636 = PLANE('',#1637);
#1637 = AXIS2_PLACEMENT_3D('',#1638,#1639,#1640);
#1638 = CARTESIAN_POINT('',(18.,600.,722.));
#1639 = DIRECTION('',(0.,1.,0.));
#1640 = DIRECTION('',(0.,0.,1.));
#1641 = ADVANCED_FACE('',(#1642),#1648,.F.);
#1642 = FACE_BOUND('',#1643,.F.);
#1643 = EDGE_LOOP('',(#1644,#1645,#1646,#1647));
#1644 = ORIENTED_EDGE('',*,*,#1531,.F.);
#1645 = ORIENTED_EDGE('',*,*,#1601,.T.);
#1646 = ORIENTED_EDGE('',*,*,#1571,.T.);
#1647 = ORIENTED_EDGE('',*,*,#1623,.F.);
#1648 = PLANE('',#1649);
#1649 = AXIS2_PLACEMENT_3D('',#1650,#1651,#1652);
#1650 = CARTESIAN_POINT('',(18.,0.,722.));
#1651 = DIRECTION('',(0.,0.,1.));
#1652 = DIRECTION('',(1.,0.,0.));
#1653 = ADVANCED_FACE('',(#1654),#1660,.T.);
#1654 = FACE_BOUND('',#1655,.T.);
#1655 = EDGE_LOOP('',(#1656,#1657,#1658,#1659));
#1656 = ORIENTED_EDGE('',*,*,#1547,.F.);
#1657 = ORIENTED_EDGE('',*,*,#1608,.T.);
#1658 = ORIENTED_EDGE('',*,*,#1587,.T.);
#1659 = ORIENTED_EDGE('',*,*,#1630,.F.);
#1660 = PLANE('',#1661);
#1661 = AXIS2_PLACEMENT_3D('',#1662,#1663,#1664);
#1662 = CARTESIAN_POINT('',(18.,0.,740.));
#1663 = DIRECTION('',(0.,0.,1.));
#1664 = DIRECTION('',(1.,0.,0.));
#1665 = MANIFOLD_SOLID_BREP('',#1666);
#1666 = CLOSED_SHELL('',(#1667,#1707,#1747,#1769,#1791,#1803));
#1667 = ADVANCED_FACE('',(#1668),#1702,.F.);
#1668 = FACE_BOUND('',#1669,.F.);
#1669 = EDGE_LOOP('',(#1670,#1680,#1688,#1696));
#1670 = ORIENTED_EDGE('',*,*,#1671,.F.);
#1671 = EDGE_CURVE('',#1672,#1674,#1676,.T.);
#1672 = VERTEX_POINT('',#1673);
#1673 = CARTESIAN_POINT('',(18.,0.,241.5));
#1674 = VERTEX_POINT('',#1675);
#1675 = CARTESIAN_POINT('',(18.,0.,259.5));
#1676 = LINE('',#1677,#1678);
#1677 = CARTESIAN_POINT('',(18.,0.,241.5));
#1678 = VECTOR('',#1679,1.);
#1679 = DIRECTION('',(0.,0.,1.));
#1680 = ORIENTED_EDGE('',*,*,#1681,.T.);
#1681 = EDGE_CURVE('',#1672,#1682,#1684,.T.);
#1682 = VERTEX_POINT('',#1683);
#1683 = CARTESIAN_POINT('',(18.,600.,241.5));
#1684 = LINE('',#1685,#1686);
#1685 = CARTESIAN_POINT('',(18.,0.,241.5));
#1686 = VECTOR('',#1687,1.);
#1687 = DIRECTION('',(0.,1.,0.));
#1688 = ORIENTED_EDGE('',*,*,#1689,.T.);
#1689 = EDGE_CURVE('',#1682,#1690,#1692,.T.);
#1690 = VERTEX_POINT('',#1691);
#1691 = CARTESIAN_POINT('',(18.,600.,259.5));
#1692 = LINE('',#1693,#1694);
#1693 = CARTESIAN_POINT('',(18.,600.,241.5));
#1694 = VECTOR('',#1695,1.);
#1695 = DIRECTION('',(0.,0.,1.));
#1696 = ORIENTED_EDGE('',*,*,#1697,.F.);
#1697 = EDGE_CURVE('',#1674,#1690,#1698,.T.);
#1698 = LINE('',#1699,#1700);
#1699 = CARTESIAN_POINT('',(18.,0.,259.5));
#1700 = VECTOR('',#1701,1.);
#1701 = DIRECTION('',(0.,1.,0.));
#1702 = PLANE('',#1703);
#1703 = AXIS2_PLACEMENT_3D('',#1704,#1705,#1706);
#1704 = CARTESIAN_POINT('',(18.,0.,241.5));
#1705 = DIRECTION('',(1.,0.,0.));
#1706 = DIRECTION('',(0.,0.,1.));
#1707 = ADVANCED_FACE('',(#1708),#1742,.T.);
#1708 = FACE_BOUND('',#1709,.T.);
#1709 = EDGE_LOOP('',(#1710,#1720,#1728,#1736));
#1710 = ORIENTED_EDGE('',*,*,#1711,.F.);
#1711 = EDGE_CURVE('',#1712,#1714,#1716,.T.);
#1712 = VERTEX_POINT('',#1713);
#1713 = CARTESIAN_POINT('',(885.,0.,241.5));
#1714 = VERTEX_POINT('',#1715);
#1715 = CARTESIAN_POINT('',(885.,0.,259.5));
#1716 = LINE('',#1717,#1718);
#1717 = CARTESIAN_POINT('',(885.,0.,241.5));
#1718 = VECTOR('',#1719,1.);
#1719 = DIRECTION('',(0.,0.,1.));
#1720 = ORIENTED_EDGE('',*,*,#1721,.T.);
#1721 = EDGE_CURVE('',#1712,#1722,#1724,.T.);
#1722 = VERTEX_POINT('',#1723);
#1723 = CARTESIAN_POINT('',(885.,600.,241.5));
#1724 = LINE('',#1725,#1726);
#1725 = CARTESIAN_POINT('',(885.,0.,241.5));
#1726 = VECTOR('',#1727,1.);
#1727 = DIRECTION('',(0.,1.,0.));
#1728 = ORIENTED_EDGE('',*,*,#1729,.T.);
#1729 = EDGE_CURVE('',#1722,#1730,#1732,.T.);
#1730 = VERTEX_POINT('',#1731);
#1731 = CARTESIAN_POINT('',(885.,600.,259.5));
#1732 = LINE('',#1733,#1734);
#1733 = CARTESIAN_POINT('',(885.,600.,241.5));
#1734 = VECTOR('',#1735,1.);
#1735 = DIRECTION('',(0.,0.,1.));
#1736 = ORIENTED_EDGE('',*,*,#1737,.F.);
#1737 = EDGE_CURVE('',#1714,#1730,#1738,.T.);
#1738 = LINE('',#1739,#1740);
#1739 = CARTESIAN_POINT('',(885.,0.,259.5));
#1740 = VECTOR('',#1741,1.);
#1741 = DIRECTION('',(0.,1.,0.));
#1742 = PLANE('',#1743);
#1743 = AXIS2_PLACEMENT_3D('',#1744,#1745,#1746);
#1744 = CARTESIAN_POINT('',(885.,0.,241.5));
#1745 = DIRECTION('',(1.,0.,0.));
#1746 = DIRECTION('',(0.,0.,1.));
#1747 = ADVANCED_FACE('',(#1748),#1764,.F.);
#1748 = FACE_BOUND('',#1749,.F.);
#1749 = EDGE_LOOP('',(#1750,#1756,#1757,#1763));
#1750 = ORIENTED_EDGE('',*,*,#1751,.F.);
#1751 = EDGE_CURVE('',#1672,#1712,#1752,.T.);
#1752 = LINE('',#1753,#1754);
#1753 = CARTESIAN_POINT('',(18.,0.,241.5));
#1754 = VECTOR('',#1755,1.);
#1755 = DIRECTION('',(1.,0.,0.));
#1756 = ORIENTED_EDGE('',*,*,#1671,.T.);
#1757 = ORIENTED_EDGE('',*,*,#1758,.T.);
#1758 = EDGE_CURVE('',#1674,#1714,#1759,.T.);
#1759 = LINE('',#1760,#1761);
#1760 = CARTESIAN_POINT('',(18.,0.,259.5));
#1761 = VECTOR('',#1762,1.);
#1762 = DIRECTION('',(1.,0.,0.));
#1763 = ORIENTED_EDGE('',*,*,#1711,.F.);
#1764 = PLANE('',#1765);
#1765 = AXIS2_PLACEMENT_3D('',#1766,#1767,#1768);
#1766 = CARTESIAN_POINT('',(18.,0.,241.5));
#1767 = DIRECTION('',(0.,1.,0.));
#1768 = DIRECTION('',(0.,0.,1.));
#1769 = ADVANCED_FACE('',(#1770),#1786,.T.);
#1770 = FACE_BOUND('',#1771,.T.);
#1771 = EDGE_LOOP('',(#1772,#1778,#1779,#1785));
#1772 = ORIENTED_EDGE('',*,*,#1773,.F.);
#1773 = EDGE_CURVE('',#1682,#1722,#1774,.T.);
#1774 = LINE('',#1775,#1776);
#1775 = CARTESIAN_POINT('',(18.,600.,241.5));
#1776 = VECTOR('',#1777,1.);
#1777 = DIRECTION('',(1.,0.,0.));
#1778 = ORIENTED_EDGE('',*,*,#1689,.T.);
#1779 = ORIENTED_EDGE('',*,*,#1780,.T.);
#1780 = EDGE_CURVE('',#1690,#1730,#1781,.T.);
#1781 = LINE('',#1782,#1783);
#1782 = CARTESIAN_POINT('',(18.,600.,259.5));
#1783 = VECTOR('',#1784,1.);
#1784 = DIRECTION('',(1.,0.,0.));
#1785 = ORIENTED_EDGE('',*,*,#1729,.F.);
#1786 = PLANE('',#1787);
#1787 = AXIS2_PLACEMENT_3D('',#1788,#1789,#1790);
#1788 = CARTESIAN_POINT('',(18.,600.,241.5));
#1789 = DIRECTION('',(0.,1.,0.));
#1790 = DIRECTION('',(0.,0.,1.));
#1791 = ADVANCED_FACE('',(#1792),#1798,.F.);
#1792 = FACE_BOUND('',#1793,.F.);
#1793 = EDGE_LOOP('',(#1794,#1795,#1796,#1797));
#1794 = ORIENTED_EDGE('',*,*,#1681,.F.);
#1795 = ORIENTED_EDGE('',*,*,#1751,.T.);
#1796 = ORIENTED_EDGE('',*,*,#1721,.T.);
#1797 = ORIENTED_EDGE('',*,*,#1773,.F.);
#1798 = PLANE('',#1799);
#1799 = AXIS2_PLACEMENT_3D('',#1800,#1801,#1802);
#1800 = CARTESIAN_POINT('',(18.,0.,241.5));
#1801 = DIRECTION('',(0.,0.,1.));
#1802 = DIRECTION('',(1.,0.,0.));
#1803 = ADVANCED_FACE('',(#1804),#1810,.T.);
#1804 = FACE_BOUND('',#1805,.T.);
#1805 = EDGE_LOOP('',(#1806,#1807,#1808,#1809));
#1806 = ORIENTED_EDGE('',*,*,#1697,.F.);
#1807 = ORIENTED_EDGE('',*,*,#1758,.T.);
#1808 = ORIENTED_EDGE('',*,*,#1737,.T.);
#1809 = ORIENTED_EDGE('',*,*,#1780,.F.);
#1810 = PLANE('',#1811);
#1811 = AXIS2_PLACEMENT_3D('',#1812,#1813,#1814);
#1812 = CARTESIAN_POINT('',(18.,0.,259.5));
#1813 = DIRECTION('',(0.,0.,1.));
#1814 = DIRECTION('',(1.,0.,0.));
#1815 = MANIFOLD_SOLID_BREP('',#1816);
#1816 = CLOSED_SHELL('',(#1817,#1857,#1897,#1919,#1941,#1953));
#1817 = ADVANCED_FACE('',(#1818),#1852,.F.);
#1818 = FACE_BOUND('',#1819,.F.);
#1819 = EDGE_LOOP('',(#1820,#1830,#1838,#1846));
#1820 = ORIENTED_EDGE('',*,*,#1821,.F.);
#1821 = EDGE_CURVE('',#1822,#1824,#1826,.T.);
#1822 = VERTEX_POINT('',#1823);
#1823 = CARTESIAN_POINT('',(231.,-18.,722.));
#1824 = VERTEX_POINT('',#1825);
#1825 = CARTESIAN_POINT('',(231.,-18.,852.));
#1826 = LINE('',#1827,#1828);
#1827 = CARTESIAN_POINT('',(231.,-18.,722.));
#1828 = VECTOR('',#1829,1.);
#1829 = DIRECTION('',(0.,0.,1.));
#1830 = ORIENTED_EDGE('',*,*,#1831,.T.);
#1831 = EDGE_CURVE('',#1822,#1832,#1834,.T.);
#1832 = VERTEX_POINT('',#1833);
#1833 = CARTESIAN_POINT('',(231.,0.,722.));
#1834 = LINE('',#1835,#1836);
#1835 = CARTESIAN_POINT('',(231.,-18.,722.));
#1836 = VECTOR('',#1837,1.);
#1837 = DIRECTION('',(0.,1.,0.));
#1838 = ORIENTED_EDGE('',*,*,#1839,.T.);
#1839 = EDGE_CURVE('',#1832,#1840,#1842,.T.);
#1840 = VERTEX_POINT('',#1841);
#1841 = CARTESIAN_POINT('',(231.,0.,852.));
#1842 = LINE('',#1843,#1844);
#1843 = CARTESIAN_POINT('',(231.,0.,722.));
#1844 = VECTOR('',#1845,1.);
#1845 = DIRECTION('',(0.,0.,1.));
#1846 = ORIENTED_EDGE('',*,*,#1847,.F.);
#1847 = EDGE_CURVE('',#1824,#1840,#1848,.T.);
#1848 = LINE('',#1849,#1850);
#1849 = CARTESIAN_POINT('',(231.,-18.,852.));
#1850 = VECTOR('',#1851,1.);
#1851 = DIRECTION('',(0.,1.,0.));
#1852 = PLANE('',#1853);
#1853 = AXIS2_PLACEMENT_3D('',#1854,#1855,#1856);
#1854 = CARTESIAN_POINT('',(231.,-18.,722.));
#1855 = DIRECTION('',(1.,0.,0.));
#1856 = DIRECTION('',(0.,0.,1.));
#1857 = ADVANCED_FACE('',(#1858),#1892,.T.);
#1858 = FACE_BOUND('',#1859,.T.);
#1859 = EDGE_LOOP('',(#1860,#1870,#1878,#1886));
#1860 = ORIENTED_EDGE('',*,*,#1861,.F.);
#1861 = EDGE_CURVE('',#1862,#1864,#1866,.T.);
#1862 = VERTEX_POINT('',#1863);
#1863 = CARTESIAN_POINT('',(901.,-18.,722.));
#1864 = VERTEX_POINT('',#1865);
#1865 = CARTESIAN_POINT('',(901.,-18.,852.));
#1866 = LINE('',#1867,#1868);
#1867 = CARTESIAN_POINT('',(901.,-18.,722.));
#1868 = VECTOR('',#1869,1.);
#1869 = DIRECTION('',(0.,0.,1.));
#1870 = ORIENTED_EDGE('',*,*,#1871,.T.);
#1871 = EDGE_CURVE('',#1862,#1872,#1874,.T.);
#1872 = VERTEX_POINT('',#1873);
#1873 = CARTESIAN_POINT('',(901.,0.,722.));
#1874 = LINE('',#1875,#1876);
#1875 = CARTESIAN_POINT('',(901.,-18.,722.));
#1876 = VECTOR('',#1877,1.);
#1877 = DIRECTION('',(0.,1.,0.));
#1878 = ORIENTED_EDGE('',*,*,#1879,.T.);
#1879 = EDGE_CURVE('',#1872,#1880,#1882,.T.);
#1880 = VERTEX_POINT('',#1881);
#1881 = CARTESIAN_POINT('',(901.,0.,852.));
#1882 = LINE('',#1883,#1884);
#1883 = CARTESIAN_POINT('',(901.,0.,722.));
#1884 = VECTOR('',#1885,1.);
#1885 = DIRECTION('',(0.,0.,1.));
#1886 = ORIENTED_EDGE('',*,*,#1887,.F.);
#1887 = EDGE_CURVE('',#1864,#1880,#1888,.T.);
#1888 = LINE('',#1889,#1890);
#1889 = CARTESIAN_POINT('',(901.,-18.,852.));
#1890 = VECTOR('',#1891,1.);
#1891 = DIRECTION('',(0.,1.,0.));
#1892 = PLANE('',#1893);
#1893 = AXIS2_PLACEMENT_3D('',#1894,#1895,#1896);
#1894 = CARTESIAN_POINT('',(901.,-18.,722.));
#1895 = DIRECTION('',(1.,0.,0.));
#1896 = DIRECTION('',(0.,0.,1.));
#1897 = ADVANCED_FACE('',(#1898),#1914,.F.);
#1898 = FACE_BOUND('',#1899,.F.);
#1899 = EDGE_LOOP('',(#1900,#1906,#1907,#1913));
#1900 = ORIENTED_EDGE('',*,*,#1901,.F.);
#1901 = EDGE_CURVE('',#1822,#1862,#1902,.T.);
#1902 = LINE('',#1903,#1904);
#1903 = CARTESIAN_POINT('',(231.,-18.,722.));
#1904 = VECTOR('',#1905,1.);
#1905 = DIRECTION('',(1.,0.,0.));
#1906 = ORIENTED_EDGE('',*,*,#1821,.T.);
#1907 = ORIENTED_EDGE('',*,*,#1908,.T.);
#1908 = EDGE_CURVE('',#1824,#1864,#1909,.T.);
#1909 = LINE('',#1910,#1911);
#1910 = CARTESIAN_POINT('',(231.,-18.,852.));
#1911 = VECTOR('',#1912,1.);
#1912 = DIRECTION('',(1.,0.,0.));
#1913 = ORIENTED_EDGE('',*,*,#1861,.F.);
#1914 = PLANE('',#1915);
#1915 = AXIS2_PLACEMENT_3D('',#1916,#1917,#1918);
#1916 = CARTESIAN_POINT('',(231.,-18.,722.));
#1917 = DIRECTION('',(0.,1.,0.));
#1918 = DIRECTION('',(0.,0.,1.));
#1919 = ADVANCED_FACE('',(#1920),#1936,.T.);
#1920 = FACE_BOUND('',#1921,.T.);
#1921 = EDGE_LOOP('',(#1922,#1928,#1929,#1935));
#1922 = ORIENTED_EDGE('',*,*,#1923,.F.);
#1923 = EDGE_CURVE('',#1832,#1872,#1924,.T.);
#1924 = LINE('',#1925,#1926);
#1925 = CARTESIAN_POINT('',(231.,0.,722.));
#1926 = VECTOR('',#1927,1.);
#1927 = DIRECTION('',(1.,0.,0.));
#1928 = ORIENTED_EDGE('',*,*,#1839,.T.);
#1929 = ORIENTED_EDGE('',*,*,#1930,.T.);
#1930 = EDGE_CURVE('',#1840,#1880,#1931,.T.);
#1931 = LINE('',#1932,#1933);
#1932 = CARTESIAN_POINT('',(231.,0.,852.));
#1933 = VECTOR('',#1934,1.);
#1934 = DIRECTION('',(1.,0.,0.));
#1935 = ORIENTED_EDGE('',*,*,#1879,.F.);
#1936 = PLANE('',#1937);
#1937 = AXIS2_PLACEMENT_3D('',#1938,#1939,#1940);
#1938 = CARTESIAN_POINT('',(231.,0.,722.));
#1939 = DIRECTION('',(0.,1.,0.));
#1940 = DIRECTION('',(0.,0.,1.));
#1941 = ADVANCED_FACE('',(#1942),#1948,.F.);
#1942 = FACE_BOUND('',#1943,.F.);
#1943 = EDGE_LOOP('',(#1944,#1945,#1946,#1947));
#1944 = ORIENTED_EDGE('',*,*,#1831,.F.);
#1945 = ORIENTED_EDGE('',*,*,#1901,.T.);
#1946 = ORIENTED_EDGE('',*,*,#1871,.T.);
#1947 = ORIENTED_EDGE('',*,*,#1923,.F.);
#1948 = PLANE('',#1949);
#1949 = AXIS2_PLACEMENT_3D('',#1950,#1951,#1952);
#1950 = CARTESIAN_POINT('',(231.,-18.,722.));
#1951 = DIRECTION('',(0.,0.,1.));
#1952 = DIRECTION('',(1.,0.,0.));
#1953 = ADVANCED_FACE('',(#1954),#1960,.T.);
#1954 = FACE_BOUND('',#1955,.T.);
#1955 = EDGE_LOOP('',(#1956,#1957,#1958,#1959));
#1956 = ORIENTED_EDGE('',*,*,#1847,.F.);
#1957 = ORIENTED_EDGE('',*,*,#1908,.T.);
#1958 = ORIENTED_EDGE('',*,*,#1887,.T.);
#1959 = ORIENTED_EDGE('',*,*,#1930,.F.);
#1960 = PLANE('',#1961);
#1961 = AXIS2_PLACEMENT_3D('',#1962,#1963,#1964);
#1962 = CARTESIAN_POINT('',(231.,-18.,852.));
#1963 = DIRECTION('',(0.,0.,1.));
#1964 = DIRECTION('',(1.,0.,0.));
#1965 = MANIFOLD_SOLID_BREP('',#1966);
#1966 = CLOSED_SHELL('',(#1967,#2007,#2047,#2069,#2091,#2103));
#1967 = ADVANCED_FACE('',(#1968),#2002,.F.);
#1968 = FACE_BOUND('',#1969,.F.);
#1969 = EDGE_LOOP('',(#1970,#1980,#1988,#1996));
#1970 = ORIENTED_EDGE('',*,*,#1971,.F.);
#1971 = EDGE_CURVE('',#1972,#1974,#1976,.T.);
#1972 = VERTEX_POINT('',#1973);
#1973 = CARTESIAN_POINT('',(9.,-18.,403.));
#1974 = VERTEX_POINT('',#1975);
#1975 = CARTESIAN_POINT('',(9.,-18.,718.));
#1976 = LINE('',#1977,#1978);
#1977 = CARTESIAN_POINT('',(9.,-18.,403.));
#1978 = VECTOR('',#1979,1.);
#1979 = DIRECTION('',(0.,0.,1.));
#1980 = ORIENTED_EDGE('',*,*,#1981,.T.);
#1981 = EDGE_CURVE('',#1972,#1982,#1984,.T.);
#1982 = VERTEX_POINT('',#1983);
#1983 = CARTESIAN_POINT('',(9.,0.,403.));
#1984 = LINE('',#1985,#1986);
#1985 = CARTESIAN_POINT('',(9.,-18.,403.));
#1986 = VECTOR('',#1987,1.);
#1987 = DIRECTION('',(0.,1.,0.));
#1988 = ORIENTED_EDGE('',*,*,#1989,.T.);
#1989 = EDGE_CURVE('',#1982,#1990,#1992,.T.);
#1990 = VERTEX_POINT('',#1991);
#1991 = CARTESIAN_POINT('',(9.,0.,718.));
#1992 = LINE('',#1993,#1994);
#1993 = CARTESIAN_POINT('',(9.,0.,403.));
#1994 = VECTOR('',#1995,1.);
#1995 = DIRECTION('',(0.,0.,1.));
#1996 = ORIENTED_EDGE('',*,*,#1997,.F.);
#1997 = EDGE_CURVE('',#1974,#1990,#1998,.T.);
#1998 = LINE('',#1999,#2000);
#1999 = CARTESIAN_POINT('',(9.,-18.,718.));
#2000 = VECTOR('',#2001,1.);
#2001 = DIRECTION('',(0.,1.,0.));
#2002 = PLANE('',#2003);
#2003 = AXIS2_PLACEMENT_3D('',#2004,#2005,#2006);
#2004 = CARTESIAN_POINT('',(9.,-18.,403.));
#2005 = DIRECTION('',(1.,0.,0.));
#2006 = DIRECTION('',(0.,0.,1.));
#2007 = ADVANCED_FACE('',(#2008),#2042,.T.);
#2008 = FACE_BOUND('',#2009,.T.);
#2009 = EDGE_LOOP('',(#2010,#2020,#2028,#2036));
#2010 = ORIENTED_EDGE('',*,*,#2011,.F.);
#2011 = EDGE_CURVE('',#2012,#2014,#2016,.T.);
#2012 = VERTEX_POINT('',#2013);
#2013 = CARTESIAN_POINT('',(901.,-18.,403.));
#2014 = VERTEX_POINT('',#2015);
#2015 = CARTESIAN_POINT('',(901.,-18.,718.));
#2016 = LINE('',#2017,#2018);
#2017 = CARTESIAN_POINT('',(901.,-18.,403.));
#2018 = VECTOR('',#2019,1.);
#2019 = DIRECTION('',(0.,0.,1.));
#2020 = ORIENTED_EDGE('',*,*,#2021,.T.);
#2021 = EDGE_CURVE('',#2012,#2022,#2024,.T.);
#2022 = VERTEX_POINT('',#2023);
#2023 = CARTESIAN_POINT('',(901.,0.,403.));
#2024 = LINE('',#2025,#2026);
#2025 = CARTESIAN_POINT('',(901.,-18.,403.));
#2026 = VECTOR('',#2027,1.);
#2027 = DIRECTION('',(0.,1.,0.));
#2028 = ORIENTED_EDGE('',*,*,#2029,.T.);
#2029 = EDGE_CURVE('',#2022,#2030,#2032,.T.);
#2030 = VERTEX_POINT('',#2031);
#2031 = CARTESIAN_POINT('',(901.,0.,718.));
#2032 = LINE('',#2033,#2034);
#2033 = CARTESIAN_POINT('',(901.,0.,403.));
#2034 = VECTOR('',#2035,1.);
#2035 = DIRECTION('',(0.,0.,1.));
#2036 = ORIENTED_EDGE('',*,*,#2037,.F.);
#2037 = EDGE_CURVE('',#2014,#2030,#2038,.T.);
#2038 = LINE('',#2039,#2040);
#2039 = CARTESIAN_POINT('',(901.,-18.,718.));
#2040 = VECTOR('',#2041,1.);
#2041 = DIRECTION('',(0.,1.,0.));
#2042 = PLANE('',#2043);
#2043 = AXIS2_PLACEMENT_3D('',#2044,#2045,#2046);
#2044 = CARTESIAN_POINT('',(901.,-18.,403.));
#2045 = DIRECTION('',(1.,0.,0.));
#2046 = DIRECTION('',(0.,0.,1.));
#2047 = ADVANCED_FACE('',(#2048),#2064,.F.);
#2048 = FACE_BOUND('',#2049,.F.);
#2049 = EDGE_LOOP('',(#2050,#2056,#2057,#2063));
#2050 = ORIENTED_EDGE('',*,*,#2051,.F.);
#2051 = EDGE_CURVE('',#1972,#2012,#2052,.T.);
#2052 = LINE('',#2053,#2054);
#2053 = CARTESIAN_POINT('',(9.,-18.,403.));
#2054 = VECTOR('',#2055,1.);
#2055 = DIRECTION('',(1.,0.,0.));
#2056 = ORIENTED_EDGE('',*,*,#1971,.T.);
#2057 = ORIENTED_EDGE('',*,*,#2058,.T.);
#2058 = EDGE_CURVE('',#1974,#2014,#2059,.T.);
#2059 = LINE('',#2060,#2061);
#2060 = CARTESIAN_POINT('',(9.,-18.,718.));
#2061 = VECTOR('',#2062,1.);
#2062 = DIRECTION('',(1.,0.,0.));
#2063 = ORIENTED_EDGE('',*,*,#2011,.F.);
#2064 = PLANE('',#2065);
#2065 = AXIS2_PLACEMENT_3D('',#2066,#2067,#2068);
#2066 = CARTESIAN_POINT('',(9.,-18.,403.));
#2067 = DIRECTION('',(0.,1.,0.));
#2068 = DIRECTION('',(0.,0.,1.));
#2069 = ADVANCED_FACE('',(#2070),#2086,.T.);
#2070 = FACE_BOUND('',#2071,.T.);
#2071 = EDGE_LOOP('',(#2072,#2078,#2079,#2085));
#2072 = ORIENTED_EDGE('',*,*,#2073,.F.);
#2073 = EDGE_CURVE('',#1982,#2022,#2074,.T.);
#2074 = LINE('',#2075,#2076);
#2075 = CARTESIAN_POINT('',(9.,0.,403.));
#2076 = VECTOR('',#2077,1.);
#2077 = DIRECTION('',(1.,0.,0.));
#2078 = ORIENTED_EDGE('',*,*,#1989,.T.);
#2079 = ORIENTED_EDGE('',*,*,#2080,.T.);
#2080 = EDGE_CURVE('',#1990,#2030,#2081,.T.);
#2081 = LINE('',#2082,#2083);
#2082 = CARTESIAN_POINT('',(9.,0.,718.));
#2083 = VECTOR('',#2084,1.);
#2084 = DIRECTION('',(1.,0.,0.));
#2085 = ORIENTED_EDGE('',*,*,#2029,.F.);
#2086 = PLANE('',#2087);
#2087 = AXIS2_PLACEMENT_3D('',#2088,#2089,#2090);
#2088 = CARTESIAN_POINT('',(9.,0.,403.));
#2089 = DIRECTION('',(0.,1.,0.));
#2090 = DIRECTION('',(0.,0.,1.));
#2091 = ADVANCED_FACE('',(#2092),#2098,.F.);
#2092 = FACE_BOUND('',#2093,.F.);
#2093 = EDGE_LOOP('',(#2094,#2095,#2096,#2097));
#2094 = ORIENTED_EDGE('',*,*,#1981,.F.);
#2095 = ORIENTED_EDGE('',*,*,#2051,.T.);
#2096 = ORIENTED_EDGE('',*,*,#2021,.T.);
#2097 = ORIENTED_EDGE('',*,*,#2073,.F.);
#2098 = PLANE('',#2099);
#2099 = AXIS2_PLACEMENT_3D('',#2100,#2101,#2102);
#2100 = CARTESIAN_POINT('',(9.,-18.,403.));
#2101 = DIRECTION('',(0.,0.,1.));
#2102 = DIRECTION('',(1.,0.,0.));
#2103 = ADVANCED_FACE('',(#2104),#2110,.T.);
#2104 = FACE_BOUND('',#2105,.T.);
#2105 = EDGE_LOOP('',(#2106,#2107,#2108,#2109));
#2106 = ORIENTED_EDGE('',*,*,#1997,.F.);
#2107 = ORIENTED_EDGE('',*,*,#2058,.T.);
#2108 = ORIENTED_EDGE('',*,*,#2037,.T.);
#2109 = ORIENTED_EDGE('',*,*,#2080,.F.);
#2110 = PLANE('',#2111);
#2111 = AXIS2_PLACEMENT_3D('',#2112,#2113,#2114);
#2112 = CARTESIAN_POINT('',(9.,-18.,718.));
#2113 = DIRECTION('',(0.,0.,1.));
#2114 = DIRECTION('',(1.,0.,0.));
#2115 = MANIFOLD_SOLID_BREP('',#2116);
#2116 = CLOSED_SHELL('',(#2117,#2157,#2197,#2219,#2241,#2253));
#2117 = ADVANCED_FACE('',(#2118),#2152,.F.);
#2118 = FACE_BOUND('',#2119,.F.);
#2119 = EDGE_LOOP('',(#2120,#2130,#2138,#2146));
#2120 = ORIENTED_EDGE('',*,*,#2121,.F.);
#2121 = EDGE_CURVE('',#2122,#2124,#2126,.T.);
#2122 = VERTEX_POINT('',#2123);
#2123 = CARTESIAN_POINT('',(9.,-18.,84.));
#2124 = VERTEX_POINT('',#2125);
#2125 = CARTESIAN_POINT('',(9.,-18.,399.));
#2126 = LINE('',#2127,#2128);
#2127 = CARTESIAN_POINT('',(9.,-18.,84.));
#2128 = VECTOR('',#2129,1.);
#2129 = DIRECTION('',(0.,0.,1.));
#2130 = ORIENTED_EDGE('',*,*,#2131,.T.);
#2131 = EDGE_CURVE('',#2122,#2132,#2134,.T.);
#2132 = VERTEX_POINT('',#2133);
#2133 = CARTESIAN_POINT('',(9.,0.,84.));
#2134 = LINE('',#2135,#2136);
#2135 = CARTESIAN_POINT('',(9.,-18.,84.));
#2136 = VECTOR('',#2137,1.);
#2137 = DIRECTION('',(0.,1.,0.));
#2138 = ORIENTED_EDGE('',*,*,#2139,.T.);
#2139 = EDGE_CURVE('',#2132,#2140,#2142,.T.);
#2140 = VERTEX_POINT('',#2141);
#2141 = CARTESIAN_POINT('',(9.,0.,399.));
#2142 = LINE('',#2143,#2144);
#2143 = CARTESIAN_POINT('',(9.,0.,84.));
#2144 = VECTOR('',#2145,1.);
#2145 = DIRECTION('',(0.,0.,1.));
#2146 = ORIENTED_EDGE('',*,*,#2147,.F.);
#2147 = EDGE_CURVE('',#2124,#2140,#2148,.T.);
#2148 = LINE('',#2149,#2150);
#2149 = CARTESIAN_POINT('',(9.,-18.,399.));
#2150 = VECTOR('',#2151,1.);
#2151 = DIRECTION('',(0.,1.,0.));
#2152 = PLANE('',#2153);
#2153 = AXIS2_PLACEMENT_3D('',#2154,#2155,#2156);
#2154 = CARTESIAN_POINT('',(9.,-18.,84.));
#2155 = DIRECTION('',(1.,0.,0.));
#2156 = DIRECTION('',(0.,0.,1.));
#2157 = ADVANCED_FACE('',(#2158),#2192,.T.);
#2158 = FACE_BOUND('',#2159,.T.);
#2159 = EDGE_LOOP('',(#2160,#2170,#2178,#2186));
#2160 = ORIENTED_EDGE('',*,*,#2161,.F.);
#2161 = EDGE_CURVE('',#2162,#2164,#2166,.T.);
#2162 = VERTEX_POINT('',#2163);
#2163 = CARTESIAN_POINT('',(901.,-18.,84.));
#2164 = VERTEX_POINT('',#2165);
#2165 = CARTESIAN_POINT('',(901.,-18.,399.));
#2166 = LINE('',#2167,#2168);
#2167 = CARTESIAN_POINT('',(901.,-18.,84.));
#2168 = VECTOR('',#2169,1.);
#2169 = DIRECTION('',(0.,0.,1.));
#2170 = ORIENTED_EDGE('',*,*,#2171,.T.);
#2171 = EDGE_CURVE('',#2162,#2172,#2174,.T.);
#2172 = VERTEX_POINT('',#2173);
#2173 = CARTESIAN_POINT('',(901.,0.,84.));
#2174 = LINE('',#2175,#2176);
#2175 = CARTESIAN_POINT('',(901.,-18.,84.));
#2176 = VECTOR('',#2177,1.);
#2177 = DIRECTION('',(0.,1.,0.));
#2178 = ORIENTED_EDGE('',*,*,#2179,.T.);
#2179 = EDGE_CURVE('',#2172,#2180,#2182,.T.);
#2180 = VERTEX_POINT('',#2181);
#2181 = CARTESIAN_POINT('',(901.,0.,399.));
#2182 = LINE('',#2183,#2184);
#2183 = CARTESIAN_POINT('',(901.,0.,84.));
#2184 = VECTOR('',#2185,1.);
#2185 = DIRECTION('',(0.,0.,1.));
#2186 = ORIENTED_EDGE('',*,*,#2187,.F.);
#2187 = EDGE_CURVE('',#2164,#2180,#2188,.T.);
#2188 = LINE('',#2189,#2190);
#2189 = CARTESIAN_POINT('',(901.,-18.,399.));
#2190 = VECTOR('',#2191,1.);
#2191 = DIRECTION('',(0.,1.,0.));
#2192 = PLANE('',#2193);
#2193 = AXIS2_PLACEMENT_3D('',#2194,#2195,#2196);
#2194 = CARTESIAN_POINT('',(901.,-18.,84.));
#2195 = DIRECTION('',(1.,0.,0.));
#2196 = DIRECTION('',(0.,0.,1.));
#2197 = ADVANCED_FACE('',(#2198),#2214,.F.);
#2198 = FACE_BOUND('',#2199,.F.);
#2199 = EDGE_LOOP('',(#2200,#2206,#2207,#2213));
#2200 = ORIENTED_EDGE('',*,*,#2201,.F.);
#2201 = EDGE_CURVE('',#2122,#2162,#2202,.T.);
#2202 = LINE('',#2203,#2204);
#2203 = CARTESIAN_POINT('',(9.,-18.,84.));
#2204 = VECTOR('',#2205,1.);
#2205 = DIRECTION('',(1.,0.,0.));
#2206 = ORIENTED_EDGE('',*,*,#2121,.T.);
#2207 = ORIENTED_EDGE('',*,*,#2208,.T.);
#2208 = EDGE_CURVE('',#2124,#2164,#2209,.T.);
#2209 = LINE('',#2210,#2211);
#2210 = CARTESIAN_POINT('',(9.,-18.,399.));
#2211 = VECTOR('',#2212,1.);
#2212 = DIRECTION('',(1.,0.,0.));
#2213 = ORIENTED_EDGE('',*,*,#2161,.F.);
#2214 = PLANE('',#2215);
#2215 = AXIS2_PLACEMENT_3D('',#2216,#2217,#2218);
#2216 = CARTESIAN_POINT('',(9.,-18.,84.));
#2217 = DIRECTION('',(0.,1.,0.));
#2218 = DIRECTION('',(0.,0.,1.));
#2219 = ADVANCED_FACE('',(#2220),#2236,.T.);
#2220 = FACE_BOUND('',#2221,.T.);
#2221 = EDGE_LOOP('',(#2222,#2228,#2229,#2235));
#2222 = ORIENTED_EDGE('',*,*,#2223,.F.);
#2223 = EDGE_CURVE('',#2132,#2172,#2224,.T.);
#2224 = LINE('',#2225,#2226);
#2225 = CARTESIAN_POINT('',(9.,0.,84.));
#2226 = VECTOR('',#2227,1.);
#2227 = DIRECTION('',(1.,0.,0.));
#2228 = ORIENTED_EDGE('',*,*,#2139,.T.);
#2229 = ORIENTED_EDGE('',*,*,#2230,.T.);
#2230 = EDGE_CURVE('',#2140,#2180,#2231,.T.);
#2231 = LINE('',#2232,#2233);
#2232 = CARTESIAN_POINT('',(9.,0.,399.));
#2233 = VECTOR('',#2234,1.);
#2234 = DIRECTION('',(1.,0.,0.));
#2235 = ORIENTED_EDGE('',*,*,#2179,.F.);
#2236 = PLANE('',#2237);
#2237 = AXIS2_PLACEMENT_3D('',#2238,#2239,#2240);
#2238 = CARTESIAN_POINT('',(9.,0.,84.));
#2239 = DIRECTION('',(0.,1.,0.));
#2240 = DIRECTION('',(0.,0.,1.));
#2241 = ADVANCED_FACE('',(#2242),#2248,.F.);
#2242 = FACE_BOUND('',#2243,.F.);
#2243 = EDGE_LOOP('',(#2244,#2245,#2246,#2247));
#2244 = ORIENTED_EDGE('',*,*,#2131,.F.);
#2245 = ORIENTED_EDGE('',*,*,#2201,.T.);
#2246 = ORIENTED_EDGE('',*,*,#2171,.T.);
#2247 = ORIENTED_EDGE('',*,*,#2223,.F.);
#2248 = PLANE('',#2249);
#2249 = AXIS2_PLACEMENT_3D('',#2250,#2251,#2252);
#2250 = CARTESIAN_POINT('',(9.,-18.,84.));
#2251 = DIRECTION('',(0.,0.,1.));
#2252 = DIRECTION('',(1.,0.,0.));
#2253 = ADVANCED_FACE('',(#2254),#2260,.T.);
#2254 = FACE_BOUND('',#2255,.T.);
#2255 = EDGE_LOOP('',(#2256,#2257,#2258,#2259));
#2256 = ORIENTED_EDGE('',*,*,#2147,.F.);
#2257 = ORIENTED_EDGE('',*,*,#2208,.T.);
#2258 = ORIENTED_EDGE('',*,*,#2187,.T.);
#2259 = ORIENTED_EDGE('',*,*,#2230,.F.);
#2260 = PLANE('',#2261);
#2261 = AXIS2_PLACEMENT_3D('',#2262,#2263,#2264);
#2262 = CARTESIAN_POINT('',(9.,-18.,399.));
#2263 = DIRECTION('',(0.,0.,1.));
#2264 = DIRECTION('',(1.,0.,0.));
#2265 = MANIFOLD_SOLID_BREP('',#2266);
#2266 = CLOSED_SHELL('',(#2267,#2307,#2347,#2369,#2391,#2403));
#2267 = ADVANCED_FACE('',(#2268),#2302,.F.);
#2268 = FACE_BOUND('',#2269,.F.);
#2269 = EDGE_LOOP('',(#2270,#2280,#2288,#2296));
#2270 = ORIENTED_EDGE('',*,*,#2271,.F.);
#2271 = EDGE_CURVE('',#2272,#2274,#2276,.T.);
#2272 = VERTEX_POINT('',#2273);
#2273 = CARTESIAN_POINT('',(0.,-20.,718.));
#2274 = VERTEX_POINT('',#2275);
#2275 = CARTESIAN_POINT('',(0.,-20.,743.));
#2276 = LINE('',#2277,#2278);
#2277 = CARTESIAN_POINT('',(0.,-20.,718.));
#2278 = VECTOR('',#2279,1.);
#2279 = DIRECTION('',(0.,0.,1.));
#2280 = ORIENTED_EDGE('',*,*,#2281,.T.);
#2281 = EDGE_CURVE('',#2272,#2282,#2284,.T.);
#2282 = VERTEX_POINT('',#2283);
#2283 = CARTESIAN_POINT('',(0.,0.,718.));
#2284 = LINE('',#2285,#2286);
#2285 = CARTESIAN_POINT('',(0.,-20.,718.));
#2286 = VECTOR('',#2287,1.);
#2287 = DIRECTION('',(0.,1.,0.));
#2288 = ORIENTED_EDGE('',*,*,#2289,.T.);
#2289 = EDGE_CURVE('',#2282,#2290,#2292,.T.);
#2290 = VERTEX_POINT('',#2291);
#2291 = CARTESIAN_POINT('',(0.,0.,743.));
#2292 = LINE('',#2293,#2294);
#2293 = CARTESIAN_POINT('',(0.,0.,718.));
#2294 = VECTOR('',#2295,1.);
#2295 = DIRECTION('',(0.,0.,1.));
#2296 = ORIENTED_EDGE('',*,*,#2297,.F.);
#2297 = EDGE_CURVE('',#2274,#2290,#2298,.T.);
#2298 = LINE('',#2299,#2300);
#2299 = CARTESIAN_POINT('',(0.,-20.,743.));
#2300 = VECTOR('',#2301,1.);
#2301 = DIRECTION('',(0.,1.,0.));
#2302 = PLANE('',#2303);
#2303 = AXIS2_PLACEMENT_3D('',#2304,#2305,#2306);
#2304 = CARTESIAN_POINT('',(0.,-20.,718.));
#2305 = DIRECTION('',(1.,0.,0.));
#2306 = DIRECTION('',(0.,0.,1.));
#2307 = ADVANCED_FACE('',(#2308),#2342,.T.);
#2308 = FACE_BOUND('',#2309,.T.);
#2309 = EDGE_LOOP('',(#2310,#2320,#2328,#2336));
#2310 = ORIENTED_EDGE('',*,*,#2311,.F.);
#2311 = EDGE_CURVE('',#2312,#2314,#2316,.T.);
#2312 = VERTEX_POINT('',#2313);
#2313 = CARTESIAN_POINT('',(903.,-20.,718.));
#2314 = VERTEX_POINT('',#2315);
#2315 = CARTESIAN_POINT('',(903.,-20.,743.));
#2316 = LINE('',#2317,#2318);
#2317 = CARTESIAN_POINT('',(903.,-20.,718.));
#2318 = VECTOR('',#2319,1.);
#2319 = DIRECTION('',(0.,0.,1.));
#2320 = ORIENTED_EDGE('',*,*,#2321,.T.);
#2321 = EDGE_CURVE('',#2312,#2322,#2324,.T.);
#2322 = VERTEX_POINT('',#2323);
#2323 = CARTESIAN_POINT('',(903.,0.,718.));
#2324 = LINE('',#2325,#2326);
#2325 = CARTESIAN_POINT('',(903.,-20.,718.));
#2326 = VECTOR('',#2327,1.);
#2327 = DIRECTION('',(0.,1.,0.));
#2328 = ORIENTED_EDGE('',*,*,#2329,.T.);
#2329 = EDGE_CURVE('',#2322,#2330,#2332,.T.);
#2330 = VERTEX_POINT('',#2331);
#2331 = CARTESIAN_POINT('',(903.,0.,743.));
#2332 = LINE('',#2333,#2334);
#2333 = CARTESIAN_POINT('',(903.,0.,718.));
#2334 = VECTOR('',#2335,1.);
#2335 = DIRECTION('',(0.,0.,1.));
#2336 = ORIENTED_EDGE('',*,*,#2337,.F.);
#2337 = EDGE_CURVE('',#2314,#2330,#2338,.T.);
#2338 = LINE('',#2339,#2340);
#2339 = CARTESIAN_POINT('',(903.,-20.,743.));
#2340 = VECTOR('',#2341,1.);
#2341 = DIRECTION('',(0.,1.,0.));
#2342 = PLANE('',#2343);
#2343 = AXIS2_PLACEMENT_3D('',#2344,#2345,#2346);
#2344 = CARTESIAN_POINT('',(903.,-20.,718.));
#2345 = DIRECTION('',(1.,0.,0.));
#2346 = DIRECTION('',(0.,0.,1.));
#2347 = ADVANCED_FACE('',(#2348),#2364,.F.);
#2348 = FACE_BOUND('',#2349,.F.);
#2349 = EDGE_LOOP('',(#2350,#2356,#2357,#2363));
#2350 = ORIENTED_EDGE('',*,*,#2351,.F.);
#2351 = EDGE_CURVE('',#2272,#2312,#2352,.T.);
#2352 = LINE('',#2353,#2354);
#2353 = CARTESIAN_POINT('',(0.,-20.,718.));
#2354 = VECTOR('',#2355,1.);
#2355 = DIRECTION('',(1.,0.,0.));
#2356 = ORIENTED_EDGE('',*,*,#2271,.T.);
#2357 = ORIENTED_EDGE('',*,*,#2358,.T.);
#2358 = EDGE_CURVE('',#2274,#2314,#2359,.T.);
#2359 = LINE('',#2360,#2361);
#2360 = CARTESIAN_POINT('',(0.,-20.,743.));
#2361 = VECTOR('',#2362,1.);
#2362 = DIRECTION('',(1.,0.,0.));
#2363 = ORIENTED_EDGE('',*,*,#2311,.F.);
#2364 = PLANE('',#2365);
#2365 = AXIS2_PLACEMENT_3D('',#2366,#2367,#2368);
#2366 = CARTESIAN_POINT('',(0.,-20.,718.));
#2367 = DIRECTION('',(0.,1.,0.));
#2368 = DIRECTION('',(0.,0.,1.));
#2369 = ADVANCED_FACE('',(#2370),#2386,.T.);
#2370 = FACE_BOUND('',#2371,.T.);
#2371 = EDGE_LOOP('',(#2372,#2378,#2379,#2385));
#2372 = ORIENTED_EDGE('',*,*,#2373,.F.);
#2373 = EDGE_CURVE('',#2282,#2322,#2374,.T.);
#2374 = LINE('',#2375,#2376);
#2375 = CARTESIAN_POINT('',(0.,0.,718.));
#2376 = VECTOR('',#2377,1.);
#2377 = DIRECTION('',(1.,0.,0.));
#2378 = ORIENTED_EDGE('',*,*,#2289,.T.);
#2379 = ORIENTED_EDGE('',*,*,#2380,.T.);
#2380 = EDGE_CURVE('',#2290,#2330,#2381,.T.);
#2381 = LINE('',#2382,#2383);
#2382 = CARTESIAN_POINT('',(0.,0.,743.));
#2383 = VECTOR('',#2384,1.);
#2384 = DIRECTION('',(1.,0.,0.));
#2385 = ORIENTED_EDGE('',*,*,#2329,.F.);
#2386 = PLANE('',#2387);
#2387 = AXIS2_PLACEMENT_3D('',#2388,#2389,#2390);
#2388 = CARTESIAN_POINT('',(0.,0.,718.));
#2389 = DIRECTION('',(0.,1.,0.));
#2390 = DIRECTION('',(0.,0.,1.));
#2391 = ADVANCED_FACE('',(#2392),#2398,.F.);
#2392 = FACE_BOUND('',#2393,.F.);
#2393 = EDGE_LOOP('',(#2394,#2395,#2396,#2397));
#2394 = ORIENTED_EDGE('',*,*,#2281,.F.);
#2395 = ORIENTED_EDGE('',*,*,#2351,.T.);
#2396 = ORIENTED_EDGE('',*,*,#2321,.T.);
#2397 = ORIENTED_EDGE('',*,*,#2373,.F.);
#2398 = PLANE('',#2399);
#2399 = AXIS2_PLACEMENT_3D('',#2400,#2401,#2402);
#2400 = CARTESIAN_POINT('',(0.,-20.,718.));
#2401 = DIRECTION('',(0.,0.,1.));
#2402 = DIRECTION('',(1.,0.,0.));
#2403 = ADVANCED_FACE('',(#2404),#2410,.T.);
#2404 = FACE_BOUND('',#2405,.T.);
#2405 = EDGE_LOOP('',(#2406,#2407,#2408,#2409));
#2406 = ORIENTED_EDGE('',*,*,#2297,.F.);
#2407 = ORIENTED_EDGE('',*,*,#2358,.T.);
#2408 = ORIENTED_EDGE('',*,*,#2337,.T.);
#2409 = ORIENTED_EDGE('',*,*,#2380,.F.);
#2410 = PLANE('',#2411);
#2411 = AXIS2_PLACEMENT_3D('',#2412,#2413,#2414);
#2412 = CARTESIAN_POINT('',(0.,-20.,743.));
#2413 = DIRECTION('',(0.,0.,1.));
#2414 = DIRECTION('',(1.,0.,0.));
#2415 = MANIFOLD_SOLID_BREP('',#2416);
#2416 = CLOSED_SHELL('',(#2417,#2457,#2497,#2519,#2541,#2553));
#2417 = ADVANCED_FACE('',(#2418),#2452,.F.);
#2418 = FACE_BOUND('',#2419,.F.);
#2419 = EDGE_LOOP('',(#2420,#2430,#2438,#2446));
#2420 = ORIENTED_EDGE('',*,*,#2421,.F.);
#2421 = EDGE_CURVE('',#2422,#2424,#2426,.T.);
#2422 = VERTEX_POINT('',#2423);
#2423 = CARTESIAN_POINT('',(0.,-20.,403.));
#2424 = VERTEX_POINT('',#2425);
#2425 = CARTESIAN_POINT('',(0.,-20.,428.));
#2426 = LINE('',#2427,#2428);
#2427 = CARTESIAN_POINT('',(0.,-20.,403.));
#2428 = VECTOR('',#2429,1.);
#2429 = DIRECTION('',(0.,0.,1.));
#2430 = ORIENTED_EDGE('',*,*,#2431,.T.);
#2431 = EDGE_CURVE('',#2422,#2432,#2434,.T.);
#2432 = VERTEX_POINT('',#2433);
#2433 = CARTESIAN_POINT('',(0.,0.,403.));
#2434 = LINE('',#2435,#2436);
#2435 = CARTESIAN_POINT('',(0.,-20.,403.));
#2436 = VECTOR('',#2437,1.);
#2437 = DIRECTION('',(0.,1.,0.));
#2438 = ORIENTED_EDGE('',*,*,#2439,.T.);
#2439 = EDGE_CURVE('',#2432,#2440,#2442,.T.);
#2440 = VERTEX_POINT('',#2441);
#2441 = CARTESIAN_POINT('',(0.,0.,428.));
#2442 = LINE('',#2443,#2444);
#2443 = CARTESIAN_POINT('',(0.,0.,403.));
#2444 = VECTOR('',#2445,1.);
#2445 = DIRECTION('',(0.,0.,1.));
#2446 = ORIENTED_EDGE('',*,*,#2447,.F.);
#2447 = EDGE_CURVE('',#2424,#2440,#2448,.T.);
#2448 = LINE('',#2449,#2450);
#2449 = CARTESIAN_POINT('',(0.,-20.,428.));
#2450 = VECTOR('',#2451,1.);
#2451 = DIRECTION('',(0.,1.,0.));
#2452 = PLANE('',#2453);
#2453 = AXIS2_PLACEMENT_3D('',#2454,#2455,#2456);
#2454 = CARTESIAN_POINT('',(0.,-20.,403.));
#2455 = DIRECTION('',(1.,0.,0.));
#2456 = DIRECTION('',(0.,0.,1.));
#2457 = ADVANCED_FACE('',(#2458),#2492,.T.);
#2458 = FACE_BOUND('',#2459,.T.);
#2459 = EDGE_LOOP('',(#2460,#2470,#2478,#2486));
#2460 = ORIENTED_EDGE('',*,*,#2461,.F.);
#2461 = EDGE_CURVE('',#2462,#2464,#2466,.T.);
#2462 = VERTEX_POINT('',#2463);
#2463 = CARTESIAN_POINT('',(903.,-20.,403.));
#2464 = VERTEX_POINT('',#2465);
#2465 = CARTESIAN_POINT('',(903.,-20.,428.));
#2466 = LINE('',#2467,#2468);
#2467 = CARTESIAN_POINT('',(903.,-20.,403.));
#2468 = VECTOR('',#2469,1.);
#2469 = DIRECTION('',(0.,0.,1.));
#2470 = ORIENTED_EDGE('',*,*,#2471,.T.);
#2471 = EDGE_CURVE('',#2462,#2472,#2474,.T.);
#2472 = VERTEX_POINT('',#2473);
#2473 = CARTESIAN_POINT('',(903.,0.,403.));
#2474 = LINE('',#2475,#2476);
#2475 = CARTESIAN_POINT('',(903.,-20.,403.));
#2476 = VECTOR('',#2477,1.);
#2477 = DIRECTION('',(0.,1.,0.));
#2478 = ORIENTED_EDGE('',*,*,#2479,.T.);
#2479 = EDGE_CURVE('',#2472,#2480,#2482,.T.);
#2480 = VERTEX_POINT('',#2481);
#2481 = CARTESIAN_POINT('',(903.,0.,428.));
#2482 = LINE('',#2483,#2484);
#2483 = CARTESIAN_POINT('',(903.,0.,403.));
#2484 = VECTOR('',#2485,1.);
#2485 = DIRECTION('',(0.,0.,1.));
#2486 = ORIENTED_EDGE('',*,*,#2487,.F.);
#2487 = EDGE_CURVE('',#2464,#2480,#2488,.T.);
#2488 = LINE('',#2489,#2490);
#2489 = CARTESIAN_POINT('',(903.,-20.,428.));
#2490 = VECTOR('',#2491,1.);
#2491 = DIRECTION('',(0.,1.,0.));
#2492 = PLANE('',#2493);
#2493 = AXIS2_PLACEMENT_3D('',#2494,#2495,#2496);
#2494 = CARTESIAN_POINT('',(903.,-20.,403.));
#2495 = DIRECTION('',(1.,0.,0.));
#2496 = DIRECTION('',(0.,0.,1.));
#2497 = ADVANCED_FACE('',(#2498),#2514,.F.);
#2498 = FACE_BOUND('',#2499,.F.);
#2499 = EDGE_LOOP('',(#2500,#2506,#2507,#2513));
#2500 = ORIENTED_EDGE('',*,*,#2501,.F.);
#2501 = EDGE_CURVE('',#2422,#2462,#2502,.T.);
#2502 = LINE('',#2503,#2504);
#2503 = CARTESIAN_POINT('',(0.,-20.,403.));
#2504 = VECTOR('',#2505,1.);
#2505 = DIRECTION('',(1.,0.,0.));
#2506 = ORIENTED_EDGE('',*,*,#2421,.T.);
#2507 = ORIENTED_EDGE('',*,*,#2508,.T.);
#2508 = EDGE_CURVE('',#2424,#2464,#2509,.T.);
#2509 = LINE('',#2510,#2511);
#2510 = CARTESIAN_POINT('',(0.,-20.,428.));
#2511 = VECTOR('',#2512,1.);
#2512 = DIRECTION('',(1.,0.,0.));
#2513 = ORIENTED_EDGE('',*,*,#2461,.F.);
#2514 = PLANE('',#2515);
#2515 = AXIS2_PLACEMENT_3D('',#2516,#2517,#2518);
#2516 = CARTESIAN_POINT('',(0.,-20.,403.));
#2517 = DIRECTION('',(0.,1.,0.));
#2518 = DIRECTION('',(0.,0.,1.));
#2519 = ADVANCED_FACE('',(#2520),#2536,.T.);
#2520 = FACE_BOUND('',#2521,.T.);
#2521 = EDGE_LOOP('',(#2522,#2528,#2529,#2535));
#2522 = ORIENTED_EDGE('',*,*,#2523,.F.);
#2523 = EDGE_CURVE('',#2432,#2472,#2524,.T.);
#2524 = LINE('',#2525,#2526);
#2525 = CARTESIAN_POINT('',(0.,0.,403.));
#2526 = VECTOR('',#2527,1.);
#2527 = DIRECTION('',(1.,0.,0.));
#2528 = ORIENTED_EDGE('',*,*,#2439,.T.);
#2529 = ORIENTED_EDGE('',*,*,#2530,.T.);
#2530 = EDGE_CURVE('',#2440,#2480,#2531,.T.);
#2531 = LINE('',#2532,#2533);
#2532 = CARTESIAN_POINT('',(0.,0.,428.));
#2533 = VECTOR('',#2534,1.);
#2534 = DIRECTION('',(1.,0.,0.));
#2535 = ORIENTED_EDGE('',*,*,#2479,.F.);
#2536 = PLANE('',#2537);
#2537 = AXIS2_PLACEMENT_3D('',#2538,#2539,#2540);
#2538 = CARTESIAN_POINT('',(0.,0.,403.));
#2539 = DIRECTION('',(0.,1.,0.));
#2540 = DIRECTION('',(0.,0.,1.));
#2541 = ADVANCED_FACE('',(#2542),#2548,.F.);
#2542 = FACE_BOUND('',#2543,.F.);
#2543 = EDGE_LOOP('',(#2544,#2545,#2546,#2547));
#2544 = ORIENTED_EDGE('',*,*,#2431,.F.);
#2545 = ORIENTED_EDGE('',*,*,#2501,.T.);
#2546 = ORIENTED_EDGE('',*,*,#2471,.T.);
#2547 = ORIENTED_EDGE('',*,*,#2523,.F.);
#2548 = PLANE('',#2549);
#2549 = AXIS2_PLACEMENT_3D('',#2550,#2551,#2552);
#2550 = CARTESIAN_POINT('',(0.,-20.,403.));
#2551 = DIRECTION('',(0.,0.,1.));
#2552 = DIRECTION('',(1.,0.,0.));
#2553 = ADVANCED_FACE('',(#2554),#2560,.T.);
#2554 = FACE_BOUND('',#2555,.T.);
#2555 = EDGE_LOOP('',(#2556,#2557,#2558,#2559));
#2556 = ORIENTED_EDGE('',*,*,#2447,.F.);
#2557 = ORIENTED_EDGE('',*,*,#2508,.T.);
#2558 = ORIENTED_EDGE('',*,*,#2487,.T.);
#2559 = ORIENTED_EDGE('',*,*,#2530,.F.);
#2560 = PLANE('',#2561);
#2561 = AXIS2_PLACEMENT_3D('',#2562,#2563,#2564);
#2562 = CARTESIAN_POINT('',(0.,-20.,428.));
#2563 = DIRECTION('',(0.,0.,1.));
#2564 = DIRECTION('',(1.,0.,0.));
#2565 = MANIFOLD_SOLID_BREP('',#2566);
#2566 = CLOSED_SHELL('',(#2567,#2607,#2647,#2669,#2691,#2703));
#2567 = ADVANCED_FACE('',(#2568),#2602,.F.);
#2568 = FACE_BOUND('',#2569,.F.);
#2569 = EDGE_LOOP('',(#2570,#2580,#2588,#2596));
#2570 = ORIENTED_EDGE('',*,*,#2571,.F.);
#2571 = EDGE_CURVE('',#2572,#2574,#2576,.T.);
#2572 = VERTEX_POINT('',#2573);
#2573 = CARTESIAN_POINT('',(903.,0.,98.));
#2574 = VERTEX_POINT('',#2575);
#2575 = CARTESIAN_POINT('',(903.,0.,852.));
#2576 = LINE('',#2577,#2578);
#2577 = CARTESIAN_POINT('',(903.,0.,98.));
#2578 = VECTOR('',#2579,1.);
#2579 = DIRECTION('',(0.,0.,1.));
#2580 = ORIENTED_EDGE('',*,*,#2581,.T.);
#2581 = EDGE_CURVE('',#2572,#2582,#2584,.T.);
#2582 = VERTEX_POINT('',#2583);
#2583 = CARTESIAN_POINT('',(903.,600.,98.));
#2584 = LINE('',#2585,#2586);
#2585 = CARTESIAN_POINT('',(903.,0.,98.));
#2586 = VECTOR('',#2587,1.);
#2587 = DIRECTION('',(0.,1.,0.));
#2588 = ORIENTED_EDGE('',*,*,#2589,.T.);
#2589 = EDGE_CURVE('',#2582,#2590,#2592,.T.);
#2590 = VERTEX_POINT('',#2591);
#2591 = CARTESIAN_POINT('',(903.,600.,852.));
#2592 = LINE('',#2593,#2594);
#2593 = CARTESIAN_POINT('',(903.,600.,98.));
#2594 = VECTOR('',#2595,1.);
#2595 = DIRECTION('',(0.,0.,1.));
#2596 = ORIENTED_EDGE('',*,*,#2597,.F.);
#2597 = EDGE_CURVE('',#2574,#2590,#2598,.T.);
#2598 = LINE('',#2599,#2600);
#2599 = CARTESIAN_POINT('',(903.,0.,852.));
#2600 = VECTOR('',#2601,1.);
#2601 = DIRECTION('',(0.,1.,0.));
#2602 = PLANE('',#2603);
#2603 = AXIS2_PLACEMENT_3D('',#2604,#2605,#2606);
#2604 = CARTESIAN_POINT('',(903.,0.,98.));
#2605 = DIRECTION('',(1.,0.,0.));
#2606 = DIRECTION('',(0.,0.,1.));
#2607 = ADVANCED_FACE('',(#2608),#2642,.T.);
#2608 = FACE_BOUND('',#2609,.T.);
#2609 = EDGE_LOOP('',(#2610,#2620,#2628,#2636));
#2610 = ORIENTED_EDGE('',*,*,#2611,.F.);
#2611 = EDGE_CURVE('',#2612,#2614,#2616,.T.);
#2612 = VERTEX_POINT('',#2613);
#2613 = CARTESIAN_POINT('',(921.,0.,98.));
#2614 = VERTEX_POINT('',#2615);
#2615 = CARTESIAN_POINT('',(921.,0.,852.));
#2616 = LINE('',#2617,#2618);
#2617 = CARTESIAN_POINT('',(921.,0.,98.));
#2618 = VECTOR('',#2619,1.);
#2619 = DIRECTION('',(0.,0.,1.));
#2620 = ORIENTED_EDGE('',*,*,#2621,.T.);
#2621 = EDGE_CURVE('',#2612,#2622,#2624,.T.);
#2622 = VERTEX_POINT('',#2623);
#2623 = CARTESIAN_POINT('',(921.,600.,98.));
#2624 = LINE('',#2625,#2626);
#2625 = CARTESIAN_POINT('',(921.,0.,98.));
#2626 = VECTOR('',#2627,1.);
#2627 = DIRECTION('',(0.,1.,0.));
#2628 = ORIENTED_EDGE('',*,*,#2629,.T.);
#2629 = EDGE_CURVE('',#2622,#2630,#2632,.T.);
#2630 = VERTEX_POINT('',#2631);
#2631 = CARTESIAN_POINT('',(921.,600.,852.));
#2632 = LINE('',#2633,#2634);
#2633 = CARTESIAN_POINT('',(921.,600.,98.));
#2634 = VECTOR('',#2635,1.);
#2635 = DIRECTION('',(0.,0.,1.));
#2636 = ORIENTED_EDGE('',*,*,#2637,.F.);
#2637 = EDGE_CURVE('',#2614,#2630,#2638,.T.);
#2638 = LINE('',#2639,#2640);
#2639 = CARTESIAN_POINT('',(921.,0.,852.));
#2640 = VECTOR('',#2641,1.);
#2641 = DIRECTION('',(0.,1.,0.));
#2642 = PLANE('',#2643);
#2643 = AXIS2_PLACEMENT_3D('',#2644,#2645,#2646);
#2644 = CARTESIAN_POINT('',(921.,0.,98.));
#2645 = DIRECTION('',(1.,0.,0.));
#2646 = DIRECTION('',(0.,0.,1.));
#2647 = ADVANCED_FACE('',(#2648),#2664,.F.);
#2648 = FACE_BOUND('',#2649,.F.);
#2649 = EDGE_LOOP('',(#2650,#2656,#2657,#2663));
#2650 = ORIENTED_EDGE('',*,*,#2651,.F.);
#2651 = EDGE_CURVE('',#2572,#2612,#2652,.T.);
#2652 = LINE('',#2653,#2654);
#2653 = CARTESIAN_POINT('',(903.,0.,98.));
#2654 = VECTOR('',#2655,1.);
#2655 = DIRECTION('',(1.,0.,0.));
#2656 = ORIENTED_EDGE('',*,*,#2571,.T.);
#2657 = ORIENTED_EDGE('',*,*,#2658,.T.);
#2658 = EDGE_CURVE('',#2574,#2614,#2659,.T.);
#2659 = LINE('',#2660,#2661);
#2660 = CARTESIAN_POINT('',(903.,0.,852.));
#2661 = VECTOR('',#2662,1.);
#2662 = DIRECTION('',(1.,0.,0.));
#2663 = ORIENTED_EDGE('',*,*,#2611,.F.);
#2664 = PLANE('',#2665);
#2665 = AXIS2_PLACEMENT_3D('',#2666,#2667,#2668);
#2666 = CARTESIAN_POINT('',(903.,0.,98.));
#2667 = DIRECTION('',(0.,1.,0.));
#2668 = DIRECTION('',(0.,0.,1.));
#2669 = ADVANCED_FACE('',(#2670),#2686,.T.);
#2670 = FACE_BOUND('',#2671,.T.);
#2671 = EDGE_LOOP('',(#2672,#2678,#2679,#2685));
#2672 = ORIENTED_EDGE('',*,*,#2673,.F.);
#2673 = EDGE_CURVE('',#2582,#2622,#2674,.T.);
#2674 = LINE('',#2675,#2676);
#2675 = CARTESIAN_POINT('',(903.,600.,98.));
#2676 = VECTOR('',#2677,1.);
#2677 = DIRECTION('',(1.,0.,0.));
#2678 = ORIENTED_EDGE('',*,*,#2589,.T.);
#2679 = ORIENTED_EDGE('',*,*,#2680,.T.);
#2680 = EDGE_CURVE('',#2590,#2630,#2681,.T.);
#2681 = LINE('',#2682,#2683);
#2682 = CARTESIAN_POINT('',(903.,600.,852.));
#2683 = VECTOR('',#2684,1.);
#2684 = DIRECTION('',(1.,0.,0.));
#2685 = ORIENTED_EDGE('',*,*,#2629,.F.);
#2686 = PLANE('',#2687);
#2687 = AXIS2_PLACEMENT_3D('',#2688,#2689,#2690);
#2688 = CARTESIAN_POINT('',(903.,600.,98.));
#2689 = DIRECTION('',(0.,1.,0.));
#2690 = DIRECTION('',(0.,0.,1.));
#2691 = ADVANCED_FACE('',(#2692),#2698,.F.);
#2692 = FACE_BOUND('',#2693,.F.);
#2693 = EDGE_LOOP('',(#2694,#2695,#2696,#2697));
#2694 = ORIENTED_EDGE('',*,*,#2581,.F.);
#2695 = ORIENTED_EDGE('',*,*,#2651,.T.);
#2696 = ORIENTED_EDGE('',*,*,#2621,.T.);
#2697 = ORIENTED_EDGE('',*,*,#2673,.F.);
#2698 = PLANE('',#2699);
#2699 = AXIS2_PLACEMENT_3D('',#2700,#2701,#2702);
#2700 = CARTESIAN_POINT('',(903.,0.,98.));
#2701 = DIRECTION('',(0.,0.,1.));
#2702 = DIRECTION('',(1.,0.,0.));
#2703 = ADVANCED_FACE('',(#2704),#2710,.T.);
#2704 = FACE_BOUND('',#2705,.T.);
#2705 = EDGE_LOOP('',(#2706,#2707,#2708,#2709));
#2706 = ORIENTED_EDGE('',*,*,#2597,.F.);
#2707 = ORIENTED_EDGE('',*,*,#2658,.T.);
#2708 = ORIENTED_EDGE('',*,*,#2637,.T.);
#2709 = ORIENTED_EDGE('',*,*,#2680,.F.);
#2710 = PLANE('',#2711);
#2711 = AXIS2_PLACEMENT_3D('',#2712,#2713,#2714);
#2712 = CARTESIAN_POINT('',(903.,0.,852.));
#2713 = DIRECTION('',(0.,0.,1.));
#2714 = DIRECTION('',(1.,0.,0.));
#2715 = MANIFOLD_SOLID_BREP('',#2716);
#2716 = CLOSED_SHELL('',(#2717,#2757,#2797,#2819,#2841,#2853));
#2717 = ADVANCED_FACE('',(#2718),#2752,.F.);
#2718 = FACE_BOUND('',#2719,.F.);
#2719 = EDGE_LOOP('',(#2720,#2730,#2738,#2746));
#2720 = ORIENTED_EDGE('',*,*,#2721,.F.);
#2721 = EDGE_CURVE('',#2722,#2724,#2726,.T.);
#2722 = VERTEX_POINT('',#2723);
#2723 = CARTESIAN_POINT('',(2.24E+03,0.,98.));
#2724 = VERTEX_POINT('',#2725);
#2725 = CARTESIAN_POINT('',(2.24E+03,0.,852.));
#2726 = LINE('',#2727,#2728);
#2727 = CARTESIAN_POINT('',(2.24E+03,0.,98.));
#2728 = VECTOR('',#2729,1.);
#2729 = DIRECTION('',(0.,0.,1.));
#2730 = ORIENTED_EDGE('',*,*,#2731,.T.);
#2731 = EDGE_CURVE('',#2722,#2732,#2734,.T.);
#2732 = VERTEX_POINT('',#2733);
#2733 = CARTESIAN_POINT('',(2.24E+03,600.,98.));
#2734 = LINE('',#2735,#2736);
#2735 = CARTESIAN_POINT('',(2.24E+03,0.,98.));
#2736 = VECTOR('',#2737,1.);
#2737 = DIRECTION('',(0.,1.,0.));
#2738 = ORIENTED_EDGE('',*,*,#2739,.T.);
#2739 = EDGE_CURVE('',#2732,#2740,#2742,.T.);
#2740 = VERTEX_POINT('',#2741);
#2741 = CARTESIAN_POINT('',(2.24E+03,600.,852.));
#2742 = LINE('',#2743,#2744);
#2743 = CARTESIAN_POINT('',(2.24E+03,600.,98.));
#2744 = VECTOR('',#2745,1.);
#2745 = DIRECTION('',(0.,0.,1.));
#2746 = ORIENTED_EDGE('',*,*,#2747,.F.);
#2747 = EDGE_CURVE('',#2724,#2740,#2748,.T.);
#2748 = LINE('',#2749,#2750);
#2749 = CARTESIAN_POINT('',(2.24E+03,0.,852.));
#2750 = VECTOR('',#2751,1.);
#2751 = DIRECTION('',(0.,1.,0.));
#2752 = PLANE('',#2753);
#2753 = AXIS2_PLACEMENT_3D('',#2754,#2755,#2756);
#2754 = CARTESIAN_POINT('',(2.24E+03,0.,98.));
#2755 = DIRECTION('',(1.,0.,0.));
#2756 = DIRECTION('',(0.,0.,1.));
#2757 = ADVANCED_FACE('',(#2758),#2792,.T.);
#2758 = FACE_BOUND('',#2759,.T.);
#2759 = EDGE_LOOP('',(#2760,#2770,#2778,#2786));
#2760 = ORIENTED_EDGE('',*,*,#2761,.F.);
#2761 = EDGE_CURVE('',#2762,#2764,#2766,.T.);
#2762 = VERTEX_POINT('',#2763);
#2763 = CARTESIAN_POINT('',(2.258E+03,0.,98.));
#2764 = VERTEX_POINT('',#2765);
#2765 = CARTESIAN_POINT('',(2.258E+03,0.,852.));
#2766 = LINE('',#2767,#2768);
#2767 = CARTESIAN_POINT('',(2.258E+03,0.,98.));
#2768 = VECTOR('',#2769,1.);
#2769 = DIRECTION('',(0.,0.,1.));
#2770 = ORIENTED_EDGE('',*,*,#2771,.T.);
#2771 = EDGE_CURVE('',#2762,#2772,#2774,.T.);
#2772 = VERTEX_POINT('',#2773);
#2773 = CARTESIAN_POINT('',(2.258E+03,600.,98.));
#2774 = LINE('',#2775,#2776);
#2775 = CARTESIAN_POINT('',(2.258E+03,0.,98.));
#2776 = VECTOR('',#2777,1.);
#2777 = DIRECTION('',(0.,1.,0.));
#2778 = ORIENTED_EDGE('',*,*,#2779,.T.);
#2779 = EDGE_CURVE('',#2772,#2780,#2782,.T.);
#2780 = VERTEX_POINT('',#2781);
#2781 = CARTESIAN_POINT('',(2.258E+03,600.,852.));
#2782 = LINE('',#2783,#2784);
#2783 = CARTESIAN_POINT('',(2.258E+03,600.,98.));
#2784 = VECTOR('',#2785,1.);
#2785 = DIRECTION('',(0.,0.,1.));
#2786 = ORIENTED_EDGE('',*,*,#2787,.F.);
#2787 = EDGE_CURVE('',#2764,#2780,#2788,.T.);
#2788 = LINE('',#2789,#2790);
#2789 = CARTESIAN_POINT('',(2.258E+03,0.,852.));
#2790 = VECTOR('',#2791,1.);
#2791 = DIRECTION('',(0.,1.,0.));
#2792 = PLANE('',#2793);
#2793 = AXIS2_PLACEMENT_3D('',#2794,#2795,#2796);
#2794 = CARTESIAN_POINT('',(2.258E+03,0.,98.));
#2795 = DIRECTION('',(1.,0.,0.));
#2796 = DIRECTION('',(0.,0.,1.));
#2797 = ADVANCED_FACE('',(#2798),#2814,.F.);
#2798 = FACE_BOUND('',#2799,.F.);
#2799 = EDGE_LOOP('',(#2800,#2806,#2807,#2813));
#2800 = ORIENTED_EDGE('',*,*,#2801,.F.);
#2801 = EDGE_CURVE('',#2722,#2762,#2802,.T.);
#2802 = LINE('',#2803,#2804);
#2803 = CARTESIAN_POINT('',(2.24E+03,0.,98.));
#2804 = VECTOR('',#2805,1.);
#2805 = DIRECTION('',(1.,0.,0.));
#2806 = ORIENTED_EDGE('',*,*,#2721,.T.);
#2807 = ORIENTED_EDGE('',*,*,#2808,.T.);
#2808 = EDGE_CURVE('',#2724,#2764,#2809,.T.);
#2809 = LINE('',#2810,#2811);
#2810 = CARTESIAN_POINT('',(2.24E+03,0.,852.));
#2811 = VECTOR('',#2812,1.);
#2812 = DIRECTION('',(1.,0.,0.));
#2813 = ORIENTED_EDGE('',*,*,#2761,.F.);
#2814 = PLANE('',#2815);
#2815 = AXIS2_PLACEMENT_3D('',#2816,#2817,#2818);
#2816 = CARTESIAN_POINT('',(2.24E+03,0.,98.));
#2817 = DIRECTION('',(0.,1.,0.));
#2818 = DIRECTION('',(0.,0.,1.));
#2819 = ADVANCED_FACE('',(#2820),#2836,.T.);
#2820 = FACE_BOUND('',#2821,.T.);
#2821 = EDGE_LOOP('',(#2822,#2828,#2829,#2835));
#2822 = ORIENTED_EDGE('',*,*,#2823,.F.);
#2823 = EDGE_CURVE('',#2732,#2772,#2824,.T.);
#2824 = LINE('',#2825,#2826);
#2825 = CARTESIAN_POINT('',(2.24E+03,600.,98.));
#2826 = VECTOR('',#2827,1.);
#2827 = DIRECTION('',(1.,0.,0.));
#2828 = ORIENTED_EDGE('',*,*,#2739,.T.);
#2829 = ORIENTED_EDGE('',*,*,#2830,.T.);
#2830 = EDGE_CURVE('',#2740,#2780,#2831,.T.);
#2831 = LINE('',#2832,#2833);
#2832 = CARTESIAN_POINT('',(2.24E+03,600.,852.));
#2833 = VECTOR('',#2834,1.);
#2834 = DIRECTION('',(1.,0.,0.));
#2835 = ORIENTED_EDGE('',*,*,#2779,.F.);
#2836 = PLANE('',#2837);
#2837 = AXIS2_PLACEMENT_3D('',#2838,#2839,#2840);
#2838 = CARTESIAN_POINT('',(2.24E+03,600.,98.));
#2839 = DIRECTION('',(0.,1.,0.));
#2840 = DIRECTION('',(0.,0.,1.));
#2841 = ADVANCED_FACE('',(#2842),#2848,.F.);
#2842 = FACE_BOUND('',#2843,.F.);
#2843 = EDGE_LOOP('',(#2844,#2845,#2846,#2847));
#2844 = ORIENTED_EDGE('',*,*,#2731,.F.);
#2845 = ORIENTED_EDGE('',*,*,#2801,.T.);
#2846 = ORIENTED_EDGE('',*,*,#2771,.T.);
#2847 = ORIENTED_EDGE('',*,*,#2823,.F.);
#2848 = PLANE('',#2849);
#2849 = AXIS2_PLACEMENT_3D('',#2850,#2851,#2852);
#2850 = CARTESIAN_POINT('',(2.24E+03,0.,98.));
#2851 = DIRECTION('',(0.,0.,1.));
#2852 = DIRECTION('',(1.,0.,0.));
#2853 = ADVANCED_FACE('',(#2854),#2860,.T.);
#2854 = FACE_BOUND('',#2855,.T.);
#2855 = EDGE_LOOP('',(#2856,#2857,#2858,#2859));
#2856 = ORIENTED_EDGE('',*,*,#2747,.F.);
#2857 = ORIENTED_EDGE('',*,*,#2808,.T.);
#2858 = ORIENTED_EDGE('',*,*,#2787,.T.);
#2859 = ORIENTED_EDGE('',*,*,#2830,.F.);
#2860 = PLANE('',#2861);
#2861 = AXIS2_PLACEMENT_3D('',#2862,#2863,#2864);
#2862 = CARTESIAN_POINT('',(2.24E+03,0.,852.));
#2863 = DIRECTION('',(0.,0.,1.));
#2864 = DIRECTION('',(1.,0.,0.));
#2865 = MANIFOLD_SOLID_BREP('',#2866);
#2866 = CLOSED_SHELL('',(#2867,#2907,#2947,#2969,#2991,#3003));
#2867 = ADVANCED_FACE('',(#2868),#2902,.F.);
#2868 = FACE_BOUND('',#2869,.F.);
#2869 = EDGE_LOOP('',(#2870,#2880,#2888,#2896));
#2870 = ORIENTED_EDGE('',*,*,#2871,.F.);
#2871 = EDGE_CURVE('',#2872,#2874,#2876,.T.);
#2872 = VERTEX_POINT('',#2873);
#2873 = CARTESIAN_POINT('',(903.,0.,80.));
#2874 = VERTEX_POINT('',#2875);
#2875 = CARTESIAN_POINT('',(903.,0.,98.));
#2876 = LINE('',#2877,#2878);
#2877 = CARTESIAN_POINT('',(903.,0.,80.));
#2878 = VECTOR('',#2879,1.);
#2879 = DIRECTION('',(0.,0.,1.));
#2880 = ORIENTED_EDGE('',*,*,#2881,.T.);
#2881 = EDGE_CURVE('',#2872,#2882,#2884,.T.);
#2882 = VERTEX_POINT('',#2883);
#2883 = CARTESIAN_POINT('',(903.,600.,80.));
#2884 = LINE('',#2885,#2886);
#2885 = CARTESIAN_POINT('',(903.,0.,80.));
#2886 = VECTOR('',#2887,1.);
#2887 = DIRECTION('',(0.,1.,0.));
#2888 = ORIENTED_EDGE('',*,*,#2889,.T.);
#2889 = EDGE_CURVE('',#2882,#2890,#2892,.T.);
#2890 = VERTEX_POINT('',#2891);
#2891 = CARTESIAN_POINT('',(903.,600.,98.));
#2892 = LINE('',#2893,#2894);
#2893 = CARTESIAN_POINT('',(903.,600.,80.));
#2894 = VECTOR('',#2895,1.);
#2895 = DIRECTION('',(0.,0.,1.));
#2896 = ORIENTED_EDGE('',*,*,#2897,.F.);
#2897 = EDGE_CURVE('',#2874,#2890,#2898,.T.);
#2898 = LINE('',#2899,#2900);
#2899 = CARTESIAN_POINT('',(903.,0.,98.));
#2900 = VECTOR('',#2901,1.);
#2901 = DIRECTION('',(0.,1.,0.));
#2902 = PLANE('',#2903);
#2903 = AXIS2_PLACEMENT_3D('',#2904,#2905,#2906);
#2904 = CARTESIAN_POINT('',(903.,0.,80.));
#2905 = DIRECTION('',(1.,0.,0.));
#2906 = DIRECTION('',(0.,0.,1.));
#2907 = ADVANCED_FACE('',(#2908),#2942,.T.);
#2908 = FACE_BOUND('',#2909,.T.);
#2909 = EDGE_LOOP('',(#2910,#2920,#2928,#2936));
#2910 = ORIENTED_EDGE('',*,*,#2911,.F.);
#2911 = EDGE_CURVE('',#2912,#2914,#2916,.T.);
#2912 = VERTEX_POINT('',#2913);
#2913 = CARTESIAN_POINT('',(2.258E+03,0.,80.));
#2914 = VERTEX_POINT('',#2915);
#2915 = CARTESIAN_POINT('',(2.258E+03,0.,98.));
#2916 = LINE('',#2917,#2918);
#2917 = CARTESIAN_POINT('',(2.258E+03,0.,80.));
#2918 = VECTOR('',#2919,1.);
#2919 = DIRECTION('',(0.,0.,1.));
#2920 = ORIENTED_EDGE('',*,*,#2921,.T.);
#2921 = EDGE_CURVE('',#2912,#2922,#2924,.T.);
#2922 = VERTEX_POINT('',#2923);
#2923 = CARTESIAN_POINT('',(2.258E+03,600.,80.));
#2924 = LINE('',#2925,#2926);
#2925 = CARTESIAN_POINT('',(2.258E+03,0.,80.));
#2926 = VECTOR('',#2927,1.);
#2927 = DIRECTION('',(0.,1.,0.));
#2928 = ORIENTED_EDGE('',*,*,#2929,.T.);
#2929 = EDGE_CURVE('',#2922,#2930,#2932,.T.);
#2930 = VERTEX_POINT('',#2931);
#2931 = CARTESIAN_POINT('',(2.258E+03,600.,98.));
#2932 = LINE('',#2933,#2934);
#2933 = CARTESIAN_POINT('',(2.258E+03,600.,80.));
#2934 = VECTOR('',#2935,1.);
#2935 = DIRECTION('',(0.,0.,1.));
#2936 = ORIENTED_EDGE('',*,*,#2937,.F.);
#2937 = EDGE_CURVE('',#2914,#2930,#2938,.T.);
#2938 = LINE('',#2939,#2940);
#2939 = CARTESIAN_POINT('',(2.258E+03,0.,98.));
#2940 = VECTOR('',#2941,1.);
#2941 = DIRECTION('',(0.,1.,0.));
#2942 = PLANE('',#2943);
#2943 = AXIS2_PLACEMENT_3D('',#2944,#2945,#2946);
#2944 = CARTESIAN_POINT('',(2.258E+03,0.,80.));
#2945 = DIRECTION('',(1.,0.,0.));
#2946 = DIRECTION('',(0.,0.,1.));
#2947 = ADVANCED_FACE('',(#2948),#2964,.F.);
#2948 = FACE_BOUND('',#2949,.F.);
#2949 = EDGE_LOOP('',(#2950,#2956,#2957,#2963));
#2950 = ORIENTED_EDGE('',*,*,#2951,.F.);
#2951 = EDGE_CURVE('',#2872,#2912,#2952,.T.);
#2952 = LINE('',#2953,#2954);
#2953 = CARTESIAN_POINT('',(903.,0.,80.));
#2954 = VECTOR('',#2955,1.);
#2955 = DIRECTION('',(1.,0.,0.));
#2956 = ORIENTED_EDGE('',*,*,#2871,.T.);
#2957 = ORIENTED_EDGE('',*,*,#2958,.T.);
#2958 = EDGE_CURVE('',#2874,#2914,#2959,.T.);
#2959 = LINE('',#2960,#2961);
#2960 = CARTESIAN_POINT('',(903.,0.,98.));
#2961 = VECTOR('',#2962,1.);
#2962 = DIRECTION('',(1.,0.,0.));
#2963 = ORIENTED_EDGE('',*,*,#2911,.F.);
#2964 = PLANE('',#2965);
#2965 = AXIS2_PLACEMENT_3D('',#2966,#2967,#2968);
#2966 = CARTESIAN_POINT('',(903.,0.,80.));
#2967 = DIRECTION('',(0.,1.,0.));
#2968 = DIRECTION('',(0.,0.,1.));
#2969 = ADVANCED_FACE('',(#2970),#2986,.T.);
#2970 = FACE_BOUND('',#2971,.T.);
#2971 = EDGE_LOOP('',(#2972,#2978,#2979,#2985));
#2972 = ORIENTED_EDGE('',*,*,#2973,.F.);
#2973 = EDGE_CURVE('',#2882,#2922,#2974,.T.);
#2974 = LINE('',#2975,#2976);
#2975 = CARTESIAN_POINT('',(903.,600.,80.));
#2976 = VECTOR('',#2977,1.);
#2977 = DIRECTION('',(1.,0.,0.));
#2978 = ORIENTED_EDGE('',*,*,#2889,.T.);
#2979 = ORIENTED_EDGE('',*,*,#2980,.T.);
#2980 = EDGE_CURVE('',#2890,#2930,#2981,.T.);
#2981 = LINE('',#2982,#2983);
#2982 = CARTESIAN_POINT('',(903.,600.,98.));
#2983 = VECTOR('',#2984,1.);
#2984 = DIRECTION('',(1.,0.,0.));
#2985 = ORIENTED_EDGE('',*,*,#2929,.F.);
#2986 = PLANE('',#2987);
#2987 = AXIS2_PLACEMENT_3D('',#2988,#2989,#2990);
#2988 = CARTESIAN_POINT('',(903.,600.,80.));
#2989 = DIRECTION('',(0.,1.,0.));
#2990 = DIRECTION('',(0.,0.,1.));
#2991 = ADVANCED_FACE('',(#2992),#2998,.F.);
#2992 = FACE_BOUND('',#2993,.F.);
#2993 = EDGE_LOOP('',(#2994,#2995,#2996,#2997));
#2994 = ORIENTED_EDGE('',*,*,#2881,.F.);
#2995 = ORIENTED_EDGE('',*,*,#2951,.T.);
#2996 = ORIENTED_EDGE('',*,*,#2921,.T.);
#2997 = ORIENTED_EDGE('',*,*,#2973,.F.);
#2998 = PLANE('',#2999);
#2999 = AXIS2_PLACEMENT_3D('',#3000,#3001,#3002);
#3000 = CARTESIAN_POINT('',(903.,0.,80.));
#3001 = DIRECTION('',(0.,0.,1.));
#3002 = DIRECTION('',(1.,0.,0.));
#3003 = ADVANCED_FACE('',(#3004),#3010,.T.);
#3004 = FACE_BOUND('',#3005,.T.);
#3005 = EDGE_LOOP('',(#3006,#3007,#3008,#3009));
#3006 = ORIENTED_EDGE('',*,*,#2897,.F.);
#3007 = ORIENTED_EDGE('',*,*,#2958,.T.);
#3008 = ORIENTED_EDGE('',*,*,#2937,.T.);
#3009 = ORIENTED_EDGE('',*,*,#2980,.F.);
#3010 = PLANE('',#3011);
#3011 = AXIS2_PLACEMENT_3D('',#3012,#3013,#3014);
#3012 = CARTESIAN_POINT('',(903.,0.,98.));
#3013 = DIRECTION('',(0.,0.,1.));
#3014 = DIRECTION('',(1.,0.,0.));
#3015 = MANIFOLD_SOLID_BREP('',#3016);
#3016 = CLOSED_SHELL('',(#3017,#3057,#3097,#3119,#3141,#3153));
#3017 = ADVANCED_FACE('',(#3018),#3052,.F.);
#3018 = FACE_BOUND('',#3019,.F.);
#3019 = EDGE_LOOP('',(#3020,#3030,#3038,#3046));
#3020 = ORIENTED_EDGE('',*,*,#3021,.F.);
#3021 = EDGE_CURVE('',#3022,#3024,#3026,.T.);
#3022 = VERTEX_POINT('',#3023);
#3023 = CARTESIAN_POINT('',(933.,30.,0.));
#3024 = VERTEX_POINT('',#3025);
#3025 = CARTESIAN_POINT('',(933.,30.,80.));
#3026 = LINE('',#3027,#3028);
#3027 = CARTESIAN_POINT('',(933.,30.,0.));
#3028 = VECTOR('',#3029,1.);
#3029 = DIRECTION('',(0.,0.,1.));
#3030 = ORIENTED_EDGE('',*,*,#3031,.T.);
#3031 = EDGE_CURVE('',#3022,#3032,#3034,.T.);
#3032 = VERTEX_POINT('',#3033);
#3033 = CARTESIAN_POINT('',(933.,70.,0.));
#3034 = LINE('',#3035,#3036);
#3035 = CARTESIAN_POINT('',(933.,30.,0.));
#3036 = VECTOR('',#3037,1.);
#3037 = DIRECTION('',(0.,1.,0.));
#3038 = ORIENTED_EDGE('',*,*,#3039,.T.);
#3039 = EDGE_CURVE('',#3032,#3040,#3042,.T.);
#3040 = VERTEX_POINT('',#3041);
#3041 = CARTESIAN_POINT('',(933.,70.,80.));
#3042 = LINE('',#3043,#3044);
#3043 = CARTESIAN_POINT('',(933.,70.,0.));
#3044 = VECTOR('',#3045,1.);
#3045 = DIRECTION('',(0.,0.,1.));
#3046 = ORIENTED_EDGE('',*,*,#3047,.F.);
#3047 = EDGE_CURVE('',#3024,#3040,#3048,.T.);
#3048 = LINE('',#3049,#3050);
#3049 = CARTESIAN_POINT('',(933.,30.,80.));
#3050 = VECTOR('',#3051,1.);
#3051 = DIRECTION('',(0.,1.,0.));
#3052 = PLANE('',#3053);
#3053 = AXIS2_PLACEMENT_3D('',#3054,#3055,#3056);
#3054 = CARTESIAN_POINT('',(933.,30.,0.));
#3055 = DIRECTION('',(1.,0.,0.));
#3056 = DIRECTION('',(0.,0.,1.));
#3057 = ADVANCED_FACE('',(#3058),#3092,.T.);
#3058 = FACE_BOUND('',#3059,.T.);
#3059 = EDGE_LOOP('',(#3060,#3070,#3078,#3086));
#3060 = ORIENTED_EDGE('',*,*,#3061,.F.);
#3061 = EDGE_CURVE('',#3062,#3064,#3066,.T.);
#3062 = VERTEX_POINT('',#3063);
#3063 = CARTESIAN_POINT('',(973.,30.,0.));
#3064 = VERTEX_POINT('',#3065);
#3065 = CARTESIAN_POINT('',(973.,30.,80.));
#3066 = LINE('',#3067,#3068);
#3067 = CARTESIAN_POINT('',(973.,30.,0.));
#3068 = VECTOR('',#3069,1.);
#3069 = DIRECTION('',(0.,0.,1.));
#3070 = ORIENTED_EDGE('',*,*,#3071,.T.);
#3071 = EDGE_CURVE('',#3062,#3072,#3074,.T.);
#3072 = VERTEX_POINT('',#3073);
#3073 = CARTESIAN_POINT('',(973.,70.,0.));
#3074 = LINE('',#3075,#3076);
#3075 = CARTESIAN_POINT('',(973.,30.,0.));
#3076 = VECTOR('',#3077,1.);
#3077 = DIRECTION('',(0.,1.,0.));
#3078 = ORIENTED_EDGE('',*,*,#3079,.T.);
#3079 = EDGE_CURVE('',#3072,#3080,#3082,.T.);
#3080 = VERTEX_POINT('',#3081);
#3081 = CARTESIAN_POINT('',(973.,70.,80.));
#3082 = LINE('',#3083,#3084);
#3083 = CARTESIAN_POINT('',(973.,70.,0.));
#3084 = VECTOR('',#3085,1.);
#3085 = DIRECTION('',(0.,0.,1.));
#3086 = ORIENTED_EDGE('',*,*,#3087,.F.);
#3087 = EDGE_CURVE('',#3064,#3080,#3088,.T.);
#3088 = LINE('',#3089,#3090);
#3089 = CARTESIAN_POINT('',(973.,30.,80.));
#3090 = VECTOR('',#3091,1.);
#3091 = DIRECTION('',(0.,1.,0.));
#3092 = PLANE('',#3093);
#3093 = AXIS2_PLACEMENT_3D('',#3094,#3095,#3096);
#3094 = CARTESIAN_POINT('',(973.,30.,0.));
#3095 = DIRECTION('',(1.,0.,0.));
#3096 = DIRECTION('',(0.,0.,1.));
#3097 = ADVANCED_FACE('',(#3098),#3114,.F.);
#3098 = FACE_BOUND('',#3099,.F.);
#3099 = EDGE_LOOP('',(#3100,#3106,#3107,#3113));
#3100 = ORIENTED_EDGE('',*,*,#3101,.F.);
#3101 = EDGE_CURVE('',#3022,#3062,#3102,.T.);
#3102 = LINE('',#3103,#3104);
#3103 = CARTESIAN_POINT('',(933.,30.,0.));
#3104 = VECTOR('',#3105,1.);
#3105 = DIRECTION('',(1.,0.,0.));
#3106 = ORIENTED_EDGE('',*,*,#3021,.T.);
#3107 = ORIENTED_EDGE('',*,*,#3108,.T.);
#3108 = EDGE_CURVE('',#3024,#3064,#3109,.T.);
#3109 = LINE('',#3110,#3111);
#3110 = CARTESIAN_POINT('',(933.,30.,80.));
#3111 = VECTOR('',#3112,1.);
#3112 = DIRECTION('',(1.,0.,0.));
#3113 = ORIENTED_EDGE('',*,*,#3061,.F.);
#3114 = PLANE('',#3115);
#3115 = AXIS2_PLACEMENT_3D('',#3116,#3117,#3118);
#3116 = CARTESIAN_POINT('',(933.,30.,0.));
#3117 = DIRECTION('',(0.,1.,0.));
#3118 = DIRECTION('',(0.,0.,1.));
#3119 = ADVANCED_FACE('',(#3120),#3136,.T.);
#3120 = FACE_BOUND('',#3121,.T.);
#3121 = EDGE_LOOP('',(#3122,#3128,#3129,#3135));
#3122 = ORIENTED_EDGE('',*,*,#3123,.F.);
#3123 = EDGE_CURVE('',#3032,#3072,#3124,.T.);
#3124 = LINE('',#3125,#3126);
#3125 = CARTESIAN_POINT('',(933.,70.,0.));
#3126 = VECTOR('',#3127,1.);
#3127 = DIRECTION('',(1.,0.,0.));
#3128 = ORIENTED_EDGE('',*,*,#3039,.T.);
#3129 = ORIENTED_EDGE('',*,*,#3130,.T.);
#3130 = EDGE_CURVE('',#3040,#3080,#3131,.T.);
#3131 = LINE('',#3132,#3133);
#3132 = CARTESIAN_POINT('',(933.,70.,80.));
#3133 = VECTOR('',#3134,1.);
#3134 = DIRECTION('',(1.,0.,0.));
#3135 = ORIENTED_EDGE('',*,*,#3079,.F.);
#3136 = PLANE('',#3137);
#3137 = AXIS2_PLACEMENT_3D('',#3138,#3139,#3140);
#3138 = CARTESIAN_POINT('',(933.,70.,0.));
#3139 = DIRECTION('',(0.,1.,0.));
#3140 = DIRECTION('',(0.,0.,1.));
#3141 = ADVANCED_FACE('',(#3142),#3148,.F.);
#3142 = FACE_BOUND('',#3143,.F.);
#3143 = EDGE_LOOP('',(#3144,#3145,#3146,#3147));
#3144 = ORIENTED_EDGE('',*,*,#3031,.F.);
#3145 = ORIENTED_EDGE('',*,*,#3101,.T.);
#3146 = ORIENTED_EDGE('',*,*,#3071,.T.);
#3147 = ORIENTED_EDGE('',*,*,#3123,.F.);
#3148 = PLANE('',#3149);
#3149 = AXIS2_PLACEMENT_3D('',#3150,#3151,#3152);
#3150 = CARTESIAN_POINT('',(933.,30.,0.));
#3151 = DIRECTION('',(0.,0.,1.));
#3152 = DIRECTION('',(1.,0.,0.));
#3153 = ADVANCED_FACE('',(#3154),#3160,.T.);
#3154 = FACE_BOUND('',#3155,.T.);
#3155 = EDGE_LOOP('',(#3156,#3157,#3158,#3159));
#3156 = ORIENTED_EDGE('',*,*,#3047,.F.);
#3157 = ORIENTED_EDGE('',*,*,#3108,.T.);
#3158 = ORIENTED_EDGE('',*,*,#3087,.T.);
#3159 = ORIENTED_EDGE('',*,*,#3130,.F.);
#3160 = PLANE('',#3161);
#3161 = AXIS2_PLACEMENT_3D('',#3162,#3163,#3164);
#3162 = CARTESIAN_POINT('',(933.,30.,80.));
#3163 = DIRECTION('',(0.,0.,1.));
#3164 = DIRECTION('',(1.,0.,0.));
#3165 = MANIFOLD_SOLID_BREP('',#3166);
#3166 = CLOSED_SHELL('',(#3167,#3207,#3247,#3269,#3291,#3303));
#3167 = ADVANCED_FACE('',(#3168),#3202,.F.);
#3168 = FACE_BOUND('',#3169,.F.);
#3169 = EDGE_LOOP('',(#3170,#3180,#3188,#3196));
#3170 = ORIENTED_EDGE('',*,*,#3171,.F.);
#3171 = EDGE_CURVE('',#3172,#3174,#3176,.T.);
#3172 = VERTEX_POINT('',#3173);
#3173 = CARTESIAN_POINT('',(2.188E+03,30.,0.));
#3174 = VERTEX_POINT('',#3175);
#3175 = CARTESIAN_POINT('',(2.188E+03,30.,80.));
#3176 = LINE('',#3177,#3178);
#3177 = CARTESIAN_POINT('',(2.188E+03,30.,0.));
#3178 = VECTOR('',#3179,1.);
#3179 = DIRECTION('',(0.,0.,1.));
#3180 = ORIENTED_EDGE('',*,*,#3181,.T.);
#3181 = EDGE_CURVE('',#3172,#3182,#3184,.T.);
#3182 = VERTEX_POINT('',#3183);
#3183 = CARTESIAN_POINT('',(2.188E+03,70.,0.));
#3184 = LINE('',#3185,#3186);
#3185 = CARTESIAN_POINT('',(2.188E+03,30.,0.));
#3186 = VECTOR('',#3187,1.);
#3187 = DIRECTION('',(0.,1.,0.));
#3188 = ORIENTED_EDGE('',*,*,#3189,.T.);
#3189 = EDGE_CURVE('',#3182,#3190,#3192,.T.);
#3190 = VERTEX_POINT('',#3191);
#3191 = CARTESIAN_POINT('',(2.188E+03,70.,80.));
#3192 = LINE('',#3193,#3194);
#3193 = CARTESIAN_POINT('',(2.188E+03,70.,0.));
#3194 = VECTOR('',#3195,1.);
#3195 = DIRECTION('',(0.,0.,1.));
#3196 = ORIENTED_EDGE('',*,*,#3197,.F.);
#3197 = EDGE_CURVE('',#3174,#3190,#3198,.T.);
#3198 = LINE('',#3199,#3200);
#3199 = CARTESIAN_POINT('',(2.188E+03,30.,80.));
#3200 = VECTOR('',#3201,1.);
#3201 = DIRECTION('',(0.,1.,0.));
#3202 = PLANE('',#3203);
#3203 = AXIS2_PLACEMENT_3D('',#3204,#3205,#3206);
#3204 = CARTESIAN_POINT('',(2.188E+03,30.,0.));
#3205 = DIRECTION('',(1.,0.,0.));
#3206 = DIRECTION('',(0.,0.,1.));
#3207 = ADVANCED_FACE('',(#3208),#3242,.T.);
#3208 = FACE_BOUND('',#3209,.T.);
#3209 = EDGE_LOOP('',(#3210,#3220,#3228,#3236));
#3210 = ORIENTED_EDGE('',*,*,#3211,.F.);
#3211 = EDGE_CURVE('',#3212,#3214,#3216,.T.);
#3212 = VERTEX_POINT('',#3213);
#3213 = CARTESIAN_POINT('',(2.228E+03,30.,0.));
#3214 = VERTEX_POINT('',#3215);
#3215 = CARTESIAN_POINT('',(2.228E+03,30.,80.));
#3216 = LINE('',#3217,#3218);
#3217 = CARTESIAN_POINT('',(2.228E+03,30.,0.));
#3218 = VECTOR('',#3219,1.);
#3219 = DIRECTION('',(0.,0.,1.));
#3220 = ORIENTED_EDGE('',*,*,#3221,.T.);
#3221 = EDGE_CURVE('',#3212,#3222,#3224,.T.);
#3222 = VERTEX_POINT('',#3223);
#3223 = CARTESIAN_POINT('',(2.228E+03,70.,0.));
#3224 = LINE('',#3225,#3226);
#3225 = CARTESIAN_POINT('',(2.228E+03,30.,0.));
#3226 = VECTOR('',#3227,1.);
#3227 = DIRECTION('',(0.,1.,0.));
#3228 = ORIENTED_EDGE('',*,*,#3229,.T.);
#3229 = EDGE_CURVE('',#3222,#3230,#3232,.T.);
#3230 = VERTEX_POINT('',#3231);
#3231 = CARTESIAN_POINT('',(2.228E+03,70.,80.));
#3232 = LINE('',#3233,#3234);
#3233 = CARTESIAN_POINT('',(2.228E+03,70.,0.));
#3234 = VECTOR('',#3235,1.);
#3235 = DIRECTION('',(0.,0.,1.));
#3236 = ORIENTED_EDGE('',*,*,#3237,.F.);
#3237 = EDGE_CURVE('',#3214,#3230,#3238,.T.);
#3238 = LINE('',#3239,#3240);
#3239 = CARTESIAN_POINT('',(2.228E+03,30.,80.));
#3240 = VECTOR('',#3241,1.);
#3241 = DIRECTION('',(0.,1.,0.));
#3242 = PLANE('',#3243);
#3243 = AXIS2_PLACEMENT_3D('',#3244,#3245,#3246);
#3244 = CARTESIAN_POINT('',(2.228E+03,30.,0.));
#3245 = DIRECTION('',(1.,0.,0.));
#3246 = DIRECTION('',(0.,0.,1.));
#3247 = ADVANCED_FACE('',(#3248),#3264,.F.);
#3248 = FACE_BOUND('',#3249,.F.);
#3249 = EDGE_LOOP('',(#3250,#3256,#3257,#3263));
#3250 = ORIENTED_EDGE('',*,*,#3251,.F.);
#3251 = EDGE_CURVE('',#3172,#3212,#3252,.T.);
#3252 = LINE('',#3253,#3254);
#3253 = CARTESIAN_POINT('',(2.188E+03,30.,0.));
#3254 = VECTOR('',#3255,1.);
#3255 = DIRECTION('',(1.,0.,0.));
#3256 = ORIENTED_EDGE('',*,*,#3171,.T.);
#3257 = ORIENTED_EDGE('',*,*,#3258,.T.);
#3258 = EDGE_CURVE('',#3174,#3214,#3259,.T.);
#3259 = LINE('',#3260,#3261);
#3260 = CARTESIAN_POINT('',(2.188E+03,30.,80.));
#3261 = VECTOR('',#3262,1.);
#3262 = DIRECTION('',(1.,0.,0.));
#3263 = ORIENTED_EDGE('',*,*,#3211,.F.);
#3264 = PLANE('',#3265);
#3265 = AXIS2_PLACEMENT_3D('',#3266,#3267,#3268);
#3266 = CARTESIAN_POINT('',(2.188E+03,30.,0.));
#3267 = DIRECTION('',(0.,1.,0.));
#3268 = DIRECTION('',(0.,0.,1.));
#3269 = ADVANCED_FACE('',(#3270),#3286,.T.);
#3270 = FACE_BOUND('',#3271,.T.);
#3271 = EDGE_LOOP('',(#3272,#3278,#3279,#3285));
#3272 = ORIENTED_EDGE('',*,*,#3273,.F.);
#3273 = EDGE_CURVE('',#3182,#3222,#3274,.T.);
#3274 = LINE('',#3275,#3276);
#3275 = CARTESIAN_POINT('',(2.188E+03,70.,0.));
#3276 = VECTOR('',#3277,1.);
#3277 = DIRECTION('',(1.,0.,0.));
#3278 = ORIENTED_EDGE('',*,*,#3189,.T.);
#3279 = ORIENTED_EDGE('',*,*,#3280,.T.);
#3280 = EDGE_CURVE('',#3190,#3230,#3281,.T.);
#3281 = LINE('',#3282,#3283);
#3282 = CARTESIAN_POINT('',(2.188E+03,70.,80.));
#3283 = VECTOR('',#3284,1.);
#3284 = DIRECTION('',(1.,0.,0.));
#3285 = ORIENTED_EDGE('',*,*,#3229,.F.);
#3286 = PLANE('',#3287);
#3287 = AXIS2_PLACEMENT_3D('',#3288,#3289,#3290);
#3288 = CARTESIAN_POINT('',(2.188E+03,70.,0.));
#3289 = DIRECTION('',(0.,1.,0.));
#3290 = DIRECTION('',(0.,0.,1.));
#3291 = ADVANCED_FACE('',(#3292),#3298,.F.);
#3292 = FACE_BOUND('',#3293,.F.);
#3293 = EDGE_LOOP('',(#3294,#3295,#3296,#3297));
#3294 = ORIENTED_EDGE('',*,*,#3181,.F.);
#3295 = ORIENTED_EDGE('',*,*,#3251,.T.);
#3296 = ORIENTED_EDGE('',*,*,#3221,.T.);
#3297 = ORIENTED_EDGE('',*,*,#3273,.F.);
#3298 = PLANE('',#3299);
#3299 = AXIS2_PLACEMENT_3D('',#3300,#3301,#3302);
#3300 = CARTESIAN_POINT('',(2.188E+03,30.,0.));
#3301 = DIRECTION('',(0.,0.,1.));
#3302 = DIRECTION('',(1.,0.,0.));
#3303 = ADVANCED_FACE('',(#3304),#3310,.T.);
#3304 = FACE_BOUND('',#3305,.T.);
#3305 = EDGE_LOOP('',(#3306,#3307,#3308,#3309));
#3306 = ORIENTED_EDGE('',*,*,#3197,.F.);
#3307 = ORIENTED_EDGE('',*,*,#3258,.T.);
#3308 = ORIENTED_EDGE('',*,*,#3237,.T.);
#3309 = ORIENTED_EDGE('',*,*,#3280,.F.);
#3310 = PLANE('',#3311);
#3311 = AXIS2_PLACEMENT_3D('',#3312,#3313,#3314);
#3312 = CARTESIAN_POINT('',(2.188E+03,30.,80.));
#3313 = DIRECTION('',(0.,0.,1.));
#3314 = DIRECTION('',(1.,0.,0.));
#3315 = MANIFOLD_SOLID_BREP('',#3316);
#3316 = CLOSED_SHELL('',(#3317,#3357,#3397,#3419,#3441,#3453));
#3317 = ADVANCED_FACE('',(#3318),#3352,.F.);
#3318 = FACE_BOUND('',#3319,.F.);
#3319 = EDGE_LOOP('',(#3320,#3330,#3338,#3346));
#3320 = ORIENTED_EDGE('',*,*,#3321,.F.);
#3321 = EDGE_CURVE('',#3322,#3324,#3326,.T.);
#3322 = VERTEX_POINT('',#3323);
#3323 = CARTESIAN_POINT('',(933.,530.,0.));
#3324 = VERTEX_POINT('',#3325);
#3325 = CARTESIAN_POINT('',(933.,530.,80.));
#3326 = LINE('',#3327,#3328);
#3327 = CARTESIAN_POINT('',(933.,530.,0.));
#3328 = VECTOR('',#3329,1.);
#3329 = DIRECTION('',(0.,0.,1.));
#3330 = ORIENTED_EDGE('',*,*,#3331,.T.);
#3331 = EDGE_CURVE('',#3322,#3332,#3334,.T.);
#3332 = VERTEX_POINT('',#3333);
#3333 = CARTESIAN_POINT('',(933.,570.,0.));
#3334 = LINE('',#3335,#3336);
#3335 = CARTESIAN_POINT('',(933.,530.,0.));
#3336 = VECTOR('',#3337,1.);
#3337 = DIRECTION('',(0.,1.,0.));
#3338 = ORIENTED_EDGE('',*,*,#3339,.T.);
#3339 = EDGE_CURVE('',#3332,#3340,#3342,.T.);
#3340 = VERTEX_POINT('',#3341);
#3341 = CARTESIAN_POINT('',(933.,570.,80.));
#3342 = LINE('',#3343,#3344);
#3343 = CARTESIAN_POINT('',(933.,570.,0.));
#3344 = VECTOR('',#3345,1.);
#3345 = DIRECTION('',(0.,0.,1.));
#3346 = ORIENTED_EDGE('',*,*,#3347,.F.);
#3347 = EDGE_CURVE('',#3324,#3340,#3348,.T.);
#3348 = LINE('',#3349,#3350);
#3349 = CARTESIAN_POINT('',(933.,530.,80.));
#3350 = VECTOR('',#3351,1.);
#3351 = DIRECTION('',(0.,1.,0.));
#3352 = PLANE('',#3353);
#3353 = AXIS2_PLACEMENT_3D('',#3354,#3355,#3356);
#3354 = CARTESIAN_POINT('',(933.,530.,0.));
#3355 = DIRECTION('',(1.,0.,0.));
#3356 = DIRECTION('',(0.,0.,1.));
#3357 = ADVANCED_FACE('',(#3358),#3392,.T.);
#3358 = FACE_BOUND('',#3359,.T.);
#3359 = EDGE_LOOP('',(#3360,#3370,#3378,#3386));
#3360 = ORIENTED_EDGE('',*,*,#3361,.F.);
#3361 = EDGE_CURVE('',#3362,#3364,#3366,.T.);
#3362 = VERTEX_POINT('',#3363);
#3363 = CARTESIAN_POINT('',(973.,530.,0.));
#3364 = VERTEX_POINT('',#3365);
#3365 = CARTESIAN_POINT('',(973.,530.,80.));
#3366 = LINE('',#3367,#3368);
#3367 = CARTESIAN_POINT('',(973.,530.,0.));
#3368 = VECTOR('',#3369,1.);
#3369 = DIRECTION('',(0.,0.,1.));
#3370 = ORIENTED_EDGE('',*,*,#3371,.T.);
#3371 = EDGE_CURVE('',#3362,#3372,#3374,.T.);
#3372 = VERTEX_POINT('',#3373);
#3373 = CARTESIAN_POINT('',(973.,570.,0.));
#3374 = LINE('',#3375,#3376);
#3375 = CARTESIAN_POINT('',(973.,530.,0.));
#3376 = VECTOR('',#3377,1.);
#3377 = DIRECTION('',(0.,1.,0.));
#3378 = ORIENTED_EDGE('',*,*,#3379,.T.);
#3379 = EDGE_CURVE('',#3372,#3380,#3382,.T.);
#3380 = VERTEX_POINT('',#3381);
#3381 = CARTESIAN_POINT('',(973.,570.,80.));
#3382 = LINE('',#3383,#3384);
#3383 = CARTESIAN_POINT('',(973.,570.,0.));
#3384 = VECTOR('',#3385,1.);
#3385 = DIRECTION('',(0.,0.,1.));
#3386 = ORIENTED_EDGE('',*,*,#3387,.F.);
#3387 = EDGE_CURVE('',#3364,#3380,#3388,.T.);
#3388 = LINE('',#3389,#3390);
#3389 = CARTESIAN_POINT('',(973.,530.,80.));
#3390 = VECTOR('',#3391,1.);
#3391 = DIRECTION('',(0.,1.,0.));
#3392 = PLANE('',#3393);
#3393 = AXIS2_PLACEMENT_3D('',#3394,#3395,#3396);
#3394 = CARTESIAN_POINT('',(973.,530.,0.));
#3395 = DIRECTION('',(1.,0.,0.));
#3396 = DIRECTION('',(0.,0.,1.));
#3397 = ADVANCED_FACE('',(#3398),#3414,.F.);
#3398 = FACE_BOUND('',#3399,.F.);
#3399 = EDGE_LOOP('',(#3400,#3406,#3407,#3413));
#3400 = ORIENTED_EDGE('',*,*,#3401,.F.);
#3401 = EDGE_CURVE('',#3322,#3362,#3402,.T.);
#3402 = LINE('',#3403,#3404);
#3403 = CARTESIAN_POINT('',(933.,530.,0.));
#3404 = VECTOR('',#3405,1.);
#3405 = DIRECTION('',(1.,0.,0.));
#3406 = ORIENTED_EDGE('',*,*,#3321,.T.);
#3407 = ORIENTED_EDGE('',*,*,#3408,.T.);
#3408 = EDGE_CURVE('',#3324,#3364,#3409,.T.);
#3409 = LINE('',#3410,#3411);
#3410 = CARTESIAN_POINT('',(933.,530.,80.));
#3411 = VECTOR('',#3412,1.);
#3412 = DIRECTION('',(1.,0.,0.));
#3413 = ORIENTED_EDGE('',*,*,#3361,.F.);
#3414 = PLANE('',#3415);
#3415 = AXIS2_PLACEMENT_3D('',#3416,#3417,#3418);
#3416 = CARTESIAN_POINT('',(933.,530.,0.));
#3417 = DIRECTION('',(0.,1.,0.));
#3418 = DIRECTION('',(0.,0.,1.));
#3419 = ADVANCED_FACE('',(#3420),#3436,.T.);
#3420 = FACE_BOUND('',#3421,.T.);
#3421 = EDGE_LOOP('',(#3422,#3428,#3429,#3435));
#3422 = ORIENTED_EDGE('',*,*,#3423,.F.);
#3423 = EDGE_CURVE('',#3332,#3372,#3424,.T.);
#3424 = LINE('',#3425,#3426);
#3425 = CARTESIAN_POINT('',(933.,570.,0.));
#3426 = VECTOR('',#3427,1.);
#3427 = DIRECTION('',(1.,0.,0.));
#3428 = ORIENTED_EDGE('',*,*,#3339,.T.);
#3429 = ORIENTED_EDGE('',*,*,#3430,.T.);
#3430 = EDGE_CURVE('',#3340,#3380,#3431,.T.);
#3431 = LINE('',#3432,#3433);
#3432 = CARTESIAN_POINT('',(933.,570.,80.));
#3433 = VECTOR('',#3434,1.);
#3434 = DIRECTION('',(1.,0.,0.));
#3435 = ORIENTED_EDGE('',*,*,#3379,.F.);
#3436 = PLANE('',#3437);
#3437 = AXIS2_PLACEMENT_3D('',#3438,#3439,#3440);
#3438 = CARTESIAN_POINT('',(933.,570.,0.));
#3439 = DIRECTION('',(0.,1.,0.));
#3440 = DIRECTION('',(0.,0.,1.));
#3441 = ADVANCED_FACE('',(#3442),#3448,.F.);
#3442 = FACE_BOUND('',#3443,.F.);
#3443 = EDGE_LOOP('',(#3444,#3445,#3446,#3447));
#3444 = ORIENTED_EDGE('',*,*,#3331,.F.);
#3445 = ORIENTED_EDGE('',*,*,#3401,.T.);
#3446 = ORIENTED_EDGE('',*,*,#3371,.T.);
#3447 = ORIENTED_EDGE('',*,*,#3423,.F.);
#3448 = PLANE('',#3449);
#3449 = AXIS2_PLACEMENT_3D('',#3450,#3451,#3452);
#3450 = CARTESIAN_POINT('',(933.,530.,0.));
#3451 = DIRECTION('',(0.,0.,1.));
#3452 = DIRECTION('',(1.,0.,0.));
#3453 = ADVANCED_FACE('',(#3454),#3460,.T.);
#3454 = FACE_BOUND('',#3455,.T.);
#3455 = EDGE_LOOP('',(#3456,#3457,#3458,#3459));
#3456 = ORIENTED_EDGE('',*,*,#3347,.F.);
#3457 = ORIENTED_EDGE('',*,*,#3408,.T.);
#3458 = ORIENTED_EDGE('',*,*,#3387,.T.);
#3459 = ORIENTED_EDGE('',*,*,#3430,.F.);
#3460 = PLANE('',#3461);
#3461 = AXIS2_PLACEMENT_3D('',#3462,#3463,#3464);
#3462 = CARTESIAN_POINT('',(933.,530.,80.));
#3463 = DIRECTION('',(0.,0.,1.));
#3464 = DIRECTION('',(1.,0.,0.));
#3465 = MANIFOLD_SOLID_BREP('',#3466);
#3466 = CLOSED_SHELL('',(#3467,#3507,#3547,#3569,#3591,#3603));
#3467 = ADVANCED_FACE('',(#3468),#3502,.F.);
#3468 = FACE_BOUND('',#3469,.F.);
#3469 = EDGE_LOOP('',(#3470,#3480,#3488,#3496));
#3470 = ORIENTED_EDGE('',*,*,#3471,.F.);
#3471 = EDGE_CURVE('',#3472,#3474,#3476,.T.);
#3472 = VERTEX_POINT('',#3473);
#3473 = CARTESIAN_POINT('',(2.188E+03,530.,0.));
#3474 = VERTEX_POINT('',#3475);
#3475 = CARTESIAN_POINT('',(2.188E+03,530.,80.));
#3476 = LINE('',#3477,#3478);
#3477 = CARTESIAN_POINT('',(2.188E+03,530.,0.));
#3478 = VECTOR('',#3479,1.);
#3479 = DIRECTION('',(0.,0.,1.));
#3480 = ORIENTED_EDGE('',*,*,#3481,.T.);
#3481 = EDGE_CURVE('',#3472,#3482,#3484,.T.);
#3482 = VERTEX_POINT('',#3483);
#3483 = CARTESIAN_POINT('',(2.188E+03,570.,0.));
#3484 = LINE('',#3485,#3486);
#3485 = CARTESIAN_POINT('',(2.188E+03,530.,0.));
#3486 = VECTOR('',#3487,1.);
#3487 = DIRECTION('',(0.,1.,0.));
#3488 = ORIENTED_EDGE('',*,*,#3489,.T.);
#3489 = EDGE_CURVE('',#3482,#3490,#3492,.T.);
#3490 = VERTEX_POINT('',#3491);
#3491 = CARTESIAN_POINT('',(2.188E+03,570.,80.));
#3492 = LINE('',#3493,#3494);
#3493 = CARTESIAN_POINT('',(2.188E+03,570.,0.));
#3494 = VECTOR('',#3495,1.);
#3495 = DIRECTION('',(0.,0.,1.));
#3496 = ORIENTED_EDGE('',*,*,#3497,.F.);
#3497 = EDGE_CURVE('',#3474,#3490,#3498,.T.);
#3498 = LINE('',#3499,#3500);
#3499 = CARTESIAN_POINT('',(2.188E+03,530.,80.));
#3500 = VECTOR('',#3501,1.);
#3501 = DIRECTION('',(0.,1.,0.));
#3502 = PLANE('',#3503);
#3503 = AXIS2_PLACEMENT_3D('',#3504,#3505,#3506);
#3504 = CARTESIAN_POINT('',(2.188E+03,530.,0.));
#3505 = DIRECTION('',(1.,0.,0.));
#3506 = DIRECTION('',(0.,0.,1.));
#3507 = ADVANCED_FACE('',(#3508),#3542,.T.);
#3508 = FACE_BOUND('',#3509,.T.);
#3509 = EDGE_LOOP('',(#3510,#3520,#3528,#3536));
#3510 = ORIENTED_EDGE('',*,*,#3511,.F.);
#3511 = EDGE_CURVE('',#3512,#3514,#3516,.T.);
#3512 = VERTEX_POINT('',#3513);
#3513 = CARTESIAN_POINT('',(2.228E+03,530.,0.));
#3514 = VERTEX_POINT('',#3515);
#3515 = CARTESIAN_POINT('',(2.228E+03,530.,80.));
#3516 = LINE('',#3517,#3518);
#3517 = CARTESIAN_POINT('',(2.228E+03,530.,0.));
#3518 = VECTOR('',#3519,1.);
#3519 = DIRECTION('',(0.,0.,1.));
#3520 = ORIENTED_EDGE('',*,*,#3521,.T.);
#3521 = EDGE_CURVE('',#3512,#3522,#3524,.T.);
#3522 = VERTEX_POINT('',#3523);
#3523 = CARTESIAN_POINT('',(2.228E+03,570.,0.));
#3524 = LINE('',#3525,#3526);
#3525 = CARTESIAN_POINT('',(2.228E+03,530.,0.));
#3526 = VECTOR('',#3527,1.);
#3527 = DIRECTION('',(0.,1.,0.));
#3528 = ORIENTED_EDGE('',*,*,#3529,.T.);
#3529 = EDGE_CURVE('',#3522,#3530,#3532,.T.);
#3530 = VERTEX_POINT('',#3531);
#3531 = CARTESIAN_POINT('',(2.228E+03,570.,80.));
#3532 = LINE('',#3533,#3534);
#3533 = CARTESIAN_POINT('',(2.228E+03,570.,0.));
#3534 = VECTOR('',#3535,1.);
#3535 = DIRECTION('',(0.,0.,1.));
#3536 = ORIENTED_EDGE('',*,*,#3537,.F.);
#3537 = EDGE_CURVE('',#3514,#3530,#3538,.T.);
#3538 = LINE('',#3539,#3540);
#3539 = CARTESIAN_POINT('',(2.228E+03,530.,80.));
#3540 = VECTOR('',#3541,1.);
#3541 = DIRECTION('',(0.,1.,0.));
#3542 = PLANE('',#3543);
#3543 = AXIS2_PLACEMENT_3D('',#3544,#3545,#3546);
#3544 = CARTESIAN_POINT('',(2.228E+03,530.,0.));
#3545 = DIRECTION('',(1.,0.,0.));
#3546 = DIRECTION('',(0.,0.,1.));
#3547 = ADVANCED_FACE('',(#3548),#3564,.F.);
#3548 = FACE_BOUND('',#3549,.F.);
#3549 = EDGE_LOOP('',(#3550,#3556,#3557,#3563));
#3550 = ORIENTED_EDGE('',*,*,#3551,.F.);
#3551 = EDGE_CURVE('',#3472,#3512,#3552,.T.);
#3552 = LINE('',#3553,#3554);
#3553 = CARTESIAN_POINT('',(2.188E+03,530.,0.));
#3554 = VECTOR('',#3555,1.);
#3555 = DIRECTION('',(1.,0.,0.));
#3556 = ORIENTED_EDGE('',*,*,#3471,.T.);
#3557 = ORIENTED_EDGE('',*,*,#3558,.T.);
#3558 = EDGE_CURVE('',#3474,#3514,#3559,.T.);
#3559 = LINE('',#3560,#3561);
#3560 = CARTESIAN_POINT('',(2.188E+03,530.,80.));
#3561 = VECTOR('',#3562,1.);
#3562 = DIRECTION('',(1.,0.,0.));
#3563 = ORIENTED_EDGE('',*,*,#3511,.F.);
#3564 = PLANE('',#3565);
#3565 = AXIS2_PLACEMENT_3D('',#3566,#3567,#3568);
#3566 = CARTESIAN_POINT('',(2.188E+03,530.,0.));
#3567 = DIRECTION('',(0.,1.,0.));
#3568 = DIRECTION('',(0.,0.,1.));
#3569 = ADVANCED_FACE('',(#3570),#3586,.T.);
#3570 = FACE_BOUND('',#3571,.T.);
#3571 = EDGE_LOOP('',(#3572,#3578,#3579,#3585));
#3572 = ORIENTED_EDGE('',*,*,#3573,.F.);
#3573 = EDGE_CURVE('',#3482,#3522,#3574,.T.);
#3574 = LINE('',#3575,#3576);
#3575 = CARTESIAN_POINT('',(2.188E+03,570.,0.));
#3576 = VECTOR('',#3577,1.);
#3577 = DIRECTION('',(1.,0.,0.));
#3578 = ORIENTED_EDGE('',*,*,#3489,.T.);
#3579 = ORIENTED_EDGE('',*,*,#3580,.T.);
#3580 = EDGE_CURVE('',#3490,#3530,#3581,.T.);
#3581 = LINE('',#3582,#3583);
#3582 = CARTESIAN_POINT('',(2.188E+03,570.,80.));
#3583 = VECTOR('',#3584,1.);
#3584 = DIRECTION('',(1.,0.,0.));
#3585 = ORIENTED_EDGE('',*,*,#3529,.F.);
#3586 = PLANE('',#3587);
#3587 = AXIS2_PLACEMENT_3D('',#3588,#3589,#3590);
#3588 = CARTESIAN_POINT('',(2.188E+03,570.,0.));
#3589 = DIRECTION('',(0.,1.,0.));
#3590 = DIRECTION('',(0.,0.,1.));
#3591 = ADVANCED_FACE('',(#3592),#3598,.F.);
#3592 = FACE_BOUND('',#3593,.F.);
#3593 = EDGE_LOOP('',(#3594,#3595,#3596,#3597));
#3594 = ORIENTED_EDGE('',*,*,#3481,.F.);
#3595 = ORIENTED_EDGE('',*,*,#3551,.T.);
#3596 = ORIENTED_EDGE('',*,*,#3521,.T.);
#3597 = ORIENTED_EDGE('',*,*,#3573,.F.);
#3598 = PLANE('',#3599);
#3599 = AXIS2_PLACEMENT_3D('',#3600,#3601,#3602);
#3600 = CARTESIAN_POINT('',(2.188E+03,530.,0.));
#3601 = DIRECTION('',(0.,0.,1.));
#3602 = DIRECTION('',(1.,0.,0.));
#3603 = ADVANCED_FACE('',(#3604),#3610,.T.);
#3604 = FACE_BOUND('',#3605,.T.);
#3605 = EDGE_LOOP('',(#3606,#3607,#3608,#3609));
#3606 = ORIENTED_EDGE('',*,*,#3497,.F.);
#3607 = ORIENTED_EDGE('',*,*,#3558,.T.);
#3608 = ORIENTED_EDGE('',*,*,#3537,.T.);
#3609 = ORIENTED_EDGE('',*,*,#3580,.F.);
#3610 = PLANE('',#3611);
#3611 = AXIS2_PLACEMENT_3D('',#3612,#3613,#3614);
#3612 = CARTESIAN_POINT('',(2.188E+03,530.,80.));
#3613 = DIRECTION('',(0.,0.,1.));
#3614 = DIRECTION('',(1.,0.,0.));
#3615 = MANIFOLD_SOLID_BREP('',#3616);
#3616 = CLOSED_SHELL('',(#3617,#3657,#3697,#3719,#3741,#3753));
#3617 = ADVANCED_FACE('',(#3618),#3652,.F.);
#3618 = FACE_BOUND('',#3619,.F.);
#3619 = EDGE_LOOP('',(#3620,#3630,#3638,#3646));
#3620 = ORIENTED_EDGE('',*,*,#3621,.F.);
#3621 = EDGE_CURVE('',#3622,#3624,#3626,.T.);
#3622 = VERTEX_POINT('',#3623);
#3623 = CARTESIAN_POINT('',(921.,597.,98.));
#3624 = VERTEX_POINT('',#3625);
#3625 = CARTESIAN_POINT('',(921.,597.,852.));
#3626 = LINE('',#3627,#3628);
#3627 = CARTESIAN_POINT('',(921.,597.,98.));
#3628 = VECTOR('',#3629,1.);
#3629 = DIRECTION('',(0.,0.,1.));
#3630 = ORIENTED_EDGE('',*,*,#3631,.T.);
#3631 = EDGE_CURVE('',#3622,#3632,#3634,.T.);
#3632 = VERTEX_POINT('',#3633);
#3633 = CARTESIAN_POINT('',(921.,600.,98.));
#3634 = LINE('',#3635,#3636);
#3635 = CARTESIAN_POINT('',(921.,597.,98.));
#3636 = VECTOR('',#3637,1.);
#3637 = DIRECTION('',(0.,1.,0.));
#3638 = ORIENTED_EDGE('',*,*,#3639,.T.);
#3639 = EDGE_CURVE('',#3632,#3640,#3642,.T.);
#3640 = VERTEX_POINT('',#3641);
#3641 = CARTESIAN_POINT('',(921.,600.,852.));
#3642 = LINE('',#3643,#3644);
#3643 = CARTESIAN_POINT('',(921.,600.,98.));
#3644 = VECTOR('',#3645,1.);
#3645 = DIRECTION('',(0.,0.,1.));
#3646 = ORIENTED_EDGE('',*,*,#3647,.F.);
#3647 = EDGE_CURVE('',#3624,#3640,#3648,.T.);
#3648 = LINE('',#3649,#3650);
#3649 = CARTESIAN_POINT('',(921.,597.,852.));
#3650 = VECTOR('',#3651,1.);
#3651 = DIRECTION('',(0.,1.,0.));
#3652 = PLANE('',#3653);
#3653 = AXIS2_PLACEMENT_3D('',#3654,#3655,#3656);
#3654 = CARTESIAN_POINT('',(921.,597.,98.));
#3655 = DIRECTION('',(1.,0.,0.));
#3656 = DIRECTION('',(0.,0.,1.));
#3657 = ADVANCED_FACE('',(#3658),#3692,.T.);
#3658 = FACE_BOUND('',#3659,.T.);
#3659 = EDGE_LOOP('',(#3660,#3670,#3678,#3686));
#3660 = ORIENTED_EDGE('',*,*,#3661,.F.);
#3661 = EDGE_CURVE('',#3662,#3664,#3666,.T.);
#3662 = VERTEX_POINT('',#3663);
#3663 = CARTESIAN_POINT('',(2.24E+03,597.,98.));
#3664 = VERTEX_POINT('',#3665);
#3665 = CARTESIAN_POINT('',(2.24E+03,597.,852.));
#3666 = LINE('',#3667,#3668);
#3667 = CARTESIAN_POINT('',(2.24E+03,597.,98.));
#3668 = VECTOR('',#3669,1.);
#3669 = DIRECTION('',(0.,0.,1.));
#3670 = ORIENTED_EDGE('',*,*,#3671,.T.);
#3671 = EDGE_CURVE('',#3662,#3672,#3674,.T.);
#3672 = VERTEX_POINT('',#3673);
#3673 = CARTESIAN_POINT('',(2.24E+03,600.,98.));
#3674 = LINE('',#3675,#3676);
#3675 = CARTESIAN_POINT('',(2.24E+03,597.,98.));
#3676 = VECTOR('',#3677,1.);
#3677 = DIRECTION('',(0.,1.,0.));
#3678 = ORIENTED_EDGE('',*,*,#3679,.T.);
#3679 = EDGE_CURVE('',#3672,#3680,#3682,.T.);
#3680 = VERTEX_POINT('',#3681);
#3681 = CARTESIAN_POINT('',(2.24E+03,600.,852.));
#3682 = LINE('',#3683,#3684);
#3683 = CARTESIAN_POINT('',(2.24E+03,600.,98.));
#3684 = VECTOR('',#3685,1.);
#3685 = DIRECTION('',(0.,0.,1.));
#3686 = ORIENTED_EDGE('',*,*,#3687,.F.);
#3687 = EDGE_CURVE('',#3664,#3680,#3688,.T.);
#3688 = LINE('',#3689,#3690);
#3689 = CARTESIAN_POINT('',(2.24E+03,597.,852.));
#3690 = VECTOR('',#3691,1.);
#3691 = DIRECTION('',(0.,1.,0.));
#3692 = PLANE('',#3693);
#3693 = AXIS2_PLACEMENT_3D('',#3694,#3695,#3696);
#3694 = CARTESIAN_POINT('',(2.24E+03,597.,98.));
#3695 = DIRECTION('',(1.,0.,0.));
#3696 = DIRECTION('',(0.,0.,1.));
#3697 = ADVANCED_FACE('',(#3698),#3714,.F.);
#3698 = FACE_BOUND('',#3699,.F.);
#3699 = EDGE_LOOP('',(#3700,#3706,#3707,#3713));
#3700 = ORIENTED_EDGE('',*,*,#3701,.F.);
#3701 = EDGE_CURVE('',#3622,#3662,#3702,.T.);
#3702 = LINE('',#3703,#3704);
#3703 = CARTESIAN_POINT('',(921.,597.,98.));
#3704 = VECTOR('',#3705,1.);
#3705 = DIRECTION('',(1.,0.,0.));
#3706 = ORIENTED_EDGE('',*,*,#3621,.T.);
#3707 = ORIENTED_EDGE('',*,*,#3708,.T.);
#3708 = EDGE_CURVE('',#3624,#3664,#3709,.T.);
#3709 = LINE('',#3710,#3711);
#3710 = CARTESIAN_POINT('',(921.,597.,852.));
#3711 = VECTOR('',#3712,1.);
#3712 = DIRECTION('',(1.,0.,0.));
#3713 = ORIENTED_EDGE('',*,*,#3661,.F.);
#3714 = PLANE('',#3715);
#3715 = AXIS2_PLACEMENT_3D('',#3716,#3717,#3718);
#3716 = CARTESIAN_POINT('',(921.,597.,98.));
#3717 = DIRECTION('',(0.,1.,0.));
#3718 = DIRECTION('',(0.,0.,1.));
#3719 = ADVANCED_FACE('',(#3720),#3736,.T.);
#3720 = FACE_BOUND('',#3721,.T.);
#3721 = EDGE_LOOP('',(#3722,#3728,#3729,#3735));
#3722 = ORIENTED_EDGE('',*,*,#3723,.F.);
#3723 = EDGE_CURVE('',#3632,#3672,#3724,.T.);
#3724 = LINE('',#3725,#3726);
#3725 = CARTESIAN_POINT('',(921.,600.,98.));
#3726 = VECTOR('',#3727,1.);
#3727 = DIRECTION('',(1.,0.,0.));
#3728 = ORIENTED_EDGE('',*,*,#3639,.T.);
#3729 = ORIENTED_EDGE('',*,*,#3730,.T.);
#3730 = EDGE_CURVE('',#3640,#3680,#3731,.T.);
#3731 = LINE('',#3732,#3733);
#3732 = CARTESIAN_POINT('',(921.,600.,852.));
#3733 = VECTOR('',#3734,1.);
#3734 = DIRECTION('',(1.,0.,0.));
#3735 = ORIENTED_EDGE('',*,*,#3679,.F.);
#3736 = PLANE('',#3737);
#3737 = AXIS2_PLACEMENT_3D('',#3738,#3739,#3740);
#3738 = CARTESIAN_POINT('',(921.,600.,98.));
#3739 = DIRECTION('',(0.,1.,0.));
#3740 = DIRECTION('',(0.,0.,1.));
#3741 = ADVANCED_FACE('',(#3742),#3748,.F.);
#3742 = FACE_BOUND('',#3743,.F.);
#3743 = EDGE_LOOP('',(#3744,#3745,#3746,#3747));
#3744 = ORIENTED_EDGE('',*,*,#3631,.F.);
#3745 = ORIENTED_EDGE('',*,*,#3701,.T.);
#3746 = ORIENTED_EDGE('',*,*,#3671,.T.);
#3747 = ORIENTED_EDGE('',*,*,#3723,.F.);
#3748 = PLANE('',#3749);
#3749 = AXIS2_PLACEMENT_3D('',#3750,#3751,#3752);
#3750 = CARTESIAN_POINT('',(921.,597.,98.));
#3751 = DIRECTION('',(0.,0.,1.));
#3752 = DIRECTION('',(1.,0.,0.));
#3753 = ADVANCED_FACE('',(#3754),#3760,.T.);
#3754 = FACE_BOUND('',#3755,.T.);
#3755 = EDGE_LOOP('',(#3756,#3757,#3758,#3759));
#3756 = ORIENTED_EDGE('',*,*,#3647,.F.);
#3757 = ORIENTED_EDGE('',*,*,#3708,.T.);
#3758 = ORIENTED_EDGE('',*,*,#3687,.T.);
#3759 = ORIENTED_EDGE('',*,*,#3730,.F.);
#3760 = PLANE('',#3761);
#3761 = AXIS2_PLACEMENT_3D('',#3762,#3763,#3764);
#3762 = CARTESIAN_POINT('',(921.,597.,852.));
#3763 = DIRECTION('',(0.,0.,1.));
#3764 = DIRECTION('',(1.,0.,0.));
#3765 = MANIFOLD_SOLID_BREP('',#3766);
#3766 = CLOSED_SHELL('',(#3767,#3807,#3847,#3869,#3891,#3903));
#3767 = ADVANCED_FACE('',(#3768),#3802,.F.);
#3768 = FACE_BOUND('',#3769,.F.);
#3769 = EDGE_LOOP('',(#3770,#3780,#3788,#3796));
#3770 = ORIENTED_EDGE('',*,*,#3771,.F.);
#3771 = EDGE_CURVE('',#3772,#3774,#3776,.T.);
#3772 = VERTEX_POINT('',#3773);
#3773 = CARTESIAN_POINT('',(903.,0.,852.));
#3774 = VERTEX_POINT('',#3775);
#3775 = CARTESIAN_POINT('',(903.,0.,870.));
#3776 = LINE('',#3777,#3778);
#3777 = CARTESIAN_POINT('',(903.,0.,852.));
#3778 = VECTOR('',#3779,1.);
#3779 = DIRECTION('',(0.,0.,1.));
#3780 = ORIENTED_EDGE('',*,*,#3781,.T.);
#3781 = EDGE_CURVE('',#3772,#3782,#3784,.T.);
#3782 = VERTEX_POINT('',#3783);
#3783 = CARTESIAN_POINT('',(903.,200.,852.));
#3784 = LINE('',#3785,#3786);
#3785 = CARTESIAN_POINT('',(903.,0.,852.));
#3786 = VECTOR('',#3787,1.);
#3787 = DIRECTION('',(0.,1.,0.));
#3788 = ORIENTED_EDGE('',*,*,#3789,.T.);
#3789 = EDGE_CURVE('',#3782,#3790,#3792,.T.);
#3790 = VERTEX_POINT('',#3791);
#3791 = CARTESIAN_POINT('',(903.,200.,870.));
#3792 = LINE('',#3793,#3794);
#3793 = CARTESIAN_POINT('',(903.,200.,852.));
#3794 = VECTOR('',#3795,1.);
#3795 = DIRECTION('',(0.,0.,1.));
#3796 = ORIENTED_EDGE('',*,*,#3797,.F.);
#3797 = EDGE_CURVE('',#3774,#3790,#3798,.T.);
#3798 = LINE('',#3799,#3800);
#3799 = CARTESIAN_POINT('',(903.,0.,870.));
#3800 = VECTOR('',#3801,1.);
#3801 = DIRECTION('',(0.,1.,0.));
#3802 = PLANE('',#3803);
#3803 = AXIS2_PLACEMENT_3D('',#3804,#3805,#3806);
#3804 = CARTESIAN_POINT('',(903.,0.,852.));
#3805 = DIRECTION('',(1.,0.,0.));
#3806 = DIRECTION('',(0.,0.,1.));
#3807 = ADVANCED_FACE('',(#3808),#3842,.T.);
#3808 = FACE_BOUND('',#3809,.T.);
#3809 = EDGE_LOOP('',(#3810,#3820,#3828,#3836));
#3810 = ORIENTED_EDGE('',*,*,#3811,.F.);
#3811 = EDGE_CURVE('',#3812,#3814,#3816,.T.);
#3812 = VERTEX_POINT('',#3813);
#3813 = CARTESIAN_POINT('',(2.258E+03,0.,852.));
#3814 = VERTEX_POINT('',#3815);
#3815 = CARTESIAN_POINT('',(2.258E+03,0.,870.));
#3816 = LINE('',#3817,#3818);
#3817 = CARTESIAN_POINT('',(2.258E+03,0.,852.));
#3818 = VECTOR('',#3819,1.);
#3819 = DIRECTION('',(0.,0.,1.));
#3820 = ORIENTED_EDGE('',*,*,#3821,.T.);
#3821 = EDGE_CURVE('',#3812,#3822,#3824,.T.);
#3822 = VERTEX_POINT('',#3823);
#3823 = CARTESIAN_POINT('',(2.258E+03,200.,852.));
#3824 = LINE('',#3825,#3826);
#3825 = CARTESIAN_POINT('',(2.258E+03,0.,852.));
#3826 = VECTOR('',#3827,1.);
#3827 = DIRECTION('',(0.,1.,0.));
#3828 = ORIENTED_EDGE('',*,*,#3829,.T.);
#3829 = EDGE_CURVE('',#3822,#3830,#3832,.T.);
#3830 = VERTEX_POINT('',#3831);
#3831 = CARTESIAN_POINT('',(2.258E+03,200.,870.));
#3832 = LINE('',#3833,#3834);
#3833 = CARTESIAN_POINT('',(2.258E+03,200.,852.));
#3834 = VECTOR('',#3835,1.);
#3835 = DIRECTION('',(0.,0.,1.));
#3836 = ORIENTED_EDGE('',*,*,#3837,.F.);
#3837 = EDGE_CURVE('',#3814,#3830,#3838,.T.);
#3838 = LINE('',#3839,#3840);
#3839 = CARTESIAN_POINT('',(2.258E+03,0.,870.));
#3840 = VECTOR('',#3841,1.);
#3841 = DIRECTION('',(0.,1.,0.));
#3842 = PLANE('',#3843);
#3843 = AXIS2_PLACEMENT_3D('',#3844,#3845,#3846);
#3844 = CARTESIAN_POINT('',(2.258E+03,0.,852.));
#3845 = DIRECTION('',(1.,0.,0.));
#3846 = DIRECTION('',(0.,0.,1.));
#3847 = ADVANCED_FACE('',(#3848),#3864,.F.);
#3848 = FACE_BOUND('',#3849,.F.);
#3849 = EDGE_LOOP('',(#3850,#3856,#3857,#3863));
#3850 = ORIENTED_EDGE('',*,*,#3851,.F.);
#3851 = EDGE_CURVE('',#3772,#3812,#3852,.T.);
#3852 = LINE('',#3853,#3854);
#3853 = CARTESIAN_POINT('',(903.,0.,852.));
#3854 = VECTOR('',#3855,1.);
#3855 = DIRECTION('',(1.,0.,0.));
#3856 = ORIENTED_EDGE('',*,*,#3771,.T.);
#3857 = ORIENTED_EDGE('',*,*,#3858,.T.);
#3858 = EDGE_CURVE('',#3774,#3814,#3859,.T.);
#3859 = LINE('',#3860,#3861);
#3860 = CARTESIAN_POINT('',(903.,0.,870.));
#3861 = VECTOR('',#3862,1.);
#3862 = DIRECTION('',(1.,0.,0.));
#3863 = ORIENTED_EDGE('',*,*,#3811,.F.);
#3864 = PLANE('',#3865);
#3865 = AXIS2_PLACEMENT_3D('',#3866,#3867,#3868);
#3866 = CARTESIAN_POINT('',(903.,0.,852.));
#3867 = DIRECTION('',(0.,1.,0.));
#3868 = DIRECTION('',(0.,0.,1.));
#3869 = ADVANCED_FACE('',(#3870),#3886,.T.);
#3870 = FACE_BOUND('',#3871,.T.);
#3871 = EDGE_LOOP('',(#3872,#3878,#3879,#3885));
#3872 = ORIENTED_EDGE('',*,*,#3873,.F.);
#3873 = EDGE_CURVE('',#3782,#3822,#3874,.T.);
#3874 = LINE('',#3875,#3876);
#3875 = CARTESIAN_POINT('',(903.,200.,852.));
#3876 = VECTOR('',#3877,1.);
#3877 = DIRECTION('',(1.,0.,0.));
#3878 = ORIENTED_EDGE('',*,*,#3789,.T.);
#3879 = ORIENTED_EDGE('',*,*,#3880,.T.);
#3880 = EDGE_CURVE('',#3790,#3830,#3881,.T.);
#3881 = LINE('',#3882,#3883);
#3882 = CARTESIAN_POINT('',(903.,200.,870.));
#3883 = VECTOR('',#3884,1.);
#3884 = DIRECTION('',(1.,0.,0.));
#3885 = ORIENTED_EDGE('',*,*,#3829,.F.);
#3886 = PLANE('',#3887);
#3887 = AXIS2_PLACEMENT_3D('',#3888,#3889,#3890);
#3888 = CARTESIAN_POINT('',(903.,200.,852.));
#3889 = DIRECTION('',(0.,1.,0.));
#3890 = DIRECTION('',(0.,0.,1.));
#3891 = ADVANCED_FACE('',(#3892),#3898,.F.);
#3892 = FACE_BOUND('',#3893,.F.);
#3893 = EDGE_LOOP('',(#3894,#3895,#3896,#3897));
#3894 = ORIENTED_EDGE('',*,*,#3781,.F.);
#3895 = ORIENTED_EDGE('',*,*,#3851,.T.);
#3896 = ORIENTED_EDGE('',*,*,#3821,.T.);
#3897 = ORIENTED_EDGE('',*,*,#3873,.F.);
#3898 = PLANE('',#3899);
#3899 = AXIS2_PLACEMENT_3D('',#3900,#3901,#3902);
#3900 = CARTESIAN_POINT('',(903.,0.,852.));
#3901 = DIRECTION('',(0.,0.,1.));
#3902 = DIRECTION('',(1.,0.,0.));
#3903 = ADVANCED_FACE('',(#3904),#3910,.T.);
#3904 = FACE_BOUND('',#3905,.T.);
#3905 = EDGE_LOOP('',(#3906,#3907,#3908,#3909));
#3906 = ORIENTED_EDGE('',*,*,#3797,.F.);
#3907 = ORIENTED_EDGE('',*,*,#3858,.T.);
#3908 = ORIENTED_EDGE('',*,*,#3837,.T.);
#3909 = ORIENTED_EDGE('',*,*,#3880,.F.);
#3910 = PLANE('',#3911);
#3911 = AXIS2_PLACEMENT_3D('',#3912,#3913,#3914);
#3912 = CARTESIAN_POINT('',(903.,0.,870.));
#3913 = DIRECTION('',(0.,0.,1.));
#3914 = DIRECTION('',(1.,0.,0.));
#3915 = MANIFOLD_SOLID_BREP('',#3916);
#3916 = CLOSED_SHELL('',(#3917,#3957,#3997,#4019,#4041,#4053));
#3917 = ADVANCED_FACE('',(#3918),#3952,.F.);
#3918 = FACE_BOUND('',#3919,.F.);
#3919 = EDGE_LOOP('',(#3920,#3930,#3938,#3946));
#3920 = ORIENTED_EDGE('',*,*,#3921,.F.);
#3921 = EDGE_CURVE('',#3922,#3924,#3926,.T.);
#3922 = VERTEX_POINT('',#3923);
#3923 = CARTESIAN_POINT('',(903.,400.,852.));
#3924 = VERTEX_POINT('',#3925);
#3925 = CARTESIAN_POINT('',(903.,400.,870.));
#3926 = LINE('',#3927,#3928);
#3927 = CARTESIAN_POINT('',(903.,400.,852.));
#3928 = VECTOR('',#3929,1.);
#3929 = DIRECTION('',(0.,0.,1.));
#3930 = ORIENTED_EDGE('',*,*,#3931,.T.);
#3931 = EDGE_CURVE('',#3922,#3932,#3934,.T.);
#3932 = VERTEX_POINT('',#3933);
#3933 = CARTESIAN_POINT('',(903.,600.,852.));
#3934 = LINE('',#3935,#3936);
#3935 = CARTESIAN_POINT('',(903.,400.,852.));
#3936 = VECTOR('',#3937,1.);
#3937 = DIRECTION('',(0.,1.,0.));
#3938 = ORIENTED_EDGE('',*,*,#3939,.T.);
#3939 = EDGE_CURVE('',#3932,#3940,#3942,.T.);
#3940 = VERTEX_POINT('',#3941);
#3941 = CARTESIAN_POINT('',(903.,600.,870.));
#3942 = LINE('',#3943,#3944);
#3943 = CARTESIAN_POINT('',(903.,600.,852.));
#3944 = VECTOR('',#3945,1.);
#3945 = DIRECTION('',(0.,0.,1.));
#3946 = ORIENTED_EDGE('',*,*,#3947,.F.);
#3947 = EDGE_CURVE('',#3924,#3940,#3948,.T.);
#3948 = LINE('',#3949,#3950);
#3949 = CARTESIAN_POINT('',(903.,400.,870.));
#3950 = VECTOR('',#3951,1.);
#3951 = DIRECTION('',(0.,1.,0.));
#3952 = PLANE('',#3953);
#3953 = AXIS2_PLACEMENT_3D('',#3954,#3955,#3956);
#3954 = CARTESIAN_POINT('',(903.,400.,852.));
#3955 = DIRECTION('',(1.,0.,0.));
#3956 = DIRECTION('',(0.,0.,1.));
#3957 = ADVANCED_FACE('',(#3958),#3992,.T.);
#3958 = FACE_BOUND('',#3959,.T.);
#3959 = EDGE_LOOP('',(#3960,#3970,#3978,#3986));
#3960 = ORIENTED_EDGE('',*,*,#3961,.F.);
#3961 = EDGE_CURVE('',#3962,#3964,#3966,.T.);
#3962 = VERTEX_POINT('',#3963);
#3963 = CARTESIAN_POINT('',(2.258E+03,400.,852.));
#3964 = VERTEX_POINT('',#3965);
#3965 = CARTESIAN_POINT('',(2.258E+03,400.,870.));
#3966 = LINE('',#3967,#3968);
#3967 = CARTESIAN_POINT('',(2.258E+03,400.,852.));
#3968 = VECTOR('',#3969,1.);
#3969 = DIRECTION('',(0.,0.,1.));
#3970 = ORIENTED_EDGE('',*,*,#3971,.T.);
#3971 = EDGE_CURVE('',#3962,#3972,#3974,.T.);
#3972 = VERTEX_POINT('',#3973);
#3973 = CARTESIAN_POINT('',(2.258E+03,600.,852.));
#3974 = LINE('',#3975,#3976);
#3975 = CARTESIAN_POINT('',(2.258E+03,400.,852.));
#3976 = VECTOR('',#3977,1.);
#3977 = DIRECTION('',(0.,1.,0.));
#3978 = ORIENTED_EDGE('',*,*,#3979,.T.);
#3979 = EDGE_CURVE('',#3972,#3980,#3982,.T.);
#3980 = VERTEX_POINT('',#3981);
#3981 = CARTESIAN_POINT('',(2.258E+03,600.,870.));
#3982 = LINE('',#3983,#3984);
#3983 = CARTESIAN_POINT('',(2.258E+03,600.,852.));
#3984 = VECTOR('',#3985,1.);
#3985 = DIRECTION('',(0.,0.,1.));
#3986 = ORIENTED_EDGE('',*,*,#3987,.F.);
#3987 = EDGE_CURVE('',#3964,#3980,#3988,.T.);
#3988 = LINE('',#3989,#3990);
#3989 = CARTESIAN_POINT('',(2.258E+03,400.,870.));
#3990 = VECTOR('',#3991,1.);
#3991 = DIRECTION('',(0.,1.,0.));
#3992 = PLANE('',#3993);
#3993 = AXIS2_PLACEMENT_3D('',#3994,#3995,#3996);
#3994 = CARTESIAN_POINT('',(2.258E+03,400.,852.));
#3995 = DIRECTION('',(1.,0.,0.));
#3996 = DIRECTION('',(0.,0.,1.));
#3997 = ADVANCED_FACE('',(#3998),#4014,.F.);
#3998 = FACE_BOUND('',#3999,.F.);
#3999 = EDGE_LOOP('',(#4000,#4006,#4007,#4013));
#4000 = ORIENTED_EDGE('',*,*,#4001,.F.);
#4001 = EDGE_CURVE('',#3922,#3962,#4002,.T.);
#4002 = LINE('',#4003,#4004);
#4003 = CARTESIAN_POINT('',(903.,400.,852.));
#4004 = VECTOR('',#4005,1.);
#4005 = DIRECTION('',(1.,0.,0.));
#4006 = ORIENTED_EDGE('',*,*,#3921,.T.);
#4007 = ORIENTED_EDGE('',*,*,#4008,.T.);
#4008 = EDGE_CURVE('',#3924,#3964,#4009,.T.);
#4009 = LINE('',#4010,#4011);
#4010 = CARTESIAN_POINT('',(903.,400.,870.));
#4011 = VECTOR('',#4012,1.);
#4012 = DIRECTION('',(1.,0.,0.));
#4013 = ORIENTED_EDGE('',*,*,#3961,.F.);
#4014 = PLANE('',#4015);
#4015 = AXIS2_PLACEMENT_3D('',#4016,#4017,#4018);
#4016 = CARTESIAN_POINT('',(903.,400.,852.));
#4017 = DIRECTION('',(0.,1.,0.));
#4018 = DIRECTION('',(0.,0.,1.));
#4019 = ADVANCED_FACE('',(#4020),#4036,.T.);
#4020 = FACE_BOUND('',#4021,.T.);
#4021 = EDGE_LOOP('',(#4022,#4028,#4029,#4035));
#4022 = ORIENTED_EDGE('',*,*,#4023,.F.);
#4023 = EDGE_CURVE('',#3932,#3972,#4024,.T.);
#4024 = LINE('',#4025,#4026);
#4025 = CARTESIAN_POINT('',(903.,600.,852.));
#4026 = VECTOR('',#4027,1.);
#4027 = DIRECTION('',(1.,0.,0.));
#4028 = ORIENTED_EDGE('',*,*,#3939,.T.);
#4029 = ORIENTED_EDGE('',*,*,#4030,.T.);
#4030 = EDGE_CURVE('',#3940,#3980,#4031,.T.);
#4031 = LINE('',#4032,#4033);
#4032 = CARTESIAN_POINT('',(903.,600.,870.));
#4033 = VECTOR('',#4034,1.);
#4034 = DIRECTION('',(1.,0.,0.));
#4035 = ORIENTED_EDGE('',*,*,#3979,.F.);
#4036 = PLANE('',#4037);
#4037 = AXIS2_PLACEMENT_3D('',#4038,#4039,#4040);
#4038 = CARTESIAN_POINT('',(903.,600.,852.));
#4039 = DIRECTION('',(0.,1.,0.));
#4040 = DIRECTION('',(0.,0.,1.));
#4041 = ADVANCED_FACE('',(#4042),#4048,.F.);
#4042 = FACE_BOUND('',#4043,.F.);
#4043 = EDGE_LOOP('',(#4044,#4045,#4046,#4047));
#4044 = ORIENTED_EDGE('',*,*,#3931,.F.);
#4045 = ORIENTED_EDGE('',*,*,#4001,.T.);
#4046 = ORIENTED_EDGE('',*,*,#3971,.T.);
#4047 = ORIENTED_EDGE('',*,*,#4023,.F.);
#4048 = PLANE('',#4049);
#4049 = AXIS2_PLACEMENT_3D('',#4050,#4051,#4052);
#4050 = CARTESIAN_POINT('',(903.,400.,852.));
#4051 = DIRECTION('',(0.,0.,1.));
#4052 = DIRECTION('',(1.,0.,0.));
#4053 = ADVANCED_FACE('',(#4054),#4060,.T.);
#4054 = FACE_BOUND('',#4055,.T.);
#4055 = EDGE_LOOP('',(#4056,#4057,#4058,#4059));
#4056 = ORIENTED_EDGE('',*,*,#3947,.F.);
#4057 = ORIENTED_EDGE('',*,*,#4008,.T.);
#4058 = ORIENTED_EDGE('',*,*,#3987,.T.);
#4059 = ORIENTED_EDGE('',*,*,#4030,.F.);
#4060 = PLANE('',#4061);
#4061 = AXIS2_PLACEMENT_3D('',#4062,#4063,#4064);
#4062 = CARTESIAN_POINT('',(903.,400.,870.));
#4063 = DIRECTION('',(0.,0.,1.));
#4064 = DIRECTION('',(1.,0.,0.));
#4065 = MANIFOLD_SOLID_BREP('',#4066);
#4066 = CLOSED_SHELL('',(#4067,#4107,#4147,#4169,#4191,#4203));
#4067 = ADVANCED_FACE('',(#4068),#4102,.F.);
#4068 = FACE_BOUND('',#4069,.F.);
#4069 = EDGE_LOOP('',(#4070,#4080,#4088,#4096));
#4070 = ORIENTED_EDGE('',*,*,#4071,.F.);
#4071 = EDGE_CURVE('',#4072,#4074,#4076,.T.);
#4072 = VERTEX_POINT('',#4073);
#4073 = CARTESIAN_POINT('',(1.5715E+03,18.,98.));
#4074 = VERTEX_POINT('',#4075);
#4075 = CARTESIAN_POINT('',(1.5715E+03,18.,852.));
#4076 = LINE('',#4077,#4078);
#4077 = CARTESIAN_POINT('',(1.5715E+03,18.,98.));
#4078 = VECTOR('',#4079,1.);
#4079 = DIRECTION('',(0.,0.,1.));
#4080 = ORIENTED_EDGE('',*,*,#4081,.T.);
#4081 = EDGE_CURVE('',#4072,#4082,#4084,.T.);
#4082 = VERTEX_POINT('',#4083);
#4083 = CARTESIAN_POINT('',(1.5715E+03,597.,98.));
#4084 = LINE('',#4085,#4086);
#4085 = CARTESIAN_POINT('',(1.5715E+03,18.,98.));
#4086 = VECTOR('',#4087,1.);
#4087 = DIRECTION('',(0.,1.,0.));
#4088 = ORIENTED_EDGE('',*,*,#4089,.T.);
#4089 = EDGE_CURVE('',#4082,#4090,#4092,.T.);
#4090 = VERTEX_POINT('',#4091);
#4091 = CARTESIAN_POINT('',(1.5715E+03,597.,852.));
#4092 = LINE('',#4093,#4094);
#4093 = CARTESIAN_POINT('',(1.5715E+03,597.,98.));
#4094 = VECTOR('',#4095,1.);
#4095 = DIRECTION('',(0.,0.,1.));
#4096 = ORIENTED_EDGE('',*,*,#4097,.F.);
#4097 = EDGE_CURVE('',#4074,#4090,#4098,.T.);
#4098 = LINE('',#4099,#4100);
#4099 = CARTESIAN_POINT('',(1.5715E+03,18.,852.));
#4100 = VECTOR('',#4101,1.);
#4101 = DIRECTION('',(0.,1.,0.));
#4102 = PLANE('',#4103);
#4103 = AXIS2_PLACEMENT_3D('',#4104,#4105,#4106);
#4104 = CARTESIAN_POINT('',(1.5715E+03,18.,98.));
#4105 = DIRECTION('',(1.,0.,0.));
#4106 = DIRECTION('',(0.,0.,1.));
#4107 = ADVANCED_FACE('',(#4108),#4142,.T.);
#4108 = FACE_BOUND('',#4109,.T.);
#4109 = EDGE_LOOP('',(#4110,#4120,#4128,#4136));
#4110 = ORIENTED_EDGE('',*,*,#4111,.F.);
#4111 = EDGE_CURVE('',#4112,#4114,#4116,.T.);
#4112 = VERTEX_POINT('',#4113);
#4113 = CARTESIAN_POINT('',(1.5895E+03,18.,98.));
#4114 = VERTEX_POINT('',#4115);
#4115 = CARTESIAN_POINT('',(1.5895E+03,18.,852.));
#4116 = LINE('',#4117,#4118);
#4117 = CARTESIAN_POINT('',(1.5895E+03,18.,98.));
#4118 = VECTOR('',#4119,1.);
#4119 = DIRECTION('',(0.,0.,1.));
#4120 = ORIENTED_EDGE('',*,*,#4121,.T.);
#4121 = EDGE_CURVE('',#4112,#4122,#4124,.T.);
#4122 = VERTEX_POINT('',#4123);
#4123 = CARTESIAN_POINT('',(1.5895E+03,597.,98.));
#4124 = LINE('',#4125,#4126);
#4125 = CARTESIAN_POINT('',(1.5895E+03,18.,98.));
#4126 = VECTOR('',#4127,1.);
#4127 = DIRECTION('',(0.,1.,0.));
#4128 = ORIENTED_EDGE('',*,*,#4129,.T.);
#4129 = EDGE_CURVE('',#4122,#4130,#4132,.T.);
#4130 = VERTEX_POINT('',#4131);
#4131 = CARTESIAN_POINT('',(1.5895E+03,597.,852.));
#4132 = LINE('',#4133,#4134);
#4133 = CARTESIAN_POINT('',(1.5895E+03,597.,98.));
#4134 = VECTOR('',#4135,1.);
#4135 = DIRECTION('',(0.,0.,1.));
#4136 = ORIENTED_EDGE('',*,*,#4137,.F.);
#4137 = EDGE_CURVE('',#4114,#4130,#4138,.T.);
#4138 = LINE('',#4139,#4140);
#4139 = CARTESIAN_POINT('',(1.5895E+03,18.,852.));
#4140 = VECTOR('',#4141,1.);
#4141 = DIRECTION('',(0.,1.,0.));
#4142 = PLANE('',#4143);
#4143 = AXIS2_PLACEMENT_3D('',#4144,#4145,#4146);
#4144 = CARTESIAN_POINT('',(1.5895E+03,18.,98.));
#4145 = DIRECTION('',(1.,0.,0.));
#4146 = DIRECTION('',(0.,0.,1.));
#4147 = ADVANCED_FACE('',(#4148),#4164,.F.);
#4148 = FACE_BOUND('',#4149,.F.);
#4149 = EDGE_LOOP('',(#4150,#4156,#4157,#4163));
#4150 = ORIENTED_EDGE('',*,*,#4151,.F.);
#4151 = EDGE_CURVE('',#4072,#4112,#4152,.T.);
#4152 = LINE('',#4153,#4154);
#4153 = CARTESIAN_POINT('',(1.5715E+03,18.,98.));
#4154 = VECTOR('',#4155,1.);
#4155 = DIRECTION('',(1.,0.,0.));
#4156 = ORIENTED_EDGE('',*,*,#4071,.T.);
#4157 = ORIENTED_EDGE('',*,*,#4158,.T.);
#4158 = EDGE_CURVE('',#4074,#4114,#4159,.T.);
#4159 = LINE('',#4160,#4161);
#4160 = CARTESIAN_POINT('',(1.5715E+03,18.,852.));
#4161 = VECTOR('',#4162,1.);
#4162 = DIRECTION('',(1.,0.,0.));
#4163 = ORIENTED_EDGE('',*,*,#4111,.F.);
#4164 = PLANE('',#4165);
#4165 = AXIS2_PLACEMENT_3D('',#4166,#4167,#4168);
#4166 = CARTESIAN_POINT('',(1.5715E+03,18.,98.));
#4167 = DIRECTION('',(0.,1.,0.));
#4168 = DIRECTION('',(0.,0.,1.));
#4169 = ADVANCED_FACE('',(#4170),#4186,.T.);
#4170 = FACE_BOUND('',#4171,.T.);
#4171 = EDGE_LOOP('',(#4172,#4178,#4179,#4185));
#4172 = ORIENTED_EDGE('',*,*,#4173,.F.);
#4173 = EDGE_CURVE('',#4082,#4122,#4174,.T.);
#4174 = LINE('',#4175,#4176);
#4175 = CARTESIAN_POINT('',(1.5715E+03,597.,98.));
#4176 = VECTOR('',#4177,1.);
#4177 = DIRECTION('',(1.,0.,0.));
#4178 = ORIENTED_EDGE('',*,*,#4089,.T.);
#4179 = ORIENTED_EDGE('',*,*,#4180,.T.);
#4180 = EDGE_CURVE('',#4090,#4130,#4181,.T.);
#4181 = LINE('',#4182,#4183);
#4182 = CARTESIAN_POINT('',(1.5715E+03,597.,852.));
#4183 = VECTOR('',#4184,1.);
#4184 = DIRECTION('',(1.,0.,0.));
#4185 = ORIENTED_EDGE('',*,*,#4129,.F.);
#4186 = PLANE('',#4187);
#4187 = AXIS2_PLACEMENT_3D('',#4188,#4189,#4190);
#4188 = CARTESIAN_POINT('',(1.5715E+03,597.,98.));
#4189 = DIRECTION('',(0.,1.,0.));
#4190 = DIRECTION('',(0.,0.,1.));
#4191 = ADVANCED_FACE('',(#4192),#4198,.F.);
#4192 = FACE_BOUND('',#4193,.F.);
#4193 = EDGE_LOOP('',(#4194,#4195,#4196,#4197));
#4194 = ORIENTED_EDGE('',*,*,#4081,.F.);
#4195 = ORIENTED_EDGE('',*,*,#4151,.T.);
#4196 = ORIENTED_EDGE('',*,*,#4121,.T.);
#4197 = ORIENTED_EDGE('',*,*,#4173,.F.);
#4198 = PLANE('',#4199);
#4199 = AXIS2_PLACEMENT_3D('',#4200,#4201,#4202);
#4200 = CARTESIAN_POINT('',(1.5715E+03,18.,98.));
#4201 = DIRECTION('',(0.,0.,1.));
#4202 = DIRECTION('',(1.,0.,0.));
#4203 = ADVANCED_FACE('',(#4204),#4210,.T.);
#4204 = FACE_BOUND('',#4205,.T.);
#4205 = EDGE_LOOP('',(#4206,#4207,#4208,#4209));
#4206 = ORIENTED_EDGE('',*,*,#4097,.F.);
#4207 = ORIENTED_EDGE('',*,*,#4158,.T.);
#4208 = ORIENTED_EDGE('',*,*,#4137,.T.);
#4209 = ORIENTED_EDGE('',*,*,#4180,.F.);
#4210 = PLANE('',#4211);
#4211 = AXIS2_PLACEMENT_3D('',#4212,#4213,#4214);
#4212 = CARTESIAN_POINT('',(1.5715E+03,18.,852.));
#4213 = DIRECTION('',(0.,0.,1.));
#4214 = DIRECTION('',(1.,0.,0.));
#4215 = MANIFOLD_SOLID_BREP('',#4216);
#4216 = CLOSED_SHELL('',(#4217,#4257,#4297,#4319,#4341,#4353));
#4217 = ADVANCED_FACE('',(#4218),#4252,.F.);
#4218 = FACE_BOUND('',#4219,.F.);
#4219 = EDGE_LOOP('',(#4220,#4230,#4238,#4246));
#4220 = ORIENTED_EDGE('',*,*,#4221,.F.);
#4221 = EDGE_CURVE('',#4222,#4224,#4226,.T.);
#4222 = VERTEX_POINT('',#4223);
#4223 = CARTESIAN_POINT('',(905.,-18.,722.));
#4224 = VERTEX_POINT('',#4225);
#4225 = CARTESIAN_POINT('',(905.,-18.,852.));
#4226 = LINE('',#4227,#4228);
#4227 = CARTESIAN_POINT('',(905.,-18.,722.));
#4228 = VECTOR('',#4229,1.);
#4229 = DIRECTION('',(0.,0.,1.));
#4230 = ORIENTED_EDGE('',*,*,#4231,.T.);
#4231 = EDGE_CURVE('',#4222,#4232,#4234,.T.);
#4232 = VERTEX_POINT('',#4233);
#4233 = CARTESIAN_POINT('',(905.,0.,722.));
#4234 = LINE('',#4235,#4236);
#4235 = CARTESIAN_POINT('',(905.,-18.,722.));
#4236 = VECTOR('',#4237,1.);
#4237 = DIRECTION('',(0.,1.,0.));
#4238 = ORIENTED_EDGE('',*,*,#4239,.T.);
#4239 = EDGE_CURVE('',#4232,#4240,#4242,.T.);
#4240 = VERTEX_POINT('',#4241);
#4241 = CARTESIAN_POINT('',(905.,0.,852.));
#4242 = LINE('',#4243,#4244);
#4243 = CARTESIAN_POINT('',(905.,0.,722.));
#4244 = VECTOR('',#4245,1.);
#4245 = DIRECTION('',(0.,0.,1.));
#4246 = ORIENTED_EDGE('',*,*,#4247,.F.);
#4247 = EDGE_CURVE('',#4224,#4240,#4248,.T.);
#4248 = LINE('',#4249,#4250);
#4249 = CARTESIAN_POINT('',(905.,-18.,852.));
#4250 = VECTOR('',#4251,1.);
#4251 = DIRECTION('',(0.,1.,0.));
#4252 = PLANE('',#4253);
#4253 = AXIS2_PLACEMENT_3D('',#4254,#4255,#4256);
#4254 = CARTESIAN_POINT('',(905.,-18.,722.));
#4255 = DIRECTION('',(1.,0.,0.));
#4256 = DIRECTION('',(0.,0.,1.));
#4257 = ADVANCED_FACE('',(#4258),#4292,.T.);
#4258 = FACE_BOUND('',#4259,.T.);
#4259 = EDGE_LOOP('',(#4260,#4270,#4278,#4286));
#4260 = ORIENTED_EDGE('',*,*,#4261,.F.);
#4261 = EDGE_CURVE('',#4262,#4264,#4266,.T.);
#4262 = VERTEX_POINT('',#4263);
#4263 = CARTESIAN_POINT('',(1.575E+03,-18.,722.));
#4264 = VERTEX_POINT('',#4265);
#4265 = CARTESIAN_POINT('',(1.575E+03,-18.,852.));
#4266 = LINE('',#4267,#4268);
#4267 = CARTESIAN_POINT('',(1.575E+03,-18.,722.));
#4268 = VECTOR('',#4269,1.);
#4269 = DIRECTION('',(0.,0.,1.));
#4270 = ORIENTED_EDGE('',*,*,#4271,.T.);
#4271 = EDGE_CURVE('',#4262,#4272,#4274,.T.);
#4272 = VERTEX_POINT('',#4273);
#4273 = CARTESIAN_POINT('',(1.575E+03,0.,722.));
#4274 = LINE('',#4275,#4276);
#4275 = CARTESIAN_POINT('',(1.575E+03,-18.,722.));
#4276 = VECTOR('',#4277,1.);
#4277 = DIRECTION('',(0.,1.,0.));
#4278 = ORIENTED_EDGE('',*,*,#4279,.T.);
#4279 = EDGE_CURVE('',#4272,#4280,#4282,.T.);
#4280 = VERTEX_POINT('',#4281);
#4281 = CARTESIAN_POINT('',(1.575E+03,0.,852.));
#4282 = LINE('',#4283,#4284);
#4283 = CARTESIAN_POINT('',(1.575E+03,0.,722.));
#4284 = VECTOR('',#4285,1.);
#4285 = DIRECTION('',(0.,0.,1.));
#4286 = ORIENTED_EDGE('',*,*,#4287,.F.);
#4287 = EDGE_CURVE('',#4264,#4280,#4288,.T.);
#4288 = LINE('',#4289,#4290);
#4289 = CARTESIAN_POINT('',(1.575E+03,-18.,852.));
#4290 = VECTOR('',#4291,1.);
#4291 = DIRECTION('',(0.,1.,0.));
#4292 = PLANE('',#4293);
#4293 = AXIS2_PLACEMENT_3D('',#4294,#4295,#4296);
#4294 = CARTESIAN_POINT('',(1.575E+03,-18.,722.));
#4295 = DIRECTION('',(1.,0.,0.));
#4296 = DIRECTION('',(0.,0.,1.));
#4297 = ADVANCED_FACE('',(#4298),#4314,.F.);
#4298 = FACE_BOUND('',#4299,.F.);
#4299 = EDGE_LOOP('',(#4300,#4306,#4307,#4313));
#4300 = ORIENTED_EDGE('',*,*,#4301,.F.);
#4301 = EDGE_CURVE('',#4222,#4262,#4302,.T.);
#4302 = LINE('',#4303,#4304);
#4303 = CARTESIAN_POINT('',(905.,-18.,722.));
#4304 = VECTOR('',#4305,1.);
#4305 = DIRECTION('',(1.,0.,0.));
#4306 = ORIENTED_EDGE('',*,*,#4221,.T.);
#4307 = ORIENTED_EDGE('',*,*,#4308,.T.);
#4308 = EDGE_CURVE('',#4224,#4264,#4309,.T.);
#4309 = LINE('',#4310,#4311);
#4310 = CARTESIAN_POINT('',(905.,-18.,852.));
#4311 = VECTOR('',#4312,1.);
#4312 = DIRECTION('',(1.,0.,0.));
#4313 = ORIENTED_EDGE('',*,*,#4261,.F.);
#4314 = PLANE('',#4315);
#4315 = AXIS2_PLACEMENT_3D('',#4316,#4317,#4318);
#4316 = CARTESIAN_POINT('',(905.,-18.,722.));
#4317 = DIRECTION('',(0.,1.,0.));
#4318 = DIRECTION('',(0.,0.,1.));
#4319 = ADVANCED_FACE('',(#4320),#4336,.T.);
#4320 = FACE_BOUND('',#4321,.T.);
#4321 = EDGE_LOOP('',(#4322,#4328,#4329,#4335));
#4322 = ORIENTED_EDGE('',*,*,#4323,.F.);
#4323 = EDGE_CURVE('',#4232,#4272,#4324,.T.);
#4324 = LINE('',#4325,#4326);
#4325 = CARTESIAN_POINT('',(905.,0.,722.));
#4326 = VECTOR('',#4327,1.);
#4327 = DIRECTION('',(1.,0.,0.));
#4328 = ORIENTED_EDGE('',*,*,#4239,.T.);
#4329 = ORIENTED_EDGE('',*,*,#4330,.T.);
#4330 = EDGE_CURVE('',#4240,#4280,#4331,.T.);
#4331 = LINE('',#4332,#4333);
#4332 = CARTESIAN_POINT('',(905.,0.,852.));
#4333 = VECTOR('',#4334,1.);
#4334 = DIRECTION('',(1.,0.,0.));
#4335 = ORIENTED_EDGE('',*,*,#4279,.F.);
#4336 = PLANE('',#4337);
#4337 = AXIS2_PLACEMENT_3D('',#4338,#4339,#4340);
#4338 = CARTESIAN_POINT('',(905.,0.,722.));
#4339 = DIRECTION('',(0.,1.,0.));
#4340 = DIRECTION('',(0.,0.,1.));
#4341 = ADVANCED_FACE('',(#4342),#4348,.F.);
#4342 = FACE_BOUND('',#4343,.F.);
#4343 = EDGE_LOOP('',(#4344,#4345,#4346,#4347));
#4344 = ORIENTED_EDGE('',*,*,#4231,.F.);
#4345 = ORIENTED_EDGE('',*,*,#4301,.T.);
#4346 = ORIENTED_EDGE('',*,*,#4271,.T.);
#4347 = ORIENTED_EDGE('',*,*,#4323,.F.);
#4348 = PLANE('',#4349);
#4349 = AXIS2_PLACEMENT_3D('',#4350,#4351,#4352);
#4350 = CARTESIAN_POINT('',(905.,-18.,722.));
#4351 = DIRECTION('',(0.,0.,1.));
#4352 = DIRECTION('',(1.,0.,0.));
#4353 = ADVANCED_FACE('',(#4354),#4360,.T.);
#4354 = FACE_BOUND('',#4355,.T.);
#4355 = EDGE_LOOP('',(#4356,#4357,#4358,#4359));
#4356 = ORIENTED_EDGE('',*,*,#4247,.F.);
#4357 = ORIENTED_EDGE('',*,*,#4308,.T.);
#4358 = ORIENTED_EDGE('',*,*,#4287,.T.);
#4359 = ORIENTED_EDGE('',*,*,#4330,.F.);
#4360 = PLANE('',#4361);
#4361 = AXIS2_PLACEMENT_3D('',#4362,#4363,#4364);
#4362 = CARTESIAN_POINT('',(905.,-18.,852.));
#4363 = DIRECTION('',(0.,0.,1.));
#4364 = DIRECTION('',(1.,0.,0.));
#4365 = MANIFOLD_SOLID_BREP('',#4366);
#4366 = CLOSED_SHELL('',(#4367,#4407,#4447,#4469,#4491,#4503));
#4367 = ADVANCED_FACE('',(#4368),#4402,.F.);
#4368 = FACE_BOUND('',#4369,.F.);
#4369 = EDGE_LOOP('',(#4370,#4380,#4388,#4396));
#4370 = ORIENTED_EDGE('',*,*,#4371,.F.);
#4371 = EDGE_CURVE('',#4372,#4374,#4376,.T.);
#4372 = VERTEX_POINT('',#4373);
#4373 = CARTESIAN_POINT('',(1.579E+03,-18.,722.));
#4374 = VERTEX_POINT('',#4375);
#4375 = CARTESIAN_POINT('',(1.579E+03,-18.,852.));
#4376 = LINE('',#4377,#4378);
#4377 = CARTESIAN_POINT('',(1.579E+03,-18.,722.));
#4378 = VECTOR('',#4379,1.);
#4379 = DIRECTION('',(0.,0.,1.));
#4380 = ORIENTED_EDGE('',*,*,#4381,.T.);
#4381 = EDGE_CURVE('',#4372,#4382,#4384,.T.);
#4382 = VERTEX_POINT('',#4383);
#4383 = CARTESIAN_POINT('',(1.579E+03,0.,722.));
#4384 = LINE('',#4385,#4386);
#4385 = CARTESIAN_POINT('',(1.579E+03,-18.,722.));
#4386 = VECTOR('',#4387,1.);
#4387 = DIRECTION('',(0.,1.,0.));
#4388 = ORIENTED_EDGE('',*,*,#4389,.T.);
#4389 = EDGE_CURVE('',#4382,#4390,#4392,.T.);
#4390 = VERTEX_POINT('',#4391);
#4391 = CARTESIAN_POINT('',(1.579E+03,0.,852.));
#4392 = LINE('',#4393,#4394);
#4393 = CARTESIAN_POINT('',(1.579E+03,0.,722.));
#4394 = VECTOR('',#4395,1.);
#4395 = DIRECTION('',(0.,0.,1.));
#4396 = ORIENTED_EDGE('',*,*,#4397,.F.);
#4397 = EDGE_CURVE('',#4374,#4390,#4398,.T.);
#4398 = LINE('',#4399,#4400);
#4399 = CARTESIAN_POINT('',(1.579E+03,-18.,852.));
#4400 = VECTOR('',#4401,1.);
#4401 = DIRECTION('',(0.,1.,0.));
#4402 = PLANE('',#4403);
#4403 = AXIS2_PLACEMENT_3D('',#4404,#4405,#4406);
#4404 = CARTESIAN_POINT('',(1.579E+03,-18.,722.));
#4405 = DIRECTION('',(1.,0.,0.));
#4406 = DIRECTION('',(0.,0.,1.));
#4407 = ADVANCED_FACE('',(#4408),#4442,.T.);
#4408 = FACE_BOUND('',#4409,.T.);
#4409 = EDGE_LOOP('',(#4410,#4420,#4428,#4436));
#4410 = ORIENTED_EDGE('',*,*,#4411,.F.);
#4411 = EDGE_CURVE('',#4412,#4414,#4416,.T.);
#4412 = VERTEX_POINT('',#4413);
#4413 = CARTESIAN_POINT('',(2.249E+03,-18.,722.));
#4414 = VERTEX_POINT('',#4415);
#4415 = CARTESIAN_POINT('',(2.249E+03,-18.,852.));
#4416 = LINE('',#4417,#4418);
#4417 = CARTESIAN_POINT('',(2.249E+03,-18.,722.));
#4418 = VECTOR('',#4419,1.);
#4419 = DIRECTION('',(0.,0.,1.));
#4420 = ORIENTED_EDGE('',*,*,#4421,.T.);
#4421 = EDGE_CURVE('',#4412,#4422,#4424,.T.);
#4422 = VERTEX_POINT('',#4423);
#4423 = CARTESIAN_POINT('',(2.249E+03,0.,722.));
#4424 = LINE('',#4425,#4426);
#4425 = CARTESIAN_POINT('',(2.249E+03,-18.,722.));
#4426 = VECTOR('',#4427,1.);
#4427 = DIRECTION('',(0.,1.,0.));
#4428 = ORIENTED_EDGE('',*,*,#4429,.T.);
#4429 = EDGE_CURVE('',#4422,#4430,#4432,.T.);
#4430 = VERTEX_POINT('',#4431);
#4431 = CARTESIAN_POINT('',(2.249E+03,0.,852.));
#4432 = LINE('',#4433,#4434);
#4433 = CARTESIAN_POINT('',(2.249E+03,0.,722.));
#4434 = VECTOR('',#4435,1.);
#4435 = DIRECTION('',(0.,0.,1.));
#4436 = ORIENTED_EDGE('',*,*,#4437,.F.);
#4437 = EDGE_CURVE('',#4414,#4430,#4438,.T.);
#4438 = LINE('',#4439,#4440);
#4439 = CARTESIAN_POINT('',(2.249E+03,-18.,852.));
#4440 = VECTOR('',#4441,1.);
#4441 = DIRECTION('',(0.,1.,0.));
#4442 = PLANE('',#4443);
#4443 = AXIS2_PLACEMENT_3D('',#4444,#4445,#4446);
#4444 = CARTESIAN_POINT('',(2.249E+03,-18.,722.));
#4445 = DIRECTION('',(1.,0.,0.));
#4446 = DIRECTION('',(0.,0.,1.));
#4447 = ADVANCED_FACE('',(#4448),#4464,.F.);
#4448 = FACE_BOUND('',#4449,.F.);
#4449 = EDGE_LOOP('',(#4450,#4456,#4457,#4463));
#4450 = ORIENTED_EDGE('',*,*,#4451,.F.);
#4451 = EDGE_CURVE('',#4372,#4412,#4452,.T.);
#4452 = LINE('',#4453,#4454);
#4453 = CARTESIAN_POINT('',(1.579E+03,-18.,722.));
#4454 = VECTOR('',#4455,1.);
#4455 = DIRECTION('',(1.,0.,0.));
#4456 = ORIENTED_EDGE('',*,*,#4371,.T.);
#4457 = ORIENTED_EDGE('',*,*,#4458,.T.);
#4458 = EDGE_CURVE('',#4374,#4414,#4459,.T.);
#4459 = LINE('',#4460,#4461);
#4460 = CARTESIAN_POINT('',(1.579E+03,-18.,852.));
#4461 = VECTOR('',#4462,1.);
#4462 = DIRECTION('',(1.,0.,0.));
#4463 = ORIENTED_EDGE('',*,*,#4411,.F.);
#4464 = PLANE('',#4465);
#4465 = AXIS2_PLACEMENT_3D('',#4466,#4467,#4468);
#4466 = CARTESIAN_POINT('',(1.579E+03,-18.,722.));
#4467 = DIRECTION('',(0.,1.,0.));
#4468 = DIRECTION('',(0.,0.,1.));
#4469 = ADVANCED_FACE('',(#4470),#4486,.T.);
#4470 = FACE_BOUND('',#4471,.T.);
#4471 = EDGE_LOOP('',(#4472,#4478,#4479,#4485));
#4472 = ORIENTED_EDGE('',*,*,#4473,.F.);
#4473 = EDGE_CURVE('',#4382,#4422,#4474,.T.);
#4474 = LINE('',#4475,#4476);
#4475 = CARTESIAN_POINT('',(1.579E+03,0.,722.));
#4476 = VECTOR('',#4477,1.);
#4477 = DIRECTION('',(1.,0.,0.));
#4478 = ORIENTED_EDGE('',*,*,#4389,.T.);
#4479 = ORIENTED_EDGE('',*,*,#4480,.T.);
#4480 = EDGE_CURVE('',#4390,#4430,#4481,.T.);
#4481 = LINE('',#4482,#4483);
#4482 = CARTESIAN_POINT('',(1.579E+03,0.,852.));
#4483 = VECTOR('',#4484,1.);
#4484 = DIRECTION('',(1.,0.,0.));
#4485 = ORIENTED_EDGE('',*,*,#4429,.F.);
#4486 = PLANE('',#4487);
#4487 = AXIS2_PLACEMENT_3D('',#4488,#4489,#4490);
#4488 = CARTESIAN_POINT('',(1.579E+03,0.,722.));
#4489 = DIRECTION('',(0.,1.,0.));
#4490 = DIRECTION('',(0.,0.,1.));
#4491 = ADVANCED_FACE('',(#4492),#4498,.F.);
#4492 = FACE_BOUND('',#4493,.F.);
#4493 = EDGE_LOOP('',(#4494,#4495,#4496,#4497));
#4494 = ORIENTED_EDGE('',*,*,#4381,.F.);
#4495 = ORIENTED_EDGE('',*,*,#4451,.T.);
#4496 = ORIENTED_EDGE('',*,*,#4421,.T.);
#4497 = ORIENTED_EDGE('',*,*,#4473,.F.);
#4498 = PLANE('',#4499);
#4499 = AXIS2_PLACEMENT_3D('',#4500,#4501,#4502);
#4500 = CARTESIAN_POINT('',(1.579E+03,-18.,722.));
#4501 = DIRECTION('',(0.,0.,1.));
#4502 = DIRECTION('',(1.,0.,0.));
#4503 = ADVANCED_FACE('',(#4504),#4510,.T.);
#4504 = FACE_BOUND('',#4505,.T.);
#4505 = EDGE_LOOP('',(#4506,#4507,#4508,#4509));
#4506 = ORIENTED_EDGE('',*,*,#4397,.F.);
#4507 = ORIENTED_EDGE('',*,*,#4458,.T.);
#4508 = ORIENTED_EDGE('',*,*,#4437,.T.);
#4509 = ORIENTED_EDGE('',*,*,#4480,.F.);
#4510 = PLANE('',#4511);
#4511 = AXIS2_PLACEMENT_3D('',#4512,#4513,#4514);
#4512 = CARTESIAN_POINT('',(1.579E+03,-18.,852.));
#4513 = DIRECTION('',(0.,0.,1.));
#4514 = DIRECTION('',(1.,0.,0.));
#4515 = MANIFOLD_SOLID_BREP('',#4516);
#4516 = CLOSED_SHELL('',(#4517,#4557,#4597,#4619,#4641,#4653));
#4517 = ADVANCED_FACE('',(#4518),#4552,.F.);
#4518 = FACE_BOUND('',#4519,.F.);
#4519 = EDGE_LOOP('',(#4520,#4530,#4538,#4546));
#4520 = ORIENTED_EDGE('',*,*,#4521,.F.);
#4521 = EDGE_CURVE('',#4522,#4524,#4526,.T.);
#4522 = VERTEX_POINT('',#4523);
#4523 = CARTESIAN_POINT('',(905.,-18.,403.));
#4524 = VERTEX_POINT('',#4525);
#4525 = CARTESIAN_POINT('',(905.,-18.,718.));
#4526 = LINE('',#4527,#4528);
#4527 = CARTESIAN_POINT('',(905.,-18.,403.));
#4528 = VECTOR('',#4529,1.);
#4529 = DIRECTION('',(0.,0.,1.));
#4530 = ORIENTED_EDGE('',*,*,#4531,.T.);
#4531 = EDGE_CURVE('',#4522,#4532,#4534,.T.);
#4532 = VERTEX_POINT('',#4533);
#4533 = CARTESIAN_POINT('',(905.,0.,403.));
#4534 = LINE('',#4535,#4536);
#4535 = CARTESIAN_POINT('',(905.,-18.,403.));
#4536 = VECTOR('',#4537,1.);
#4537 = DIRECTION('',(0.,1.,0.));
#4538 = ORIENTED_EDGE('',*,*,#4539,.T.);
#4539 = EDGE_CURVE('',#4532,#4540,#4542,.T.);
#4540 = VERTEX_POINT('',#4541);
#4541 = CARTESIAN_POINT('',(905.,0.,718.));
#4542 = LINE('',#4543,#4544);
#4543 = CARTESIAN_POINT('',(905.,0.,403.));
#4544 = VECTOR('',#4545,1.);
#4545 = DIRECTION('',(0.,0.,1.));
#4546 = ORIENTED_EDGE('',*,*,#4547,.F.);
#4547 = EDGE_CURVE('',#4524,#4540,#4548,.T.);
#4548 = LINE('',#4549,#4550);
#4549 = CARTESIAN_POINT('',(905.,-18.,718.));
#4550 = VECTOR('',#4551,1.);
#4551 = DIRECTION('',(0.,1.,0.));
#4552 = PLANE('',#4553);
#4553 = AXIS2_PLACEMENT_3D('',#4554,#4555,#4556);
#4554 = CARTESIAN_POINT('',(905.,-18.,403.));
#4555 = DIRECTION('',(1.,0.,0.));
#4556 = DIRECTION('',(0.,0.,1.));
#4557 = ADVANCED_FACE('',(#4558),#4592,.T.);
#4558 = FACE_BOUND('',#4559,.T.);
#4559 = EDGE_LOOP('',(#4560,#4570,#4578,#4586));
#4560 = ORIENTED_EDGE('',*,*,#4561,.F.);
#4561 = EDGE_CURVE('',#4562,#4564,#4566,.T.);
#4562 = VERTEX_POINT('',#4563);
#4563 = CARTESIAN_POINT('',(1.575E+03,-18.,403.));
#4564 = VERTEX_POINT('',#4565);
#4565 = CARTESIAN_POINT('',(1.575E+03,-18.,718.));
#4566 = LINE('',#4567,#4568);
#4567 = CARTESIAN_POINT('',(1.575E+03,-18.,403.));
#4568 = VECTOR('',#4569,1.);
#4569 = DIRECTION('',(0.,0.,1.));
#4570 = ORIENTED_EDGE('',*,*,#4571,.T.);
#4571 = EDGE_CURVE('',#4562,#4572,#4574,.T.);
#4572 = VERTEX_POINT('',#4573);
#4573 = CARTESIAN_POINT('',(1.575E+03,0.,403.));
#4574 = LINE('',#4575,#4576);
#4575 = CARTESIAN_POINT('',(1.575E+03,-18.,403.));
#4576 = VECTOR('',#4577,1.);
#4577 = DIRECTION('',(0.,1.,0.));
#4578 = ORIENTED_EDGE('',*,*,#4579,.T.);
#4579 = EDGE_CURVE('',#4572,#4580,#4582,.T.);
#4580 = VERTEX_POINT('',#4581);
#4581 = CARTESIAN_POINT('',(1.575E+03,0.,718.));
#4582 = LINE('',#4583,#4584);
#4583 = CARTESIAN_POINT('',(1.575E+03,0.,403.));
#4584 = VECTOR('',#4585,1.);
#4585 = DIRECTION('',(0.,0.,1.));
#4586 = ORIENTED_EDGE('',*,*,#4587,.F.);
#4587 = EDGE_CURVE('',#4564,#4580,#4588,.T.);
#4588 = LINE('',#4589,#4590);
#4589 = CARTESIAN_POINT('',(1.575E+03,-18.,718.));
#4590 = VECTOR('',#4591,1.);
#4591 = DIRECTION('',(0.,1.,0.));
#4592 = PLANE('',#4593);
#4593 = AXIS2_PLACEMENT_3D('',#4594,#4595,#4596);
#4594 = CARTESIAN_POINT('',(1.575E+03,-18.,403.));
#4595 = DIRECTION('',(1.,0.,0.));
#4596 = DIRECTION('',(0.,0.,1.));
#4597 = ADVANCED_FACE('',(#4598),#4614,.F.);
#4598 = FACE_BOUND('',#4599,.F.);
#4599 = EDGE_LOOP('',(#4600,#4606,#4607,#4613));
#4600 = ORIENTED_EDGE('',*,*,#4601,.F.);
#4601 = EDGE_CURVE('',#4522,#4562,#4602,.T.);
#4602 = LINE('',#4603,#4604);
#4603 = CARTESIAN_POINT('',(905.,-18.,403.));
#4604 = VECTOR('',#4605,1.);
#4605 = DIRECTION('',(1.,0.,0.));
#4606 = ORIENTED_EDGE('',*,*,#4521,.T.);
#4607 = ORIENTED_EDGE('',*,*,#4608,.T.);
#4608 = EDGE_CURVE('',#4524,#4564,#4609,.T.);
#4609 = LINE('',#4610,#4611);
#4610 = CARTESIAN_POINT('',(905.,-18.,718.));
#4611 = VECTOR('',#4612,1.);
#4612 = DIRECTION('',(1.,0.,0.));
#4613 = ORIENTED_EDGE('',*,*,#4561,.F.);
#4614 = PLANE('',#4615);
#4615 = AXIS2_PLACEMENT_3D('',#4616,#4617,#4618);
#4616 = CARTESIAN_POINT('',(905.,-18.,403.));
#4617 = DIRECTION('',(0.,1.,0.));
#4618 = DIRECTION('',(0.,0.,1.));
#4619 = ADVANCED_FACE('',(#4620),#4636,.T.);
#4620 = FACE_BOUND('',#4621,.T.);
#4621 = EDGE_LOOP('',(#4622,#4628,#4629,#4635));
#4622 = ORIENTED_EDGE('',*,*,#4623,.F.);
#4623 = EDGE_CURVE('',#4532,#4572,#4624,.T.);
#4624 = LINE('',#4625,#4626);
#4625 = CARTESIAN_POINT('',(905.,0.,403.));
#4626 = VECTOR('',#4627,1.);
#4627 = DIRECTION('',(1.,0.,0.));
#4628 = ORIENTED_EDGE('',*,*,#4539,.T.);
#4629 = ORIENTED_EDGE('',*,*,#4630,.T.);
#4630 = EDGE_CURVE('',#4540,#4580,#4631,.T.);
#4631 = LINE('',#4632,#4633);
#4632 = CARTESIAN_POINT('',(905.,0.,718.));
#4633 = VECTOR('',#4634,1.);
#4634 = DIRECTION('',(1.,0.,0.));
#4635 = ORIENTED_EDGE('',*,*,#4579,.F.);
#4636 = PLANE('',#4637);
#4637 = AXIS2_PLACEMENT_3D('',#4638,#4639,#4640);
#4638 = CARTESIAN_POINT('',(905.,0.,403.));
#4639 = DIRECTION('',(0.,1.,0.));
#4640 = DIRECTION('',(0.,0.,1.));
#4641 = ADVANCED_FACE('',(#4642),#4648,.F.);
#4642 = FACE_BOUND('',#4643,.F.);
#4643 = EDGE_LOOP('',(#4644,#4645,#4646,#4647));
#4644 = ORIENTED_EDGE('',*,*,#4531,.F.);
#4645 = ORIENTED_EDGE('',*,*,#4601,.T.);
#4646 = ORIENTED_EDGE('',*,*,#4571,.T.);
#4647 = ORIENTED_EDGE('',*,*,#4623,.F.);
#4648 = PLANE('',#4649);
#4649 = AXIS2_PLACEMENT_3D('',#4650,#4651,#4652);
#4650 = CARTESIAN_POINT('',(905.,-18.,403.));
#4651 = DIRECTION('',(0.,0.,1.));
#4652 = DIRECTION('',(1.,0.,0.));
#4653 = ADVANCED_FACE('',(#4654),#4660,.T.);
#4654 = FACE_BOUND('',#4655,.T.);
#4655 = EDGE_LOOP('',(#4656,#4657,#4658,#4659));
#4656 = ORIENTED_EDGE('',*,*,#4547,.F.);
#4657 = ORIENTED_EDGE('',*,*,#4608,.T.);
#4658 = ORIENTED_EDGE('',*,*,#4587,.T.);
#4659 = ORIENTED_EDGE('',*,*,#4630,.F.);
#4660 = PLANE('',#4661);
#4661 = AXIS2_PLACEMENT_3D('',#4662,#4663,#4664);
#4662 = CARTESIAN_POINT('',(905.,-18.,718.));
#4663 = DIRECTION('',(0.,0.,1.));
#4664 = DIRECTION('',(1.,0.,0.));
#4665 = MANIFOLD_SOLID_BREP('',#4666);
#4666 = CLOSED_SHELL('',(#4667,#4707,#4747,#4769,#4791,#4803));
#4667 = ADVANCED_FACE('',(#4668),#4702,.F.);
#4668 = FACE_BOUND('',#4669,.F.);
#4669 = EDGE_LOOP('',(#4670,#4680,#4688,#4696));
#4670 = ORIENTED_EDGE('',*,*,#4671,.F.);
#4671 = EDGE_CURVE('',#4672,#4674,#4676,.T.);
#4672 = VERTEX_POINT('',#4673);
#4673 = CARTESIAN_POINT('',(1.579E+03,-18.,403.));
#4674 = VERTEX_POINT('',#4675);
#4675 = CARTESIAN_POINT('',(1.579E+03,-18.,718.));
#4676 = LINE('',#4677,#4678);
#4677 = CARTESIAN_POINT('',(1.579E+03,-18.,403.));
#4678 = VECTOR('',#4679,1.);
#4679 = DIRECTION('',(0.,0.,1.));
#4680 = ORIENTED_EDGE('',*,*,#4681,.T.);
#4681 = EDGE_CURVE('',#4672,#4682,#4684,.T.);
#4682 = VERTEX_POINT('',#4683);
#4683 = CARTESIAN_POINT('',(1.579E+03,0.,403.));
#4684 = LINE('',#4685,#4686);
#4685 = CARTESIAN_POINT('',(1.579E+03,-18.,403.));
#4686 = VECTOR('',#4687,1.);
#4687 = DIRECTION('',(0.,1.,0.));
#4688 = ORIENTED_EDGE('',*,*,#4689,.T.);
#4689 = EDGE_CURVE('',#4682,#4690,#4692,.T.);
#4690 = VERTEX_POINT('',#4691);
#4691 = CARTESIAN_POINT('',(1.579E+03,0.,718.));
#4692 = LINE('',#4693,#4694);
#4693 = CARTESIAN_POINT('',(1.579E+03,0.,403.));
#4694 = VECTOR('',#4695,1.);
#4695 = DIRECTION('',(0.,0.,1.));
#4696 = ORIENTED_EDGE('',*,*,#4697,.F.);
#4697 = EDGE_CURVE('',#4674,#4690,#4698,.T.);
#4698 = LINE('',#4699,#4700);
#4699 = CARTESIAN_POINT('',(1.579E+03,-18.,718.));
#4700 = VECTOR('',#4701,1.);
#4701 = DIRECTION('',(0.,1.,0.));
#4702 = PLANE('',#4703);
#4703 = AXIS2_PLACEMENT_3D('',#4704,#4705,#4706);
#4704 = CARTESIAN_POINT('',(1.579E+03,-18.,403.));
#4705 = DIRECTION('',(1.,0.,0.));
#4706 = DIRECTION('',(0.,0.,1.));
#4707 = ADVANCED_FACE('',(#4708),#4742,.T.);
#4708 = FACE_BOUND('',#4709,.T.);
#4709 = EDGE_LOOP('',(#4710,#4720,#4728,#4736));
#4710 = ORIENTED_EDGE('',*,*,#4711,.F.);
#4711 = EDGE_CURVE('',#4712,#4714,#4716,.T.);
#4712 = VERTEX_POINT('',#4713);
#4713 = CARTESIAN_POINT('',(2.249E+03,-18.,403.));
#4714 = VERTEX_POINT('',#4715);
#4715 = CARTESIAN_POINT('',(2.249E+03,-18.,718.));
#4716 = LINE('',#4717,#4718);
#4717 = CARTESIAN_POINT('',(2.249E+03,-18.,403.));
#4718 = VECTOR('',#4719,1.);
#4719 = DIRECTION('',(0.,0.,1.));
#4720 = ORIENTED_EDGE('',*,*,#4721,.T.);
#4721 = EDGE_CURVE('',#4712,#4722,#4724,.T.);
#4722 = VERTEX_POINT('',#4723);
#4723 = CARTESIAN_POINT('',(2.249E+03,0.,403.));
#4724 = LINE('',#4725,#4726);
#4725 = CARTESIAN_POINT('',(2.249E+03,-18.,403.));
#4726 = VECTOR('',#4727,1.);
#4727 = DIRECTION('',(0.,1.,0.));
#4728 = ORIENTED_EDGE('',*,*,#4729,.T.);
#4729 = EDGE_CURVE('',#4722,#4730,#4732,.T.);
#4730 = VERTEX_POINT('',#4731);
#4731 = CARTESIAN_POINT('',(2.249E+03,0.,718.));
#4732 = LINE('',#4733,#4734);
#4733 = CARTESIAN_POINT('',(2.249E+03,0.,403.));
#4734 = VECTOR('',#4735,1.);
#4735 = DIRECTION('',(0.,0.,1.));
#4736 = ORIENTED_EDGE('',*,*,#4737,.F.);
#4737 = EDGE_CURVE('',#4714,#4730,#4738,.T.);
#4738 = LINE('',#4739,#4740);
#4739 = CARTESIAN_POINT('',(2.249E+03,-18.,718.));
#4740 = VECTOR('',#4741,1.);
#4741 = DIRECTION('',(0.,1.,0.));
#4742 = PLANE('',#4743);
#4743 = AXIS2_PLACEMENT_3D('',#4744,#4745,#4746);
#4744 = CARTESIAN_POINT('',(2.249E+03,-18.,403.));
#4745 = DIRECTION('',(1.,0.,0.));
#4746 = DIRECTION('',(0.,0.,1.));
#4747 = ADVANCED_FACE('',(#4748),#4764,.F.);
#4748 = FACE_BOUND('',#4749,.F.);
#4749 = EDGE_LOOP('',(#4750,#4756,#4757,#4763));
#4750 = ORIENTED_EDGE('',*,*,#4751,.F.);
#4751 = EDGE_CURVE('',#4672,#4712,#4752,.T.);
#4752 = LINE('',#4753,#4754);
#4753 = CARTESIAN_POINT('',(1.579E+03,-18.,403.));
#4754 = VECTOR('',#4755,1.);
#4755 = DIRECTION('',(1.,0.,0.));
#4756 = ORIENTED_EDGE('',*,*,#4671,.T.);
#4757 = ORIENTED_EDGE('',*,*,#4758,.T.);
#4758 = EDGE_CURVE('',#4674,#4714,#4759,.T.);
#4759 = LINE('',#4760,#4761);
#4760 = CARTESIAN_POINT('',(1.579E+03,-18.,718.));
#4761 = VECTOR('',#4762,1.);
#4762 = DIRECTION('',(1.,0.,0.));
#4763 = ORIENTED_EDGE('',*,*,#4711,.F.);
#4764 = PLANE('',#4765);
#4765 = AXIS2_PLACEMENT_3D('',#4766,#4767,#4768);
#4766 = CARTESIAN_POINT('',(1.579E+03,-18.,403.));
#4767 = DIRECTION('',(0.,1.,0.));
#4768 = DIRECTION('',(0.,0.,1.));
#4769 = ADVANCED_FACE('',(#4770),#4786,.T.);
#4770 = FACE_BOUND('',#4771,.T.);
#4771 = EDGE_LOOP('',(#4772,#4778,#4779,#4785));
#4772 = ORIENTED_EDGE('',*,*,#4773,.F.);
#4773 = EDGE_CURVE('',#4682,#4722,#4774,.T.);
#4774 = LINE('',#4775,#4776);
#4775 = CARTESIAN_POINT('',(1.579E+03,0.,403.));
#4776 = VECTOR('',#4777,1.);
#4777 = DIRECTION('',(1.,0.,0.));
#4778 = ORIENTED_EDGE('',*,*,#4689,.T.);
#4779 = ORIENTED_EDGE('',*,*,#4780,.T.);
#4780 = EDGE_CURVE('',#4690,#4730,#4781,.T.);
#4781 = LINE('',#4782,#4783);
#4782 = CARTESIAN_POINT('',(1.579E+03,0.,718.));
#4783 = VECTOR('',#4784,1.);
#4784 = DIRECTION('',(1.,0.,0.));
#4785 = ORIENTED_EDGE('',*,*,#4729,.F.);
#4786 = PLANE('',#4787);
#4787 = AXIS2_PLACEMENT_3D('',#4788,#4789,#4790);
#4788 = CARTESIAN_POINT('',(1.579E+03,0.,403.));
#4789 = DIRECTION('',(0.,1.,0.));
#4790 = DIRECTION('',(0.,0.,1.));
#4791 = ADVANCED_FACE('',(#4792),#4798,.F.);
#4792 = FACE_BOUND('',#4793,.F.);
#4793 = EDGE_LOOP('',(#4794,#4795,#4796,#4797));
#4794 = ORIENTED_EDGE('',*,*,#4681,.F.);
#4795 = ORIENTED_EDGE('',*,*,#4751,.T.);
#4796 = ORIENTED_EDGE('',*,*,#4721,.T.);
#4797 = ORIENTED_EDGE('',*,*,#4773,.F.);
#4798 = PLANE('',#4799);
#4799 = AXIS2_PLACEMENT_3D('',#4800,#4801,#4802);
#4800 = CARTESIAN_POINT('',(1.579E+03,-18.,403.));
#4801 = DIRECTION('',(0.,0.,1.));
#4802 = DIRECTION('',(1.,0.,0.));
#4803 = ADVANCED_FACE('',(#4804),#4810,.T.);
#4804 = FACE_BOUND('',#4805,.T.);
#4805 = EDGE_LOOP('',(#4806,#4807,#4808,#4809));
#4806 = ORIENTED_EDGE('',*,*,#4697,.F.);
#4807 = ORIENTED_EDGE('',*,*,#4758,.T.);
#4808 = ORIENTED_EDGE('',*,*,#4737,.T.);
#4809 = ORIENTED_EDGE('',*,*,#4780,.F.);
#4810 = PLANE('',#4811);
#4811 = AXIS2_PLACEMENT_3D('',#4812,#4813,#4814);
#4812 = CARTESIAN_POINT('',(1.579E+03,-18.,718.));
#4813 = DIRECTION('',(0.,0.,1.));
#4814 = DIRECTION('',(1.,0.,0.));
#4815 = MANIFOLD_SOLID_BREP('',#4816);
#4816 = CLOSED_SHELL('',(#4817,#4857,#4897,#4919,#4941,#4953));
#4817 = ADVANCED_FACE('',(#4818),#4852,.F.);
#4818 = FACE_BOUND('',#4819,.F.);
#4819 = EDGE_LOOP('',(#4820,#4830,#4838,#4846));
#4820 = ORIENTED_EDGE('',*,*,#4821,.F.);
#4821 = EDGE_CURVE('',#4822,#4824,#4826,.T.);
#4822 = VERTEX_POINT('',#4823);
#4823 = CARTESIAN_POINT('',(905.,-18.,84.));
#4824 = VERTEX_POINT('',#4825);
#4825 = CARTESIAN_POINT('',(905.,-18.,399.));
#4826 = LINE('',#4827,#4828);
#4827 = CARTESIAN_POINT('',(905.,-18.,84.));
#4828 = VECTOR('',#4829,1.);
#4829 = DIRECTION('',(0.,0.,1.));
#4830 = ORIENTED_EDGE('',*,*,#4831,.T.);
#4831 = EDGE_CURVE('',#4822,#4832,#4834,.T.);
#4832 = VERTEX_POINT('',#4833);
#4833 = CARTESIAN_POINT('',(905.,0.,84.));
#4834 = LINE('',#4835,#4836);
#4835 = CARTESIAN_POINT('',(905.,-18.,84.));
#4836 = VECTOR('',#4837,1.);
#4837 = DIRECTION('',(0.,1.,0.));
#4838 = ORIENTED_EDGE('',*,*,#4839,.T.);
#4839 = EDGE_CURVE('',#4832,#4840,#4842,.T.);
#4840 = VERTEX_POINT('',#4841);
#4841 = CARTESIAN_POINT('',(905.,0.,399.));
#4842 = LINE('',#4843,#4844);
#4843 = CARTESIAN_POINT('',(905.,0.,84.));
#4844 = VECTOR('',#4845,1.);
#4845 = DIRECTION('',(0.,0.,1.));
#4846 = ORIENTED_EDGE('',*,*,#4847,.F.);
#4847 = EDGE_CURVE('',#4824,#4840,#4848,.T.);
#4848 = LINE('',#4849,#4850);
#4849 = CARTESIAN_POINT('',(905.,-18.,399.));
#4850 = VECTOR('',#4851,1.);
#4851 = DIRECTION('',(0.,1.,0.));
#4852 = PLANE('',#4853);
#4853 = AXIS2_PLACEMENT_3D('',#4854,#4855,#4856);
#4854 = CARTESIAN_POINT('',(905.,-18.,84.));
#4855 = DIRECTION('',(1.,0.,0.));
#4856 = DIRECTION('',(0.,0.,1.));
#4857 = ADVANCED_FACE('',(#4858),#4892,.T.);
#4858 = FACE_BOUND('',#4859,.T.);
#4859 = EDGE_LOOP('',(#4860,#4870,#4878,#4886));
#4860 = ORIENTED_EDGE('',*,*,#4861,.F.);
#4861 = EDGE_CURVE('',#4862,#4864,#4866,.T.);
#4862 = VERTEX_POINT('',#4863);
#4863 = CARTESIAN_POINT('',(1.575E+03,-18.,84.));
#4864 = VERTEX_POINT('',#4865);
#4865 = CARTESIAN_POINT('',(1.575E+03,-18.,399.));
#4866 = LINE('',#4867,#4868);
#4867 = CARTESIAN_POINT('',(1.575E+03,-18.,84.));
#4868 = VECTOR('',#4869,1.);
#4869 = DIRECTION('',(0.,0.,1.));
#4870 = ORIENTED_EDGE('',*,*,#4871,.T.);
#4871 = EDGE_CURVE('',#4862,#4872,#4874,.T.);
#4872 = VERTEX_POINT('',#4873);
#4873 = CARTESIAN_POINT('',(1.575E+03,0.,84.));
#4874 = LINE('',#4875,#4876);
#4875 = CARTESIAN_POINT('',(1.575E+03,-18.,84.));
#4876 = VECTOR('',#4877,1.);
#4877 = DIRECTION('',(0.,1.,0.));
#4878 = ORIENTED_EDGE('',*,*,#4879,.T.);
#4879 = EDGE_CURVE('',#4872,#4880,#4882,.T.);
#4880 = VERTEX_POINT('',#4881);
#4881 = CARTESIAN_POINT('',(1.575E+03,0.,399.));
#4882 = LINE('',#4883,#4884);
#4883 = CARTESIAN_POINT('',(1.575E+03,0.,84.));
#4884 = VECTOR('',#4885,1.);
#4885 = DIRECTION('',(0.,0.,1.));
#4886 = ORIENTED_EDGE('',*,*,#4887,.F.);
#4887 = EDGE_CURVE('',#4864,#4880,#4888,.T.);
#4888 = LINE('',#4889,#4890);
#4889 = CARTESIAN_POINT('',(1.575E+03,-18.,399.));
#4890 = VECTOR('',#4891,1.);
#4891 = DIRECTION('',(0.,1.,0.));
#4892 = PLANE('',#4893);
#4893 = AXIS2_PLACEMENT_3D('',#4894,#4895,#4896);
#4894 = CARTESIAN_POINT('',(1.575E+03,-18.,84.));
#4895 = DIRECTION('',(1.,0.,0.));
#4896 = DIRECTION('',(0.,0.,1.));
#4897 = ADVANCED_FACE('',(#4898),#4914,.F.);
#4898 = FACE_BOUND('',#4899,.F.);
#4899 = EDGE_LOOP('',(#4900,#4906,#4907,#4913));
#4900 = ORIENTED_EDGE('',*,*,#4901,.F.);
#4901 = EDGE_CURVE('',#4822,#4862,#4902,.T.);
#4902 = LINE('',#4903,#4904);
#4903 = CARTESIAN_POINT('',(905.,-18.,84.));
#4904 = VECTOR('',#4905,1.);
#4905 = DIRECTION('',(1.,0.,0.));
#4906 = ORIENTED_EDGE('',*,*,#4821,.T.);
#4907 = ORIENTED_EDGE('',*,*,#4908,.T.);
#4908 = EDGE_CURVE('',#4824,#4864,#4909,.T.);
#4909 = LINE('',#4910,#4911);
#4910 = CARTESIAN_POINT('',(905.,-18.,399.));
#4911 = VECTOR('',#4912,1.);
#4912 = DIRECTION('',(1.,0.,0.));
#4913 = ORIENTED_EDGE('',*,*,#4861,.F.);
#4914 = PLANE('',#4915);
#4915 = AXIS2_PLACEMENT_3D('',#4916,#4917,#4918);
#4916 = CARTESIAN_POINT('',(905.,-18.,84.));
#4917 = DIRECTION('',(0.,1.,0.));
#4918 = DIRECTION('',(0.,0.,1.));
#4919 = ADVANCED_FACE('',(#4920),#4936,.T.);
#4920 = FACE_BOUND('',#4921,.T.);
#4921 = EDGE_LOOP('',(#4922,#4928,#4929,#4935));
#4922 = ORIENTED_EDGE('',*,*,#4923,.F.);
#4923 = EDGE_CURVE('',#4832,#4872,#4924,.T.);
#4924 = LINE('',#4925,#4926);
#4925 = CARTESIAN_POINT('',(905.,0.,84.));
#4926 = VECTOR('',#4927,1.);
#4927 = DIRECTION('',(1.,0.,0.));
#4928 = ORIENTED_EDGE('',*,*,#4839,.T.);
#4929 = ORIENTED_EDGE('',*,*,#4930,.T.);
#4930 = EDGE_CURVE('',#4840,#4880,#4931,.T.);
#4931 = LINE('',#4932,#4933);
#4932 = CARTESIAN_POINT('',(905.,0.,399.));
#4933 = VECTOR('',#4934,1.);
#4934 = DIRECTION('',(1.,0.,0.));
#4935 = ORIENTED_EDGE('',*,*,#4879,.F.);
#4936 = PLANE('',#4937);
#4937 = AXIS2_PLACEMENT_3D('',#4938,#4939,#4940);
#4938 = CARTESIAN_POINT('',(905.,0.,84.));
#4939 = DIRECTION('',(0.,1.,0.));
#4940 = DIRECTION('',(0.,0.,1.));
#4941 = ADVANCED_FACE('',(#4942),#4948,.F.);
#4942 = FACE_BOUND('',#4943,.F.);
#4943 = EDGE_LOOP('',(#4944,#4945,#4946,#4947));
#4944 = ORIENTED_EDGE('',*,*,#4831,.F.);
#4945 = ORIENTED_EDGE('',*,*,#4901,.T.);
#4946 = ORIENTED_EDGE('',*,*,#4871,.T.);
#4947 = ORIENTED_EDGE('',*,*,#4923,.F.);
#4948 = PLANE('',#4949);
#4949 = AXIS2_PLACEMENT_3D('',#4950,#4951,#4952);
#4950 = CARTESIAN_POINT('',(905.,-18.,84.));
#4951 = DIRECTION('',(0.,0.,1.));
#4952 = DIRECTION('',(1.,0.,0.));
#4953 = ADVANCED_FACE('',(#4954),#4960,.T.);
#4954 = FACE_BOUND('',#4955,.T.);
#4955 = EDGE_LOOP('',(#4956,#4957,#4958,#4959));
#4956 = ORIENTED_EDGE('',*,*,#4847,.F.);
#4957 = ORIENTED_EDGE('',*,*,#4908,.T.);
#4958 = ORIENTED_EDGE('',*,*,#4887,.T.);
#4959 = ORIENTED_EDGE('',*,*,#4930,.F.);
#4960 = PLANE('',#4961);
#4961 = AXIS2_PLACEMENT_3D('',#4962,#4963,#4964);
#4962 = CARTESIAN_POINT('',(905.,-18.,399.));
#4963 = DIRECTION('',(0.,0.,1.));
#4964 = DIRECTION('',(1.,0.,0.));
#4965 = MANIFOLD_SOLID_BREP('',#4966);
#4966 = CLOSED_SHELL('',(#4967,#5007,#5047,#5069,#5091,#5103));
#4967 = ADVANCED_FACE('',(#4968),#5002,.F.);
#4968 = FACE_BOUND('',#4969,.F.);
#4969 = EDGE_LOOP('',(#4970,#4980,#4988,#4996));
#4970 = ORIENTED_EDGE('',*,*,#4971,.F.);
#4971 = EDGE_CURVE('',#4972,#4974,#4976,.T.);
#4972 = VERTEX_POINT('',#4973);
#4973 = CARTESIAN_POINT('',(1.579E+03,-18.,84.));
#4974 = VERTEX_POINT('',#4975);
#4975 = CARTESIAN_POINT('',(1.579E+03,-18.,399.));
#4976 = LINE('',#4977,#4978);
#4977 = CARTESIAN_POINT('',(1.579E+03,-18.,84.));
#4978 = VECTOR('',#4979,1.);
#4979 = DIRECTION('',(0.,0.,1.));
#4980 = ORIENTED_EDGE('',*,*,#4981,.T.);
#4981 = EDGE_CURVE('',#4972,#4982,#4984,.T.);
#4982 = VERTEX_POINT('',#4983);
#4983 = CARTESIAN_POINT('',(1.579E+03,0.,84.));
#4984 = LINE('',#4985,#4986);
#4985 = CARTESIAN_POINT('',(1.579E+03,-18.,84.));
#4986 = VECTOR('',#4987,1.);
#4987 = DIRECTION('',(0.,1.,0.));
#4988 = ORIENTED_EDGE('',*,*,#4989,.T.);
#4989 = EDGE_CURVE('',#4982,#4990,#4992,.T.);
#4990 = VERTEX_POINT('',#4991);
#4991 = CARTESIAN_POINT('',(1.579E+03,0.,399.));
#4992 = LINE('',#4993,#4994);
#4993 = CARTESIAN_POINT('',(1.579E+03,0.,84.));
#4994 = VECTOR('',#4995,1.);
#4995 = DIRECTION('',(0.,0.,1.));
#4996 = ORIENTED_EDGE('',*,*,#4997,.F.);
#4997 = EDGE_CURVE('',#4974,#4990,#4998,.T.);
#4998 = LINE('',#4999,#5000);
#4999 = CARTESIAN_POINT('',(1.579E+03,-18.,399.));
#5000 = VECTOR('',#5001,1.);
#5001 = DIRECTION('',(0.,1.,0.));
#5002 = PLANE('',#5003);
#5003 = AXIS2_PLACEMENT_3D('',#5004,#5005,#5006);
#5004 = CARTESIAN_POINT('',(1.579E+03,-18.,84.));
#5005 = DIRECTION('',(1.,0.,0.));
#5006 = DIRECTION('',(0.,0.,1.));
#5007 = ADVANCED_FACE('',(#5008),#5042,.T.);
#5008 = FACE_BOUND('',#5009,.T.);
#5009 = EDGE_LOOP('',(#5010,#5020,#5028,#5036));
#5010 = ORIENTED_EDGE('',*,*,#5011,.F.);
#5011 = EDGE_CURVE('',#5012,#5014,#5016,.T.);
#5012 = VERTEX_POINT('',#5013);
#5013 = CARTESIAN_POINT('',(2.249E+03,-18.,84.));
#5014 = VERTEX_POINT('',#5015);
#5015 = CARTESIAN_POINT('',(2.249E+03,-18.,399.));
#5016 = LINE('',#5017,#5018);
#5017 = CARTESIAN_POINT('',(2.249E+03,-18.,84.));
#5018 = VECTOR('',#5019,1.);
#5019 = DIRECTION('',(0.,0.,1.));
#5020 = ORIENTED_EDGE('',*,*,#5021,.T.);
#5021 = EDGE_CURVE('',#5012,#5022,#5024,.T.);
#5022 = VERTEX_POINT('',#5023);
#5023 = CARTESIAN_POINT('',(2.249E+03,0.,84.));
#5024 = LINE('',#5025,#5026);
#5025 = CARTESIAN_POINT('',(2.249E+03,-18.,84.));
#5026 = VECTOR('',#5027,1.);
#5027 = DIRECTION('',(0.,1.,0.));
#5028 = ORIENTED_EDGE('',*,*,#5029,.T.);
#5029 = EDGE_CURVE('',#5022,#5030,#5032,.T.);
#5030 = VERTEX_POINT('',#5031);
#5031 = CARTESIAN_POINT('',(2.249E+03,0.,399.));
#5032 = LINE('',#5033,#5034);
#5033 = CARTESIAN_POINT('',(2.249E+03,0.,84.));
#5034 = VECTOR('',#5035,1.);
#5035 = DIRECTION('',(0.,0.,1.));
#5036 = ORIENTED_EDGE('',*,*,#5037,.F.);
#5037 = EDGE_CURVE('',#5014,#5030,#5038,.T.);
#5038 = LINE('',#5039,#5040);
#5039 = CARTESIAN_POINT('',(2.249E+03,-18.,399.));
#5040 = VECTOR('',#5041,1.);
#5041 = DIRECTION('',(0.,1.,0.));
#5042 = PLANE('',#5043);
#5043 = AXIS2_PLACEMENT_3D('',#5044,#5045,#5046);
#5044 = CARTESIAN_POINT('',(2.249E+03,-18.,84.));
#5045 = DIRECTION('',(1.,0.,0.));
#5046 = DIRECTION('',(0.,0.,1.));
#5047 = ADVANCED_FACE('',(#5048),#5064,.F.);
#5048 = FACE_BOUND('',#5049,.F.);
#5049 = EDGE_LOOP('',(#5050,#5056,#5057,#5063));
#5050 = ORIENTED_EDGE('',*,*,#5051,.F.);
#5051 = EDGE_CURVE('',#4972,#5012,#5052,.T.);
#5052 = LINE('',#5053,#5054);
#5053 = CARTESIAN_POINT('',(1.579E+03,-18.,84.));
#5054 = VECTOR('',#5055,1.);
#5055 = DIRECTION('',(1.,0.,0.));
#5056 = ORIENTED_EDGE('',*,*,#4971,.T.);
#5057 = ORIENTED_EDGE('',*,*,#5058,.T.);
#5058 = EDGE_CURVE('',#4974,#5014,#5059,.T.);
#5059 = LINE('',#5060,#5061);
#5060 = CARTESIAN_POINT('',(1.579E+03,-18.,399.));
#5061 = VECTOR('',#5062,1.);
#5062 = DIRECTION('',(1.,0.,0.));
#5063 = ORIENTED_EDGE('',*,*,#5011,.F.);
#5064 = PLANE('',#5065);
#5065 = AXIS2_PLACEMENT_3D('',#5066,#5067,#5068);
#5066 = CARTESIAN_POINT('',(1.579E+03,-18.,84.));
#5067 = DIRECTION('',(0.,1.,0.));
#5068 = DIRECTION('',(0.,0.,1.));
#5069 = ADVANCED_FACE('',(#5070),#5086,.T.);
#5070 = FACE_BOUND('',#5071,.T.);
#5071 = EDGE_LOOP('',(#5072,#5078,#5079,#5085));
#5072 = ORIENTED_EDGE('',*,*,#5073,.F.);
#5073 = EDGE_CURVE('',#4982,#5022,#5074,.T.);
#5074 = LINE('',#5075,#5076);
#5075 = CARTESIAN_POINT('',(1.579E+03,0.,84.));
#5076 = VECTOR('',#5077,1.);
#5077 = DIRECTION('',(1.,0.,0.));
#5078 = ORIENTED_EDGE('',*,*,#4989,.T.);
#5079 = ORIENTED_EDGE('',*,*,#5080,.T.);
#5080 = EDGE_CURVE('',#4990,#5030,#5081,.T.);
#5081 = LINE('',#5082,#5083);
#5082 = CARTESIAN_POINT('',(1.579E+03,0.,399.));
#5083 = VECTOR('',#5084,1.);
#5084 = DIRECTION('',(1.,0.,0.));
#5085 = ORIENTED_EDGE('',*,*,#5029,.F.);
#5086 = PLANE('',#5087);
#5087 = AXIS2_PLACEMENT_3D('',#5088,#5089,#5090);
#5088 = CARTESIAN_POINT('',(1.579E+03,0.,84.));
#5089 = DIRECTION('',(0.,1.,0.));
#5090 = DIRECTION('',(0.,0.,1.));
#5091 = ADVANCED_FACE('',(#5092),#5098,.F.);
#5092 = FACE_BOUND('',#5093,.F.);
#5093 = EDGE_LOOP('',(#5094,#5095,#5096,#5097));
#5094 = ORIENTED_EDGE('',*,*,#4981,.F.);
#5095 = ORIENTED_EDGE('',*,*,#5051,.T.);
#5096 = ORIENTED_EDGE('',*,*,#5021,.T.);
#5097 = ORIENTED_EDGE('',*,*,#5073,.F.);
#5098 = PLANE('',#5099);
#5099 = AXIS2_PLACEMENT_3D('',#5100,#5101,#5102);
#5100 = CARTESIAN_POINT('',(1.579E+03,-18.,84.));
#5101 = DIRECTION('',(0.,0.,1.));
#5102 = DIRECTION('',(1.,0.,0.));
#5103 = ADVANCED_FACE('',(#5104),#5110,.T.);
#5104 = FACE_BOUND('',#5105,.T.);
#5105 = EDGE_LOOP('',(#5106,#5107,#5108,#5109));
#5106 = ORIENTED_EDGE('',*,*,#4997,.F.);
#5107 = ORIENTED_EDGE('',*,*,#5058,.T.);
#5108 = ORIENTED_EDGE('',*,*,#5037,.T.);
#5109 = ORIENTED_EDGE('',*,*,#5080,.F.);
#5110 = PLANE('',#5111);
#5111 = AXIS2_PLACEMENT_3D('',#5112,#5113,#5114);
#5112 = CARTESIAN_POINT('',(1.579E+03,-18.,399.));
#5113 = DIRECTION('',(0.,0.,1.));
#5114 = DIRECTION('',(1.,0.,0.));
#5115 = MANIFOLD_SOLID_BREP('',#5116);
#5116 = CLOSED_SHELL('',(#5117,#5157,#5197,#5219,#5241,#5253));
#5117 = ADVANCED_FACE('',(#5118),#5152,.F.);
#5118 = FACE_BOUND('',#5119,.F.);
#5119 = EDGE_LOOP('',(#5120,#5130,#5138,#5146));
#5120 = ORIENTED_EDGE('',*,*,#5121,.F.);
#5121 = EDGE_CURVE('',#5122,#5124,#5126,.T.);
#5122 = VERTEX_POINT('',#5123);
#5123 = CARTESIAN_POINT('',(933.5,18.,740.));
#5124 = VERTEX_POINT('',#5125);
#5125 = CARTESIAN_POINT('',(933.5,18.,820.));
#5126 = LINE('',#5127,#5128);
#5127 = CARTESIAN_POINT('',(933.5,18.,740.));
#5128 = VECTOR('',#5129,1.);
#5129 = DIRECTION('',(0.,0.,1.));
#5130 = ORIENTED_EDGE('',*,*,#5131,.T.);
#5131 = EDGE_CURVE('',#5122,#5132,#5134,.T.);
#5132 = VERTEX_POINT('',#5133);
#5133 = CARTESIAN_POINT('',(933.5,518.,740.));
#5134 = LINE('',#5135,#5136);
#5135 = CARTESIAN_POINT('',(933.5,18.,740.));
#5136 = VECTOR('',#5137,1.);
#5137 = DIRECTION('',(0.,1.,0.));
#5138 = ORIENTED_EDGE('',*,*,#5139,.T.);
#5139 = EDGE_CURVE('',#5132,#5140,#5142,.T.);
#5140 = VERTEX_POINT('',#5141);
#5141 = CARTESIAN_POINT('',(933.5,518.,820.));
#5142 = LINE('',#5143,#5144);
#5143 = CARTESIAN_POINT('',(933.5,518.,740.));
#5144 = VECTOR('',#5145,1.);
#5145 = DIRECTION('',(0.,0.,1.));
#5146 = ORIENTED_EDGE('',*,*,#5147,.F.);
#5147 = EDGE_CURVE('',#5124,#5140,#5148,.T.);
#5148 = LINE('',#5149,#5150);
#5149 = CARTESIAN_POINT('',(933.5,18.,820.));
#5150 = VECTOR('',#5151,1.);
#5151 = DIRECTION('',(0.,1.,0.));
#5152 = PLANE('',#5153);
#5153 = AXIS2_PLACEMENT_3D('',#5154,#5155,#5156);
#5154 = CARTESIAN_POINT('',(933.5,18.,740.));
#5155 = DIRECTION('',(1.,0.,0.));
#5156 = DIRECTION('',(0.,0.,1.));
#5157 = ADVANCED_FACE('',(#5158),#5192,.T.);
#5158 = FACE_BOUND('',#5159,.T.);
#5159 = EDGE_LOOP('',(#5160,#5170,#5178,#5186));
#5160 = ORIENTED_EDGE('',*,*,#5161,.F.);
#5161 = EDGE_CURVE('',#5162,#5164,#5166,.T.);
#5162 = VERTEX_POINT('',#5163);
#5163 = CARTESIAN_POINT('',(951.5,18.,740.));
#5164 = VERTEX_POINT('',#5165);
#5165 = CARTESIAN_POINT('',(951.5,18.,820.));
#5166 = LINE('',#5167,#5168);
#5167 = CARTESIAN_POINT('',(951.5,18.,740.));
#5168 = VECTOR('',#5169,1.);
#5169 = DIRECTION('',(0.,0.,1.));
#5170 = ORIENTED_EDGE('',*,*,#5171,.T.);
#5171 = EDGE_CURVE('',#5162,#5172,#5174,.T.);
#5172 = VERTEX_POINT('',#5173);
#5173 = CARTESIAN_POINT('',(951.5,518.,740.));
#5174 = LINE('',#5175,#5176);
#5175 = CARTESIAN_POINT('',(951.5,18.,740.));
#5176 = VECTOR('',#5177,1.);
#5177 = DIRECTION('',(0.,1.,0.));
#5178 = ORIENTED_EDGE('',*,*,#5179,.T.);
#5179 = EDGE_CURVE('',#5172,#5180,#5182,.T.);
#5180 = VERTEX_POINT('',#5181);
#5181 = CARTESIAN_POINT('',(951.5,518.,820.));
#5182 = LINE('',#5183,#5184);
#5183 = CARTESIAN_POINT('',(951.5,518.,740.));
#5184 = VECTOR('',#5185,1.);
#5185 = DIRECTION('',(0.,0.,1.));
#5186 = ORIENTED_EDGE('',*,*,#5187,.F.);
#5187 = EDGE_CURVE('',#5164,#5180,#5188,.T.);
#5188 = LINE('',#5189,#5190);
#5189 = CARTESIAN_POINT('',(951.5,18.,820.));
#5190 = VECTOR('',#5191,1.);
#5191 = DIRECTION('',(0.,1.,0.));
#5192 = PLANE('',#5193);
#5193 = AXIS2_PLACEMENT_3D('',#5194,#5195,#5196);
#5194 = CARTESIAN_POINT('',(951.5,18.,740.));
#5195 = DIRECTION('',(1.,0.,0.));
#5196 = DIRECTION('',(0.,0.,1.));
#5197 = ADVANCED_FACE('',(#5198),#5214,.F.);
#5198 = FACE_BOUND('',#5199,.F.);
#5199 = EDGE_LOOP('',(#5200,#5206,#5207,#5213));
#5200 = ORIENTED_EDGE('',*,*,#5201,.F.);
#5201 = EDGE_CURVE('',#5122,#5162,#5202,.T.);
#5202 = LINE('',#5203,#5204);
#5203 = CARTESIAN_POINT('',(933.5,18.,740.));
#5204 = VECTOR('',#5205,1.);
#5205 = DIRECTION('',(1.,0.,0.));
#5206 = ORIENTED_EDGE('',*,*,#5121,.T.);
#5207 = ORIENTED_EDGE('',*,*,#5208,.T.);
#5208 = EDGE_CURVE('',#5124,#5164,#5209,.T.);
#5209 = LINE('',#5210,#5211);
#5210 = CARTESIAN_POINT('',(933.5,18.,820.));
#5211 = VECTOR('',#5212,1.);
#5212 = DIRECTION('',(1.,0.,0.));
#5213 = ORIENTED_EDGE('',*,*,#5161,.F.);
#5214 = PLANE('',#5215);
#5215 = AXIS2_PLACEMENT_3D('',#5216,#5217,#5218);
#5216 = CARTESIAN_POINT('',(933.5,18.,740.));
#5217 = DIRECTION('',(0.,1.,0.));
#5218 = DIRECTION('',(0.,0.,1.));
#5219 = ADVANCED_FACE('',(#5220),#5236,.T.);
#5220 = FACE_BOUND('',#5221,.T.);
#5221 = EDGE_LOOP('',(#5222,#5228,#5229,#5235));
#5222 = ORIENTED_EDGE('',*,*,#5223,.F.);
#5223 = EDGE_CURVE('',#5132,#5172,#5224,.T.);
#5224 = LINE('',#5225,#5226);
#5225 = CARTESIAN_POINT('',(933.5,518.,740.));
#5226 = VECTOR('',#5227,1.);
#5227 = DIRECTION('',(1.,0.,0.));
#5228 = ORIENTED_EDGE('',*,*,#5139,.T.);
#5229 = ORIENTED_EDGE('',*,*,#5230,.T.);
#5230 = EDGE_CURVE('',#5140,#5180,#5231,.T.);
#5231 = LINE('',#5232,#5233);
#5232 = CARTESIAN_POINT('',(933.5,518.,820.));
#5233 = VECTOR('',#5234,1.);
#5234 = DIRECTION('',(1.,0.,0.));
#5235 = ORIENTED_EDGE('',*,*,#5179,.F.);
#5236 = PLANE('',#5237);
#5237 = AXIS2_PLACEMENT_3D('',#5238,#5239,#5240);
#5238 = CARTESIAN_POINT('',(933.5,518.,740.));
#5239 = DIRECTION('',(0.,1.,0.));
#5240 = DIRECTION('',(0.,0.,1.));
#5241 = ADVANCED_FACE('',(#5242),#5248,.F.);
#5242 = FACE_BOUND('',#5243,.F.);
#5243 = EDGE_LOOP('',(#5244,#5245,#5246,#5247));
#5244 = ORIENTED_EDGE('',*,*,#5131,.F.);
#5245 = ORIENTED_EDGE('',*,*,#5201,.T.);
#5246 = ORIENTED_EDGE('',*,*,#5171,.T.);
#5247 = ORIENTED_EDGE('',*,*,#5223,.F.);
#5248 = PLANE('',#5249);
#5249 = AXIS2_PLACEMENT_3D('',#5250,#5251,#5252);
#5250 = CARTESIAN_POINT('',(933.5,18.,740.));
#5251 = DIRECTION('',(0.,0.,1.));
#5252 = DIRECTION('',(1.,0.,0.));
#5253 = ADVANCED_FACE('',(#5254),#5260,.T.);
#5254 = FACE_BOUND('',#5255,.T.);
#5255 = EDGE_LOOP('',(#5256,#5257,#5258,#5259));
#5256 = ORIENTED_EDGE('',*,*,#5147,.F.);
#5257 = ORIENTED_EDGE('',*,*,#5208,.T.);
#5258 = ORIENTED_EDGE('',*,*,#5187,.T.);
#5259 = ORIENTED_EDGE('',*,*,#5230,.F.);
#5260 = PLANE('',#5261);
#5261 = AXIS2_PLACEMENT_3D('',#5262,#5263,#5264);
#5262 = CARTESIAN_POINT('',(933.5,18.,820.));
#5263 = DIRECTION('',(0.,0.,1.));
#5264 = DIRECTION('',(1.,0.,0.));
#5265 = MANIFOLD_SOLID_BREP('',#5266);
#5266 = CLOSED_SHELL('',(#5267,#5307,#5347,#5369,#5391,#5403));
#5267 = ADVANCED_FACE('',(#5268),#5302,.F.);
#5268 = FACE_BOUND('',#5269,.F.);
#5269 = EDGE_LOOP('',(#5270,#5280,#5288,#5296));
#5270 = ORIENTED_EDGE('',*,*,#5271,.F.);
#5271 = EDGE_CURVE('',#5272,#5274,#5276,.T.);
#5272 = VERTEX_POINT('',#5273);
#5273 = CARTESIAN_POINT('',(1.541E+03,18.,740.));
#5274 = VERTEX_POINT('',#5275);
#5275 = CARTESIAN_POINT('',(1.541E+03,18.,820.));
#5276 = LINE('',#5277,#5278);
#5277 = CARTESIAN_POINT('',(1.541E+03,18.,740.));
#5278 = VECTOR('',#5279,1.);
#5279 = DIRECTION('',(0.,0.,1.));
#5280 = ORIENTED_EDGE('',*,*,#5281,.T.);
#5281 = EDGE_CURVE('',#5272,#5282,#5284,.T.);
#5282 = VERTEX_POINT('',#5283);
#5283 = CARTESIAN_POINT('',(1.541E+03,518.,740.));
#5284 = LINE('',#5285,#5286);
#5285 = CARTESIAN_POINT('',(1.541E+03,18.,740.));
#5286 = VECTOR('',#5287,1.);
#5287 = DIRECTION('',(0.,1.,0.));
#5288 = ORIENTED_EDGE('',*,*,#5289,.T.);
#5289 = EDGE_CURVE('',#5282,#5290,#5292,.T.);
#5290 = VERTEX_POINT('',#5291);
#5291 = CARTESIAN_POINT('',(1.541E+03,518.,820.));
#5292 = LINE('',#5293,#5294);
#5293 = CARTESIAN_POINT('',(1.541E+03,518.,740.));
#5294 = VECTOR('',#5295,1.);
#5295 = DIRECTION('',(0.,0.,1.));
#5296 = ORIENTED_EDGE('',*,*,#5297,.F.);
#5297 = EDGE_CURVE('',#5274,#5290,#5298,.T.);
#5298 = LINE('',#5299,#5300);
#5299 = CARTESIAN_POINT('',(1.541E+03,18.,820.));
#5300 = VECTOR('',#5301,1.);
#5301 = DIRECTION('',(0.,1.,0.));
#5302 = PLANE('',#5303);
#5303 = AXIS2_PLACEMENT_3D('',#5304,#5305,#5306);
#5304 = CARTESIAN_POINT('',(1.541E+03,18.,740.));
#5305 = DIRECTION('',(1.,0.,0.));
#5306 = DIRECTION('',(0.,0.,1.));
#5307 = ADVANCED_FACE('',(#5308),#5342,.T.);
#5308 = FACE_BOUND('',#5309,.T.);
#5309 = EDGE_LOOP('',(#5310,#5320,#5328,#5336));
#5310 = ORIENTED_EDGE('',*,*,#5311,.F.);
#5311 = EDGE_CURVE('',#5312,#5314,#5316,.T.);
#5312 = VERTEX_POINT('',#5313);
#5313 = CARTESIAN_POINT('',(1.559E+03,18.,740.));
#5314 = VERTEX_POINT('',#5315);
#5315 = CARTESIAN_POINT('',(1.559E+03,18.,820.));
#5316 = LINE('',#5317,#5318);
#5317 = CARTESIAN_POINT('',(1.559E+03,18.,740.));
#5318 = VECTOR('',#5319,1.);
#5319 = DIRECTION('',(0.,0.,1.));
#5320 = ORIENTED_EDGE('',*,*,#5321,.T.);
#5321 = EDGE_CURVE('',#5312,#5322,#5324,.T.);
#5322 = VERTEX_POINT('',#5323);
#5323 = CARTESIAN_POINT('',(1.559E+03,518.,740.));
#5324 = LINE('',#5325,#5326);
#5325 = CARTESIAN_POINT('',(1.559E+03,18.,740.));
#5326 = VECTOR('',#5327,1.);
#5327 = DIRECTION('',(0.,1.,0.));
#5328 = ORIENTED_EDGE('',*,*,#5329,.T.);
#5329 = EDGE_CURVE('',#5322,#5330,#5332,.T.);
#5330 = VERTEX_POINT('',#5331);
#5331 = CARTESIAN_POINT('',(1.559E+03,518.,820.));
#5332 = LINE('',#5333,#5334);
#5333 = CARTESIAN_POINT('',(1.559E+03,518.,740.));
#5334 = VECTOR('',#5335,1.);
#5335 = DIRECTION('',(0.,0.,1.));
#5336 = ORIENTED_EDGE('',*,*,#5337,.F.);
#5337 = EDGE_CURVE('',#5314,#5330,#5338,.T.);
#5338 = LINE('',#5339,#5340);
#5339 = CARTESIAN_POINT('',(1.559E+03,18.,820.));
#5340 = VECTOR('',#5341,1.);
#5341 = DIRECTION('',(0.,1.,0.));
#5342 = PLANE('',#5343);
#5343 = AXIS2_PLACEMENT_3D('',#5344,#5345,#5346);
#5344 = CARTESIAN_POINT('',(1.559E+03,18.,740.));
#5345 = DIRECTION('',(1.,0.,0.));
#5346 = DIRECTION('',(0.,0.,1.));
#5347 = ADVANCED_FACE('',(#5348),#5364,.F.);
#5348 = FACE_BOUND('',#5349,.F.);
#5349 = EDGE_LOOP('',(#5350,#5356,#5357,#5363));
#5350 = ORIENTED_EDGE('',*,*,#5351,.F.);
#5351 = EDGE_CURVE('',#5272,#5312,#5352,.T.);
#5352 = LINE('',#5353,#5354);
#5353 = CARTESIAN_POINT('',(1.541E+03,18.,740.));
#5354 = VECTOR('',#5355,1.);
#5355 = DIRECTION('',(1.,0.,0.));
#5356 = ORIENTED_EDGE('',*,*,#5271,.T.);
#5357 = ORIENTED_EDGE('',*,*,#5358,.T.);
#5358 = EDGE_CURVE('',#5274,#5314,#5359,.T.);
#5359 = LINE('',#5360,#5361);
#5360 = CARTESIAN_POINT('',(1.541E+03,18.,820.));
#5361 = VECTOR('',#5362,1.);
#5362 = DIRECTION('',(1.,0.,0.));
#5363 = ORIENTED_EDGE('',*,*,#5311,.F.);
#5364 = PLANE('',#5365);
#5365 = AXIS2_PLACEMENT_3D('',#5366,#5367,#5368);
#5366 = CARTESIAN_POINT('',(1.541E+03,18.,740.));
#5367 = DIRECTION('',(0.,1.,0.));
#5368 = DIRECTION('',(0.,0.,1.));
#5369 = ADVANCED_FACE('',(#5370),#5386,.T.);
#5370 = FACE_BOUND('',#5371,.T.);
#5371 = EDGE_LOOP('',(#5372,#5378,#5379,#5385));
#5372 = ORIENTED_EDGE('',*,*,#5373,.F.);
#5373 = EDGE_CURVE('',#5282,#5322,#5374,.T.);
#5374 = LINE('',#5375,#5376);
#5375 = CARTESIAN_POINT('',(1.541E+03,518.,740.));
#5376 = VECTOR('',#5377,1.);
#5377 = DIRECTION('',(1.,0.,0.));
#5378 = ORIENTED_EDGE('',*,*,#5289,.T.);
#5379 = ORIENTED_EDGE('',*,*,#5380,.T.);
#5380 = EDGE_CURVE('',#5290,#5330,#5381,.T.);
#5381 = LINE('',#5382,#5383);
#5382 = CARTESIAN_POINT('',(1.541E+03,518.,820.));
#5383 = VECTOR('',#5384,1.);
#5384 = DIRECTION('',(1.,0.,0.));
#5385 = ORIENTED_EDGE('',*,*,#5329,.F.);
#5386 = PLANE('',#5387);
#5387 = AXIS2_PLACEMENT_3D('',#5388,#5389,#5390);
#5388 = CARTESIAN_POINT('',(1.541E+03,518.,740.));
#5389 = DIRECTION('',(0.,1.,0.));
#5390 = DIRECTION('',(0.,0.,1.));
#5391 = ADVANCED_FACE('',(#5392),#5398,.F.);
#5392 = FACE_BOUND('',#5393,.F.);
#5393 = EDGE_LOOP('',(#5394,#5395,#5396,#5397));
#5394 = ORIENTED_EDGE('',*,*,#5281,.F.);
#5395 = ORIENTED_EDGE('',*,*,#5351,.T.);
#5396 = ORIENTED_EDGE('',*,*,#5321,.T.);
#5397 = ORIENTED_EDGE('',*,*,#5373,.F.);
#5398 = PLANE('',#5399);
#5399 = AXIS2_PLACEMENT_3D('',#5400,#5401,#5402);
#5400 = CARTESIAN_POINT('',(1.541E+03,18.,740.));
#5401 = DIRECTION('',(0.,0.,1.));
#5402 = DIRECTION('',(1.,0.,0.));
#5403 = ADVANCED_FACE('',(#5404),#5410,.T.);
#5404 = FACE_BOUND('',#5405,.T.);
#5405 = EDGE_LOOP('',(#5406,#5407,#5408,#5409));
#5406 = ORIENTED_EDGE('',*,*,#5297,.F.);
#5407 = ORIENTED_EDGE('',*,*,#5358,.T.);
#5408 = ORIENTED_EDGE('',*,*,#5337,.T.);
#5409 = ORIENTED_EDGE('',*,*,#5380,.F.);
#5410 = PLANE('',#5411);
#5411 = AXIS2_PLACEMENT_3D('',#5412,#5413,#5414);
#5412 = CARTESIAN_POINT('',(1.541E+03,18.,820.));
#5413 = DIRECTION('',(0.,0.,1.));
#5414 = DIRECTION('',(1.,0.,0.));
#5415 = MANIFOLD_SOLID_BREP('',#5416);
#5416 = CLOSED_SHELL('',(#5417,#5457,#5497,#5519,#5541,#5553));
#5417 = ADVANCED_FACE('',(#5418),#5452,.F.);
#5418 = FACE_BOUND('',#5419,.F.);
#5419 = EDGE_LOOP('',(#5420,#5430,#5438,#5446));
#5420 = ORIENTED_EDGE('',*,*,#5421,.F.);
#5421 = EDGE_CURVE('',#5422,#5424,#5426,.T.);
#5422 = VERTEX_POINT('',#5423);
#5423 = CARTESIAN_POINT('',(951.5,18.,740.));
#5424 = VERTEX_POINT('',#5425);
#5425 = CARTESIAN_POINT('',(951.5,18.,820.));
#5426 = LINE('',#5427,#5428);
#5427 = CARTESIAN_POINT('',(951.5,18.,740.));
#5428 = VECTOR('',#5429,1.);
#5429 = DIRECTION('',(0.,0.,1.));
#5430 = ORIENTED_EDGE('',*,*,#5431,.T.);
#5431 = EDGE_CURVE('',#5422,#5432,#5434,.T.);
#5432 = VERTEX_POINT('',#5433);
#5433 = CARTESIAN_POINT('',(951.5,36.,740.));
#5434 = LINE('',#5435,#5436);
#5435 = CARTESIAN_POINT('',(951.5,18.,740.));
#5436 = VECTOR('',#5437,1.);
#5437 = DIRECTION('',(0.,1.,0.));
#5438 = ORIENTED_EDGE('',*,*,#5439,.T.);
#5439 = EDGE_CURVE('',#5432,#5440,#5442,.T.);
#5440 = VERTEX_POINT('',#5441);
#5441 = CARTESIAN_POINT('',(951.5,36.,820.));
#5442 = LINE('',#5443,#5444);
#5443 = CARTESIAN_POINT('',(951.5,36.,740.));
#5444 = VECTOR('',#5445,1.);
#5445 = DIRECTION('',(0.,0.,1.));
#5446 = ORIENTED_EDGE('',*,*,#5447,.F.);
#5447 = EDGE_CURVE('',#5424,#5440,#5448,.T.);
#5448 = LINE('',#5449,#5450);
#5449 = CARTESIAN_POINT('',(951.5,18.,820.));
#5450 = VECTOR('',#5451,1.);
#5451 = DIRECTION('',(0.,1.,0.));
#5452 = PLANE('',#5453);
#5453 = AXIS2_PLACEMENT_3D('',#5454,#5455,#5456);
#5454 = CARTESIAN_POINT('',(951.5,18.,740.));
#5455 = DIRECTION('',(1.,0.,0.));
#5456 = DIRECTION('',(0.,0.,1.));
#5457 = ADVANCED_FACE('',(#5458),#5492,.T.);
#5458 = FACE_BOUND('',#5459,.T.);
#5459 = EDGE_LOOP('',(#5460,#5470,#5478,#5486));
#5460 = ORIENTED_EDGE('',*,*,#5461,.F.);
#5461 = EDGE_CURVE('',#5462,#5464,#5466,.T.);
#5462 = VERTEX_POINT('',#5463);
#5463 = CARTESIAN_POINT('',(1.541E+03,18.,740.));
#5464 = VERTEX_POINT('',#5465);
#5465 = CARTESIAN_POINT('',(1.541E+03,18.,820.));
#5466 = LINE('',#5467,#5468);
#5467 = CARTESIAN_POINT('',(1.541E+03,18.,740.));
#5468 = VECTOR('',#5469,1.);
#5469 = DIRECTION('',(0.,0.,1.));
#5470 = ORIENTED_EDGE('',*,*,#5471,.T.);
#5471 = EDGE_CURVE('',#5462,#5472,#5474,.T.);
#5472 = VERTEX_POINT('',#5473);
#5473 = CARTESIAN_POINT('',(1.541E+03,36.,740.));
#5474 = LINE('',#5475,#5476);
#5475 = CARTESIAN_POINT('',(1.541E+03,18.,740.));
#5476 = VECTOR('',#5477,1.);
#5477 = DIRECTION('',(0.,1.,0.));
#5478 = ORIENTED_EDGE('',*,*,#5479,.T.);
#5479 = EDGE_CURVE('',#5472,#5480,#5482,.T.);
#5480 = VERTEX_POINT('',#5481);
#5481 = CARTESIAN_POINT('',(1.541E+03,36.,820.));
#5482 = LINE('',#5483,#5484);
#5483 = CARTESIAN_POINT('',(1.541E+03,36.,740.));
#5484 = VECTOR('',#5485,1.);
#5485 = DIRECTION('',(0.,0.,1.));
#5486 = ORIENTED_EDGE('',*,*,#5487,.F.);
#5487 = EDGE_CURVE('',#5464,#5480,#5488,.T.);
#5488 = LINE('',#5489,#5490);
#5489 = CARTESIAN_POINT('',(1.541E+03,18.,820.));
#5490 = VECTOR('',#5491,1.);
#5491 = DIRECTION('',(0.,1.,0.));
#5492 = PLANE('',#5493);
#5493 = AXIS2_PLACEMENT_3D('',#5494,#5495,#5496);
#5494 = CARTESIAN_POINT('',(1.541E+03,18.,740.));
#5495 = DIRECTION('',(1.,0.,0.));
#5496 = DIRECTION('',(0.,0.,1.));
#5497 = ADVANCED_FACE('',(#5498),#5514,.F.);
#5498 = FACE_BOUND('',#5499,.F.);
#5499 = EDGE_LOOP('',(#5500,#5506,#5507,#5513));
#5500 = ORIENTED_EDGE('',*,*,#5501,.F.);
#5501 = EDGE_CURVE('',#5422,#5462,#5502,.T.);
#5502 = LINE('',#5503,#5504);
#5503 = CARTESIAN_POINT('',(951.5,18.,740.));
#5504 = VECTOR('',#5505,1.);
#5505 = DIRECTION('',(1.,0.,0.));
#5506 = ORIENTED_EDGE('',*,*,#5421,.T.);
#5507 = ORIENTED_EDGE('',*,*,#5508,.T.);
#5508 = EDGE_CURVE('',#5424,#5464,#5509,.T.);
#5509 = LINE('',#5510,#5511);
#5510 = CARTESIAN_POINT('',(951.5,18.,820.));
#5511 = VECTOR('',#5512,1.);
#5512 = DIRECTION('',(1.,0.,0.));
#5513 = ORIENTED_EDGE('',*,*,#5461,.F.);
#5514 = PLANE('',#5515);
#5515 = AXIS2_PLACEMENT_3D('',#5516,#5517,#5518);
#5516 = CARTESIAN_POINT('',(951.5,18.,740.));
#5517 = DIRECTION('',(0.,1.,0.));
#5518 = DIRECTION('',(0.,0.,1.));
#5519 = ADVANCED_FACE('',(#5520),#5536,.T.);
#5520 = FACE_BOUND('',#5521,.T.);
#5521 = EDGE_LOOP('',(#5522,#5528,#5529,#5535));
#5522 = ORIENTED_EDGE('',*,*,#5523,.F.);
#5523 = EDGE_CURVE('',#5432,#5472,#5524,.T.);
#5524 = LINE('',#5525,#5526);
#5525 = CARTESIAN_POINT('',(951.5,36.,740.));
#5526 = VECTOR('',#5527,1.);
#5527 = DIRECTION('',(1.,0.,0.));
#5528 = ORIENTED_EDGE('',*,*,#5439,.T.);
#5529 = ORIENTED_EDGE('',*,*,#5530,.T.);
#5530 = EDGE_CURVE('',#5440,#5480,#5531,.T.);
#5531 = LINE('',#5532,#5533);
#5532 = CARTESIAN_POINT('',(951.5,36.,820.));
#5533 = VECTOR('',#5534,1.);
#5534 = DIRECTION('',(1.,0.,0.));
#5535 = ORIENTED_EDGE('',*,*,#5479,.F.);
#5536 = PLANE('',#5537);
#5537 = AXIS2_PLACEMENT_3D('',#5538,#5539,#5540);
#5538 = CARTESIAN_POINT('',(951.5,36.,740.));
#5539 = DIRECTION('',(0.,1.,0.));
#5540 = DIRECTION('',(0.,0.,1.));
#5541 = ADVANCED_FACE('',(#5542),#5548,.F.);
#5542 = FACE_BOUND('',#5543,.F.);
#5543 = EDGE_LOOP('',(#5544,#5545,#5546,#5547));
#5544 = ORIENTED_EDGE('',*,*,#5431,.F.);
#5545 = ORIENTED_EDGE('',*,*,#5501,.T.);
#5546 = ORIENTED_EDGE('',*,*,#5471,.T.);
#5547 = ORIENTED_EDGE('',*,*,#5523,.F.);
#5548 = PLANE('',#5549);
#5549 = AXIS2_PLACEMENT_3D('',#5550,#5551,#5552);
#5550 = CARTESIAN_POINT('',(951.5,18.,740.));
#5551 = DIRECTION('',(0.,0.,1.));
#5552 = DIRECTION('',(1.,0.,0.));
#5553 = ADVANCED_FACE('',(#5554),#5560,.T.);
#5554 = FACE_BOUND('',#5555,.T.);
#5555 = EDGE_LOOP('',(#5556,#5557,#5558,#5559));
#5556 = ORIENTED_EDGE('',*,*,#5447,.F.);
#5557 = ORIENTED_EDGE('',*,*,#5508,.T.);
#5558 = ORIENTED_EDGE('',*,*,#5487,.T.);
#5559 = ORIENTED_EDGE('',*,*,#5530,.F.);
#5560 = PLANE('',#5561);
#5561 = AXIS2_PLACEMENT_3D('',#5562,#5563,#5564);
#5562 = CARTESIAN_POINT('',(951.5,18.,820.));
#5563 = DIRECTION('',(0.,0.,1.));
#5564 = DIRECTION('',(1.,0.,0.));
#5565 = MANIFOLD_SOLID_BREP('',#5566);
#5566 = CLOSED_SHELL('',(#5567,#5607,#5647,#5669,#5691,#5703));
#5567 = ADVANCED_FACE('',(#5568),#5602,.F.);
#5568 = FACE_BOUND('',#5569,.F.);
#5569 = EDGE_LOOP('',(#5570,#5580,#5588,#5596));
#5570 = ORIENTED_EDGE('',*,*,#5571,.F.);
#5571 = EDGE_CURVE('',#5572,#5574,#5576,.T.);
#5572 = VERTEX_POINT('',#5573);
#5573 = CARTESIAN_POINT('',(951.5,500.,740.));
#5574 = VERTEX_POINT('',#5575);
#5575 = CARTESIAN_POINT('',(951.5,500.,820.));
#5576 = LINE('',#5577,#5578);
#5577 = CARTESIAN_POINT('',(951.5,500.,740.));
#5578 = VECTOR('',#5579,1.);
#5579 = DIRECTION('',(0.,0.,1.));
#5580 = ORIENTED_EDGE('',*,*,#5581,.T.);
#5581 = EDGE_CURVE('',#5572,#5582,#5584,.T.);
#5582 = VERTEX_POINT('',#5583);
#5583 = CARTESIAN_POINT('',(951.5,518.,740.));
#5584 = LINE('',#5585,#5586);
#5585 = CARTESIAN_POINT('',(951.5,500.,740.));
#5586 = VECTOR('',#5587,1.);
#5587 = DIRECTION('',(0.,1.,0.));
#5588 = ORIENTED_EDGE('',*,*,#5589,.T.);
#5589 = EDGE_CURVE('',#5582,#5590,#5592,.T.);
#5590 = VERTEX_POINT('',#5591);
#5591 = CARTESIAN_POINT('',(951.5,518.,820.));
#5592 = LINE('',#5593,#5594);
#5593 = CARTESIAN_POINT('',(951.5,518.,740.));
#5594 = VECTOR('',#5595,1.);
#5595 = DIRECTION('',(0.,0.,1.));
#5596 = ORIENTED_EDGE('',*,*,#5597,.F.);
#5597 = EDGE_CURVE('',#5574,#5590,#5598,.T.);
#5598 = LINE('',#5599,#5600);
#5599 = CARTESIAN_POINT('',(951.5,500.,820.));
#5600 = VECTOR('',#5601,1.);
#5601 = DIRECTION('',(0.,1.,0.));
#5602 = PLANE('',#5603);
#5603 = AXIS2_PLACEMENT_3D('',#5604,#5605,#5606);
#5604 = CARTESIAN_POINT('',(951.5,500.,740.));
#5605 = DIRECTION('',(1.,0.,0.));
#5606 = DIRECTION('',(0.,0.,1.));
#5607 = ADVANCED_FACE('',(#5608),#5642,.T.);
#5608 = FACE_BOUND('',#5609,.T.);
#5609 = EDGE_LOOP('',(#5610,#5620,#5628,#5636));
#5610 = ORIENTED_EDGE('',*,*,#5611,.F.);
#5611 = EDGE_CURVE('',#5612,#5614,#5616,.T.);
#5612 = VERTEX_POINT('',#5613);
#5613 = CARTESIAN_POINT('',(1.541E+03,500.,740.));
#5614 = VERTEX_POINT('',#5615);
#5615 = CARTESIAN_POINT('',(1.541E+03,500.,820.));
#5616 = LINE('',#5617,#5618);
#5617 = CARTESIAN_POINT('',(1.541E+03,500.,740.));
#5618 = VECTOR('',#5619,1.);
#5619 = DIRECTION('',(0.,0.,1.));
#5620 = ORIENTED_EDGE('',*,*,#5621,.T.);
#5621 = EDGE_CURVE('',#5612,#5622,#5624,.T.);
#5622 = VERTEX_POINT('',#5623);
#5623 = CARTESIAN_POINT('',(1.541E+03,518.,740.));
#5624 = LINE('',#5625,#5626);
#5625 = CARTESIAN_POINT('',(1.541E+03,500.,740.));
#5626 = VECTOR('',#5627,1.);
#5627 = DIRECTION('',(0.,1.,0.));
#5628 = ORIENTED_EDGE('',*,*,#5629,.T.);
#5629 = EDGE_CURVE('',#5622,#5630,#5632,.T.);
#5630 = VERTEX_POINT('',#5631);
#5631 = CARTESIAN_POINT('',(1.541E+03,518.,820.));
#5632 = LINE('',#5633,#5634);
#5633 = CARTESIAN_POINT('',(1.541E+03,518.,740.));
#5634 = VECTOR('',#5635,1.);
#5635 = DIRECTION('',(0.,0.,1.));
#5636 = ORIENTED_EDGE('',*,*,#5637,.F.);
#5637 = EDGE_CURVE('',#5614,#5630,#5638,.T.);
#5638 = LINE('',#5639,#5640);
#5639 = CARTESIAN_POINT('',(1.541E+03,500.,820.));
#5640 = VECTOR('',#5641,1.);
#5641 = DIRECTION('',(0.,1.,0.));
#5642 = PLANE('',#5643);
#5643 = AXIS2_PLACEMENT_3D('',#5644,#5645,#5646);
#5644 = CARTESIAN_POINT('',(1.541E+03,500.,740.));
#5645 = DIRECTION('',(1.,0.,0.));
#5646 = DIRECTION('',(0.,0.,1.));
#5647 = ADVANCED_FACE('',(#5648),#5664,.F.);
#5648 = FACE_BOUND('',#5649,.F.);
#5649 = EDGE_LOOP('',(#5650,#5656,#5657,#5663));
#5650 = ORIENTED_EDGE('',*,*,#5651,.F.);
#5651 = EDGE_CURVE('',#5572,#5612,#5652,.T.);
#5652 = LINE('',#5653,#5654);
#5653 = CARTESIAN_POINT('',(951.5,500.,740.));
#5654 = VECTOR('',#5655,1.);
#5655 = DIRECTION('',(1.,0.,0.));
#5656 = ORIENTED_EDGE('',*,*,#5571,.T.);
#5657 = ORIENTED_EDGE('',*,*,#5658,.T.);
#5658 = EDGE_CURVE('',#5574,#5614,#5659,.T.);
#5659 = LINE('',#5660,#5661);
#5660 = CARTESIAN_POINT('',(951.5,500.,820.));
#5661 = VECTOR('',#5662,1.);
#5662 = DIRECTION('',(1.,0.,0.));
#5663 = ORIENTED_EDGE('',*,*,#5611,.F.);
#5664 = PLANE('',#5665);
#5665 = AXIS2_PLACEMENT_3D('',#5666,#5667,#5668);
#5666 = CARTESIAN_POINT('',(951.5,500.,740.));
#5667 = DIRECTION('',(0.,1.,0.));
#5668 = DIRECTION('',(0.,0.,1.));
#5669 = ADVANCED_FACE('',(#5670),#5686,.T.);
#5670 = FACE_BOUND('',#5671,.T.);
#5671 = EDGE_LOOP('',(#5672,#5678,#5679,#5685));
#5672 = ORIENTED_EDGE('',*,*,#5673,.F.);
#5673 = EDGE_CURVE('',#5582,#5622,#5674,.T.);
#5674 = LINE('',#5675,#5676);
#5675 = CARTESIAN_POINT('',(951.5,518.,740.));
#5676 = VECTOR('',#5677,1.);
#5677 = DIRECTION('',(1.,0.,0.));
#5678 = ORIENTED_EDGE('',*,*,#5589,.T.);
#5679 = ORIENTED_EDGE('',*,*,#5680,.T.);
#5680 = EDGE_CURVE('',#5590,#5630,#5681,.T.);
#5681 = LINE('',#5682,#5683);
#5682 = CARTESIAN_POINT('',(951.5,518.,820.));
#5683 = VECTOR('',#5684,1.);
#5684 = DIRECTION('',(1.,0.,0.));
#5685 = ORIENTED_EDGE('',*,*,#5629,.F.);
#5686 = PLANE('',#5687);
#5687 = AXIS2_PLACEMENT_3D('',#5688,#5689,#5690);
#5688 = CARTESIAN_POINT('',(951.5,518.,740.));
#5689 = DIRECTION('',(0.,1.,0.));
#5690 = DIRECTION('',(0.,0.,1.));
#5691 = ADVANCED_FACE('',(#5692),#5698,.F.);
#5692 = FACE_BOUND('',#5693,.F.);
#5693 = EDGE_LOOP('',(#5694,#5695,#5696,#5697));
#5694 = ORIENTED_EDGE('',*,*,#5581,.F.);
#5695 = ORIENTED_EDGE('',*,*,#5651,.T.);
#5696 = ORIENTED_EDGE('',*,*,#5621,.T.);
#5697 = ORIENTED_EDGE('',*,*,#5673,.F.);
#5698 = PLANE('',#5699);
#5699 = AXIS2_PLACEMENT_3D('',#5700,#5701,#5702);
#5700 = CARTESIAN_POINT('',(951.5,500.,740.));
#5701 = DIRECTION('',(0.,0.,1.));
#5702 = DIRECTION('',(1.,0.,0.));
#5703 = ADVANCED_FACE('',(#5704),#5710,.T.);
#5704 = FACE_BOUND('',#5705,.T.);
#5705 = EDGE_LOOP('',(#5706,#5707,#5708,#5709));
#5706 = ORIENTED_EDGE('',*,*,#5597,.F.);
#5707 = ORIENTED_EDGE('',*,*,#5658,.T.);
#5708 = ORIENTED_EDGE('',*,*,#5637,.T.);
#5709 = ORIENTED_EDGE('',*,*,#5680,.F.);
#5710 = PLANE('',#5711);
#5711 = AXIS2_PLACEMENT_3D('',#5712,#5713,#5714);
#5712 = CARTESIAN_POINT('',(951.5,500.,820.));
#5713 = DIRECTION('',(0.,0.,1.));
#5714 = DIRECTION('',(1.,0.,0.));
#5715 = MANIFOLD_SOLID_BREP('',#5716);
#5716 = CLOSED_SHELL('',(#5717,#5757,#5797,#5819,#5841,#5853));
#5717 = ADVANCED_FACE('',(#5718),#5752,.F.);
#5718 = FACE_BOUND('',#5719,.F.);
#5719 = EDGE_LOOP('',(#5720,#5730,#5738,#5746));
#5720 = ORIENTED_EDGE('',*,*,#5721,.F.);
#5721 = EDGE_CURVE('',#5722,#5724,#5726,.T.);
#5722 = VERTEX_POINT('',#5723);
#5723 = CARTESIAN_POINT('',(951.5,36.,740.));
#5724 = VERTEX_POINT('',#5725);
#5725 = CARTESIAN_POINT('',(951.5,36.,746.));
#5726 = LINE('',#5727,#5728);
#5727 = CARTESIAN_POINT('',(951.5,36.,740.));
#5728 = VECTOR('',#5729,1.);
#5729 = DIRECTION('',(0.,0.,1.));
#5730 = ORIENTED_EDGE('',*,*,#5731,.T.);
#5731 = EDGE_CURVE('',#5722,#5732,#5734,.T.);
#5732 = VERTEX_POINT('',#5733);
#5733 = CARTESIAN_POINT('',(951.5,500.,740.));
#5734 = LINE('',#5735,#5736);
#5735 = CARTESIAN_POINT('',(951.5,36.,740.));
#5736 = VECTOR('',#5737,1.);
#5737 = DIRECTION('',(0.,1.,0.));
#5738 = ORIENTED_EDGE('',*,*,#5739,.T.);
#5739 = EDGE_CURVE('',#5732,#5740,#5742,.T.);
#5740 = VERTEX_POINT('',#5741);
#5741 = CARTESIAN_POINT('',(951.5,500.,746.));
#5742 = LINE('',#5743,#5744);
#5743 = CARTESIAN_POINT('',(951.5,500.,740.));
#5744 = VECTOR('',#5745,1.);
#5745 = DIRECTION('',(0.,0.,1.));
#5746 = ORIENTED_EDGE('',*,*,#5747,.F.);
#5747 = EDGE_CURVE('',#5724,#5740,#5748,.T.);
#5748 = LINE('',#5749,#5750);
#5749 = CARTESIAN_POINT('',(951.5,36.,746.));
#5750 = VECTOR('',#5751,1.);
#5751 = DIRECTION('',(0.,1.,0.));
#5752 = PLANE('',#5753);
#5753 = AXIS2_PLACEMENT_3D('',#5754,#5755,#5756);
#5754 = CARTESIAN_POINT('',(951.5,36.,740.));
#5755 = DIRECTION('',(1.,0.,0.));
#5756 = DIRECTION('',(0.,0.,1.));
#5757 = ADVANCED_FACE('',(#5758),#5792,.T.);
#5758 = FACE_BOUND('',#5759,.T.);
#5759 = EDGE_LOOP('',(#5760,#5770,#5778,#5786));
#5760 = ORIENTED_EDGE('',*,*,#5761,.F.);
#5761 = EDGE_CURVE('',#5762,#5764,#5766,.T.);
#5762 = VERTEX_POINT('',#5763);
#5763 = CARTESIAN_POINT('',(1.541E+03,36.,740.));
#5764 = VERTEX_POINT('',#5765);
#5765 = CARTESIAN_POINT('',(1.541E+03,36.,746.));
#5766 = LINE('',#5767,#5768);
#5767 = CARTESIAN_POINT('',(1.541E+03,36.,740.));
#5768 = VECTOR('',#5769,1.);
#5769 = DIRECTION('',(0.,0.,1.));
#5770 = ORIENTED_EDGE('',*,*,#5771,.T.);
#5771 = EDGE_CURVE('',#5762,#5772,#5774,.T.);
#5772 = VERTEX_POINT('',#5773);
#5773 = CARTESIAN_POINT('',(1.541E+03,500.,740.));
#5774 = LINE('',#5775,#5776);
#5775 = CARTESIAN_POINT('',(1.541E+03,36.,740.));
#5776 = VECTOR('',#5777,1.);
#5777 = DIRECTION('',(0.,1.,0.));
#5778 = ORIENTED_EDGE('',*,*,#5779,.T.);
#5779 = EDGE_CURVE('',#5772,#5780,#5782,.T.);
#5780 = VERTEX_POINT('',#5781);
#5781 = CARTESIAN_POINT('',(1.541E+03,500.,746.));
#5782 = LINE('',#5783,#5784);
#5783 = CARTESIAN_POINT('',(1.541E+03,500.,740.));
#5784 = VECTOR('',#5785,1.);
#5785 = DIRECTION('',(0.,0.,1.));
#5786 = ORIENTED_EDGE('',*,*,#5787,.F.);
#5787 = EDGE_CURVE('',#5764,#5780,#5788,.T.);
#5788 = LINE('',#5789,#5790);
#5789 = CARTESIAN_POINT('',(1.541E+03,36.,746.));
#5790 = VECTOR('',#5791,1.);
#5791 = DIRECTION('',(0.,1.,0.));
#5792 = PLANE('',#5793);
#5793 = AXIS2_PLACEMENT_3D('',#5794,#5795,#5796);
#5794 = CARTESIAN_POINT('',(1.541E+03,36.,740.));
#5795 = DIRECTION('',(1.,0.,0.));
#5796 = DIRECTION('',(0.,0.,1.));
#5797 = ADVANCED_FACE('',(#5798),#5814,.F.);
#5798 = FACE_BOUND('',#5799,.F.);
#5799 = EDGE_LOOP('',(#5800,#5806,#5807,#5813));
#5800 = ORIENTED_EDGE('',*,*,#5801,.F.);
#5801 = EDGE_CURVE('',#5722,#5762,#5802,.T.);
#5802 = LINE('',#5803,#5804);
#5803 = CARTESIAN_POINT('',(951.5,36.,740.));
#5804 = VECTOR('',#5805,1.);
#5805 = DIRECTION('',(1.,0.,0.));
#5806 = ORIENTED_EDGE('',*,*,#5721,.T.);
#5807 = ORIENTED_EDGE('',*,*,#5808,.T.);
#5808 = EDGE_CURVE('',#5724,#5764,#5809,.T.);
#5809 = LINE('',#5810,#5811);
#5810 = CARTESIAN_POINT('',(951.5,36.,746.));
#5811 = VECTOR('',#5812,1.);
#5812 = DIRECTION('',(1.,0.,0.));
#5813 = ORIENTED_EDGE('',*,*,#5761,.F.);
#5814 = PLANE('',#5815);
#5815 = AXIS2_PLACEMENT_3D('',#5816,#5817,#5818);
#5816 = CARTESIAN_POINT('',(951.5,36.,740.));
#5817 = DIRECTION('',(0.,1.,0.));
#5818 = DIRECTION('',(0.,0.,1.));
#5819 = ADVANCED_FACE('',(#5820),#5836,.T.);
#5820 = FACE_BOUND('',#5821,.T.);
#5821 = EDGE_LOOP('',(#5822,#5828,#5829,#5835));
#5822 = ORIENTED_EDGE('',*,*,#5823,.F.);
#5823 = EDGE_CURVE('',#5732,#5772,#5824,.T.);
#5824 = LINE('',#5825,#5826);
#5825 = CARTESIAN_POINT('',(951.5,500.,740.));
#5826 = VECTOR('',#5827,1.);
#5827 = DIRECTION('',(1.,0.,0.));
#5828 = ORIENTED_EDGE('',*,*,#5739,.T.);
#5829 = ORIENTED_EDGE('',*,*,#5830,.T.);
#5830 = EDGE_CURVE('',#5740,#5780,#5831,.T.);
#5831 = LINE('',#5832,#5833);
#5832 = CARTESIAN_POINT('',(951.5,500.,746.));
#5833 = VECTOR('',#5834,1.);
#5834 = DIRECTION('',(1.,0.,0.));
#5835 = ORIENTED_EDGE('',*,*,#5779,.F.);
#5836 = PLANE('',#5837);
#5837 = AXIS2_PLACEMENT_3D('',#5838,#5839,#5840);
#5838 = CARTESIAN_POINT('',(951.5,500.,740.));
#5839 = DIRECTION('',(0.,1.,0.));
#5840 = DIRECTION('',(0.,0.,1.));
#5841 = ADVANCED_FACE('',(#5842),#5848,.F.);
#5842 = FACE_BOUND('',#5843,.F.);
#5843 = EDGE_LOOP('',(#5844,#5845,#5846,#5847));
#5844 = ORIENTED_EDGE('',*,*,#5731,.F.);
#5845 = ORIENTED_EDGE('',*,*,#5801,.T.);
#5846 = ORIENTED_EDGE('',*,*,#5771,.T.);
#5847 = ORIENTED_EDGE('',*,*,#5823,.F.);
#5848 = PLANE('',#5849);
#5849 = AXIS2_PLACEMENT_3D('',#5850,#5851,#5852);
#5850 = CARTESIAN_POINT('',(951.5,36.,740.));
#5851 = DIRECTION('',(0.,0.,1.));
#5852 = DIRECTION('',(1.,0.,0.));
#5853 = ADVANCED_FACE('',(#5854),#5860,.T.);
#5854 = FACE_BOUND('',#5855,.T.);
#5855 = EDGE_LOOP('',(#5856,#5857,#5858,#5859));
#5856 = ORIENTED_EDGE('',*,*,#5747,.F.);
#5857 = ORIENTED_EDGE('',*,*,#5808,.T.);
#5858 = ORIENTED_EDGE('',*,*,#5787,.T.);
#5859 = ORIENTED_EDGE('',*,*,#5830,.F.);
#5860 = PLANE('',#5861);
#5861 = AXIS2_PLACEMENT_3D('',#5862,#5863,#5864);
#5862 = CARTESIAN_POINT('',(951.5,36.,746.));
#5863 = DIRECTION('',(0.,0.,1.));
#5864 = DIRECTION('',(1.,0.,0.));
#5865 = MANIFOLD_SOLID_BREP('',#5866);
#5866 = CLOSED_SHELL('',(#5867,#5907,#5947,#5969,#5991,#6003));
#5867 = ADVANCED_FACE('',(#5868),#5902,.F.);
#5868 = FACE_BOUND('',#5869,.F.);
#5869 = EDGE_LOOP('',(#5870,#5880,#5888,#5896));
#5870 = ORIENTED_EDGE('',*,*,#5871,.F.);
#5871 = EDGE_CURVE('',#5872,#5874,#5876,.T.);
#5872 = VERTEX_POINT('',#5873);
#5873 = CARTESIAN_POINT('',(1.602E+03,18.,740.));
#5874 = VERTEX_POINT('',#5875);
#5875 = CARTESIAN_POINT('',(1.602E+03,18.,820.));
#5876 = LINE('',#5877,#5878);
#5877 = CARTESIAN_POINT('',(1.602E+03,18.,740.));
#5878 = VECTOR('',#5879,1.);
#5879 = DIRECTION('',(0.,0.,1.));
#5880 = ORIENTED_EDGE('',*,*,#5881,.T.);
#5881 = EDGE_CURVE('',#5872,#5882,#5884,.T.);
#5882 = VERTEX_POINT('',#5883);
#5883 = CARTESIAN_POINT('',(1.602E+03,518.,740.));
#5884 = LINE('',#5885,#5886);
#5885 = CARTESIAN_POINT('',(1.602E+03,18.,740.));
#5886 = VECTOR('',#5887,1.);
#5887 = DIRECTION('',(0.,1.,0.));
#5888 = ORIENTED_EDGE('',*,*,#5889,.T.);
#5889 = EDGE_CURVE('',#5882,#5890,#5892,.T.);
#5890 = VERTEX_POINT('',#5891);
#5891 = CARTESIAN_POINT('',(1.602E+03,518.,820.));
#5892 = LINE('',#5893,#5894);
#5893 = CARTESIAN_POINT('',(1.602E+03,518.,740.));
#5894 = VECTOR('',#5895,1.);
#5895 = DIRECTION('',(0.,0.,1.));
#5896 = ORIENTED_EDGE('',*,*,#5897,.F.);
#5897 = EDGE_CURVE('',#5874,#5890,#5898,.T.);
#5898 = LINE('',#5899,#5900);
#5899 = CARTESIAN_POINT('',(1.602E+03,18.,820.));
#5900 = VECTOR('',#5901,1.);
#5901 = DIRECTION('',(0.,1.,0.));
#5902 = PLANE('',#5903);
#5903 = AXIS2_PLACEMENT_3D('',#5904,#5905,#5906);
#5904 = CARTESIAN_POINT('',(1.602E+03,18.,740.));
#5905 = DIRECTION('',(1.,0.,0.));
#5906 = DIRECTION('',(0.,0.,1.));
#5907 = ADVANCED_FACE('',(#5908),#5942,.T.);
#5908 = FACE_BOUND('',#5909,.T.);
#5909 = EDGE_LOOP('',(#5910,#5920,#5928,#5936));
#5910 = ORIENTED_EDGE('',*,*,#5911,.F.);
#5911 = EDGE_CURVE('',#5912,#5914,#5916,.T.);
#5912 = VERTEX_POINT('',#5913);
#5913 = CARTESIAN_POINT('',(1.62E+03,18.,740.));
#5914 = VERTEX_POINT('',#5915);
#5915 = CARTESIAN_POINT('',(1.62E+03,18.,820.));
#5916 = LINE('',#5917,#5918);
#5917 = CARTESIAN_POINT('',(1.62E+03,18.,740.));
#5918 = VECTOR('',#5919,1.);
#5919 = DIRECTION('',(0.,0.,1.));
#5920 = ORIENTED_EDGE('',*,*,#5921,.T.);
#5921 = EDGE_CURVE('',#5912,#5922,#5924,.T.);
#5922 = VERTEX_POINT('',#5923);
#5923 = CARTESIAN_POINT('',(1.62E+03,518.,740.));
#5924 = LINE('',#5925,#5926);
#5925 = CARTESIAN_POINT('',(1.62E+03,18.,740.));
#5926 = VECTOR('',#5927,1.);
#5927 = DIRECTION('',(0.,1.,0.));
#5928 = ORIENTED_EDGE('',*,*,#5929,.T.);
#5929 = EDGE_CURVE('',#5922,#5930,#5932,.T.);
#5930 = VERTEX_POINT('',#5931);
#5931 = CARTESIAN_POINT('',(1.62E+03,518.,820.));
#5932 = LINE('',#5933,#5934);
#5933 = CARTESIAN_POINT('',(1.62E+03,518.,740.));
#5934 = VECTOR('',#5935,1.);
#5935 = DIRECTION('',(0.,0.,1.));
#5936 = ORIENTED_EDGE('',*,*,#5937,.F.);
#5937 = EDGE_CURVE('',#5914,#5930,#5938,.T.);
#5938 = LINE('',#5939,#5940);
#5939 = CARTESIAN_POINT('',(1.62E+03,18.,820.));
#5940 = VECTOR('',#5941,1.);
#5941 = DIRECTION('',(0.,1.,0.));
#5942 = PLANE('',#5943);
#5943 = AXIS2_PLACEMENT_3D('',#5944,#5945,#5946);
#5944 = CARTESIAN_POINT('',(1.62E+03,18.,740.));
#5945 = DIRECTION('',(1.,0.,0.));
#5946 = DIRECTION('',(0.,0.,1.));
#5947 = ADVANCED_FACE('',(#5948),#5964,.F.);
#5948 = FACE_BOUND('',#5949,.F.);
#5949 = EDGE_LOOP('',(#5950,#5956,#5957,#5963));
#5950 = ORIENTED_EDGE('',*,*,#5951,.F.);
#5951 = EDGE_CURVE('',#5872,#5912,#5952,.T.);
#5952 = LINE('',#5953,#5954);
#5953 = CARTESIAN_POINT('',(1.602E+03,18.,740.));
#5954 = VECTOR('',#5955,1.);
#5955 = DIRECTION('',(1.,0.,0.));
#5956 = ORIENTED_EDGE('',*,*,#5871,.T.);
#5957 = ORIENTED_EDGE('',*,*,#5958,.T.);
#5958 = EDGE_CURVE('',#5874,#5914,#5959,.T.);
#5959 = LINE('',#5960,#5961);
#5960 = CARTESIAN_POINT('',(1.602E+03,18.,820.));
#5961 = VECTOR('',#5962,1.);
#5962 = DIRECTION('',(1.,0.,0.));
#5963 = ORIENTED_EDGE('',*,*,#5911,.F.);
#5964 = PLANE('',#5965);
#5965 = AXIS2_PLACEMENT_3D('',#5966,#5967,#5968);
#5966 = CARTESIAN_POINT('',(1.602E+03,18.,740.));
#5967 = DIRECTION('',(0.,1.,0.));
#5968 = DIRECTION('',(0.,0.,1.));
#5969 = ADVANCED_FACE('',(#5970),#5986,.T.);
#5970 = FACE_BOUND('',#5971,.T.);
#5971 = EDGE_LOOP('',(#5972,#5978,#5979,#5985));
#5972 = ORIENTED_EDGE('',*,*,#5973,.F.);
#5973 = EDGE_CURVE('',#5882,#5922,#5974,.T.);
#5974 = LINE('',#5975,#5976);
#5975 = CARTESIAN_POINT('',(1.602E+03,518.,740.));
#5976 = VECTOR('',#5977,1.);
#5977 = DIRECTION('',(1.,0.,0.));
#5978 = ORIENTED_EDGE('',*,*,#5889,.T.);
#5979 = ORIENTED_EDGE('',*,*,#5980,.T.);
#5980 = EDGE_CURVE('',#5890,#5930,#5981,.T.);
#5981 = LINE('',#5982,#5983);
#5982 = CARTESIAN_POINT('',(1.602E+03,518.,820.));
#5983 = VECTOR('',#5984,1.);
#5984 = DIRECTION('',(1.,0.,0.));
#5985 = ORIENTED_EDGE('',*,*,#5929,.F.);
#5986 = PLANE('',#5987);
#5987 = AXIS2_PLACEMENT_3D('',#5988,#5989,#5990);
#5988 = CARTESIAN_POINT('',(1.602E+03,518.,740.));
#5989 = DIRECTION('',(0.,1.,0.));
#5990 = DIRECTION('',(0.,0.,1.));
#5991 = ADVANCED_FACE('',(#5992),#5998,.F.);
#5992 = FACE_BOUND('',#5993,.F.);
#5993 = EDGE_LOOP('',(#5994,#5995,#5996,#5997));
#5994 = ORIENTED_EDGE('',*,*,#5881,.F.);
#5995 = ORIENTED_EDGE('',*,*,#5951,.T.);
#5996 = ORIENTED_EDGE('',*,*,#5921,.T.);
#5997 = ORIENTED_EDGE('',*,*,#5973,.F.);
#5998 = PLANE('',#5999);
#5999 = AXIS2_PLACEMENT_3D('',#6000,#6001,#6002);
#6000 = CARTESIAN_POINT('',(1.602E+03,18.,740.));
#6001 = DIRECTION('',(0.,0.,1.));
#6002 = DIRECTION('',(1.,0.,0.));
#6003 = ADVANCED_FACE('',(#6004),#6010,.T.);
#6004 = FACE_BOUND('',#6005,.T.);
#6005 = EDGE_LOOP('',(#6006,#6007,#6008,#6009));
#6006 = ORIENTED_EDGE('',*,*,#5897,.F.);
#6007 = ORIENTED_EDGE('',*,*,#5958,.T.);
#6008 = ORIENTED_EDGE('',*,*,#5937,.T.);
#6009 = ORIENTED_EDGE('',*,*,#5980,.F.);
#6010 = PLANE('',#6011);
#6011 = AXIS2_PLACEMENT_3D('',#6012,#6013,#6014);
#6012 = CARTESIAN_POINT('',(1.602E+03,18.,820.));
#6013 = DIRECTION('',(0.,0.,1.));
#6014 = DIRECTION('',(1.,0.,0.));
#6015 = MANIFOLD_SOLID_BREP('',#6016);
#6016 = CLOSED_SHELL('',(#6017,#6057,#6097,#6119,#6141,#6153));
#6017 = ADVANCED_FACE('',(#6018),#6052,.F.);
#6018 = FACE_BOUND('',#6019,.F.);
#6019 = EDGE_LOOP('',(#6020,#6030,#6038,#6046));
#6020 = ORIENTED_EDGE('',*,*,#6021,.F.);
#6021 = EDGE_CURVE('',#6022,#6024,#6026,.T.);
#6022 = VERTEX_POINT('',#6023);
#6023 = CARTESIAN_POINT('',(2.2095E+03,18.,740.));
#6024 = VERTEX_POINT('',#6025);
#6025 = CARTESIAN_POINT('',(2.2095E+03,18.,820.));
#6026 = LINE('',#6027,#6028);
#6027 = CARTESIAN_POINT('',(2.2095E+03,18.,740.));
#6028 = VECTOR('',#6029,1.);
#6029 = DIRECTION('',(0.,0.,1.));
#6030 = ORIENTED_EDGE('',*,*,#6031,.T.);
#6031 = EDGE_CURVE('',#6022,#6032,#6034,.T.);
#6032 = VERTEX_POINT('',#6033);
#6033 = CARTESIAN_POINT('',(2.2095E+03,518.,740.));
#6034 = LINE('',#6035,#6036);
#6035 = CARTESIAN_POINT('',(2.2095E+03,18.,740.));
#6036 = VECTOR('',#6037,1.);
#6037 = DIRECTION('',(0.,1.,0.));
#6038 = ORIENTED_EDGE('',*,*,#6039,.T.);
#6039 = EDGE_CURVE('',#6032,#6040,#6042,.T.);
#6040 = VERTEX_POINT('',#6041);
#6041 = CARTESIAN_POINT('',(2.2095E+03,518.,820.));
#6042 = LINE('',#6043,#6044);
#6043 = CARTESIAN_POINT('',(2.2095E+03,518.,740.));
#6044 = VECTOR('',#6045,1.);
#6045 = DIRECTION('',(0.,0.,1.));
#6046 = ORIENTED_EDGE('',*,*,#6047,.F.);
#6047 = EDGE_CURVE('',#6024,#6040,#6048,.T.);
#6048 = LINE('',#6049,#6050);
#6049 = CARTESIAN_POINT('',(2.2095E+03,18.,820.));
#6050 = VECTOR('',#6051,1.);
#6051 = DIRECTION('',(0.,1.,0.));
#6052 = PLANE('',#6053);
#6053 = AXIS2_PLACEMENT_3D('',#6054,#6055,#6056);
#6054 = CARTESIAN_POINT('',(2.2095E+03,18.,740.));
#6055 = DIRECTION('',(1.,0.,0.));
#6056 = DIRECTION('',(0.,0.,1.));
#6057 = ADVANCED_FACE('',(#6058),#6092,.T.);
#6058 = FACE_BOUND('',#6059,.T.);
#6059 = EDGE_LOOP('',(#6060,#6070,#6078,#6086));
#6060 = ORIENTED_EDGE('',*,*,#6061,.F.);
#6061 = EDGE_CURVE('',#6062,#6064,#6066,.T.);
#6062 = VERTEX_POINT('',#6063);
#6063 = CARTESIAN_POINT('',(2.2275E+03,18.,740.));
#6064 = VERTEX_POINT('',#6065);
#6065 = CARTESIAN_POINT('',(2.2275E+03,18.,820.));
#6066 = LINE('',#6067,#6068);
#6067 = CARTESIAN_POINT('',(2.2275E+03,18.,740.));
#6068 = VECTOR('',#6069,1.);
#6069 = DIRECTION('',(0.,0.,1.));
#6070 = ORIENTED_EDGE('',*,*,#6071,.T.);
#6071 = EDGE_CURVE('',#6062,#6072,#6074,.T.);
#6072 = VERTEX_POINT('',#6073);
#6073 = CARTESIAN_POINT('',(2.2275E+03,518.,740.));
#6074 = LINE('',#6075,#6076);
#6075 = CARTESIAN_POINT('',(2.2275E+03,18.,740.));
#6076 = VECTOR('',#6077,1.);
#6077 = DIRECTION('',(0.,1.,0.));
#6078 = ORIENTED_EDGE('',*,*,#6079,.T.);
#6079 = EDGE_CURVE('',#6072,#6080,#6082,.T.);
#6080 = VERTEX_POINT('',#6081);
#6081 = CARTESIAN_POINT('',(2.2275E+03,518.,820.));
#6082 = LINE('',#6083,#6084);
#6083 = CARTESIAN_POINT('',(2.2275E+03,518.,740.));
#6084 = VECTOR('',#6085,1.);
#6085 = DIRECTION('',(0.,0.,1.));
#6086 = ORIENTED_EDGE('',*,*,#6087,.F.);
#6087 = EDGE_CURVE('',#6064,#6080,#6088,.T.);
#6088 = LINE('',#6089,#6090);
#6089 = CARTESIAN_POINT('',(2.2275E+03,18.,820.));
#6090 = VECTOR('',#6091,1.);
#6091 = DIRECTION('',(0.,1.,0.));
#6092 = PLANE('',#6093);
#6093 = AXIS2_PLACEMENT_3D('',#6094,#6095,#6096);
#6094 = CARTESIAN_POINT('',(2.2275E+03,18.,740.));
#6095 = DIRECTION('',(1.,0.,0.));
#6096 = DIRECTION('',(0.,0.,1.));
#6097 = ADVANCED_FACE('',(#6098),#6114,.F.);
#6098 = FACE_BOUND('',#6099,.F.);
#6099 = EDGE_LOOP('',(#6100,#6106,#6107,#6113));
#6100 = ORIENTED_EDGE('',*,*,#6101,.F.);
#6101 = EDGE_CURVE('',#6022,#6062,#6102,.T.);
#6102 = LINE('',#6103,#6104);
#6103 = CARTESIAN_POINT('',(2.2095E+03,18.,740.));
#6104 = VECTOR('',#6105,1.);
#6105 = DIRECTION('',(1.,0.,0.));
#6106 = ORIENTED_EDGE('',*,*,#6021,.T.);
#6107 = ORIENTED_EDGE('',*,*,#6108,.T.);
#6108 = EDGE_CURVE('',#6024,#6064,#6109,.T.);
#6109 = LINE('',#6110,#6111);
#6110 = CARTESIAN_POINT('',(2.2095E+03,18.,820.));
#6111 = VECTOR('',#6112,1.);
#6112 = DIRECTION('',(1.,0.,0.));
#6113 = ORIENTED_EDGE('',*,*,#6061,.F.);
#6114 = PLANE('',#6115);
#6115 = AXIS2_PLACEMENT_3D('',#6116,#6117,#6118);
#6116 = CARTESIAN_POINT('',(2.2095E+03,18.,740.));
#6117 = DIRECTION('',(0.,1.,0.));
#6118 = DIRECTION('',(0.,0.,1.));
#6119 = ADVANCED_FACE('',(#6120),#6136,.T.);
#6120 = FACE_BOUND('',#6121,.T.);
#6121 = EDGE_LOOP('',(#6122,#6128,#6129,#6135));
#6122 = ORIENTED_EDGE('',*,*,#6123,.F.);
#6123 = EDGE_CURVE('',#6032,#6072,#6124,.T.);
#6124 = LINE('',#6125,#6126);
#6125 = CARTESIAN_POINT('',(2.2095E+03,518.,740.));
#6126 = VECTOR('',#6127,1.);
#6127 = DIRECTION('',(1.,0.,0.));
#6128 = ORIENTED_EDGE('',*,*,#6039,.T.);
#6129 = ORIENTED_EDGE('',*,*,#6130,.T.);
#6130 = EDGE_CURVE('',#6040,#6080,#6131,.T.);
#6131 = LINE('',#6132,#6133);
#6132 = CARTESIAN_POINT('',(2.2095E+03,518.,820.));
#6133 = VECTOR('',#6134,1.);
#6134 = DIRECTION('',(1.,0.,0.));
#6135 = ORIENTED_EDGE('',*,*,#6079,.F.);
#6136 = PLANE('',#6137);
#6137 = AXIS2_PLACEMENT_3D('',#6138,#6139,#6140);
#6138 = CARTESIAN_POINT('',(2.2095E+03,518.,740.));
#6139 = DIRECTION('',(0.,1.,0.));
#6140 = DIRECTION('',(0.,0.,1.));
#6141 = ADVANCED_FACE('',(#6142),#6148,.F.);
#6142 = FACE_BOUND('',#6143,.F.);
#6143 = EDGE_LOOP('',(#6144,#6145,#6146,#6147));
#6144 = ORIENTED_EDGE('',*,*,#6031,.F.);
#6145 = ORIENTED_EDGE('',*,*,#6101,.T.);
#6146 = ORIENTED_EDGE('',*,*,#6071,.T.);
#6147 = ORIENTED_EDGE('',*,*,#6123,.F.);
#6148 = PLANE('',#6149);
#6149 = AXIS2_PLACEMENT_3D('',#6150,#6151,#6152);
#6150 = CARTESIAN_POINT('',(2.2095E+03,18.,740.));
#6151 = DIRECTION('',(0.,0.,1.));
#6152 = DIRECTION('',(1.,0.,0.));
#6153 = ADVANCED_FACE('',(#6154),#6160,.T.);
#6154 = FACE_BOUND('',#6155,.T.);
#6155 = EDGE_LOOP('',(#6156,#6157,#6158,#6159));
#6156 = ORIENTED_EDGE('',*,*,#6047,.F.);
#6157 = ORIENTED_EDGE('',*,*,#6108,.T.);
#6158 = ORIENTED_EDGE('',*,*,#6087,.T.);
#6159 = ORIENTED_EDGE('',*,*,#6130,.F.);
#6160 = PLANE('',#6161);
#6161 = AXIS2_PLACEMENT_3D('',#6162,#6163,#6164);
#6162 = CARTESIAN_POINT('',(2.2095E+03,18.,820.));
#6163 = DIRECTION('',(0.,0.,1.));
#6164 = DIRECTION('',(1.,0.,0.));
#6165 = MANIFOLD_SOLID_BREP('',#6166);
#6166 = CLOSED_SHELL('',(#6167,#6207,#6247,#6269,#6291,#6303));
#6167 = ADVANCED_FACE('',(#6168),#6202,.F.);
#6168 = FACE_BOUND('',#6169,.F.);
#6169 = EDGE_LOOP('',(#6170,#6180,#6188,#6196));
#6170 = ORIENTED_EDGE('',*,*,#6171,.F.);
#6171 = EDGE_CURVE('',#6172,#6174,#6176,.T.);
#6172 = VERTEX_POINT('',#6173);
#6173 = CARTESIAN_POINT('',(1.62E+03,18.,740.));
#6174 = VERTEX_POINT('',#6175);
#6175 = CARTESIAN_POINT('',(1.62E+03,18.,820.));
#6176 = LINE('',#6177,#6178);
#6177 = CARTESIAN_POINT('',(1.62E+03,18.,740.));
#6178 = VECTOR('',#6179,1.);
#6179 = DIRECTION('',(0.,0.,1.));
#6180 = ORIENTED_EDGE('',*,*,#6181,.T.);
#6181 = EDGE_CURVE('',#6172,#6182,#6184,.T.);
#6182 = VERTEX_POINT('',#6183);
#6183 = CARTESIAN_POINT('',(1.62E+03,36.,740.));
#6184 = LINE('',#6185,#6186);
#6185 = CARTESIAN_POINT('',(1.62E+03,18.,740.));
#6186 = VECTOR('',#6187,1.);
#6187 = DIRECTION('',(0.,1.,0.));
#6188 = ORIENTED_EDGE('',*,*,#6189,.T.);
#6189 = EDGE_CURVE('',#6182,#6190,#6192,.T.);
#6190 = VERTEX_POINT('',#6191);
#6191 = CARTESIAN_POINT('',(1.62E+03,36.,820.));
#6192 = LINE('',#6193,#6194);
#6193 = CARTESIAN_POINT('',(1.62E+03,36.,740.));
#6194 = VECTOR('',#6195,1.);
#6195 = DIRECTION('',(0.,0.,1.));
#6196 = ORIENTED_EDGE('',*,*,#6197,.F.);
#6197 = EDGE_CURVE('',#6174,#6190,#6198,.T.);
#6198 = LINE('',#6199,#6200);
#6199 = CARTESIAN_POINT('',(1.62E+03,18.,820.));
#6200 = VECTOR('',#6201,1.);
#6201 = DIRECTION('',(0.,1.,0.));
#6202 = PLANE('',#6203);
#6203 = AXIS2_PLACEMENT_3D('',#6204,#6205,#6206);
#6204 = CARTESIAN_POINT('',(1.62E+03,18.,740.));
#6205 = DIRECTION('',(1.,0.,0.));
#6206 = DIRECTION('',(0.,0.,1.));
#6207 = ADVANCED_FACE('',(#6208),#6242,.T.);
#6208 = FACE_BOUND('',#6209,.T.);
#6209 = EDGE_LOOP('',(#6210,#6220,#6228,#6236));
#6210 = ORIENTED_EDGE('',*,*,#6211,.F.);
#6211 = EDGE_CURVE('',#6212,#6214,#6216,.T.);
#6212 = VERTEX_POINT('',#6213);
#6213 = CARTESIAN_POINT('',(2.2095E+03,18.,740.));
#6214 = VERTEX_POINT('',#6215);
#6215 = CARTESIAN_POINT('',(2.2095E+03,18.,820.));
#6216 = LINE('',#6217,#6218);
#6217 = CARTESIAN_POINT('',(2.2095E+03,18.,740.));
#6218 = VECTOR('',#6219,1.);
#6219 = DIRECTION('',(0.,0.,1.));
#6220 = ORIENTED_EDGE('',*,*,#6221,.T.);
#6221 = EDGE_CURVE('',#6212,#6222,#6224,.T.);
#6222 = VERTEX_POINT('',#6223);
#6223 = CARTESIAN_POINT('',(2.2095E+03,36.,740.));
#6224 = LINE('',#6225,#6226);
#6225 = CARTESIAN_POINT('',(2.2095E+03,18.,740.));
#6226 = VECTOR('',#6227,1.);
#6227 = DIRECTION('',(0.,1.,0.));
#6228 = ORIENTED_EDGE('',*,*,#6229,.T.);
#6229 = EDGE_CURVE('',#6222,#6230,#6232,.T.);
#6230 = VERTEX_POINT('',#6231);
#6231 = CARTESIAN_POINT('',(2.2095E+03,36.,820.));
#6232 = LINE('',#6233,#6234);
#6233 = CARTESIAN_POINT('',(2.2095E+03,36.,740.));
#6234 = VECTOR('',#6235,1.);
#6235 = DIRECTION('',(0.,0.,1.));
#6236 = ORIENTED_EDGE('',*,*,#6237,.F.);
#6237 = EDGE_CURVE('',#6214,#6230,#6238,.T.);
#6238 = LINE('',#6239,#6240);
#6239 = CARTESIAN_POINT('',(2.2095E+03,18.,820.));
#6240 = VECTOR('',#6241,1.);
#6241 = DIRECTION('',(0.,1.,0.));
#6242 = PLANE('',#6243);
#6243 = AXIS2_PLACEMENT_3D('',#6244,#6245,#6246);
#6244 = CARTESIAN_POINT('',(2.2095E+03,18.,740.));
#6245 = DIRECTION('',(1.,0.,0.));
#6246 = DIRECTION('',(0.,0.,1.));
#6247 = ADVANCED_FACE('',(#6248),#6264,.F.);
#6248 = FACE_BOUND('',#6249,.F.);
#6249 = EDGE_LOOP('',(#6250,#6256,#6257,#6263));
#6250 = ORIENTED_EDGE('',*,*,#6251,.F.);
#6251 = EDGE_CURVE('',#6172,#6212,#6252,.T.);
#6252 = LINE('',#6253,#6254);
#6253 = CARTESIAN_POINT('',(1.62E+03,18.,740.));
#6254 = VECTOR('',#6255,1.);
#6255 = DIRECTION('',(1.,0.,0.));
#6256 = ORIENTED_EDGE('',*,*,#6171,.T.);
#6257 = ORIENTED_EDGE('',*,*,#6258,.T.);
#6258 = EDGE_CURVE('',#6174,#6214,#6259,.T.);
#6259 = LINE('',#6260,#6261);
#6260 = CARTESIAN_POINT('',(1.62E+03,18.,820.));
#6261 = VECTOR('',#6262,1.);
#6262 = DIRECTION('',(1.,0.,0.));
#6263 = ORIENTED_EDGE('',*,*,#6211,.F.);
#6264 = PLANE('',#6265);
#6265 = AXIS2_PLACEMENT_3D('',#6266,#6267,#6268);
#6266 = CARTESIAN_POINT('',(1.62E+03,18.,740.));
#6267 = DIRECTION('',(0.,1.,0.));
#6268 = DIRECTION('',(0.,0.,1.));
#6269 = ADVANCED_FACE('',(#6270),#6286,.T.);
#6270 = FACE_BOUND('',#6271,.T.);
#6271 = EDGE_LOOP('',(#6272,#6278,#6279,#6285));
#6272 = ORIENTED_EDGE('',*,*,#6273,.F.);
#6273 = EDGE_CURVE('',#6182,#6222,#6274,.T.);
#6274 = LINE('',#6275,#6276);
#6275 = CARTESIAN_POINT('',(1.62E+03,36.,740.));
#6276 = VECTOR('',#6277,1.);
#6277 = DIRECTION('',(1.,0.,0.));
#6278 = ORIENTED_EDGE('',*,*,#6189,.T.);
#6279 = ORIENTED_EDGE('',*,*,#6280,.T.);
#6280 = EDGE_CURVE('',#6190,#6230,#6281,.T.);
#6281 = LINE('',#6282,#6283);
#6282 = CARTESIAN_POINT('',(1.62E+03,36.,820.));
#6283 = VECTOR('',#6284,1.);
#6284 = DIRECTION('',(1.,0.,0.));
#6285 = ORIENTED_EDGE('',*,*,#6229,.F.);
#6286 = PLANE('',#6287);
#6287 = AXIS2_PLACEMENT_3D('',#6288,#6289,#6290);
#6288 = CARTESIAN_POINT('',(1.62E+03,36.,740.));
#6289 = DIRECTION('',(0.,1.,0.));
#6290 = DIRECTION('',(0.,0.,1.));
#6291 = ADVANCED_FACE('',(#6292),#6298,.F.);
#6292 = FACE_BOUND('',#6293,.F.);
#6293 = EDGE_LOOP('',(#6294,#6295,#6296,#6297));
#6294 = ORIENTED_EDGE('',*,*,#6181,.F.);
#6295 = ORIENTED_EDGE('',*,*,#6251,.T.);
#6296 = ORIENTED_EDGE('',*,*,#6221,.T.);
#6297 = ORIENTED_EDGE('',*,*,#6273,.F.);
#6298 = PLANE('',#6299);
#6299 = AXIS2_PLACEMENT_3D('',#6300,#6301,#6302);
#6300 = CARTESIAN_POINT('',(1.62E+03,18.,740.));
#6301 = DIRECTION('',(0.,0.,1.));
#6302 = DIRECTION('',(1.,0.,0.));
#6303 = ADVANCED_FACE('',(#6304),#6310,.T.);
#6304 = FACE_BOUND('',#6305,.T.);
#6305 = EDGE_LOOP('',(#6306,#6307,#6308,#6309));
#6306 = ORIENTED_EDGE('',*,*,#6197,.F.);
#6307 = ORIENTED_EDGE('',*,*,#6258,.T.);
#6308 = ORIENTED_EDGE('',*,*,#6237,.T.);
#6309 = ORIENTED_EDGE('',*,*,#6280,.F.);
#6310 = PLANE('',#6311);
#6311 = AXIS2_PLACEMENT_3D('',#6312,#6313,#6314);
#6312 = CARTESIAN_POINT('',(1.62E+03,18.,820.));
#6313 = DIRECTION('',(0.,0.,1.));
#6314 = DIRECTION('',(1.,0.,0.));
#6315 = MANIFOLD_SOLID_BREP('',#6316);
#6316 = CLOSED_SHELL('',(#6317,#6357,#6397,#6419,#6441,#6453));
#6317 = ADVANCED_FACE('',(#6318),#6352,.F.);
#6318 = FACE_BOUND('',#6319,.F.);
#6319 = EDGE_LOOP('',(#6320,#6330,#6338,#6346));
#6320 = ORIENTED_EDGE('',*,*,#6321,.F.);
#6321 = EDGE_CURVE('',#6322,#6324,#6326,.T.);
#6322 = VERTEX_POINT('',#6323);
#6323 = CARTESIAN_POINT('',(1.62E+03,500.,740.));
#6324 = VERTEX_POINT('',#6325);
#6325 = CARTESIAN_POINT('',(1.62E+03,500.,820.));
#6326 = LINE('',#6327,#6328);
#6327 = CARTESIAN_POINT('',(1.62E+03,500.,740.));
#6328 = VECTOR('',#6329,1.);
#6329 = DIRECTION('',(0.,0.,1.));
#6330 = ORIENTED_EDGE('',*,*,#6331,.T.);
#6331 = EDGE_CURVE('',#6322,#6332,#6334,.T.);
#6332 = VERTEX_POINT('',#6333);
#6333 = CARTESIAN_POINT('',(1.62E+03,518.,740.));
#6334 = LINE('',#6335,#6336);
#6335 = CARTESIAN_POINT('',(1.62E+03,500.,740.));
#6336 = VECTOR('',#6337,1.);
#6337 = DIRECTION('',(0.,1.,0.));
#6338 = ORIENTED_EDGE('',*,*,#6339,.T.);
#6339 = EDGE_CURVE('',#6332,#6340,#6342,.T.);
#6340 = VERTEX_POINT('',#6341);
#6341 = CARTESIAN_POINT('',(1.62E+03,518.,820.));
#6342 = LINE('',#6343,#6344);
#6343 = CARTESIAN_POINT('',(1.62E+03,518.,740.));
#6344 = VECTOR('',#6345,1.);
#6345 = DIRECTION('',(0.,0.,1.));
#6346 = ORIENTED_EDGE('',*,*,#6347,.F.);
#6347 = EDGE_CURVE('',#6324,#6340,#6348,.T.);
#6348 = LINE('',#6349,#6350);
#6349 = CARTESIAN_POINT('',(1.62E+03,500.,820.));
#6350 = VECTOR('',#6351,1.);
#6351 = DIRECTION('',(0.,1.,0.));
#6352 = PLANE('',#6353);
#6353 = AXIS2_PLACEMENT_3D('',#6354,#6355,#6356);
#6354 = CARTESIAN_POINT('',(1.62E+03,500.,740.));
#6355 = DIRECTION('',(1.,0.,0.));
#6356 = DIRECTION('',(0.,0.,1.));
#6357 = ADVANCED_FACE('',(#6358),#6392,.T.);
#6358 = FACE_BOUND('',#6359,.T.);
#6359 = EDGE_LOOP('',(#6360,#6370,#6378,#6386));
#6360 = ORIENTED_EDGE('',*,*,#6361,.F.);
#6361 = EDGE_CURVE('',#6362,#6364,#6366,.T.);
#6362 = VERTEX_POINT('',#6363);
#6363 = CARTESIAN_POINT('',(2.2095E+03,500.,740.));
#6364 = VERTEX_POINT('',#6365);
#6365 = CARTESIAN_POINT('',(2.2095E+03,500.,820.));
#6366 = LINE('',#6367,#6368);
#6367 = CARTESIAN_POINT('',(2.2095E+03,500.,740.));
#6368 = VECTOR('',#6369,1.);
#6369 = DIRECTION('',(0.,0.,1.));
#6370 = ORIENTED_EDGE('',*,*,#6371,.T.);
#6371 = EDGE_CURVE('',#6362,#6372,#6374,.T.);
#6372 = VERTEX_POINT('',#6373);
#6373 = CARTESIAN_POINT('',(2.2095E+03,518.,740.));
#6374 = LINE('',#6375,#6376);
#6375 = CARTESIAN_POINT('',(2.2095E+03,500.,740.));
#6376 = VECTOR('',#6377,1.);
#6377 = DIRECTION('',(0.,1.,0.));
#6378 = ORIENTED_EDGE('',*,*,#6379,.T.);
#6379 = EDGE_CURVE('',#6372,#6380,#6382,.T.);
#6380 = VERTEX_POINT('',#6381);
#6381 = CARTESIAN_POINT('',(2.2095E+03,518.,820.));
#6382 = LINE('',#6383,#6384);
#6383 = CARTESIAN_POINT('',(2.2095E+03,518.,740.));
#6384 = VECTOR('',#6385,1.);
#6385 = DIRECTION('',(0.,0.,1.));
#6386 = ORIENTED_EDGE('',*,*,#6387,.F.);
#6387 = EDGE_CURVE('',#6364,#6380,#6388,.T.);
#6388 = LINE('',#6389,#6390);
#6389 = CARTESIAN_POINT('',(2.2095E+03,500.,820.));
#6390 = VECTOR('',#6391,1.);
#6391 = DIRECTION('',(0.,1.,0.));
#6392 = PLANE('',#6393);
#6393 = AXIS2_PLACEMENT_3D('',#6394,#6395,#6396);
#6394 = CARTESIAN_POINT('',(2.2095E+03,500.,740.));
#6395 = DIRECTION('',(1.,0.,0.));
#6396 = DIRECTION('',(0.,0.,1.));
#6397 = ADVANCED_FACE('',(#6398),#6414,.F.);
#6398 = FACE_BOUND('',#6399,.F.);
#6399 = EDGE_LOOP('',(#6400,#6406,#6407,#6413));
#6400 = ORIENTED_EDGE('',*,*,#6401,.F.);
#6401 = EDGE_CURVE('',#6322,#6362,#6402,.T.);
#6402 = LINE('',#6403,#6404);
#6403 = CARTESIAN_POINT('',(1.62E+03,500.,740.));
#6404 = VECTOR('',#6405,1.);
#6405 = DIRECTION('',(1.,0.,0.));
#6406 = ORIENTED_EDGE('',*,*,#6321,.T.);
#6407 = ORIENTED_EDGE('',*,*,#6408,.T.);
#6408 = EDGE_CURVE('',#6324,#6364,#6409,.T.);
#6409 = LINE('',#6410,#6411);
#6410 = CARTESIAN_POINT('',(1.62E+03,500.,820.));
#6411 = VECTOR('',#6412,1.);
#6412 = DIRECTION('',(1.,0.,0.));
#6413 = ORIENTED_EDGE('',*,*,#6361,.F.);
#6414 = PLANE('',#6415);
#6415 = AXIS2_PLACEMENT_3D('',#6416,#6417,#6418);
#6416 = CARTESIAN_POINT('',(1.62E+03,500.,740.));
#6417 = DIRECTION('',(0.,1.,0.));
#6418 = DIRECTION('',(0.,0.,1.));
#6419 = ADVANCED_FACE('',(#6420),#6436,.T.);
#6420 = FACE_BOUND('',#6421,.T.);
#6421 = EDGE_LOOP('',(#6422,#6428,#6429,#6435));
#6422 = ORIENTED_EDGE('',*,*,#6423,.F.);
#6423 = EDGE_CURVE('',#6332,#6372,#6424,.T.);
#6424 = LINE('',#6425,#6426);
#6425 = CARTESIAN_POINT('',(1.62E+03,518.,740.));
#6426 = VECTOR('',#6427,1.);
#6427 = DIRECTION('',(1.,0.,0.));
#6428 = ORIENTED_EDGE('',*,*,#6339,.T.);
#6429 = ORIENTED_EDGE('',*,*,#6430,.T.);
#6430 = EDGE_CURVE('',#6340,#6380,#6431,.T.);
#6431 = LINE('',#6432,#6433);
#6432 = CARTESIAN_POINT('',(1.62E+03,518.,820.));
#6433 = VECTOR('',#6434,1.);
#6434 = DIRECTION('',(1.,0.,0.));
#6435 = ORIENTED_EDGE('',*,*,#6379,.F.);
#6436 = PLANE('',#6437);
#6437 = AXIS2_PLACEMENT_3D('',#6438,#6439,#6440);
#6438 = CARTESIAN_POINT('',(1.62E+03,518.,740.));
#6439 = DIRECTION('',(0.,1.,0.));
#6440 = DIRECTION('',(0.,0.,1.));
#6441 = ADVANCED_FACE('',(#6442),#6448,.F.);
#6442 = FACE_BOUND('',#6443,.F.);
#6443 = EDGE_LOOP('',(#6444,#6445,#6446,#6447));
#6444 = ORIENTED_EDGE('',*,*,#6331,.F.);
#6445 = ORIENTED_EDGE('',*,*,#6401,.T.);
#6446 = ORIENTED_EDGE('',*,*,#6371,.T.);
#6447 = ORIENTED_EDGE('',*,*,#6423,.F.);
#6448 = PLANE('',#6449);
#6449 = AXIS2_PLACEMENT_3D('',#6450,#6451,#6452);
#6450 = CARTESIAN_POINT('',(1.62E+03,500.,740.));
#6451 = DIRECTION('',(0.,0.,1.));
#6452 = DIRECTION('',(1.,0.,0.));
#6453 = ADVANCED_FACE('',(#6454),#6460,.T.);
#6454 = FACE_BOUND('',#6455,.T.);
#6455 = EDGE_LOOP('',(#6456,#6457,#6458,#6459));
#6456 = ORIENTED_EDGE('',*,*,#6347,.F.);
#6457 = ORIENTED_EDGE('',*,*,#6408,.T.);
#6458 = ORIENTED_EDGE('',*,*,#6387,.T.);
#6459 = ORIENTED_EDGE('',*,*,#6430,.F.);
#6460 = PLANE('',#6461);
#6461 = AXIS2_PLACEMENT_3D('',#6462,#6463,#6464);
#6462 = CARTESIAN_POINT('',(1.62E+03,500.,820.));
#6463 = DIRECTION('',(0.,0.,1.));
#6464 = DIRECTION('',(1.,0.,0.));
#6465 = MANIFOLD_SOLID_BREP('',#6466);
#6466 = CLOSED_SHELL('',(#6467,#6507,#6547,#6569,#6591,#6603));
#6467 = ADVANCED_FACE('',(#6468),#6502,.F.);
#6468 = FACE_BOUND('',#6469,.F.);
#6469 = EDGE_LOOP('',(#6470,#6480,#6488,#6496));
#6470 = ORIENTED_EDGE('',*,*,#6471,.F.);
#6471 = EDGE_CURVE('',#6472,#6474,#6476,.T.);
#6472 = VERTEX_POINT('',#6473);
#6473 = CARTESIAN_POINT('',(1.62E+03,36.,740.));
#6474 = VERTEX_POINT('',#6475);
#6475 = CARTESIAN_POINT('',(1.62E+03,36.,746.));
#6476 = LINE('',#6477,#6478);
#6477 = CARTESIAN_POINT('',(1.62E+03,36.,740.));
#6478 = VECTOR('',#6479,1.);
#6479 = DIRECTION('',(0.,0.,1.));
#6480 = ORIENTED_EDGE('',*,*,#6481,.T.);
#6481 = EDGE_CURVE('',#6472,#6482,#6484,.T.);
#6482 = VERTEX_POINT('',#6483);
#6483 = CARTESIAN_POINT('',(1.62E+03,500.,740.));
#6484 = LINE('',#6485,#6486);
#6485 = CARTESIAN_POINT('',(1.62E+03,36.,740.));
#6486 = VECTOR('',#6487,1.);
#6487 = DIRECTION('',(0.,1.,0.));
#6488 = ORIENTED_EDGE('',*,*,#6489,.T.);
#6489 = EDGE_CURVE('',#6482,#6490,#6492,.T.);
#6490 = VERTEX_POINT('',#6491);
#6491 = CARTESIAN_POINT('',(1.62E+03,500.,746.));
#6492 = LINE('',#6493,#6494);
#6493 = CARTESIAN_POINT('',(1.62E+03,500.,740.));
#6494 = VECTOR('',#6495,1.);
#6495 = DIRECTION('',(0.,0.,1.));
#6496 = ORIENTED_EDGE('',*,*,#6497,.F.);
#6497 = EDGE_CURVE('',#6474,#6490,#6498,.T.);
#6498 = LINE('',#6499,#6500);
#6499 = CARTESIAN_POINT('',(1.62E+03,36.,746.));
#6500 = VECTOR('',#6501,1.);
#6501 = DIRECTION('',(0.,1.,0.));
#6502 = PLANE('',#6503);
#6503 = AXIS2_PLACEMENT_3D('',#6504,#6505,#6506);
#6504 = CARTESIAN_POINT('',(1.62E+03,36.,740.));
#6505 = DIRECTION('',(1.,0.,0.));
#6506 = DIRECTION('',(0.,0.,1.));
#6507 = ADVANCED_FACE('',(#6508),#6542,.T.);
#6508 = FACE_BOUND('',#6509,.T.);
#6509 = EDGE_LOOP('',(#6510,#6520,#6528,#6536));
#6510 = ORIENTED_EDGE('',*,*,#6511,.F.);
#6511 = EDGE_CURVE('',#6512,#6514,#6516,.T.);
#6512 = VERTEX_POINT('',#6513);
#6513 = CARTESIAN_POINT('',(2.2095E+03,36.,740.));
#6514 = VERTEX_POINT('',#6515);
#6515 = CARTESIAN_POINT('',(2.2095E+03,36.,746.));
#6516 = LINE('',#6517,#6518);
#6517 = CARTESIAN_POINT('',(2.2095E+03,36.,740.));
#6518 = VECTOR('',#6519,1.);
#6519 = DIRECTION('',(0.,0.,1.));
#6520 = ORIENTED_EDGE('',*,*,#6521,.T.);
#6521 = EDGE_CURVE('',#6512,#6522,#6524,.T.);
#6522 = VERTEX_POINT('',#6523);
#6523 = CARTESIAN_POINT('',(2.2095E+03,500.,740.));
#6524 = LINE('',#6525,#6526);
#6525 = CARTESIAN_POINT('',(2.2095E+03,36.,740.));
#6526 = VECTOR('',#6527,1.);
#6527 = DIRECTION('',(0.,1.,0.));
#6528 = ORIENTED_EDGE('',*,*,#6529,.T.);
#6529 = EDGE_CURVE('',#6522,#6530,#6532,.T.);
#6530 = VERTEX_POINT('',#6531);
#6531 = CARTESIAN_POINT('',(2.2095E+03,500.,746.));
#6532 = LINE('',#6533,#6534);
#6533 = CARTESIAN_POINT('',(2.2095E+03,500.,740.));
#6534 = VECTOR('',#6535,1.);
#6535 = DIRECTION('',(0.,0.,1.));
#6536 = ORIENTED_EDGE('',*,*,#6537,.F.);
#6537 = EDGE_CURVE('',#6514,#6530,#6538,.T.);
#6538 = LINE('',#6539,#6540);
#6539 = CARTESIAN_POINT('',(2.2095E+03,36.,746.));
#6540 = VECTOR('',#6541,1.);
#6541 = DIRECTION('',(0.,1.,0.));
#6542 = PLANE('',#6543);
#6543 = AXIS2_PLACEMENT_3D('',#6544,#6545,#6546);
#6544 = CARTESIAN_POINT('',(2.2095E+03,36.,740.));
#6545 = DIRECTION('',(1.,0.,0.));
#6546 = DIRECTION('',(0.,0.,1.));
#6547 = ADVANCED_FACE('',(#6548),#6564,.F.);
#6548 = FACE_BOUND('',#6549,.F.);
#6549 = EDGE_LOOP('',(#6550,#6556,#6557,#6563));
#6550 = ORIENTED_EDGE('',*,*,#6551,.F.);
#6551 = EDGE_CURVE('',#6472,#6512,#6552,.T.);
#6552 = LINE('',#6553,#6554);
#6553 = CARTESIAN_POINT('',(1.62E+03,36.,740.));
#6554 = VECTOR('',#6555,1.);
#6555 = DIRECTION('',(1.,0.,0.));
#6556 = ORIENTED_EDGE('',*,*,#6471,.T.);
#6557 = ORIENTED_EDGE('',*,*,#6558,.T.);
#6558 = EDGE_CURVE('',#6474,#6514,#6559,.T.);
#6559 = LINE('',#6560,#6561);
#6560 = CARTESIAN_POINT('',(1.62E+03,36.,746.));
#6561 = VECTOR('',#6562,1.);
#6562 = DIRECTION('',(1.,0.,0.));
#6563 = ORIENTED_EDGE('',*,*,#6511,.F.);
#6564 = PLANE('',#6565);
#6565 = AXIS2_PLACEMENT_3D('',#6566,#6567,#6568);
#6566 = CARTESIAN_POINT('',(1.62E+03,36.,740.));
#6567 = DIRECTION('',(0.,1.,0.));
#6568 = DIRECTION('',(0.,0.,1.));
#6569 = ADVANCED_FACE('',(#6570),#6586,.T.);
#6570 = FACE_BOUND('',#6571,.T.);
#6571 = EDGE_LOOP('',(#6572,#6578,#6579,#6585));
#6572 = ORIENTED_EDGE('',*,*,#6573,.F.);
#6573 = EDGE_CURVE('',#6482,#6522,#6574,.T.);
#6574 = LINE('',#6575,#6576);
#6575 = CARTESIAN_POINT('',(1.62E+03,500.,740.));
#6576 = VECTOR('',#6577,1.);
#6577 = DIRECTION('',(1.,0.,0.));
#6578 = ORIENTED_EDGE('',*,*,#6489,.T.);
#6579 = ORIENTED_EDGE('',*,*,#6580,.T.);
#6580 = EDGE_CURVE('',#6490,#6530,#6581,.T.);
#6581 = LINE('',#6582,#6583);
#6582 = CARTESIAN_POINT('',(1.62E+03,500.,746.));
#6583 = VECTOR('',#6584,1.);
#6584 = DIRECTION('',(1.,0.,0.));
#6585 = ORIENTED_EDGE('',*,*,#6529,.F.);
#6586 = PLANE('',#6587);
#6587 = AXIS2_PLACEMENT_3D('',#6588,#6589,#6590);
#6588 = CARTESIAN_POINT('',(1.62E+03,500.,740.));
#6589 = DIRECTION('',(0.,1.,0.));
#6590 = DIRECTION('',(0.,0.,1.));
#6591 = ADVANCED_FACE('',(#6592),#6598,.F.);
#6592 = FACE_BOUND('',#6593,.F.);
#6593 = EDGE_LOOP('',(#6594,#6595,#6596,#6597));
#6594 = ORIENTED_EDGE('',*,*,#6481,.F.);
#6595 = ORIENTED_EDGE('',*,*,#6551,.T.);
#6596 = ORIENTED_EDGE('',*,*,#6521,.T.);
#6597 = ORIENTED_EDGE('',*,*,#6573,.F.);
#6598 = PLANE('',#6599);
#6599 = AXIS2_PLACEMENT_3D('',#6600,#6601,#6602);
#6600 = CARTESIAN_POINT('',(1.62E+03,36.,740.));
#6601 = DIRECTION('',(0.,0.,1.));
#6602 = DIRECTION('',(1.,0.,0.));
#6603 = ADVANCED_FACE('',(#6604),#6610,.T.);
#6604 = FACE_BOUND('',#6605,.T.);
#6605 = EDGE_LOOP('',(#6606,#6607,#6608,#6609));
#6606 = ORIENTED_EDGE('',*,*,#6497,.F.);
#6607 = ORIENTED_EDGE('',*,*,#6558,.T.);
#6608 = ORIENTED_EDGE('',*,*,#6537,.T.);
#6609 = ORIENTED_EDGE('',*,*,#6580,.F.);
#6610 = PLANE('',#6611);
#6611 = AXIS2_PLACEMENT_3D('',#6612,#6613,#6614);
#6612 = CARTESIAN_POINT('',(1.62E+03,36.,746.));
#6613 = DIRECTION('',(0.,0.,1.));
#6614 = DIRECTION('',(1.,0.,0.));
#6615 = MANIFOLD_SOLID_BREP('',#6616);
#6616 = CLOSED_SHELL('',(#6617,#6657,#6697,#6719,#6741,#6753));
#6617 = ADVANCED_FACE('',(#6618),#6652,.F.);
#6618 = FACE_BOUND('',#6619,.F.);
#6619 = EDGE_LOOP('',(#6620,#6630,#6638,#6646));
#6620 = ORIENTED_EDGE('',*,*,#6621,.F.);
#6621 = EDGE_CURVE('',#6622,#6624,#6626,.T.);
#6622 = VERTEX_POINT('',#6623);
#6623 = CARTESIAN_POINT('',(933.5,18.,421.));
#6624 = VERTEX_POINT('',#6625);
#6625 = CARTESIAN_POINT('',(933.5,18.,601.));
#6626 = LINE('',#6627,#6628);
#6627 = CARTESIAN_POINT('',(933.5,18.,421.));
#6628 = VECTOR('',#6629,1.);
#6629 = DIRECTION('',(0.,0.,1.));
#6630 = ORIENTED_EDGE('',*,*,#6631,.T.);
#6631 = EDGE_CURVE('',#6622,#6632,#6634,.T.);
#6632 = VERTEX_POINT('',#6633);
#6633 = CARTESIAN_POINT('',(933.5,518.,421.));
#6634 = LINE('',#6635,#6636);
#6635 = CARTESIAN_POINT('',(933.5,18.,421.));
#6636 = VECTOR('',#6637,1.);
#6637 = DIRECTION('',(0.,1.,0.));
#6638 = ORIENTED_EDGE('',*,*,#6639,.T.);
#6639 = EDGE_CURVE('',#6632,#6640,#6642,.T.);
#6640 = VERTEX_POINT('',#6641);
#6641 = CARTESIAN_POINT('',(933.5,518.,601.));
#6642 = LINE('',#6643,#6644);
#6643 = CARTESIAN_POINT('',(933.5,518.,421.));
#6644 = VECTOR('',#6645,1.);
#6645 = DIRECTION('',(0.,0.,1.));
#6646 = ORIENTED_EDGE('',*,*,#6647,.F.);
#6647 = EDGE_CURVE('',#6624,#6640,#6648,.T.);
#6648 = LINE('',#6649,#6650);
#6649 = CARTESIAN_POINT('',(933.5,18.,601.));
#6650 = VECTOR('',#6651,1.);
#6651 = DIRECTION('',(0.,1.,0.));
#6652 = PLANE('',#6653);
#6653 = AXIS2_PLACEMENT_3D('',#6654,#6655,#6656);
#6654 = CARTESIAN_POINT('',(933.5,18.,421.));
#6655 = DIRECTION('',(1.,0.,0.));
#6656 = DIRECTION('',(0.,0.,1.));
#6657 = ADVANCED_FACE('',(#6658),#6692,.T.);
#6658 = FACE_BOUND('',#6659,.T.);
#6659 = EDGE_LOOP('',(#6660,#6670,#6678,#6686));
#6660 = ORIENTED_EDGE('',*,*,#6661,.F.);
#6661 = EDGE_CURVE('',#6662,#6664,#6666,.T.);
#6662 = VERTEX_POINT('',#6663);
#6663 = CARTESIAN_POINT('',(951.5,18.,421.));
#6664 = VERTEX_POINT('',#6665);
#6665 = CARTESIAN_POINT('',(951.5,18.,601.));
#6666 = LINE('',#6667,#6668);
#6667 = CARTESIAN_POINT('',(951.5,18.,421.));
#6668 = VECTOR('',#6669,1.);
#6669 = DIRECTION('',(0.,0.,1.));
#6670 = ORIENTED_EDGE('',*,*,#6671,.T.);
#6671 = EDGE_CURVE('',#6662,#6672,#6674,.T.);
#6672 = VERTEX_POINT('',#6673);
#6673 = CARTESIAN_POINT('',(951.5,518.,421.));
#6674 = LINE('',#6675,#6676);
#6675 = CARTESIAN_POINT('',(951.5,18.,421.));
#6676 = VECTOR('',#6677,1.);
#6677 = DIRECTION('',(0.,1.,0.));
#6678 = ORIENTED_EDGE('',*,*,#6679,.T.);
#6679 = EDGE_CURVE('',#6672,#6680,#6682,.T.);
#6680 = VERTEX_POINT('',#6681);
#6681 = CARTESIAN_POINT('',(951.5,518.,601.));
#6682 = LINE('',#6683,#6684);
#6683 = CARTESIAN_POINT('',(951.5,518.,421.));
#6684 = VECTOR('',#6685,1.);
#6685 = DIRECTION('',(0.,0.,1.));
#6686 = ORIENTED_EDGE('',*,*,#6687,.F.);
#6687 = EDGE_CURVE('',#6664,#6680,#6688,.T.);
#6688 = LINE('',#6689,#6690);
#6689 = CARTESIAN_POINT('',(951.5,18.,601.));
#6690 = VECTOR('',#6691,1.);
#6691 = DIRECTION('',(0.,1.,0.));
#6692 = PLANE('',#6693);
#6693 = AXIS2_PLACEMENT_3D('',#6694,#6695,#6696);
#6694 = CARTESIAN_POINT('',(951.5,18.,421.));
#6695 = DIRECTION('',(1.,0.,0.));
#6696 = DIRECTION('',(0.,0.,1.));
#6697 = ADVANCED_FACE('',(#6698),#6714,.F.);
#6698 = FACE_BOUND('',#6699,.F.);
#6699 = EDGE_LOOP('',(#6700,#6706,#6707,#6713));
#6700 = ORIENTED_EDGE('',*,*,#6701,.F.);
#6701 = EDGE_CURVE('',#6622,#6662,#6702,.T.);
#6702 = LINE('',#6703,#6704);
#6703 = CARTESIAN_POINT('',(933.5,18.,421.));
#6704 = VECTOR('',#6705,1.);
#6705 = DIRECTION('',(1.,0.,0.));
#6706 = ORIENTED_EDGE('',*,*,#6621,.T.);
#6707 = ORIENTED_EDGE('',*,*,#6708,.T.);
#6708 = EDGE_CURVE('',#6624,#6664,#6709,.T.);
#6709 = LINE('',#6710,#6711);
#6710 = CARTESIAN_POINT('',(933.5,18.,601.));
#6711 = VECTOR('',#6712,1.);
#6712 = DIRECTION('',(1.,0.,0.));
#6713 = ORIENTED_EDGE('',*,*,#6661,.F.);
#6714 = PLANE('',#6715);
#6715 = AXIS2_PLACEMENT_3D('',#6716,#6717,#6718);
#6716 = CARTESIAN_POINT('',(933.5,18.,421.));
#6717 = DIRECTION('',(0.,1.,0.));
#6718 = DIRECTION('',(0.,0.,1.));
#6719 = ADVANCED_FACE('',(#6720),#6736,.T.);
#6720 = FACE_BOUND('',#6721,.T.);
#6721 = EDGE_LOOP('',(#6722,#6728,#6729,#6735));
#6722 = ORIENTED_EDGE('',*,*,#6723,.F.);
#6723 = EDGE_CURVE('',#6632,#6672,#6724,.T.);
#6724 = LINE('',#6725,#6726);
#6725 = CARTESIAN_POINT('',(933.5,518.,421.));
#6726 = VECTOR('',#6727,1.);
#6727 = DIRECTION('',(1.,0.,0.));
#6728 = ORIENTED_EDGE('',*,*,#6639,.T.);
#6729 = ORIENTED_EDGE('',*,*,#6730,.T.);
#6730 = EDGE_CURVE('',#6640,#6680,#6731,.T.);
#6731 = LINE('',#6732,#6733);
#6732 = CARTESIAN_POINT('',(933.5,518.,601.));
#6733 = VECTOR('',#6734,1.);
#6734 = DIRECTION('',(1.,0.,0.));
#6735 = ORIENTED_EDGE('',*,*,#6679,.F.);
#6736 = PLANE('',#6737);
#6737 = AXIS2_PLACEMENT_3D('',#6738,#6739,#6740);
#6738 = CARTESIAN_POINT('',(933.5,518.,421.));
#6739 = DIRECTION('',(0.,1.,0.));
#6740 = DIRECTION('',(0.,0.,1.));
#6741 = ADVANCED_FACE('',(#6742),#6748,.F.);
#6742 = FACE_BOUND('',#6743,.F.);
#6743 = EDGE_LOOP('',(#6744,#6745,#6746,#6747));
#6744 = ORIENTED_EDGE('',*,*,#6631,.F.);
#6745 = ORIENTED_EDGE('',*,*,#6701,.T.);
#6746 = ORIENTED_EDGE('',*,*,#6671,.T.);
#6747 = ORIENTED_EDGE('',*,*,#6723,.F.);
#6748 = PLANE('',#6749);
#6749 = AXIS2_PLACEMENT_3D('',#6750,#6751,#6752);
#6750 = CARTESIAN_POINT('',(933.5,18.,421.));
#6751 = DIRECTION('',(0.,0.,1.));
#6752 = DIRECTION('',(1.,0.,0.));
#6753 = ADVANCED_FACE('',(#6754),#6760,.T.);
#6754 = FACE_BOUND('',#6755,.T.);
#6755 = EDGE_LOOP('',(#6756,#6757,#6758,#6759));
#6756 = ORIENTED_EDGE('',*,*,#6647,.F.);
#6757 = ORIENTED_EDGE('',*,*,#6708,.T.);
#6758 = ORIENTED_EDGE('',*,*,#6687,.T.);
#6759 = ORIENTED_EDGE('',*,*,#6730,.F.);
#6760 = PLANE('',#6761);
#6761 = AXIS2_PLACEMENT_3D('',#6762,#6763,#6764);
#6762 = CARTESIAN_POINT('',(933.5,18.,601.));
#6763 = DIRECTION('',(0.,0.,1.));
#6764 = DIRECTION('',(1.,0.,0.));
#6765 = MANIFOLD_SOLID_BREP('',#6766);
#6766 = CLOSED_SHELL('',(#6767,#6807,#6847,#6869,#6891,#6903));
#6767 = ADVANCED_FACE('',(#6768),#6802,.F.);
#6768 = FACE_BOUND('',#6769,.F.);
#6769 = EDGE_LOOP('',(#6770,#6780,#6788,#6796));
#6770 = ORIENTED_EDGE('',*,*,#6771,.F.);
#6771 = EDGE_CURVE('',#6772,#6774,#6776,.T.);
#6772 = VERTEX_POINT('',#6773);
#6773 = CARTESIAN_POINT('',(1.541E+03,18.,421.));
#6774 = VERTEX_POINT('',#6775);
#6775 = CARTESIAN_POINT('',(1.541E+03,18.,601.));
#6776 = LINE('',#6777,#6778);
#6777 = CARTESIAN_POINT('',(1.541E+03,18.,421.));
#6778 = VECTOR('',#6779,1.);
#6779 = DIRECTION('',(0.,0.,1.));
#6780 = ORIENTED_EDGE('',*,*,#6781,.T.);
#6781 = EDGE_CURVE('',#6772,#6782,#6784,.T.);
#6782 = VERTEX_POINT('',#6783);
#6783 = CARTESIAN_POINT('',(1.541E+03,518.,421.));
#6784 = LINE('',#6785,#6786);
#6785 = CARTESIAN_POINT('',(1.541E+03,18.,421.));
#6786 = VECTOR('',#6787,1.);
#6787 = DIRECTION('',(0.,1.,0.));
#6788 = ORIENTED_EDGE('',*,*,#6789,.T.);
#6789 = EDGE_CURVE('',#6782,#6790,#6792,.T.);
#6790 = VERTEX_POINT('',#6791);
#6791 = CARTESIAN_POINT('',(1.541E+03,518.,601.));
#6792 = LINE('',#6793,#6794);
#6793 = CARTESIAN_POINT('',(1.541E+03,518.,421.));
#6794 = VECTOR('',#6795,1.);
#6795 = DIRECTION('',(0.,0.,1.));
#6796 = ORIENTED_EDGE('',*,*,#6797,.F.);
#6797 = EDGE_CURVE('',#6774,#6790,#6798,.T.);
#6798 = LINE('',#6799,#6800);
#6799 = CARTESIAN_POINT('',(1.541E+03,18.,601.));
#6800 = VECTOR('',#6801,1.);
#6801 = DIRECTION('',(0.,1.,0.));
#6802 = PLANE('',#6803);
#6803 = AXIS2_PLACEMENT_3D('',#6804,#6805,#6806);
#6804 = CARTESIAN_POINT('',(1.541E+03,18.,421.));
#6805 = DIRECTION('',(1.,0.,0.));
#6806 = DIRECTION('',(0.,0.,1.));
#6807 = ADVANCED_FACE('',(#6808),#6842,.T.);
#6808 = FACE_BOUND('',#6809,.T.);
#6809 = EDGE_LOOP('',(#6810,#6820,#6828,#6836));
#6810 = ORIENTED_EDGE('',*,*,#6811,.F.);
#6811 = EDGE_CURVE('',#6812,#6814,#6816,.T.);
#6812 = VERTEX_POINT('',#6813);
#6813 = CARTESIAN_POINT('',(1.559E+03,18.,421.));
#6814 = VERTEX_POINT('',#6815);
#6815 = CARTESIAN_POINT('',(1.559E+03,18.,601.));
#6816 = LINE('',#6817,#6818);
#6817 = CARTESIAN_POINT('',(1.559E+03,18.,421.));
#6818 = VECTOR('',#6819,1.);
#6819 = DIRECTION('',(0.,0.,1.));
#6820 = ORIENTED_EDGE('',*,*,#6821,.T.);
#6821 = EDGE_CURVE('',#6812,#6822,#6824,.T.);
#6822 = VERTEX_POINT('',#6823);
#6823 = CARTESIAN_POINT('',(1.559E+03,518.,421.));
#6824 = LINE('',#6825,#6826);
#6825 = CARTESIAN_POINT('',(1.559E+03,18.,421.));
#6826 = VECTOR('',#6827,1.);
#6827 = DIRECTION('',(0.,1.,0.));
#6828 = ORIENTED_EDGE('',*,*,#6829,.T.);
#6829 = EDGE_CURVE('',#6822,#6830,#6832,.T.);
#6830 = VERTEX_POINT('',#6831);
#6831 = CARTESIAN_POINT('',(1.559E+03,518.,601.));
#6832 = LINE('',#6833,#6834);
#6833 = CARTESIAN_POINT('',(1.559E+03,518.,421.));
#6834 = VECTOR('',#6835,1.);
#6835 = DIRECTION('',(0.,0.,1.));
#6836 = ORIENTED_EDGE('',*,*,#6837,.F.);
#6837 = EDGE_CURVE('',#6814,#6830,#6838,.T.);
#6838 = LINE('',#6839,#6840);
#6839 = CARTESIAN_POINT('',(1.559E+03,18.,601.));
#6840 = VECTOR('',#6841,1.);
#6841 = DIRECTION('',(0.,1.,0.));
#6842 = PLANE('',#6843);
#6843 = AXIS2_PLACEMENT_3D('',#6844,#6845,#6846);
#6844 = CARTESIAN_POINT('',(1.559E+03,18.,421.));
#6845 = DIRECTION('',(1.,0.,0.));
#6846 = DIRECTION('',(0.,0.,1.));
#6847 = ADVANCED_FACE('',(#6848),#6864,.F.);
#6848 = FACE_BOUND('',#6849,.F.);
#6849 = EDGE_LOOP('',(#6850,#6856,#6857,#6863));
#6850 = ORIENTED_EDGE('',*,*,#6851,.F.);
#6851 = EDGE_CURVE('',#6772,#6812,#6852,.T.);
#6852 = LINE('',#6853,#6854);
#6853 = CARTESIAN_POINT('',(1.541E+03,18.,421.));
#6854 = VECTOR('',#6855,1.);
#6855 = DIRECTION('',(1.,0.,0.));
#6856 = ORIENTED_EDGE('',*,*,#6771,.T.);
#6857 = ORIENTED_EDGE('',*,*,#6858,.T.);
#6858 = EDGE_CURVE('',#6774,#6814,#6859,.T.);
#6859 = LINE('',#6860,#6861);
#6860 = CARTESIAN_POINT('',(1.541E+03,18.,601.));
#6861 = VECTOR('',#6862,1.);
#6862 = DIRECTION('',(1.,0.,0.));
#6863 = ORIENTED_EDGE('',*,*,#6811,.F.);
#6864 = PLANE('',#6865);
#6865 = AXIS2_PLACEMENT_3D('',#6866,#6867,#6868);
#6866 = CARTESIAN_POINT('',(1.541E+03,18.,421.));
#6867 = DIRECTION('',(0.,1.,0.));
#6868 = DIRECTION('',(0.,0.,1.));
#6869 = ADVANCED_FACE('',(#6870),#6886,.T.);
#6870 = FACE_BOUND('',#6871,.T.);
#6871 = EDGE_LOOP('',(#6872,#6878,#6879,#6885));
#6872 = ORIENTED_EDGE('',*,*,#6873,.F.);
#6873 = EDGE_CURVE('',#6782,#6822,#6874,.T.);
#6874 = LINE('',#6875,#6876);
#6875 = CARTESIAN_POINT('',(1.541E+03,518.,421.));
#6876 = VECTOR('',#6877,1.);
#6877 = DIRECTION('',(1.,0.,0.));
#6878 = ORIENTED_EDGE('',*,*,#6789,.T.);
#6879 = ORIENTED_EDGE('',*,*,#6880,.T.);
#6880 = EDGE_CURVE('',#6790,#6830,#6881,.T.);
#6881 = LINE('',#6882,#6883);
#6882 = CARTESIAN_POINT('',(1.541E+03,518.,601.));
#6883 = VECTOR('',#6884,1.);
#6884 = DIRECTION('',(1.,0.,0.));
#6885 = ORIENTED_EDGE('',*,*,#6829,.F.);
#6886 = PLANE('',#6887);
#6887 = AXIS2_PLACEMENT_3D('',#6888,#6889,#6890);
#6888 = CARTESIAN_POINT('',(1.541E+03,518.,421.));
#6889 = DIRECTION('',(0.,1.,0.));
#6890 = DIRECTION('',(0.,0.,1.));
#6891 = ADVANCED_FACE('',(#6892),#6898,.F.);
#6892 = FACE_BOUND('',#6893,.F.);
#6893 = EDGE_LOOP('',(#6894,#6895,#6896,#6897));
#6894 = ORIENTED_EDGE('',*,*,#6781,.F.);
#6895 = ORIENTED_EDGE('',*,*,#6851,.T.);
#6896 = ORIENTED_EDGE('',*,*,#6821,.T.);
#6897 = ORIENTED_EDGE('',*,*,#6873,.F.);
#6898 = PLANE('',#6899);
#6899 = AXIS2_PLACEMENT_3D('',#6900,#6901,#6902);
#6900 = CARTESIAN_POINT('',(1.541E+03,18.,421.));
#6901 = DIRECTION('',(0.,0.,1.));
#6902 = DIRECTION('',(1.,0.,0.));
#6903 = ADVANCED_FACE('',(#6904),#6910,.T.);
#6904 = FACE_BOUND('',#6905,.T.);
#6905 = EDGE_LOOP('',(#6906,#6907,#6908,#6909));
#6906 = ORIENTED_EDGE('',*,*,#6797,.F.);
#6907 = ORIENTED_EDGE('',*,*,#6858,.T.);
#6908 = ORIENTED_EDGE('',*,*,#6837,.T.);
#6909 = ORIENTED_EDGE('',*,*,#6880,.F.);
#6910 = PLANE('',#6911);
#6911 = AXIS2_PLACEMENT_3D('',#6912,#6913,#6914);
#6912 = CARTESIAN_POINT('',(1.541E+03,18.,601.));
#6913 = DIRECTION('',(0.,0.,1.));
#6914 = DIRECTION('',(1.,0.,0.));
#6915 = MANIFOLD_SOLID_BREP('',#6916);
#6916 = CLOSED_SHELL('',(#6917,#6957,#6997,#7019,#7041,#7053));
#6917 = ADVANCED_FACE('',(#6918),#6952,.F.);
#6918 = FACE_BOUND('',#6919,.F.);
#6919 = EDGE_LOOP('',(#6920,#6930,#6938,#6946));
#6920 = ORIENTED_EDGE('',*,*,#6921,.F.);
#6921 = EDGE_CURVE('',#6922,#6924,#6926,.T.);
#6922 = VERTEX_POINT('',#6923);
#6923 = CARTESIAN_POINT('',(951.5,18.,421.));
#6924 = VERTEX_POINT('',#6925);
#6925 = CARTESIAN_POINT('',(951.5,18.,601.));
#6926 = LINE('',#6927,#6928);
#6927 = CARTESIAN_POINT('',(951.5,18.,421.));
#6928 = VECTOR('',#6929,1.);
#6929 = DIRECTION('',(0.,0.,1.));
#6930 = ORIENTED_EDGE('',*,*,#6931,.T.);
#6931 = EDGE_CURVE('',#6922,#6932,#6934,.T.);
#6932 = VERTEX_POINT('',#6933);
#6933 = CARTESIAN_POINT('',(951.5,36.,421.));
#6934 = LINE('',#6935,#6936);
#6935 = CARTESIAN_POINT('',(951.5,18.,421.));
#6936 = VECTOR('',#6937,1.);
#6937 = DIRECTION('',(0.,1.,0.));
#6938 = ORIENTED_EDGE('',*,*,#6939,.T.);
#6939 = EDGE_CURVE('',#6932,#6940,#6942,.T.);
#6940 = VERTEX_POINT('',#6941);
#6941 = CARTESIAN_POINT('',(951.5,36.,601.));
#6942 = LINE('',#6943,#6944);
#6943 = CARTESIAN_POINT('',(951.5,36.,421.));
#6944 = VECTOR('',#6945,1.);
#6945 = DIRECTION('',(0.,0.,1.));
#6946 = ORIENTED_EDGE('',*,*,#6947,.F.);
#6947 = EDGE_CURVE('',#6924,#6940,#6948,.T.);
#6948 = LINE('',#6949,#6950);
#6949 = CARTESIAN_POINT('',(951.5,18.,601.));
#6950 = VECTOR('',#6951,1.);
#6951 = DIRECTION('',(0.,1.,0.));
#6952 = PLANE('',#6953);
#6953 = AXIS2_PLACEMENT_3D('',#6954,#6955,#6956);
#6954 = CARTESIAN_POINT('',(951.5,18.,421.));
#6955 = DIRECTION('',(1.,0.,0.));
#6956 = DIRECTION('',(0.,0.,1.));
#6957 = ADVANCED_FACE('',(#6958),#6992,.T.);
#6958 = FACE_BOUND('',#6959,.T.);
#6959 = EDGE_LOOP('',(#6960,#6970,#6978,#6986));
#6960 = ORIENTED_EDGE('',*,*,#6961,.F.);
#6961 = EDGE_CURVE('',#6962,#6964,#6966,.T.);
#6962 = VERTEX_POINT('',#6963);
#6963 = CARTESIAN_POINT('',(1.541E+03,18.,421.));
#6964 = VERTEX_POINT('',#6965);
#6965 = CARTESIAN_POINT('',(1.541E+03,18.,601.));
#6966 = LINE('',#6967,#6968);
#6967 = CARTESIAN_POINT('',(1.541E+03,18.,421.));
#6968 = VECTOR('',#6969,1.);
#6969 = DIRECTION('',(0.,0.,1.));
#6970 = ORIENTED_EDGE('',*,*,#6971,.T.);
#6971 = EDGE_CURVE('',#6962,#6972,#6974,.T.);
#6972 = VERTEX_POINT('',#6973);
#6973 = CARTESIAN_POINT('',(1.541E+03,36.,421.));
#6974 = LINE('',#6975,#6976);
#6975 = CARTESIAN_POINT('',(1.541E+03,18.,421.));
#6976 = VECTOR('',#6977,1.);
#6977 = DIRECTION('',(0.,1.,0.));
#6978 = ORIENTED_EDGE('',*,*,#6979,.T.);
#6979 = EDGE_CURVE('',#6972,#6980,#6982,.T.);
#6980 = VERTEX_POINT('',#6981);
#6981 = CARTESIAN_POINT('',(1.541E+03,36.,601.));
#6982 = LINE('',#6983,#6984);
#6983 = CARTESIAN_POINT('',(1.541E+03,36.,421.));
#6984 = VECTOR('',#6985,1.);
#6985 = DIRECTION('',(0.,0.,1.));
#6986 = ORIENTED_EDGE('',*,*,#6987,.F.);
#6987 = EDGE_CURVE('',#6964,#6980,#6988,.T.);
#6988 = LINE('',#6989,#6990);
#6989 = CARTESIAN_POINT('',(1.541E+03,18.,601.));
#6990 = VECTOR('',#6991,1.);
#6991 = DIRECTION('',(0.,1.,0.));
#6992 = PLANE('',#6993);
#6993 = AXIS2_PLACEMENT_3D('',#6994,#6995,#6996);
#6994 = CARTESIAN_POINT('',(1.541E+03,18.,421.));
#6995 = DIRECTION('',(1.,0.,0.));
#6996 = DIRECTION('',(0.,0.,1.));
#6997 = ADVANCED_FACE('',(#6998),#7014,.F.);
#6998 = FACE_BOUND('',#6999,.F.);
#6999 = EDGE_LOOP('',(#7000,#7006,#7007,#7013));
#7000 = ORIENTED_EDGE('',*,*,#7001,.F.);
#7001 = EDGE_CURVE('',#6922,#6962,#7002,.T.);
#7002 = LINE('',#7003,#7004);
#7003 = CARTESIAN_POINT('',(951.5,18.,421.));
#7004 = VECTOR('',#7005,1.);
#7005 = DIRECTION('',(1.,0.,0.));
#7006 = ORIENTED_EDGE('',*,*,#6921,.T.);
#7007 = ORIENTED_EDGE('',*,*,#7008,.T.);
#7008 = EDGE_CURVE('',#6924,#6964,#7009,.T.);
#7009 = LINE('',#7010,#7011);
#7010 = CARTESIAN_POINT('',(951.5,18.,601.));
#7011 = VECTOR('',#7012,1.);
#7012 = DIRECTION('',(1.,0.,0.));
#7013 = ORIENTED_EDGE('',*,*,#6961,.F.);
#7014 = PLANE('',#7015);
#7015 = AXIS2_PLACEMENT_3D('',#7016,#7017,#7018);
#7016 = CARTESIAN_POINT('',(951.5,18.,421.));
#7017 = DIRECTION('',(0.,1.,0.));
#7018 = DIRECTION('',(0.,0.,1.));
#7019 = ADVANCED_FACE('',(#7020),#7036,.T.);
#7020 = FACE_BOUND('',#7021,.T.);
#7021 = EDGE_LOOP('',(#7022,#7028,#7029,#7035));
#7022 = ORIENTED_EDGE('',*,*,#7023,.F.);
#7023 = EDGE_CURVE('',#6932,#6972,#7024,.T.);
#7024 = LINE('',#7025,#7026);
#7025 = CARTESIAN_POINT('',(951.5,36.,421.));
#7026 = VECTOR('',#7027,1.);
#7027 = DIRECTION('',(1.,0.,0.));
#7028 = ORIENTED_EDGE('',*,*,#6939,.T.);
#7029 = ORIENTED_EDGE('',*,*,#7030,.T.);
#7030 = EDGE_CURVE('',#6940,#6980,#7031,.T.);
#7031 = LINE('',#7032,#7033);
#7032 = CARTESIAN_POINT('',(951.5,36.,601.));
#7033 = VECTOR('',#7034,1.);
#7034 = DIRECTION('',(1.,0.,0.));
#7035 = ORIENTED_EDGE('',*,*,#6979,.F.);
#7036 = PLANE('',#7037);
#7037 = AXIS2_PLACEMENT_3D('',#7038,#7039,#7040);
#7038 = CARTESIAN_POINT('',(951.5,36.,421.));
#7039 = DIRECTION('',(0.,1.,0.));
#7040 = DIRECTION('',(0.,0.,1.));
#7041 = ADVANCED_FACE('',(#7042),#7048,.F.);
#7042 = FACE_BOUND('',#7043,.F.);
#7043 = EDGE_LOOP('',(#7044,#7045,#7046,#7047));
#7044 = ORIENTED_EDGE('',*,*,#6931,.F.);
#7045 = ORIENTED_EDGE('',*,*,#7001,.T.);
#7046 = ORIENTED_EDGE('',*,*,#6971,.T.);
#7047 = ORIENTED_EDGE('',*,*,#7023,.F.);
#7048 = PLANE('',#7049);
#7049 = AXIS2_PLACEMENT_3D('',#7050,#7051,#7052);
#7050 = CARTESIAN_POINT('',(951.5,18.,421.));
#7051 = DIRECTION('',(0.,0.,1.));
#7052 = DIRECTION('',(1.,0.,0.));
#7053 = ADVANCED_FACE('',(#7054),#7060,.T.);
#7054 = FACE_BOUND('',#7055,.T.);
#7055 = EDGE_LOOP('',(#7056,#7057,#7058,#7059));
#7056 = ORIENTED_EDGE('',*,*,#6947,.F.);
#7057 = ORIENTED_EDGE('',*,*,#7008,.T.);
#7058 = ORIENTED_EDGE('',*,*,#6987,.T.);
#7059 = ORIENTED_EDGE('',*,*,#7030,.F.);
#7060 = PLANE('',#7061);
#7061 = AXIS2_PLACEMENT_3D('',#7062,#7063,#7064);
#7062 = CARTESIAN_POINT('',(951.5,18.,601.));
#7063 = DIRECTION('',(0.,0.,1.));
#7064 = DIRECTION('',(1.,0.,0.));
#7065 = MANIFOLD_SOLID_BREP('',#7066);
#7066 = CLOSED_SHELL('',(#7067,#7107,#7147,#7169,#7191,#7203));
#7067 = ADVANCED_FACE('',(#7068),#7102,.F.);
#7068 = FACE_BOUND('',#7069,.F.);
#7069 = EDGE_LOOP('',(#7070,#7080,#7088,#7096));
#7070 = ORIENTED_EDGE('',*,*,#7071,.F.);
#7071 = EDGE_CURVE('',#7072,#7074,#7076,.T.);
#7072 = VERTEX_POINT('',#7073);
#7073 = CARTESIAN_POINT('',(951.5,500.,421.));
#7074 = VERTEX_POINT('',#7075);
#7075 = CARTESIAN_POINT('',(951.5,500.,601.));
#7076 = LINE('',#7077,#7078);
#7077 = CARTESIAN_POINT('',(951.5,500.,421.));
#7078 = VECTOR('',#7079,1.);
#7079 = DIRECTION('',(0.,0.,1.));
#7080 = ORIENTED_EDGE('',*,*,#7081,.T.);
#7081 = EDGE_CURVE('',#7072,#7082,#7084,.T.);
#7082 = VERTEX_POINT('',#7083);
#7083 = CARTESIAN_POINT('',(951.5,518.,421.));
#7084 = LINE('',#7085,#7086);
#7085 = CARTESIAN_POINT('',(951.5,500.,421.));
#7086 = VECTOR('',#7087,1.);
#7087 = DIRECTION('',(0.,1.,0.));
#7088 = ORIENTED_EDGE('',*,*,#7089,.T.);
#7089 = EDGE_CURVE('',#7082,#7090,#7092,.T.);
#7090 = VERTEX_POINT('',#7091);
#7091 = CARTESIAN_POINT('',(951.5,518.,601.));
#7092 = LINE('',#7093,#7094);
#7093 = CARTESIAN_POINT('',(951.5,518.,421.));
#7094 = VECTOR('',#7095,1.);
#7095 = DIRECTION('',(0.,0.,1.));
#7096 = ORIENTED_EDGE('',*,*,#7097,.F.);
#7097 = EDGE_CURVE('',#7074,#7090,#7098,.T.);
#7098 = LINE('',#7099,#7100);
#7099 = CARTESIAN_POINT('',(951.5,500.,601.));
#7100 = VECTOR('',#7101,1.);
#7101 = DIRECTION('',(0.,1.,0.));
#7102 = PLANE('',#7103);
#7103 = AXIS2_PLACEMENT_3D('',#7104,#7105,#7106);
#7104 = CARTESIAN_POINT('',(951.5,500.,421.));
#7105 = DIRECTION('',(1.,0.,0.));
#7106 = DIRECTION('',(0.,0.,1.));
#7107 = ADVANCED_FACE('',(#7108),#7142,.T.);
#7108 = FACE_BOUND('',#7109,.T.);
#7109 = EDGE_LOOP('',(#7110,#7120,#7128,#7136));
#7110 = ORIENTED_EDGE('',*,*,#7111,.F.);
#7111 = EDGE_CURVE('',#7112,#7114,#7116,.T.);
#7112 = VERTEX_POINT('',#7113);
#7113 = CARTESIAN_POINT('',(1.541E+03,500.,421.));
#7114 = VERTEX_POINT('',#7115);
#7115 = CARTESIAN_POINT('',(1.541E+03,500.,601.));
#7116 = LINE('',#7117,#7118);
#7117 = CARTESIAN_POINT('',(1.541E+03,500.,421.));
#7118 = VECTOR('',#7119,1.);
#7119 = DIRECTION('',(0.,0.,1.));
#7120 = ORIENTED_EDGE('',*,*,#7121,.T.);
#7121 = EDGE_CURVE('',#7112,#7122,#7124,.T.);
#7122 = VERTEX_POINT('',#7123);
#7123 = CARTESIAN_POINT('',(1.541E+03,518.,421.));
#7124 = LINE('',#7125,#7126);
#7125 = CARTESIAN_POINT('',(1.541E+03,500.,421.));
#7126 = VECTOR('',#7127,1.);
#7127 = DIRECTION('',(0.,1.,0.));
#7128 = ORIENTED_EDGE('',*,*,#7129,.T.);
#7129 = EDGE_CURVE('',#7122,#7130,#7132,.T.);
#7130 = VERTEX_POINT('',#7131);
#7131 = CARTESIAN_POINT('',(1.541E+03,518.,601.));
#7132 = LINE('',#7133,#7134);
#7133 = CARTESIAN_POINT('',(1.541E+03,518.,421.));
#7134 = VECTOR('',#7135,1.);
#7135 = DIRECTION('',(0.,0.,1.));
#7136 = ORIENTED_EDGE('',*,*,#7137,.F.);
#7137 = EDGE_CURVE('',#7114,#7130,#7138,.T.);
#7138 = LINE('',#7139,#7140);
#7139 = CARTESIAN_POINT('',(1.541E+03,500.,601.));
#7140 = VECTOR('',#7141,1.);
#7141 = DIRECTION('',(0.,1.,0.));
#7142 = PLANE('',#7143);
#7143 = AXIS2_PLACEMENT_3D('',#7144,#7145,#7146);
#7144 = CARTESIAN_POINT('',(1.541E+03,500.,421.));
#7145 = DIRECTION('',(1.,0.,0.));
#7146 = DIRECTION('',(0.,0.,1.));
#7147 = ADVANCED_FACE('',(#7148),#7164,.F.);
#7148 = FACE_BOUND('',#7149,.F.);
#7149 = EDGE_LOOP('',(#7150,#7156,#7157,#7163));
#7150 = ORIENTED_EDGE('',*,*,#7151,.F.);
#7151 = EDGE_CURVE('',#7072,#7112,#7152,.T.);
#7152 = LINE('',#7153,#7154);
#7153 = CARTESIAN_POINT('',(951.5,500.,421.));
#7154 = VECTOR('',#7155,1.);
#7155 = DIRECTION('',(1.,0.,0.));
#7156 = ORIENTED_EDGE('',*,*,#7071,.T.);
#7157 = ORIENTED_EDGE('',*,*,#7158,.T.);
#7158 = EDGE_CURVE('',#7074,#7114,#7159,.T.);
#7159 = LINE('',#7160,#7161);
#7160 = CARTESIAN_POINT('',(951.5,500.,601.));
#7161 = VECTOR('',#7162,1.);
#7162 = DIRECTION('',(1.,0.,0.));
#7163 = ORIENTED_EDGE('',*,*,#7111,.F.);
#7164 = PLANE('',#7165);
#7165 = AXIS2_PLACEMENT_3D('',#7166,#7167,#7168);
#7166 = CARTESIAN_POINT('',(951.5,500.,421.));
#7167 = DIRECTION('',(0.,1.,0.));
#7168 = DIRECTION('',(0.,0.,1.));
#7169 = ADVANCED_FACE('',(#7170),#7186,.T.);
#7170 = FACE_BOUND('',#7171,.T.);
#7171 = EDGE_LOOP('',(#7172,#7178,#7179,#7185));
#7172 = ORIENTED_EDGE('',*,*,#7173,.F.);
#7173 = EDGE_CURVE('',#7082,#7122,#7174,.T.);
#7174 = LINE('',#7175,#7176);
#7175 = CARTESIAN_POINT('',(951.5,518.,421.));
#7176 = VECTOR('',#7177,1.);
#7177 = DIRECTION('',(1.,0.,0.));
#7178 = ORIENTED_EDGE('',*,*,#7089,.T.);
#7179 = ORIENTED_EDGE('',*,*,#7180,.T.);
#7180 = EDGE_CURVE('',#7090,#7130,#7181,.T.);
#7181 = LINE('',#7182,#7183);
#7182 = CARTESIAN_POINT('',(951.5,518.,601.));
#7183 = VECTOR('',#7184,1.);
#7184 = DIRECTION('',(1.,0.,0.));
#7185 = ORIENTED_EDGE('',*,*,#7129,.F.);
#7186 = PLANE('',#7187);
#7187 = AXIS2_PLACEMENT_3D('',#7188,#7189,#7190);
#7188 = CARTESIAN_POINT('',(951.5,518.,421.));
#7189 = DIRECTION('',(0.,1.,0.));
#7190 = DIRECTION('',(0.,0.,1.));
#7191 = ADVANCED_FACE('',(#7192),#7198,.F.);
#7192 = FACE_BOUND('',#7193,.F.);
#7193 = EDGE_LOOP('',(#7194,#7195,#7196,#7197));
#7194 = ORIENTED_EDGE('',*,*,#7081,.F.);
#7195 = ORIENTED_EDGE('',*,*,#7151,.T.);
#7196 = ORIENTED_EDGE('',*,*,#7121,.T.);
#7197 = ORIENTED_EDGE('',*,*,#7173,.F.);
#7198 = PLANE('',#7199);
#7199 = AXIS2_PLACEMENT_3D('',#7200,#7201,#7202);
#7200 = CARTESIAN_POINT('',(951.5,500.,421.));
#7201 = DIRECTION('',(0.,0.,1.));
#7202 = DIRECTION('',(1.,0.,0.));
#7203 = ADVANCED_FACE('',(#7204),#7210,.T.);
#7204 = FACE_BOUND('',#7205,.T.);
#7205 = EDGE_LOOP('',(#7206,#7207,#7208,#7209));
#7206 = ORIENTED_EDGE('',*,*,#7097,.F.);
#7207 = ORIENTED_EDGE('',*,*,#7158,.T.);
#7208 = ORIENTED_EDGE('',*,*,#7137,.T.);
#7209 = ORIENTED_EDGE('',*,*,#7180,.F.);
#7210 = PLANE('',#7211);
#7211 = AXIS2_PLACEMENT_3D('',#7212,#7213,#7214);
#7212 = CARTESIAN_POINT('',(951.5,500.,601.));
#7213 = DIRECTION('',(0.,0.,1.));
#7214 = DIRECTION('',(1.,0.,0.));
#7215 = MANIFOLD_SOLID_BREP('',#7216);
#7216 = CLOSED_SHELL('',(#7217,#7257,#7297,#7319,#7341,#7353));
#7217 = ADVANCED_FACE('',(#7218),#7252,.F.);
#7218 = FACE_BOUND('',#7219,.F.);
#7219 = EDGE_LOOP('',(#7220,#7230,#7238,#7246));
#7220 = ORIENTED_EDGE('',*,*,#7221,.F.);
#7221 = EDGE_CURVE('',#7222,#7224,#7226,.T.);
#7222 = VERTEX_POINT('',#7223);
#7223 = CARTESIAN_POINT('',(951.5,36.,421.));
#7224 = VERTEX_POINT('',#7225);
#7225 = CARTESIAN_POINT('',(951.5,36.,427.));
#7226 = LINE('',#7227,#7228);
#7227 = CARTESIAN_POINT('',(951.5,36.,421.));
#7228 = VECTOR('',#7229,1.);
#7229 = DIRECTION('',(0.,0.,1.));
#7230 = ORIENTED_EDGE('',*,*,#7231,.T.);
#7231 = EDGE_CURVE('',#7222,#7232,#7234,.T.);
#7232 = VERTEX_POINT('',#7233);
#7233 = CARTESIAN_POINT('',(951.5,500.,421.));
#7234 = LINE('',#7235,#7236);
#7235 = CARTESIAN_POINT('',(951.5,36.,421.));
#7236 = VECTOR('',#7237,1.);
#7237 = DIRECTION('',(0.,1.,0.));
#7238 = ORIENTED_EDGE('',*,*,#7239,.T.);
#7239 = EDGE_CURVE('',#7232,#7240,#7242,.T.);
#7240 = VERTEX_POINT('',#7241);
#7241 = CARTESIAN_POINT('',(951.5,500.,427.));
#7242 = LINE('',#7243,#7244);
#7243 = CARTESIAN_POINT('',(951.5,500.,421.));
#7244 = VECTOR('',#7245,1.);
#7245 = DIRECTION('',(0.,0.,1.));
#7246 = ORIENTED_EDGE('',*,*,#7247,.F.);
#7247 = EDGE_CURVE('',#7224,#7240,#7248,.T.);
#7248 = LINE('',#7249,#7250);
#7249 = CARTESIAN_POINT('',(951.5,36.,427.));
#7250 = VECTOR('',#7251,1.);
#7251 = DIRECTION('',(0.,1.,0.));
#7252 = PLANE('',#7253);
#7253 = AXIS2_PLACEMENT_3D('',#7254,#7255,#7256);
#7254 = CARTESIAN_POINT('',(951.5,36.,421.));
#7255 = DIRECTION('',(1.,0.,0.));
#7256 = DIRECTION('',(0.,0.,1.));
#7257 = ADVANCED_FACE('',(#7258),#7292,.T.);
#7258 = FACE_BOUND('',#7259,.T.);
#7259 = EDGE_LOOP('',(#7260,#7270,#7278,#7286));
#7260 = ORIENTED_EDGE('',*,*,#7261,.F.);
#7261 = EDGE_CURVE('',#7262,#7264,#7266,.T.);
#7262 = VERTEX_POINT('',#7263);
#7263 = CARTESIAN_POINT('',(1.541E+03,36.,421.));
#7264 = VERTEX_POINT('',#7265);
#7265 = CARTESIAN_POINT('',(1.541E+03,36.,427.));
#7266 = LINE('',#7267,#7268);
#7267 = CARTESIAN_POINT('',(1.541E+03,36.,421.));
#7268 = VECTOR('',#7269,1.);
#7269 = DIRECTION('',(0.,0.,1.));
#7270 = ORIENTED_EDGE('',*,*,#7271,.T.);
#7271 = EDGE_CURVE('',#7262,#7272,#7274,.T.);
#7272 = VERTEX_POINT('',#7273);
#7273 = CARTESIAN_POINT('',(1.541E+03,500.,421.));
#7274 = LINE('',#7275,#7276);
#7275 = CARTESIAN_POINT('',(1.541E+03,36.,421.));
#7276 = VECTOR('',#7277,1.);
#7277 = DIRECTION('',(0.,1.,0.));
#7278 = ORIENTED_EDGE('',*,*,#7279,.T.);
#7279 = EDGE_CURVE('',#7272,#7280,#7282,.T.);
#7280 = VERTEX_POINT('',#7281);
#7281 = CARTESIAN_POINT('',(1.541E+03,500.,427.));
#7282 = LINE('',#7283,#7284);
#7283 = CARTESIAN_POINT('',(1.541E+03,500.,421.));
#7284 = VECTOR('',#7285,1.);
#7285 = DIRECTION('',(0.,0.,1.));
#7286 = ORIENTED_EDGE('',*,*,#7287,.F.);
#7287 = EDGE_CURVE('',#7264,#7280,#7288,.T.);
#7288 = LINE('',#7289,#7290);
#7289 = CARTESIAN_POINT('',(1.541E+03,36.,427.));
#7290 = VECTOR('',#7291,1.);
#7291 = DIRECTION('',(0.,1.,0.));
#7292 = PLANE('',#7293);
#7293 = AXIS2_PLACEMENT_3D('',#7294,#7295,#7296);
#7294 = CARTESIAN_POINT('',(1.541E+03,36.,421.));
#7295 = DIRECTION('',(1.,0.,0.));
#7296 = DIRECTION('',(0.,0.,1.));
#7297 = ADVANCED_FACE('',(#7298),#7314,.F.);
#7298 = FACE_BOUND('',#7299,.F.);
#7299 = EDGE_LOOP('',(#7300,#7306,#7307,#7313));
#7300 = ORIENTED_EDGE('',*,*,#7301,.F.);
#7301 = EDGE_CURVE('',#7222,#7262,#7302,.T.);
#7302 = LINE('',#7303,#7304);
#7303 = CARTESIAN_POINT('',(951.5,36.,421.));
#7304 = VECTOR('',#7305,1.);
#7305 = DIRECTION('',(1.,0.,0.));
#7306 = ORIENTED_EDGE('',*,*,#7221,.T.);
#7307 = ORIENTED_EDGE('',*,*,#7308,.T.);
#7308 = EDGE_CURVE('',#7224,#7264,#7309,.T.);
#7309 = LINE('',#7310,#7311);
#7310 = CARTESIAN_POINT('',(951.5,36.,427.));
#7311 = VECTOR('',#7312,1.);
#7312 = DIRECTION('',(1.,0.,0.));
#7313 = ORIENTED_EDGE('',*,*,#7261,.F.);
#7314 = PLANE('',#7315);
#7315 = AXIS2_PLACEMENT_3D('',#7316,#7317,#7318);
#7316 = CARTESIAN_POINT('',(951.5,36.,421.));
#7317 = DIRECTION('',(0.,1.,0.));
#7318 = DIRECTION('',(0.,0.,1.));
#7319 = ADVANCED_FACE('',(#7320),#7336,.T.);
#7320 = FACE_BOUND('',#7321,.T.);
#7321 = EDGE_LOOP('',(#7322,#7328,#7329,#7335));
#7322 = ORIENTED_EDGE('',*,*,#7323,.F.);
#7323 = EDGE_CURVE('',#7232,#7272,#7324,.T.);
#7324 = LINE('',#7325,#7326);
#7325 = CARTESIAN_POINT('',(951.5,500.,421.));
#7326 = VECTOR('',#7327,1.);
#7327 = DIRECTION('',(1.,0.,0.));
#7328 = ORIENTED_EDGE('',*,*,#7239,.T.);
#7329 = ORIENTED_EDGE('',*,*,#7330,.T.);
#7330 = EDGE_CURVE('',#7240,#7280,#7331,.T.);
#7331 = LINE('',#7332,#7333);
#7332 = CARTESIAN_POINT('',(951.5,500.,427.));
#7333 = VECTOR('',#7334,1.);
#7334 = DIRECTION('',(1.,0.,0.));
#7335 = ORIENTED_EDGE('',*,*,#7279,.F.);
#7336 = PLANE('',#7337);
#7337 = AXIS2_PLACEMENT_3D('',#7338,#7339,#7340);
#7338 = CARTESIAN_POINT('',(951.5,500.,421.));
#7339 = DIRECTION('',(0.,1.,0.));
#7340 = DIRECTION('',(0.,0.,1.));
#7341 = ADVANCED_FACE('',(#7342),#7348,.F.);
#7342 = FACE_BOUND('',#7343,.F.);
#7343 = EDGE_LOOP('',(#7344,#7345,#7346,#7347));
#7344 = ORIENTED_EDGE('',*,*,#7231,.F.);
#7345 = ORIENTED_EDGE('',*,*,#7301,.T.);
#7346 = ORIENTED_EDGE('',*,*,#7271,.T.);
#7347 = ORIENTED_EDGE('',*,*,#7323,.F.);
#7348 = PLANE('',#7349);
#7349 = AXIS2_PLACEMENT_3D('',#7350,#7351,#7352);
#7350 = CARTESIAN_POINT('',(951.5,36.,421.));
#7351 = DIRECTION('',(0.,0.,1.));
#7352 = DIRECTION('',(1.,0.,0.));
#7353 = ADVANCED_FACE('',(#7354),#7360,.T.);
#7354 = FACE_BOUND('',#7355,.T.);
#7355 = EDGE_LOOP('',(#7356,#7357,#7358,#7359));
#7356 = ORIENTED_EDGE('',*,*,#7247,.F.);
#7357 = ORIENTED_EDGE('',*,*,#7308,.T.);
#7358 = ORIENTED_EDGE('',*,*,#7287,.T.);
#7359 = ORIENTED_EDGE('',*,*,#7330,.F.);
#7360 = PLANE('',#7361);
#7361 = AXIS2_PLACEMENT_3D('',#7362,#7363,#7364);
#7362 = CARTESIAN_POINT('',(951.5,36.,427.));
#7363 = DIRECTION('',(0.,0.,1.));
#7364 = DIRECTION('',(1.,0.,0.));
#7365 = MANIFOLD_SOLID_BREP('',#7366);
#7366 = CLOSED_SHELL('',(#7367,#7407,#7447,#7469,#7491,#7503));
#7367 = ADVANCED_FACE('',(#7368),#7402,.F.);
#7368 = FACE_BOUND('',#7369,.F.);
#7369 = EDGE_LOOP('',(#7370,#7380,#7388,#7396));
#7370 = ORIENTED_EDGE('',*,*,#7371,.F.);
#7371 = EDGE_CURVE('',#7372,#7374,#7376,.T.);
#7372 = VERTEX_POINT('',#7373);
#7373 = CARTESIAN_POINT('',(1.602E+03,18.,421.));
#7374 = VERTEX_POINT('',#7375);
#7375 = CARTESIAN_POINT('',(1.602E+03,18.,601.));
#7376 = LINE('',#7377,#7378);
#7377 = CARTESIAN_POINT('',(1.602E+03,18.,421.));
#7378 = VECTOR('',#7379,1.);
#7379 = DIRECTION('',(0.,0.,1.));
#7380 = ORIENTED_EDGE('',*,*,#7381,.T.);
#7381 = EDGE_CURVE('',#7372,#7382,#7384,.T.);
#7382 = VERTEX_POINT('',#7383);
#7383 = CARTESIAN_POINT('',(1.602E+03,518.,421.));
#7384 = LINE('',#7385,#7386);
#7385 = CARTESIAN_POINT('',(1.602E+03,18.,421.));
#7386 = VECTOR('',#7387,1.);
#7387 = DIRECTION('',(0.,1.,0.));
#7388 = ORIENTED_EDGE('',*,*,#7389,.T.);
#7389 = EDGE_CURVE('',#7382,#7390,#7392,.T.);
#7390 = VERTEX_POINT('',#7391);
#7391 = CARTESIAN_POINT('',(1.602E+03,518.,601.));
#7392 = LINE('',#7393,#7394);
#7393 = CARTESIAN_POINT('',(1.602E+03,518.,421.));
#7394 = VECTOR('',#7395,1.);
#7395 = DIRECTION('',(0.,0.,1.));
#7396 = ORIENTED_EDGE('',*,*,#7397,.F.);
#7397 = EDGE_CURVE('',#7374,#7390,#7398,.T.);
#7398 = LINE('',#7399,#7400);
#7399 = CARTESIAN_POINT('',(1.602E+03,18.,601.));
#7400 = VECTOR('',#7401,1.);
#7401 = DIRECTION('',(0.,1.,0.));
#7402 = PLANE('',#7403);
#7403 = AXIS2_PLACEMENT_3D('',#7404,#7405,#7406);
#7404 = CARTESIAN_POINT('',(1.602E+03,18.,421.));
#7405 = DIRECTION('',(1.,0.,0.));
#7406 = DIRECTION('',(0.,0.,1.));
#7407 = ADVANCED_FACE('',(#7408),#7442,.T.);
#7408 = FACE_BOUND('',#7409,.T.);
#7409 = EDGE_LOOP('',(#7410,#7420,#7428,#7436));
#7410 = ORIENTED_EDGE('',*,*,#7411,.F.);
#7411 = EDGE_CURVE('',#7412,#7414,#7416,.T.);
#7412 = VERTEX_POINT('',#7413);
#7413 = CARTESIAN_POINT('',(1.62E+03,18.,421.));
#7414 = VERTEX_POINT('',#7415);
#7415 = CARTESIAN_POINT('',(1.62E+03,18.,601.));
#7416 = LINE('',#7417,#7418);
#7417 = CARTESIAN_POINT('',(1.62E+03,18.,421.));
#7418 = VECTOR('',#7419,1.);
#7419 = DIRECTION('',(0.,0.,1.));
#7420 = ORIENTED_EDGE('',*,*,#7421,.T.);
#7421 = EDGE_CURVE('',#7412,#7422,#7424,.T.);
#7422 = VERTEX_POINT('',#7423);
#7423 = CARTESIAN_POINT('',(1.62E+03,518.,421.));
#7424 = LINE('',#7425,#7426);
#7425 = CARTESIAN_POINT('',(1.62E+03,18.,421.));
#7426 = VECTOR('',#7427,1.);
#7427 = DIRECTION('',(0.,1.,0.));
#7428 = ORIENTED_EDGE('',*,*,#7429,.T.);
#7429 = EDGE_CURVE('',#7422,#7430,#7432,.T.);
#7430 = VERTEX_POINT('',#7431);
#7431 = CARTESIAN_POINT('',(1.62E+03,518.,601.));
#7432 = LINE('',#7433,#7434);
#7433 = CARTESIAN_POINT('',(1.62E+03,518.,421.));
#7434 = VECTOR('',#7435,1.);
#7435 = DIRECTION('',(0.,0.,1.));
#7436 = ORIENTED_EDGE('',*,*,#7437,.F.);
#7437 = EDGE_CURVE('',#7414,#7430,#7438,.T.);
#7438 = LINE('',#7439,#7440);
#7439 = CARTESIAN_POINT('',(1.62E+03,18.,601.));
#7440 = VECTOR('',#7441,1.);
#7441 = DIRECTION('',(0.,1.,0.));
#7442 = PLANE('',#7443);
#7443 = AXIS2_PLACEMENT_3D('',#7444,#7445,#7446);
#7444 = CARTESIAN_POINT('',(1.62E+03,18.,421.));
#7445 = DIRECTION('',(1.,0.,0.));
#7446 = DIRECTION('',(0.,0.,1.));
#7447 = ADVANCED_FACE('',(#7448),#7464,.F.);
#7448 = FACE_BOUND('',#7449,.F.);
#7449 = EDGE_LOOP('',(#7450,#7456,#7457,#7463));
#7450 = ORIENTED_EDGE('',*,*,#7451,.F.);
#7451 = EDGE_CURVE('',#7372,#7412,#7452,.T.);
#7452 = LINE('',#7453,#7454);
#7453 = CARTESIAN_POINT('',(1.602E+03,18.,421.));
#7454 = VECTOR('',#7455,1.);
#7455 = DIRECTION('',(1.,0.,0.));
#7456 = ORIENTED_EDGE('',*,*,#7371,.T.);
#7457 = ORIENTED_EDGE('',*,*,#7458,.T.);
#7458 = EDGE_CURVE('',#7374,#7414,#7459,.T.);
#7459 = LINE('',#7460,#7461);
#7460 = CARTESIAN_POINT('',(1.602E+03,18.,601.));
#7461 = VECTOR('',#7462,1.);
#7462 = DIRECTION('',(1.,0.,0.));
#7463 = ORIENTED_EDGE('',*,*,#7411,.F.);
#7464 = PLANE('',#7465);
#7465 = AXIS2_PLACEMENT_3D('',#7466,#7467,#7468);
#7466 = CARTESIAN_POINT('',(1.602E+03,18.,421.));
#7467 = DIRECTION('',(0.,1.,0.));
#7468 = DIRECTION('',(0.,0.,1.));
#7469 = ADVANCED_FACE('',(#7470),#7486,.T.);
#7470 = FACE_BOUND('',#7471,.T.);
#7471 = EDGE_LOOP('',(#7472,#7478,#7479,#7485));
#7472 = ORIENTED_EDGE('',*,*,#7473,.F.);
#7473 = EDGE_CURVE('',#7382,#7422,#7474,.T.);
#7474 = LINE('',#7475,#7476);
#7475 = CARTESIAN_POINT('',(1.602E+03,518.,421.));
#7476 = VECTOR('',#7477,1.);
#7477 = DIRECTION('',(1.,0.,0.));
#7478 = ORIENTED_EDGE('',*,*,#7389,.T.);
#7479 = ORIENTED_EDGE('',*,*,#7480,.T.);
#7480 = EDGE_CURVE('',#7390,#7430,#7481,.T.);
#7481 = LINE('',#7482,#7483);
#7482 = CARTESIAN_POINT('',(1.602E+03,518.,601.));
#7483 = VECTOR('',#7484,1.);
#7484 = DIRECTION('',(1.,0.,0.));
#7485 = ORIENTED_EDGE('',*,*,#7429,.F.);
#7486 = PLANE('',#7487);
#7487 = AXIS2_PLACEMENT_3D('',#7488,#7489,#7490);
#7488 = CARTESIAN_POINT('',(1.602E+03,518.,421.));
#7489 = DIRECTION('',(0.,1.,0.));
#7490 = DIRECTION('',(0.,0.,1.));
#7491 = ADVANCED_FACE('',(#7492),#7498,.F.);
#7492 = FACE_BOUND('',#7493,.F.);
#7493 = EDGE_LOOP('',(#7494,#7495,#7496,#7497));
#7494 = ORIENTED_EDGE('',*,*,#7381,.F.);
#7495 = ORIENTED_EDGE('',*,*,#7451,.T.);
#7496 = ORIENTED_EDGE('',*,*,#7421,.T.);
#7497 = ORIENTED_EDGE('',*,*,#7473,.F.);
#7498 = PLANE('',#7499);
#7499 = AXIS2_PLACEMENT_3D('',#7500,#7501,#7502);
#7500 = CARTESIAN_POINT('',(1.602E+03,18.,421.));
#7501 = DIRECTION('',(0.,0.,1.));
#7502 = DIRECTION('',(1.,0.,0.));
#7503 = ADVANCED_FACE('',(#7504),#7510,.T.);
#7504 = FACE_BOUND('',#7505,.T.);
#7505 = EDGE_LOOP('',(#7506,#7507,#7508,#7509));
#7506 = ORIENTED_EDGE('',*,*,#7397,.F.);
#7507 = ORIENTED_EDGE('',*,*,#7458,.T.);
#7508 = ORIENTED_EDGE('',*,*,#7437,.T.);
#7509 = ORIENTED_EDGE('',*,*,#7480,.F.);
#7510 = PLANE('',#7511);
#7511 = AXIS2_PLACEMENT_3D('',#7512,#7513,#7514);
#7512 = CARTESIAN_POINT('',(1.602E+03,18.,601.));
#7513 = DIRECTION('',(0.,0.,1.));
#7514 = DIRECTION('',(1.,0.,0.));
#7515 = MANIFOLD_SOLID_BREP('',#7516);
#7516 = CLOSED_SHELL('',(#7517,#7557,#7597,#7619,#7641,#7653));
#7517 = ADVANCED_FACE('',(#7518),#7552,.F.);
#7518 = FACE_BOUND('',#7519,.F.);
#7519 = EDGE_LOOP('',(#7520,#7530,#7538,#7546));
#7520 = ORIENTED_EDGE('',*,*,#7521,.F.);
#7521 = EDGE_CURVE('',#7522,#7524,#7526,.T.);
#7522 = VERTEX_POINT('',#7523);
#7523 = CARTESIAN_POINT('',(2.2095E+03,18.,421.));
#7524 = VERTEX_POINT('',#7525);
#7525 = CARTESIAN_POINT('',(2.2095E+03,18.,601.));
#7526 = LINE('',#7527,#7528);
#7527 = CARTESIAN_POINT('',(2.2095E+03,18.,421.));
#7528 = VECTOR('',#7529,1.);
#7529 = DIRECTION('',(0.,0.,1.));
#7530 = ORIENTED_EDGE('',*,*,#7531,.T.);
#7531 = EDGE_CURVE('',#7522,#7532,#7534,.T.);
#7532 = VERTEX_POINT('',#7533);
#7533 = CARTESIAN_POINT('',(2.2095E+03,518.,421.));
#7534 = LINE('',#7535,#7536);
#7535 = CARTESIAN_POINT('',(2.2095E+03,18.,421.));
#7536 = VECTOR('',#7537,1.);
#7537 = DIRECTION('',(0.,1.,0.));
#7538 = ORIENTED_EDGE('',*,*,#7539,.T.);
#7539 = EDGE_CURVE('',#7532,#7540,#7542,.T.);
#7540 = VERTEX_POINT('',#7541);
#7541 = CARTESIAN_POINT('',(2.2095E+03,518.,601.));
#7542 = LINE('',#7543,#7544);
#7543 = CARTESIAN_POINT('',(2.2095E+03,518.,421.));
#7544 = VECTOR('',#7545,1.);
#7545 = DIRECTION('',(0.,0.,1.));
#7546 = ORIENTED_EDGE('',*,*,#7547,.F.);
#7547 = EDGE_CURVE('',#7524,#7540,#7548,.T.);
#7548 = LINE('',#7549,#7550);
#7549 = CARTESIAN_POINT('',(2.2095E+03,18.,601.));
#7550 = VECTOR('',#7551,1.);
#7551 = DIRECTION('',(0.,1.,0.));
#7552 = PLANE('',#7553);
#7553 = AXIS2_PLACEMENT_3D('',#7554,#7555,#7556);
#7554 = CARTESIAN_POINT('',(2.2095E+03,18.,421.));
#7555 = DIRECTION('',(1.,0.,0.));
#7556 = DIRECTION('',(0.,0.,1.));
#7557 = ADVANCED_FACE('',(#7558),#7592,.T.);
#7558 = FACE_BOUND('',#7559,.T.);
#7559 = EDGE_LOOP('',(#7560,#7570,#7578,#7586));
#7560 = ORIENTED_EDGE('',*,*,#7561,.F.);
#7561 = EDGE_CURVE('',#7562,#7564,#7566,.T.);
#7562 = VERTEX_POINT('',#7563);
#7563 = CARTESIAN_POINT('',(2.2275E+03,18.,421.));
#7564 = VERTEX_POINT('',#7565);
#7565 = CARTESIAN_POINT('',(2.2275E+03,18.,601.));
#7566 = LINE('',#7567,#7568);
#7567 = CARTESIAN_POINT('',(2.2275E+03,18.,421.));
#7568 = VECTOR('',#7569,1.);
#7569 = DIRECTION('',(0.,0.,1.));
#7570 = ORIENTED_EDGE('',*,*,#7571,.T.);
#7571 = EDGE_CURVE('',#7562,#7572,#7574,.T.);
#7572 = VERTEX_POINT('',#7573);
#7573 = CARTESIAN_POINT('',(2.2275E+03,518.,421.));
#7574 = LINE('',#7575,#7576);
#7575 = CARTESIAN_POINT('',(2.2275E+03,18.,421.));
#7576 = VECTOR('',#7577,1.);
#7577 = DIRECTION('',(0.,1.,0.));
#7578 = ORIENTED_EDGE('',*,*,#7579,.T.);
#7579 = EDGE_CURVE('',#7572,#7580,#7582,.T.);
#7580 = VERTEX_POINT('',#7581);
#7581 = CARTESIAN_POINT('',(2.2275E+03,518.,601.));
#7582 = LINE('',#7583,#7584);
#7583 = CARTESIAN_POINT('',(2.2275E+03,518.,421.));
#7584 = VECTOR('',#7585,1.);
#7585 = DIRECTION('',(0.,0.,1.));
#7586 = ORIENTED_EDGE('',*,*,#7587,.F.);
#7587 = EDGE_CURVE('',#7564,#7580,#7588,.T.);
#7588 = LINE('',#7589,#7590);
#7589 = CARTESIAN_POINT('',(2.2275E+03,18.,601.));
#7590 = VECTOR('',#7591,1.);
#7591 = DIRECTION('',(0.,1.,0.));
#7592 = PLANE('',#7593);
#7593 = AXIS2_PLACEMENT_3D('',#7594,#7595,#7596);
#7594 = CARTESIAN_POINT('',(2.2275E+03,18.,421.));
#7595 = DIRECTION('',(1.,0.,0.));
#7596 = DIRECTION('',(0.,0.,1.));
#7597 = ADVANCED_FACE('',(#7598),#7614,.F.);
#7598 = FACE_BOUND('',#7599,.F.);
#7599 = EDGE_LOOP('',(#7600,#7606,#7607,#7613));
#7600 = ORIENTED_EDGE('',*,*,#7601,.F.);
#7601 = EDGE_CURVE('',#7522,#7562,#7602,.T.);
#7602 = LINE('',#7603,#7604);
#7603 = CARTESIAN_POINT('',(2.2095E+03,18.,421.));
#7604 = VECTOR('',#7605,1.);
#7605 = DIRECTION('',(1.,0.,0.));
#7606 = ORIENTED_EDGE('',*,*,#7521,.T.);
#7607 = ORIENTED_EDGE('',*,*,#7608,.T.);
#7608 = EDGE_CURVE('',#7524,#7564,#7609,.T.);
#7609 = LINE('',#7610,#7611);
#7610 = CARTESIAN_POINT('',(2.2095E+03,18.,601.));
#7611 = VECTOR('',#7612,1.);
#7612 = DIRECTION('',(1.,0.,0.));
#7613 = ORIENTED_EDGE('',*,*,#7561,.F.);
#7614 = PLANE('',#7615);
#7615 = AXIS2_PLACEMENT_3D('',#7616,#7617,#7618);
#7616 = CARTESIAN_POINT('',(2.2095E+03,18.,421.));
#7617 = DIRECTION('',(0.,1.,0.));
#7618 = DIRECTION('',(0.,0.,1.));
#7619 = ADVANCED_FACE('',(#7620),#7636,.T.);
#7620 = FACE_BOUND('',#7621,.T.);
#7621 = EDGE_LOOP('',(#7622,#7628,#7629,#7635));
#7622 = ORIENTED_EDGE('',*,*,#7623,.F.);
#7623 = EDGE_CURVE('',#7532,#7572,#7624,.T.);
#7624 = LINE('',#7625,#7626);
#7625 = CARTESIAN_POINT('',(2.2095E+03,518.,421.));
#7626 = VECTOR('',#7627,1.);
#7627 = DIRECTION('',(1.,0.,0.));
#7628 = ORIENTED_EDGE('',*,*,#7539,.T.);
#7629 = ORIENTED_EDGE('',*,*,#7630,.T.);
#7630 = EDGE_CURVE('',#7540,#7580,#7631,.T.);
#7631 = LINE('',#7632,#7633);
#7632 = CARTESIAN_POINT('',(2.2095E+03,518.,601.));
#7633 = VECTOR('',#7634,1.);
#7634 = DIRECTION('',(1.,0.,0.));
#7635 = ORIENTED_EDGE('',*,*,#7579,.F.);
#7636 = PLANE('',#7637);
#7637 = AXIS2_PLACEMENT_3D('',#7638,#7639,#7640);
#7638 = CARTESIAN_POINT('',(2.2095E+03,518.,421.));
#7639 = DIRECTION('',(0.,1.,0.));
#7640 = DIRECTION('',(0.,0.,1.));
#7641 = ADVANCED_FACE('',(#7642),#7648,.F.);
#7642 = FACE_BOUND('',#7643,.F.);
#7643 = EDGE_LOOP('',(#7644,#7645,#7646,#7647));
#7644 = ORIENTED_EDGE('',*,*,#7531,.F.);
#7645 = ORIENTED_EDGE('',*,*,#7601,.T.);
#7646 = ORIENTED_EDGE('',*,*,#7571,.T.);
#7647 = ORIENTED_EDGE('',*,*,#7623,.F.);
#7648 = PLANE('',#7649);
#7649 = AXIS2_PLACEMENT_3D('',#7650,#7651,#7652);
#7650 = CARTESIAN_POINT('',(2.2095E+03,18.,421.));
#7651 = DIRECTION('',(0.,0.,1.));
#7652 = DIRECTION('',(1.,0.,0.));
#7653 = ADVANCED_FACE('',(#7654),#7660,.T.);
#7654 = FACE_BOUND('',#7655,.T.);
#7655 = EDGE_LOOP('',(#7656,#7657,#7658,#7659));
#7656 = ORIENTED_EDGE('',*,*,#7547,.F.);
#7657 = ORIENTED_EDGE('',*,*,#7608,.T.);
#7658 = ORIENTED_EDGE('',*,*,#7587,.T.);
#7659 = ORIENTED_EDGE('',*,*,#7630,.F.);
#7660 = PLANE('',#7661);
#7661 = AXIS2_PLACEMENT_3D('',#7662,#7663,#7664);
#7662 = CARTESIAN_POINT('',(2.2095E+03,18.,601.));
#7663 = DIRECTION('',(0.,0.,1.));
#7664 = DIRECTION('',(1.,0.,0.));
#7665 = MANIFOLD_SOLID_BREP('',#7666);
#7666 = CLOSED_SHELL('',(#7667,#7707,#7747,#7769,#7791,#7803));
#7667 = ADVANCED_FACE('',(#7668),#7702,.F.);
#7668 = FACE_BOUND('',#7669,.F.);
#7669 = EDGE_LOOP('',(#7670,#7680,#7688,#7696));
#7670 = ORIENTED_EDGE('',*,*,#7671,.F.);
#7671 = EDGE_CURVE('',#7672,#7674,#7676,.T.);
#7672 = VERTEX_POINT('',#7673);
#7673 = CARTESIAN_POINT('',(1.62E+03,18.,421.));
#7674 = VERTEX_POINT('',#7675);
#7675 = CARTESIAN_POINT('',(1.62E+03,18.,601.));
#7676 = LINE('',#7677,#7678);
#7677 = CARTESIAN_POINT('',(1.62E+03,18.,421.));
#7678 = VECTOR('',#7679,1.);
#7679 = DIRECTION('',(0.,0.,1.));
#7680 = ORIENTED_EDGE('',*,*,#7681,.T.);
#7681 = EDGE_CURVE('',#7672,#7682,#7684,.T.);
#7682 = VERTEX_POINT('',#7683);
#7683 = CARTESIAN_POINT('',(1.62E+03,36.,421.));
#7684 = LINE('',#7685,#7686);
#7685 = CARTESIAN_POINT('',(1.62E+03,18.,421.));
#7686 = VECTOR('',#7687,1.);
#7687 = DIRECTION('',(0.,1.,0.));
#7688 = ORIENTED_EDGE('',*,*,#7689,.T.);
#7689 = EDGE_CURVE('',#7682,#7690,#7692,.T.);
#7690 = VERTEX_POINT('',#7691);
#7691 = CARTESIAN_POINT('',(1.62E+03,36.,601.));
#7692 = LINE('',#7693,#7694);
#7693 = CARTESIAN_POINT('',(1.62E+03,36.,421.));
#7694 = VECTOR('',#7695,1.);
#7695 = DIRECTION('',(0.,0.,1.));
#7696 = ORIENTED_EDGE('',*,*,#7697,.F.);
#7697 = EDGE_CURVE('',#7674,#7690,#7698,.T.);
#7698 = LINE('',#7699,#7700);
#7699 = CARTESIAN_POINT('',(1.62E+03,18.,601.));
#7700 = VECTOR('',#7701,1.);
#7701 = DIRECTION('',(0.,1.,0.));
#7702 = PLANE('',#7703);
#7703 = AXIS2_PLACEMENT_3D('',#7704,#7705,#7706);
#7704 = CARTESIAN_POINT('',(1.62E+03,18.,421.));
#7705 = DIRECTION('',(1.,0.,0.));
#7706 = DIRECTION('',(0.,0.,1.));
#7707 = ADVANCED_FACE('',(#7708),#7742,.T.);
#7708 = FACE_BOUND('',#7709,.T.);
#7709 = EDGE_LOOP('',(#7710,#7720,#7728,#7736));
#7710 = ORIENTED_EDGE('',*,*,#7711,.F.);
#7711 = EDGE_CURVE('',#7712,#7714,#7716,.T.);
#7712 = VERTEX_POINT('',#7713);
#7713 = CARTESIAN_POINT('',(2.2095E+03,18.,421.));
#7714 = VERTEX_POINT('',#7715);
#7715 = CARTESIAN_POINT('',(2.2095E+03,18.,601.));
#7716 = LINE('',#7717,#7718);
#7717 = CARTESIAN_POINT('',(2.2095E+03,18.,421.));
#7718 = VECTOR('',#7719,1.);
#7719 = DIRECTION('',(0.,0.,1.));
#7720 = ORIENTED_EDGE('',*,*,#7721,.T.);
#7721 = EDGE_CURVE('',#7712,#7722,#7724,.T.);
#7722 = VERTEX_POINT('',#7723);
#7723 = CARTESIAN_POINT('',(2.2095E+03,36.,421.));
#7724 = LINE('',#7725,#7726);
#7725 = CARTESIAN_POINT('',(2.2095E+03,18.,421.));
#7726 = VECTOR('',#7727,1.);
#7727 = DIRECTION('',(0.,1.,0.));
#7728 = ORIENTED_EDGE('',*,*,#7729,.T.);
#7729 = EDGE_CURVE('',#7722,#7730,#7732,.T.);
#7730 = VERTEX_POINT('',#7731);
#7731 = CARTESIAN_POINT('',(2.2095E+03,36.,601.));
#7732 = LINE('',#7733,#7734);
#7733 = CARTESIAN_POINT('',(2.2095E+03,36.,421.));
#7734 = VECTOR('',#7735,1.);
#7735 = DIRECTION('',(0.,0.,1.));
#7736 = ORIENTED_EDGE('',*,*,#7737,.F.);
#7737 = EDGE_CURVE('',#7714,#7730,#7738,.T.);
#7738 = LINE('',#7739,#7740);
#7739 = CARTESIAN_POINT('',(2.2095E+03,18.,601.));
#7740 = VECTOR('',#7741,1.);
#7741 = DIRECTION('',(0.,1.,0.));
#7742 = PLANE('',#7743);
#7743 = AXIS2_PLACEMENT_3D('',#7744,#7745,#7746);
#7744 = CARTESIAN_POINT('',(2.2095E+03,18.,421.));
#7745 = DIRECTION('',(1.,0.,0.));
#7746 = DIRECTION('',(0.,0.,1.));
#7747 = ADVANCED_FACE('',(#7748),#7764,.F.);
#7748 = FACE_BOUND('',#7749,.F.);
#7749 = EDGE_LOOP('',(#7750,#7756,#7757,#7763));
#7750 = ORIENTED_EDGE('',*,*,#7751,.F.);
#7751 = EDGE_CURVE('',#7672,#7712,#7752,.T.);
#7752 = LINE('',#7753,#7754);
#7753 = CARTESIAN_POINT('',(1.62E+03,18.,421.));
#7754 = VECTOR('',#7755,1.);
#7755 = DIRECTION('',(1.,0.,0.));
#7756 = ORIENTED_EDGE('',*,*,#7671,.T.);
#7757 = ORIENTED_EDGE('',*,*,#7758,.T.);
#7758 = EDGE_CURVE('',#7674,#7714,#7759,.T.);
#7759 = LINE('',#7760,#7761);
#7760 = CARTESIAN_POINT('',(1.62E+03,18.,601.));
#7761 = VECTOR('',#7762,1.);
#7762 = DIRECTION('',(1.,0.,0.));
#7763 = ORIENTED_EDGE('',*,*,#7711,.F.);
#7764 = PLANE('',#7765);
#7765 = AXIS2_PLACEMENT_3D('',#7766,#7767,#7768);
#7766 = CARTESIAN_POINT('',(1.62E+03,18.,421.));
#7767 = DIRECTION('',(0.,1.,0.));
#7768 = DIRECTION('',(0.,0.,1.));
#7769 = ADVANCED_FACE('',(#7770),#7786,.T.);
#7770 = FACE_BOUND('',#7771,.T.);
#7771 = EDGE_LOOP('',(#7772,#7778,#7779,#7785));
#7772 = ORIENTED_EDGE('',*,*,#7773,.F.);
#7773 = EDGE_CURVE('',#7682,#7722,#7774,.T.);
#7774 = LINE('',#7775,#7776);
#7775 = CARTESIAN_POINT('',(1.62E+03,36.,421.));
#7776 = VECTOR('',#7777,1.);
#7777 = DIRECTION('',(1.,0.,0.));
#7778 = ORIENTED_EDGE('',*,*,#7689,.T.);
#7779 = ORIENTED_EDGE('',*,*,#7780,.T.);
#7780 = EDGE_CURVE('',#7690,#7730,#7781,.T.);
#7781 = LINE('',#7782,#7783);
#7782 = CARTESIAN_POINT('',(1.62E+03,36.,601.));
#7783 = VECTOR('',#7784,1.);
#7784 = DIRECTION('',(1.,0.,0.));
#7785 = ORIENTED_EDGE('',*,*,#7729,.F.);
#7786 = PLANE('',#7787);
#7787 = AXIS2_PLACEMENT_3D('',#7788,#7789,#7790);
#7788 = CARTESIAN_POINT('',(1.62E+03,36.,421.));
#7789 = DIRECTION('',(0.,1.,0.));
#7790 = DIRECTION('',(0.,0.,1.));
#7791 = ADVANCED_FACE('',(#7792),#7798,.F.);
#7792 = FACE_BOUND('',#7793,.F.);
#7793 = EDGE_LOOP('',(#7794,#7795,#7796,#7797));
#7794 = ORIENTED_EDGE('',*,*,#7681,.F.);
#7795 = ORIENTED_EDGE('',*,*,#7751,.T.);
#7796 = ORIENTED_EDGE('',*,*,#7721,.T.);
#7797 = ORIENTED_EDGE('',*,*,#7773,.F.);
#7798 = PLANE('',#7799);
#7799 = AXIS2_PLACEMENT_3D('',#7800,#7801,#7802);
#7800 = CARTESIAN_POINT('',(1.62E+03,18.,421.));
#7801 = DIRECTION('',(0.,0.,1.));
#7802 = DIRECTION('',(1.,0.,0.));
#7803 = ADVANCED_FACE('',(#7804),#7810,.T.);
#7804 = FACE_BOUND('',#7805,.T.);
#7805 = EDGE_LOOP('',(#7806,#7807,#7808,#7809));
#7806 = ORIENTED_EDGE('',*,*,#7697,.F.);
#7807 = ORIENTED_EDGE('',*,*,#7758,.T.);
#7808 = ORIENTED_EDGE('',*,*,#7737,.T.);
#7809 = ORIENTED_EDGE('',*,*,#7780,.F.);
#7810 = PLANE('',#7811);
#7811 = AXIS2_PLACEMENT_3D('',#7812,#7813,#7814);
#7812 = CARTESIAN_POINT('',(1.62E+03,18.,601.));
#7813 = DIRECTION('',(0.,0.,1.));
#7814 = DIRECTION('',(1.,0.,0.));
#7815 = MANIFOLD_SOLID_BREP('',#7816);
#7816 = CLOSED_SHELL('',(#7817,#7857,#7897,#7919,#7941,#7953));
#7817 = ADVANCED_FACE('',(#7818),#7852,.F.);
#7818 = FACE_BOUND('',#7819,.F.);
#7819 = EDGE_LOOP('',(#7820,#7830,#7838,#7846));
#7820 = ORIENTED_EDGE('',*,*,#7821,.F.);
#7821 = EDGE_CURVE('',#7822,#7824,#7826,.T.);
#7822 = VERTEX_POINT('',#7823);
#7823 = CARTESIAN_POINT('',(1.62E+03,500.,421.));
#7824 = VERTEX_POINT('',#7825);
#7825 = CARTESIAN_POINT('',(1.62E+03,500.,601.));
#7826 = LINE('',#7827,#7828);
#7827 = CARTESIAN_POINT('',(1.62E+03,500.,421.));
#7828 = VECTOR('',#7829,1.);
#7829 = DIRECTION('',(0.,0.,1.));
#7830 = ORIENTED_EDGE('',*,*,#7831,.T.);
#7831 = EDGE_CURVE('',#7822,#7832,#7834,.T.);
#7832 = VERTEX_POINT('',#7833);
#7833 = CARTESIAN_POINT('',(1.62E+03,518.,421.));
#7834 = LINE('',#7835,#7836);
#7835 = CARTESIAN_POINT('',(1.62E+03,500.,421.));
#7836 = VECTOR('',#7837,1.);
#7837 = DIRECTION('',(0.,1.,0.));
#7838 = ORIENTED_EDGE('',*,*,#7839,.T.);
#7839 = EDGE_CURVE('',#7832,#7840,#7842,.T.);
#7840 = VERTEX_POINT('',#7841);
#7841 = CARTESIAN_POINT('',(1.62E+03,518.,601.));
#7842 = LINE('',#7843,#7844);
#7843 = CARTESIAN_POINT('',(1.62E+03,518.,421.));
#7844 = VECTOR('',#7845,1.);
#7845 = DIRECTION('',(0.,0.,1.));
#7846 = ORIENTED_EDGE('',*,*,#7847,.F.);
#7847 = EDGE_CURVE('',#7824,#7840,#7848,.T.);
#7848 = LINE('',#7849,#7850);
#7849 = CARTESIAN_POINT('',(1.62E+03,500.,601.));
#7850 = VECTOR('',#7851,1.);
#7851 = DIRECTION('',(0.,1.,0.));
#7852 = PLANE('',#7853);
#7853 = AXIS2_PLACEMENT_3D('',#7854,#7855,#7856);
#7854 = CARTESIAN_POINT('',(1.62E+03,500.,421.));
#7855 = DIRECTION('',(1.,0.,0.));
#7856 = DIRECTION('',(0.,0.,1.));
#7857 = ADVANCED_FACE('',(#7858),#7892,.T.);
#7858 = FACE_BOUND('',#7859,.T.);
#7859 = EDGE_LOOP('',(#7860,#7870,#7878,#7886));
#7860 = ORIENTED_EDGE('',*,*,#7861,.F.);
#7861 = EDGE_CURVE('',#7862,#7864,#7866,.T.);
#7862 = VERTEX_POINT('',#7863);
#7863 = CARTESIAN_POINT('',(2.2095E+03,500.,421.));
#7864 = VERTEX_POINT('',#7865);
#7865 = CARTESIAN_POINT('',(2.2095E+03,500.,601.));
#7866 = LINE('',#7867,#7868);
#7867 = CARTESIAN_POINT('',(2.2095E+03,500.,421.));
#7868 = VECTOR('',#7869,1.);
#7869 = DIRECTION('',(0.,0.,1.));
#7870 = ORIENTED_EDGE('',*,*,#7871,.T.);
#7871 = EDGE_CURVE('',#7862,#7872,#7874,.T.);
#7872 = VERTEX_POINT('',#7873);
#7873 = CARTESIAN_POINT('',(2.2095E+03,518.,421.));
#7874 = LINE('',#7875,#7876);
#7875 = CARTESIAN_POINT('',(2.2095E+03,500.,421.));
#7876 = VECTOR('',#7877,1.);
#7877 = DIRECTION('',(0.,1.,0.));
#7878 = ORIENTED_EDGE('',*,*,#7879,.T.);
#7879 = EDGE_CURVE('',#7872,#7880,#7882,.T.);
#7880 = VERTEX_POINT('',#7881);
#7881 = CARTESIAN_POINT('',(2.2095E+03,518.,601.));
#7882 = LINE('',#7883,#7884);
#7883 = CARTESIAN_POINT('',(2.2095E+03,518.,421.));
#7884 = VECTOR('',#7885,1.);
#7885 = DIRECTION('',(0.,0.,1.));
#7886 = ORIENTED_EDGE('',*,*,#7887,.F.);
#7887 = EDGE_CURVE('',#7864,#7880,#7888,.T.);
#7888 = LINE('',#7889,#7890);
#7889 = CARTESIAN_POINT('',(2.2095E+03,500.,601.));
#7890 = VECTOR('',#7891,1.);
#7891 = DIRECTION('',(0.,1.,0.));
#7892 = PLANE('',#7893);
#7893 = AXIS2_PLACEMENT_3D('',#7894,#7895,#7896);
#7894 = CARTESIAN_POINT('',(2.2095E+03,500.,421.));
#7895 = DIRECTION('',(1.,0.,0.));
#7896 = DIRECTION('',(0.,0.,1.));
#7897 = ADVANCED_FACE('',(#7898),#7914,.F.);
#7898 = FACE_BOUND('',#7899,.F.);
#7899 = EDGE_LOOP('',(#7900,#7906,#7907,#7913));
#7900 = ORIENTED_EDGE('',*,*,#7901,.F.);
#7901 = EDGE_CURVE('',#7822,#7862,#7902,.T.);
#7902 = LINE('',#7903,#7904);
#7903 = CARTESIAN_POINT('',(1.62E+03,500.,421.));
#7904 = VECTOR('',#7905,1.);
#7905 = DIRECTION('',(1.,0.,0.));
#7906 = ORIENTED_EDGE('',*,*,#7821,.T.);
#7907 = ORIENTED_EDGE('',*,*,#7908,.T.);
#7908 = EDGE_CURVE('',#7824,#7864,#7909,.T.);
#7909 = LINE('',#7910,#7911);
#7910 = CARTESIAN_POINT('',(1.62E+03,500.,601.));
#7911 = VECTOR('',#7912,1.);
#7912 = DIRECTION('',(1.,0.,0.));
#7913 = ORIENTED_EDGE('',*,*,#7861,.F.);
#7914 = PLANE('',#7915);
#7915 = AXIS2_PLACEMENT_3D('',#7916,#7917,#7918);
#7916 = CARTESIAN_POINT('',(1.62E+03,500.,421.));
#7917 = DIRECTION('',(0.,1.,0.));
#7918 = DIRECTION('',(0.,0.,1.));
#7919 = ADVANCED_FACE('',(#7920),#7936,.T.);
#7920 = FACE_BOUND('',#7921,.T.);
#7921 = EDGE_LOOP('',(#7922,#7928,#7929,#7935));
#7922 = ORIENTED_EDGE('',*,*,#7923,.F.);
#7923 = EDGE_CURVE('',#7832,#7872,#7924,.T.);
#7924 = LINE('',#7925,#7926);
#7925 = CARTESIAN_POINT('',(1.62E+03,518.,421.));
#7926 = VECTOR('',#7927,1.);
#7927 = DIRECTION('',(1.,0.,0.));
#7928 = ORIENTED_EDGE('',*,*,#7839,.T.);
#7929 = ORIENTED_EDGE('',*,*,#7930,.T.);
#7930 = EDGE_CURVE('',#7840,#7880,#7931,.T.);
#7931 = LINE('',#7932,#7933);
#7932 = CARTESIAN_POINT('',(1.62E+03,518.,601.));
#7933 = VECTOR('',#7934,1.);
#7934 = DIRECTION('',(1.,0.,0.));
#7935 = ORIENTED_EDGE('',*,*,#7879,.F.);
#7936 = PLANE('',#7937);
#7937 = AXIS2_PLACEMENT_3D('',#7938,#7939,#7940);
#7938 = CARTESIAN_POINT('',(1.62E+03,518.,421.));
#7939 = DIRECTION('',(0.,1.,0.));
#7940 = DIRECTION('',(0.,0.,1.));
#7941 = ADVANCED_FACE('',(#7942),#7948,.F.);
#7942 = FACE_BOUND('',#7943,.F.);
#7943 = EDGE_LOOP('',(#7944,#7945,#7946,#7947));
#7944 = ORIENTED_EDGE('',*,*,#7831,.F.);
#7945 = ORIENTED_EDGE('',*,*,#7901,.T.);
#7946 = ORIENTED_EDGE('',*,*,#7871,.T.);
#7947 = ORIENTED_EDGE('',*,*,#7923,.F.);
#7948 = PLANE('',#7949);
#7949 = AXIS2_PLACEMENT_3D('',#7950,#7951,#7952);
#7950 = CARTESIAN_POINT('',(1.62E+03,500.,421.));
#7951 = DIRECTION('',(0.,0.,1.));
#7952 = DIRECTION('',(1.,0.,0.));
#7953 = ADVANCED_FACE('',(#7954),#7960,.T.);
#7954 = FACE_BOUND('',#7955,.T.);
#7955 = EDGE_LOOP('',(#7956,#7957,#7958,#7959));
#7956 = ORIENTED_EDGE('',*,*,#7847,.F.);
#7957 = ORIENTED_EDGE('',*,*,#7908,.T.);
#7958 = ORIENTED_EDGE('',*,*,#7887,.T.);
#7959 = ORIENTED_EDGE('',*,*,#7930,.F.);
#7960 = PLANE('',#7961);
#7961 = AXIS2_PLACEMENT_3D('',#7962,#7963,#7964);
#7962 = CARTESIAN_POINT('',(1.62E+03,500.,601.));
#7963 = DIRECTION('',(0.,0.,1.));
#7964 = DIRECTION('',(1.,0.,0.));
#7965 = MANIFOLD_SOLID_BREP('',#7966);
#7966 = CLOSED_SHELL('',(#7967,#8007,#8047,#8069,#8091,#8103));
#7967 = ADVANCED_FACE('',(#7968),#8002,.F.);
#7968 = FACE_BOUND('',#7969,.F.);
#7969 = EDGE_LOOP('',(#7970,#7980,#7988,#7996));
#7970 = ORIENTED_EDGE('',*,*,#7971,.F.);
#7971 = EDGE_CURVE('',#7972,#7974,#7976,.T.);
#7972 = VERTEX_POINT('',#7973);
#7973 = CARTESIAN_POINT('',(1.62E+03,36.,421.));
#7974 = VERTEX_POINT('',#7975);
#7975 = CARTESIAN_POINT('',(1.62E+03,36.,427.));
#7976 = LINE('',#7977,#7978);
#7977 = CARTESIAN_POINT('',(1.62E+03,36.,421.));
#7978 = VECTOR('',#7979,1.);
#7979 = DIRECTION('',(0.,0.,1.));
#7980 = ORIENTED_EDGE('',*,*,#7981,.T.);
#7981 = EDGE_CURVE('',#7972,#7982,#7984,.T.);
#7982 = VERTEX_POINT('',#7983);
#7983 = CARTESIAN_POINT('',(1.62E+03,500.,421.));
#7984 = LINE('',#7985,#7986);
#7985 = CARTESIAN_POINT('',(1.62E+03,36.,421.));
#7986 = VECTOR('',#7987,1.);
#7987 = DIRECTION('',(0.,1.,0.));
#7988 = ORIENTED_EDGE('',*,*,#7989,.T.);
#7989 = EDGE_CURVE('',#7982,#7990,#7992,.T.);
#7990 = VERTEX_POINT('',#7991);
#7991 = CARTESIAN_POINT('',(1.62E+03,500.,427.));
#7992 = LINE('',#7993,#7994);
#7993 = CARTESIAN_POINT('',(1.62E+03,500.,421.));
#7994 = VECTOR('',#7995,1.);
#7995 = DIRECTION('',(0.,0.,1.));
#7996 = ORIENTED_EDGE('',*,*,#7997,.F.);
#7997 = EDGE_CURVE('',#7974,#7990,#7998,.T.);
#7998 = LINE('',#7999,#8000);
#7999 = CARTESIAN_POINT('',(1.62E+03,36.,427.));
#8000 = VECTOR('',#8001,1.);
#8001 = DIRECTION('',(0.,1.,0.));
#8002 = PLANE('',#8003);
#8003 = AXIS2_PLACEMENT_3D('',#8004,#8005,#8006);
#8004 = CARTESIAN_POINT('',(1.62E+03,36.,421.));
#8005 = DIRECTION('',(1.,0.,0.));
#8006 = DIRECTION('',(0.,0.,1.));
#8007 = ADVANCED_FACE('',(#8008),#8042,.T.);
#8008 = FACE_BOUND('',#8009,.T.);
#8009 = EDGE_LOOP('',(#8010,#8020,#8028,#8036));
#8010 = ORIENTED_EDGE('',*,*,#8011,.F.);
#8011 = EDGE_CURVE('',#8012,#8014,#8016,.T.);
#8012 = VERTEX_POINT('',#8013);
#8013 = CARTESIAN_POINT('',(2.2095E+03,36.,421.));
#8014 = VERTEX_POINT('',#8015);
#8015 = CARTESIAN_POINT('',(2.2095E+03,36.,427.));
#8016 = LINE('',#8017,#8018);
#8017 = CARTESIAN_POINT('',(2.2095E+03,36.,421.));
#8018 = VECTOR('',#8019,1.);
#8019 = DIRECTION('',(0.,0.,1.));
#8020 = ORIENTED_EDGE('',*,*,#8021,.T.);
#8021 = EDGE_CURVE('',#8012,#8022,#8024,.T.);
#8022 = VERTEX_POINT('',#8023);
#8023 = CARTESIAN_POINT('',(2.2095E+03,500.,421.));
#8024 = LINE('',#8025,#8026);
#8025 = CARTESIAN_POINT('',(2.2095E+03,36.,421.));
#8026 = VECTOR('',#8027,1.);
#8027 = DIRECTION('',(0.,1.,0.));
#8028 = ORIENTED_EDGE('',*,*,#8029,.T.);
#8029 = EDGE_CURVE('',#8022,#8030,#8032,.T.);
#8030 = VERTEX_POINT('',#8031);
#8031 = CARTESIAN_POINT('',(2.2095E+03,500.,427.));
#8032 = LINE('',#8033,#8034);
#8033 = CARTESIAN_POINT('',(2.2095E+03,500.,421.));
#8034 = VECTOR('',#8035,1.);
#8035 = DIRECTION('',(0.,0.,1.));
#8036 = ORIENTED_EDGE('',*,*,#8037,.F.);
#8037 = EDGE_CURVE('',#8014,#8030,#8038,.T.);
#8038 = LINE('',#8039,#8040);
#8039 = CARTESIAN_POINT('',(2.2095E+03,36.,427.));
#8040 = VECTOR('',#8041,1.);
#8041 = DIRECTION('',(0.,1.,0.));
#8042 = PLANE('',#8043);
#8043 = AXIS2_PLACEMENT_3D('',#8044,#8045,#8046);
#8044 = CARTESIAN_POINT('',(2.2095E+03,36.,421.));
#8045 = DIRECTION('',(1.,0.,0.));
#8046 = DIRECTION('',(0.,0.,1.));
#8047 = ADVANCED_FACE('',(#8048),#8064,.F.);
#8048 = FACE_BOUND('',#8049,.F.);
#8049 = EDGE_LOOP('',(#8050,#8056,#8057,#8063));
#8050 = ORIENTED_EDGE('',*,*,#8051,.F.);
#8051 = EDGE_CURVE('',#7972,#8012,#8052,.T.);
#8052 = LINE('',#8053,#8054);
#8053 = CARTESIAN_POINT('',(1.62E+03,36.,421.));
#8054 = VECTOR('',#8055,1.);
#8055 = DIRECTION('',(1.,0.,0.));
#8056 = ORIENTED_EDGE('',*,*,#7971,.T.);
#8057 = ORIENTED_EDGE('',*,*,#8058,.T.);
#8058 = EDGE_CURVE('',#7974,#8014,#8059,.T.);
#8059 = LINE('',#8060,#8061);
#8060 = CARTESIAN_POINT('',(1.62E+03,36.,427.));
#8061 = VECTOR('',#8062,1.);
#8062 = DIRECTION('',(1.,0.,0.));
#8063 = ORIENTED_EDGE('',*,*,#8011,.F.);
#8064 = PLANE('',#8065);
#8065 = AXIS2_PLACEMENT_3D('',#8066,#8067,#8068);
#8066 = CARTESIAN_POINT('',(1.62E+03,36.,421.));
#8067 = DIRECTION('',(0.,1.,0.));
#8068 = DIRECTION('',(0.,0.,1.));
#8069 = ADVANCED_FACE('',(#8070),#8086,.T.);
#8070 = FACE_BOUND('',#8071,.T.);
#8071 = EDGE_LOOP('',(#8072,#8078,#8079,#8085));
#8072 = ORIENTED_EDGE('',*,*,#8073,.F.);
#8073 = EDGE_CURVE('',#7982,#8022,#8074,.T.);
#8074 = LINE('',#8075,#8076);
#8075 = CARTESIAN_POINT('',(1.62E+03,500.,421.));
#8076 = VECTOR('',#8077,1.);
#8077 = DIRECTION('',(1.,0.,0.));
#8078 = ORIENTED_EDGE('',*,*,#7989,.T.);
#8079 = ORIENTED_EDGE('',*,*,#8080,.T.);
#8080 = EDGE_CURVE('',#7990,#8030,#8081,.T.);
#8081 = LINE('',#8082,#8083);
#8082 = CARTESIAN_POINT('',(1.62E+03,500.,427.));
#8083 = VECTOR('',#8084,1.);
#8084 = DIRECTION('',(1.,0.,0.));
#8085 = ORIENTED_EDGE('',*,*,#8029,.F.);
#8086 = PLANE('',#8087);
#8087 = AXIS2_PLACEMENT_3D('',#8088,#8089,#8090);
#8088 = CARTESIAN_POINT('',(1.62E+03,500.,421.));
#8089 = DIRECTION('',(0.,1.,0.));
#8090 = DIRECTION('',(0.,0.,1.));
#8091 = ADVANCED_FACE('',(#8092),#8098,.F.);
#8092 = FACE_BOUND('',#8093,.F.);
#8093 = EDGE_LOOP('',(#8094,#8095,#8096,#8097));
#8094 = ORIENTED_EDGE('',*,*,#7981,.F.);
#8095 = ORIENTED_EDGE('',*,*,#8051,.T.);
#8096 = ORIENTED_EDGE('',*,*,#8021,.T.);
#8097 = ORIENTED_EDGE('',*,*,#8073,.F.);
#8098 = PLANE('',#8099);
#8099 = AXIS2_PLACEMENT_3D('',#8100,#8101,#8102);
#8100 = CARTESIAN_POINT('',(1.62E+03,36.,421.));
#8101 = DIRECTION('',(0.,0.,1.));
#8102 = DIRECTION('',(1.,0.,0.));
#8103 = ADVANCED_FACE('',(#8104),#8110,.T.);
#8104 = FACE_BOUND('',#8105,.T.);
#8105 = EDGE_LOOP('',(#8106,#8107,#8108,#8109));
#8106 = ORIENTED_EDGE('',*,*,#7997,.F.);
#8107 = ORIENTED_EDGE('',*,*,#8058,.T.);
#8108 = ORIENTED_EDGE('',*,*,#8037,.T.);
#8109 = ORIENTED_EDGE('',*,*,#8080,.F.);
#8110 = PLANE('',#8111);
#8111 = AXIS2_PLACEMENT_3D('',#8112,#8113,#8114);
#8112 = CARTESIAN_POINT('',(1.62E+03,36.,427.));
#8113 = DIRECTION('',(0.,0.,1.));
#8114 = DIRECTION('',(1.,0.,0.));
#8115 = MANIFOLD_SOLID_BREP('',#8116);
#8116 = CLOSED_SHELL('',(#8117,#8157,#8197,#8219,#8241,#8253));
#8117 = ADVANCED_FACE('',(#8118),#8152,.F.);
#8118 = FACE_BOUND('',#8119,.F.);
#8119 = EDGE_LOOP('',(#8120,#8130,#8138,#8146));
#8120 = ORIENTED_EDGE('',*,*,#8121,.F.);
#8121 = EDGE_CURVE('',#8122,#8124,#8126,.T.);
#8122 = VERTEX_POINT('',#8123);
#8123 = CARTESIAN_POINT('',(933.5,18.,102.));
#8124 = VERTEX_POINT('',#8125);
#8125 = CARTESIAN_POINT('',(933.5,18.,282.));
#8126 = LINE('',#8127,#8128);
#8127 = CARTESIAN_POINT('',(933.5,18.,102.));
#8128 = VECTOR('',#8129,1.);
#8129 = DIRECTION('',(0.,0.,1.));
#8130 = ORIENTED_EDGE('',*,*,#8131,.T.);
#8131 = EDGE_CURVE('',#8122,#8132,#8134,.T.);
#8132 = VERTEX_POINT('',#8133);
#8133 = CARTESIAN_POINT('',(933.5,518.,102.));
#8134 = LINE('',#8135,#8136);
#8135 = CARTESIAN_POINT('',(933.5,18.,102.));
#8136 = VECTOR('',#8137,1.);
#8137 = DIRECTION('',(0.,1.,0.));
#8138 = ORIENTED_EDGE('',*,*,#8139,.T.);
#8139 = EDGE_CURVE('',#8132,#8140,#8142,.T.);
#8140 = VERTEX_POINT('',#8141);
#8141 = CARTESIAN_POINT('',(933.5,518.,282.));
#8142 = LINE('',#8143,#8144);
#8143 = CARTESIAN_POINT('',(933.5,518.,102.));
#8144 = VECTOR('',#8145,1.);
#8145 = DIRECTION('',(0.,0.,1.));
#8146 = ORIENTED_EDGE('',*,*,#8147,.F.);
#8147 = EDGE_CURVE('',#8124,#8140,#8148,.T.);
#8148 = LINE('',#8149,#8150);
#8149 = CARTESIAN_POINT('',(933.5,18.,282.));
#8150 = VECTOR('',#8151,1.);
#8151 = DIRECTION('',(0.,1.,0.));
#8152 = PLANE('',#8153);
#8153 = AXIS2_PLACEMENT_3D('',#8154,#8155,#8156);
#8154 = CARTESIAN_POINT('',(933.5,18.,102.));
#8155 = DIRECTION('',(1.,0.,0.));
#8156 = DIRECTION('',(0.,0.,1.));
#8157 = ADVANCED_FACE('',(#8158),#8192,.T.);
#8158 = FACE_BOUND('',#8159,.T.);
#8159 = EDGE_LOOP('',(#8160,#8170,#8178,#8186));
#8160 = ORIENTED_EDGE('',*,*,#8161,.F.);
#8161 = EDGE_CURVE('',#8162,#8164,#8166,.T.);
#8162 = VERTEX_POINT('',#8163);
#8163 = CARTESIAN_POINT('',(951.5,18.,102.));
#8164 = VERTEX_POINT('',#8165);
#8165 = CARTESIAN_POINT('',(951.5,18.,282.));
#8166 = LINE('',#8167,#8168);
#8167 = CARTESIAN_POINT('',(951.5,18.,102.));
#8168 = VECTOR('',#8169,1.);
#8169 = DIRECTION('',(0.,0.,1.));
#8170 = ORIENTED_EDGE('',*,*,#8171,.T.);
#8171 = EDGE_CURVE('',#8162,#8172,#8174,.T.);
#8172 = VERTEX_POINT('',#8173);
#8173 = CARTESIAN_POINT('',(951.5,518.,102.));
#8174 = LINE('',#8175,#8176);
#8175 = CARTESIAN_POINT('',(951.5,18.,102.));
#8176 = VECTOR('',#8177,1.);
#8177 = DIRECTION('',(0.,1.,0.));
#8178 = ORIENTED_EDGE('',*,*,#8179,.T.);
#8179 = EDGE_CURVE('',#8172,#8180,#8182,.T.);
#8180 = VERTEX_POINT('',#8181);
#8181 = CARTESIAN_POINT('',(951.5,518.,282.));
#8182 = LINE('',#8183,#8184);
#8183 = CARTESIAN_POINT('',(951.5,518.,102.));
#8184 = VECTOR('',#8185,1.);
#8185 = DIRECTION('',(0.,0.,1.));
#8186 = ORIENTED_EDGE('',*,*,#8187,.F.);
#8187 = EDGE_CURVE('',#8164,#8180,#8188,.T.);
#8188 = LINE('',#8189,#8190);
#8189 = CARTESIAN_POINT('',(951.5,18.,282.));
#8190 = VECTOR('',#8191,1.);
#8191 = DIRECTION('',(0.,1.,0.));
#8192 = PLANE('',#8193);
#8193 = AXIS2_PLACEMENT_3D('',#8194,#8195,#8196);
#8194 = CARTESIAN_POINT('',(951.5,18.,102.));
#8195 = DIRECTION('',(1.,0.,0.));
#8196 = DIRECTION('',(0.,0.,1.));
#8197 = ADVANCED_FACE('',(#8198),#8214,.F.);
#8198 = FACE_BOUND('',#8199,.F.);
#8199 = EDGE_LOOP('',(#8200,#8206,#8207,#8213));
#8200 = ORIENTED_EDGE('',*,*,#8201,.F.);
#8201 = EDGE_CURVE('',#8122,#8162,#8202,.T.);
#8202 = LINE('',#8203,#8204);
#8203 = CARTESIAN_POINT('',(933.5,18.,102.));
#8204 = VECTOR('',#8205,1.);
#8205 = DIRECTION('',(1.,0.,0.));
#8206 = ORIENTED_EDGE('',*,*,#8121,.T.);
#8207 = ORIENTED_EDGE('',*,*,#8208,.T.);
#8208 = EDGE_CURVE('',#8124,#8164,#8209,.T.);
#8209 = LINE('',#8210,#8211);
#8210 = CARTESIAN_POINT('',(933.5,18.,282.));
#8211 = VECTOR('',#8212,1.);
#8212 = DIRECTION('',(1.,0.,0.));
#8213 = ORIENTED_EDGE('',*,*,#8161,.F.);
#8214 = PLANE('',#8215);
#8215 = AXIS2_PLACEMENT_3D('',#8216,#8217,#8218);
#8216 = CARTESIAN_POINT('',(933.5,18.,102.));
#8217 = DIRECTION('',(0.,1.,0.));
#8218 = DIRECTION('',(0.,0.,1.));
#8219 = ADVANCED_FACE('',(#8220),#8236,.T.);
#8220 = FACE_BOUND('',#8221,.T.);
#8221 = EDGE_LOOP('',(#8222,#8228,#8229,#8235));
#8222 = ORIENTED_EDGE('',*,*,#8223,.F.);
#8223 = EDGE_CURVE('',#8132,#8172,#8224,.T.);
#8224 = LINE('',#8225,#8226);
#8225 = CARTESIAN_POINT('',(933.5,518.,102.));
#8226 = VECTOR('',#8227,1.);
#8227 = DIRECTION('',(1.,0.,0.));
#8228 = ORIENTED_EDGE('',*,*,#8139,.T.);
#8229 = ORIENTED_EDGE('',*,*,#8230,.T.);
#8230 = EDGE_CURVE('',#8140,#8180,#8231,.T.);
#8231 = LINE('',#8232,#8233);
#8232 = CARTESIAN_POINT('',(933.5,518.,282.));
#8233 = VECTOR('',#8234,1.);
#8234 = DIRECTION('',(1.,0.,0.));
#8235 = ORIENTED_EDGE('',*,*,#8179,.F.);
#8236 = PLANE('',#8237);
#8237 = AXIS2_PLACEMENT_3D('',#8238,#8239,#8240);
#8238 = CARTESIAN_POINT('',(933.5,518.,102.));
#8239 = DIRECTION('',(0.,1.,0.));
#8240 = DIRECTION('',(0.,0.,1.));
#8241 = ADVANCED_FACE('',(#8242),#8248,.F.);
#8242 = FACE_BOUND('',#8243,.F.);
#8243 = EDGE_LOOP('',(#8244,#8245,#8246,#8247));
#8244 = ORIENTED_EDGE('',*,*,#8131,.F.);
#8245 = ORIENTED_EDGE('',*,*,#8201,.T.);
#8246 = ORIENTED_EDGE('',*,*,#8171,.T.);
#8247 = ORIENTED_EDGE('',*,*,#8223,.F.);
#8248 = PLANE('',#8249);
#8249 = AXIS2_PLACEMENT_3D('',#8250,#8251,#8252);
#8250 = CARTESIAN_POINT('',(933.5,18.,102.));
#8251 = DIRECTION('',(0.,0.,1.));
#8252 = DIRECTION('',(1.,0.,0.));
#8253 = ADVANCED_FACE('',(#8254),#8260,.T.);
#8254 = FACE_BOUND('',#8255,.T.);
#8255 = EDGE_LOOP('',(#8256,#8257,#8258,#8259));
#8256 = ORIENTED_EDGE('',*,*,#8147,.F.);
#8257 = ORIENTED_EDGE('',*,*,#8208,.T.);
#8258 = ORIENTED_EDGE('',*,*,#8187,.T.);
#8259 = ORIENTED_EDGE('',*,*,#8230,.F.);
#8260 = PLANE('',#8261);
#8261 = AXIS2_PLACEMENT_3D('',#8262,#8263,#8264);
#8262 = CARTESIAN_POINT('',(933.5,18.,282.));
#8263 = DIRECTION('',(0.,0.,1.));
#8264 = DIRECTION('',(1.,0.,0.));
#8265 = MANIFOLD_SOLID_BREP('',#8266);
#8266 = CLOSED_SHELL('',(#8267,#8307,#8347,#8369,#8391,#8403));
#8267 = ADVANCED_FACE('',(#8268),#8302,.F.);
#8268 = FACE_BOUND('',#8269,.F.);
#8269 = EDGE_LOOP('',(#8270,#8280,#8288,#8296));
#8270 = ORIENTED_EDGE('',*,*,#8271,.F.);
#8271 = EDGE_CURVE('',#8272,#8274,#8276,.T.);
#8272 = VERTEX_POINT('',#8273);
#8273 = CARTESIAN_POINT('',(1.541E+03,18.,102.));
#8274 = VERTEX_POINT('',#8275);
#8275 = CARTESIAN_POINT('',(1.541E+03,18.,282.));
#8276 = LINE('',#8277,#8278);
#8277 = CARTESIAN_POINT('',(1.541E+03,18.,102.));
#8278 = VECTOR('',#8279,1.);
#8279 = DIRECTION('',(0.,0.,1.));
#8280 = ORIENTED_EDGE('',*,*,#8281,.T.);
#8281 = EDGE_CURVE('',#8272,#8282,#8284,.T.);
#8282 = VERTEX_POINT('',#8283);
#8283 = CARTESIAN_POINT('',(1.541E+03,518.,102.));
#8284 = LINE('',#8285,#8286);
#8285 = CARTESIAN_POINT('',(1.541E+03,18.,102.));
#8286 = VECTOR('',#8287,1.);
#8287 = DIRECTION('',(0.,1.,0.));
#8288 = ORIENTED_EDGE('',*,*,#8289,.T.);
#8289 = EDGE_CURVE('',#8282,#8290,#8292,.T.);
#8290 = VERTEX_POINT('',#8291);
#8291 = CARTESIAN_POINT('',(1.541E+03,518.,282.));
#8292 = LINE('',#8293,#8294);
#8293 = CARTESIAN_POINT('',(1.541E+03,518.,102.));
#8294 = VECTOR('',#8295,1.);
#8295 = DIRECTION('',(0.,0.,1.));
#8296 = ORIENTED_EDGE('',*,*,#8297,.F.);
#8297 = EDGE_CURVE('',#8274,#8290,#8298,.T.);
#8298 = LINE('',#8299,#8300);
#8299 = CARTESIAN_POINT('',(1.541E+03,18.,282.));
#8300 = VECTOR('',#8301,1.);
#8301 = DIRECTION('',(0.,1.,0.));
#8302 = PLANE('',#8303);
#8303 = AXIS2_PLACEMENT_3D('',#8304,#8305,#8306);
#8304 = CARTESIAN_POINT('',(1.541E+03,18.,102.));
#8305 = DIRECTION('',(1.,0.,0.));
#8306 = DIRECTION('',(0.,0.,1.));
#8307 = ADVANCED_FACE('',(#8308),#8342,.T.);
#8308 = FACE_BOUND('',#8309,.T.);
#8309 = EDGE_LOOP('',(#8310,#8320,#8328,#8336));
#8310 = ORIENTED_EDGE('',*,*,#8311,.F.);
#8311 = EDGE_CURVE('',#8312,#8314,#8316,.T.);
#8312 = VERTEX_POINT('',#8313);
#8313 = CARTESIAN_POINT('',(1.559E+03,18.,102.));
#8314 = VERTEX_POINT('',#8315);
#8315 = CARTESIAN_POINT('',(1.559E+03,18.,282.));
#8316 = LINE('',#8317,#8318);
#8317 = CARTESIAN_POINT('',(1.559E+03,18.,102.));
#8318 = VECTOR('',#8319,1.);
#8319 = DIRECTION('',(0.,0.,1.));
#8320 = ORIENTED_EDGE('',*,*,#8321,.T.);
#8321 = EDGE_CURVE('',#8312,#8322,#8324,.T.);
#8322 = VERTEX_POINT('',#8323);
#8323 = CARTESIAN_POINT('',(1.559E+03,518.,102.));
#8324 = LINE('',#8325,#8326);
#8325 = CARTESIAN_POINT('',(1.559E+03,18.,102.));
#8326 = VECTOR('',#8327,1.);
#8327 = DIRECTION('',(0.,1.,0.));
#8328 = ORIENTED_EDGE('',*,*,#8329,.T.);
#8329 = EDGE_CURVE('',#8322,#8330,#8332,.T.);
#8330 = VERTEX_POINT('',#8331);
#8331 = CARTESIAN_POINT('',(1.559E+03,518.,282.));
#8332 = LINE('',#8333,#8334);
#8333 = CARTESIAN_POINT('',(1.559E+03,518.,102.));
#8334 = VECTOR('',#8335,1.);
#8335 = DIRECTION('',(0.,0.,1.));
#8336 = ORIENTED_EDGE('',*,*,#8337,.F.);
#8337 = EDGE_CURVE('',#8314,#8330,#8338,.T.);
#8338 = LINE('',#8339,#8340);
#8339 = CARTESIAN_POINT('',(1.559E+03,18.,282.));
#8340 = VECTOR('',#8341,1.);
#8341 = DIRECTION('',(0.,1.,0.));
#8342 = PLANE('',#8343);
#8343 = AXIS2_PLACEMENT_3D('',#8344,#8345,#8346);
#8344 = CARTESIAN_POINT('',(1.559E+03,18.,102.));
#8345 = DIRECTION('',(1.,0.,0.));
#8346 = DIRECTION('',(0.,0.,1.));
#8347 = ADVANCED_FACE('',(#8348),#8364,.F.);
#8348 = FACE_BOUND('',#8349,.F.);
#8349 = EDGE_LOOP('',(#8350,#8356,#8357,#8363));
#8350 = ORIENTED_EDGE('',*,*,#8351,.F.);
#8351 = EDGE_CURVE('',#8272,#8312,#8352,.T.);
#8352 = LINE('',#8353,#8354);
#8353 = CARTESIAN_POINT('',(1.541E+03,18.,102.));
#8354 = VECTOR('',#8355,1.);
#8355 = DIRECTION('',(1.,0.,0.));
#8356 = ORIENTED_EDGE('',*,*,#8271,.T.);
#8357 = ORIENTED_EDGE('',*,*,#8358,.T.);
#8358 = EDGE_CURVE('',#8274,#8314,#8359,.T.);
#8359 = LINE('',#8360,#8361);
#8360 = CARTESIAN_POINT('',(1.541E+03,18.,282.));
#8361 = VECTOR('',#8362,1.);
#8362 = DIRECTION('',(1.,0.,0.));
#8363 = ORIENTED_EDGE('',*,*,#8311,.F.);
#8364 = PLANE('',#8365);
#8365 = AXIS2_PLACEMENT_3D('',#8366,#8367,#8368);
#8366 = CARTESIAN_POINT('',(1.541E+03,18.,102.));
#8367 = DIRECTION('',(0.,1.,0.));
#8368 = DIRECTION('',(0.,0.,1.));
#8369 = ADVANCED_FACE('',(#8370),#8386,.T.);
#8370 = FACE_BOUND('',#8371,.T.);
#8371 = EDGE_LOOP('',(#8372,#8378,#8379,#8385));
#8372 = ORIENTED_EDGE('',*,*,#8373,.F.);
#8373 = EDGE_CURVE('',#8282,#8322,#8374,.T.);
#8374 = LINE('',#8375,#8376);
#8375 = CARTESIAN_POINT('',(1.541E+03,518.,102.));
#8376 = VECTOR('',#8377,1.);
#8377 = DIRECTION('',(1.,0.,0.));
#8378 = ORIENTED_EDGE('',*,*,#8289,.T.);
#8379 = ORIENTED_EDGE('',*,*,#8380,.T.);
#8380 = EDGE_CURVE('',#8290,#8330,#8381,.T.);
#8381 = LINE('',#8382,#8383);
#8382 = CARTESIAN_POINT('',(1.541E+03,518.,282.));
#8383 = VECTOR('',#8384,1.);
#8384 = DIRECTION('',(1.,0.,0.));
#8385 = ORIENTED_EDGE('',*,*,#8329,.F.);
#8386 = PLANE('',#8387);
#8387 = AXIS2_PLACEMENT_3D('',#8388,#8389,#8390);
#8388 = CARTESIAN_POINT('',(1.541E+03,518.,102.));
#8389 = DIRECTION('',(0.,1.,0.));
#8390 = DIRECTION('',(0.,0.,1.));
#8391 = ADVANCED_FACE('',(#8392),#8398,.F.);
#8392 = FACE_BOUND('',#8393,.F.);
#8393 = EDGE_LOOP('',(#8394,#8395,#8396,#8397));
#8394 = ORIENTED_EDGE('',*,*,#8281,.F.);
#8395 = ORIENTED_EDGE('',*,*,#8351,.T.);
#8396 = ORIENTED_EDGE('',*,*,#8321,.T.);
#8397 = ORIENTED_EDGE('',*,*,#8373,.F.);
#8398 = PLANE('',#8399);
#8399 = AXIS2_PLACEMENT_3D('',#8400,#8401,#8402);
#8400 = CARTESIAN_POINT('',(1.541E+03,18.,102.));
#8401 = DIRECTION('',(0.,0.,1.));
#8402 = DIRECTION('',(1.,0.,0.));
#8403 = ADVANCED_FACE('',(#8404),#8410,.T.);
#8404 = FACE_BOUND('',#8405,.T.);
#8405 = EDGE_LOOP('',(#8406,#8407,#8408,#8409));
#8406 = ORIENTED_EDGE('',*,*,#8297,.F.);
#8407 = ORIENTED_EDGE('',*,*,#8358,.T.);
#8408 = ORIENTED_EDGE('',*,*,#8337,.T.);
#8409 = ORIENTED_EDGE('',*,*,#8380,.F.);
#8410 = PLANE('',#8411);
#8411 = AXIS2_PLACEMENT_3D('',#8412,#8413,#8414);
#8412 = CARTESIAN_POINT('',(1.541E+03,18.,282.));
#8413 = DIRECTION('',(0.,0.,1.));
#8414 = DIRECTION('',(1.,0.,0.));
#8415 = MANIFOLD_SOLID_BREP('',#8416);
#8416 = CLOSED_SHELL('',(#8417,#8457,#8497,#8519,#8541,#8553));
#8417 = ADVANCED_FACE('',(#8418),#8452,.F.);
#8418 = FACE_BOUND('',#8419,.F.);
#8419 = EDGE_LOOP('',(#8420,#8430,#8438,#8446));
#8420 = ORIENTED_EDGE('',*,*,#8421,.F.);
#8421 = EDGE_CURVE('',#8422,#8424,#8426,.T.);
#8422 = VERTEX_POINT('',#8423);
#8423 = CARTESIAN_POINT('',(951.5,18.,102.));
#8424 = VERTEX_POINT('',#8425);
#8425 = CARTESIAN_POINT('',(951.5,18.,282.));
#8426 = LINE('',#8427,#8428);
#8427 = CARTESIAN_POINT('',(951.5,18.,102.));
#8428 = VECTOR('',#8429,1.);
#8429 = DIRECTION('',(0.,0.,1.));
#8430 = ORIENTED_EDGE('',*,*,#8431,.T.);
#8431 = EDGE_CURVE('',#8422,#8432,#8434,.T.);
#8432 = VERTEX_POINT('',#8433);
#8433 = CARTESIAN_POINT('',(951.5,36.,102.));
#8434 = LINE('',#8435,#8436);
#8435 = CARTESIAN_POINT('',(951.5,18.,102.));
#8436 = VECTOR('',#8437,1.);
#8437 = DIRECTION('',(0.,1.,0.));
#8438 = ORIENTED_EDGE('',*,*,#8439,.T.);
#8439 = EDGE_CURVE('',#8432,#8440,#8442,.T.);
#8440 = VERTEX_POINT('',#8441);
#8441 = CARTESIAN_POINT('',(951.5,36.,282.));
#8442 = LINE('',#8443,#8444);
#8443 = CARTESIAN_POINT('',(951.5,36.,102.));
#8444 = VECTOR('',#8445,1.);
#8445 = DIRECTION('',(0.,0.,1.));
#8446 = ORIENTED_EDGE('',*,*,#8447,.F.);
#8447 = EDGE_CURVE('',#8424,#8440,#8448,.T.);
#8448 = LINE('',#8449,#8450);
#8449 = CARTESIAN_POINT('',(951.5,18.,282.));
#8450 = VECTOR('',#8451,1.);
#8451 = DIRECTION('',(0.,1.,0.));
#8452 = PLANE('',#8453);
#8453 = AXIS2_PLACEMENT_3D('',#8454,#8455,#8456);
#8454 = CARTESIAN_POINT('',(951.5,18.,102.));
#8455 = DIRECTION('',(1.,0.,0.));
#8456 = DIRECTION('',(0.,0.,1.));
#8457 = ADVANCED_FACE('',(#8458),#8492,.T.);
#8458 = FACE_BOUND('',#8459,.T.);
#8459 = EDGE_LOOP('',(#8460,#8470,#8478,#8486));
#8460 = ORIENTED_EDGE('',*,*,#8461,.F.);
#8461 = EDGE_CURVE('',#8462,#8464,#8466,.T.);
#8462 = VERTEX_POINT('',#8463);
#8463 = CARTESIAN_POINT('',(1.541E+03,18.,102.));
#8464 = VERTEX_POINT('',#8465);
#8465 = CARTESIAN_POINT('',(1.541E+03,18.,282.));
#8466 = LINE('',#8467,#8468);
#8467 = CARTESIAN_POINT('',(1.541E+03,18.,102.));
#8468 = VECTOR('',#8469,1.);
#8469 = DIRECTION('',(0.,0.,1.));
#8470 = ORIENTED_EDGE('',*,*,#8471,.T.);
#8471 = EDGE_CURVE('',#8462,#8472,#8474,.T.);
#8472 = VERTEX_POINT('',#8473);
#8473 = CARTESIAN_POINT('',(1.541E+03,36.,102.));
#8474 = LINE('',#8475,#8476);
#8475 = CARTESIAN_POINT('',(1.541E+03,18.,102.));
#8476 = VECTOR('',#8477,1.);
#8477 = DIRECTION('',(0.,1.,0.));
#8478 = ORIENTED_EDGE('',*,*,#8479,.T.);
#8479 = EDGE_CURVE('',#8472,#8480,#8482,.T.);
#8480 = VERTEX_POINT('',#8481);
#8481 = CARTESIAN_POINT('',(1.541E+03,36.,282.));
#8482 = LINE('',#8483,#8484);
#8483 = CARTESIAN_POINT('',(1.541E+03,36.,102.));
#8484 = VECTOR('',#8485,1.);
#8485 = DIRECTION('',(0.,0.,1.));
#8486 = ORIENTED_EDGE('',*,*,#8487,.F.);
#8487 = EDGE_CURVE('',#8464,#8480,#8488,.T.);
#8488 = LINE('',#8489,#8490);
#8489 = CARTESIAN_POINT('',(1.541E+03,18.,282.));
#8490 = VECTOR('',#8491,1.);
#8491 = DIRECTION('',(0.,1.,0.));
#8492 = PLANE('',#8493);
#8493 = AXIS2_PLACEMENT_3D('',#8494,#8495,#8496);
#8494 = CARTESIAN_POINT('',(1.541E+03,18.,102.));
#8495 = DIRECTION('',(1.,0.,0.));
#8496 = DIRECTION('',(0.,0.,1.));
#8497 = ADVANCED_FACE('',(#8498),#8514,.F.);
#8498 = FACE_BOUND('',#8499,.F.);
#8499 = EDGE_LOOP('',(#8500,#8506,#8507,#8513));
#8500 = ORIENTED_EDGE('',*,*,#8501,.F.);
#8501 = EDGE_CURVE('',#8422,#8462,#8502,.T.);
#8502 = LINE('',#8503,#8504);
#8503 = CARTESIAN_POINT('',(951.5,18.,102.));
#8504 = VECTOR('',#8505,1.);
#8505 = DIRECTION('',(1.,0.,0.));
#8506 = ORIENTED_EDGE('',*,*,#8421,.T.);
#8507 = ORIENTED_EDGE('',*,*,#8508,.T.);
#8508 = EDGE_CURVE('',#8424,#8464,#8509,.T.);
#8509 = LINE('',#8510,#8511);
#8510 = CARTESIAN_POINT('',(951.5,18.,282.));
#8511 = VECTOR('',#8512,1.);
#8512 = DIRECTION('',(1.,0.,0.));
#8513 = ORIENTED_EDGE('',*,*,#8461,.F.);
#8514 = PLANE('',#8515);
#8515 = AXIS2_PLACEMENT_3D('',#8516,#8517,#8518);
#8516 = CARTESIAN_POINT('',(951.5,18.,102.));
#8517 = DIRECTION('',(0.,1.,0.));
#8518 = DIRECTION('',(0.,0.,1.));
#8519 = ADVANCED_FACE('',(#8520),#8536,.T.);
#8520 = FACE_BOUND('',#8521,.T.);
#8521 = EDGE_LOOP('',(#8522,#8528,#8529,#8535));
#8522 = ORIENTED_EDGE('',*,*,#8523,.F.);
#8523 = EDGE_CURVE('',#8432,#8472,#8524,.T.);
#8524 = LINE('',#8525,#8526);
#8525 = CARTESIAN_POINT('',(951.5,36.,102.));
#8526 = VECTOR('',#8527,1.);
#8527 = DIRECTION('',(1.,0.,0.));
#8528 = ORIENTED_EDGE('',*,*,#8439,.T.);
#8529 = ORIENTED_EDGE('',*,*,#8530,.T.);
#8530 = EDGE_CURVE('',#8440,#8480,#8531,.T.);
#8531 = LINE('',#8532,#8533);
#8532 = CARTESIAN_POINT('',(951.5,36.,282.));
#8533 = VECTOR('',#8534,1.);
#8534 = DIRECTION('',(1.,0.,0.));
#8535 = ORIENTED_EDGE('',*,*,#8479,.F.);
#8536 = PLANE('',#8537);
#8537 = AXIS2_PLACEMENT_3D('',#8538,#8539,#8540);
#8538 = CARTESIAN_POINT('',(951.5,36.,102.));
#8539 = DIRECTION('',(0.,1.,0.));
#8540 = DIRECTION('',(0.,0.,1.));
#8541 = ADVANCED_FACE('',(#8542),#8548,.F.);
#8542 = FACE_BOUND('',#8543,.F.);
#8543 = EDGE_LOOP('',(#8544,#8545,#8546,#8547));
#8544 = ORIENTED_EDGE('',*,*,#8431,.F.);
#8545 = ORIENTED_EDGE('',*,*,#8501,.T.);
#8546 = ORIENTED_EDGE('',*,*,#8471,.T.);
#8547 = ORIENTED_EDGE('',*,*,#8523,.F.);
#8548 = PLANE('',#8549);
#8549 = AXIS2_PLACEMENT_3D('',#8550,#8551,#8552);
#8550 = CARTESIAN_POINT('',(951.5,18.,102.));
#8551 = DIRECTION('',(0.,0.,1.));
#8552 = DIRECTION('',(1.,0.,0.));
#8553 = ADVANCED_FACE('',(#8554),#8560,.T.);
#8554 = FACE_BOUND('',#8555,.T.);
#8555 = EDGE_LOOP('',(#8556,#8557,#8558,#8559));
#8556 = ORIENTED_EDGE('',*,*,#8447,.F.);
#8557 = ORIENTED_EDGE('',*,*,#8508,.T.);
#8558 = ORIENTED_EDGE('',*,*,#8487,.T.);
#8559 = ORIENTED_EDGE('',*,*,#8530,.F.);
#8560 = PLANE('',#8561);
#8561 = AXIS2_PLACEMENT_3D('',#8562,#8563,#8564);
#8562 = CARTESIAN_POINT('',(951.5,18.,282.));
#8563 = DIRECTION('',(0.,0.,1.));
#8564 = DIRECTION('',(1.,0.,0.));
#8565 = MANIFOLD_SOLID_BREP('',#8566);
#8566 = CLOSED_SHELL('',(#8567,#8607,#8647,#8669,#8691,#8703));
#8567 = ADVANCED_FACE('',(#8568),#8602,.F.);
#8568 = FACE_BOUND('',#8569,.F.);
#8569 = EDGE_LOOP('',(#8570,#8580,#8588,#8596));
#8570 = ORIENTED_EDGE('',*,*,#8571,.F.);
#8571 = EDGE_CURVE('',#8572,#8574,#8576,.T.);
#8572 = VERTEX_POINT('',#8573);
#8573 = CARTESIAN_POINT('',(951.5,500.,102.));
#8574 = VERTEX_POINT('',#8575);
#8575 = CARTESIAN_POINT('',(951.5,500.,282.));
#8576 = LINE('',#8577,#8578);
#8577 = CARTESIAN_POINT('',(951.5,500.,102.));
#8578 = VECTOR('',#8579,1.);
#8579 = DIRECTION('',(0.,0.,1.));
#8580 = ORIENTED_EDGE('',*,*,#8581,.T.);
#8581 = EDGE_CURVE('',#8572,#8582,#8584,.T.);
#8582 = VERTEX_POINT('',#8583);
#8583 = CARTESIAN_POINT('',(951.5,518.,102.));
#8584 = LINE('',#8585,#8586);
#8585 = CARTESIAN_POINT('',(951.5,500.,102.));
#8586 = VECTOR('',#8587,1.);
#8587 = DIRECTION('',(0.,1.,0.));
#8588 = ORIENTED_EDGE('',*,*,#8589,.T.);
#8589 = EDGE_CURVE('',#8582,#8590,#8592,.T.);
#8590 = VERTEX_POINT('',#8591);
#8591 = CARTESIAN_POINT('',(951.5,518.,282.));
#8592 = LINE('',#8593,#8594);
#8593 = CARTESIAN_POINT('',(951.5,518.,102.));
#8594 = VECTOR('',#8595,1.);
#8595 = DIRECTION('',(0.,0.,1.));
#8596 = ORIENTED_EDGE('',*,*,#8597,.F.);
#8597 = EDGE_CURVE('',#8574,#8590,#8598,.T.);
#8598 = LINE('',#8599,#8600);
#8599 = CARTESIAN_POINT('',(951.5,500.,282.));
#8600 = VECTOR('',#8601,1.);
#8601 = DIRECTION('',(0.,1.,0.));
#8602 = PLANE('',#8603);
#8603 = AXIS2_PLACEMENT_3D('',#8604,#8605,#8606);
#8604 = CARTESIAN_POINT('',(951.5,500.,102.));
#8605 = DIRECTION('',(1.,0.,0.));
#8606 = DIRECTION('',(0.,0.,1.));
#8607 = ADVANCED_FACE('',(#8608),#8642,.T.);
#8608 = FACE_BOUND('',#8609,.T.);
#8609 = EDGE_LOOP('',(#8610,#8620,#8628,#8636));
#8610 = ORIENTED_EDGE('',*,*,#8611,.F.);
#8611 = EDGE_CURVE('',#8612,#8614,#8616,.T.);
#8612 = VERTEX_POINT('',#8613);
#8613 = CARTESIAN_POINT('',(1.541E+03,500.,102.));
#8614 = VERTEX_POINT('',#8615);
#8615 = CARTESIAN_POINT('',(1.541E+03,500.,282.));
#8616 = LINE('',#8617,#8618);
#8617 = CARTESIAN_POINT('',(1.541E+03,500.,102.));
#8618 = VECTOR('',#8619,1.);
#8619 = DIRECTION('',(0.,0.,1.));
#8620 = ORIENTED_EDGE('',*,*,#8621,.T.);
#8621 = EDGE_CURVE('',#8612,#8622,#8624,.T.);
#8622 = VERTEX_POINT('',#8623);
#8623 = CARTESIAN_POINT('',(1.541E+03,518.,102.));
#8624 = LINE('',#8625,#8626);
#8625 = CARTESIAN_POINT('',(1.541E+03,500.,102.));
#8626 = VECTOR('',#8627,1.);
#8627 = DIRECTION('',(0.,1.,0.));
#8628 = ORIENTED_EDGE('',*,*,#8629,.T.);
#8629 = EDGE_CURVE('',#8622,#8630,#8632,.T.);
#8630 = VERTEX_POINT('',#8631);
#8631 = CARTESIAN_POINT('',(1.541E+03,518.,282.));
#8632 = LINE('',#8633,#8634);
#8633 = CARTESIAN_POINT('',(1.541E+03,518.,102.));
#8634 = VECTOR('',#8635,1.);
#8635 = DIRECTION('',(0.,0.,1.));
#8636 = ORIENTED_EDGE('',*,*,#8637,.F.);
#8637 = EDGE_CURVE('',#8614,#8630,#8638,.T.);
#8638 = LINE('',#8639,#8640);
#8639 = CARTESIAN_POINT('',(1.541E+03,500.,282.));
#8640 = VECTOR('',#8641,1.);
#8641 = DIRECTION('',(0.,1.,0.));
#8642 = PLANE('',#8643);
#8643 = AXIS2_PLACEMENT_3D('',#8644,#8645,#8646);
#8644 = CARTESIAN_POINT('',(1.541E+03,500.,102.));
#8645 = DIRECTION('',(1.,0.,0.));
#8646 = DIRECTION('',(0.,0.,1.));
#8647 = ADVANCED_FACE('',(#8648),#8664,.F.);
#8648 = FACE_BOUND('',#8649,.F.);
#8649 = EDGE_LOOP('',(#8650,#8656,#8657,#8663));
#8650 = ORIENTED_EDGE('',*,*,#8651,.F.);
#8651 = EDGE_CURVE('',#8572,#8612,#8652,.T.);
#8652 = LINE('',#8653,#8654);
#8653 = CARTESIAN_POINT('',(951.5,500.,102.));
#8654 = VECTOR('',#8655,1.);
#8655 = DIRECTION('',(1.,0.,0.));
#8656 = ORIENTED_EDGE('',*,*,#8571,.T.);
#8657 = ORIENTED_EDGE('',*,*,#8658,.T.);
#8658 = EDGE_CURVE('',#8574,#8614,#8659,.T.);
#8659 = LINE('',#8660,#8661);
#8660 = CARTESIAN_POINT('',(951.5,500.,282.));
#8661 = VECTOR('',#8662,1.);
#8662 = DIRECTION('',(1.,0.,0.));
#8663 = ORIENTED_EDGE('',*,*,#8611,.F.);
#8664 = PLANE('',#8665);
#8665 = AXIS2_PLACEMENT_3D('',#8666,#8667,#8668);
#8666 = CARTESIAN_POINT('',(951.5,500.,102.));
#8667 = DIRECTION('',(0.,1.,0.));
#8668 = DIRECTION('',(0.,0.,1.));
#8669 = ADVANCED_FACE('',(#8670),#8686,.T.);
#8670 = FACE_BOUND('',#8671,.T.);
#8671 = EDGE_LOOP('',(#8672,#8678,#8679,#8685));
#8672 = ORIENTED_EDGE('',*,*,#8673,.F.);
#8673 = EDGE_CURVE('',#8582,#8622,#8674,.T.);
#8674 = LINE('',#8675,#8676);
#8675 = CARTESIAN_POINT('',(951.5,518.,102.));
#8676 = VECTOR('',#8677,1.);
#8677 = DIRECTION('',(1.,0.,0.));
#8678 = ORIENTED_EDGE('',*,*,#8589,.T.);
#8679 = ORIENTED_EDGE('',*,*,#8680,.T.);
#8680 = EDGE_CURVE('',#8590,#8630,#8681,.T.);
#8681 = LINE('',#8682,#8683);
#8682 = CARTESIAN_POINT('',(951.5,518.,282.));
#8683 = VECTOR('',#8684,1.);
#8684 = DIRECTION('',(1.,0.,0.));
#8685 = ORIENTED_EDGE('',*,*,#8629,.F.);
#8686 = PLANE('',#8687);
#8687 = AXIS2_PLACEMENT_3D('',#8688,#8689,#8690);
#8688 = CARTESIAN_POINT('',(951.5,518.,102.));
#8689 = DIRECTION('',(0.,1.,0.));
#8690 = DIRECTION('',(0.,0.,1.));
#8691 = ADVANCED_FACE('',(#8692),#8698,.F.);
#8692 = FACE_BOUND('',#8693,.F.);
#8693 = EDGE_LOOP('',(#8694,#8695,#8696,#8697));
#8694 = ORIENTED_EDGE('',*,*,#8581,.F.);
#8695 = ORIENTED_EDGE('',*,*,#8651,.T.);
#8696 = ORIENTED_EDGE('',*,*,#8621,.T.);
#8697 = ORIENTED_EDGE('',*,*,#8673,.F.);
#8698 = PLANE('',#8699);
#8699 = AXIS2_PLACEMENT_3D('',#8700,#8701,#8702);
#8700 = CARTESIAN_POINT('',(951.5,500.,102.));
#8701 = DIRECTION('',(0.,0.,1.));
#8702 = DIRECTION('',(1.,0.,0.));
#8703 = ADVANCED_FACE('',(#8704),#8710,.T.);
#8704 = FACE_BOUND('',#8705,.T.);
#8705 = EDGE_LOOP('',(#8706,#8707,#8708,#8709));
#8706 = ORIENTED_EDGE('',*,*,#8597,.F.);
#8707 = ORIENTED_EDGE('',*,*,#8658,.T.);
#8708 = ORIENTED_EDGE('',*,*,#8637,.T.);
#8709 = ORIENTED_EDGE('',*,*,#8680,.F.);
#8710 = PLANE('',#8711);
#8711 = AXIS2_PLACEMENT_3D('',#8712,#8713,#8714);
#8712 = CARTESIAN_POINT('',(951.5,500.,282.));
#8713 = DIRECTION('',(0.,0.,1.));
#8714 = DIRECTION('',(1.,0.,0.));
#8715 = MANIFOLD_SOLID_BREP('',#8716);
#8716 = CLOSED_SHELL('',(#8717,#8757,#8797,#8819,#8841,#8853));
#8717 = ADVANCED_FACE('',(#8718),#8752,.F.);
#8718 = FACE_BOUND('',#8719,.F.);
#8719 = EDGE_LOOP('',(#8720,#8730,#8738,#8746));
#8720 = ORIENTED_EDGE('',*,*,#8721,.F.);
#8721 = EDGE_CURVE('',#8722,#8724,#8726,.T.);
#8722 = VERTEX_POINT('',#8723);
#8723 = CARTESIAN_POINT('',(951.5,36.,102.));
#8724 = VERTEX_POINT('',#8725);
#8725 = CARTESIAN_POINT('',(951.5,36.,108.));
#8726 = LINE('',#8727,#8728);
#8727 = CARTESIAN_POINT('',(951.5,36.,102.));
#8728 = VECTOR('',#8729,1.);
#8729 = DIRECTION('',(0.,0.,1.));
#8730 = ORIENTED_EDGE('',*,*,#8731,.T.);
#8731 = EDGE_CURVE('',#8722,#8732,#8734,.T.);
#8732 = VERTEX_POINT('',#8733);
#8733 = CARTESIAN_POINT('',(951.5,500.,102.));
#8734 = LINE('',#8735,#8736);
#8735 = CARTESIAN_POINT('',(951.5,36.,102.));
#8736 = VECTOR('',#8737,1.);
#8737 = DIRECTION('',(0.,1.,0.));
#8738 = ORIENTED_EDGE('',*,*,#8739,.T.);
#8739 = EDGE_CURVE('',#8732,#8740,#8742,.T.);
#8740 = VERTEX_POINT('',#8741);
#8741 = CARTESIAN_POINT('',(951.5,500.,108.));
#8742 = LINE('',#8743,#8744);
#8743 = CARTESIAN_POINT('',(951.5,500.,102.));
#8744 = VECTOR('',#8745,1.);
#8745 = DIRECTION('',(0.,0.,1.));
#8746 = ORIENTED_EDGE('',*,*,#8747,.F.);
#8747 = EDGE_CURVE('',#8724,#8740,#8748,.T.);
#8748 = LINE('',#8749,#8750);
#8749 = CARTESIAN_POINT('',(951.5,36.,108.));
#8750 = VECTOR('',#8751,1.);
#8751 = DIRECTION('',(0.,1.,0.));
#8752 = PLANE('',#8753);
#8753 = AXIS2_PLACEMENT_3D('',#8754,#8755,#8756);
#8754 = CARTESIAN_POINT('',(951.5,36.,102.));
#8755 = DIRECTION('',(1.,0.,0.));
#8756 = DIRECTION('',(0.,0.,1.));
#8757 = ADVANCED_FACE('',(#8758),#8792,.T.);
#8758 = FACE_BOUND('',#8759,.T.);
#8759 = EDGE_LOOP('',(#8760,#8770,#8778,#8786));
#8760 = ORIENTED_EDGE('',*,*,#8761,.F.);
#8761 = EDGE_CURVE('',#8762,#8764,#8766,.T.);
#8762 = VERTEX_POINT('',#8763);
#8763 = CARTESIAN_POINT('',(1.541E+03,36.,102.));
#8764 = VERTEX_POINT('',#8765);
#8765 = CARTESIAN_POINT('',(1.541E+03,36.,108.));
#8766 = LINE('',#8767,#8768);
#8767 = CARTESIAN_POINT('',(1.541E+03,36.,102.));
#8768 = VECTOR('',#8769,1.);
#8769 = DIRECTION('',(0.,0.,1.));
#8770 = ORIENTED_EDGE('',*,*,#8771,.T.);
#8771 = EDGE_CURVE('',#8762,#8772,#8774,.T.);
#8772 = VERTEX_POINT('',#8773);
#8773 = CARTESIAN_POINT('',(1.541E+03,500.,102.));
#8774 = LINE('',#8775,#8776);
#8775 = CARTESIAN_POINT('',(1.541E+03,36.,102.));
#8776 = VECTOR('',#8777,1.);
#8777 = DIRECTION('',(0.,1.,0.));
#8778 = ORIENTED_EDGE('',*,*,#8779,.T.);
#8779 = EDGE_CURVE('',#8772,#8780,#8782,.T.);
#8780 = VERTEX_POINT('',#8781);
#8781 = CARTESIAN_POINT('',(1.541E+03,500.,108.));
#8782 = LINE('',#8783,#8784);
#8783 = CARTESIAN_POINT('',(1.541E+03,500.,102.));
#8784 = VECTOR('',#8785,1.);
#8785 = DIRECTION('',(0.,0.,1.));
#8786 = ORIENTED_EDGE('',*,*,#8787,.F.);
#8787 = EDGE_CURVE('',#8764,#8780,#8788,.T.);
#8788 = LINE('',#8789,#8790);
#8789 = CARTESIAN_POINT('',(1.541E+03,36.,108.));
#8790 = VECTOR('',#8791,1.);
#8791 = DIRECTION('',(0.,1.,0.));
#8792 = PLANE('',#8793);
#8793 = AXIS2_PLACEMENT_3D('',#8794,#8795,#8796);
#8794 = CARTESIAN_POINT('',(1.541E+03,36.,102.));
#8795 = DIRECTION('',(1.,0.,0.));
#8796 = DIRECTION('',(0.,0.,1.));
#8797 = ADVANCED_FACE('',(#8798),#8814,.F.);
#8798 = FACE_BOUND('',#8799,.F.);
#8799 = EDGE_LOOP('',(#8800,#8806,#8807,#8813));
#8800 = ORIENTED_EDGE('',*,*,#8801,.F.);
#8801 = EDGE_CURVE('',#8722,#8762,#8802,.T.);
#8802 = LINE('',#8803,#8804);
#8803 = CARTESIAN_POINT('',(951.5,36.,102.));
#8804 = VECTOR('',#8805,1.);
#8805 = DIRECTION('',(1.,0.,0.));
#8806 = ORIENTED_EDGE('',*,*,#8721,.T.);
#8807 = ORIENTED_EDGE('',*,*,#8808,.T.);
#8808 = EDGE_CURVE('',#8724,#8764,#8809,.T.);
#8809 = LINE('',#8810,#8811);
#8810 = CARTESIAN_POINT('',(951.5,36.,108.));
#8811 = VECTOR('',#8812,1.);
#8812 = DIRECTION('',(1.,0.,0.));
#8813 = ORIENTED_EDGE('',*,*,#8761,.F.);
#8814 = PLANE('',#8815);
#8815 = AXIS2_PLACEMENT_3D('',#8816,#8817,#8818);
#8816 = CARTESIAN_POINT('',(951.5,36.,102.));
#8817 = DIRECTION('',(0.,1.,0.));
#8818 = DIRECTION('',(0.,0.,1.));
#8819 = ADVANCED_FACE('',(#8820),#8836,.T.);
#8820 = FACE_BOUND('',#8821,.T.);
#8821 = EDGE_LOOP('',(#8822,#8828,#8829,#8835));
#8822 = ORIENTED_EDGE('',*,*,#8823,.F.);
#8823 = EDGE_CURVE('',#8732,#8772,#8824,.T.);
#8824 = LINE('',#8825,#8826);
#8825 = CARTESIAN_POINT('',(951.5,500.,102.));
#8826 = VECTOR('',#8827,1.);
#8827 = DIRECTION('',(1.,0.,0.));
#8828 = ORIENTED_EDGE('',*,*,#8739,.T.);
#8829 = ORIENTED_EDGE('',*,*,#8830,.T.);
#8830 = EDGE_CURVE('',#8740,#8780,#8831,.T.);
#8831 = LINE('',#8832,#8833);
#8832 = CARTESIAN_POINT('',(951.5,500.,108.));
#8833 = VECTOR('',#8834,1.);
#8834 = DIRECTION('',(1.,0.,0.));
#8835 = ORIENTED_EDGE('',*,*,#8779,.F.);
#8836 = PLANE('',#8837);
#8837 = AXIS2_PLACEMENT_3D('',#8838,#8839,#8840);
#8838 = CARTESIAN_POINT('',(951.5,500.,102.));
#8839 = DIRECTION('',(0.,1.,0.));
#8840 = DIRECTION('',(0.,0.,1.));
#8841 = ADVANCED_FACE('',(#8842),#8848,.F.);
#8842 = FACE_BOUND('',#8843,.F.);
#8843 = EDGE_LOOP('',(#8844,#8845,#8846,#8847));
#8844 = ORIENTED_EDGE('',*,*,#8731,.F.);
#8845 = ORIENTED_EDGE('',*,*,#8801,.T.);
#8846 = ORIENTED_EDGE('',*,*,#8771,.T.);
#8847 = ORIENTED_EDGE('',*,*,#8823,.F.);
#8848 = PLANE('',#8849);
#8849 = AXIS2_PLACEMENT_3D('',#8850,#8851,#8852);
#8850 = CARTESIAN_POINT('',(951.5,36.,102.));
#8851 = DIRECTION('',(0.,0.,1.));
#8852 = DIRECTION('',(1.,0.,0.));
#8853 = ADVANCED_FACE('',(#8854),#8860,.T.);
#8854 = FACE_BOUND('',#8855,.T.);
#8855 = EDGE_LOOP('',(#8856,#8857,#8858,#8859));
#8856 = ORIENTED_EDGE('',*,*,#8747,.F.);
#8857 = ORIENTED_EDGE('',*,*,#8808,.T.);
#8858 = ORIENTED_EDGE('',*,*,#8787,.T.);
#8859 = ORIENTED_EDGE('',*,*,#8830,.F.);
#8860 = PLANE('',#8861);
#8861 = AXIS2_PLACEMENT_3D('',#8862,#8863,#8864);
#8862 = CARTESIAN_POINT('',(951.5,36.,108.));
#8863 = DIRECTION('',(0.,0.,1.));
#8864 = DIRECTION('',(1.,0.,0.));
#8865 = MANIFOLD_SOLID_BREP('',#8866);
#8866 = CLOSED_SHELL('',(#8867,#8907,#8947,#8969,#8991,#9003));
#8867 = ADVANCED_FACE('',(#8868),#8902,.F.);
#8868 = FACE_BOUND('',#8869,.F.);
#8869 = EDGE_LOOP('',(#8870,#8880,#8888,#8896));
#8870 = ORIENTED_EDGE('',*,*,#8871,.F.);
#8871 = EDGE_CURVE('',#8872,#8874,#8876,.T.);
#8872 = VERTEX_POINT('',#8873);
#8873 = CARTESIAN_POINT('',(1.602E+03,18.,102.));
#8874 = VERTEX_POINT('',#8875);
#8875 = CARTESIAN_POINT('',(1.602E+03,18.,282.));
#8876 = LINE('',#8877,#8878);
#8877 = CARTESIAN_POINT('',(1.602E+03,18.,102.));
#8878 = VECTOR('',#8879,1.);
#8879 = DIRECTION('',(0.,0.,1.));
#8880 = ORIENTED_EDGE('',*,*,#8881,.T.);
#8881 = EDGE_CURVE('',#8872,#8882,#8884,.T.);
#8882 = VERTEX_POINT('',#8883);
#8883 = CARTESIAN_POINT('',(1.602E+03,518.,102.));
#8884 = LINE('',#8885,#8886);
#8885 = CARTESIAN_POINT('',(1.602E+03,18.,102.));
#8886 = VECTOR('',#8887,1.);
#8887 = DIRECTION('',(0.,1.,0.));
#8888 = ORIENTED_EDGE('',*,*,#8889,.T.);
#8889 = EDGE_CURVE('',#8882,#8890,#8892,.T.);
#8890 = VERTEX_POINT('',#8891);
#8891 = CARTESIAN_POINT('',(1.602E+03,518.,282.));
#8892 = LINE('',#8893,#8894);
#8893 = CARTESIAN_POINT('',(1.602E+03,518.,102.));
#8894 = VECTOR('',#8895,1.);
#8895 = DIRECTION('',(0.,0.,1.));
#8896 = ORIENTED_EDGE('',*,*,#8897,.F.);
#8897 = EDGE_CURVE('',#8874,#8890,#8898,.T.);
#8898 = LINE('',#8899,#8900);
#8899 = CARTESIAN_POINT('',(1.602E+03,18.,282.));
#8900 = VECTOR('',#8901,1.);
#8901 = DIRECTION('',(0.,1.,0.));
#8902 = PLANE('',#8903);
#8903 = AXIS2_PLACEMENT_3D('',#8904,#8905,#8906);
#8904 = CARTESIAN_POINT('',(1.602E+03,18.,102.));
#8905 = DIRECTION('',(1.,0.,0.));
#8906 = DIRECTION('',(0.,0.,1.));
#8907 = ADVANCED_FACE('',(#8908),#8942,.T.);
#8908 = FACE_BOUND('',#8909,.T.);
#8909 = EDGE_LOOP('',(#8910,#8920,#8928,#8936));
#8910 = ORIENTED_EDGE('',*,*,#8911,.F.);
#8911 = EDGE_CURVE('',#8912,#8914,#8916,.T.);
#8912 = VERTEX_POINT('',#8913);
#8913 = CARTESIAN_POINT('',(1.62E+03,18.,102.));
#8914 = VERTEX_POINT('',#8915);
#8915 = CARTESIAN_POINT('',(1.62E+03,18.,282.));
#8916 = LINE('',#8917,#8918);
#8917 = CARTESIAN_POINT('',(1.62E+03,18.,102.));
#8918 = VECTOR('',#8919,1.);
#8919 = DIRECTION('',(0.,0.,1.));
#8920 = ORIENTED_EDGE('',*,*,#8921,.T.);
#8921 = EDGE_CURVE('',#8912,#8922,#8924,.T.);
#8922 = VERTEX_POINT('',#8923);
#8923 = CARTESIAN_POINT('',(1.62E+03,518.,102.));
#8924 = LINE('',#8925,#8926);
#8925 = CARTESIAN_POINT('',(1.62E+03,18.,102.));
#8926 = VECTOR('',#8927,1.);
#8927 = DIRECTION('',(0.,1.,0.));
#8928 = ORIENTED_EDGE('',*,*,#8929,.T.);
#8929 = EDGE_CURVE('',#8922,#8930,#8932,.T.);
#8930 = VERTEX_POINT('',#8931);
#8931 = CARTESIAN_POINT('',(1.62E+03,518.,282.));
#8932 = LINE('',#8933,#8934);
#8933 = CARTESIAN_POINT('',(1.62E+03,518.,102.));
#8934 = VECTOR('',#8935,1.);
#8935 = DIRECTION('',(0.,0.,1.));
#8936 = ORIENTED_EDGE('',*,*,#8937,.F.);
#8937 = EDGE_CURVE('',#8914,#8930,#8938,.T.);
#8938 = LINE('',#8939,#8940);
#8939 = CARTESIAN_POINT('',(1.62E+03,18.,282.));
#8940 = VECTOR('',#8941,1.);
#8941 = DIRECTION('',(0.,1.,0.));
#8942 = PLANE('',#8943);
#8943 = AXIS2_PLACEMENT_3D('',#8944,#8945,#8946);
#8944 = CARTESIAN_POINT('',(1.62E+03,18.,102.));
#8945 = DIRECTION('',(1.,0.,0.));
#8946 = DIRECTION('',(0.,0.,1.));
#8947 = ADVANCED_FACE('',(#8948),#8964,.F.);
#8948 = FACE_BOUND('',#8949,.F.);
#8949 = EDGE_LOOP('',(#8950,#8956,#8957,#8963));
#8950 = ORIENTED_EDGE('',*,*,#8951,.F.);
#8951 = EDGE_CURVE('',#8872,#8912,#8952,.T.);
#8952 = LINE('',#8953,#8954);
#8953 = CARTESIAN_POINT('',(1.602E+03,18.,102.));
#8954 = VECTOR('',#8955,1.);
#8955 = DIRECTION('',(1.,0.,0.));
#8956 = ORIENTED_EDGE('',*,*,#8871,.T.);
#8957 = ORIENTED_EDGE('',*,*,#8958,.T.);
#8958 = EDGE_CURVE('',#8874,#8914,#8959,.T.);
#8959 = LINE('',#8960,#8961);
#8960 = CARTESIAN_POINT('',(1.602E+03,18.,282.));
#8961 = VECTOR('',#8962,1.);
#8962 = DIRECTION('',(1.,0.,0.));
#8963 = ORIENTED_EDGE('',*,*,#8911,.F.);
#8964 = PLANE('',#8965);
#8965 = AXIS2_PLACEMENT_3D('',#8966,#8967,#8968);
#8966 = CARTESIAN_POINT('',(1.602E+03,18.,102.));
#8967 = DIRECTION('',(0.,1.,0.));
#8968 = DIRECTION('',(0.,0.,1.));
#8969 = ADVANCED_FACE('',(#8970),#8986,.T.);
#8970 = FACE_BOUND('',#8971,.T.);
#8971 = EDGE_LOOP('',(#8972,#8978,#8979,#8985));
#8972 = ORIENTED_EDGE('',*,*,#8973,.F.);
#8973 = EDGE_CURVE('',#8882,#8922,#8974,.T.);
#8974 = LINE('',#8975,#8976);
#8975 = CARTESIAN_POINT('',(1.602E+03,518.,102.));
#8976 = VECTOR('',#8977,1.);
#8977 = DIRECTION('',(1.,0.,0.));
#8978 = ORIENTED_EDGE('',*,*,#8889,.T.);
#8979 = ORIENTED_EDGE('',*,*,#8980,.T.);
#8980 = EDGE_CURVE('',#8890,#8930,#8981,.T.);
#8981 = LINE('',#8982,#8983);
#8982 = CARTESIAN_POINT('',(1.602E+03,518.,282.));
#8983 = VECTOR('',#8984,1.);
#8984 = DIRECTION('',(1.,0.,0.));
#8985 = ORIENTED_EDGE('',*,*,#8929,.F.);
#8986 = PLANE('',#8987);
#8987 = AXIS2_PLACEMENT_3D('',#8988,#8989,#8990);
#8988 = CARTESIAN_POINT('',(1.602E+03,518.,102.));
#8989 = DIRECTION('',(0.,1.,0.));
#8990 = DIRECTION('',(0.,0.,1.));
#8991 = ADVANCED_FACE('',(#8992),#8998,.F.);
#8992 = FACE_BOUND('',#8993,.F.);
#8993 = EDGE_LOOP('',(#8994,#8995,#8996,#8997));
#8994 = ORIENTED_EDGE('',*,*,#8881,.F.);
#8995 = ORIENTED_EDGE('',*,*,#8951,.T.);
#8996 = ORIENTED_EDGE('',*,*,#8921,.T.);
#8997 = ORIENTED_EDGE('',*,*,#8973,.F.);
#8998 = PLANE('',#8999);
#8999 = AXIS2_PLACEMENT_3D('',#9000,#9001,#9002);
#9000 = CARTESIAN_POINT('',(1.602E+03,18.,102.));
#9001 = DIRECTION('',(0.,0.,1.));
#9002 = DIRECTION('',(1.,0.,0.));
#9003 = ADVANCED_FACE('',(#9004),#9010,.T.);
#9004 = FACE_BOUND('',#9005,.T.);
#9005 = EDGE_LOOP('',(#9006,#9007,#9008,#9009));
#9006 = ORIENTED_EDGE('',*,*,#8897,.F.);
#9007 = ORIENTED_EDGE('',*,*,#8958,.T.);
#9008 = ORIENTED_EDGE('',*,*,#8937,.T.);
#9009 = ORIENTED_EDGE('',*,*,#8980,.F.);
#9010 = PLANE('',#9011);
#9011 = AXIS2_PLACEMENT_3D('',#9012,#9013,#9014);
#9012 = CARTESIAN_POINT('',(1.602E+03,18.,282.));
#9013 = DIRECTION('',(0.,0.,1.));
#9014 = DIRECTION('',(1.,0.,0.));
#9015 = MANIFOLD_SOLID_BREP('',#9016);
#9016 = CLOSED_SHELL('',(#9017,#9057,#9097,#9119,#9141,#9153));
#9017 = ADVANCED_FACE('',(#9018),#9052,.F.);
#9018 = FACE_BOUND('',#9019,.F.);
#9019 = EDGE_LOOP('',(#9020,#9030,#9038,#9046));
#9020 = ORIENTED_EDGE('',*,*,#9021,.F.);
#9021 = EDGE_CURVE('',#9022,#9024,#9026,.T.);
#9022 = VERTEX_POINT('',#9023);
#9023 = CARTESIAN_POINT('',(2.2095E+03,18.,102.));
#9024 = VERTEX_POINT('',#9025);
#9025 = CARTESIAN_POINT('',(2.2095E+03,18.,282.));
#9026 = LINE('',#9027,#9028);
#9027 = CARTESIAN_POINT('',(2.2095E+03,18.,102.));
#9028 = VECTOR('',#9029,1.);
#9029 = DIRECTION('',(0.,0.,1.));
#9030 = ORIENTED_EDGE('',*,*,#9031,.T.);
#9031 = EDGE_CURVE('',#9022,#9032,#9034,.T.);
#9032 = VERTEX_POINT('',#9033);
#9033 = CARTESIAN_POINT('',(2.2095E+03,518.,102.));
#9034 = LINE('',#9035,#9036);
#9035 = CARTESIAN_POINT('',(2.2095E+03,18.,102.));
#9036 = VECTOR('',#9037,1.);
#9037 = DIRECTION('',(0.,1.,0.));
#9038 = ORIENTED_EDGE('',*,*,#9039,.T.);
#9039 = EDGE_CURVE('',#9032,#9040,#9042,.T.);
#9040 = VERTEX_POINT('',#9041);
#9041 = CARTESIAN_POINT('',(2.2095E+03,518.,282.));
#9042 = LINE('',#9043,#9044);
#9043 = CARTESIAN_POINT('',(2.2095E+03,518.,102.));
#9044 = VECTOR('',#9045,1.);
#9045 = DIRECTION('',(0.,0.,1.));
#9046 = ORIENTED_EDGE('',*,*,#9047,.F.);
#9047 = EDGE_CURVE('',#9024,#9040,#9048,.T.);
#9048 = LINE('',#9049,#9050);
#9049 = CARTESIAN_POINT('',(2.2095E+03,18.,282.));
#9050 = VECTOR('',#9051,1.);
#9051 = DIRECTION('',(0.,1.,0.));
#9052 = PLANE('',#9053);
#9053 = AXIS2_PLACEMENT_3D('',#9054,#9055,#9056);
#9054 = CARTESIAN_POINT('',(2.2095E+03,18.,102.));
#9055 = DIRECTION('',(1.,0.,0.));
#9056 = DIRECTION('',(0.,0.,1.));
#9057 = ADVANCED_FACE('',(#9058),#9092,.T.);
#9058 = FACE_BOUND('',#9059,.T.);
#9059 = EDGE_LOOP('',(#9060,#9070,#9078,#9086));
#9060 = ORIENTED_EDGE('',*,*,#9061,.F.);
#9061 = EDGE_CURVE('',#9062,#9064,#9066,.T.);
#9062 = VERTEX_POINT('',#9063);
#9063 = CARTESIAN_POINT('',(2.2275E+03,18.,102.));
#9064 = VERTEX_POINT('',#9065);
#9065 = CARTESIAN_POINT('',(2.2275E+03,18.,282.));
#9066 = LINE('',#9067,#9068);
#9067 = CARTESIAN_POINT('',(2.2275E+03,18.,102.));
#9068 = VECTOR('',#9069,1.);
#9069 = DIRECTION('',(0.,0.,1.));
#9070 = ORIENTED_EDGE('',*,*,#9071,.T.);
#9071 = EDGE_CURVE('',#9062,#9072,#9074,.T.);
#9072 = VERTEX_POINT('',#9073);
#9073 = CARTESIAN_POINT('',(2.2275E+03,518.,102.));
#9074 = LINE('',#9075,#9076);
#9075 = CARTESIAN_POINT('',(2.2275E+03,18.,102.));
#9076 = VECTOR('',#9077,1.);
#9077 = DIRECTION('',(0.,1.,0.));
#9078 = ORIENTED_EDGE('',*,*,#9079,.T.);
#9079 = EDGE_CURVE('',#9072,#9080,#9082,.T.);
#9080 = VERTEX_POINT('',#9081);
#9081 = CARTESIAN_POINT('',(2.2275E+03,518.,282.));
#9082 = LINE('',#9083,#9084);
#9083 = CARTESIAN_POINT('',(2.2275E+03,518.,102.));
#9084 = VECTOR('',#9085,1.);
#9085 = DIRECTION('',(0.,0.,1.));
#9086 = ORIENTED_EDGE('',*,*,#9087,.F.);
#9087 = EDGE_CURVE('',#9064,#9080,#9088,.T.);
#9088 = LINE('',#9089,#9090);
#9089 = CARTESIAN_POINT('',(2.2275E+03,18.,282.));
#9090 = VECTOR('',#9091,1.);
#9091 = DIRECTION('',(0.,1.,0.));
#9092 = PLANE('',#9093);
#9093 = AXIS2_PLACEMENT_3D('',#9094,#9095,#9096);
#9094 = CARTESIAN_POINT('',(2.2275E+03,18.,102.));
#9095 = DIRECTION('',(1.,0.,0.));
#9096 = DIRECTION('',(0.,0.,1.));
#9097 = ADVANCED_FACE('',(#9098),#9114,.F.);
#9098 = FACE_BOUND('',#9099,.F.);
#9099 = EDGE_LOOP('',(#9100,#9106,#9107,#9113));
#9100 = ORIENTED_EDGE('',*,*,#9101,.F.);
#9101 = EDGE_CURVE('',#9022,#9062,#9102,.T.);
#9102 = LINE('',#9103,#9104);
#9103 = CARTESIAN_POINT('',(2.2095E+03,18.,102.));
#9104 = VECTOR('',#9105,1.);
#9105 = DIRECTION('',(1.,0.,0.));
#9106 = ORIENTED_EDGE('',*,*,#9021,.T.);
#9107 = ORIENTED_EDGE('',*,*,#9108,.T.);
#9108 = EDGE_CURVE('',#9024,#9064,#9109,.T.);
#9109 = LINE('',#9110,#9111);
#9110 = CARTESIAN_POINT('',(2.2095E+03,18.,282.));
#9111 = VECTOR('',#9112,1.);
#9112 = DIRECTION('',(1.,0.,0.));
#9113 = ORIENTED_EDGE('',*,*,#9061,.F.);
#9114 = PLANE('',#9115);
#9115 = AXIS2_PLACEMENT_3D('',#9116,#9117,#9118);
#9116 = CARTESIAN_POINT('',(2.2095E+03,18.,102.));
#9117 = DIRECTION('',(0.,1.,0.));
#9118 = DIRECTION('',(0.,0.,1.));
#9119 = ADVANCED_FACE('',(#9120),#9136,.T.);
#9120 = FACE_BOUND('',#9121,.T.);
#9121 = EDGE_LOOP('',(#9122,#9128,#9129,#9135));
#9122 = ORIENTED_EDGE('',*,*,#9123,.F.);
#9123 = EDGE_CURVE('',#9032,#9072,#9124,.T.);
#9124 = LINE('',#9125,#9126);
#9125 = CARTESIAN_POINT('',(2.2095E+03,518.,102.));
#9126 = VECTOR('',#9127,1.);
#9127 = DIRECTION('',(1.,0.,0.));
#9128 = ORIENTED_EDGE('',*,*,#9039,.T.);
#9129 = ORIENTED_EDGE('',*,*,#9130,.T.);
#9130 = EDGE_CURVE('',#9040,#9080,#9131,.T.);
#9131 = LINE('',#9132,#9133);
#9132 = CARTESIAN_POINT('',(2.2095E+03,518.,282.));
#9133 = VECTOR('',#9134,1.);
#9134 = DIRECTION('',(1.,0.,0.));
#9135 = ORIENTED_EDGE('',*,*,#9079,.F.);
#9136 = PLANE('',#9137);
#9137 = AXIS2_PLACEMENT_3D('',#9138,#9139,#9140);
#9138 = CARTESIAN_POINT('',(2.2095E+03,518.,102.));
#9139 = DIRECTION('',(0.,1.,0.));
#9140 = DIRECTION('',(0.,0.,1.));
#9141 = ADVANCED_FACE('',(#9142),#9148,.F.);
#9142 = FACE_BOUND('',#9143,.F.);
#9143 = EDGE_LOOP('',(#9144,#9145,#9146,#9147));
#9144 = ORIENTED_EDGE('',*,*,#9031,.F.);
#9145 = ORIENTED_EDGE('',*,*,#9101,.T.);
#9146 = ORIENTED_EDGE('',*,*,#9071,.T.);
#9147 = ORIENTED_EDGE('',*,*,#9123,.F.);
#9148 = PLANE('',#9149);
#9149 = AXIS2_PLACEMENT_3D('',#9150,#9151,#9152);
#9150 = CARTESIAN_POINT('',(2.2095E+03,18.,102.));
#9151 = DIRECTION('',(0.,0.,1.));
#9152 = DIRECTION('',(1.,0.,0.));
#9153 = ADVANCED_FACE('',(#9154),#9160,.T.);
#9154 = FACE_BOUND('',#9155,.T.);
#9155 = EDGE_LOOP('',(#9156,#9157,#9158,#9159));
#9156 = ORIENTED_EDGE('',*,*,#9047,.F.);
#9157 = ORIENTED_EDGE('',*,*,#9108,.T.);
#9158 = ORIENTED_EDGE('',*,*,#9087,.T.);
#9159 = ORIENTED_EDGE('',*,*,#9130,.F.);
#9160 = PLANE('',#9161);
#9161 = AXIS2_PLACEMENT_3D('',#9162,#9163,#9164);
#9162 = CARTESIAN_POINT('',(2.2095E+03,18.,282.));
#9163 = DIRECTION('',(0.,0.,1.));
#9164 = DIRECTION('',(1.,0.,0.));
#9165 = MANIFOLD_SOLID_BREP('',#9166);
#9166 = CLOSED_SHELL('',(#9167,#9207,#9247,#9269,#9291,#9303));
#9167 = ADVANCED_FACE('',(#9168),#9202,.F.);
#9168 = FACE_BOUND('',#9169,.F.);
#9169 = EDGE_LOOP('',(#9170,#9180,#9188,#9196));
#9170 = ORIENTED_EDGE('',*,*,#9171,.F.);
#9171 = EDGE_CURVE('',#9172,#9174,#9176,.T.);
#9172 = VERTEX_POINT('',#9173);
#9173 = CARTESIAN_POINT('',(1.62E+03,18.,102.));
#9174 = VERTEX_POINT('',#9175);
#9175 = CARTESIAN_POINT('',(1.62E+03,18.,282.));
#9176 = LINE('',#9177,#9178);
#9177 = CARTESIAN_POINT('',(1.62E+03,18.,102.));
#9178 = VECTOR('',#9179,1.);
#9179 = DIRECTION('',(0.,0.,1.));
#9180 = ORIENTED_EDGE('',*,*,#9181,.T.);
#9181 = EDGE_CURVE('',#9172,#9182,#9184,.T.);
#9182 = VERTEX_POINT('',#9183);
#9183 = CARTESIAN_POINT('',(1.62E+03,36.,102.));
#9184 = LINE('',#9185,#9186);
#9185 = CARTESIAN_POINT('',(1.62E+03,18.,102.));
#9186 = VECTOR('',#9187,1.);
#9187 = DIRECTION('',(0.,1.,0.));
#9188 = ORIENTED_EDGE('',*,*,#9189,.T.);
#9189 = EDGE_CURVE('',#9182,#9190,#9192,.T.);
#9190 = VERTEX_POINT('',#9191);
#9191 = CARTESIAN_POINT('',(1.62E+03,36.,282.));
#9192 = LINE('',#9193,#9194);
#9193 = CARTESIAN_POINT('',(1.62E+03,36.,102.));
#9194 = VECTOR('',#9195,1.);
#9195 = DIRECTION('',(0.,0.,1.));
#9196 = ORIENTED_EDGE('',*,*,#9197,.F.);
#9197 = EDGE_CURVE('',#9174,#9190,#9198,.T.);
#9198 = LINE('',#9199,#9200);
#9199 = CARTESIAN_POINT('',(1.62E+03,18.,282.));
#9200 = VECTOR('',#9201,1.);
#9201 = DIRECTION('',(0.,1.,0.));
#9202 = PLANE('',#9203);
#9203 = AXIS2_PLACEMENT_3D('',#9204,#9205,#9206);
#9204 = CARTESIAN_POINT('',(1.62E+03,18.,102.));
#9205 = DIRECTION('',(1.,0.,0.));
#9206 = DIRECTION('',(0.,0.,1.));
#9207 = ADVANCED_FACE('',(#9208),#9242,.T.);
#9208 = FACE_BOUND('',#9209,.T.);
#9209 = EDGE_LOOP('',(#9210,#9220,#9228,#9236));
#9210 = ORIENTED_EDGE('',*,*,#9211,.F.);
#9211 = EDGE_CURVE('',#9212,#9214,#9216,.T.);
#9212 = VERTEX_POINT('',#9213);
#9213 = CARTESIAN_POINT('',(2.2095E+03,18.,102.));
#9214 = VERTEX_POINT('',#9215);
#9215 = CARTESIAN_POINT('',(2.2095E+03,18.,282.));
#9216 = LINE('',#9217,#9218);
#9217 = CARTESIAN_POINT('',(2.2095E+03,18.,102.));
#9218 = VECTOR('',#9219,1.);
#9219 = DIRECTION('',(0.,0.,1.));
#9220 = ORIENTED_EDGE('',*,*,#9221,.T.);
#9221 = EDGE_CURVE('',#9212,#9222,#9224,.T.);
#9222 = VERTEX_POINT('',#9223);
#9223 = CARTESIAN_POINT('',(2.2095E+03,36.,102.));
#9224 = LINE('',#9225,#9226);
#9225 = CARTESIAN_POINT('',(2.2095E+03,18.,102.));
#9226 = VECTOR('',#9227,1.);
#9227 = DIRECTION('',(0.,1.,0.));
#9228 = ORIENTED_EDGE('',*,*,#9229,.T.);
#9229 = EDGE_CURVE('',#9222,#9230,#9232,.T.);
#9230 = VERTEX_POINT('',#9231);
#9231 = CARTESIAN_POINT('',(2.2095E+03,36.,282.));
#9232 = LINE('',#9233,#9234);
#9233 = CARTESIAN_POINT('',(2.2095E+03,36.,102.));
#9234 = VECTOR('',#9235,1.);
#9235 = DIRECTION('',(0.,0.,1.));
#9236 = ORIENTED_EDGE('',*,*,#9237,.F.);
#9237 = EDGE_CURVE('',#9214,#9230,#9238,.T.);
#9238 = LINE('',#9239,#9240);
#9239 = CARTESIAN_POINT('',(2.2095E+03,18.,282.));
#9240 = VECTOR('',#9241,1.);
#9241 = DIRECTION('',(0.,1.,0.));
#9242 = PLANE('',#9243);
#9243 = AXIS2_PLACEMENT_3D('',#9244,#9245,#9246);
#9244 = CARTESIAN_POINT('',(2.2095E+03,18.,102.));
#9245 = DIRECTION('',(1.,0.,0.));
#9246 = DIRECTION('',(0.,0.,1.));
#9247 = ADVANCED_FACE('',(#9248),#9264,.F.);
#9248 = FACE_BOUND('',#9249,.F.);
#9249 = EDGE_LOOP('',(#9250,#9256,#9257,#9263));
#9250 = ORIENTED_EDGE('',*,*,#9251,.F.);
#9251 = EDGE_CURVE('',#9172,#9212,#9252,.T.);
#9252 = LINE('',#9253,#9254);
#9253 = CARTESIAN_POINT('',(1.62E+03,18.,102.));
#9254 = VECTOR('',#9255,1.);
#9255 = DIRECTION('',(1.,0.,0.));
#9256 = ORIENTED_EDGE('',*,*,#9171,.T.);
#9257 = ORIENTED_EDGE('',*,*,#9258,.T.);
#9258 = EDGE_CURVE('',#9174,#9214,#9259,.T.);
#9259 = LINE('',#9260,#9261);
#9260 = CARTESIAN_POINT('',(1.62E+03,18.,282.));
#9261 = VECTOR('',#9262,1.);
#9262 = DIRECTION('',(1.,0.,0.));
#9263 = ORIENTED_EDGE('',*,*,#9211,.F.);
#9264 = PLANE('',#9265);
#9265 = AXIS2_PLACEMENT_3D('',#9266,#9267,#9268);
#9266 = CARTESIAN_POINT('',(1.62E+03,18.,102.));
#9267 = DIRECTION('',(0.,1.,0.));
#9268 = DIRECTION('',(0.,0.,1.));
#9269 = ADVANCED_FACE('',(#9270),#9286,.T.);
#9270 = FACE_BOUND('',#9271,.T.);
#9271 = EDGE_LOOP('',(#9272,#9278,#9279,#9285));
#9272 = ORIENTED_EDGE('',*,*,#9273,.F.);
#9273 = EDGE_CURVE('',#9182,#9222,#9274,.T.);
#9274 = LINE('',#9275,#9276);
#9275 = CARTESIAN_POINT('',(1.62E+03,36.,102.));
#9276 = VECTOR('',#9277,1.);
#9277 = DIRECTION('',(1.,0.,0.));
#9278 = ORIENTED_EDGE('',*,*,#9189,.T.);
#9279 = ORIENTED_EDGE('',*,*,#9280,.T.);
#9280 = EDGE_CURVE('',#9190,#9230,#9281,.T.);
#9281 = LINE('',#9282,#9283);
#9282 = CARTESIAN_POINT('',(1.62E+03,36.,282.));
#9283 = VECTOR('',#9284,1.);
#9284 = DIRECTION('',(1.,0.,0.));
#9285 = ORIENTED_EDGE('',*,*,#9229,.F.);
#9286 = PLANE('',#9287);
#9287 = AXIS2_PLACEMENT_3D('',#9288,#9289,#9290);
#9288 = CARTESIAN_POINT('',(1.62E+03,36.,102.));
#9289 = DIRECTION('',(0.,1.,0.));
#9290 = DIRECTION('',(0.,0.,1.));
#9291 = ADVANCED_FACE('',(#9292),#9298,.F.);
#9292 = FACE_BOUND('',#9293,.F.);
#9293 = EDGE_LOOP('',(#9294,#9295,#9296,#9297));
#9294 = ORIENTED_EDGE('',*,*,#9181,.F.);
#9295 = ORIENTED_EDGE('',*,*,#9251,.T.);
#9296 = ORIENTED_EDGE('',*,*,#9221,.T.);
#9297 = ORIENTED_EDGE('',*,*,#9273,.F.);
#9298 = PLANE('',#9299);
#9299 = AXIS2_PLACEMENT_3D('',#9300,#9301,#9302);
#9300 = CARTESIAN_POINT('',(1.62E+03,18.,102.));
#9301 = DIRECTION('',(0.,0.,1.));
#9302 = DIRECTION('',(1.,0.,0.));
#9303 = ADVANCED_FACE('',(#9304),#9310,.T.);
#9304 = FACE_BOUND('',#9305,.T.);
#9305 = EDGE_LOOP('',(#9306,#9307,#9308,#9309));
#9306 = ORIENTED_EDGE('',*,*,#9197,.F.);
#9307 = ORIENTED_EDGE('',*,*,#9258,.T.);
#9308 = ORIENTED_EDGE('',*,*,#9237,.T.);
#9309 = ORIENTED_EDGE('',*,*,#9280,.F.);
#9310 = PLANE('',#9311);
#9311 = AXIS2_PLACEMENT_3D('',#9312,#9313,#9314);
#9312 = CARTESIAN_POINT('',(1.62E+03,18.,282.));
#9313 = DIRECTION('',(0.,0.,1.));
#9314 = DIRECTION('',(1.,0.,0.));
#9315 = MANIFOLD_SOLID_BREP('',#9316);
#9316 = CLOSED_SHELL('',(#9317,#9357,#9397,#9419,#9441,#9453));
#9317 = ADVANCED_FACE('',(#9318),#9352,.F.);
#9318 = FACE_BOUND('',#9319,.F.);
#9319 = EDGE_LOOP('',(#9320,#9330,#9338,#9346));
#9320 = ORIENTED_EDGE('',*,*,#9321,.F.);
#9321 = EDGE_CURVE('',#9322,#9324,#9326,.T.);
#9322 = VERTEX_POINT('',#9323);
#9323 = CARTESIAN_POINT('',(1.62E+03,500.,102.));
#9324 = VERTEX_POINT('',#9325);
#9325 = CARTESIAN_POINT('',(1.62E+03,500.,282.));
#9326 = LINE('',#9327,#9328);
#9327 = CARTESIAN_POINT('',(1.62E+03,500.,102.));
#9328 = VECTOR('',#9329,1.);
#9329 = DIRECTION('',(0.,0.,1.));
#9330 = ORIENTED_EDGE('',*,*,#9331,.T.);
#9331 = EDGE_CURVE('',#9322,#9332,#9334,.T.);
#9332 = VERTEX_POINT('',#9333);
#9333 = CARTESIAN_POINT('',(1.62E+03,518.,102.));
#9334 = LINE('',#9335,#9336);
#9335 = CARTESIAN_POINT('',(1.62E+03,500.,102.));
#9336 = VECTOR('',#9337,1.);
#9337 = DIRECTION('',(0.,1.,0.));
#9338 = ORIENTED_EDGE('',*,*,#9339,.T.);
#9339 = EDGE_CURVE('',#9332,#9340,#9342,.T.);
#9340 = VERTEX_POINT('',#9341);
#9341 = CARTESIAN_POINT('',(1.62E+03,518.,282.));
#9342 = LINE('',#9343,#9344);
#9343 = CARTESIAN_POINT('',(1.62E+03,518.,102.));
#9344 = VECTOR('',#9345,1.);
#9345 = DIRECTION('',(0.,0.,1.));
#9346 = ORIENTED_EDGE('',*,*,#9347,.F.);
#9347 = EDGE_CURVE('',#9324,#9340,#9348,.T.);
#9348 = LINE('',#9349,#9350);
#9349 = CARTESIAN_POINT('',(1.62E+03,500.,282.));
#9350 = VECTOR('',#9351,1.);
#9351 = DIRECTION('',(0.,1.,0.));
#9352 = PLANE('',#9353);
#9353 = AXIS2_PLACEMENT_3D('',#9354,#9355,#9356);
#9354 = CARTESIAN_POINT('',(1.62E+03,500.,102.));
#9355 = DIRECTION('',(1.,0.,0.));
#9356 = DIRECTION('',(0.,0.,1.));
#9357 = ADVANCED_FACE('',(#9358),#9392,.T.);
#9358 = FACE_BOUND('',#9359,.T.);
#9359 = EDGE_LOOP('',(#9360,#9370,#9378,#9386));
#9360 = ORIENTED_EDGE('',*,*,#9361,.F.);
#9361 = EDGE_CURVE('',#9362,#9364,#9366,.T.);
#9362 = VERTEX_POINT('',#9363);
#9363 = CARTESIAN_POINT('',(2.2095E+03,500.,102.));
#9364 = VERTEX_POINT('',#9365);
#9365 = CARTESIAN_POINT('',(2.2095E+03,500.,282.));
#9366 = LINE('',#9367,#9368);
#9367 = CARTESIAN_POINT('',(2.2095E+03,500.,102.));
#9368 = VECTOR('',#9369,1.);
#9369 = DIRECTION('',(0.,0.,1.));
#9370 = ORIENTED_EDGE('',*,*,#9371,.T.);
#9371 = EDGE_CURVE('',#9362,#9372,#9374,.T.);
#9372 = VERTEX_POINT('',#9373);
#9373 = CARTESIAN_POINT('',(2.2095E+03,518.,102.));
#9374 = LINE('',#9375,#9376);
#9375 = CARTESIAN_POINT('',(2.2095E+03,500.,102.));
#9376 = VECTOR('',#9377,1.);
#9377 = DIRECTION('',(0.,1.,0.));
#9378 = ORIENTED_EDGE('',*,*,#9379,.T.);
#9379 = EDGE_CURVE('',#9372,#9380,#9382,.T.);
#9380 = VERTEX_POINT('',#9381);
#9381 = CARTESIAN_POINT('',(2.2095E+03,518.,282.));
#9382 = LINE('',#9383,#9384);
#9383 = CARTESIAN_POINT('',(2.2095E+03,518.,102.));
#9384 = VECTOR('',#9385,1.);
#9385 = DIRECTION('',(0.,0.,1.));
#9386 = ORIENTED_EDGE('',*,*,#9387,.F.);
#9387 = EDGE_CURVE('',#9364,#9380,#9388,.T.);
#9388 = LINE('',#9389,#9390);
#9389 = CARTESIAN_POINT('',(2.2095E+03,500.,282.));
#9390 = VECTOR('',#9391,1.);
#9391 = DIRECTION('',(0.,1.,0.));
#9392 = PLANE('',#9393);
#9393 = AXIS2_PLACEMENT_3D('',#9394,#9395,#9396);
#9394 = CARTESIAN_POINT('',(2.2095E+03,500.,102.));
#9395 = DIRECTION('',(1.,0.,0.));
#9396 = DIRECTION('',(0.,0.,1.));
#9397 = ADVANCED_FACE('',(#9398),#9414,.F.);
#9398 = FACE_BOUND('',#9399,.F.);
#9399 = EDGE_LOOP('',(#9400,#9406,#9407,#9413));
#9400 = ORIENTED_EDGE('',*,*,#9401,.F.);
#9401 = EDGE_CURVE('',#9322,#9362,#9402,.T.);
#9402 = LINE('',#9403,#9404);
#9403 = CARTESIAN_POINT('',(1.62E+03,500.,102.));
#9404 = VECTOR('',#9405,1.);
#9405 = DIRECTION('',(1.,0.,0.));
#9406 = ORIENTED_EDGE('',*,*,#9321,.T.);
#9407 = ORIENTED_EDGE('',*,*,#9408,.T.);
#9408 = EDGE_CURVE('',#9324,#9364,#9409,.T.);
#9409 = LINE('',#9410,#9411);
#9410 = CARTESIAN_POINT('',(1.62E+03,500.,282.));
#9411 = VECTOR('',#9412,1.);
#9412 = DIRECTION('',(1.,0.,0.));
#9413 = ORIENTED_EDGE('',*,*,#9361,.F.);
#9414 = PLANE('',#9415);
#9415 = AXIS2_PLACEMENT_3D('',#9416,#9417,#9418);
#9416 = CARTESIAN_POINT('',(1.62E+03,500.,102.));
#9417 = DIRECTION('',(0.,1.,0.));
#9418 = DIRECTION('',(0.,0.,1.));
#9419 = ADVANCED_FACE('',(#9420),#9436,.T.);
#9420 = FACE_BOUND('',#9421,.T.);
#9421 = EDGE_LOOP('',(#9422,#9428,#9429,#9435));
#9422 = ORIENTED_EDGE('',*,*,#9423,.F.);
#9423 = EDGE_CURVE('',#9332,#9372,#9424,.T.);
#9424 = LINE('',#9425,#9426);
#9425 = CARTESIAN_POINT('',(1.62E+03,518.,102.));
#9426 = VECTOR('',#9427,1.);
#9427 = DIRECTION('',(1.,0.,0.));
#9428 = ORIENTED_EDGE('',*,*,#9339,.T.);
#9429 = ORIENTED_EDGE('',*,*,#9430,.T.);
#9430 = EDGE_CURVE('',#9340,#9380,#9431,.T.);
#9431 = LINE('',#9432,#9433);
#9432 = CARTESIAN_POINT('',(1.62E+03,518.,282.));
#9433 = VECTOR('',#9434,1.);
#9434 = DIRECTION('',(1.,0.,0.));
#9435 = ORIENTED_EDGE('',*,*,#9379,.F.);
#9436 = PLANE('',#9437);
#9437 = AXIS2_PLACEMENT_3D('',#9438,#9439,#9440);
#9438 = CARTESIAN_POINT('',(1.62E+03,518.,102.));
#9439 = DIRECTION('',(0.,1.,0.));
#9440 = DIRECTION('',(0.,0.,1.));
#9441 = ADVANCED_FACE('',(#9442),#9448,.F.);
#9442 = FACE_BOUND('',#9443,.F.);
#9443 = EDGE_LOOP('',(#9444,#9445,#9446,#9447));
#9444 = ORIENTED_EDGE('',*,*,#9331,.F.);
#9445 = ORIENTED_EDGE('',*,*,#9401,.T.);
#9446 = ORIENTED_EDGE('',*,*,#9371,.T.);
#9447 = ORIENTED_EDGE('',*,*,#9423,.F.);
#9448 = PLANE('',#9449);
#9449 = AXIS2_PLACEMENT_3D('',#9450,#9451,#9452);
#9450 = CARTESIAN_POINT('',(1.62E+03,500.,102.));
#9451 = DIRECTION('',(0.,0.,1.));
#9452 = DIRECTION('',(1.,0.,0.));
#9453 = ADVANCED_FACE('',(#9454),#9460,.T.);
#9454 = FACE_BOUND('',#9455,.T.);
#9455 = EDGE_LOOP('',(#9456,#9457,#9458,#9459));
#9456 = ORIENTED_EDGE('',*,*,#9347,.F.);
#9457 = ORIENTED_EDGE('',*,*,#9408,.T.);
#9458 = ORIENTED_EDGE('',*,*,#9387,.T.);
#9459 = ORIENTED_EDGE('',*,*,#9430,.F.);
#9460 = PLANE('',#9461);
#9461 = AXIS2_PLACEMENT_3D('',#9462,#9463,#9464);
#9462 = CARTESIAN_POINT('',(1.62E+03,500.,282.));
#9463 = DIRECTION('',(0.,0.,1.));
#9464 = DIRECTION('',(1.,0.,0.));
#9465 = MANIFOLD_SOLID_BREP('',#9466);
#9466 = CLOSED_SHELL('',(#9467,#9507,#9547,#9569,#9591,#9603));
#9467 = ADVANCED_FACE('',(#9468),#9502,.F.);
#9468 = FACE_BOUND('',#9469,.F.);
#9469 = EDGE_LOOP('',(#9470,#9480,#9488,#9496));
#9470 = ORIENTED_EDGE('',*,*,#9471,.F.);
#9471 = EDGE_CURVE('',#9472,#9474,#9476,.T.);
#9472 = VERTEX_POINT('',#9473);
#9473 = CARTESIAN_POINT('',(1.62E+03,36.,102.));
#9474 = VERTEX_POINT('',#9475);
#9475 = CARTESIAN_POINT('',(1.62E+03,36.,108.));
#9476 = LINE('',#9477,#9478);
#9477 = CARTESIAN_POINT('',(1.62E+03,36.,102.));
#9478 = VECTOR('',#9479,1.);
#9479 = DIRECTION('',(0.,0.,1.));
#9480 = ORIENTED_EDGE('',*,*,#9481,.T.);
#9481 = EDGE_CURVE('',#9472,#9482,#9484,.T.);
#9482 = VERTEX_POINT('',#9483);
#9483 = CARTESIAN_POINT('',(1.62E+03,500.,102.));
#9484 = LINE('',#9485,#9486);
#9485 = CARTESIAN_POINT('',(1.62E+03,36.,102.));
#9486 = VECTOR('',#9487,1.);
#9487 = DIRECTION('',(0.,1.,0.));
#9488 = ORIENTED_EDGE('',*,*,#9489,.T.);
#9489 = EDGE_CURVE('',#9482,#9490,#9492,.T.);
#9490 = VERTEX_POINT('',#9491);
#9491 = CARTESIAN_POINT('',(1.62E+03,500.,108.));
#9492 = LINE('',#9493,#9494);
#9493 = CARTESIAN_POINT('',(1.62E+03,500.,102.));
#9494 = VECTOR('',#9495,1.);
#9495 = DIRECTION('',(0.,0.,1.));
#9496 = ORIENTED_EDGE('',*,*,#9497,.F.);
#9497 = EDGE_CURVE('',#9474,#9490,#9498,.T.);
#9498 = LINE('',#9499,#9500);
#9499 = CARTESIAN_POINT('',(1.62E+03,36.,108.));
#9500 = VECTOR('',#9501,1.);
#9501 = DIRECTION('',(0.,1.,0.));
#9502 = PLANE('',#9503);
#9503 = AXIS2_PLACEMENT_3D('',#9504,#9505,#9506);
#9504 = CARTESIAN_POINT('',(1.62E+03,36.,102.));
#9505 = DIRECTION('',(1.,0.,0.));
#9506 = DIRECTION('',(0.,0.,1.));
#9507 = ADVANCED_FACE('',(#9508),#9542,.T.);
#9508 = FACE_BOUND('',#9509,.T.);
#9509 = EDGE_LOOP('',(#9510,#9520,#9528,#9536));
#9510 = ORIENTED_EDGE('',*,*,#9511,.F.);
#9511 = EDGE_CURVE('',#9512,#9514,#9516,.T.);
#9512 = VERTEX_POINT('',#9513);
#9513 = CARTESIAN_POINT('',(2.2095E+03,36.,102.));
#9514 = VERTEX_POINT('',#9515);
#9515 = CARTESIAN_POINT('',(2.2095E+03,36.,108.));
#9516 = LINE('',#9517,#9518);
#9517 = CARTESIAN_POINT('',(2.2095E+03,36.,102.));
#9518 = VECTOR('',#9519,1.);
#9519 = DIRECTION('',(0.,0.,1.));
#9520 = ORIENTED_EDGE('',*,*,#9521,.T.);
#9521 = EDGE_CURVE('',#9512,#9522,#9524,.T.);
#9522 = VERTEX_POINT('',#9523);
#9523 = CARTESIAN_POINT('',(2.2095E+03,500.,102.));
#9524 = LINE('',#9525,#9526);
#9525 = CARTESIAN_POINT('',(2.2095E+03,36.,102.));
#9526 = VECTOR('',#9527,1.);
#9527 = DIRECTION('',(0.,1.,0.));
#9528 = ORIENTED_EDGE('',*,*,#9529,.T.);
#9529 = EDGE_CURVE('',#9522,#9530,#9532,.T.);
#9530 = VERTEX_POINT('',#9531);
#9531 = CARTESIAN_POINT('',(2.2095E+03,500.,108.));
#9532 = LINE('',#9533,#9534);
#9533 = CARTESIAN_POINT('',(2.2095E+03,500.,102.));
#9534 = VECTOR('',#9535,1.);
#9535 = DIRECTION('',(0.,0.,1.));
#9536 = ORIENTED_EDGE('',*,*,#9537,.F.);
#9537 = EDGE_CURVE('',#9514,#9530,#9538,.T.);
#9538 = LINE('',#9539,#9540);
#9539 = CARTESIAN_POINT('',(2.2095E+03,36.,108.));
#9540 = VECTOR('',#9541,1.);
#9541 = DIRECTION('',(0.,1.,0.));
#9542 = PLANE('',#9543);
#9543 = AXIS2_PLACEMENT_3D('',#9544,#9545,#9546);
#9544 = CARTESIAN_POINT('',(2.2095E+03,36.,102.));
#9545 = DIRECTION('',(1.,0.,0.));
#9546 = DIRECTION('',(0.,0.,1.));
#9547 = ADVANCED_FACE('',(#9548),#9564,.F.);
#9548 = FACE_BOUND('',#9549,.F.);
#9549 = EDGE_LOOP('',(#9550,#9556,#9557,#9563));
#9550 = ORIENTED_EDGE('',*,*,#9551,.F.);
#9551 = EDGE_CURVE('',#9472,#9512,#9552,.T.);
#9552 = LINE('',#9553,#9554);
#9553 = CARTESIAN_POINT('',(1.62E+03,36.,102.));
#9554 = VECTOR('',#9555,1.);
#9555 = DIRECTION('',(1.,0.,0.));
#9556 = ORIENTED_EDGE('',*,*,#9471,.T.);
#9557 = ORIENTED_EDGE('',*,*,#9558,.T.);
#9558 = EDGE_CURVE('',#9474,#9514,#9559,.T.);
#9559 = LINE('',#9560,#9561);
#9560 = CARTESIAN_POINT('',(1.62E+03,36.,108.));
#9561 = VECTOR('',#9562,1.);
#9562 = DIRECTION('',(1.,0.,0.));
#9563 = ORIENTED_EDGE('',*,*,#9511,.F.);
#9564 = PLANE('',#9565);
#9565 = AXIS2_PLACEMENT_3D('',#9566,#9567,#9568);
#9566 = CARTESIAN_POINT('',(1.62E+03,36.,102.));
#9567 = DIRECTION('',(0.,1.,0.));
#9568 = DIRECTION('',(0.,0.,1.));
#9569 = ADVANCED_FACE('',(#9570),#9586,.T.);
#9570 = FACE_BOUND('',#9571,.T.);
#9571 = EDGE_LOOP('',(#9572,#9578,#9579,#9585));
#9572 = ORIENTED_EDGE('',*,*,#9573,.F.);
#9573 = EDGE_CURVE('',#9482,#9522,#9574,.T.);
#9574 = LINE('',#9575,#9576);
#9575 = CARTESIAN_POINT('',(1.62E+03,500.,102.));
#9576 = VECTOR('',#9577,1.);
#9577 = DIRECTION('',(1.,0.,0.));
#9578 = ORIENTED_EDGE('',*,*,#9489,.T.);
#9579 = ORIENTED_EDGE('',*,*,#9580,.T.);
#9580 = EDGE_CURVE('',#9490,#9530,#9581,.T.);
#9581 = LINE('',#9582,#9583);
#9582 = CARTESIAN_POINT('',(1.62E+03,500.,108.));
#9583 = VECTOR('',#9584,1.);
#9584 = DIRECTION('',(1.,0.,0.));
#9585 = ORIENTED_EDGE('',*,*,#9529,.F.);
#9586 = PLANE('',#9587);
#9587 = AXIS2_PLACEMENT_3D('',#9588,#9589,#9590);
#9588 = CARTESIAN_POINT('',(1.62E+03,500.,102.));
#9589 = DIRECTION('',(0.,1.,0.));
#9590 = DIRECTION('',(0.,0.,1.));
#9591 = ADVANCED_FACE('',(#9592),#9598,.F.);
#9592 = FACE_BOUND('',#9593,.F.);
#9593 = EDGE_LOOP('',(#9594,#9595,#9596,#9597));
#9594 = ORIENTED_EDGE('',*,*,#9481,.F.);
#9595 = ORIENTED_EDGE('',*,*,#9551,.T.);
#9596 = ORIENTED_EDGE('',*,*,#9521,.T.);
#9597 = ORIENTED_EDGE('',*,*,#9573,.F.);
#9598 = PLANE('',#9599);
#9599 = AXIS2_PLACEMENT_3D('',#9600,#9601,#9602);
#9600 = CARTESIAN_POINT('',(1.62E+03,36.,102.));
#9601 = DIRECTION('',(0.,0.,1.));
#9602 = DIRECTION('',(1.,0.,0.));
#9603 = ADVANCED_FACE('',(#9604),#9610,.T.);
#9604 = FACE_BOUND('',#9605,.T.);
#9605 = EDGE_LOOP('',(#9606,#9607,#9608,#9609));
#9606 = ORIENTED_EDGE('',*,*,#9497,.F.);
#9607 = ORIENTED_EDGE('',*,*,#9558,.T.);
#9608 = ORIENTED_EDGE('',*,*,#9537,.T.);
#9609 = ORIENTED_EDGE('',*,*,#9580,.F.);
#9610 = PLANE('',#9611);
#9611 = AXIS2_PLACEMENT_3D('',#9612,#9613,#9614);
#9612 = CARTESIAN_POINT('',(1.62E+03,36.,108.));
#9613 = DIRECTION('',(0.,0.,1.));
#9614 = DIRECTION('',(1.,0.,0.));
#9615 = MANIFOLD_SOLID_BREP('',#9616);
#9616 = CLOSED_SHELL('',(#9617,#9657,#9697,#9719,#9741,#9753));
#9617 = ADVANCED_FACE('',(#9618),#9652,.F.);
#9618 = FACE_BOUND('',#9619,.F.);
#9619 = EDGE_LOOP('',(#9620,#9630,#9638,#9646));
#9620 = ORIENTED_EDGE('',*,*,#9621,.F.);
#9621 = EDGE_CURVE('',#9622,#9624,#9626,.T.);
#9622 = VERTEX_POINT('',#9623);
#9623 = CARTESIAN_POINT('',(903.,-20.,718.));
#9624 = VERTEX_POINT('',#9625);
#9625 = CARTESIAN_POINT('',(903.,-20.,743.));
#9626 = LINE('',#9627,#9628);
#9627 = CARTESIAN_POINT('',(903.,-20.,718.));
#9628 = VECTOR('',#9629,1.);
#9629 = DIRECTION('',(0.,0.,1.));
#9630 = ORIENTED_EDGE('',*,*,#9631,.T.);
#9631 = EDGE_CURVE('',#9622,#9632,#9634,.T.);
#9632 = VERTEX_POINT('',#9633);
#9633 = CARTESIAN_POINT('',(903.,0.,718.));
#9634 = LINE('',#9635,#9636);
#9635 = CARTESIAN_POINT('',(903.,-20.,718.));
#9636 = VECTOR('',#9637,1.);
#9637 = DIRECTION('',(0.,1.,0.));
#9638 = ORIENTED_EDGE('',*,*,#9639,.T.);
#9639 = EDGE_CURVE('',#9632,#9640,#9642,.T.);
#9640 = VERTEX_POINT('',#9641);
#9641 = CARTESIAN_POINT('',(903.,0.,743.));
#9642 = LINE('',#9643,#9644);
#9643 = CARTESIAN_POINT('',(903.,0.,718.));
#9644 = VECTOR('',#9645,1.);
#9645 = DIRECTION('',(0.,0.,1.));
#9646 = ORIENTED_EDGE('',*,*,#9647,.F.);
#9647 = EDGE_CURVE('',#9624,#9640,#9648,.T.);
#9648 = LINE('',#9649,#9650);
#9649 = CARTESIAN_POINT('',(903.,-20.,743.));
#9650 = VECTOR('',#9651,1.);
#9651 = DIRECTION('',(0.,1.,0.));
#9652 = PLANE('',#9653);
#9653 = AXIS2_PLACEMENT_3D('',#9654,#9655,#9656);
#9654 = CARTESIAN_POINT('',(903.,-20.,718.));
#9655 = DIRECTION('',(1.,0.,0.));
#9656 = DIRECTION('',(0.,0.,1.));
#9657 = ADVANCED_FACE('',(#9658),#9692,.T.);
#9658 = FACE_BOUND('',#9659,.T.);
#9659 = EDGE_LOOP('',(#9660,#9670,#9678,#9686));
#9660 = ORIENTED_EDGE('',*,*,#9661,.F.);
#9661 = EDGE_CURVE('',#9662,#9664,#9666,.T.);
#9662 = VERTEX_POINT('',#9663);
#9663 = CARTESIAN_POINT('',(2.258E+03,-20.,718.));
#9664 = VERTEX_POINT('',#9665);
#9665 = CARTESIAN_POINT('',(2.258E+03,-20.,743.));
#9666 = LINE('',#9667,#9668);
#9667 = CARTESIAN_POINT('',(2.258E+03,-20.,718.));
#9668 = VECTOR('',#9669,1.);
#9669 = DIRECTION('',(0.,0.,1.));
#9670 = ORIENTED_EDGE('',*,*,#9671,.T.);
#9671 = EDGE_CURVE('',#9662,#9672,#9674,.T.);
#9672 = VERTEX_POINT('',#9673);
#9673 = CARTESIAN_POINT('',(2.258E+03,0.,718.));
#9674 = LINE('',#9675,#9676);
#9675 = CARTESIAN_POINT('',(2.258E+03,-20.,718.));
#9676 = VECTOR('',#9677,1.);
#9677 = DIRECTION('',(0.,1.,0.));
#9678 = ORIENTED_EDGE('',*,*,#9679,.T.);
#9679 = EDGE_CURVE('',#9672,#9680,#9682,.T.);
#9680 = VERTEX_POINT('',#9681);
#9681 = CARTESIAN_POINT('',(2.258E+03,0.,743.));
#9682 = LINE('',#9683,#9684);
#9683 = CARTESIAN_POINT('',(2.258E+03,0.,718.));
#9684 = VECTOR('',#9685,1.);
#9685 = DIRECTION('',(0.,0.,1.));
#9686 = ORIENTED_EDGE('',*,*,#9687,.F.);
#9687 = EDGE_CURVE('',#9664,#9680,#9688,.T.);
#9688 = LINE('',#9689,#9690);
#9689 = CARTESIAN_POINT('',(2.258E+03,-20.,743.));
#9690 = VECTOR('',#9691,1.);
#9691 = DIRECTION('',(0.,1.,0.));
#9692 = PLANE('',#9693);
#9693 = AXIS2_PLACEMENT_3D('',#9694,#9695,#9696);
#9694 = CARTESIAN_POINT('',(2.258E+03,-20.,718.));
#9695 = DIRECTION('',(1.,0.,0.));
#9696 = DIRECTION('',(0.,0.,1.));
#9697 = ADVANCED_FACE('',(#9698),#9714,.F.);
#9698 = FACE_BOUND('',#9699,.F.);
#9699 = EDGE_LOOP('',(#9700,#9706,#9707,#9713));
#9700 = ORIENTED_EDGE('',*,*,#9701,.F.);
#9701 = EDGE_CURVE('',#9622,#9662,#9702,.T.);
#9702 = LINE('',#9703,#9704);
#9703 = CARTESIAN_POINT('',(903.,-20.,718.));
#9704 = VECTOR('',#9705,1.);
#9705 = DIRECTION('',(1.,0.,0.));
#9706 = ORIENTED_EDGE('',*,*,#9621,.T.);
#9707 = ORIENTED_EDGE('',*,*,#9708,.T.);
#9708 = EDGE_CURVE('',#9624,#9664,#9709,.T.);
#9709 = LINE('',#9710,#9711);
#9710 = CARTESIAN_POINT('',(903.,-20.,743.));
#9711 = VECTOR('',#9712,1.);
#9712 = DIRECTION('',(1.,0.,0.));
#9713 = ORIENTED_EDGE('',*,*,#9661,.F.);
#9714 = PLANE('',#9715);
#9715 = AXIS2_PLACEMENT_3D('',#9716,#9717,#9718);
#9716 = CARTESIAN_POINT('',(903.,-20.,718.));
#9717 = DIRECTION('',(0.,1.,0.));
#9718 = DIRECTION('',(0.,0.,1.));
#9719 = ADVANCED_FACE('',(#9720),#9736,.T.);
#9720 = FACE_BOUND('',#9721,.T.);
#9721 = EDGE_LOOP('',(#9722,#9728,#9729,#9735));
#9722 = ORIENTED_EDGE('',*,*,#9723,.F.);
#9723 = EDGE_CURVE('',#9632,#9672,#9724,.T.);
#9724 = LINE('',#9725,#9726);
#9725 = CARTESIAN_POINT('',(903.,0.,718.));
#9726 = VECTOR('',#9727,1.);
#9727 = DIRECTION('',(1.,0.,0.));
#9728 = ORIENTED_EDGE('',*,*,#9639,.T.);
#9729 = ORIENTED_EDGE('',*,*,#9730,.T.);
#9730 = EDGE_CURVE('',#9640,#9680,#9731,.T.);
#9731 = LINE('',#9732,#9733);
#9732 = CARTESIAN_POINT('',(903.,0.,743.));
#9733 = VECTOR('',#9734,1.);
#9734 = DIRECTION('',(1.,0.,0.));
#9735 = ORIENTED_EDGE('',*,*,#9679,.F.);
#9736 = PLANE('',#9737);
#9737 = AXIS2_PLACEMENT_3D('',#9738,#9739,#9740);
#9738 = CARTESIAN_POINT('',(903.,0.,718.));
#9739 = DIRECTION('',(0.,1.,0.));
#9740 = DIRECTION('',(0.,0.,1.));
#9741 = ADVANCED_FACE('',(#9742),#9748,.F.);
#9742 = FACE_BOUND('',#9743,.F.);
#9743 = EDGE_LOOP('',(#9744,#9745,#9746,#9747));
#9744 = ORIENTED_EDGE('',*,*,#9631,.F.);
#9745 = ORIENTED_EDGE('',*,*,#9701,.T.);
#9746 = ORIENTED_EDGE('',*,*,#9671,.T.);
#9747 = ORIENTED_EDGE('',*,*,#9723,.F.);
#9748 = PLANE('',#9749);
#9749 = AXIS2_PLACEMENT_3D('',#9750,#9751,#9752);
#9750 = CARTESIAN_POINT('',(903.,-20.,718.));
#9751 = DIRECTION('',(0.,0.,1.));
#9752 = DIRECTION('',(1.,0.,0.));
#9753 = ADVANCED_FACE('',(#9754),#9760,.T.);
#9754 = FACE_BOUND('',#9755,.T.);
#9755 = EDGE_LOOP('',(#9756,#9757,#9758,#9759));
#9756 = ORIENTED_EDGE('',*,*,#9647,.F.);
#9757 = ORIENTED_EDGE('',*,*,#9708,.T.);
#9758 = ORIENTED_EDGE('',*,*,#9687,.T.);
#9759 = ORIENTED_EDGE('',*,*,#9730,.F.);
#9760 = PLANE('',#9761);
#9761 = AXIS2_PLACEMENT_3D('',#9762,#9763,#9764);
#9762 = CARTESIAN_POINT('',(903.,-20.,743.));
#9763 = DIRECTION('',(0.,0.,1.));
#9764 = DIRECTION('',(1.,0.,0.));
#9765 = MANIFOLD_SOLID_BREP('',#9766);
#9766 = CLOSED_SHELL('',(#9767,#9807,#9847,#9869,#9891,#9903));
#9767 = ADVANCED_FACE('',(#9768),#9802,.F.);
#9768 = FACE_BOUND('',#9769,.F.);
#9769 = EDGE_LOOP('',(#9770,#9780,#9788,#9796));
#9770 = ORIENTED_EDGE('',*,*,#9771,.F.);
#9771 = EDGE_CURVE('',#9772,#9774,#9776,.T.);
#9772 = VERTEX_POINT('',#9773);
#9773 = CARTESIAN_POINT('',(903.,-20.,403.));
#9774 = VERTEX_POINT('',#9775);
#9775 = CARTESIAN_POINT('',(903.,-20.,428.));
#9776 = LINE('',#9777,#9778);
#9777 = CARTESIAN_POINT('',(903.,-20.,403.));
#9778 = VECTOR('',#9779,1.);
#9779 = DIRECTION('',(0.,0.,1.));
#9780 = ORIENTED_EDGE('',*,*,#9781,.T.);
#9781 = EDGE_CURVE('',#9772,#9782,#9784,.T.);
#9782 = VERTEX_POINT('',#9783);
#9783 = CARTESIAN_POINT('',(903.,0.,403.));
#9784 = LINE('',#9785,#9786);
#9785 = CARTESIAN_POINT('',(903.,-20.,403.));
#9786 = VECTOR('',#9787,1.);
#9787 = DIRECTION('',(0.,1.,0.));
#9788 = ORIENTED_EDGE('',*,*,#9789,.T.);
#9789 = EDGE_CURVE('',#9782,#9790,#9792,.T.);
#9790 = VERTEX_POINT('',#9791);
#9791 = CARTESIAN_POINT('',(903.,0.,428.));
#9792 = LINE('',#9793,#9794);
#9793 = CARTESIAN_POINT('',(903.,0.,403.));
#9794 = VECTOR('',#9795,1.);
#9795 = DIRECTION('',(0.,0.,1.));
#9796 = ORIENTED_EDGE('',*,*,#9797,.F.);
#9797 = EDGE_CURVE('',#9774,#9790,#9798,.T.);
#9798 = LINE('',#9799,#9800);
#9799 = CARTESIAN_POINT('',(903.,-20.,428.));
#9800 = VECTOR('',#9801,1.);
#9801 = DIRECTION('',(0.,1.,0.));
#9802 = PLANE('',#9803);
#9803 = AXIS2_PLACEMENT_3D('',#9804,#9805,#9806);
#9804 = CARTESIAN_POINT('',(903.,-20.,403.));
#9805 = DIRECTION('',(1.,0.,0.));
#9806 = DIRECTION('',(0.,0.,1.));
#9807 = ADVANCED_FACE('',(#9808),#9842,.T.);
#9808 = FACE_BOUND('',#9809,.T.);
#9809 = EDGE_LOOP('',(#9810,#9820,#9828,#9836));
#9810 = ORIENTED_EDGE('',*,*,#9811,.F.);
#9811 = EDGE_CURVE('',#9812,#9814,#9816,.T.);
#9812 = VERTEX_POINT('',#9813);
#9813 = CARTESIAN_POINT('',(2.258E+03,-20.,403.));
#9814 = VERTEX_POINT('',#9815);
#9815 = CARTESIAN_POINT('',(2.258E+03,-20.,428.));
#9816 = LINE('',#9817,#9818);
#9817 = CARTESIAN_POINT('',(2.258E+03,-20.,403.));
#9818 = VECTOR('',#9819,1.);
#9819 = DIRECTION('',(0.,0.,1.));
#9820 = ORIENTED_EDGE('',*,*,#9821,.T.);
#9821 = EDGE_CURVE('',#9812,#9822,#9824,.T.);
#9822 = VERTEX_POINT('',#9823);
#9823 = CARTESIAN_POINT('',(2.258E+03,0.,403.));
#9824 = LINE('',#9825,#9826);
#9825 = CARTESIAN_POINT('',(2.258E+03,-20.,403.));
#9826 = VECTOR('',#9827,1.);
#9827 = DIRECTION('',(0.,1.,0.));
#9828 = ORIENTED_EDGE('',*,*,#9829,.T.);
#9829 = EDGE_CURVE('',#9822,#9830,#9832,.T.);
#9830 = VERTEX_POINT('',#9831);
#9831 = CARTESIAN_POINT('',(2.258E+03,0.,428.));
#9832 = LINE('',#9833,#9834);
#9833 = CARTESIAN_POINT('',(2.258E+03,0.,403.));
#9834 = VECTOR('',#9835,1.);
#9835 = DIRECTION('',(0.,0.,1.));
#9836 = ORIENTED_EDGE('',*,*,#9837,.F.);
#9837 = EDGE_CURVE('',#9814,#9830,#9838,.T.);
#9838 = LINE('',#9839,#9840);
#9839 = CARTESIAN_POINT('',(2.258E+03,-20.,428.));
#9840 = VECTOR('',#9841,1.);
#9841 = DIRECTION('',(0.,1.,0.));
#9842 = PLANE('',#9843);
#9843 = AXIS2_PLACEMENT_3D('',#9844,#9845,#9846);
#9844 = CARTESIAN_POINT('',(2.258E+03,-20.,403.));
#9845 = DIRECTION('',(1.,0.,0.));
#9846 = DIRECTION('',(0.,0.,1.));
#9847 = ADVANCED_FACE('',(#9848),#9864,.F.);
#9848 = FACE_BOUND('',#9849,.F.);
#9849 = EDGE_LOOP('',(#9850,#9856,#9857,#9863));
#9850 = ORIENTED_EDGE('',*,*,#9851,.F.);
#9851 = EDGE_CURVE('',#9772,#9812,#9852,.T.);
#9852 = LINE('',#9853,#9854);
#9853 = CARTESIAN_POINT('',(903.,-20.,403.));
#9854 = VECTOR('',#9855,1.);
#9855 = DIRECTION('',(1.,0.,0.));
#9856 = ORIENTED_EDGE('',*,*,#9771,.T.);
#9857 = ORIENTED_EDGE('',*,*,#9858,.T.);
#9858 = EDGE_CURVE('',#9774,#9814,#9859,.T.);
#9859 = LINE('',#9860,#9861);
#9860 = CARTESIAN_POINT('',(903.,-20.,428.));
#9861 = VECTOR('',#9862,1.);
#9862 = DIRECTION('',(1.,0.,0.));
#9863 = ORIENTED_EDGE('',*,*,#9811,.F.);
#9864 = PLANE('',#9865);
#9865 = AXIS2_PLACEMENT_3D('',#9866,#9867,#9868);
#9866 = CARTESIAN_POINT('',(903.,-20.,403.));
#9867 = DIRECTION('',(0.,1.,0.));
#9868 = DIRECTION('',(0.,0.,1.));
#9869 = ADVANCED_FACE('',(#9870),#9886,.T.);
#9870 = FACE_BOUND('',#9871,.T.);
#9871 = EDGE_LOOP('',(#9872,#9878,#9879,#9885));
#9872 = ORIENTED_EDGE('',*,*,#9873,.F.);
#9873 = EDGE_CURVE('',#9782,#9822,#9874,.T.);
#9874 = LINE('',#9875,#9876);
#9875 = CARTESIAN_POINT('',(903.,0.,403.));
#9876 = VECTOR('',#9877,1.);
#9877 = DIRECTION('',(1.,0.,0.));
#9878 = ORIENTED_EDGE('',*,*,#9789,.T.);
#9879 = ORIENTED_EDGE('',*,*,#9880,.T.);
#9880 = EDGE_CURVE('',#9790,#9830,#9881,.T.);
#9881 = LINE('',#9882,#9883);
#9882 = CARTESIAN_POINT('',(903.,0.,428.));
#9883 = VECTOR('',#9884,1.);
#9884 = DIRECTION('',(1.,0.,0.));
#9885 = ORIENTED_EDGE('',*,*,#9829,.F.);
#9886 = PLANE('',#9887);
#9887 = AXIS2_PLACEMENT_3D('',#9888,#9889,#9890);
#9888 = CARTESIAN_POINT('',(903.,0.,403.));
#9889 = DIRECTION('',(0.,1.,0.));
#9890 = DIRECTION('',(0.,0.,1.));
#9891 = ADVANCED_FACE('',(#9892),#9898,.F.);
#9892 = FACE_BOUND('',#9893,.F.);
#9893 = EDGE_LOOP('',(#9894,#9895,#9896,#9897));
#9894 = ORIENTED_EDGE('',*,*,#9781,.F.);
#9895 = ORIENTED_EDGE('',*,*,#9851,.T.);
#9896 = ORIENTED_EDGE('',*,*,#9821,.T.);
#9897 = ORIENTED_EDGE('',*,*,#9873,.F.);
#9898 = PLANE('',#9899);
#9899 = AXIS2_PLACEMENT_3D('',#9900,#9901,#9902);
#9900 = CARTESIAN_POINT('',(903.,-20.,403.));
#9901 = DIRECTION('',(0.,0.,1.));
#9902 = DIRECTION('',(1.,0.,0.));
#9903 = ADVANCED_FACE('',(#9904),#9910,.T.);
#9904 = FACE_BOUND('',#9905,.T.);
#9905 = EDGE_LOOP('',(#9906,#9907,#9908,#9909));
#9906 = ORIENTED_EDGE('',*,*,#9797,.F.);
#9907 = ORIENTED_EDGE('',*,*,#9858,.T.);
#9908 = ORIENTED_EDGE('',*,*,#9837,.T.);
#9909 = ORIENTED_EDGE('',*,*,#9880,.F.);
#9910 = PLANE('',#9911);
#9911 = AXIS2_PLACEMENT_3D('',#9912,#9913,#9914);
#9912 = CARTESIAN_POINT('',(903.,-20.,428.));
#9913 = DIRECTION('',(0.,0.,1.));
#9914 = DIRECTION('',(1.,0.,0.));
#9915 = MANIFOLD_SOLID_BREP('',#9916);
#9916 = CLOSED_SHELL('',(#9917,#9957,#9997,#10019,#10041,#10053));
#9917 = ADVANCED_FACE('',(#9918),#9952,.F.);
#9918 = FACE_BOUND('',#9919,.F.);
#9919 = EDGE_LOOP('',(#9920,#9930,#9938,#9946));
#9920 = ORIENTED_EDGE('',*,*,#9921,.F.);
#9921 = EDGE_CURVE('',#9922,#9924,#9926,.T.);
#9922 = VERTEX_POINT('',#9923);
#9923 = CARTESIAN_POINT('',(2.258E+03,0.,98.));
#9924 = VERTEX_POINT('',#9925);
#9925 = CARTESIAN_POINT('',(2.258E+03,0.,2.282E+03));
#9926 = LINE('',#9927,#9928);
#9927 = CARTESIAN_POINT('',(2.258E+03,0.,98.));
#9928 = VECTOR('',#9929,1.);
#9929 = DIRECTION('',(0.,0.,1.));
#9930 = ORIENTED_EDGE('',*,*,#9931,.T.);
#9931 = EDGE_CURVE('',#9922,#9932,#9934,.T.);
#9932 = VERTEX_POINT('',#9933);
#9933 = CARTESIAN_POINT('',(2.258E+03,600.,98.));
#9934 = LINE('',#9935,#9936);
#9935 = CARTESIAN_POINT('',(2.258E+03,0.,98.));
#9936 = VECTOR('',#9937,1.);
#9937 = DIRECTION('',(0.,1.,0.));
#9938 = ORIENTED_EDGE('',*,*,#9939,.T.);
#9939 = EDGE_CURVE('',#9932,#9940,#9942,.T.);
#9940 = VERTEX_POINT('',#9941);
#9941 = CARTESIAN_POINT('',(2.258E+03,600.,2.282E+03));
#9942 = LINE('',#9943,#9944);
#9943 = CARTESIAN_POINT('',(2.258E+03,600.,98.));
#9944 = VECTOR('',#9945,1.);
#9945 = DIRECTION('',(0.,0.,1.));
#9946 = ORIENTED_EDGE('',*,*,#9947,.F.);
#9947 = EDGE_CURVE('',#9924,#9940,#9948,.T.);
#9948 = LINE('',#9949,#9950);
#9949 = CARTESIAN_POINT('',(2.258E+03,0.,2.282E+03));
#9950 = VECTOR('',#9951,1.);
#9951 = DIRECTION('',(0.,1.,0.));
#9952 = PLANE('',#9953);
#9953 = AXIS2_PLACEMENT_3D('',#9954,#9955,#9956);
#9954 = CARTESIAN_POINT('',(2.258E+03,0.,98.));
#9955 = DIRECTION('',(1.,0.,0.));
#9956 = DIRECTION('',(0.,0.,1.));
#9957 = ADVANCED_FACE('',(#9958),#9992,.T.);
#9958 = FACE_BOUND('',#9959,.T.);
#9959 = EDGE_LOOP('',(#9960,#9970,#9978,#9986));
#9960 = ORIENTED_EDGE('',*,*,#9961,.F.);
#9961 = EDGE_CURVE('',#9962,#9964,#9966,.T.);
#9962 = VERTEX_POINT('',#9963);
#9963 = CARTESIAN_POINT('',(2.276E+03,0.,98.));
#9964 = VERTEX_POINT('',#9965);
#9965 = CARTESIAN_POINT('',(2.276E+03,0.,2.282E+03));
#9966 = LINE('',#9967,#9968);
#9967 = CARTESIAN_POINT('',(2.276E+03,0.,98.));
#9968 = VECTOR('',#9969,1.);
#9969 = DIRECTION('',(0.,0.,1.));
#9970 = ORIENTED_EDGE('',*,*,#9971,.T.);
#9971 = EDGE_CURVE('',#9962,#9972,#9974,.T.);
#9972 = VERTEX_POINT('',#9973);
#9973 = CARTESIAN_POINT('',(2.276E+03,600.,98.));
#9974 = LINE('',#9975,#9976);
#9975 = CARTESIAN_POINT('',(2.276E+03,0.,98.));
#9976 = VECTOR('',#9977,1.);
#9977 = DIRECTION('',(0.,1.,0.));
#9978 = ORIENTED_EDGE('',*,*,#9979,.T.);
#9979 = EDGE_CURVE('',#9972,#9980,#9982,.T.);
#9980 = VERTEX_POINT('',#9981);
#9981 = CARTESIAN_POINT('',(2.276E+03,600.,2.282E+03));
#9982 = LINE('',#9983,#9984);
#9983 = CARTESIAN_POINT('',(2.276E+03,600.,98.));
#9984 = VECTOR('',#9985,1.);
#9985 = DIRECTION('',(0.,0.,1.));
#9986 = ORIENTED_EDGE('',*,*,#9987,.F.);
#9987 = EDGE_CURVE('',#9964,#9980,#9988,.T.);
#9988 = LINE('',#9989,#9990);
#9989 = CARTESIAN_POINT('',(2.276E+03,0.,2.282E+03));
#9990 = VECTOR('',#9991,1.);
#9991 = DIRECTION('',(0.,1.,0.));
#9992 = PLANE('',#9993);
#9993 = AXIS2_PLACEMENT_3D('',#9994,#9995,#9996);
#9994 = CARTESIAN_POINT('',(2.276E+03,0.,98.));
#9995 = DIRECTION('',(1.,0.,0.));
#9996 = DIRECTION('',(0.,0.,1.));
#9997 = ADVANCED_FACE('',(#9998),#10014,.F.);
#9998 = FACE_BOUND('',#9999,.F.);
#9999 = EDGE_LOOP('',(#10000,#10006,#10007,#10013));
#10000 = ORIENTED_EDGE('',*,*,#10001,.F.);
#10001 = EDGE_CURVE('',#9922,#9962,#10002,.T.);
#10002 = LINE('',#10003,#10004);
#10003 = CARTESIAN_POINT('',(2.258E+03,0.,98.));
#10004 = VECTOR('',#10005,1.);
#10005 = DIRECTION('',(1.,0.,0.));
#10006 = ORIENTED_EDGE('',*,*,#9921,.T.);
#10007 = ORIENTED_EDGE('',*,*,#10008,.T.);
#10008 = EDGE_CURVE('',#9924,#9964,#10009,.T.);
#10009 = LINE('',#10010,#10011);
#10010 = CARTESIAN_POINT('',(2.258E+03,0.,2.282E+03));
#10011 = VECTOR('',#10012,1.);
#10012 = DIRECTION('',(1.,0.,0.));
#10013 = ORIENTED_EDGE('',*,*,#9961,.F.);
#10014 = PLANE('',#10015);
#10015 = AXIS2_PLACEMENT_3D('',#10016,#10017,#10018);
#10016 = CARTESIAN_POINT('',(2.258E+03,0.,98.));
#10017 = DIRECTION('',(0.,1.,0.));
#10018 = DIRECTION('',(0.,0.,1.));
#10019 = ADVANCED_FACE('',(#10020),#10036,.T.);
#10020 = FACE_BOUND('',#10021,.T.);
#10021 = EDGE_LOOP('',(#10022,#10028,#10029,#10035));
#10022 = ORIENTED_EDGE('',*,*,#10023,.F.);
#10023 = EDGE_CURVE('',#9932,#9972,#10024,.T.);
#10024 = LINE('',#10025,#10026);
#10025 = CARTESIAN_POINT('',(2.258E+03,600.,98.));
#10026 = VECTOR('',#10027,1.);
#10027 = DIRECTION('',(1.,0.,0.));
#10028 = ORIENTED_EDGE('',*,*,#9939,.T.);
#10029 = ORIENTED_EDGE('',*,*,#10030,.T.);
#10030 = EDGE_CURVE('',#9940,#9980,#10031,.T.);
#10031 = LINE('',#10032,#10033);
#10032 = CARTESIAN_POINT('',(2.258E+03,600.,2.282E+03));
#10033 = VECTOR('',#10034,1.);
#10034 = DIRECTION('',(1.,0.,0.));
#10035 = ORIENTED_EDGE('',*,*,#9979,.F.);
#10036 = PLANE('',#10037);
#10037 = AXIS2_PLACEMENT_3D('',#10038,#10039,#10040);
#10038 = CARTESIAN_POINT('',(2.258E+03,600.,98.));
#10039 = DIRECTION('',(0.,1.,0.));
#10040 = DIRECTION('',(0.,0.,1.));
#10041 = ADVANCED_FACE('',(#10042),#10048,.F.);
#10042 = FACE_BOUND('',#10043,.F.);
#10043 = EDGE_LOOP('',(#10044,#10045,#10046,#10047));
#10044 = ORIENTED_EDGE('',*,*,#9931,.F.);
#10045 = ORIENTED_EDGE('',*,*,#10001,.T.);
#10046 = ORIENTED_EDGE('',*,*,#9971,.T.);
#10047 = ORIENTED_EDGE('',*,*,#10023,.F.);
#10048 = PLANE('',#10049);
#10049 = AXIS2_PLACEMENT_3D('',#10050,#10051,#10052);
#10050 = CARTESIAN_POINT('',(2.258E+03,0.,98.));
#10051 = DIRECTION('',(0.,0.,1.));
#10052 = DIRECTION('',(1.,0.,0.));
#10053 = ADVANCED_FACE('',(#10054),#10060,.T.);
#10054 = FACE_BOUND('',#10055,.T.);
#10055 = EDGE_LOOP('',(#10056,#10057,#10058,#10059));
#10056 = ORIENTED_EDGE('',*,*,#9947,.F.);
#10057 = ORIENTED_EDGE('',*,*,#10008,.T.);
#10058 = ORIENTED_EDGE('',*,*,#9987,.T.);
#10059 = ORIENTED_EDGE('',*,*,#10030,.F.);
#10060 = PLANE('',#10061);
#10061 = AXIS2_PLACEMENT_3D('',#10062,#10063,#10064);
#10062 = CARTESIAN_POINT('',(2.258E+03,0.,2.282E+03));
#10063 = DIRECTION('',(0.,0.,1.));
#10064 = DIRECTION('',(1.,0.,0.));
#10065 = MANIFOLD_SOLID_BREP('',#10066);
#10066 = CLOSED_SHELL('',(#10067,#10107,#10147,#10169,#10191,#10203));
#10067 = ADVANCED_FACE('',(#10068),#10102,.F.);
#10068 = FACE_BOUND('',#10069,.F.);
#10069 = EDGE_LOOP('',(#10070,#10080,#10088,#10096));
#10070 = ORIENTED_EDGE('',*,*,#10071,.F.);
#10071 = EDGE_CURVE('',#10072,#10074,#10076,.T.);
#10072 = VERTEX_POINT('',#10073);
#10073 = CARTESIAN_POINT('',(2.912E+03,0.,98.));
#10074 = VERTEX_POINT('',#10075);
#10075 = CARTESIAN_POINT('',(2.912E+03,0.,2.282E+03));
#10076 = LINE('',#10077,#10078);
#10077 = CARTESIAN_POINT('',(2.912E+03,0.,98.));
#10078 = VECTOR('',#10079,1.);
#10079 = DIRECTION('',(0.,0.,1.));
#10080 = ORIENTED_EDGE('',*,*,#10081,.T.);
#10081 = EDGE_CURVE('',#10072,#10082,#10084,.T.);
#10082 = VERTEX_POINT('',#10083);
#10083 = CARTESIAN_POINT('',(2.912E+03,600.,98.));
#10084 = LINE('',#10085,#10086);
#10085 = CARTESIAN_POINT('',(2.912E+03,0.,98.));
#10086 = VECTOR('',#10087,1.);
#10087 = DIRECTION('',(0.,1.,0.));
#10088 = ORIENTED_EDGE('',*,*,#10089,.T.);
#10089 = EDGE_CURVE('',#10082,#10090,#10092,.T.);
#10090 = VERTEX_POINT('',#10091);
#10091 = CARTESIAN_POINT('',(2.912E+03,600.,2.282E+03));
#10092 = LINE('',#10093,#10094);
#10093 = CARTESIAN_POINT('',(2.912E+03,600.,98.));
#10094 = VECTOR('',#10095,1.);
#10095 = DIRECTION('',(0.,0.,1.));
#10096 = ORIENTED_EDGE('',*,*,#10097,.F.);
#10097 = EDGE_CURVE('',#10074,#10090,#10098,.T.);
#10098 = LINE('',#10099,#10100);
#10099 = CARTESIAN_POINT('',(2.912E+03,0.,2.282E+03));
#10100 = VECTOR('',#10101,1.);
#10101 = DIRECTION('',(0.,1.,0.));
#10102 = PLANE('',#10103);
#10103 = AXIS2_PLACEMENT_3D('',#10104,#10105,#10106);
#10104 = CARTESIAN_POINT('',(2.912E+03,0.,98.));
#10105 = DIRECTION('',(1.,0.,0.));
#10106 = DIRECTION('',(0.,0.,1.));
#10107 = ADVANCED_FACE('',(#10108),#10142,.T.);
#10108 = FACE_BOUND('',#10109,.T.);
#10109 = EDGE_LOOP('',(#10110,#10120,#10128,#10136));
#10110 = ORIENTED_EDGE('',*,*,#10111,.F.);
#10111 = EDGE_CURVE('',#10112,#10114,#10116,.T.);
#10112 = VERTEX_POINT('',#10113);
#10113 = CARTESIAN_POINT('',(2.93E+03,0.,98.));
#10114 = VERTEX_POINT('',#10115);
#10115 = CARTESIAN_POINT('',(2.93E+03,0.,2.282E+03));
#10116 = LINE('',#10117,#10118);
#10117 = CARTESIAN_POINT('',(2.93E+03,0.,98.));
#10118 = VECTOR('',#10119,1.);
#10119 = DIRECTION('',(0.,0.,1.));
#10120 = ORIENTED_EDGE('',*,*,#10121,.T.);
#10121 = EDGE_CURVE('',#10112,#10122,#10124,.T.);
#10122 = VERTEX_POINT('',#10123);
#10123 = CARTESIAN_POINT('',(2.93E+03,600.,98.));
#10124 = LINE('',#10125,#10126);
#10125 = CARTESIAN_POINT('',(2.93E+03,0.,98.));
#10126 = VECTOR('',#10127,1.);
#10127 = DIRECTION('',(0.,1.,0.));
#10128 = ORIENTED_EDGE('',*,*,#10129,.T.);
#10129 = EDGE_CURVE('',#10122,#10130,#10132,.T.);
#10130 = VERTEX_POINT('',#10131);
#10131 = CARTESIAN_POINT('',(2.93E+03,600.,2.282E+03));
#10132 = LINE('',#10133,#10134);
#10133 = CARTESIAN_POINT('',(2.93E+03,600.,98.));
#10134 = VECTOR('',#10135,1.);
#10135 = DIRECTION('',(0.,0.,1.));
#10136 = ORIENTED_EDGE('',*,*,#10137,.F.);
#10137 = EDGE_CURVE('',#10114,#10130,#10138,.T.);
#10138 = LINE('',#10139,#10140);
#10139 = CARTESIAN_POINT('',(2.93E+03,0.,2.282E+03));
#10140 = VECTOR('',#10141,1.);
#10141 = DIRECTION('',(0.,1.,0.));
#10142 = PLANE('',#10143);
#10143 = AXIS2_PLACEMENT_3D('',#10144,#10145,#10146);
#10144 = CARTESIAN_POINT('',(2.93E+03,0.,98.));
#10145 = DIRECTION('',(1.,0.,0.));
#10146 = DIRECTION('',(0.,0.,1.));
#10147 = ADVANCED_FACE('',(#10148),#10164,.F.);
#10148 = FACE_BOUND('',#10149,.F.);
#10149 = EDGE_LOOP('',(#10150,#10156,#10157,#10163));
#10150 = ORIENTED_EDGE('',*,*,#10151,.F.);
#10151 = EDGE_CURVE('',#10072,#10112,#10152,.T.);
#10152 = LINE('',#10153,#10154);
#10153 = CARTESIAN_POINT('',(2.912E+03,0.,98.));
#10154 = VECTOR('',#10155,1.);
#10155 = DIRECTION('',(1.,0.,0.));
#10156 = ORIENTED_EDGE('',*,*,#10071,.T.);
#10157 = ORIENTED_EDGE('',*,*,#10158,.T.);
#10158 = EDGE_CURVE('',#10074,#10114,#10159,.T.);
#10159 = LINE('',#10160,#10161);
#10160 = CARTESIAN_POINT('',(2.912E+03,0.,2.282E+03));
#10161 = VECTOR('',#10162,1.);
#10162 = DIRECTION('',(1.,0.,0.));
#10163 = ORIENTED_EDGE('',*,*,#10111,.F.);
#10164 = PLANE('',#10165);
#10165 = AXIS2_PLACEMENT_3D('',#10166,#10167,#10168);
#10166 = CARTESIAN_POINT('',(2.912E+03,0.,98.));
#10167 = DIRECTION('',(0.,1.,0.));
#10168 = DIRECTION('',(0.,0.,1.));
#10169 = ADVANCED_FACE('',(#10170),#10186,.T.);
#10170 = FACE_BOUND('',#10171,.T.);
#10171 = EDGE_LOOP('',(#10172,#10178,#10179,#10185));
#10172 = ORIENTED_EDGE('',*,*,#10173,.F.);
#10173 = EDGE_CURVE('',#10082,#10122,#10174,.T.);
#10174 = LINE('',#10175,#10176);
#10175 = CARTESIAN_POINT('',(2.912E+03,600.,98.));
#10176 = VECTOR('',#10177,1.);
#10177 = DIRECTION('',(1.,0.,0.));
#10178 = ORIENTED_EDGE('',*,*,#10089,.T.);
#10179 = ORIENTED_EDGE('',*,*,#10180,.T.);
#10180 = EDGE_CURVE('',#10090,#10130,#10181,.T.);
#10181 = LINE('',#10182,#10183);
#10182 = CARTESIAN_POINT('',(2.912E+03,600.,2.282E+03));
#10183 = VECTOR('',#10184,1.);
#10184 = DIRECTION('',(1.,0.,0.));
#10185 = ORIENTED_EDGE('',*,*,#10129,.F.);
#10186 = PLANE('',#10187);
#10187 = AXIS2_PLACEMENT_3D('',#10188,#10189,#10190);
#10188 = CARTESIAN_POINT('',(2.912E+03,600.,98.));
#10189 = DIRECTION('',(0.,1.,0.));
#10190 = DIRECTION('',(0.,0.,1.));
#10191 = ADVANCED_FACE('',(#10192),#10198,.F.);
#10192 = FACE_BOUND('',#10193,.F.);
#10193 = EDGE_LOOP('',(#10194,#10195,#10196,#10197));
#10194 = ORIENTED_EDGE('',*,*,#10081,.F.);
#10195 = ORIENTED_EDGE('',*,*,#10151,.T.);
#10196 = ORIENTED_EDGE('',*,*,#10121,.T.);
#10197 = ORIENTED_EDGE('',*,*,#10173,.F.);
#10198 = PLANE('',#10199);
#10199 = AXIS2_PLACEMENT_3D('',#10200,#10201,#10202);
#10200 = CARTESIAN_POINT('',(2.912E+03,0.,98.));
#10201 = DIRECTION('',(0.,0.,1.));
#10202 = DIRECTION('',(1.,0.,0.));
#10203 = ADVANCED_FACE('',(#10204),#10210,.T.);
#10204 = FACE_BOUND('',#10205,.T.);
#10205 = EDGE_LOOP('',(#10206,#10207,#10208,#10209));
#10206 = ORIENTED_EDGE('',*,*,#10097,.F.);
#10207 = ORIENTED_EDGE('',*,*,#10158,.T.);
#10208 = ORIENTED_EDGE('',*,*,#10137,.T.);
#10209 = ORIENTED_EDGE('',*,*,#10180,.F.);
#10210 = PLANE('',#10211);
#10211 = AXIS2_PLACEMENT_3D('',#10212,#10213,#10214);
#10212 = CARTESIAN_POINT('',(2.912E+03,0.,2.282E+03));
#10213 = DIRECTION('',(0.,0.,1.));
#10214 = DIRECTION('',(1.,0.,0.));
#10215 = MANIFOLD_SOLID_BREP('',#10216);
#10216 = CLOSED_SHELL('',(#10217,#10257,#10297,#10319,#10341,#10353));
#10217 = ADVANCED_FACE('',(#10218),#10252,.F.);
#10218 = FACE_BOUND('',#10219,.F.);
#10219 = EDGE_LOOP('',(#10220,#10230,#10238,#10246));
#10220 = ORIENTED_EDGE('',*,*,#10221,.F.);
#10221 = EDGE_CURVE('',#10222,#10224,#10226,.T.);
#10222 = VERTEX_POINT('',#10223);
#10223 = CARTESIAN_POINT('',(2.258E+03,0.,80.));
#10224 = VERTEX_POINT('',#10225);
#10225 = CARTESIAN_POINT('',(2.258E+03,0.,98.));
#10226 = LINE('',#10227,#10228);
#10227 = CARTESIAN_POINT('',(2.258E+03,0.,80.));
#10228 = VECTOR('',#10229,1.);
#10229 = DIRECTION('',(0.,0.,1.));
#10230 = ORIENTED_EDGE('',*,*,#10231,.T.);
#10231 = EDGE_CURVE('',#10222,#10232,#10234,.T.);
#10232 = VERTEX_POINT('',#10233);
#10233 = CARTESIAN_POINT('',(2.258E+03,600.,80.));
#10234 = LINE('',#10235,#10236);
#10235 = CARTESIAN_POINT('',(2.258E+03,0.,80.));
#10236 = VECTOR('',#10237,1.);
#10237 = DIRECTION('',(0.,1.,0.));
#10238 = ORIENTED_EDGE('',*,*,#10239,.T.);
#10239 = EDGE_CURVE('',#10232,#10240,#10242,.T.);
#10240 = VERTEX_POINT('',#10241);
#10241 = CARTESIAN_POINT('',(2.258E+03,600.,98.));
#10242 = LINE('',#10243,#10244);
#10243 = CARTESIAN_POINT('',(2.258E+03,600.,80.));
#10244 = VECTOR('',#10245,1.);
#10245 = DIRECTION('',(0.,0.,1.));
#10246 = ORIENTED_EDGE('',*,*,#10247,.F.);
#10247 = EDGE_CURVE('',#10224,#10240,#10248,.T.);
#10248 = LINE('',#10249,#10250);
#10249 = CARTESIAN_POINT('',(2.258E+03,0.,98.));
#10250 = VECTOR('',#10251,1.);
#10251 = DIRECTION('',(0.,1.,0.));
#10252 = PLANE('',#10253);
#10253 = AXIS2_PLACEMENT_3D('',#10254,#10255,#10256);
#10254 = CARTESIAN_POINT('',(2.258E+03,0.,80.));
#10255 = DIRECTION('',(1.,0.,0.));
#10256 = DIRECTION('',(0.,0.,1.));
#10257 = ADVANCED_FACE('',(#10258),#10292,.T.);
#10258 = FACE_BOUND('',#10259,.T.);
#10259 = EDGE_LOOP('',(#10260,#10270,#10278,#10286));
#10260 = ORIENTED_EDGE('',*,*,#10261,.F.);
#10261 = EDGE_CURVE('',#10262,#10264,#10266,.T.);
#10262 = VERTEX_POINT('',#10263);
#10263 = CARTESIAN_POINT('',(2.93E+03,0.,80.));
#10264 = VERTEX_POINT('',#10265);
#10265 = CARTESIAN_POINT('',(2.93E+03,0.,98.));
#10266 = LINE('',#10267,#10268);
#10267 = CARTESIAN_POINT('',(2.93E+03,0.,80.));
#10268 = VECTOR('',#10269,1.);
#10269 = DIRECTION('',(0.,0.,1.));
#10270 = ORIENTED_EDGE('',*,*,#10271,.T.);
#10271 = EDGE_CURVE('',#10262,#10272,#10274,.T.);
#10272 = VERTEX_POINT('',#10273);
#10273 = CARTESIAN_POINT('',(2.93E+03,600.,80.));
#10274 = LINE('',#10275,#10276);
#10275 = CARTESIAN_POINT('',(2.93E+03,0.,80.));
#10276 = VECTOR('',#10277,1.);
#10277 = DIRECTION('',(0.,1.,0.));
#10278 = ORIENTED_EDGE('',*,*,#10279,.T.);
#10279 = EDGE_CURVE('',#10272,#10280,#10282,.T.);
#10280 = VERTEX_POINT('',#10281);
#10281 = CARTESIAN_POINT('',(2.93E+03,600.,98.));
#10282 = LINE('',#10283,#10284);
#10283 = CARTESIAN_POINT('',(2.93E+03,600.,80.));
#10284 = VECTOR('',#10285,1.);
#10285 = DIRECTION('',(0.,0.,1.));
#10286 = ORIENTED_EDGE('',*,*,#10287,.F.);
#10287 = EDGE_CURVE('',#10264,#10280,#10288,.T.);
#10288 = LINE('',#10289,#10290);
#10289 = CARTESIAN_POINT('',(2.93E+03,0.,98.));
#10290 = VECTOR('',#10291,1.);
#10291 = DIRECTION('',(0.,1.,0.));
#10292 = PLANE('',#10293);
#10293 = AXIS2_PLACEMENT_3D('',#10294,#10295,#10296);
#10294 = CARTESIAN_POINT('',(2.93E+03,0.,80.));
#10295 = DIRECTION('',(1.,0.,0.));
#10296 = DIRECTION('',(0.,0.,1.));
#10297 = ADVANCED_FACE('',(#10298),#10314,.F.);
#10298 = FACE_BOUND('',#10299,.F.);
#10299 = EDGE_LOOP('',(#10300,#10306,#10307,#10313));
#10300 = ORIENTED_EDGE('',*,*,#10301,.F.);
#10301 = EDGE_CURVE('',#10222,#10262,#10302,.T.);
#10302 = LINE('',#10303,#10304);
#10303 = CARTESIAN_POINT('',(2.258E+03,0.,80.));
#10304 = VECTOR('',#10305,1.);
#10305 = DIRECTION('',(1.,0.,0.));
#10306 = ORIENTED_EDGE('',*,*,#10221,.T.);
#10307 = ORIENTED_EDGE('',*,*,#10308,.T.);
#10308 = EDGE_CURVE('',#10224,#10264,#10309,.T.);
#10309 = LINE('',#10310,#10311);
#10310 = CARTESIAN_POINT('',(2.258E+03,0.,98.));
#10311 = VECTOR('',#10312,1.);
#10312 = DIRECTION('',(1.,0.,0.));
#10313 = ORIENTED_EDGE('',*,*,#10261,.F.);
#10314 = PLANE('',#10315);
#10315 = AXIS2_PLACEMENT_3D('',#10316,#10317,#10318);
#10316 = CARTESIAN_POINT('',(2.258E+03,0.,80.));
#10317 = DIRECTION('',(0.,1.,0.));
#10318 = DIRECTION('',(0.,0.,1.));
#10319 = ADVANCED_FACE('',(#10320),#10336,.T.);
#10320 = FACE_BOUND('',#10321,.T.);
#10321 = EDGE_LOOP('',(#10322,#10328,#10329,#10335));
#10322 = ORIENTED_EDGE('',*,*,#10323,.F.);
#10323 = EDGE_CURVE('',#10232,#10272,#10324,.T.);
#10324 = LINE('',#10325,#10326);
#10325 = CARTESIAN_POINT('',(2.258E+03,600.,80.));
#10326 = VECTOR('',#10327,1.);
#10327 = DIRECTION('',(1.,0.,0.));
#10328 = ORIENTED_EDGE('',*,*,#10239,.T.);
#10329 = ORIENTED_EDGE('',*,*,#10330,.T.);
#10330 = EDGE_CURVE('',#10240,#10280,#10331,.T.);
#10331 = LINE('',#10332,#10333);
#10332 = CARTESIAN_POINT('',(2.258E+03,600.,98.));
#10333 = VECTOR('',#10334,1.);
#10334 = DIRECTION('',(1.,0.,0.));
#10335 = ORIENTED_EDGE('',*,*,#10279,.F.);
#10336 = PLANE('',#10337);
#10337 = AXIS2_PLACEMENT_3D('',#10338,#10339,#10340);
#10338 = CARTESIAN_POINT('',(2.258E+03,600.,80.));
#10339 = DIRECTION('',(0.,1.,0.));
#10340 = DIRECTION('',(0.,0.,1.));
#10341 = ADVANCED_FACE('',(#10342),#10348,.F.);
#10342 = FACE_BOUND('',#10343,.F.);
#10343 = EDGE_LOOP('',(#10344,#10345,#10346,#10347));
#10344 = ORIENTED_EDGE('',*,*,#10231,.F.);
#10345 = ORIENTED_EDGE('',*,*,#10301,.T.);
#10346 = ORIENTED_EDGE('',*,*,#10271,.T.);
#10347 = ORIENTED_EDGE('',*,*,#10323,.F.);
#10348 = PLANE('',#10349);
#10349 = AXIS2_PLACEMENT_3D('',#10350,#10351,#10352);
#10350 = CARTESIAN_POINT('',(2.258E+03,0.,80.));
#10351 = DIRECTION('',(0.,0.,1.));
#10352 = DIRECTION('',(1.,0.,0.));
#10353 = ADVANCED_FACE('',(#10354),#10360,.T.);
#10354 = FACE_BOUND('',#10355,.T.);
#10355 = EDGE_LOOP('',(#10356,#10357,#10358,#10359));
#10356 = ORIENTED_EDGE('',*,*,#10247,.F.);
#10357 = ORIENTED_EDGE('',*,*,#10308,.T.);
#10358 = ORIENTED_EDGE('',*,*,#10287,.T.);
#10359 = ORIENTED_EDGE('',*,*,#10330,.F.);
#10360 = PLANE('',#10361);
#10361 = AXIS2_PLACEMENT_3D('',#10362,#10363,#10364);
#10362 = CARTESIAN_POINT('',(2.258E+03,0.,98.));
#10363 = DIRECTION('',(0.,0.,1.));
#10364 = DIRECTION('',(1.,0.,0.));
#10365 = MANIFOLD_SOLID_BREP('',#10366);
#10366 = CLOSED_SHELL('',(#10367,#10407,#10447,#10469,#10491,#10503));
#10367 = ADVANCED_FACE('',(#10368),#10402,.F.);
#10368 = FACE_BOUND('',#10369,.F.);
#10369 = EDGE_LOOP('',(#10370,#10380,#10388,#10396));
#10370 = ORIENTED_EDGE('',*,*,#10371,.F.);
#10371 = EDGE_CURVE('',#10372,#10374,#10376,.T.);
#10372 = VERTEX_POINT('',#10373);
#10373 = CARTESIAN_POINT('',(2.288E+03,30.,0.));
#10374 = VERTEX_POINT('',#10375);
#10375 = CARTESIAN_POINT('',(2.288E+03,30.,80.));
#10376 = LINE('',#10377,#10378);
#10377 = CARTESIAN_POINT('',(2.288E+03,30.,0.));
#10378 = VECTOR('',#10379,1.);
#10379 = DIRECTION('',(0.,0.,1.));
#10380 = ORIENTED_EDGE('',*,*,#10381,.T.);
#10381 = EDGE_CURVE('',#10372,#10382,#10384,.T.);
#10382 = VERTEX_POINT('',#10383);
#10383 = CARTESIAN_POINT('',(2.288E+03,70.,0.));
#10384 = LINE('',#10385,#10386);
#10385 = CARTESIAN_POINT('',(2.288E+03,30.,0.));
#10386 = VECTOR('',#10387,1.);
#10387 = DIRECTION('',(0.,1.,0.));
#10388 = ORIENTED_EDGE('',*,*,#10389,.T.);
#10389 = EDGE_CURVE('',#10382,#10390,#10392,.T.);
#10390 = VERTEX_POINT('',#10391);
#10391 = CARTESIAN_POINT('',(2.288E+03,70.,80.));
#10392 = LINE('',#10393,#10394);
#10393 = CARTESIAN_POINT('',(2.288E+03,70.,0.));
#10394 = VECTOR('',#10395,1.);
#10395 = DIRECTION('',(0.,0.,1.));
#10396 = ORIENTED_EDGE('',*,*,#10397,.F.);
#10397 = EDGE_CURVE('',#10374,#10390,#10398,.T.);
#10398 = LINE('',#10399,#10400);
#10399 = CARTESIAN_POINT('',(2.288E+03,30.,80.));
#10400 = VECTOR('',#10401,1.);
#10401 = DIRECTION('',(0.,1.,0.));
#10402 = PLANE('',#10403);
#10403 = AXIS2_PLACEMENT_3D('',#10404,#10405,#10406);
#10404 = CARTESIAN_POINT('',(2.288E+03,30.,0.));
#10405 = DIRECTION('',(1.,0.,0.));
#10406 = DIRECTION('',(0.,0.,1.));
#10407 = ADVANCED_FACE('',(#10408),#10442,.T.);
#10408 = FACE_BOUND('',#10409,.T.);
#10409 = EDGE_LOOP('',(#10410,#10420,#10428,#10436));
#10410 = ORIENTED_EDGE('',*,*,#10411,.F.);
#10411 = EDGE_CURVE('',#10412,#10414,#10416,.T.);
#10412 = VERTEX_POINT('',#10413);
#10413 = CARTESIAN_POINT('',(2.328E+03,30.,0.));
#10414 = VERTEX_POINT('',#10415);
#10415 = CARTESIAN_POINT('',(2.328E+03,30.,80.));
#10416 = LINE('',#10417,#10418);
#10417 = CARTESIAN_POINT('',(2.328E+03,30.,0.));
#10418 = VECTOR('',#10419,1.);
#10419 = DIRECTION('',(0.,0.,1.));
#10420 = ORIENTED_EDGE('',*,*,#10421,.T.);
#10421 = EDGE_CURVE('',#10412,#10422,#10424,.T.);
#10422 = VERTEX_POINT('',#10423);
#10423 = CARTESIAN_POINT('',(2.328E+03,70.,0.));
#10424 = LINE('',#10425,#10426);
#10425 = CARTESIAN_POINT('',(2.328E+03,30.,0.));
#10426 = VECTOR('',#10427,1.);
#10427 = DIRECTION('',(0.,1.,0.));
#10428 = ORIENTED_EDGE('',*,*,#10429,.T.);
#10429 = EDGE_CURVE('',#10422,#10430,#10432,.T.);
#10430 = VERTEX_POINT('',#10431);
#10431 = CARTESIAN_POINT('',(2.328E+03,70.,80.));
#10432 = LINE('',#10433,#10434);
#10433 = CARTESIAN_POINT('',(2.328E+03,70.,0.));
#10434 = VECTOR('',#10435,1.);
#10435 = DIRECTION('',(0.,0.,1.));
#10436 = ORIENTED_EDGE('',*,*,#10437,.F.);
#10437 = EDGE_CURVE('',#10414,#10430,#10438,.T.);
#10438 = LINE('',#10439,#10440);
#10439 = CARTESIAN_POINT('',(2.328E+03,30.,80.));
#10440 = VECTOR('',#10441,1.);
#10441 = DIRECTION('',(0.,1.,0.));
#10442 = PLANE('',#10443);
#10443 = AXIS2_PLACEMENT_3D('',#10444,#10445,#10446);
#10444 = CARTESIAN_POINT('',(2.328E+03,30.,0.));
#10445 = DIRECTION('',(1.,0.,0.));
#10446 = DIRECTION('',(0.,0.,1.));
#10447 = ADVANCED_FACE('',(#10448),#10464,.F.);
#10448 = FACE_BOUND('',#10449,.F.);
#10449 = EDGE_LOOP('',(#10450,#10456,#10457,#10463));
#10450 = ORIENTED_EDGE('',*,*,#10451,.F.);
#10451 = EDGE_CURVE('',#10372,#10412,#10452,.T.);
#10452 = LINE('',#10453,#10454);
#10453 = CARTESIAN_POINT('',(2.288E+03,30.,0.));
#10454 = VECTOR('',#10455,1.);
#10455 = DIRECTION('',(1.,0.,0.));
#10456 = ORIENTED_EDGE('',*,*,#10371,.T.);
#10457 = ORIENTED_EDGE('',*,*,#10458,.T.);
#10458 = EDGE_CURVE('',#10374,#10414,#10459,.T.);
#10459 = LINE('',#10460,#10461);
#10460 = CARTESIAN_POINT('',(2.288E+03,30.,80.));
#10461 = VECTOR('',#10462,1.);
#10462 = DIRECTION('',(1.,0.,0.));
#10463 = ORIENTED_EDGE('',*,*,#10411,.F.);
#10464 = PLANE('',#10465);
#10465 = AXIS2_PLACEMENT_3D('',#10466,#10467,#10468);
#10466 = CARTESIAN_POINT('',(2.288E+03,30.,0.));
#10467 = DIRECTION('',(0.,1.,0.));
#10468 = DIRECTION('',(0.,0.,1.));
#10469 = ADVANCED_FACE('',(#10470),#10486,.T.);
#10470 = FACE_BOUND('',#10471,.T.);
#10471 = EDGE_LOOP('',(#10472,#10478,#10479,#10485));
#10472 = ORIENTED_EDGE('',*,*,#10473,.F.);
#10473 = EDGE_CURVE('',#10382,#10422,#10474,.T.);
#10474 = LINE('',#10475,#10476);
#10475 = CARTESIAN_POINT('',(2.288E+03,70.,0.));
#10476 = VECTOR('',#10477,1.);
#10477 = DIRECTION('',(1.,0.,0.));
#10478 = ORIENTED_EDGE('',*,*,#10389,.T.);
#10479 = ORIENTED_EDGE('',*,*,#10480,.T.);
#10480 = EDGE_CURVE('',#10390,#10430,#10481,.T.);
#10481 = LINE('',#10482,#10483);
#10482 = CARTESIAN_POINT('',(2.288E+03,70.,80.));
#10483 = VECTOR('',#10484,1.);
#10484 = DIRECTION('',(1.,0.,0.));
#10485 = ORIENTED_EDGE('',*,*,#10429,.F.);
#10486 = PLANE('',#10487);
#10487 = AXIS2_PLACEMENT_3D('',#10488,#10489,#10490);
#10488 = CARTESIAN_POINT('',(2.288E+03,70.,0.));
#10489 = DIRECTION('',(0.,1.,0.));
#10490 = DIRECTION('',(0.,0.,1.));
#10491 = ADVANCED_FACE('',(#10492),#10498,.F.);
#10492 = FACE_BOUND('',#10493,.F.);
#10493 = EDGE_LOOP('',(#10494,#10495,#10496,#10497));
#10494 = ORIENTED_EDGE('',*,*,#10381,.F.);
#10495 = ORIENTED_EDGE('',*,*,#10451,.T.);
#10496 = ORIENTED_EDGE('',*,*,#10421,.T.);
#10497 = ORIENTED_EDGE('',*,*,#10473,.F.);
#10498 = PLANE('',#10499);
#10499 = AXIS2_PLACEMENT_3D('',#10500,#10501,#10502);
#10500 = CARTESIAN_POINT('',(2.288E+03,30.,0.));
#10501 = DIRECTION('',(0.,0.,1.));
#10502 = DIRECTION('',(1.,0.,0.));
#10503 = ADVANCED_FACE('',(#10504),#10510,.T.);
#10504 = FACE_BOUND('',#10505,.T.);
#10505 = EDGE_LOOP('',(#10506,#10507,#10508,#10509));
#10506 = ORIENTED_EDGE('',*,*,#10397,.F.);
#10507 = ORIENTED_EDGE('',*,*,#10458,.T.);
#10508 = ORIENTED_EDGE('',*,*,#10437,.T.);
#10509 = ORIENTED_EDGE('',*,*,#10480,.F.);
#10510 = PLANE('',#10511);
#10511 = AXIS2_PLACEMENT_3D('',#10512,#10513,#10514);
#10512 = CARTESIAN_POINT('',(2.288E+03,30.,80.));
#10513 = DIRECTION('',(0.,0.,1.));
#10514 = DIRECTION('',(1.,0.,0.));
#10515 = MANIFOLD_SOLID_BREP('',#10516);
#10516 = CLOSED_SHELL('',(#10517,#10557,#10597,#10619,#10641,#10653));
#10517 = ADVANCED_FACE('',(#10518),#10552,.F.);
#10518 = FACE_BOUND('',#10519,.F.);
#10519 = EDGE_LOOP('',(#10520,#10530,#10538,#10546));
#10520 = ORIENTED_EDGE('',*,*,#10521,.F.);
#10521 = EDGE_CURVE('',#10522,#10524,#10526,.T.);
#10522 = VERTEX_POINT('',#10523);
#10523 = CARTESIAN_POINT('',(2.86E+03,30.,0.));
#10524 = VERTEX_POINT('',#10525);
#10525 = CARTESIAN_POINT('',(2.86E+03,30.,80.));
#10526 = LINE('',#10527,#10528);
#10527 = CARTESIAN_POINT('',(2.86E+03,30.,0.));
#10528 = VECTOR('',#10529,1.);
#10529 = DIRECTION('',(0.,0.,1.));
#10530 = ORIENTED_EDGE('',*,*,#10531,.T.);
#10531 = EDGE_CURVE('',#10522,#10532,#10534,.T.);
#10532 = VERTEX_POINT('',#10533);
#10533 = CARTESIAN_POINT('',(2.86E+03,70.,0.));
#10534 = LINE('',#10535,#10536);
#10535 = CARTESIAN_POINT('',(2.86E+03,30.,0.));
#10536 = VECTOR('',#10537,1.);
#10537 = DIRECTION('',(0.,1.,0.));
#10538 = ORIENTED_EDGE('',*,*,#10539,.T.);
#10539 = EDGE_CURVE('',#10532,#10540,#10542,.T.);
#10540 = VERTEX_POINT('',#10541);
#10541 = CARTESIAN_POINT('',(2.86E+03,70.,80.));
#10542 = LINE('',#10543,#10544);
#10543 = CARTESIAN_POINT('',(2.86E+03,70.,0.));
#10544 = VECTOR('',#10545,1.);
#10545 = DIRECTION('',(0.,0.,1.));
#10546 = ORIENTED_EDGE('',*,*,#10547,.F.);
#10547 = EDGE_CURVE('',#10524,#10540,#10548,.T.);
#10548 = LINE('',#10549,#10550);
#10549 = CARTESIAN_POINT('',(2.86E+03,30.,80.));
#10550 = VECTOR('',#10551,1.);
#10551 = DIRECTION('',(0.,1.,0.));
#10552 = PLANE('',#10553);
#10553 = AXIS2_PLACEMENT_3D('',#10554,#10555,#10556);
#10554 = CARTESIAN_POINT('',(2.86E+03,30.,0.));
#10555 = DIRECTION('',(1.,0.,0.));
#10556 = DIRECTION('',(0.,0.,1.));
#10557 = ADVANCED_FACE('',(#10558),#10592,.T.);
#10558 = FACE_BOUND('',#10559,.T.);
#10559 = EDGE_LOOP('',(#10560,#10570,#10578,#10586));
#10560 = ORIENTED_EDGE('',*,*,#10561,.F.);
#10561 = EDGE_CURVE('',#10562,#10564,#10566,.T.);
#10562 = VERTEX_POINT('',#10563);
#10563 = CARTESIAN_POINT('',(2.9E+03,30.,0.));
#10564 = VERTEX_POINT('',#10565);
#10565 = CARTESIAN_POINT('',(2.9E+03,30.,80.));
#10566 = LINE('',#10567,#10568);
#10567 = CARTESIAN_POINT('',(2.9E+03,30.,0.));
#10568 = VECTOR('',#10569,1.);
#10569 = DIRECTION('',(0.,0.,1.));
#10570 = ORIENTED_EDGE('',*,*,#10571,.T.);
#10571 = EDGE_CURVE('',#10562,#10572,#10574,.T.);
#10572 = VERTEX_POINT('',#10573);
#10573 = CARTESIAN_POINT('',(2.9E+03,70.,0.));
#10574 = LINE('',#10575,#10576);
#10575 = CARTESIAN_POINT('',(2.9E+03,30.,0.));
#10576 = VECTOR('',#10577,1.);
#10577 = DIRECTION('',(0.,1.,0.));
#10578 = ORIENTED_EDGE('',*,*,#10579,.T.);
#10579 = EDGE_CURVE('',#10572,#10580,#10582,.T.);
#10580 = VERTEX_POINT('',#10581);
#10581 = CARTESIAN_POINT('',(2.9E+03,70.,80.));
#10582 = LINE('',#10583,#10584);
#10583 = CARTESIAN_POINT('',(2.9E+03,70.,0.));
#10584 = VECTOR('',#10585,1.);
#10585 = DIRECTION('',(0.,0.,1.));
#10586 = ORIENTED_EDGE('',*,*,#10587,.F.);
#10587 = EDGE_CURVE('',#10564,#10580,#10588,.T.);
#10588 = LINE('',#10589,#10590);
#10589 = CARTESIAN_POINT('',(2.9E+03,30.,80.));
#10590 = VECTOR('',#10591,1.);
#10591 = DIRECTION('',(0.,1.,0.));
#10592 = PLANE('',#10593);
#10593 = AXIS2_PLACEMENT_3D('',#10594,#10595,#10596);
#10594 = CARTESIAN_POINT('',(2.9E+03,30.,0.));
#10595 = DIRECTION('',(1.,0.,0.));
#10596 = DIRECTION('',(0.,0.,1.));
#10597 = ADVANCED_FACE('',(#10598),#10614,.F.);
#10598 = FACE_BOUND('',#10599,.F.);
#10599 = EDGE_LOOP('',(#10600,#10606,#10607,#10613));
#10600 = ORIENTED_EDGE('',*,*,#10601,.F.);
#10601 = EDGE_CURVE('',#10522,#10562,#10602,.T.);
#10602 = LINE('',#10603,#10604);
#10603 = CARTESIAN_POINT('',(2.86E+03,30.,0.));
#10604 = VECTOR('',#10605,1.);
#10605 = DIRECTION('',(1.,0.,0.));
#10606 = ORIENTED_EDGE('',*,*,#10521,.T.);
#10607 = ORIENTED_EDGE('',*,*,#10608,.T.);
#10608 = EDGE_CURVE('',#10524,#10564,#10609,.T.);
#10609 = LINE('',#10610,#10611);
#10610 = CARTESIAN_POINT('',(2.86E+03,30.,80.));
#10611 = VECTOR('',#10612,1.);
#10612 = DIRECTION('',(1.,0.,0.));
#10613 = ORIENTED_EDGE('',*,*,#10561,.F.);
#10614 = PLANE('',#10615);
#10615 = AXIS2_PLACEMENT_3D('',#10616,#10617,#10618);
#10616 = CARTESIAN_POINT('',(2.86E+03,30.,0.));
#10617 = DIRECTION('',(0.,1.,0.));
#10618 = DIRECTION('',(0.,0.,1.));
#10619 = ADVANCED_FACE('',(#10620),#10636,.T.);
#10620 = FACE_BOUND('',#10621,.T.);
#10621 = EDGE_LOOP('',(#10622,#10628,#10629,#10635));
#10622 = ORIENTED_EDGE('',*,*,#10623,.F.);
#10623 = EDGE_CURVE('',#10532,#10572,#10624,.T.);
#10624 = LINE('',#10625,#10626);
#10625 = CARTESIAN_POINT('',(2.86E+03,70.,0.));
#10626 = VECTOR('',#10627,1.);
#10627 = DIRECTION('',(1.,0.,0.));
#10628 = ORIENTED_EDGE('',*,*,#10539,.T.);
#10629 = ORIENTED_EDGE('',*,*,#10630,.T.);
#10630 = EDGE_CURVE('',#10540,#10580,#10631,.T.);
#10631 = LINE('',#10632,#10633);
#10632 = CARTESIAN_POINT('',(2.86E+03,70.,80.));
#10633 = VECTOR('',#10634,1.);
#10634 = DIRECTION('',(1.,0.,0.));
#10635 = ORIENTED_EDGE('',*,*,#10579,.F.);
#10636 = PLANE('',#10637);
#10637 = AXIS2_PLACEMENT_3D('',#10638,#10639,#10640);
#10638 = CARTESIAN_POINT('',(2.86E+03,70.,0.));
#10639 = DIRECTION('',(0.,1.,0.));
#10640 = DIRECTION('',(0.,0.,1.));
#10641 = ADVANCED_FACE('',(#10642),#10648,.F.);
#10642 = FACE_BOUND('',#10643,.F.);
#10643 = EDGE_LOOP('',(#10644,#10645,#10646,#10647));
#10644 = ORIENTED_EDGE('',*,*,#10531,.F.);
#10645 = ORIENTED_EDGE('',*,*,#10601,.T.);
#10646 = ORIENTED_EDGE('',*,*,#10571,.T.);
#10647 = ORIENTED_EDGE('',*,*,#10623,.F.);
#10648 = PLANE('',#10649);
#10649 = AXIS2_PLACEMENT_3D('',#10650,#10651,#10652);
#10650 = CARTESIAN_POINT('',(2.86E+03,30.,0.));
#10651 = DIRECTION('',(0.,0.,1.));
#10652 = DIRECTION('',(1.,0.,0.));
#10653 = ADVANCED_FACE('',(#10654),#10660,.T.);
#10654 = FACE_BOUND('',#10655,.T.);
#10655 = EDGE_LOOP('',(#10656,#10657,#10658,#10659));
#10656 = ORIENTED_EDGE('',*,*,#10547,.F.);
#10657 = ORIENTED_EDGE('',*,*,#10608,.T.);
#10658 = ORIENTED_EDGE('',*,*,#10587,.T.);
#10659 = ORIENTED_EDGE('',*,*,#10630,.F.);
#10660 = PLANE('',#10661);
#10661 = AXIS2_PLACEMENT_3D('',#10662,#10663,#10664);
#10662 = CARTESIAN_POINT('',(2.86E+03,30.,80.));
#10663 = DIRECTION('',(0.,0.,1.));
#10664 = DIRECTION('',(1.,0.,0.));
#10665 = MANIFOLD_SOLID_BREP('',#10666);
#10666 = CLOSED_SHELL('',(#10667,#10707,#10747,#10769,#10791,#10803));
#10667 = ADVANCED_FACE('',(#10668),#10702,.F.);
#10668 = FACE_BOUND('',#10669,.F.);
#10669 = EDGE_LOOP('',(#10670,#10680,#10688,#10696));
#10670 = ORIENTED_EDGE('',*,*,#10671,.F.);
#10671 = EDGE_CURVE('',#10672,#10674,#10676,.T.);
#10672 = VERTEX_POINT('',#10673);
#10673 = CARTESIAN_POINT('',(2.288E+03,530.,0.));
#10674 = VERTEX_POINT('',#10675);
#10675 = CARTESIAN_POINT('',(2.288E+03,530.,80.));
#10676 = LINE('',#10677,#10678);
#10677 = CARTESIAN_POINT('',(2.288E+03,530.,0.));
#10678 = VECTOR('',#10679,1.);
#10679 = DIRECTION('',(0.,0.,1.));
#10680 = ORIENTED_EDGE('',*,*,#10681,.T.);
#10681 = EDGE_CURVE('',#10672,#10682,#10684,.T.);
#10682 = VERTEX_POINT('',#10683);
#10683 = CARTESIAN_POINT('',(2.288E+03,570.,0.));
#10684 = LINE('',#10685,#10686);
#10685 = CARTESIAN_POINT('',(2.288E+03,530.,0.));
#10686 = VECTOR('',#10687,1.);
#10687 = DIRECTION('',(0.,1.,0.));
#10688 = ORIENTED_EDGE('',*,*,#10689,.T.);
#10689 = EDGE_CURVE('',#10682,#10690,#10692,.T.);
#10690 = VERTEX_POINT('',#10691);
#10691 = CARTESIAN_POINT('',(2.288E+03,570.,80.));
#10692 = LINE('',#10693,#10694);
#10693 = CARTESIAN_POINT('',(2.288E+03,570.,0.));
#10694 = VECTOR('',#10695,1.);
#10695 = DIRECTION('',(0.,0.,1.));
#10696 = ORIENTED_EDGE('',*,*,#10697,.F.);
#10697 = EDGE_CURVE('',#10674,#10690,#10698,.T.);
#10698 = LINE('',#10699,#10700);
#10699 = CARTESIAN_POINT('',(2.288E+03,530.,80.));
#10700 = VECTOR('',#10701,1.);
#10701 = DIRECTION('',(0.,1.,0.));
#10702 = PLANE('',#10703);
#10703 = AXIS2_PLACEMENT_3D('',#10704,#10705,#10706);
#10704 = CARTESIAN_POINT('',(2.288E+03,530.,0.));
#10705 = DIRECTION('',(1.,0.,0.));
#10706 = DIRECTION('',(0.,0.,1.));
#10707 = ADVANCED_FACE('',(#10708),#10742,.T.);
#10708 = FACE_BOUND('',#10709,.T.);
#10709 = EDGE_LOOP('',(#10710,#10720,#10728,#10736));
#10710 = ORIENTED_EDGE('',*,*,#10711,.F.);
#10711 = EDGE_CURVE('',#10712,#10714,#10716,.T.);
#10712 = VERTEX_POINT('',#10713);
#10713 = CARTESIAN_POINT('',(2.328E+03,530.,0.));
#10714 = VERTEX_POINT('',#10715);
#10715 = CARTESIAN_POINT('',(2.328E+03,530.,80.));
#10716 = LINE('',#10717,#10718);
#10717 = CARTESIAN_POINT('',(2.328E+03,530.,0.));
#10718 = VECTOR('',#10719,1.);
#10719 = DIRECTION('',(0.,0.,1.));
#10720 = ORIENTED_EDGE('',*,*,#10721,.T.);
#10721 = EDGE_CURVE('',#10712,#10722,#10724,.T.);
#10722 = VERTEX_POINT('',#10723);
#10723 = CARTESIAN_POINT('',(2.328E+03,570.,0.));
#10724 = LINE('',#10725,#10726);
#10725 = CARTESIAN_POINT('',(2.328E+03,530.,0.));
#10726 = VECTOR('',#10727,1.);
#10727 = DIRECTION('',(0.,1.,0.));
#10728 = ORIENTED_EDGE('',*,*,#10729,.T.);
#10729 = EDGE_CURVE('',#10722,#10730,#10732,.T.);
#10730 = VERTEX_POINT('',#10731);
#10731 = CARTESIAN_POINT('',(2.328E+03,570.,80.));
#10732 = LINE('',#10733,#10734);
#10733 = CARTESIAN_POINT('',(2.328E+03,570.,0.));
#10734 = VECTOR('',#10735,1.);
#10735 = DIRECTION('',(0.,0.,1.));
#10736 = ORIENTED_EDGE('',*,*,#10737,.F.);
#10737 = EDGE_CURVE('',#10714,#10730,#10738,.T.);
#10738 = LINE('',#10739,#10740);
#10739 = CARTESIAN_POINT('',(2.328E+03,530.,80.));
#10740 = VECTOR('',#10741,1.);
#10741 = DIRECTION('',(0.,1.,0.));
#10742 = PLANE('',#10743);
#10743 = AXIS2_PLACEMENT_3D('',#10744,#10745,#10746);
#10744 = CARTESIAN_POINT('',(2.328E+03,530.,0.));
#10745 = DIRECTION('',(1.,0.,0.));
#10746 = DIRECTION('',(0.,0.,1.));
#10747 = ADVANCED_FACE('',(#10748),#10764,.F.);
#10748 = FACE_BOUND('',#10749,.F.);
#10749 = EDGE_LOOP('',(#10750,#10756,#10757,#10763));
#10750 = ORIENTED_EDGE('',*,*,#10751,.F.);
#10751 = EDGE_CURVE('',#10672,#10712,#10752,.T.);
#10752 = LINE('',#10753,#10754);
#10753 = CARTESIAN_POINT('',(2.288E+03,530.,0.));
#10754 = VECTOR('',#10755,1.);
#10755 = DIRECTION('',(1.,0.,0.));
#10756 = ORIENTED_EDGE('',*,*,#10671,.T.);
#10757 = ORIENTED_EDGE('',*,*,#10758,.T.);
#10758 = EDGE_CURVE('',#10674,#10714,#10759,.T.);
#10759 = LINE('',#10760,#10761);
#10760 = CARTESIAN_POINT('',(2.288E+03,530.,80.));
#10761 = VECTOR('',#10762,1.);
#10762 = DIRECTION('',(1.,0.,0.));
#10763 = ORIENTED_EDGE('',*,*,#10711,.F.);
#10764 = PLANE('',#10765);
#10765 = AXIS2_PLACEMENT_3D('',#10766,#10767,#10768);
#10766 = CARTESIAN_POINT('',(2.288E+03,530.,0.));
#10767 = DIRECTION('',(0.,1.,0.));
#10768 = DIRECTION('',(0.,0.,1.));
#10769 = ADVANCED_FACE('',(#10770),#10786,.T.);
#10770 = FACE_BOUND('',#10771,.T.);
#10771 = EDGE_LOOP('',(#10772,#10778,#10779,#10785));
#10772 = ORIENTED_EDGE('',*,*,#10773,.F.);
#10773 = EDGE_CURVE('',#10682,#10722,#10774,.T.);
#10774 = LINE('',#10775,#10776);
#10775 = CARTESIAN_POINT('',(2.288E+03,570.,0.));
#10776 = VECTOR('',#10777,1.);
#10777 = DIRECTION('',(1.,0.,0.));
#10778 = ORIENTED_EDGE('',*,*,#10689,.T.);
#10779 = ORIENTED_EDGE('',*,*,#10780,.T.);
#10780 = EDGE_CURVE('',#10690,#10730,#10781,.T.);
#10781 = LINE('',#10782,#10783);
#10782 = CARTESIAN_POINT('',(2.288E+03,570.,80.));
#10783 = VECTOR('',#10784,1.);
#10784 = DIRECTION('',(1.,0.,0.));
#10785 = ORIENTED_EDGE('',*,*,#10729,.F.);
#10786 = PLANE('',#10787);
#10787 = AXIS2_PLACEMENT_3D('',#10788,#10789,#10790);
#10788 = CARTESIAN_POINT('',(2.288E+03,570.,0.));
#10789 = DIRECTION('',(0.,1.,0.));
#10790 = DIRECTION('',(0.,0.,1.));
#10791 = ADVANCED_FACE('',(#10792),#10798,.F.);
#10792 = FACE_BOUND('',#10793,.F.);
#10793 = EDGE_LOOP('',(#10794,#10795,#10796,#10797));
#10794 = ORIENTED_EDGE('',*,*,#10681,.F.);
#10795 = ORIENTED_EDGE('',*,*,#10751,.T.);
#10796 = ORIENTED_EDGE('',*,*,#10721,.T.);
#10797 = ORIENTED_EDGE('',*,*,#10773,.F.);
#10798 = PLANE('',#10799);
#10799 = AXIS2_PLACEMENT_3D('',#10800,#10801,#10802);
#10800 = CARTESIAN_POINT('',(2.288E+03,530.,0.));
#10801 = DIRECTION('',(0.,0.,1.));
#10802 = DIRECTION('',(1.,0.,0.));
#10803 = ADVANCED_FACE('',(#10804),#10810,.T.);
#10804 = FACE_BOUND('',#10805,.T.);
#10805 = EDGE_LOOP('',(#10806,#10807,#10808,#10809));
#10806 = ORIENTED_EDGE('',*,*,#10697,.F.);
#10807 = ORIENTED_EDGE('',*,*,#10758,.T.);
#10808 = ORIENTED_EDGE('',*,*,#10737,.T.);
#10809 = ORIENTED_EDGE('',*,*,#10780,.F.);
#10810 = PLANE('',#10811);
#10811 = AXIS2_PLACEMENT_3D('',#10812,#10813,#10814);
#10812 = CARTESIAN_POINT('',(2.288E+03,530.,80.));
#10813 = DIRECTION('',(0.,0.,1.));
#10814 = DIRECTION('',(1.,0.,0.));
#10815 = MANIFOLD_SOLID_BREP('',#10816);
#10816 = CLOSED_SHELL('',(#10817,#10857,#10897,#10919,#10941,#10953));
#10817 = ADVANCED_FACE('',(#10818),#10852,.F.);
#10818 = FACE_BOUND('',#10819,.F.);
#10819 = EDGE_LOOP('',(#10820,#10830,#10838,#10846));
#10820 = ORIENTED_EDGE('',*,*,#10821,.F.);
#10821 = EDGE_CURVE('',#10822,#10824,#10826,.T.);
#10822 = VERTEX_POINT('',#10823);
#10823 = CARTESIAN_POINT('',(2.86E+03,530.,0.));
#10824 = VERTEX_POINT('',#10825);
#10825 = CARTESIAN_POINT('',(2.86E+03,530.,80.));
#10826 = LINE('',#10827,#10828);
#10827 = CARTESIAN_POINT('',(2.86E+03,530.,0.));
#10828 = VECTOR('',#10829,1.);
#10829 = DIRECTION('',(0.,0.,1.));
#10830 = ORIENTED_EDGE('',*,*,#10831,.T.);
#10831 = EDGE_CURVE('',#10822,#10832,#10834,.T.);
#10832 = VERTEX_POINT('',#10833);
#10833 = CARTESIAN_POINT('',(2.86E+03,570.,0.));
#10834 = LINE('',#10835,#10836);
#10835 = CARTESIAN_POINT('',(2.86E+03,530.,0.));
#10836 = VECTOR('',#10837,1.);
#10837 = DIRECTION('',(0.,1.,0.));
#10838 = ORIENTED_EDGE('',*,*,#10839,.T.);
#10839 = EDGE_CURVE('',#10832,#10840,#10842,.T.);
#10840 = VERTEX_POINT('',#10841);
#10841 = CARTESIAN_POINT('',(2.86E+03,570.,80.));
#10842 = LINE('',#10843,#10844);
#10843 = CARTESIAN_POINT('',(2.86E+03,570.,0.));
#10844 = VECTOR('',#10845,1.);
#10845 = DIRECTION('',(0.,0.,1.));
#10846 = ORIENTED_EDGE('',*,*,#10847,.F.);
#10847 = EDGE_CURVE('',#10824,#10840,#10848,.T.);
#10848 = LINE('',#10849,#10850);
#10849 = CARTESIAN_POINT('',(2.86E+03,530.,80.));
#10850 = VECTOR('',#10851,1.);
#10851 = DIRECTION('',(0.,1.,0.));
#10852 = PLANE('',#10853);
#10853 = AXIS2_PLACEMENT_3D('',#10854,#10855,#10856);
#10854 = CARTESIAN_POINT('',(2.86E+03,530.,0.));
#10855 = DIRECTION('',(1.,0.,0.));
#10856 = DIRECTION('',(0.,0.,1.));
#10857 = ADVANCED_FACE('',(#10858),#10892,.T.);
#10858 = FACE_BOUND('',#10859,.T.);
#10859 = EDGE_LOOP('',(#10860,#10870,#10878,#10886));
#10860 = ORIENTED_EDGE('',*,*,#10861,.F.);
#10861 = EDGE_CURVE('',#10862,#10864,#10866,.T.);
#10862 = VERTEX_POINT('',#10863);
#10863 = CARTESIAN_POINT('',(2.9E+03,530.,0.));
#10864 = VERTEX_POINT('',#10865);
#10865 = CARTESIAN_POINT('',(2.9E+03,530.,80.));
#10866 = LINE('',#10867,#10868);
#10867 = CARTESIAN_POINT('',(2.9E+03,530.,0.));
#10868 = VECTOR('',#10869,1.);
#10869 = DIRECTION('',(0.,0.,1.));
#10870 = ORIENTED_EDGE('',*,*,#10871,.T.);
#10871 = EDGE_CURVE('',#10862,#10872,#10874,.T.);
#10872 = VERTEX_POINT('',#10873);
#10873 = CARTESIAN_POINT('',(2.9E+03,570.,0.));
#10874 = LINE('',#10875,#10876);
#10875 = CARTESIAN_POINT('',(2.9E+03,530.,0.));
#10876 = VECTOR('',#10877,1.);
#10877 = DIRECTION('',(0.,1.,0.));
#10878 = ORIENTED_EDGE('',*,*,#10879,.T.);
#10879 = EDGE_CURVE('',#10872,#10880,#10882,.T.);
#10880 = VERTEX_POINT('',#10881);
#10881 = CARTESIAN_POINT('',(2.9E+03,570.,80.));
#10882 = LINE('',#10883,#10884);
#10883 = CARTESIAN_POINT('',(2.9E+03,570.,0.));
#10884 = VECTOR('',#10885,1.);
#10885 = DIRECTION('',(0.,0.,1.));
#10886 = ORIENTED_EDGE('',*,*,#10887,.F.);
#10887 = EDGE_CURVE('',#10864,#10880,#10888,.T.);
#10888 = LINE('',#10889,#10890);
#10889 = CARTESIAN_POINT('',(2.9E+03,530.,80.));
#10890 = VECTOR('',#10891,1.);
#10891 = DIRECTION('',(0.,1.,0.));
#10892 = PLANE('',#10893);
#10893 = AXIS2_PLACEMENT_3D('',#10894,#10895,#10896);
#10894 = CARTESIAN_POINT('',(2.9E+03,530.,0.));
#10895 = DIRECTION('',(1.,0.,0.));
#10896 = DIRECTION('',(0.,0.,1.));
#10897 = ADVANCED_FACE('',(#10898),#10914,.F.);
#10898 = FACE_BOUND('',#10899,.F.);
#10899 = EDGE_LOOP('',(#10900,#10906,#10907,#10913));
#10900 = ORIENTED_EDGE('',*,*,#10901,.F.);
#10901 = EDGE_CURVE('',#10822,#10862,#10902,.T.);
#10902 = LINE('',#10903,#10904);
#10903 = CARTESIAN_POINT('',(2.86E+03,530.,0.));
#10904 = VECTOR('',#10905,1.);
#10905 = DIRECTION('',(1.,0.,0.));
#10906 = ORIENTED_EDGE('',*,*,#10821,.T.);
#10907 = ORIENTED_EDGE('',*,*,#10908,.T.);
#10908 = EDGE_CURVE('',#10824,#10864,#10909,.T.);
#10909 = LINE('',#10910,#10911);
#10910 = CARTESIAN_POINT('',(2.86E+03,530.,80.));
#10911 = VECTOR('',#10912,1.);
#10912 = DIRECTION('',(1.,0.,0.));
#10913 = ORIENTED_EDGE('',*,*,#10861,.F.);
#10914 = PLANE('',#10915);
#10915 = AXIS2_PLACEMENT_3D('',#10916,#10917,#10918);
#10916 = CARTESIAN_POINT('',(2.86E+03,530.,0.));
#10917 = DIRECTION('',(0.,1.,0.));
#10918 = DIRECTION('',(0.,0.,1.));
#10919 = ADVANCED_FACE('',(#10920),#10936,.T.);
#10920 = FACE_BOUND('',#10921,.T.);
#10921 = EDGE_LOOP('',(#10922,#10928,#10929,#10935));
#10922 = ORIENTED_EDGE('',*,*,#10923,.F.);
#10923 = EDGE_CURVE('',#10832,#10872,#10924,.T.);
#10924 = LINE('',#10925,#10926);
#10925 = CARTESIAN_POINT('',(2.86E+03,570.,0.));
#10926 = VECTOR('',#10927,1.);
#10927 = DIRECTION('',(1.,0.,0.));
#10928 = ORIENTED_EDGE('',*,*,#10839,.T.);
#10929 = ORIENTED_EDGE('',*,*,#10930,.T.);
#10930 = EDGE_CURVE('',#10840,#10880,#10931,.T.);
#10931 = LINE('',#10932,#10933);
#10932 = CARTESIAN_POINT('',(2.86E+03,570.,80.));
#10933 = VECTOR('',#10934,1.);
#10934 = DIRECTION('',(1.,0.,0.));
#10935 = ORIENTED_EDGE('',*,*,#10879,.F.);
#10936 = PLANE('',#10937);
#10937 = AXIS2_PLACEMENT_3D('',#10938,#10939,#10940);
#10938 = CARTESIAN_POINT('',(2.86E+03,570.,0.));
#10939 = DIRECTION('',(0.,1.,0.));
#10940 = DIRECTION('',(0.,0.,1.));
#10941 = ADVANCED_FACE('',(#10942),#10948,.F.);
#10942 = FACE_BOUND('',#10943,.F.);
#10943 = EDGE_LOOP('',(#10944,#10945,#10946,#10947));
#10944 = ORIENTED_EDGE('',*,*,#10831,.F.);
#10945 = ORIENTED_EDGE('',*,*,#10901,.T.);
#10946 = ORIENTED_EDGE('',*,*,#10871,.T.);
#10947 = ORIENTED_EDGE('',*,*,#10923,.F.);
#10948 = PLANE('',#10949);
#10949 = AXIS2_PLACEMENT_3D('',#10950,#10951,#10952);
#10950 = CARTESIAN_POINT('',(2.86E+03,530.,0.));
#10951 = DIRECTION('',(0.,0.,1.));
#10952 = DIRECTION('',(1.,0.,0.));
#10953 = ADVANCED_FACE('',(#10954),#10960,.T.);
#10954 = FACE_BOUND('',#10955,.T.);
#10955 = EDGE_LOOP('',(#10956,#10957,#10958,#10959));
#10956 = ORIENTED_EDGE('',*,*,#10847,.F.);
#10957 = ORIENTED_EDGE('',*,*,#10908,.T.);
#10958 = ORIENTED_EDGE('',*,*,#10887,.T.);
#10959 = ORIENTED_EDGE('',*,*,#10930,.F.);
#10960 = PLANE('',#10961);
#10961 = AXIS2_PLACEMENT_3D('',#10962,#10963,#10964);
#10962 = CARTESIAN_POINT('',(2.86E+03,530.,80.));
#10963 = DIRECTION('',(0.,0.,1.));
#10964 = DIRECTION('',(1.,0.,0.));
#10965 = MANIFOLD_SOLID_BREP('',#10966);
#10966 = CLOSED_SHELL('',(#10967,#11007,#11047,#11069,#11091,#11103));
#10967 = ADVANCED_FACE('',(#10968),#11002,.F.);
#10968 = FACE_BOUND('',#10969,.F.);
#10969 = EDGE_LOOP('',(#10970,#10980,#10988,#10996));
#10970 = ORIENTED_EDGE('',*,*,#10971,.F.);
#10971 = EDGE_CURVE('',#10972,#10974,#10976,.T.);
#10972 = VERTEX_POINT('',#10973);
#10973 = CARTESIAN_POINT('',(2.258E+03,0.,2.282E+03));
#10974 = VERTEX_POINT('',#10975);
#10975 = CARTESIAN_POINT('',(2.258E+03,0.,2.3E+03));
#10976 = LINE('',#10977,#10978);
#10977 = CARTESIAN_POINT('',(2.258E+03,0.,2.282E+03));
#10978 = VECTOR('',#10979,1.);
#10979 = DIRECTION('',(0.,0.,1.));
#10980 = ORIENTED_EDGE('',*,*,#10981,.T.);
#10981 = EDGE_CURVE('',#10972,#10982,#10984,.T.);
#10982 = VERTEX_POINT('',#10983);
#10983 = CARTESIAN_POINT('',(2.258E+03,600.,2.282E+03));
#10984 = LINE('',#10985,#10986);
#10985 = CARTESIAN_POINT('',(2.258E+03,0.,2.282E+03));
#10986 = VECTOR('',#10987,1.);
#10987 = DIRECTION('',(0.,1.,0.));
#10988 = ORIENTED_EDGE('',*,*,#10989,.T.);
#10989 = EDGE_CURVE('',#10982,#10990,#10992,.T.);
#10990 = VERTEX_POINT('',#10991);
#10991 = CARTESIAN_POINT('',(2.258E+03,600.,2.3E+03));
#10992 = LINE('',#10993,#10994);
#10993 = CARTESIAN_POINT('',(2.258E+03,600.,2.282E+03));
#10994 = VECTOR('',#10995,1.);
#10995 = DIRECTION('',(0.,0.,1.));
#10996 = ORIENTED_EDGE('',*,*,#10997,.F.);
#10997 = EDGE_CURVE('',#10974,#10990,#10998,.T.);
#10998 = LINE('',#10999,#11000);
#10999 = CARTESIAN_POINT('',(2.258E+03,0.,2.3E+03));
#11000 = VECTOR('',#11001,1.);
#11001 = DIRECTION('',(0.,1.,0.));
#11002 = PLANE('',#11003);
#11003 = AXIS2_PLACEMENT_3D('',#11004,#11005,#11006);
#11004 = CARTESIAN_POINT('',(2.258E+03,0.,2.282E+03));
#11005 = DIRECTION('',(1.,0.,0.));
#11006 = DIRECTION('',(0.,0.,1.));
#11007 = ADVANCED_FACE('',(#11008),#11042,.T.);
#11008 = FACE_BOUND('',#11009,.T.);
#11009 = EDGE_LOOP('',(#11010,#11020,#11028,#11036));
#11010 = ORIENTED_EDGE('',*,*,#11011,.F.);
#11011 = EDGE_CURVE('',#11012,#11014,#11016,.T.);
#11012 = VERTEX_POINT('',#11013);
#11013 = CARTESIAN_POINT('',(2.93E+03,0.,2.282E+03));
#11014 = VERTEX_POINT('',#11015);
#11015 = CARTESIAN_POINT('',(2.93E+03,0.,2.3E+03));
#11016 = LINE('',#11017,#11018);
#11017 = CARTESIAN_POINT('',(2.93E+03,0.,2.282E+03));
#11018 = VECTOR('',#11019,1.);
#11019 = DIRECTION('',(0.,0.,1.));
#11020 = ORIENTED_EDGE('',*,*,#11021,.T.);
#11021 = EDGE_CURVE('',#11012,#11022,#11024,.T.);
#11022 = VERTEX_POINT('',#11023);
#11023 = CARTESIAN_POINT('',(2.93E+03,600.,2.282E+03));
#11024 = LINE('',#11025,#11026);
#11025 = CARTESIAN_POINT('',(2.93E+03,0.,2.282E+03));
#11026 = VECTOR('',#11027,1.);
#11027 = DIRECTION('',(0.,1.,0.));
#11028 = ORIENTED_EDGE('',*,*,#11029,.T.);
#11029 = EDGE_CURVE('',#11022,#11030,#11032,.T.);
#11030 = VERTEX_POINT('',#11031);
#11031 = CARTESIAN_POINT('',(2.93E+03,600.,2.3E+03));
#11032 = LINE('',#11033,#11034);
#11033 = CARTESIAN_POINT('',(2.93E+03,600.,2.282E+03));
#11034 = VECTOR('',#11035,1.);
#11035 = DIRECTION('',(0.,0.,1.));
#11036 = ORIENTED_EDGE('',*,*,#11037,.F.);
#11037 = EDGE_CURVE('',#11014,#11030,#11038,.T.);
#11038 = LINE('',#11039,#11040);
#11039 = CARTESIAN_POINT('',(2.93E+03,0.,2.3E+03));
#11040 = VECTOR('',#11041,1.);
#11041 = DIRECTION('',(0.,1.,0.));
#11042 = PLANE('',#11043);
#11043 = AXIS2_PLACEMENT_3D('',#11044,#11045,#11046);
#11044 = CARTESIAN_POINT('',(2.93E+03,0.,2.282E+03));
#11045 = DIRECTION('',(1.,0.,0.));
#11046 = DIRECTION('',(0.,0.,1.));
#11047 = ADVANCED_FACE('',(#11048),#11064,.F.);
#11048 = FACE_BOUND('',#11049,.F.);
#11049 = EDGE_LOOP('',(#11050,#11056,#11057,#11063));
#11050 = ORIENTED_EDGE('',*,*,#11051,.F.);
#11051 = EDGE_CURVE('',#10972,#11012,#11052,.T.);
#11052 = LINE('',#11053,#11054);
#11053 = CARTESIAN_POINT('',(2.258E+03,0.,2.282E+03));
#11054 = VECTOR('',#11055,1.);
#11055 = DIRECTION('',(1.,0.,0.));
#11056 = ORIENTED_EDGE('',*,*,#10971,.T.);
#11057 = ORIENTED_EDGE('',*,*,#11058,.T.);
#11058 = EDGE_CURVE('',#10974,#11014,#11059,.T.);
#11059 = LINE('',#11060,#11061);
#11060 = CARTESIAN_POINT('',(2.258E+03,0.,2.3E+03));
#11061 = VECTOR('',#11062,1.);
#11062 = DIRECTION('',(1.,0.,0.));
#11063 = ORIENTED_EDGE('',*,*,#11011,.F.);
#11064 = PLANE('',#11065);
#11065 = AXIS2_PLACEMENT_3D('',#11066,#11067,#11068);
#11066 = CARTESIAN_POINT('',(2.258E+03,0.,2.282E+03));
#11067 = DIRECTION('',(0.,1.,0.));
#11068 = DIRECTION('',(0.,0.,1.));
#11069 = ADVANCED_FACE('',(#11070),#11086,.T.);
#11070 = FACE_BOUND('',#11071,.T.);
#11071 = EDGE_LOOP('',(#11072,#11078,#11079,#11085));
#11072 = ORIENTED_EDGE('',*,*,#11073,.F.);
#11073 = EDGE_CURVE('',#10982,#11022,#11074,.T.);
#11074 = LINE('',#11075,#11076);
#11075 = CARTESIAN_POINT('',(2.258E+03,600.,2.282E+03));
#11076 = VECTOR('',#11077,1.);
#11077 = DIRECTION('',(1.,0.,0.));
#11078 = ORIENTED_EDGE('',*,*,#10989,.T.);
#11079 = ORIENTED_EDGE('',*,*,#11080,.T.);
#11080 = EDGE_CURVE('',#10990,#11030,#11081,.T.);
#11081 = LINE('',#11082,#11083);
#11082 = CARTESIAN_POINT('',(2.258E+03,600.,2.3E+03));
#11083 = VECTOR('',#11084,1.);
#11084 = DIRECTION('',(1.,0.,0.));
#11085 = ORIENTED_EDGE('',*,*,#11029,.F.);
#11086 = PLANE('',#11087);
#11087 = AXIS2_PLACEMENT_3D('',#11088,#11089,#11090);
#11088 = CARTESIAN_POINT('',(2.258E+03,600.,2.282E+03));
#11089 = DIRECTION('',(0.,1.,0.));
#11090 = DIRECTION('',(0.,0.,1.));
#11091 = ADVANCED_FACE('',(#11092),#11098,.F.);
#11092 = FACE_BOUND('',#11093,.F.);
#11093 = EDGE_LOOP('',(#11094,#11095,#11096,#11097));
#11094 = ORIENTED_EDGE('',*,*,#10981,.F.);
#11095 = ORIENTED_EDGE('',*,*,#11051,.T.);
#11096 = ORIENTED_EDGE('',*,*,#11021,.T.);
#11097 = ORIENTED_EDGE('',*,*,#11073,.F.);
#11098 = PLANE('',#11099);
#11099 = AXIS2_PLACEMENT_3D('',#11100,#11101,#11102);
#11100 = CARTESIAN_POINT('',(2.258E+03,0.,2.282E+03));
#11101 = DIRECTION('',(0.,0.,1.));
#11102 = DIRECTION('',(1.,0.,0.));
#11103 = ADVANCED_FACE('',(#11104),#11110,.T.);
#11104 = FACE_BOUND('',#11105,.T.);
#11105 = EDGE_LOOP('',(#11106,#11107,#11108,#11109));
#11106 = ORIENTED_EDGE('',*,*,#10997,.F.);
#11107 = ORIENTED_EDGE('',*,*,#11058,.T.);
#11108 = ORIENTED_EDGE('',*,*,#11037,.T.);
#11109 = ORIENTED_EDGE('',*,*,#11080,.F.);
#11110 = PLANE('',#11111);
#11111 = AXIS2_PLACEMENT_3D('',#11112,#11113,#11114);
#11112 = CARTESIAN_POINT('',(2.258E+03,0.,2.3E+03));
#11113 = DIRECTION('',(0.,0.,1.));
#11114 = DIRECTION('',(1.,0.,0.));
#11115 = MANIFOLD_SOLID_BREP('',#11116);
#11116 = CLOSED_SHELL('',(#11117,#11157,#11197,#11219,#11241,#11253));
#11117 = ADVANCED_FACE('',(#11118),#11152,.F.);
#11118 = FACE_BOUND('',#11119,.F.);
#11119 = EDGE_LOOP('',(#11120,#11130,#11138,#11146));
#11120 = ORIENTED_EDGE('',*,*,#11121,.F.);
#11121 = EDGE_CURVE('',#11122,#11124,#11126,.T.);
#11122 = VERTEX_POINT('',#11123);
#11123 = CARTESIAN_POINT('',(2.276E+03,597.,98.));
#11124 = VERTEX_POINT('',#11125);
#11125 = CARTESIAN_POINT('',(2.276E+03,597.,2.282E+03));
#11126 = LINE('',#11127,#11128);
#11127 = CARTESIAN_POINT('',(2.276E+03,597.,98.));
#11128 = VECTOR('',#11129,1.);
#11129 = DIRECTION('',(0.,0.,1.));
#11130 = ORIENTED_EDGE('',*,*,#11131,.T.);
#11131 = EDGE_CURVE('',#11122,#11132,#11134,.T.);
#11132 = VERTEX_POINT('',#11133);
#11133 = CARTESIAN_POINT('',(2.276E+03,600.,98.));
#11134 = LINE('',#11135,#11136);
#11135 = CARTESIAN_POINT('',(2.276E+03,597.,98.));
#11136 = VECTOR('',#11137,1.);
#11137 = DIRECTION('',(0.,1.,0.));
#11138 = ORIENTED_EDGE('',*,*,#11139,.T.);
#11139 = EDGE_CURVE('',#11132,#11140,#11142,.T.);
#11140 = VERTEX_POINT('',#11141);
#11141 = CARTESIAN_POINT('',(2.276E+03,600.,2.282E+03));
#11142 = LINE('',#11143,#11144);
#11143 = CARTESIAN_POINT('',(2.276E+03,600.,98.));
#11144 = VECTOR('',#11145,1.);
#11145 = DIRECTION('',(0.,0.,1.));
#11146 = ORIENTED_EDGE('',*,*,#11147,.F.);
#11147 = EDGE_CURVE('',#11124,#11140,#11148,.T.);
#11148 = LINE('',#11149,#11150);
#11149 = CARTESIAN_POINT('',(2.276E+03,597.,2.282E+03));
#11150 = VECTOR('',#11151,1.);
#11151 = DIRECTION('',(0.,1.,0.));
#11152 = PLANE('',#11153);
#11153 = AXIS2_PLACEMENT_3D('',#11154,#11155,#11156);
#11154 = CARTESIAN_POINT('',(2.276E+03,597.,98.));
#11155 = DIRECTION('',(1.,0.,0.));
#11156 = DIRECTION('',(0.,0.,1.));
#11157 = ADVANCED_FACE('',(#11158),#11192,.T.);
#11158 = FACE_BOUND('',#11159,.T.);
#11159 = EDGE_LOOP('',(#11160,#11170,#11178,#11186));
#11160 = ORIENTED_EDGE('',*,*,#11161,.F.);
#11161 = EDGE_CURVE('',#11162,#11164,#11166,.T.);
#11162 = VERTEX_POINT('',#11163);
#11163 = CARTESIAN_POINT('',(2.912E+03,597.,98.));
#11164 = VERTEX_POINT('',#11165);
#11165 = CARTESIAN_POINT('',(2.912E+03,597.,2.282E+03));
#11166 = LINE('',#11167,#11168);
#11167 = CARTESIAN_POINT('',(2.912E+03,597.,98.));
#11168 = VECTOR('',#11169,1.);
#11169 = DIRECTION('',(0.,0.,1.));
#11170 = ORIENTED_EDGE('',*,*,#11171,.T.);
#11171 = EDGE_CURVE('',#11162,#11172,#11174,.T.);
#11172 = VERTEX_POINT('',#11173);
#11173 = CARTESIAN_POINT('',(2.912E+03,600.,98.));
#11174 = LINE('',#11175,#11176);
#11175 = CARTESIAN_POINT('',(2.912E+03,597.,98.));
#11176 = VECTOR('',#11177,1.);
#11177 = DIRECTION('',(0.,1.,0.));
#11178 = ORIENTED_EDGE('',*,*,#11179,.T.);
#11179 = EDGE_CURVE('',#11172,#11180,#11182,.T.);
#11180 = VERTEX_POINT('',#11181);
#11181 = CARTESIAN_POINT('',(2.912E+03,600.,2.282E+03));
#11182 = LINE('',#11183,#11184);
#11183 = CARTESIAN_POINT('',(2.912E+03,600.,98.));
#11184 = VECTOR('',#11185,1.);
#11185 = DIRECTION('',(0.,0.,1.));
#11186 = ORIENTED_EDGE('',*,*,#11187,.F.);
#11187 = EDGE_CURVE('',#11164,#11180,#11188,.T.);
#11188 = LINE('',#11189,#11190);
#11189 = CARTESIAN_POINT('',(2.912E+03,597.,2.282E+03));
#11190 = VECTOR('',#11191,1.);
#11191 = DIRECTION('',(0.,1.,0.));
#11192 = PLANE('',#11193);
#11193 = AXIS2_PLACEMENT_3D('',#11194,#11195,#11196);
#11194 = CARTESIAN_POINT('',(2.912E+03,597.,98.));
#11195 = DIRECTION('',(1.,0.,0.));
#11196 = DIRECTION('',(0.,0.,1.));
#11197 = ADVANCED_FACE('',(#11198),#11214,.F.);
#11198 = FACE_BOUND('',#11199,.F.);
#11199 = EDGE_LOOP('',(#11200,#11206,#11207,#11213));
#11200 = ORIENTED_EDGE('',*,*,#11201,.F.);
#11201 = EDGE_CURVE('',#11122,#11162,#11202,.T.);
#11202 = LINE('',#11203,#11204);
#11203 = CARTESIAN_POINT('',(2.276E+03,597.,98.));
#11204 = VECTOR('',#11205,1.);
#11205 = DIRECTION('',(1.,0.,0.));
#11206 = ORIENTED_EDGE('',*,*,#11121,.T.);
#11207 = ORIENTED_EDGE('',*,*,#11208,.T.);
#11208 = EDGE_CURVE('',#11124,#11164,#11209,.T.);
#11209 = LINE('',#11210,#11211);
#11210 = CARTESIAN_POINT('',(2.276E+03,597.,2.282E+03));
#11211 = VECTOR('',#11212,1.);
#11212 = DIRECTION('',(1.,0.,0.));
#11213 = ORIENTED_EDGE('',*,*,#11161,.F.);
#11214 = PLANE('',#11215);
#11215 = AXIS2_PLACEMENT_3D('',#11216,#11217,#11218);
#11216 = CARTESIAN_POINT('',(2.276E+03,597.,98.));
#11217 = DIRECTION('',(0.,1.,0.));
#11218 = DIRECTION('',(0.,0.,1.));
#11219 = ADVANCED_FACE('',(#11220),#11236,.T.);
#11220 = FACE_BOUND('',#11221,.T.);
#11221 = EDGE_LOOP('',(#11222,#11228,#11229,#11235));
#11222 = ORIENTED_EDGE('',*,*,#11223,.F.);
#11223 = EDGE_CURVE('',#11132,#11172,#11224,.T.);
#11224 = LINE('',#11225,#11226);
#11225 = CARTESIAN_POINT('',(2.276E+03,600.,98.));
#11226 = VECTOR('',#11227,1.);
#11227 = DIRECTION('',(1.,0.,0.));
#11228 = ORIENTED_EDGE('',*,*,#11139,.T.);
#11229 = ORIENTED_EDGE('',*,*,#11230,.T.);
#11230 = EDGE_CURVE('',#11140,#11180,#11231,.T.);
#11231 = LINE('',#11232,#11233);
#11232 = CARTESIAN_POINT('',(2.276E+03,600.,2.282E+03));
#11233 = VECTOR('',#11234,1.);
#11234 = DIRECTION('',(1.,0.,0.));
#11235 = ORIENTED_EDGE('',*,*,#11179,.F.);
#11236 = PLANE('',#11237);
#11237 = AXIS2_PLACEMENT_3D('',#11238,#11239,#11240);
#11238 = CARTESIAN_POINT('',(2.276E+03,600.,98.));
#11239 = DIRECTION('',(0.,1.,0.));
#11240 = DIRECTION('',(0.,0.,1.));
#11241 = ADVANCED_FACE('',(#11242),#11248,.F.);
#11242 = FACE_BOUND('',#11243,.F.);
#11243 = EDGE_LOOP('',(#11244,#11245,#11246,#11247));
#11244 = ORIENTED_EDGE('',*,*,#11131,.F.);
#11245 = ORIENTED_EDGE('',*,*,#11201,.T.);
#11246 = ORIENTED_EDGE('',*,*,#11171,.T.);
#11247 = ORIENTED_EDGE('',*,*,#11223,.F.);
#11248 = PLANE('',#11249);
#11249 = AXIS2_PLACEMENT_3D('',#11250,#11251,#11252);
#11250 = CARTESIAN_POINT('',(2.276E+03,597.,98.));
#11251 = DIRECTION('',(0.,0.,1.));
#11252 = DIRECTION('',(1.,0.,0.));
#11253 = ADVANCED_FACE('',(#11254),#11260,.T.);
#11254 = FACE_BOUND('',#11255,.T.);
#11255 = EDGE_LOOP('',(#11256,#11257,#11258,#11259));
#11256 = ORIENTED_EDGE('',*,*,#11147,.F.);
#11257 = ORIENTED_EDGE('',*,*,#11208,.T.);
#11258 = ORIENTED_EDGE('',*,*,#11187,.T.);
#11259 = ORIENTED_EDGE('',*,*,#11230,.F.);
#11260 = PLANE('',#11261);
#11261 = AXIS2_PLACEMENT_3D('',#11262,#11263,#11264);
#11262 = CARTESIAN_POINT('',(2.276E+03,597.,2.282E+03));
#11263 = DIRECTION('',(0.,0.,1.));
#11264 = DIRECTION('',(1.,0.,0.));
#11265 = MANIFOLD_SOLID_BREP('',#11266);
#11266 = CLOSED_SHELL('',(#11267,#11307,#11347,#11369,#11391,#11403));
#11267 = ADVANCED_FACE('',(#11268),#11302,.F.);
#11268 = FACE_BOUND('',#11269,.F.);
#11269 = EDGE_LOOP('',(#11270,#11280,#11288,#11296));
#11270 = ORIENTED_EDGE('',*,*,#11271,.F.);
#11271 = EDGE_CURVE('',#11272,#11274,#11276,.T.);
#11272 = VERTEX_POINT('',#11273);
#11273 = CARTESIAN_POINT('',(2.276E+03,0.,768.));
#11274 = VERTEX_POINT('',#11275);
#11275 = CARTESIAN_POINT('',(2.276E+03,0.,1.367E+03));
#11276 = LINE('',#11277,#11278);
#11277 = CARTESIAN_POINT('',(2.276E+03,0.,768.));
#11278 = VECTOR('',#11279,1.);
#11279 = DIRECTION('',(0.,0.,1.));
#11280 = ORIENTED_EDGE('',*,*,#11281,.T.);
#11281 = EDGE_CURVE('',#11272,#11282,#11284,.T.);
#11282 = VERTEX_POINT('',#11283);
#11283 = CARTESIAN_POINT('',(2.276E+03,60.,768.));
#11284 = LINE('',#11285,#11286);
#11285 = CARTESIAN_POINT('',(2.276E+03,0.,768.));
#11286 = VECTOR('',#11287,1.);
#11287 = DIRECTION('',(0.,1.,0.));
#11288 = ORIENTED_EDGE('',*,*,#11289,.T.);
#11289 = EDGE_CURVE('',#11282,#11290,#11292,.T.);
#11290 = VERTEX_POINT('',#11291);
#11291 = CARTESIAN_POINT('',(2.276E+03,60.,1.367E+03));
#11292 = LINE('',#11293,#11294);
#11293 = CARTESIAN_POINT('',(2.276E+03,60.,768.));
#11294 = VECTOR('',#11295,1.);
#11295 = DIRECTION('',(0.,0.,1.));
#11296 = ORIENTED_EDGE('',*,*,#11297,.F.);
#11297 = EDGE_CURVE('',#11274,#11290,#11298,.T.);
#11298 = LINE('',#11299,#11300);
#11299 = CARTESIAN_POINT('',(2.276E+03,0.,1.367E+03));
#11300 = VECTOR('',#11301,1.);
#11301 = DIRECTION('',(0.,1.,0.));
#11302 = PLANE('',#11303);
#11303 = AXIS2_PLACEMENT_3D('',#11304,#11305,#11306);
#11304 = CARTESIAN_POINT('',(2.276E+03,0.,768.));
#11305 = DIRECTION('',(1.,0.,0.));
#11306 = DIRECTION('',(0.,0.,1.));
#11307 = ADVANCED_FACE('',(#11308),#11342,.T.);
#11308 = FACE_BOUND('',#11309,.T.);
#11309 = EDGE_LOOP('',(#11310,#11320,#11328,#11336));
#11310 = ORIENTED_EDGE('',*,*,#11311,.F.);
#11311 = EDGE_CURVE('',#11312,#11314,#11316,.T.);
#11312 = VERTEX_POINT('',#11313);
#11313 = CARTESIAN_POINT('',(2.294E+03,0.,768.));
#11314 = VERTEX_POINT('',#11315);
#11315 = CARTESIAN_POINT('',(2.294E+03,0.,1.367E+03));
#11316 = LINE('',#11317,#11318);
#11317 = CARTESIAN_POINT('',(2.294E+03,0.,768.));
#11318 = VECTOR('',#11319,1.);
#11319 = DIRECTION('',(0.,0.,1.));
#11320 = ORIENTED_EDGE('',*,*,#11321,.T.);
#11321 = EDGE_CURVE('',#11312,#11322,#11324,.T.);
#11322 = VERTEX_POINT('',#11323);
#11323 = CARTESIAN_POINT('',(2.294E+03,60.,768.));
#11324 = LINE('',#11325,#11326);
#11325 = CARTESIAN_POINT('',(2.294E+03,0.,768.));
#11326 = VECTOR('',#11327,1.);
#11327 = DIRECTION('',(0.,1.,0.));
#11328 = ORIENTED_EDGE('',*,*,#11329,.T.);
#11329 = EDGE_CURVE('',#11322,#11330,#11332,.T.);
#11330 = VERTEX_POINT('',#11331);
#11331 = CARTESIAN_POINT('',(2.294E+03,60.,1.367E+03));
#11332 = LINE('',#11333,#11334);
#11333 = CARTESIAN_POINT('',(2.294E+03,60.,768.));
#11334 = VECTOR('',#11335,1.);
#11335 = DIRECTION('',(0.,0.,1.));
#11336 = ORIENTED_EDGE('',*,*,#11337,.F.);
#11337 = EDGE_CURVE('',#11314,#11330,#11338,.T.);
#11338 = LINE('',#11339,#11340);
#11339 = CARTESIAN_POINT('',(2.294E+03,0.,1.367E+03));
#11340 = VECTOR('',#11341,1.);
#11341 = DIRECTION('',(0.,1.,0.));
#11342 = PLANE('',#11343);
#11343 = AXIS2_PLACEMENT_3D('',#11344,#11345,#11346);
#11344 = CARTESIAN_POINT('',(2.294E+03,0.,768.));
#11345 = DIRECTION('',(1.,0.,0.));
#11346 = DIRECTION('',(0.,0.,1.));
#11347 = ADVANCED_FACE('',(#11348),#11364,.F.);
#11348 = FACE_BOUND('',#11349,.F.);
#11349 = EDGE_LOOP('',(#11350,#11356,#11357,#11363));
#11350 = ORIENTED_EDGE('',*,*,#11351,.F.);
#11351 = EDGE_CURVE('',#11272,#11312,#11352,.T.);
#11352 = LINE('',#11353,#11354);
#11353 = CARTESIAN_POINT('',(2.276E+03,0.,768.));
#11354 = VECTOR('',#11355,1.);
#11355 = DIRECTION('',(1.,0.,0.));
#11356 = ORIENTED_EDGE('',*,*,#11271,.T.);
#11357 = ORIENTED_EDGE('',*,*,#11358,.T.);
#11358 = EDGE_CURVE('',#11274,#11314,#11359,.T.);
#11359 = LINE('',#11360,#11361);
#11360 = CARTESIAN_POINT('',(2.276E+03,0.,1.367E+03));
#11361 = VECTOR('',#11362,1.);
#11362 = DIRECTION('',(1.,0.,0.));
#11363 = ORIENTED_EDGE('',*,*,#11311,.F.);
#11364 = PLANE('',#11365);
#11365 = AXIS2_PLACEMENT_3D('',#11366,#11367,#11368);
#11366 = CARTESIAN_POINT('',(2.276E+03,0.,768.));
#11367 = DIRECTION('',(0.,1.,0.));
#11368 = DIRECTION('',(0.,0.,1.));
#11369 = ADVANCED_FACE('',(#11370),#11386,.T.);
#11370 = FACE_BOUND('',#11371,.T.);
#11371 = EDGE_LOOP('',(#11372,#11378,#11379,#11385));
#11372 = ORIENTED_EDGE('',*,*,#11373,.F.);
#11373 = EDGE_CURVE('',#11282,#11322,#11374,.T.);
#11374 = LINE('',#11375,#11376);
#11375 = CARTESIAN_POINT('',(2.276E+03,60.,768.));
#11376 = VECTOR('',#11377,1.);
#11377 = DIRECTION('',(1.,0.,0.));
#11378 = ORIENTED_EDGE('',*,*,#11289,.T.);
#11379 = ORIENTED_EDGE('',*,*,#11380,.T.);
#11380 = EDGE_CURVE('',#11290,#11330,#11381,.T.);
#11381 = LINE('',#11382,#11383);
#11382 = CARTESIAN_POINT('',(2.276E+03,60.,1.367E+03));
#11383 = VECTOR('',#11384,1.);
#11384 = DIRECTION('',(1.,0.,0.));
#11385 = ORIENTED_EDGE('',*,*,#11329,.F.);
#11386 = PLANE('',#11387);
#11387 = AXIS2_PLACEMENT_3D('',#11388,#11389,#11390);
#11388 = CARTESIAN_POINT('',(2.276E+03,60.,768.));
#11389 = DIRECTION('',(0.,1.,0.));
#11390 = DIRECTION('',(0.,0.,1.));
#11391 = ADVANCED_FACE('',(#11392),#11398,.F.);
#11392 = FACE_BOUND('',#11393,.F.);
#11393 = EDGE_LOOP('',(#11394,#11395,#11396,#11397));
#11394 = ORIENTED_EDGE('',*,*,#11281,.F.);
#11395 = ORIENTED_EDGE('',*,*,#11351,.T.);
#11396 = ORIENTED_EDGE('',*,*,#11321,.T.);
#11397 = ORIENTED_EDGE('',*,*,#11373,.F.);
#11398 = PLANE('',#11399);
#11399 = AXIS2_PLACEMENT_3D('',#11400,#11401,#11402);
#11400 = CARTESIAN_POINT('',(2.276E+03,0.,768.));
#11401 = DIRECTION('',(0.,0.,1.));
#11402 = DIRECTION('',(1.,0.,0.));
#11403 = ADVANCED_FACE('',(#11404),#11410,.T.);
#11404 = FACE_BOUND('',#11405,.T.);
#11405 = EDGE_LOOP('',(#11406,#11407,#11408,#11409));
#11406 = ORIENTED_EDGE('',*,*,#11297,.F.);
#11407 = ORIENTED_EDGE('',*,*,#11358,.T.);
#11408 = ORIENTED_EDGE('',*,*,#11337,.T.);
#11409 = ORIENTED_EDGE('',*,*,#11380,.F.);
#11410 = PLANE('',#11411);
#11411 = AXIS2_PLACEMENT_3D('',#11412,#11413,#11414);
#11412 = CARTESIAN_POINT('',(2.276E+03,0.,1.367E+03));
#11413 = DIRECTION('',(0.,0.,1.));
#11414 = DIRECTION('',(1.,0.,0.));
#11415 = MANIFOLD_SOLID_BREP('',#11416);
#11416 = CLOSED_SHELL('',(#11417,#11457,#11497,#11519,#11541,#11553));
#11417 = ADVANCED_FACE('',(#11418),#11452,.F.);
#11418 = FACE_BOUND('',#11419,.F.);
#11419 = EDGE_LOOP('',(#11420,#11430,#11438,#11446));
#11420 = ORIENTED_EDGE('',*,*,#11421,.F.);
#11421 = EDGE_CURVE('',#11422,#11424,#11426,.T.);
#11422 = VERTEX_POINT('',#11423);
#11423 = CARTESIAN_POINT('',(2.894E+03,0.,768.));
#11424 = VERTEX_POINT('',#11425);
#11425 = CARTESIAN_POINT('',(2.894E+03,0.,1.367E+03));
#11426 = LINE('',#11427,#11428);
#11427 = CARTESIAN_POINT('',(2.894E+03,0.,768.));
#11428 = VECTOR('',#11429,1.);
#11429 = DIRECTION('',(0.,0.,1.));
#11430 = ORIENTED_EDGE('',*,*,#11431,.T.);
#11431 = EDGE_CURVE('',#11422,#11432,#11434,.T.);
#11432 = VERTEX_POINT('',#11433);
#11433 = CARTESIAN_POINT('',(2.894E+03,60.,768.));
#11434 = LINE('',#11435,#11436);
#11435 = CARTESIAN_POINT('',(2.894E+03,0.,768.));
#11436 = VECTOR('',#11437,1.);
#11437 = DIRECTION('',(0.,1.,0.));
#11438 = ORIENTED_EDGE('',*,*,#11439,.T.);
#11439 = EDGE_CURVE('',#11432,#11440,#11442,.T.);
#11440 = VERTEX_POINT('',#11441);
#11441 = CARTESIAN_POINT('',(2.894E+03,60.,1.367E+03));
#11442 = LINE('',#11443,#11444);
#11443 = CARTESIAN_POINT('',(2.894E+03,60.,768.));
#11444 = VECTOR('',#11445,1.);
#11445 = DIRECTION('',(0.,0.,1.));
#11446 = ORIENTED_EDGE('',*,*,#11447,.F.);
#11447 = EDGE_CURVE('',#11424,#11440,#11448,.T.);
#11448 = LINE('',#11449,#11450);
#11449 = CARTESIAN_POINT('',(2.894E+03,0.,1.367E+03));
#11450 = VECTOR('',#11451,1.);
#11451 = DIRECTION('',(0.,1.,0.));
#11452 = PLANE('',#11453);
#11453 = AXIS2_PLACEMENT_3D('',#11454,#11455,#11456);
#11454 = CARTESIAN_POINT('',(2.894E+03,0.,768.));
#11455 = DIRECTION('',(1.,0.,0.));
#11456 = DIRECTION('',(0.,0.,1.));
#11457 = ADVANCED_FACE('',(#11458),#11492,.T.);
#11458 = FACE_BOUND('',#11459,.T.);
#11459 = EDGE_LOOP('',(#11460,#11470,#11478,#11486));
#11460 = ORIENTED_EDGE('',*,*,#11461,.F.);
#11461 = EDGE_CURVE('',#11462,#11464,#11466,.T.);
#11462 = VERTEX_POINT('',#11463);
#11463 = CARTESIAN_POINT('',(2.912E+03,0.,768.));
#11464 = VERTEX_POINT('',#11465);
#11465 = CARTESIAN_POINT('',(2.912E+03,0.,1.367E+03));
#11466 = LINE('',#11467,#11468);
#11467 = CARTESIAN_POINT('',(2.912E+03,0.,768.));
#11468 = VECTOR('',#11469,1.);
#11469 = DIRECTION('',(0.,0.,1.));
#11470 = ORIENTED_EDGE('',*,*,#11471,.T.);
#11471 = EDGE_CURVE('',#11462,#11472,#11474,.T.);
#11472 = VERTEX_POINT('',#11473);
#11473 = CARTESIAN_POINT('',(2.912E+03,60.,768.));
#11474 = LINE('',#11475,#11476);
#11475 = CARTESIAN_POINT('',(2.912E+03,0.,768.));
#11476 = VECTOR('',#11477,1.);
#11477 = DIRECTION('',(0.,1.,0.));
#11478 = ORIENTED_EDGE('',*,*,#11479,.T.);
#11479 = EDGE_CURVE('',#11472,#11480,#11482,.T.);
#11480 = VERTEX_POINT('',#11481);
#11481 = CARTESIAN_POINT('',(2.912E+03,60.,1.367E+03));
#11482 = LINE('',#11483,#11484);
#11483 = CARTESIAN_POINT('',(2.912E+03,60.,768.));
#11484 = VECTOR('',#11485,1.);
#11485 = DIRECTION('',(0.,0.,1.));
#11486 = ORIENTED_EDGE('',*,*,#11487,.F.);
#11487 = EDGE_CURVE('',#11464,#11480,#11488,.T.);
#11488 = LINE('',#11489,#11490);
#11489 = CARTESIAN_POINT('',(2.912E+03,0.,1.367E+03));
#11490 = VECTOR('',#11491,1.);
#11491 = DIRECTION('',(0.,1.,0.));
#11492 = PLANE('',#11493);
#11493 = AXIS2_PLACEMENT_3D('',#11494,#11495,#11496);
#11494 = CARTESIAN_POINT('',(2.912E+03,0.,768.));
#11495 = DIRECTION('',(1.,0.,0.));
#11496 = DIRECTION('',(0.,0.,1.));
#11497 = ADVANCED_FACE('',(#11498),#11514,.F.);
#11498 = FACE_BOUND('',#11499,.F.);
#11499 = EDGE_LOOP('',(#11500,#11506,#11507,#11513));
#11500 = ORIENTED_EDGE('',*,*,#11501,.F.);
#11501 = EDGE_CURVE('',#11422,#11462,#11502,.T.);
#11502 = LINE('',#11503,#11504);
#11503 = CARTESIAN_POINT('',(2.894E+03,0.,768.));
#11504 = VECTOR('',#11505,1.);
#11505 = DIRECTION('',(1.,0.,0.));
#11506 = ORIENTED_EDGE('',*,*,#11421,.T.);
#11507 = ORIENTED_EDGE('',*,*,#11508,.T.);
#11508 = EDGE_CURVE('',#11424,#11464,#11509,.T.);
#11509 = LINE('',#11510,#11511);
#11510 = CARTESIAN_POINT('',(2.894E+03,0.,1.367E+03));
#11511 = VECTOR('',#11512,1.);
#11512 = DIRECTION('',(1.,0.,0.));
#11513 = ORIENTED_EDGE('',*,*,#11461,.F.);
#11514 = PLANE('',#11515);
#11515 = AXIS2_PLACEMENT_3D('',#11516,#11517,#11518);
#11516 = CARTESIAN_POINT('',(2.894E+03,0.,768.));
#11517 = DIRECTION('',(0.,1.,0.));
#11518 = DIRECTION('',(0.,0.,1.));
#11519 = ADVANCED_FACE('',(#11520),#11536,.T.);
#11520 = FACE_BOUND('',#11521,.T.);
#11521 = EDGE_LOOP('',(#11522,#11528,#11529,#11535));
#11522 = ORIENTED_EDGE('',*,*,#11523,.F.);
#11523 = EDGE_CURVE('',#11432,#11472,#11524,.T.);
#11524 = LINE('',#11525,#11526);
#11525 = CARTESIAN_POINT('',(2.894E+03,60.,768.));
#11526 = VECTOR('',#11527,1.);
#11527 = DIRECTION('',(1.,0.,0.));
#11528 = ORIENTED_EDGE('',*,*,#11439,.T.);
#11529 = ORIENTED_EDGE('',*,*,#11530,.T.);
#11530 = EDGE_CURVE('',#11440,#11480,#11531,.T.);
#11531 = LINE('',#11532,#11533);
#11532 = CARTESIAN_POINT('',(2.894E+03,60.,1.367E+03));
#11533 = VECTOR('',#11534,1.);
#11534 = DIRECTION('',(1.,0.,0.));
#11535 = ORIENTED_EDGE('',*,*,#11479,.F.);
#11536 = PLANE('',#11537);
#11537 = AXIS2_PLACEMENT_3D('',#11538,#11539,#11540);
#11538 = CARTESIAN_POINT('',(2.894E+03,60.,768.));
#11539 = DIRECTION('',(0.,1.,0.));
#11540 = DIRECTION('',(0.,0.,1.));
#11541 = ADVANCED_FACE('',(#11542),#11548,.F.);
#11542 = FACE_BOUND('',#11543,.F.);
#11543 = EDGE_LOOP('',(#11544,#11545,#11546,#11547));
#11544 = ORIENTED_EDGE('',*,*,#11431,.F.);
#11545 = ORIENTED_EDGE('',*,*,#11501,.T.);
#11546 = ORIENTED_EDGE('',*,*,#11471,.T.);
#11547 = ORIENTED_EDGE('',*,*,#11523,.F.);
#11548 = PLANE('',#11549);
#11549 = AXIS2_PLACEMENT_3D('',#11550,#11551,#11552);
#11550 = CARTESIAN_POINT('',(2.894E+03,0.,768.));
#11551 = DIRECTION('',(0.,0.,1.));
#11552 = DIRECTION('',(1.,0.,0.));
#11553 = ADVANCED_FACE('',(#11554),#11560,.T.);
#11554 = FACE_BOUND('',#11555,.T.);
#11555 = EDGE_LOOP('',(#11556,#11557,#11558,#11559));
#11556 = ORIENTED_EDGE('',*,*,#11447,.F.);
#11557 = ORIENTED_EDGE('',*,*,#11508,.T.);
#11558 = ORIENTED_EDGE('',*,*,#11487,.T.);
#11559 = ORIENTED_EDGE('',*,*,#11530,.F.);
#11560 = PLANE('',#11561);
#11561 = AXIS2_PLACEMENT_3D('',#11562,#11563,#11564);
#11562 = CARTESIAN_POINT('',(2.894E+03,0.,1.367E+03));
#11563 = DIRECTION('',(0.,0.,1.));
#11564 = DIRECTION('',(1.,0.,0.));
#11565 = MANIFOLD_SOLID_BREP('',#11566);
#11566 = CLOSED_SHELL('',(#11567,#11607,#11647,#11669,#11691,#11703));
#11567 = ADVANCED_FACE('',(#11568),#11602,.F.);
#11568 = FACE_BOUND('',#11569,.F.);
#11569 = EDGE_LOOP('',(#11570,#11580,#11588,#11596));
#11570 = ORIENTED_EDGE('',*,*,#11571,.F.);
#11571 = EDGE_CURVE('',#11572,#11574,#11576,.T.);
#11572 = VERTEX_POINT('',#11573);
#11573 = CARTESIAN_POINT('',(2.276E+03,18.,750.));
#11574 = VERTEX_POINT('',#11575);
#11575 = CARTESIAN_POINT('',(2.276E+03,18.,768.));
#11576 = LINE('',#11577,#11578);
#11577 = CARTESIAN_POINT('',(2.276E+03,18.,750.));
#11578 = VECTOR('',#11579,1.);
#11579 = DIRECTION('',(0.,0.,1.));
#11580 = ORIENTED_EDGE('',*,*,#11581,.T.);
#11581 = EDGE_CURVE('',#11572,#11582,#11584,.T.);
#11582 = VERTEX_POINT('',#11583);
#11583 = CARTESIAN_POINT('',(2.276E+03,600.,750.));
#11584 = LINE('',#11585,#11586);
#11585 = CARTESIAN_POINT('',(2.276E+03,18.,750.));
#11586 = VECTOR('',#11587,1.);
#11587 = DIRECTION('',(0.,1.,0.));
#11588 = ORIENTED_EDGE('',*,*,#11589,.T.);
#11589 = EDGE_CURVE('',#11582,#11590,#11592,.T.);
#11590 = VERTEX_POINT('',#11591);
#11591 = CARTESIAN_POINT('',(2.276E+03,600.,768.));
#11592 = LINE('',#11593,#11594);
#11593 = CARTESIAN_POINT('',(2.276E+03,600.,750.));
#11594 = VECTOR('',#11595,1.);
#11595 = DIRECTION('',(0.,0.,1.));
#11596 = ORIENTED_EDGE('',*,*,#11597,.F.);
#11597 = EDGE_CURVE('',#11574,#11590,#11598,.T.);
#11598 = LINE('',#11599,#11600);
#11599 = CARTESIAN_POINT('',(2.276E+03,18.,768.));
#11600 = VECTOR('',#11601,1.);
#11601 = DIRECTION('',(0.,1.,0.));
#11602 = PLANE('',#11603);
#11603 = AXIS2_PLACEMENT_3D('',#11604,#11605,#11606);
#11604 = CARTESIAN_POINT('',(2.276E+03,18.,750.));
#11605 = DIRECTION('',(1.,0.,0.));
#11606 = DIRECTION('',(0.,0.,1.));
#11607 = ADVANCED_FACE('',(#11608),#11642,.T.);
#11608 = FACE_BOUND('',#11609,.T.);
#11609 = EDGE_LOOP('',(#11610,#11620,#11628,#11636));
#11610 = ORIENTED_EDGE('',*,*,#11611,.F.);
#11611 = EDGE_CURVE('',#11612,#11614,#11616,.T.);
#11612 = VERTEX_POINT('',#11613);
#11613 = CARTESIAN_POINT('',(2.912E+03,18.,750.));
#11614 = VERTEX_POINT('',#11615);
#11615 = CARTESIAN_POINT('',(2.912E+03,18.,768.));
#11616 = LINE('',#11617,#11618);
#11617 = CARTESIAN_POINT('',(2.912E+03,18.,750.));
#11618 = VECTOR('',#11619,1.);
#11619 = DIRECTION('',(0.,0.,1.));
#11620 = ORIENTED_EDGE('',*,*,#11621,.T.);
#11621 = EDGE_CURVE('',#11612,#11622,#11624,.T.);
#11622 = VERTEX_POINT('',#11623);
#11623 = CARTESIAN_POINT('',(2.912E+03,600.,750.));
#11624 = LINE('',#11625,#11626);
#11625 = CARTESIAN_POINT('',(2.912E+03,18.,750.));
#11626 = VECTOR('',#11627,1.);
#11627 = DIRECTION('',(0.,1.,0.));
#11628 = ORIENTED_EDGE('',*,*,#11629,.T.);
#11629 = EDGE_CURVE('',#11622,#11630,#11632,.T.);
#11630 = VERTEX_POINT('',#11631);
#11631 = CARTESIAN_POINT('',(2.912E+03,600.,768.));
#11632 = LINE('',#11633,#11634);
#11633 = CARTESIAN_POINT('',(2.912E+03,600.,750.));
#11634 = VECTOR('',#11635,1.);
#11635 = DIRECTION('',(0.,0.,1.));
#11636 = ORIENTED_EDGE('',*,*,#11637,.F.);
#11637 = EDGE_CURVE('',#11614,#11630,#11638,.T.);
#11638 = LINE('',#11639,#11640);
#11639 = CARTESIAN_POINT('',(2.912E+03,18.,768.));
#11640 = VECTOR('',#11641,1.);
#11641 = DIRECTION('',(0.,1.,0.));
#11642 = PLANE('',#11643);
#11643 = AXIS2_PLACEMENT_3D('',#11644,#11645,#11646);
#11644 = CARTESIAN_POINT('',(2.912E+03,18.,750.));
#11645 = DIRECTION('',(1.,0.,0.));
#11646 = DIRECTION('',(0.,0.,1.));
#11647 = ADVANCED_FACE('',(#11648),#11664,.F.);
#11648 = FACE_BOUND('',#11649,.F.);
#11649 = EDGE_LOOP('',(#11650,#11656,#11657,#11663));
#11650 = ORIENTED_EDGE('',*,*,#11651,.F.);
#11651 = EDGE_CURVE('',#11572,#11612,#11652,.T.);
#11652 = LINE('',#11653,#11654);
#11653 = CARTESIAN_POINT('',(2.276E+03,18.,750.));
#11654 = VECTOR('',#11655,1.);
#11655 = DIRECTION('',(1.,0.,0.));
#11656 = ORIENTED_EDGE('',*,*,#11571,.T.);
#11657 = ORIENTED_EDGE('',*,*,#11658,.T.);
#11658 = EDGE_CURVE('',#11574,#11614,#11659,.T.);
#11659 = LINE('',#11660,#11661);
#11660 = CARTESIAN_POINT('',(2.276E+03,18.,768.));
#11661 = VECTOR('',#11662,1.);
#11662 = DIRECTION('',(1.,0.,0.));
#11663 = ORIENTED_EDGE('',*,*,#11611,.F.);
#11664 = PLANE('',#11665);
#11665 = AXIS2_PLACEMENT_3D('',#11666,#11667,#11668);
#11666 = CARTESIAN_POINT('',(2.276E+03,18.,750.));
#11667 = DIRECTION('',(0.,1.,0.));
#11668 = DIRECTION('',(0.,0.,1.));
#11669 = ADVANCED_FACE('',(#11670),#11686,.T.);
#11670 = FACE_BOUND('',#11671,.T.);
#11671 = EDGE_LOOP('',(#11672,#11678,#11679,#11685));
#11672 = ORIENTED_EDGE('',*,*,#11673,.F.);
#11673 = EDGE_CURVE('',#11582,#11622,#11674,.T.);
#11674 = LINE('',#11675,#11676);
#11675 = CARTESIAN_POINT('',(2.276E+03,600.,750.));
#11676 = VECTOR('',#11677,1.);
#11677 = DIRECTION('',(1.,0.,0.));
#11678 = ORIENTED_EDGE('',*,*,#11589,.T.);
#11679 = ORIENTED_EDGE('',*,*,#11680,.T.);
#11680 = EDGE_CURVE('',#11590,#11630,#11681,.T.);
#11681 = LINE('',#11682,#11683);
#11682 = CARTESIAN_POINT('',(2.276E+03,600.,768.));
#11683 = VECTOR('',#11684,1.);
#11684 = DIRECTION('',(1.,0.,0.));
#11685 = ORIENTED_EDGE('',*,*,#11629,.F.);
#11686 = PLANE('',#11687);
#11687 = AXIS2_PLACEMENT_3D('',#11688,#11689,#11690);
#11688 = CARTESIAN_POINT('',(2.276E+03,600.,750.));
#11689 = DIRECTION('',(0.,1.,0.));
#11690 = DIRECTION('',(0.,0.,1.));
#11691 = ADVANCED_FACE('',(#11692),#11698,.F.);
#11692 = FACE_BOUND('',#11693,.F.);
#11693 = EDGE_LOOP('',(#11694,#11695,#11696,#11697));
#11694 = ORIENTED_EDGE('',*,*,#11581,.F.);
#11695 = ORIENTED_EDGE('',*,*,#11651,.T.);
#11696 = ORIENTED_EDGE('',*,*,#11621,.T.);
#11697 = ORIENTED_EDGE('',*,*,#11673,.F.);
#11698 = PLANE('',#11699);
#11699 = AXIS2_PLACEMENT_3D('',#11700,#11701,#11702);
#11700 = CARTESIAN_POINT('',(2.276E+03,18.,750.));
#11701 = DIRECTION('',(0.,0.,1.));
#11702 = DIRECTION('',(1.,0.,0.));
#11703 = ADVANCED_FACE('',(#11704),#11710,.T.);
#11704 = FACE_BOUND('',#11705,.T.);
#11705 = EDGE_LOOP('',(#11706,#11707,#11708,#11709));
#11706 = ORIENTED_EDGE('',*,*,#11597,.F.);
#11707 = ORIENTED_EDGE('',*,*,#11658,.T.);
#11708 = ORIENTED_EDGE('',*,*,#11637,.T.);
#11709 = ORIENTED_EDGE('',*,*,#11680,.F.);
#11710 = PLANE('',#11711);
#11711 = AXIS2_PLACEMENT_3D('',#11712,#11713,#11714);
#11712 = CARTESIAN_POINT('',(2.276E+03,18.,768.));
#11713 = DIRECTION('',(0.,0.,1.));
#11714 = DIRECTION('',(1.,0.,0.));
#11715 = MANIFOLD_SOLID_BREP('',#11716);
#11716 = CLOSED_SHELL('',(#11717,#11757,#11797,#11819,#11841,#11853));
#11717 = ADVANCED_FACE('',(#11718),#11752,.F.);
#11718 = FACE_BOUND('',#11719,.F.);
#11719 = EDGE_LOOP('',(#11720,#11730,#11738,#11746));
#11720 = ORIENTED_EDGE('',*,*,#11721,.F.);
#11721 = EDGE_CURVE('',#11722,#11724,#11726,.T.);
#11722 = VERTEX_POINT('',#11723);
#11723 = CARTESIAN_POINT('',(2.276E+03,18.,1.362E+03));
#11724 = VERTEX_POINT('',#11725);
#11725 = CARTESIAN_POINT('',(2.276E+03,18.,1.38E+03));
#11726 = LINE('',#11727,#11728);
#11727 = CARTESIAN_POINT('',(2.276E+03,18.,1.362E+03));
#11728 = VECTOR('',#11729,1.);
#11729 = DIRECTION('',(0.,0.,1.));
#11730 = ORIENTED_EDGE('',*,*,#11731,.T.);
#11731 = EDGE_CURVE('',#11722,#11732,#11734,.T.);
#11732 = VERTEX_POINT('',#11733);
#11733 = CARTESIAN_POINT('',(2.276E+03,600.,1.362E+03));
#11734 = LINE('',#11735,#11736);
#11735 = CARTESIAN_POINT('',(2.276E+03,18.,1.362E+03));
#11736 = VECTOR('',#11737,1.);
#11737 = DIRECTION('',(0.,1.,0.));
#11738 = ORIENTED_EDGE('',*,*,#11739,.T.);
#11739 = EDGE_CURVE('',#11732,#11740,#11742,.T.);
#11740 = VERTEX_POINT('',#11741);
#11741 = CARTESIAN_POINT('',(2.276E+03,600.,1.38E+03));
#11742 = LINE('',#11743,#11744);
#11743 = CARTESIAN_POINT('',(2.276E+03,600.,1.362E+03));
#11744 = VECTOR('',#11745,1.);
#11745 = DIRECTION('',(0.,0.,1.));
#11746 = ORIENTED_EDGE('',*,*,#11747,.F.);
#11747 = EDGE_CURVE('',#11724,#11740,#11748,.T.);
#11748 = LINE('',#11749,#11750);
#11749 = CARTESIAN_POINT('',(2.276E+03,18.,1.38E+03));
#11750 = VECTOR('',#11751,1.);
#11751 = DIRECTION('',(0.,1.,0.));
#11752 = PLANE('',#11753);
#11753 = AXIS2_PLACEMENT_3D('',#11754,#11755,#11756);
#11754 = CARTESIAN_POINT('',(2.276E+03,18.,1.362E+03));
#11755 = DIRECTION('',(1.,0.,0.));
#11756 = DIRECTION('',(0.,0.,1.));
#11757 = ADVANCED_FACE('',(#11758),#11792,.T.);
#11758 = FACE_BOUND('',#11759,.T.);
#11759 = EDGE_LOOP('',(#11760,#11770,#11778,#11786));
#11760 = ORIENTED_EDGE('',*,*,#11761,.F.);
#11761 = EDGE_CURVE('',#11762,#11764,#11766,.T.);
#11762 = VERTEX_POINT('',#11763);
#11763 = CARTESIAN_POINT('',(2.912E+03,18.,1.362E+03));
#11764 = VERTEX_POINT('',#11765);
#11765 = CARTESIAN_POINT('',(2.912E+03,18.,1.38E+03));
#11766 = LINE('',#11767,#11768);
#11767 = CARTESIAN_POINT('',(2.912E+03,18.,1.362E+03));
#11768 = VECTOR('',#11769,1.);
#11769 = DIRECTION('',(0.,0.,1.));
#11770 = ORIENTED_EDGE('',*,*,#11771,.T.);
#11771 = EDGE_CURVE('',#11762,#11772,#11774,.T.);
#11772 = VERTEX_POINT('',#11773);
#11773 = CARTESIAN_POINT('',(2.912E+03,600.,1.362E+03));
#11774 = LINE('',#11775,#11776);
#11775 = CARTESIAN_POINT('',(2.912E+03,18.,1.362E+03));
#11776 = VECTOR('',#11777,1.);
#11777 = DIRECTION('',(0.,1.,0.));
#11778 = ORIENTED_EDGE('',*,*,#11779,.T.);
#11779 = EDGE_CURVE('',#11772,#11780,#11782,.T.);
#11780 = VERTEX_POINT('',#11781);
#11781 = CARTESIAN_POINT('',(2.912E+03,600.,1.38E+03));
#11782 = LINE('',#11783,#11784);
#11783 = CARTESIAN_POINT('',(2.912E+03,600.,1.362E+03));
#11784 = VECTOR('',#11785,1.);
#11785 = DIRECTION('',(0.,0.,1.));
#11786 = ORIENTED_EDGE('',*,*,#11787,.F.);
#11787 = EDGE_CURVE('',#11764,#11780,#11788,.T.);
#11788 = LINE('',#11789,#11790);
#11789 = CARTESIAN_POINT('',(2.912E+03,18.,1.38E+03));
#11790 = VECTOR('',#11791,1.);
#11791 = DIRECTION('',(0.,1.,0.));
#11792 = PLANE('',#11793);
#11793 = AXIS2_PLACEMENT_3D('',#11794,#11795,#11796);
#11794 = CARTESIAN_POINT('',(2.912E+03,18.,1.362E+03));
#11795 = DIRECTION('',(1.,0.,0.));
#11796 = DIRECTION('',(0.,0.,1.));
#11797 = ADVANCED_FACE('',(#11798),#11814,.F.);
#11798 = FACE_BOUND('',#11799,.F.);
#11799 = EDGE_LOOP('',(#11800,#11806,#11807,#11813));
#11800 = ORIENTED_EDGE('',*,*,#11801,.F.);
#11801 = EDGE_CURVE('',#11722,#11762,#11802,.T.);
#11802 = LINE('',#11803,#11804);
#11803 = CARTESIAN_POINT('',(2.276E+03,18.,1.362E+03));
#11804 = VECTOR('',#11805,1.);
#11805 = DIRECTION('',(1.,0.,0.));
#11806 = ORIENTED_EDGE('',*,*,#11721,.T.);
#11807 = ORIENTED_EDGE('',*,*,#11808,.T.);
#11808 = EDGE_CURVE('',#11724,#11764,#11809,.T.);
#11809 = LINE('',#11810,#11811);
#11810 = CARTESIAN_POINT('',(2.276E+03,18.,1.38E+03));
#11811 = VECTOR('',#11812,1.);
#11812 = DIRECTION('',(1.,0.,0.));
#11813 = ORIENTED_EDGE('',*,*,#11761,.F.);
#11814 = PLANE('',#11815);
#11815 = AXIS2_PLACEMENT_3D('',#11816,#11817,#11818);
#11816 = CARTESIAN_POINT('',(2.276E+03,18.,1.362E+03));
#11817 = DIRECTION('',(0.,1.,0.));
#11818 = DIRECTION('',(0.,0.,1.));
#11819 = ADVANCED_FACE('',(#11820),#11836,.T.);
#11820 = FACE_BOUND('',#11821,.T.);
#11821 = EDGE_LOOP('',(#11822,#11828,#11829,#11835));
#11822 = ORIENTED_EDGE('',*,*,#11823,.F.);
#11823 = EDGE_CURVE('',#11732,#11772,#11824,.T.);
#11824 = LINE('',#11825,#11826);
#11825 = CARTESIAN_POINT('',(2.276E+03,600.,1.362E+03));
#11826 = VECTOR('',#11827,1.);
#11827 = DIRECTION('',(1.,0.,0.));
#11828 = ORIENTED_EDGE('',*,*,#11739,.T.);
#11829 = ORIENTED_EDGE('',*,*,#11830,.T.);
#11830 = EDGE_CURVE('',#11740,#11780,#11831,.T.);
#11831 = LINE('',#11832,#11833);
#11832 = CARTESIAN_POINT('',(2.276E+03,600.,1.38E+03));
#11833 = VECTOR('',#11834,1.);
#11834 = DIRECTION('',(1.,0.,0.));
#11835 = ORIENTED_EDGE('',*,*,#11779,.F.);
#11836 = PLANE('',#11837);
#11837 = AXIS2_PLACEMENT_3D('',#11838,#11839,#11840);
#11838 = CARTESIAN_POINT('',(2.276E+03,600.,1.362E+03));
#11839 = DIRECTION('',(0.,1.,0.));
#11840 = DIRECTION('',(0.,0.,1.));
#11841 = ADVANCED_FACE('',(#11842),#11848,.F.);
#11842 = FACE_BOUND('',#11843,.F.);
#11843 = EDGE_LOOP('',(#11844,#11845,#11846,#11847));
#11844 = ORIENTED_EDGE('',*,*,#11731,.F.);
#11845 = ORIENTED_EDGE('',*,*,#11801,.T.);
#11846 = ORIENTED_EDGE('',*,*,#11771,.T.);
#11847 = ORIENTED_EDGE('',*,*,#11823,.F.);
#11848 = PLANE('',#11849);
#11849 = AXIS2_PLACEMENT_3D('',#11850,#11851,#11852);
#11850 = CARTESIAN_POINT('',(2.276E+03,18.,1.362E+03));
#11851 = DIRECTION('',(0.,0.,1.));
#11852 = DIRECTION('',(1.,0.,0.));
#11853 = ADVANCED_FACE('',(#11854),#11860,.T.);
#11854 = FACE_BOUND('',#11855,.T.);
#11855 = EDGE_LOOP('',(#11856,#11857,#11858,#11859));
#11856 = ORIENTED_EDGE('',*,*,#11747,.F.);
#11857 = ORIENTED_EDGE('',*,*,#11808,.T.);
#11858 = ORIENTED_EDGE('',*,*,#11787,.T.);
#11859 = ORIENTED_EDGE('',*,*,#11830,.F.);
#11860 = PLANE('',#11861);
#11861 = AXIS2_PLACEMENT_3D('',#11862,#11863,#11864);
#11862 = CARTESIAN_POINT('',(2.276E+03,18.,1.38E+03));
#11863 = DIRECTION('',(0.,0.,1.));
#11864 = DIRECTION('',(1.,0.,0.));
#11865 = MANIFOLD_SOLID_BREP('',#11866);
#11866 = CLOSED_SHELL('',(#11867,#11907,#11947,#11969,#11991,#12003));
#11867 = ADVANCED_FACE('',(#11868),#11902,.F.);
#11868 = FACE_BOUND('',#11869,.F.);
#11869 = EDGE_LOOP('',(#11870,#11880,#11888,#11896));
#11870 = ORIENTED_EDGE('',*,*,#11871,.F.);
#11871 = EDGE_CURVE('',#11872,#11874,#11876,.T.);
#11872 = VERTEX_POINT('',#11873);
#11873 = CARTESIAN_POINT('',(2.276E+03,0.,1.8E+03));
#11874 = VERTEX_POINT('',#11875);
#11875 = CARTESIAN_POINT('',(2.276E+03,0.,1.818E+03));
#11876 = LINE('',#11877,#11878);
#11877 = CARTESIAN_POINT('',(2.276E+03,0.,1.8E+03));
#11878 = VECTOR('',#11879,1.);
#11879 = DIRECTION('',(0.,0.,1.));
#11880 = ORIENTED_EDGE('',*,*,#11881,.T.);
#11881 = EDGE_CURVE('',#11872,#11882,#11884,.T.);
#11882 = VERTEX_POINT('',#11883);
#11883 = CARTESIAN_POINT('',(2.276E+03,600.,1.8E+03));
#11884 = LINE('',#11885,#11886);
#11885 = CARTESIAN_POINT('',(2.276E+03,0.,1.8E+03));
#11886 = VECTOR('',#11887,1.);
#11887 = DIRECTION('',(0.,1.,0.));
#11888 = ORIENTED_EDGE('',*,*,#11889,.T.);
#11889 = EDGE_CURVE('',#11882,#11890,#11892,.T.);
#11890 = VERTEX_POINT('',#11891);
#11891 = CARTESIAN_POINT('',(2.276E+03,600.,1.818E+03));
#11892 = LINE('',#11893,#11894);
#11893 = CARTESIAN_POINT('',(2.276E+03,600.,1.8E+03));
#11894 = VECTOR('',#11895,1.);
#11895 = DIRECTION('',(0.,0.,1.));
#11896 = ORIENTED_EDGE('',*,*,#11897,.F.);
#11897 = EDGE_CURVE('',#11874,#11890,#11898,.T.);
#11898 = LINE('',#11899,#11900);
#11899 = CARTESIAN_POINT('',(2.276E+03,0.,1.818E+03));
#11900 = VECTOR('',#11901,1.);
#11901 = DIRECTION('',(0.,1.,0.));
#11902 = PLANE('',#11903);
#11903 = AXIS2_PLACEMENT_3D('',#11904,#11905,#11906);
#11904 = CARTESIAN_POINT('',(2.276E+03,0.,1.8E+03));
#11905 = DIRECTION('',(1.,0.,0.));
#11906 = DIRECTION('',(0.,0.,1.));
#11907 = ADVANCED_FACE('',(#11908),#11942,.T.);
#11908 = FACE_BOUND('',#11909,.T.);
#11909 = EDGE_LOOP('',(#11910,#11920,#11928,#11936));
#11910 = ORIENTED_EDGE('',*,*,#11911,.F.);
#11911 = EDGE_CURVE('',#11912,#11914,#11916,.T.);
#11912 = VERTEX_POINT('',#11913);
#11913 = CARTESIAN_POINT('',(2.912E+03,0.,1.8E+03));
#11914 = VERTEX_POINT('',#11915);
#11915 = CARTESIAN_POINT('',(2.912E+03,0.,1.818E+03));
#11916 = LINE('',#11917,#11918);
#11917 = CARTESIAN_POINT('',(2.912E+03,0.,1.8E+03));
#11918 = VECTOR('',#11919,1.);
#11919 = DIRECTION('',(0.,0.,1.));
#11920 = ORIENTED_EDGE('',*,*,#11921,.T.);
#11921 = EDGE_CURVE('',#11912,#11922,#11924,.T.);
#11922 = VERTEX_POINT('',#11923);
#11923 = CARTESIAN_POINT('',(2.912E+03,600.,1.8E+03));
#11924 = LINE('',#11925,#11926);
#11925 = CARTESIAN_POINT('',(2.912E+03,0.,1.8E+03));
#11926 = VECTOR('',#11927,1.);
#11927 = DIRECTION('',(0.,1.,0.));
#11928 = ORIENTED_EDGE('',*,*,#11929,.T.);
#11929 = EDGE_CURVE('',#11922,#11930,#11932,.T.);
#11930 = VERTEX_POINT('',#11931);
#11931 = CARTESIAN_POINT('',(2.912E+03,600.,1.818E+03));
#11932 = LINE('',#11933,#11934);
#11933 = CARTESIAN_POINT('',(2.912E+03,600.,1.8E+03));
#11934 = VECTOR('',#11935,1.);
#11935 = DIRECTION('',(0.,0.,1.));
#11936 = ORIENTED_EDGE('',*,*,#11937,.F.);
#11937 = EDGE_CURVE('',#11914,#11930,#11938,.T.);
#11938 = LINE('',#11939,#11940);
#11939 = CARTESIAN_POINT('',(2.912E+03,0.,1.818E+03));
#11940 = VECTOR('',#11941,1.);
#11941 = DIRECTION('',(0.,1.,0.));
#11942 = PLANE('',#11943);
#11943 = AXIS2_PLACEMENT_3D('',#11944,#11945,#11946);
#11944 = CARTESIAN_POINT('',(2.912E+03,0.,1.8E+03));
#11945 = DIRECTION('',(1.,0.,0.));
#11946 = DIRECTION('',(0.,0.,1.));
#11947 = ADVANCED_FACE('',(#11948),#11964,.F.);
#11948 = FACE_BOUND('',#11949,.F.);
#11949 = EDGE_LOOP('',(#11950,#11956,#11957,#11963));
#11950 = ORIENTED_EDGE('',*,*,#11951,.F.);
#11951 = EDGE_CURVE('',#11872,#11912,#11952,.T.);
#11952 = LINE('',#11953,#11954);
#11953 = CARTESIAN_POINT('',(2.276E+03,0.,1.8E+03));
#11954 = VECTOR('',#11955,1.);
#11955 = DIRECTION('',(1.,0.,0.));
#11956 = ORIENTED_EDGE('',*,*,#11871,.T.);
#11957 = ORIENTED_EDGE('',*,*,#11958,.T.);
#11958 = EDGE_CURVE('',#11874,#11914,#11959,.T.);
#11959 = LINE('',#11960,#11961);
#11960 = CARTESIAN_POINT('',(2.276E+03,0.,1.818E+03));
#11961 = VECTOR('',#11962,1.);
#11962 = DIRECTION('',(1.,0.,0.));
#11963 = ORIENTED_EDGE('',*,*,#11911,.F.);
#11964 = PLANE('',#11965);
#11965 = AXIS2_PLACEMENT_3D('',#11966,#11967,#11968);
#11966 = CARTESIAN_POINT('',(2.276E+03,0.,1.8E+03));
#11967 = DIRECTION('',(0.,1.,0.));
#11968 = DIRECTION('',(0.,0.,1.));
#11969 = ADVANCED_FACE('',(#11970),#11986,.T.);
#11970 = FACE_BOUND('',#11971,.T.);
#11971 = EDGE_LOOP('',(#11972,#11978,#11979,#11985));
#11972 = ORIENTED_EDGE('',*,*,#11973,.F.);
#11973 = EDGE_CURVE('',#11882,#11922,#11974,.T.);
#11974 = LINE('',#11975,#11976);
#11975 = CARTESIAN_POINT('',(2.276E+03,600.,1.8E+03));
#11976 = VECTOR('',#11977,1.);
#11977 = DIRECTION('',(1.,0.,0.));
#11978 = ORIENTED_EDGE('',*,*,#11889,.T.);
#11979 = ORIENTED_EDGE('',*,*,#11980,.T.);
#11980 = EDGE_CURVE('',#11890,#11930,#11981,.T.);
#11981 = LINE('',#11982,#11983);
#11982 = CARTESIAN_POINT('',(2.276E+03,600.,1.818E+03));
#11983 = VECTOR('',#11984,1.);
#11984 = DIRECTION('',(1.,0.,0.));
#11985 = ORIENTED_EDGE('',*,*,#11929,.F.);
#11986 = PLANE('',#11987);
#11987 = AXIS2_PLACEMENT_3D('',#11988,#11989,#11990);
#11988 = CARTESIAN_POINT('',(2.276E+03,600.,1.8E+03));
#11989 = DIRECTION('',(0.,1.,0.));
#11990 = DIRECTION('',(0.,0.,1.));
#11991 = ADVANCED_FACE('',(#11992),#11998,.F.);
#11992 = FACE_BOUND('',#11993,.F.);
#11993 = EDGE_LOOP('',(#11994,#11995,#11996,#11997));
#11994 = ORIENTED_EDGE('',*,*,#11881,.F.);
#11995 = ORIENTED_EDGE('',*,*,#11951,.T.);
#11996 = ORIENTED_EDGE('',*,*,#11921,.T.);
#11997 = ORIENTED_EDGE('',*,*,#11973,.F.);
#11998 = PLANE('',#11999);
#11999 = AXIS2_PLACEMENT_3D('',#12000,#12001,#12002);
#12000 = CARTESIAN_POINT('',(2.276E+03,0.,1.8E+03));
#12001 = DIRECTION('',(0.,0.,1.));
#12002 = DIRECTION('',(1.,0.,0.));
#12003 = ADVANCED_FACE('',(#12004),#12010,.T.);
#12004 = FACE_BOUND('',#12005,.T.);
#12005 = EDGE_LOOP('',(#12006,#12007,#12008,#12009));
#12006 = ORIENTED_EDGE('',*,*,#11897,.F.);
#12007 = ORIENTED_EDGE('',*,*,#11958,.T.);
#12008 = ORIENTED_EDGE('',*,*,#11937,.T.);
#12009 = ORIENTED_EDGE('',*,*,#11980,.F.);
#12010 = PLANE('',#12011);
#12011 = AXIS2_PLACEMENT_3D('',#12012,#12013,#12014);
#12012 = CARTESIAN_POINT('',(2.276E+03,0.,1.818E+03));
#12013 = DIRECTION('',(0.,0.,1.));
#12014 = DIRECTION('',(1.,0.,0.));
#12015 = MANIFOLD_SOLID_BREP('',#12016);
#12016 = CLOSED_SHELL('',(#12017,#12057,#12097,#12119,#12141,#12153));
#12017 = ADVANCED_FACE('',(#12018),#12052,.F.);
#12018 = FACE_BOUND('',#12019,.F.);
#12019 = EDGE_LOOP('',(#12020,#12030,#12038,#12046));
#12020 = ORIENTED_EDGE('',*,*,#12021,.F.);
#12021 = EDGE_CURVE('',#12022,#12024,#12026,.T.);
#12022 = VERTEX_POINT('',#12023);
#12023 = CARTESIAN_POINT('',(2.276E+03,0.,390.));
#12024 = VERTEX_POINT('',#12025);
#12025 = CARTESIAN_POINT('',(2.276E+03,0.,408.));
#12026 = LINE('',#12027,#12028);
#12027 = CARTESIAN_POINT('',(2.276E+03,0.,390.));
#12028 = VECTOR('',#12029,1.);
#12029 = DIRECTION('',(0.,0.,1.));
#12030 = ORIENTED_EDGE('',*,*,#12031,.T.);
#12031 = EDGE_CURVE('',#12022,#12032,#12034,.T.);
#12032 = VERTEX_POINT('',#12033);
#12033 = CARTESIAN_POINT('',(2.276E+03,600.,390.));
#12034 = LINE('',#12035,#12036);
#12035 = CARTESIAN_POINT('',(2.276E+03,0.,390.));
#12036 = VECTOR('',#12037,1.);
#12037 = DIRECTION('',(0.,1.,0.));
#12038 = ORIENTED_EDGE('',*,*,#12039,.T.);
#12039 = EDGE_CURVE('',#12032,#12040,#12042,.T.);
#12040 = VERTEX_POINT('',#12041);
#12041 = CARTESIAN_POINT('',(2.276E+03,600.,408.));
#12042 = LINE('',#12043,#12044);
#12043 = CARTESIAN_POINT('',(2.276E+03,600.,390.));
#12044 = VECTOR('',#12045,1.);
#12045 = DIRECTION('',(0.,0.,1.));
#12046 = ORIENTED_EDGE('',*,*,#12047,.F.);
#12047 = EDGE_CURVE('',#12024,#12040,#12048,.T.);
#12048 = LINE('',#12049,#12050);
#12049 = CARTESIAN_POINT('',(2.276E+03,0.,408.));
#12050 = VECTOR('',#12051,1.);
#12051 = DIRECTION('',(0.,1.,0.));
#12052 = PLANE('',#12053);
#12053 = AXIS2_PLACEMENT_3D('',#12054,#12055,#12056);
#12054 = CARTESIAN_POINT('',(2.276E+03,0.,390.));
#12055 = DIRECTION('',(1.,0.,0.));
#12056 = DIRECTION('',(0.,0.,1.));
#12057 = ADVANCED_FACE('',(#12058),#12092,.T.);
#12058 = FACE_BOUND('',#12059,.T.);
#12059 = EDGE_LOOP('',(#12060,#12070,#12078,#12086));
#12060 = ORIENTED_EDGE('',*,*,#12061,.F.);
#12061 = EDGE_CURVE('',#12062,#12064,#12066,.T.);
#12062 = VERTEX_POINT('',#12063);
#12063 = CARTESIAN_POINT('',(2.912E+03,0.,390.));
#12064 = VERTEX_POINT('',#12065);
#12065 = CARTESIAN_POINT('',(2.912E+03,0.,408.));
#12066 = LINE('',#12067,#12068);
#12067 = CARTESIAN_POINT('',(2.912E+03,0.,390.));
#12068 = VECTOR('',#12069,1.);
#12069 = DIRECTION('',(0.,0.,1.));
#12070 = ORIENTED_EDGE('',*,*,#12071,.T.);
#12071 = EDGE_CURVE('',#12062,#12072,#12074,.T.);
#12072 = VERTEX_POINT('',#12073);
#12073 = CARTESIAN_POINT('',(2.912E+03,600.,390.));
#12074 = LINE('',#12075,#12076);
#12075 = CARTESIAN_POINT('',(2.912E+03,0.,390.));
#12076 = VECTOR('',#12077,1.);
#12077 = DIRECTION('',(0.,1.,0.));
#12078 = ORIENTED_EDGE('',*,*,#12079,.T.);
#12079 = EDGE_CURVE('',#12072,#12080,#12082,.T.);
#12080 = VERTEX_POINT('',#12081);
#12081 = CARTESIAN_POINT('',(2.912E+03,600.,408.));
#12082 = LINE('',#12083,#12084);
#12083 = CARTESIAN_POINT('',(2.912E+03,600.,390.));
#12084 = VECTOR('',#12085,1.);
#12085 = DIRECTION('',(0.,0.,1.));
#12086 = ORIENTED_EDGE('',*,*,#12087,.F.);
#12087 = EDGE_CURVE('',#12064,#12080,#12088,.T.);
#12088 = LINE('',#12089,#12090);
#12089 = CARTESIAN_POINT('',(2.912E+03,0.,408.));
#12090 = VECTOR('',#12091,1.);
#12091 = DIRECTION('',(0.,1.,0.));
#12092 = PLANE('',#12093);
#12093 = AXIS2_PLACEMENT_3D('',#12094,#12095,#12096);
#12094 = CARTESIAN_POINT('',(2.912E+03,0.,390.));
#12095 = DIRECTION('',(1.,0.,0.));
#12096 = DIRECTION('',(0.,0.,1.));
#12097 = ADVANCED_FACE('',(#12098),#12114,.F.);
#12098 = FACE_BOUND('',#12099,.F.);
#12099 = EDGE_LOOP('',(#12100,#12106,#12107,#12113));
#12100 = ORIENTED_EDGE('',*,*,#12101,.F.);
#12101 = EDGE_CURVE('',#12022,#12062,#12102,.T.);
#12102 = LINE('',#12103,#12104);
#12103 = CARTESIAN_POINT('',(2.276E+03,0.,390.));
#12104 = VECTOR('',#12105,1.);
#12105 = DIRECTION('',(1.,0.,0.));
#12106 = ORIENTED_EDGE('',*,*,#12021,.T.);
#12107 = ORIENTED_EDGE('',*,*,#12108,.T.);
#12108 = EDGE_CURVE('',#12024,#12064,#12109,.T.);
#12109 = LINE('',#12110,#12111);
#12110 = CARTESIAN_POINT('',(2.276E+03,0.,408.));
#12111 = VECTOR('',#12112,1.);
#12112 = DIRECTION('',(1.,0.,0.));
#12113 = ORIENTED_EDGE('',*,*,#12061,.F.);
#12114 = PLANE('',#12115);
#12115 = AXIS2_PLACEMENT_3D('',#12116,#12117,#12118);
#12116 = CARTESIAN_POINT('',(2.276E+03,0.,390.));
#12117 = DIRECTION('',(0.,1.,0.));
#12118 = DIRECTION('',(0.,0.,1.));
#12119 = ADVANCED_FACE('',(#12120),#12136,.T.);
#12120 = FACE_BOUND('',#12121,.T.);
#12121 = EDGE_LOOP('',(#12122,#12128,#12129,#12135));
#12122 = ORIENTED_EDGE('',*,*,#12123,.F.);
#12123 = EDGE_CURVE('',#12032,#12072,#12124,.T.);
#12124 = LINE('',#12125,#12126);
#12125 = CARTESIAN_POINT('',(2.276E+03,600.,390.));
#12126 = VECTOR('',#12127,1.);
#12127 = DIRECTION('',(1.,0.,0.));
#12128 = ORIENTED_EDGE('',*,*,#12039,.T.);
#12129 = ORIENTED_EDGE('',*,*,#12130,.T.);
#12130 = EDGE_CURVE('',#12040,#12080,#12131,.T.);
#12131 = LINE('',#12132,#12133);
#12132 = CARTESIAN_POINT('',(2.276E+03,600.,408.));
#12133 = VECTOR('',#12134,1.);
#12134 = DIRECTION('',(1.,0.,0.));
#12135 = ORIENTED_EDGE('',*,*,#12079,.F.);
#12136 = PLANE('',#12137);
#12137 = AXIS2_PLACEMENT_3D('',#12138,#12139,#12140);
#12138 = CARTESIAN_POINT('',(2.276E+03,600.,390.));
#12139 = DIRECTION('',(0.,1.,0.));
#12140 = DIRECTION('',(0.,0.,1.));
#12141 = ADVANCED_FACE('',(#12142),#12148,.F.);
#12142 = FACE_BOUND('',#12143,.F.);
#12143 = EDGE_LOOP('',(#12144,#12145,#12146,#12147));
#12144 = ORIENTED_EDGE('',*,*,#12031,.F.);
#12145 = ORIENTED_EDGE('',*,*,#12101,.T.);
#12146 = ORIENTED_EDGE('',*,*,#12071,.T.);
#12147 = ORIENTED_EDGE('',*,*,#12123,.F.);
#12148 = PLANE('',#12149);
#12149 = AXIS2_PLACEMENT_3D('',#12150,#12151,#12152);
#12150 = CARTESIAN_POINT('',(2.276E+03,0.,390.));
#12151 = DIRECTION('',(0.,0.,1.));
#12152 = DIRECTION('',(1.,0.,0.));
#12153 = ADVANCED_FACE('',(#12154),#12160,.T.);
#12154 = FACE_BOUND('',#12155,.T.);
#12155 = EDGE_LOOP('',(#12156,#12157,#12158,#12159));
#12156 = ORIENTED_EDGE('',*,*,#12047,.F.);
#12157 = ORIENTED_EDGE('',*,*,#12108,.T.);
#12158 = ORIENTED_EDGE('',*,*,#12087,.T.);
#12159 = ORIENTED_EDGE('',*,*,#12130,.F.);
#12160 = PLANE('',#12161);
#12161 = AXIS2_PLACEMENT_3D('',#12162,#12163,#12164);
#12162 = CARTESIAN_POINT('',(2.276E+03,0.,408.));
#12163 = DIRECTION('',(0.,0.,1.));
#12164 = DIRECTION('',(1.,0.,0.));
#12165 = MANIFOLD_SOLID_BREP('',#12166);
#12166 = CLOSED_SHELL('',(#12167,#12207,#12247,#12269,#12291,#12303));
#12167 = ADVANCED_FACE('',(#12168),#12202,.F.);
#12168 = FACE_BOUND('',#12169,.F.);
#12169 = EDGE_LOOP('',(#12170,#12180,#12188,#12196));
#12170 = ORIENTED_EDGE('',*,*,#12171,.F.);
#12171 = EDGE_CURVE('',#12172,#12174,#12176,.T.);
#12172 = VERTEX_POINT('',#12173);
#12173 = CARTESIAN_POINT('',(2.276E+03,0.,1.367E+03));
#12174 = VERTEX_POINT('',#12175);
#12175 = CARTESIAN_POINT('',(2.276E+03,0.,1.417E+03));
#12176 = LINE('',#12177,#12178);
#12177 = CARTESIAN_POINT('',(2.276E+03,0.,1.367E+03));
#12178 = VECTOR('',#12179,1.);
#12179 = DIRECTION('',(0.,0.,1.));
#12180 = ORIENTED_EDGE('',*,*,#12181,.T.);
#12181 = EDGE_CURVE('',#12172,#12182,#12184,.T.);
#12182 = VERTEX_POINT('',#12183);
#12183 = CARTESIAN_POINT('',(2.276E+03,18.,1.367E+03));
#12184 = LINE('',#12185,#12186);
#12185 = CARTESIAN_POINT('',(2.276E+03,0.,1.367E+03));
#12186 = VECTOR('',#12187,1.);
#12187 = DIRECTION('',(0.,1.,0.));
#12188 = ORIENTED_EDGE('',*,*,#12189,.T.);
#12189 = EDGE_CURVE('',#12182,#12190,#12192,.T.);
#12190 = VERTEX_POINT('',#12191);
#12191 = CARTESIAN_POINT('',(2.276E+03,18.,1.417E+03));
#12192 = LINE('',#12193,#12194);
#12193 = CARTESIAN_POINT('',(2.276E+03,18.,1.367E+03));
#12194 = VECTOR('',#12195,1.);
#12195 = DIRECTION('',(0.,0.,1.));
#12196 = ORIENTED_EDGE('',*,*,#12197,.F.);
#12197 = EDGE_CURVE('',#12174,#12190,#12198,.T.);
#12198 = LINE('',#12199,#12200);
#12199 = CARTESIAN_POINT('',(2.276E+03,0.,1.417E+03));
#12200 = VECTOR('',#12201,1.);
#12201 = DIRECTION('',(0.,1.,0.));
#12202 = PLANE('',#12203);
#12203 = AXIS2_PLACEMENT_3D('',#12204,#12205,#12206);
#12204 = CARTESIAN_POINT('',(2.276E+03,0.,1.367E+03));
#12205 = DIRECTION('',(1.,0.,0.));
#12206 = DIRECTION('',(0.,0.,1.));
#12207 = ADVANCED_FACE('',(#12208),#12242,.T.);
#12208 = FACE_BOUND('',#12209,.T.);
#12209 = EDGE_LOOP('',(#12210,#12220,#12228,#12236));
#12210 = ORIENTED_EDGE('',*,*,#12211,.F.);
#12211 = EDGE_CURVE('',#12212,#12214,#12216,.T.);
#12212 = VERTEX_POINT('',#12213);
#12213 = CARTESIAN_POINT('',(2.912E+03,0.,1.367E+03));
#12214 = VERTEX_POINT('',#12215);
#12215 = CARTESIAN_POINT('',(2.912E+03,0.,1.417E+03));
#12216 = LINE('',#12217,#12218);
#12217 = CARTESIAN_POINT('',(2.912E+03,0.,1.367E+03));
#12218 = VECTOR('',#12219,1.);
#12219 = DIRECTION('',(0.,0.,1.));
#12220 = ORIENTED_EDGE('',*,*,#12221,.T.);
#12221 = EDGE_CURVE('',#12212,#12222,#12224,.T.);
#12222 = VERTEX_POINT('',#12223);
#12223 = CARTESIAN_POINT('',(2.912E+03,18.,1.367E+03));
#12224 = LINE('',#12225,#12226);
#12225 = CARTESIAN_POINT('',(2.912E+03,0.,1.367E+03));
#12226 = VECTOR('',#12227,1.);
#12227 = DIRECTION('',(0.,1.,0.));
#12228 = ORIENTED_EDGE('',*,*,#12229,.T.);
#12229 = EDGE_CURVE('',#12222,#12230,#12232,.T.);
#12230 = VERTEX_POINT('',#12231);
#12231 = CARTESIAN_POINT('',(2.912E+03,18.,1.417E+03));
#12232 = LINE('',#12233,#12234);
#12233 = CARTESIAN_POINT('',(2.912E+03,18.,1.367E+03));
#12234 = VECTOR('',#12235,1.);
#12235 = DIRECTION('',(0.,0.,1.));
#12236 = ORIENTED_EDGE('',*,*,#12237,.F.);
#12237 = EDGE_CURVE('',#12214,#12230,#12238,.T.);
#12238 = LINE('',#12239,#12240);
#12239 = CARTESIAN_POINT('',(2.912E+03,0.,1.417E+03));
#12240 = VECTOR('',#12241,1.);
#12241 = DIRECTION('',(0.,1.,0.));
#12242 = PLANE('',#12243);
#12243 = AXIS2_PLACEMENT_3D('',#12244,#12245,#12246);
#12244 = CARTESIAN_POINT('',(2.912E+03,0.,1.367E+03));
#12245 = DIRECTION('',(1.,0.,0.));
#12246 = DIRECTION('',(0.,0.,1.));
#12247 = ADVANCED_FACE('',(#12248),#12264,.F.);
#12248 = FACE_BOUND('',#12249,.F.);
#12249 = EDGE_LOOP('',(#12250,#12256,#12257,#12263));
#12250 = ORIENTED_EDGE('',*,*,#12251,.F.);
#12251 = EDGE_CURVE('',#12172,#12212,#12252,.T.);
#12252 = LINE('',#12253,#12254);
#12253 = CARTESIAN_POINT('',(2.276E+03,0.,1.367E+03));
#12254 = VECTOR('',#12255,1.);
#12255 = DIRECTION('',(1.,0.,0.));
#12256 = ORIENTED_EDGE('',*,*,#12171,.T.);
#12257 = ORIENTED_EDGE('',*,*,#12258,.T.);
#12258 = EDGE_CURVE('',#12174,#12214,#12259,.T.);
#12259 = LINE('',#12260,#12261);
#12260 = CARTESIAN_POINT('',(2.276E+03,0.,1.417E+03));
#12261 = VECTOR('',#12262,1.);
#12262 = DIRECTION('',(1.,0.,0.));
#12263 = ORIENTED_EDGE('',*,*,#12211,.F.);
#12264 = PLANE('',#12265);
#12265 = AXIS2_PLACEMENT_3D('',#12266,#12267,#12268);
#12266 = CARTESIAN_POINT('',(2.276E+03,0.,1.367E+03));
#12267 = DIRECTION('',(0.,1.,0.));
#12268 = DIRECTION('',(0.,0.,1.));
#12269 = ADVANCED_FACE('',(#12270),#12286,.T.);
#12270 = FACE_BOUND('',#12271,.T.);
#12271 = EDGE_LOOP('',(#12272,#12278,#12279,#12285));
#12272 = ORIENTED_EDGE('',*,*,#12273,.F.);
#12273 = EDGE_CURVE('',#12182,#12222,#12274,.T.);
#12274 = LINE('',#12275,#12276);
#12275 = CARTESIAN_POINT('',(2.276E+03,18.,1.367E+03));
#12276 = VECTOR('',#12277,1.);
#12277 = DIRECTION('',(1.,0.,0.));
#12278 = ORIENTED_EDGE('',*,*,#12189,.T.);
#12279 = ORIENTED_EDGE('',*,*,#12280,.T.);
#12280 = EDGE_CURVE('',#12190,#12230,#12281,.T.);
#12281 = LINE('',#12282,#12283);
#12282 = CARTESIAN_POINT('',(2.276E+03,18.,1.417E+03));
#12283 = VECTOR('',#12284,1.);
#12284 = DIRECTION('',(1.,0.,0.));
#12285 = ORIENTED_EDGE('',*,*,#12229,.F.);
#12286 = PLANE('',#12287);
#12287 = AXIS2_PLACEMENT_3D('',#12288,#12289,#12290);
#12288 = CARTESIAN_POINT('',(2.276E+03,18.,1.367E+03));
#12289 = DIRECTION('',(0.,1.,0.));
#12290 = DIRECTION('',(0.,0.,1.));
#12291 = ADVANCED_FACE('',(#12292),#12298,.F.);
#12292 = FACE_BOUND('',#12293,.F.);
#12293 = EDGE_LOOP('',(#12294,#12295,#12296,#12297));
#12294 = ORIENTED_EDGE('',*,*,#12181,.F.);
#12295 = ORIENTED_EDGE('',*,*,#12251,.T.);
#12296 = ORIENTED_EDGE('',*,*,#12221,.T.);
#12297 = ORIENTED_EDGE('',*,*,#12273,.F.);
#12298 = PLANE('',#12299);
#12299 = AXIS2_PLACEMENT_3D('',#12300,#12301,#12302);
#12300 = CARTESIAN_POINT('',(2.276E+03,0.,1.367E+03));
#12301 = DIRECTION('',(0.,0.,1.));
#12302 = DIRECTION('',(1.,0.,0.));
#12303 = ADVANCED_FACE('',(#12304),#12310,.T.);
#12304 = FACE_BOUND('',#12305,.T.);
#12305 = EDGE_LOOP('',(#12306,#12307,#12308,#12309));
#12306 = ORIENTED_EDGE('',*,*,#12197,.F.);
#12307 = ORIENTED_EDGE('',*,*,#12258,.T.);
#12308 = ORIENTED_EDGE('',*,*,#12237,.T.);
#12309 = ORIENTED_EDGE('',*,*,#12280,.F.);
#12310 = PLANE('',#12311);
#12311 = AXIS2_PLACEMENT_3D('',#12312,#12313,#12314);
#12312 = CARTESIAN_POINT('',(2.276E+03,0.,1.417E+03));
#12313 = DIRECTION('',(0.,0.,1.));
#12314 = DIRECTION('',(1.,0.,0.));
#12315 = MANIFOLD_SOLID_BREP('',#12316);
#12316 = CLOSED_SHELL('',(#12317,#12357,#12397,#12419,#12441,#12453));
#12317 = ADVANCED_FACE('',(#12318),#12352,.F.);
#12318 = FACE_BOUND('',#12319,.F.);
#12319 = EDGE_LOOP('',(#12320,#12330,#12338,#12346));
#12320 = ORIENTED_EDGE('',*,*,#12321,.F.);
#12321 = EDGE_CURVE('',#12322,#12324,#12326,.T.);
#12322 = VERTEX_POINT('',#12323);
#12323 = CARTESIAN_POINT('',(2.276E+03,0.,718.));
#12324 = VERTEX_POINT('',#12325);
#12325 = CARTESIAN_POINT('',(2.276E+03,0.,768.));
#12326 = LINE('',#12327,#12328);
#12327 = CARTESIAN_POINT('',(2.276E+03,0.,718.));
#12328 = VECTOR('',#12329,1.);
#12329 = DIRECTION('',(0.,0.,1.));
#12330 = ORIENTED_EDGE('',*,*,#12331,.T.);
#12331 = EDGE_CURVE('',#12322,#12332,#12334,.T.);
#12332 = VERTEX_POINT('',#12333);
#12333 = CARTESIAN_POINT('',(2.276E+03,18.,718.));
#12334 = LINE('',#12335,#12336);
#12335 = CARTESIAN_POINT('',(2.276E+03,0.,718.));
#12336 = VECTOR('',#12337,1.);
#12337 = DIRECTION('',(0.,1.,0.));
#12338 = ORIENTED_EDGE('',*,*,#12339,.T.);
#12339 = EDGE_CURVE('',#12332,#12340,#12342,.T.);
#12340 = VERTEX_POINT('',#12341);
#12341 = CARTESIAN_POINT('',(2.276E+03,18.,768.));
#12342 = LINE('',#12343,#12344);
#12343 = CARTESIAN_POINT('',(2.276E+03,18.,718.));
#12344 = VECTOR('',#12345,1.);
#12345 = DIRECTION('',(0.,0.,1.));
#12346 = ORIENTED_EDGE('',*,*,#12347,.F.);
#12347 = EDGE_CURVE('',#12324,#12340,#12348,.T.);
#12348 = LINE('',#12349,#12350);
#12349 = CARTESIAN_POINT('',(2.276E+03,0.,768.));
#12350 = VECTOR('',#12351,1.);
#12351 = DIRECTION('',(0.,1.,0.));
#12352 = PLANE('',#12353);
#12353 = AXIS2_PLACEMENT_3D('',#12354,#12355,#12356);
#12354 = CARTESIAN_POINT('',(2.276E+03,0.,718.));
#12355 = DIRECTION('',(1.,0.,0.));
#12356 = DIRECTION('',(0.,0.,1.));
#12357 = ADVANCED_FACE('',(#12358),#12392,.T.);
#12358 = FACE_BOUND('',#12359,.T.);
#12359 = EDGE_LOOP('',(#12360,#12370,#12378,#12386));
#12360 = ORIENTED_EDGE('',*,*,#12361,.F.);
#12361 = EDGE_CURVE('',#12362,#12364,#12366,.T.);
#12362 = VERTEX_POINT('',#12363);
#12363 = CARTESIAN_POINT('',(2.912E+03,0.,718.));
#12364 = VERTEX_POINT('',#12365);
#12365 = CARTESIAN_POINT('',(2.912E+03,0.,768.));
#12366 = LINE('',#12367,#12368);
#12367 = CARTESIAN_POINT('',(2.912E+03,0.,718.));
#12368 = VECTOR('',#12369,1.);
#12369 = DIRECTION('',(0.,0.,1.));
#12370 = ORIENTED_EDGE('',*,*,#12371,.T.);
#12371 = EDGE_CURVE('',#12362,#12372,#12374,.T.);
#12372 = VERTEX_POINT('',#12373);
#12373 = CARTESIAN_POINT('',(2.912E+03,18.,718.));
#12374 = LINE('',#12375,#12376);
#12375 = CARTESIAN_POINT('',(2.912E+03,0.,718.));
#12376 = VECTOR('',#12377,1.);
#12377 = DIRECTION('',(0.,1.,0.));
#12378 = ORIENTED_EDGE('',*,*,#12379,.T.);
#12379 = EDGE_CURVE('',#12372,#12380,#12382,.T.);
#12380 = VERTEX_POINT('',#12381);
#12381 = CARTESIAN_POINT('',(2.912E+03,18.,768.));
#12382 = LINE('',#12383,#12384);
#12383 = CARTESIAN_POINT('',(2.912E+03,18.,718.));
#12384 = VECTOR('',#12385,1.);
#12385 = DIRECTION('',(0.,0.,1.));
#12386 = ORIENTED_EDGE('',*,*,#12387,.F.);
#12387 = EDGE_CURVE('',#12364,#12380,#12388,.T.);
#12388 = LINE('',#12389,#12390);
#12389 = CARTESIAN_POINT('',(2.912E+03,0.,768.));
#12390 = VECTOR('',#12391,1.);
#12391 = DIRECTION('',(0.,1.,0.));
#12392 = PLANE('',#12393);
#12393 = AXIS2_PLACEMENT_3D('',#12394,#12395,#12396);
#12394 = CARTESIAN_POINT('',(2.912E+03,0.,718.));
#12395 = DIRECTION('',(1.,0.,0.));
#12396 = DIRECTION('',(0.,0.,1.));
#12397 = ADVANCED_FACE('',(#12398),#12414,.F.);
#12398 = FACE_BOUND('',#12399,.F.);
#12399 = EDGE_LOOP('',(#12400,#12406,#12407,#12413));
#12400 = ORIENTED_EDGE('',*,*,#12401,.F.);
#12401 = EDGE_CURVE('',#12322,#12362,#12402,.T.);
#12402 = LINE('',#12403,#12404);
#12403 = CARTESIAN_POINT('',(2.276E+03,0.,718.));
#12404 = VECTOR('',#12405,1.);
#12405 = DIRECTION('',(1.,0.,0.));
#12406 = ORIENTED_EDGE('',*,*,#12321,.T.);
#12407 = ORIENTED_EDGE('',*,*,#12408,.T.);
#12408 = EDGE_CURVE('',#12324,#12364,#12409,.T.);
#12409 = LINE('',#12410,#12411);
#12410 = CARTESIAN_POINT('',(2.276E+03,0.,768.));
#12411 = VECTOR('',#12412,1.);
#12412 = DIRECTION('',(1.,0.,0.));
#12413 = ORIENTED_EDGE('',*,*,#12361,.F.);
#12414 = PLANE('',#12415);
#12415 = AXIS2_PLACEMENT_3D('',#12416,#12417,#12418);
#12416 = CARTESIAN_POINT('',(2.276E+03,0.,718.));
#12417 = DIRECTION('',(0.,1.,0.));
#12418 = DIRECTION('',(0.,0.,1.));
#12419 = ADVANCED_FACE('',(#12420),#12436,.T.);
#12420 = FACE_BOUND('',#12421,.T.);
#12421 = EDGE_LOOP('',(#12422,#12428,#12429,#12435));
#12422 = ORIENTED_EDGE('',*,*,#12423,.F.);
#12423 = EDGE_CURVE('',#12332,#12372,#12424,.T.);
#12424 = LINE('',#12425,#12426);
#12425 = CARTESIAN_POINT('',(2.276E+03,18.,718.));
#12426 = VECTOR('',#12427,1.);
#12427 = DIRECTION('',(1.,0.,0.));
#12428 = ORIENTED_EDGE('',*,*,#12339,.T.);
#12429 = ORIENTED_EDGE('',*,*,#12430,.T.);
#12430 = EDGE_CURVE('',#12340,#12380,#12431,.T.);
#12431 = LINE('',#12432,#12433);
#12432 = CARTESIAN_POINT('',(2.276E+03,18.,768.));
#12433 = VECTOR('',#12434,1.);
#12434 = DIRECTION('',(1.,0.,0.));
#12435 = ORIENTED_EDGE('',*,*,#12379,.F.);
#12436 = PLANE('',#12437);
#12437 = AXIS2_PLACEMENT_3D('',#12438,#12439,#12440);
#12438 = CARTESIAN_POINT('',(2.276E+03,18.,718.));
#12439 = DIRECTION('',(0.,1.,0.));
#12440 = DIRECTION('',(0.,0.,1.));
#12441 = ADVANCED_FACE('',(#12442),#12448,.F.);
#12442 = FACE_BOUND('',#12443,.F.);
#12443 = EDGE_LOOP('',(#12444,#12445,#12446,#12447));
#12444 = ORIENTED_EDGE('',*,*,#12331,.F.);
#12445 = ORIENTED_EDGE('',*,*,#12401,.T.);
#12446 = ORIENTED_EDGE('',*,*,#12371,.T.);
#12447 = ORIENTED_EDGE('',*,*,#12423,.F.);
#12448 = PLANE('',#12449);
#12449 = AXIS2_PLACEMENT_3D('',#12450,#12451,#12452);
#12450 = CARTESIAN_POINT('',(2.276E+03,0.,718.));
#12451 = DIRECTION('',(0.,0.,1.));
#12452 = DIRECTION('',(1.,0.,0.));
#12453 = ADVANCED_FACE('',(#12454),#12460,.T.);
#12454 = FACE_BOUND('',#12455,.T.);
#12455 = EDGE_LOOP('',(#12456,#12457,#12458,#12459));
#12456 = ORIENTED_EDGE('',*,*,#12347,.F.);
#12457 = ORIENTED_EDGE('',*,*,#12408,.T.);
#12458 = ORIENTED_EDGE('',*,*,#12387,.T.);
#12459 = ORIENTED_EDGE('',*,*,#12430,.F.);
#12460 = PLANE('',#12461);
#12461 = AXIS2_PLACEMENT_3D('',#12462,#12463,#12464);
#12462 = CARTESIAN_POINT('',(2.276E+03,0.,768.));
#12463 = DIRECTION('',(0.,0.,1.));
#12464 = DIRECTION('',(1.,0.,0.));
#12465 = MANIFOLD_SOLID_BREP('',#12466);
#12466 = CLOSED_SHELL('',(#12467,#12507,#12547,#12569,#12591,#12603));
#12467 = ADVANCED_FACE('',(#12468),#12502,.F.);
#12468 = FACE_BOUND('',#12469,.F.);
#12469 = EDGE_LOOP('',(#12470,#12480,#12488,#12496));
#12470 = ORIENTED_EDGE('',*,*,#12471,.F.);
#12471 = EDGE_CURVE('',#12472,#12474,#12476,.T.);
#12472 = VERTEX_POINT('',#12473);
#12473 = CARTESIAN_POINT('',(2.276E+03,0.,1.75E+03));
#12474 = VERTEX_POINT('',#12475);
#12475 = CARTESIAN_POINT('',(2.276E+03,0.,1.8E+03));
#12476 = LINE('',#12477,#12478);
#12477 = CARTESIAN_POINT('',(2.276E+03,0.,1.75E+03));
#12478 = VECTOR('',#12479,1.);
#12479 = DIRECTION('',(0.,0.,1.));
#12480 = ORIENTED_EDGE('',*,*,#12481,.T.);
#12481 = EDGE_CURVE('',#12472,#12482,#12484,.T.);
#12482 = VERTEX_POINT('',#12483);
#12483 = CARTESIAN_POINT('',(2.276E+03,18.,1.75E+03));
#12484 = LINE('',#12485,#12486);
#12485 = CARTESIAN_POINT('',(2.276E+03,0.,1.75E+03));
#12486 = VECTOR('',#12487,1.);
#12487 = DIRECTION('',(0.,1.,0.));
#12488 = ORIENTED_EDGE('',*,*,#12489,.T.);
#12489 = EDGE_CURVE('',#12482,#12490,#12492,.T.);
#12490 = VERTEX_POINT('',#12491);
#12491 = CARTESIAN_POINT('',(2.276E+03,18.,1.8E+03));
#12492 = LINE('',#12493,#12494);
#12493 = CARTESIAN_POINT('',(2.276E+03,18.,1.75E+03));
#12494 = VECTOR('',#12495,1.);
#12495 = DIRECTION('',(0.,0.,1.));
#12496 = ORIENTED_EDGE('',*,*,#12497,.F.);
#12497 = EDGE_CURVE('',#12474,#12490,#12498,.T.);
#12498 = LINE('',#12499,#12500);
#12499 = CARTESIAN_POINT('',(2.276E+03,0.,1.8E+03));
#12500 = VECTOR('',#12501,1.);
#12501 = DIRECTION('',(0.,1.,0.));
#12502 = PLANE('',#12503);
#12503 = AXIS2_PLACEMENT_3D('',#12504,#12505,#12506);
#12504 = CARTESIAN_POINT('',(2.276E+03,0.,1.75E+03));
#12505 = DIRECTION('',(1.,0.,0.));
#12506 = DIRECTION('',(0.,0.,1.));
#12507 = ADVANCED_FACE('',(#12508),#12542,.T.);
#12508 = FACE_BOUND('',#12509,.T.);
#12509 = EDGE_LOOP('',(#12510,#12520,#12528,#12536));
#12510 = ORIENTED_EDGE('',*,*,#12511,.F.);
#12511 = EDGE_CURVE('',#12512,#12514,#12516,.T.);
#12512 = VERTEX_POINT('',#12513);
#12513 = CARTESIAN_POINT('',(2.912E+03,0.,1.75E+03));
#12514 = VERTEX_POINT('',#12515);
#12515 = CARTESIAN_POINT('',(2.912E+03,0.,1.8E+03));
#12516 = LINE('',#12517,#12518);
#12517 = CARTESIAN_POINT('',(2.912E+03,0.,1.75E+03));
#12518 = VECTOR('',#12519,1.);
#12519 = DIRECTION('',(0.,0.,1.));
#12520 = ORIENTED_EDGE('',*,*,#12521,.T.);
#12521 = EDGE_CURVE('',#12512,#12522,#12524,.T.);
#12522 = VERTEX_POINT('',#12523);
#12523 = CARTESIAN_POINT('',(2.912E+03,18.,1.75E+03));
#12524 = LINE('',#12525,#12526);
#12525 = CARTESIAN_POINT('',(2.912E+03,0.,1.75E+03));
#12526 = VECTOR('',#12527,1.);
#12527 = DIRECTION('',(0.,1.,0.));
#12528 = ORIENTED_EDGE('',*,*,#12529,.T.);
#12529 = EDGE_CURVE('',#12522,#12530,#12532,.T.);
#12530 = VERTEX_POINT('',#12531);
#12531 = CARTESIAN_POINT('',(2.912E+03,18.,1.8E+03));
#12532 = LINE('',#12533,#12534);
#12533 = CARTESIAN_POINT('',(2.912E+03,18.,1.75E+03));
#12534 = VECTOR('',#12535,1.);
#12535 = DIRECTION('',(0.,0.,1.));
#12536 = ORIENTED_EDGE('',*,*,#12537,.F.);
#12537 = EDGE_CURVE('',#12514,#12530,#12538,.T.);
#12538 = LINE('',#12539,#12540);
#12539 = CARTESIAN_POINT('',(2.912E+03,0.,1.8E+03));
#12540 = VECTOR('',#12541,1.);
#12541 = DIRECTION('',(0.,1.,0.));
#12542 = PLANE('',#12543);
#12543 = AXIS2_PLACEMENT_3D('',#12544,#12545,#12546);
#12544 = CARTESIAN_POINT('',(2.912E+03,0.,1.75E+03));
#12545 = DIRECTION('',(1.,0.,0.));
#12546 = DIRECTION('',(0.,0.,1.));
#12547 = ADVANCED_FACE('',(#12548),#12564,.F.);
#12548 = FACE_BOUND('',#12549,.F.);
#12549 = EDGE_LOOP('',(#12550,#12556,#12557,#12563));
#12550 = ORIENTED_EDGE('',*,*,#12551,.F.);
#12551 = EDGE_CURVE('',#12472,#12512,#12552,.T.);
#12552 = LINE('',#12553,#12554);
#12553 = CARTESIAN_POINT('',(2.276E+03,0.,1.75E+03));
#12554 = VECTOR('',#12555,1.);
#12555 = DIRECTION('',(1.,0.,0.));
#12556 = ORIENTED_EDGE('',*,*,#12471,.T.);
#12557 = ORIENTED_EDGE('',*,*,#12558,.T.);
#12558 = EDGE_CURVE('',#12474,#12514,#12559,.T.);
#12559 = LINE('',#12560,#12561);
#12560 = CARTESIAN_POINT('',(2.276E+03,0.,1.8E+03));
#12561 = VECTOR('',#12562,1.);
#12562 = DIRECTION('',(1.,0.,0.));
#12563 = ORIENTED_EDGE('',*,*,#12511,.F.);
#12564 = PLANE('',#12565);
#12565 = AXIS2_PLACEMENT_3D('',#12566,#12567,#12568);
#12566 = CARTESIAN_POINT('',(2.276E+03,0.,1.75E+03));
#12567 = DIRECTION('',(0.,1.,0.));
#12568 = DIRECTION('',(0.,0.,1.));
#12569 = ADVANCED_FACE('',(#12570),#12586,.T.);
#12570 = FACE_BOUND('',#12571,.T.);
#12571 = EDGE_LOOP('',(#12572,#12578,#12579,#12585));
#12572 = ORIENTED_EDGE('',*,*,#12573,.F.);
#12573 = EDGE_CURVE('',#12482,#12522,#12574,.T.);
#12574 = LINE('',#12575,#12576);
#12575 = CARTESIAN_POINT('',(2.276E+03,18.,1.75E+03));
#12576 = VECTOR('',#12577,1.);
#12577 = DIRECTION('',(1.,0.,0.));
#12578 = ORIENTED_EDGE('',*,*,#12489,.T.);
#12579 = ORIENTED_EDGE('',*,*,#12580,.T.);
#12580 = EDGE_CURVE('',#12490,#12530,#12581,.T.);
#12581 = LINE('',#12582,#12583);
#12582 = CARTESIAN_POINT('',(2.276E+03,18.,1.8E+03));
#12583 = VECTOR('',#12584,1.);
#12584 = DIRECTION('',(1.,0.,0.));
#12585 = ORIENTED_EDGE('',*,*,#12529,.F.);
#12586 = PLANE('',#12587);
#12587 = AXIS2_PLACEMENT_3D('',#12588,#12589,#12590);
#12588 = CARTESIAN_POINT('',(2.276E+03,18.,1.75E+03));
#12589 = DIRECTION('',(0.,1.,0.));
#12590 = DIRECTION('',(0.,0.,1.));
#12591 = ADVANCED_FACE('',(#12592),#12598,.F.);
#12592 = FACE_BOUND('',#12593,.F.);
#12593 = EDGE_LOOP('',(#12594,#12595,#12596,#12597));
#12594 = ORIENTED_EDGE('',*,*,#12481,.F.);
#12595 = ORIENTED_EDGE('',*,*,#12551,.T.);
#12596 = ORIENTED_EDGE('',*,*,#12521,.T.);
#12597 = ORIENTED_EDGE('',*,*,#12573,.F.);
#12598 = PLANE('',#12599);
#12599 = AXIS2_PLACEMENT_3D('',#12600,#12601,#12602);
#12600 = CARTESIAN_POINT('',(2.276E+03,0.,1.75E+03));
#12601 = DIRECTION('',(0.,0.,1.));
#12602 = DIRECTION('',(1.,0.,0.));
#12603 = ADVANCED_FACE('',(#12604),#12610,.T.);
#12604 = FACE_BOUND('',#12605,.T.);
#12605 = EDGE_LOOP('',(#12606,#12607,#12608,#12609));
#12606 = ORIENTED_EDGE('',*,*,#12497,.F.);
#12607 = ORIENTED_EDGE('',*,*,#12558,.T.);
#12608 = ORIENTED_EDGE('',*,*,#12537,.T.);
#12609 = ORIENTED_EDGE('',*,*,#12580,.F.);
#12610 = PLANE('',#12611);
#12611 = AXIS2_PLACEMENT_3D('',#12612,#12613,#12614);
#12612 = CARTESIAN_POINT('',(2.276E+03,0.,1.8E+03));
#12613 = DIRECTION('',(0.,0.,1.));
#12614 = DIRECTION('',(1.,0.,0.));
#12615 = MANIFOLD_SOLID_BREP('',#12616);
#12616 = CLOSED_SHELL('',(#12617,#12657,#12697,#12719,#12741,#12753));
#12617 = ADVANCED_FACE('',(#12618),#12652,.F.);
#12618 = FACE_BOUND('',#12619,.F.);
#12619 = EDGE_LOOP('',(#12620,#12630,#12638,#12646));
#12620 = ORIENTED_EDGE('',*,*,#12621,.F.);
#12621 = EDGE_CURVE('',#12622,#12624,#12626,.T.);
#12622 = VERTEX_POINT('',#12623);
#12623 = CARTESIAN_POINT('',(2.258E+03,-20.,718.));
#12624 = VERTEX_POINT('',#12625);
#12625 = CARTESIAN_POINT('',(2.258E+03,-20.,743.));
#12626 = LINE('',#12627,#12628);
#12627 = CARTESIAN_POINT('',(2.258E+03,-20.,718.));
#12628 = VECTOR('',#12629,1.);
#12629 = DIRECTION('',(0.,0.,1.));
#12630 = ORIENTED_EDGE('',*,*,#12631,.T.);
#12631 = EDGE_CURVE('',#12622,#12632,#12634,.T.);
#12632 = VERTEX_POINT('',#12633);
#12633 = CARTESIAN_POINT('',(2.258E+03,0.,718.));
#12634 = LINE('',#12635,#12636);
#12635 = CARTESIAN_POINT('',(2.258E+03,-20.,718.));
#12636 = VECTOR('',#12637,1.);
#12637 = DIRECTION('',(0.,1.,0.));
#12638 = ORIENTED_EDGE('',*,*,#12639,.T.);
#12639 = EDGE_CURVE('',#12632,#12640,#12642,.T.);
#12640 = VERTEX_POINT('',#12641);
#12641 = CARTESIAN_POINT('',(2.258E+03,0.,743.));
#12642 = LINE('',#12643,#12644);
#12643 = CARTESIAN_POINT('',(2.258E+03,0.,718.));
#12644 = VECTOR('',#12645,1.);
#12645 = DIRECTION('',(0.,0.,1.));
#12646 = ORIENTED_EDGE('',*,*,#12647,.F.);
#12647 = EDGE_CURVE('',#12624,#12640,#12648,.T.);
#12648 = LINE('',#12649,#12650);
#12649 = CARTESIAN_POINT('',(2.258E+03,-20.,743.));
#12650 = VECTOR('',#12651,1.);
#12651 = DIRECTION('',(0.,1.,0.));
#12652 = PLANE('',#12653);
#12653 = AXIS2_PLACEMENT_3D('',#12654,#12655,#12656);
#12654 = CARTESIAN_POINT('',(2.258E+03,-20.,718.));
#12655 = DIRECTION('',(1.,0.,0.));
#12656 = DIRECTION('',(0.,0.,1.));
#12657 = ADVANCED_FACE('',(#12658),#12692,.T.);
#12658 = FACE_BOUND('',#12659,.T.);
#12659 = EDGE_LOOP('',(#12660,#12670,#12678,#12686));
#12660 = ORIENTED_EDGE('',*,*,#12661,.F.);
#12661 = EDGE_CURVE('',#12662,#12664,#12666,.T.);
#12662 = VERTEX_POINT('',#12663);
#12663 = CARTESIAN_POINT('',(2.93E+03,-20.,718.));
#12664 = VERTEX_POINT('',#12665);
#12665 = CARTESIAN_POINT('',(2.93E+03,-20.,743.));
#12666 = LINE('',#12667,#12668);
#12667 = CARTESIAN_POINT('',(2.93E+03,-20.,718.));
#12668 = VECTOR('',#12669,1.);
#12669 = DIRECTION('',(0.,0.,1.));
#12670 = ORIENTED_EDGE('',*,*,#12671,.T.);
#12671 = EDGE_CURVE('',#12662,#12672,#12674,.T.);
#12672 = VERTEX_POINT('',#12673);
#12673 = CARTESIAN_POINT('',(2.93E+03,0.,718.));
#12674 = LINE('',#12675,#12676);
#12675 = CARTESIAN_POINT('',(2.93E+03,-20.,718.));
#12676 = VECTOR('',#12677,1.);
#12677 = DIRECTION('',(0.,1.,0.));
#12678 = ORIENTED_EDGE('',*,*,#12679,.T.);
#12679 = EDGE_CURVE('',#12672,#12680,#12682,.T.);
#12680 = VERTEX_POINT('',#12681);
#12681 = CARTESIAN_POINT('',(2.93E+03,0.,743.));
#12682 = LINE('',#12683,#12684);
#12683 = CARTESIAN_POINT('',(2.93E+03,0.,718.));
#12684 = VECTOR('',#12685,1.);
#12685 = DIRECTION('',(0.,0.,1.));
#12686 = ORIENTED_EDGE('',*,*,#12687,.F.);
#12687 = EDGE_CURVE('',#12664,#12680,#12688,.T.);
#12688 = LINE('',#12689,#12690);
#12689 = CARTESIAN_POINT('',(2.93E+03,-20.,743.));
#12690 = VECTOR('',#12691,1.);
#12691 = DIRECTION('',(0.,1.,0.));
#12692 = PLANE('',#12693);
#12693 = AXIS2_PLACEMENT_3D('',#12694,#12695,#12696);
#12694 = CARTESIAN_POINT('',(2.93E+03,-20.,718.));
#12695 = DIRECTION('',(1.,0.,0.));
#12696 = DIRECTION('',(0.,0.,1.));
#12697 = ADVANCED_FACE('',(#12698),#12714,.F.);
#12698 = FACE_BOUND('',#12699,.F.);
#12699 = EDGE_LOOP('',(#12700,#12706,#12707,#12713));
#12700 = ORIENTED_EDGE('',*,*,#12701,.F.);
#12701 = EDGE_CURVE('',#12622,#12662,#12702,.T.);
#12702 = LINE('',#12703,#12704);
#12703 = CARTESIAN_POINT('',(2.258E+03,-20.,718.));
#12704 = VECTOR('',#12705,1.);
#12705 = DIRECTION('',(1.,0.,0.));
#12706 = ORIENTED_EDGE('',*,*,#12621,.T.);
#12707 = ORIENTED_EDGE('',*,*,#12708,.T.);
#12708 = EDGE_CURVE('',#12624,#12664,#12709,.T.);
#12709 = LINE('',#12710,#12711);
#12710 = CARTESIAN_POINT('',(2.258E+03,-20.,743.));
#12711 = VECTOR('',#12712,1.);
#12712 = DIRECTION('',(1.,0.,0.));
#12713 = ORIENTED_EDGE('',*,*,#12661,.F.);
#12714 = PLANE('',#12715);
#12715 = AXIS2_PLACEMENT_3D('',#12716,#12717,#12718);
#12716 = CARTESIAN_POINT('',(2.258E+03,-20.,718.));
#12717 = DIRECTION('',(0.,1.,0.));
#12718 = DIRECTION('',(0.,0.,1.));
#12719 = ADVANCED_FACE('',(#12720),#12736,.T.);
#12720 = FACE_BOUND('',#12721,.T.);
#12721 = EDGE_LOOP('',(#12722,#12728,#12729,#12735));
#12722 = ORIENTED_EDGE('',*,*,#12723,.F.);
#12723 = EDGE_CURVE('',#12632,#12672,#12724,.T.);
#12724 = LINE('',#12725,#12726);
#12725 = CARTESIAN_POINT('',(2.258E+03,0.,718.));
#12726 = VECTOR('',#12727,1.);
#12727 = DIRECTION('',(1.,0.,0.));
#12728 = ORIENTED_EDGE('',*,*,#12639,.T.);
#12729 = ORIENTED_EDGE('',*,*,#12730,.T.);
#12730 = EDGE_CURVE('',#12640,#12680,#12731,.T.);
#12731 = LINE('',#12732,#12733);
#12732 = CARTESIAN_POINT('',(2.258E+03,0.,743.));
#12733 = VECTOR('',#12734,1.);
#12734 = DIRECTION('',(1.,0.,0.));
#12735 = ORIENTED_EDGE('',*,*,#12679,.F.);
#12736 = PLANE('',#12737);
#12737 = AXIS2_PLACEMENT_3D('',#12738,#12739,#12740);
#12738 = CARTESIAN_POINT('',(2.258E+03,0.,718.));
#12739 = DIRECTION('',(0.,1.,0.));
#12740 = DIRECTION('',(0.,0.,1.));
#12741 = ADVANCED_FACE('',(#12742),#12748,.F.);
#12742 = FACE_BOUND('',#12743,.F.);
#12743 = EDGE_LOOP('',(#12744,#12745,#12746,#12747));
#12744 = ORIENTED_EDGE('',*,*,#12631,.F.);
#12745 = ORIENTED_EDGE('',*,*,#12701,.T.);
#12746 = ORIENTED_EDGE('',*,*,#12671,.T.);
#12747 = ORIENTED_EDGE('',*,*,#12723,.F.);
#12748 = PLANE('',#12749);
#12749 = AXIS2_PLACEMENT_3D('',#12750,#12751,#12752);
#12750 = CARTESIAN_POINT('',(2.258E+03,-20.,718.));
#12751 = DIRECTION('',(0.,0.,1.));
#12752 = DIRECTION('',(1.,0.,0.));
#12753 = ADVANCED_FACE('',(#12754),#12760,.T.);
#12754 = FACE_BOUND('',#12755,.T.);
#12755 = EDGE_LOOP('',(#12756,#12757,#12758,#12759));
#12756 = ORIENTED_EDGE('',*,*,#12647,.F.);
#12757 = ORIENTED_EDGE('',*,*,#12708,.T.);
#12758 = ORIENTED_EDGE('',*,*,#12687,.T.);
#12759 = ORIENTED_EDGE('',*,*,#12730,.F.);
#12760 = PLANE('',#12761);
#12761 = AXIS2_PLACEMENT_3D('',#12762,#12763,#12764);
#12762 = CARTESIAN_POINT('',(2.258E+03,-20.,743.));
#12763 = DIRECTION('',(0.,0.,1.));
#12764 = DIRECTION('',(1.,0.,0.));
#12765 = MANIFOLD_SOLID_BREP('',#12766);
#12766 = CLOSED_SHELL('',(#12767,#12807,#12847,#12869,#12891,#12903));
#12767 = ADVANCED_FACE('',(#12768),#12802,.F.);
#12768 = FACE_BOUND('',#12769,.F.);
#12769 = EDGE_LOOP('',(#12770,#12780,#12788,#12796));
#12770 = ORIENTED_EDGE('',*,*,#12771,.F.);
#12771 = EDGE_CURVE('',#12772,#12774,#12776,.T.);
#12772 = VERTEX_POINT('',#12773);
#12773 = CARTESIAN_POINT('',(2.258E+03,-20.,1.809E+03));
#12774 = VERTEX_POINT('',#12775);
#12775 = CARTESIAN_POINT('',(2.258E+03,-20.,1.834E+03));
#12776 = LINE('',#12777,#12778);
#12777 = CARTESIAN_POINT('',(2.258E+03,-20.,1.809E+03));
#12778 = VECTOR('',#12779,1.);
#12779 = DIRECTION('',(0.,0.,1.));
#12780 = ORIENTED_EDGE('',*,*,#12781,.T.);
#12781 = EDGE_CURVE('',#12772,#12782,#12784,.T.);
#12782 = VERTEX_POINT('',#12783);
#12783 = CARTESIAN_POINT('',(2.258E+03,0.,1.809E+03));
#12784 = LINE('',#12785,#12786);
#12785 = CARTESIAN_POINT('',(2.258E+03,-20.,1.809E+03));
#12786 = VECTOR('',#12787,1.);
#12787 = DIRECTION('',(0.,1.,0.));
#12788 = ORIENTED_EDGE('',*,*,#12789,.T.);
#12789 = EDGE_CURVE('',#12782,#12790,#12792,.T.);
#12790 = VERTEX_POINT('',#12791);
#12791 = CARTESIAN_POINT('',(2.258E+03,0.,1.834E+03));
#12792 = LINE('',#12793,#12794);
#12793 = CARTESIAN_POINT('',(2.258E+03,0.,1.809E+03));
#12794 = VECTOR('',#12795,1.);
#12795 = DIRECTION('',(0.,0.,1.));
#12796 = ORIENTED_EDGE('',*,*,#12797,.F.);
#12797 = EDGE_CURVE('',#12774,#12790,#12798,.T.);
#12798 = LINE('',#12799,#12800);
#12799 = CARTESIAN_POINT('',(2.258E+03,-20.,1.834E+03));
#12800 = VECTOR('',#12801,1.);
#12801 = DIRECTION('',(0.,1.,0.));
#12802 = PLANE('',#12803);
#12803 = AXIS2_PLACEMENT_3D('',#12804,#12805,#12806);
#12804 = CARTESIAN_POINT('',(2.258E+03,-20.,1.809E+03));
#12805 = DIRECTION('',(1.,0.,0.));
#12806 = DIRECTION('',(0.,0.,1.));
#12807 = ADVANCED_FACE('',(#12808),#12842,.T.);
#12808 = FACE_BOUND('',#12809,.T.);
#12809 = EDGE_LOOP('',(#12810,#12820,#12828,#12836));
#12810 = ORIENTED_EDGE('',*,*,#12811,.F.);
#12811 = EDGE_CURVE('',#12812,#12814,#12816,.T.);
#12812 = VERTEX_POINT('',#12813);
#12813 = CARTESIAN_POINT('',(2.93E+03,-20.,1.809E+03));
#12814 = VERTEX_POINT('',#12815);
#12815 = CARTESIAN_POINT('',(2.93E+03,-20.,1.834E+03));
#12816 = LINE('',#12817,#12818);
#12817 = CARTESIAN_POINT('',(2.93E+03,-20.,1.809E+03));
#12818 = VECTOR('',#12819,1.);
#12819 = DIRECTION('',(0.,0.,1.));
#12820 = ORIENTED_EDGE('',*,*,#12821,.T.);
#12821 = EDGE_CURVE('',#12812,#12822,#12824,.T.);
#12822 = VERTEX_POINT('',#12823);
#12823 = CARTESIAN_POINT('',(2.93E+03,0.,1.809E+03));
#12824 = LINE('',#12825,#12826);
#12825 = CARTESIAN_POINT('',(2.93E+03,-20.,1.809E+03));
#12826 = VECTOR('',#12827,1.);
#12827 = DIRECTION('',(0.,1.,0.));
#12828 = ORIENTED_EDGE('',*,*,#12829,.T.);
#12829 = EDGE_CURVE('',#12822,#12830,#12832,.T.);
#12830 = VERTEX_POINT('',#12831);
#12831 = CARTESIAN_POINT('',(2.93E+03,0.,1.834E+03));
#12832 = LINE('',#12833,#12834);
#12833 = CARTESIAN_POINT('',(2.93E+03,0.,1.809E+03));
#12834 = VECTOR('',#12835,1.);
#12835 = DIRECTION('',(0.,0.,1.));
#12836 = ORIENTED_EDGE('',*,*,#12837,.F.);
#12837 = EDGE_CURVE('',#12814,#12830,#12838,.T.);
#12838 = LINE('',#12839,#12840);
#12839 = CARTESIAN_POINT('',(2.93E+03,-20.,1.834E+03));
#12840 = VECTOR('',#12841,1.);
#12841 = DIRECTION('',(0.,1.,0.));
#12842 = PLANE('',#12843);
#12843 = AXIS2_PLACEMENT_3D('',#12844,#12845,#12846);
#12844 = CARTESIAN_POINT('',(2.93E+03,-20.,1.809E+03));
#12845 = DIRECTION('',(1.,0.,0.));
#12846 = DIRECTION('',(0.,0.,1.));
#12847 = ADVANCED_FACE('',(#12848),#12864,.F.);
#12848 = FACE_BOUND('',#12849,.F.);
#12849 = EDGE_LOOP('',(#12850,#12856,#12857,#12863));
#12850 = ORIENTED_EDGE('',*,*,#12851,.F.);
#12851 = EDGE_CURVE('',#12772,#12812,#12852,.T.);
#12852 = LINE('',#12853,#12854);
#12853 = CARTESIAN_POINT('',(2.258E+03,-20.,1.809E+03));
#12854 = VECTOR('',#12855,1.);
#12855 = DIRECTION('',(1.,0.,0.));
#12856 = ORIENTED_EDGE('',*,*,#12771,.T.);
#12857 = ORIENTED_EDGE('',*,*,#12858,.T.);
#12858 = EDGE_CURVE('',#12774,#12814,#12859,.T.);
#12859 = LINE('',#12860,#12861);
#12860 = CARTESIAN_POINT('',(2.258E+03,-20.,1.834E+03));
#12861 = VECTOR('',#12862,1.);
#12862 = DIRECTION('',(1.,0.,0.));
#12863 = ORIENTED_EDGE('',*,*,#12811,.F.);
#12864 = PLANE('',#12865);
#12865 = AXIS2_PLACEMENT_3D('',#12866,#12867,#12868);
#12866 = CARTESIAN_POINT('',(2.258E+03,-20.,1.809E+03));
#12867 = DIRECTION('',(0.,1.,0.));
#12868 = DIRECTION('',(0.,0.,1.));
#12869 = ADVANCED_FACE('',(#12870),#12886,.T.);
#12870 = FACE_BOUND('',#12871,.T.);
#12871 = EDGE_LOOP('',(#12872,#12878,#12879,#12885));
#12872 = ORIENTED_EDGE('',*,*,#12873,.F.);
#12873 = EDGE_CURVE('',#12782,#12822,#12874,.T.);
#12874 = LINE('',#12875,#12876);
#12875 = CARTESIAN_POINT('',(2.258E+03,0.,1.809E+03));
#12876 = VECTOR('',#12877,1.);
#12877 = DIRECTION('',(1.,0.,0.));
#12878 = ORIENTED_EDGE('',*,*,#12789,.T.);
#12879 = ORIENTED_EDGE('',*,*,#12880,.T.);
#12880 = EDGE_CURVE('',#12790,#12830,#12881,.T.);
#12881 = LINE('',#12882,#12883);
#12882 = CARTESIAN_POINT('',(2.258E+03,0.,1.834E+03));
#12883 = VECTOR('',#12884,1.);
#12884 = DIRECTION('',(1.,0.,0.));
#12885 = ORIENTED_EDGE('',*,*,#12829,.F.);
#12886 = PLANE('',#12887);
#12887 = AXIS2_PLACEMENT_3D('',#12888,#12889,#12890);
#12888 = CARTESIAN_POINT('',(2.258E+03,0.,1.809E+03));
#12889 = DIRECTION('',(0.,1.,0.));
#12890 = DIRECTION('',(0.,0.,1.));
#12891 = ADVANCED_FACE('',(#12892),#12898,.F.);
#12892 = FACE_BOUND('',#12893,.F.);
#12893 = EDGE_LOOP('',(#12894,#12895,#12896,#12897));
#12894 = ORIENTED_EDGE('',*,*,#12781,.F.);
#12895 = ORIENTED_EDGE('',*,*,#12851,.T.);
#12896 = ORIENTED_EDGE('',*,*,#12821,.T.);
#12897 = ORIENTED_EDGE('',*,*,#12873,.F.);
#12898 = PLANE('',#12899);
#12899 = AXIS2_PLACEMENT_3D('',#12900,#12901,#12902);
#12900 = CARTESIAN_POINT('',(2.258E+03,-20.,1.809E+03));
#12901 = DIRECTION('',(0.,0.,1.));
#12902 = DIRECTION('',(1.,0.,0.));
#12903 = ADVANCED_FACE('',(#12904),#12910,.T.);
#12904 = FACE_BOUND('',#12905,.T.);
#12905 = EDGE_LOOP('',(#12906,#12907,#12908,#12909));
#12906 = ORIENTED_EDGE('',*,*,#12797,.F.);
#12907 = ORIENTED_EDGE('',*,*,#12858,.T.);
#12908 = ORIENTED_EDGE('',*,*,#12837,.T.);
#12909 = ORIENTED_EDGE('',*,*,#12880,.F.);
#12910 = PLANE('',#12911);
#12911 = AXIS2_PLACEMENT_3D('',#12912,#12913,#12914);
#12912 = CARTESIAN_POINT('',(2.258E+03,-20.,1.834E+03));
#12913 = DIRECTION('',(0.,0.,1.));
#12914 = DIRECTION('',(1.,0.,0.));
#12915 = MANIFOLD_SOLID_BREP('',#12916);
#12916 = CLOSED_SHELL('',(#12917,#12957,#12997,#13019,#13041,#13053));
#12917 = ADVANCED_FACE('',(#12918),#12952,.F.);
#12918 = FACE_BOUND('',#12919,.F.);
#12919 = EDGE_LOOP('',(#12920,#12930,#12938,#12946));
#12920 = ORIENTED_EDGE('',*,*,#12921,.F.);
#12921 = EDGE_CURVE('',#12922,#12924,#12926,.T.);
#12922 = VERTEX_POINT('',#12923);
#12923 = CARTESIAN_POINT('',(2.267E+03,-18.,80.));
#12924 = VERTEX_POINT('',#12925);
#12925 = CARTESIAN_POINT('',(2.267E+03,-18.,718.));
#12926 = LINE('',#12927,#12928);
#12927 = CARTESIAN_POINT('',(2.267E+03,-18.,80.));
#12928 = VECTOR('',#12929,1.);
#12929 = DIRECTION('',(0.,0.,1.));
#12930 = ORIENTED_EDGE('',*,*,#12931,.T.);
#12931 = EDGE_CURVE('',#12922,#12932,#12934,.T.);
#12932 = VERTEX_POINT('',#12933);
#12933 = CARTESIAN_POINT('',(2.267E+03,0.,80.));
#12934 = LINE('',#12935,#12936);
#12935 = CARTESIAN_POINT('',(2.267E+03,-18.,80.));
#12936 = VECTOR('',#12937,1.);
#12937 = DIRECTION('',(0.,1.,0.));
#12938 = ORIENTED_EDGE('',*,*,#12939,.T.);
#12939 = EDGE_CURVE('',#12932,#12940,#12942,.T.);
#12940 = VERTEX_POINT('',#12941);
#12941 = CARTESIAN_POINT('',(2.267E+03,0.,718.));
#12942 = LINE('',#12943,#12944);
#12943 = CARTESIAN_POINT('',(2.267E+03,0.,80.));
#12944 = VECTOR('',#12945,1.);
#12945 = DIRECTION('',(0.,0.,1.));
#12946 = ORIENTED_EDGE('',*,*,#12947,.F.);
#12947 = EDGE_CURVE('',#12924,#12940,#12948,.T.);
#12948 = LINE('',#12949,#12950);
#12949 = CARTESIAN_POINT('',(2.267E+03,-18.,718.));
#12950 = VECTOR('',#12951,1.);
#12951 = DIRECTION('',(0.,1.,0.));
#12952 = PLANE('',#12953);
#12953 = AXIS2_PLACEMENT_3D('',#12954,#12955,#12956);
#12954 = CARTESIAN_POINT('',(2.267E+03,-18.,80.));
#12955 = DIRECTION('',(1.,0.,0.));
#12956 = DIRECTION('',(0.,0.,1.));
#12957 = ADVANCED_FACE('',(#12958),#12992,.T.);
#12958 = FACE_BOUND('',#12959,.T.);
#12959 = EDGE_LOOP('',(#12960,#12970,#12978,#12986));
#12960 = ORIENTED_EDGE('',*,*,#12961,.F.);
#12961 = EDGE_CURVE('',#12962,#12964,#12966,.T.);
#12962 = VERTEX_POINT('',#12963);
#12963 = CARTESIAN_POINT('',(2.921E+03,-18.,80.));
#12964 = VERTEX_POINT('',#12965);
#12965 = CARTESIAN_POINT('',(2.921E+03,-18.,718.));
#12966 = LINE('',#12967,#12968);
#12967 = CARTESIAN_POINT('',(2.921E+03,-18.,80.));
#12968 = VECTOR('',#12969,1.);
#12969 = DIRECTION('',(0.,0.,1.));
#12970 = ORIENTED_EDGE('',*,*,#12971,.T.);
#12971 = EDGE_CURVE('',#12962,#12972,#12974,.T.);
#12972 = VERTEX_POINT('',#12973);
#12973 = CARTESIAN_POINT('',(2.921E+03,0.,80.));
#12974 = LINE('',#12975,#12976);
#12975 = CARTESIAN_POINT('',(2.921E+03,-18.,80.));
#12976 = VECTOR('',#12977,1.);
#12977 = DIRECTION('',(0.,1.,0.));
#12978 = ORIENTED_EDGE('',*,*,#12979,.T.);
#12979 = EDGE_CURVE('',#12972,#12980,#12982,.T.);
#12980 = VERTEX_POINT('',#12981);
#12981 = CARTESIAN_POINT('',(2.921E+03,0.,718.));
#12982 = LINE('',#12983,#12984);
#12983 = CARTESIAN_POINT('',(2.921E+03,0.,80.));
#12984 = VECTOR('',#12985,1.);
#12985 = DIRECTION('',(0.,0.,1.));
#12986 = ORIENTED_EDGE('',*,*,#12987,.F.);
#12987 = EDGE_CURVE('',#12964,#12980,#12988,.T.);
#12988 = LINE('',#12989,#12990);
#12989 = CARTESIAN_POINT('',(2.921E+03,-18.,718.));
#12990 = VECTOR('',#12991,1.);
#12991 = DIRECTION('',(0.,1.,0.));
#12992 = PLANE('',#12993);
#12993 = AXIS2_PLACEMENT_3D('',#12994,#12995,#12996);
#12994 = CARTESIAN_POINT('',(2.921E+03,-18.,80.));
#12995 = DIRECTION('',(1.,0.,0.));
#12996 = DIRECTION('',(0.,0.,1.));
#12997 = ADVANCED_FACE('',(#12998),#13014,.F.);
#12998 = FACE_BOUND('',#12999,.F.);
#12999 = EDGE_LOOP('',(#13000,#13006,#13007,#13013));
#13000 = ORIENTED_EDGE('',*,*,#13001,.F.);
#13001 = EDGE_CURVE('',#12922,#12962,#13002,.T.);
#13002 = LINE('',#13003,#13004);
#13003 = CARTESIAN_POINT('',(2.267E+03,-18.,80.));
#13004 = VECTOR('',#13005,1.);
#13005 = DIRECTION('',(1.,0.,0.));
#13006 = ORIENTED_EDGE('',*,*,#12921,.T.);
#13007 = ORIENTED_EDGE('',*,*,#13008,.T.);
#13008 = EDGE_CURVE('',#12924,#12964,#13009,.T.);
#13009 = LINE('',#13010,#13011);
#13010 = CARTESIAN_POINT('',(2.267E+03,-18.,718.));
#13011 = VECTOR('',#13012,1.);
#13012 = DIRECTION('',(1.,0.,0.));
#13013 = ORIENTED_EDGE('',*,*,#12961,.F.);
#13014 = PLANE('',#13015);
#13015 = AXIS2_PLACEMENT_3D('',#13016,#13017,#13018);
#13016 = CARTESIAN_POINT('',(2.267E+03,-18.,80.));
#13017 = DIRECTION('',(0.,1.,0.));
#13018 = DIRECTION('',(0.,0.,1.));
#13019 = ADVANCED_FACE('',(#13020),#13036,.T.);
#13020 = FACE_BOUND('',#13021,.T.);
#13021 = EDGE_LOOP('',(#13022,#13028,#13029,#13035));
#13022 = ORIENTED_EDGE('',*,*,#13023,.F.);
#13023 = EDGE_CURVE('',#12932,#12972,#13024,.T.);
#13024 = LINE('',#13025,#13026);
#13025 = CARTESIAN_POINT('',(2.267E+03,0.,80.));
#13026 = VECTOR('',#13027,1.);
#13027 = DIRECTION('',(1.,0.,0.));
#13028 = ORIENTED_EDGE('',*,*,#12939,.T.);
#13029 = ORIENTED_EDGE('',*,*,#13030,.T.);
#13030 = EDGE_CURVE('',#12940,#12980,#13031,.T.);
#13031 = LINE('',#13032,#13033);
#13032 = CARTESIAN_POINT('',(2.267E+03,0.,718.));
#13033 = VECTOR('',#13034,1.);
#13034 = DIRECTION('',(1.,0.,0.));
#13035 = ORIENTED_EDGE('',*,*,#12979,.F.);
#13036 = PLANE('',#13037);
#13037 = AXIS2_PLACEMENT_3D('',#13038,#13039,#13040);
#13038 = CARTESIAN_POINT('',(2.267E+03,0.,80.));
#13039 = DIRECTION('',(0.,1.,0.));
#13040 = DIRECTION('',(0.,0.,1.));
#13041 = ADVANCED_FACE('',(#13042),#13048,.F.);
#13042 = FACE_BOUND('',#13043,.F.);
#13043 = EDGE_LOOP('',(#13044,#13045,#13046,#13047));
#13044 = ORIENTED_EDGE('',*,*,#12931,.F.);
#13045 = ORIENTED_EDGE('',*,*,#13001,.T.);
#13046 = ORIENTED_EDGE('',*,*,#12971,.T.);
#13047 = ORIENTED_EDGE('',*,*,#13023,.F.);
#13048 = PLANE('',#13049);
#13049 = AXIS2_PLACEMENT_3D('',#13050,#13051,#13052);
#13050 = CARTESIAN_POINT('',(2.267E+03,-18.,80.));
#13051 = DIRECTION('',(0.,0.,1.));
#13052 = DIRECTION('',(1.,0.,0.));
#13053 = ADVANCED_FACE('',(#13054),#13060,.T.);
#13054 = FACE_BOUND('',#13055,.T.);
#13055 = EDGE_LOOP('',(#13056,#13057,#13058,#13059));
#13056 = ORIENTED_EDGE('',*,*,#12947,.F.);
#13057 = ORIENTED_EDGE('',*,*,#13008,.T.);
#13058 = ORIENTED_EDGE('',*,*,#12987,.T.);
#13059 = ORIENTED_EDGE('',*,*,#13030,.F.);
#13060 = PLANE('',#13061);
#13061 = AXIS2_PLACEMENT_3D('',#13062,#13063,#13064);
#13062 = CARTESIAN_POINT('',(2.267E+03,-18.,718.));
#13063 = DIRECTION('',(0.,0.,1.));
#13064 = DIRECTION('',(1.,0.,0.));
#13065 = MANIFOLD_SOLID_BREP('',#13066);
#13066 = CLOSED_SHELL('',(#13067,#13107,#13147,#13169,#13191,#13203));
#13067 = ADVANCED_FACE('',(#13068),#13102,.F.);
#13068 = FACE_BOUND('',#13069,.F.);
#13069 = EDGE_LOOP('',(#13070,#13080,#13088,#13096));
#13070 = ORIENTED_EDGE('',*,*,#13071,.F.);
#13071 = EDGE_CURVE('',#13072,#13074,#13076,.T.);
#13072 = VERTEX_POINT('',#13073);
#13073 = CARTESIAN_POINT('',(2.267E+03,-18.,1.809E+03));
#13074 = VERTEX_POINT('',#13075);
#13075 = CARTESIAN_POINT('',(2.267E+03,-18.,2.291E+03));
#13076 = LINE('',#13077,#13078);
#13077 = CARTESIAN_POINT('',(2.267E+03,-18.,1.809E+03));
#13078 = VECTOR('',#13079,1.);
#13079 = DIRECTION('',(0.,0.,1.));
#13080 = ORIENTED_EDGE('',*,*,#13081,.T.);
#13081 = EDGE_CURVE('',#13072,#13082,#13084,.T.);
#13082 = VERTEX_POINT('',#13083);
#13083 = CARTESIAN_POINT('',(2.267E+03,0.,1.809E+03));
#13084 = LINE('',#13085,#13086);
#13085 = CARTESIAN_POINT('',(2.267E+03,-18.,1.809E+03));
#13086 = VECTOR('',#13087,1.);
#13087 = DIRECTION('',(0.,1.,0.));
#13088 = ORIENTED_EDGE('',*,*,#13089,.T.);
#13089 = EDGE_CURVE('',#13082,#13090,#13092,.T.);
#13090 = VERTEX_POINT('',#13091);
#13091 = CARTESIAN_POINT('',(2.267E+03,0.,2.291E+03));
#13092 = LINE('',#13093,#13094);
#13093 = CARTESIAN_POINT('',(2.267E+03,0.,1.809E+03));
#13094 = VECTOR('',#13095,1.);
#13095 = DIRECTION('',(0.,0.,1.));
#13096 = ORIENTED_EDGE('',*,*,#13097,.F.);
#13097 = EDGE_CURVE('',#13074,#13090,#13098,.T.);
#13098 = LINE('',#13099,#13100);
#13099 = CARTESIAN_POINT('',(2.267E+03,-18.,2.291E+03));
#13100 = VECTOR('',#13101,1.);
#13101 = DIRECTION('',(0.,1.,0.));
#13102 = PLANE('',#13103);
#13103 = AXIS2_PLACEMENT_3D('',#13104,#13105,#13106);
#13104 = CARTESIAN_POINT('',(2.267E+03,-18.,1.809E+03));
#13105 = DIRECTION('',(1.,0.,0.));
#13106 = DIRECTION('',(0.,0.,1.));
#13107 = ADVANCED_FACE('',(#13108),#13142,.T.);
#13108 = FACE_BOUND('',#13109,.T.);
#13109 = EDGE_LOOP('',(#13110,#13120,#13128,#13136));
#13110 = ORIENTED_EDGE('',*,*,#13111,.F.);
#13111 = EDGE_CURVE('',#13112,#13114,#13116,.T.);
#13112 = VERTEX_POINT('',#13113);
#13113 = CARTESIAN_POINT('',(2.921E+03,-18.,1.809E+03));
#13114 = VERTEX_POINT('',#13115);
#13115 = CARTESIAN_POINT('',(2.921E+03,-18.,2.291E+03));
#13116 = LINE('',#13117,#13118);
#13117 = CARTESIAN_POINT('',(2.921E+03,-18.,1.809E+03));
#13118 = VECTOR('',#13119,1.);
#13119 = DIRECTION('',(0.,0.,1.));
#13120 = ORIENTED_EDGE('',*,*,#13121,.T.);
#13121 = EDGE_CURVE('',#13112,#13122,#13124,.T.);
#13122 = VERTEX_POINT('',#13123);
#13123 = CARTESIAN_POINT('',(2.921E+03,0.,1.809E+03));
#13124 = LINE('',#13125,#13126);
#13125 = CARTESIAN_POINT('',(2.921E+03,-18.,1.809E+03));
#13126 = VECTOR('',#13127,1.);
#13127 = DIRECTION('',(0.,1.,0.));
#13128 = ORIENTED_EDGE('',*,*,#13129,.T.);
#13129 = EDGE_CURVE('',#13122,#13130,#13132,.T.);
#13130 = VERTEX_POINT('',#13131);
#13131 = CARTESIAN_POINT('',(2.921E+03,0.,2.291E+03));
#13132 = LINE('',#13133,#13134);
#13133 = CARTESIAN_POINT('',(2.921E+03,0.,1.809E+03));
#13134 = VECTOR('',#13135,1.);
#13135 = DIRECTION('',(0.,0.,1.));
#13136 = ORIENTED_EDGE('',*,*,#13137,.F.);
#13137 = EDGE_CURVE('',#13114,#13130,#13138,.T.);
#13138 = LINE('',#13139,#13140);
#13139 = CARTESIAN_POINT('',(2.921E+03,-18.,2.291E+03));
#13140 = VECTOR('',#13141,1.);
#13141 = DIRECTION('',(0.,1.,0.));
#13142 = PLANE('',#13143);
#13143 = AXIS2_PLACEMENT_3D('',#13144,#13145,#13146);
#13144 = CARTESIAN_POINT('',(2.921E+03,-18.,1.809E+03));
#13145 = DIRECTION('',(1.,0.,0.));
#13146 = DIRECTION('',(0.,0.,1.));
#13147 = ADVANCED_FACE('',(#13148),#13164,.F.);
#13148 = FACE_BOUND('',#13149,.F.);
#13149 = EDGE_LOOP('',(#13150,#13156,#13157,#13163));
#13150 = ORIENTED_EDGE('',*,*,#13151,.F.);
#13151 = EDGE_CURVE('',#13072,#13112,#13152,.T.);
#13152 = LINE('',#13153,#13154);
#13153 = CARTESIAN_POINT('',(2.267E+03,-18.,1.809E+03));
#13154 = VECTOR('',#13155,1.);
#13155 = DIRECTION('',(1.,0.,0.));
#13156 = ORIENTED_EDGE('',*,*,#13071,.T.);
#13157 = ORIENTED_EDGE('',*,*,#13158,.T.);
#13158 = EDGE_CURVE('',#13074,#13114,#13159,.T.);
#13159 = LINE('',#13160,#13161);
#13160 = CARTESIAN_POINT('',(2.267E+03,-18.,2.291E+03));
#13161 = VECTOR('',#13162,1.);
#13162 = DIRECTION('',(1.,0.,0.));
#13163 = ORIENTED_EDGE('',*,*,#13111,.F.);
#13164 = PLANE('',#13165);
#13165 = AXIS2_PLACEMENT_3D('',#13166,#13167,#13168);
#13166 = CARTESIAN_POINT('',(2.267E+03,-18.,1.809E+03));
#13167 = DIRECTION('',(0.,1.,0.));
#13168 = DIRECTION('',(0.,0.,1.));
#13169 = ADVANCED_FACE('',(#13170),#13186,.T.);
#13170 = FACE_BOUND('',#13171,.T.);
#13171 = EDGE_LOOP('',(#13172,#13178,#13179,#13185));
#13172 = ORIENTED_EDGE('',*,*,#13173,.F.);
#13173 = EDGE_CURVE('',#13082,#13122,#13174,.T.);
#13174 = LINE('',#13175,#13176);
#13175 = CARTESIAN_POINT('',(2.267E+03,0.,1.809E+03));
#13176 = VECTOR('',#13177,1.);
#13177 = DIRECTION('',(1.,0.,0.));
#13178 = ORIENTED_EDGE('',*,*,#13089,.T.);
#13179 = ORIENTED_EDGE('',*,*,#13180,.T.);
#13180 = EDGE_CURVE('',#13090,#13130,#13181,.T.);
#13181 = LINE('',#13182,#13183);
#13182 = CARTESIAN_POINT('',(2.267E+03,0.,2.291E+03));
#13183 = VECTOR('',#13184,1.);
#13184 = DIRECTION('',(1.,0.,0.));
#13185 = ORIENTED_EDGE('',*,*,#13129,.F.);
#13186 = PLANE('',#13187);
#13187 = AXIS2_PLACEMENT_3D('',#13188,#13189,#13190);
#13188 = CARTESIAN_POINT('',(2.267E+03,0.,1.809E+03));
#13189 = DIRECTION('',(0.,1.,0.));
#13190 = DIRECTION('',(0.,0.,1.));
#13191 = ADVANCED_FACE('',(#13192),#13198,.F.);
#13192 = FACE_BOUND('',#13193,.F.);
#13193 = EDGE_LOOP('',(#13194,#13195,#13196,#13197));
#13194 = ORIENTED_EDGE('',*,*,#13081,.F.);
#13195 = ORIENTED_EDGE('',*,*,#13151,.T.);
#13196 = ORIENTED_EDGE('',*,*,#13121,.T.);
#13197 = ORIENTED_EDGE('',*,*,#13173,.F.);
#13198 = PLANE('',#13199);
#13199 = AXIS2_PLACEMENT_3D('',#13200,#13201,#13202);
#13200 = CARTESIAN_POINT('',(2.267E+03,-18.,1.809E+03));
#13201 = DIRECTION('',(0.,0.,1.));
#13202 = DIRECTION('',(1.,0.,0.));
#13203 = ADVANCED_FACE('',(#13204),#13210,.T.);
#13204 = FACE_BOUND('',#13205,.T.);
#13205 = EDGE_LOOP('',(#13206,#13207,#13208,#13209));
#13206 = ORIENTED_EDGE('',*,*,#13097,.F.);
#13207 = ORIENTED_EDGE('',*,*,#13158,.T.);
#13208 = ORIENTED_EDGE('',*,*,#13137,.T.);
#13209 = ORIENTED_EDGE('',*,*,#13180,.F.);
#13210 = PLANE('',#13211);
#13211 = AXIS2_PLACEMENT_3D('',#13212,#13213,#13214);
#13212 = CARTESIAN_POINT('',(2.267E+03,-18.,2.291E+03));
#13213 = DIRECTION('',(0.,0.,1.));
#13214 = DIRECTION('',(1.,0.,0.));
#13215 = MANIFOLD_SOLID_BREP('',#13216);
#13216 = CLOSED_SHELL('',(#13217,#13257,#13297,#13319,#13341,#13353));
#13217 = ADVANCED_FACE('',(#13218),#13252,.F.);
#13218 = FACE_BOUND('',#13219,.F.);
#13219 = EDGE_LOOP('',(#13220,#13230,#13238,#13246));
#13220 = ORIENTED_EDGE('',*,*,#13221,.F.);
#13221 = EDGE_CURVE('',#13222,#13224,#13226,.T.);
#13222 = VERTEX_POINT('',#13223);
#13223 = CARTESIAN_POINT('',(0.,280.,1.608E+03));
#13224 = VERTEX_POINT('',#13225);
#13225 = CARTESIAN_POINT('',(0.,280.,2.282E+03));
#13226 = LINE('',#13227,#13228);
#13227 = CARTESIAN_POINT('',(0.,280.,1.608E+03));
#13228 = VECTOR('',#13229,1.);
#13229 = DIRECTION('',(0.,0.,1.));
#13230 = ORIENTED_EDGE('',*,*,#13231,.T.);
#13231 = EDGE_CURVE('',#13222,#13232,#13234,.T.);
#13232 = VERTEX_POINT('',#13233);
#13233 = CARTESIAN_POINT('',(0.,600.,1.608E+03));
#13234 = LINE('',#13235,#13236);
#13235 = CARTESIAN_POINT('',(0.,280.,1.608E+03));
#13236 = VECTOR('',#13237,1.);
#13237 = DIRECTION('',(0.,1.,0.));
#13238 = ORIENTED_EDGE('',*,*,#13239,.T.);
#13239 = EDGE_CURVE('',#13232,#13240,#13242,.T.);
#13240 = VERTEX_POINT('',#13241);
#13241 = CARTESIAN_POINT('',(0.,600.,2.282E+03));
#13242 = LINE('',#13243,#13244);
#13243 = CARTESIAN_POINT('',(0.,600.,1.608E+03));
#13244 = VECTOR('',#13245,1.);
#13245 = DIRECTION('',(0.,0.,1.));
#13246 = ORIENTED_EDGE('',*,*,#13247,.F.);
#13247 = EDGE_CURVE('',#13224,#13240,#13248,.T.);
#13248 = LINE('',#13249,#13250);
#13249 = CARTESIAN_POINT('',(0.,280.,2.282E+03));
#13250 = VECTOR('',#13251,1.);
#13251 = DIRECTION('',(0.,1.,0.));
#13252 = PLANE('',#13253);
#13253 = AXIS2_PLACEMENT_3D('',#13254,#13255,#13256);
#13254 = CARTESIAN_POINT('',(0.,280.,1.608E+03));
#13255 = DIRECTION('',(1.,0.,0.));
#13256 = DIRECTION('',(0.,0.,1.));
#13257 = ADVANCED_FACE('',(#13258),#13292,.T.);
#13258 = FACE_BOUND('',#13259,.T.);
#13259 = EDGE_LOOP('',(#13260,#13270,#13278,#13286));
#13260 = ORIENTED_EDGE('',*,*,#13261,.F.);
#13261 = EDGE_CURVE('',#13262,#13264,#13266,.T.);
#13262 = VERTEX_POINT('',#13263);
#13263 = CARTESIAN_POINT('',(18.,280.,1.608E+03));
#13264 = VERTEX_POINT('',#13265);
#13265 = CARTESIAN_POINT('',(18.,280.,2.282E+03));
#13266 = LINE('',#13267,#13268);
#13267 = CARTESIAN_POINT('',(18.,280.,1.608E+03));
#13268 = VECTOR('',#13269,1.);
#13269 = DIRECTION('',(0.,0.,1.));
#13270 = ORIENTED_EDGE('',*,*,#13271,.T.);
#13271 = EDGE_CURVE('',#13262,#13272,#13274,.T.);
#13272 = VERTEX_POINT('',#13273);
#13273 = CARTESIAN_POINT('',(18.,600.,1.608E+03));
#13274 = LINE('',#13275,#13276);
#13275 = CARTESIAN_POINT('',(18.,280.,1.608E+03));
#13276 = VECTOR('',#13277,1.);
#13277 = DIRECTION('',(0.,1.,0.));
#13278 = ORIENTED_EDGE('',*,*,#13279,.T.);
#13279 = EDGE_CURVE('',#13272,#13280,#13282,.T.);
#13280 = VERTEX_POINT('',#13281);
#13281 = CARTESIAN_POINT('',(18.,600.,2.282E+03));
#13282 = LINE('',#13283,#13284);
#13283 = CARTESIAN_POINT('',(18.,600.,1.608E+03));
#13284 = VECTOR('',#13285,1.);
#13285 = DIRECTION('',(0.,0.,1.));
#13286 = ORIENTED_EDGE('',*,*,#13287,.F.);
#13287 = EDGE_CURVE('',#13264,#13280,#13288,.T.);
#13288 = LINE('',#13289,#13290);
#13289 = CARTESIAN_POINT('',(18.,280.,2.282E+03));
#13290 = VECTOR('',#13291,1.);
#13291 = DIRECTION('',(0.,1.,0.));
#13292 = PLANE('',#13293);
#13293 = AXIS2_PLACEMENT_3D('',#13294,#13295,#13296);
#13294 = CARTESIAN_POINT('',(18.,280.,1.608E+03));
#13295 = DIRECTION('',(1.,0.,0.));
#13296 = DIRECTION('',(0.,0.,1.));
#13297 = ADVANCED_FACE('',(#13298),#13314,.F.);
#13298 = FACE_BOUND('',#13299,.F.);
#13299 = EDGE_LOOP('',(#13300,#13306,#13307,#13313));
#13300 = ORIENTED_EDGE('',*,*,#13301,.F.);
#13301 = EDGE_CURVE('',#13222,#13262,#13302,.T.);
#13302 = LINE('',#13303,#13304);
#13303 = CARTESIAN_POINT('',(0.,280.,1.608E+03));
#13304 = VECTOR('',#13305,1.);
#13305 = DIRECTION('',(1.,0.,0.));
#13306 = ORIENTED_EDGE('',*,*,#13221,.T.);
#13307 = ORIENTED_EDGE('',*,*,#13308,.T.);
#13308 = EDGE_CURVE('',#13224,#13264,#13309,.T.);
#13309 = LINE('',#13310,#13311);
#13310 = CARTESIAN_POINT('',(0.,280.,2.282E+03));
#13311 = VECTOR('',#13312,1.);
#13312 = DIRECTION('',(1.,0.,0.));
#13313 = ORIENTED_EDGE('',*,*,#13261,.F.);
#13314 = PLANE('',#13315);
#13315 = AXIS2_PLACEMENT_3D('',#13316,#13317,#13318);
#13316 = CARTESIAN_POINT('',(0.,280.,1.608E+03));
#13317 = DIRECTION('',(0.,1.,0.));
#13318 = DIRECTION('',(0.,0.,1.));
#13319 = ADVANCED_FACE('',(#13320),#13336,.T.);
#13320 = FACE_BOUND('',#13321,.T.);
#13321 = EDGE_LOOP('',(#13322,#13328,#13329,#13335));
#13322 = ORIENTED_EDGE('',*,*,#13323,.F.);
#13323 = EDGE_CURVE('',#13232,#13272,#13324,.T.);
#13324 = LINE('',#13325,#13326);
#13325 = CARTESIAN_POINT('',(0.,600.,1.608E+03));
#13326 = VECTOR('',#13327,1.);
#13327 = DIRECTION('',(1.,0.,0.));
#13328 = ORIENTED_EDGE('',*,*,#13239,.T.);
#13329 = ORIENTED_EDGE('',*,*,#13330,.T.);
#13330 = EDGE_CURVE('',#13240,#13280,#13331,.T.);
#13331 = LINE('',#13332,#13333);
#13332 = CARTESIAN_POINT('',(0.,600.,2.282E+03));
#13333 = VECTOR('',#13334,1.);
#13334 = DIRECTION('',(1.,0.,0.));
#13335 = ORIENTED_EDGE('',*,*,#13279,.F.);
#13336 = PLANE('',#13337);
#13337 = AXIS2_PLACEMENT_3D('',#13338,#13339,#13340);
#13338 = CARTESIAN_POINT('',(0.,600.,1.608E+03));
#13339 = DIRECTION('',(0.,1.,0.));
#13340 = DIRECTION('',(0.,0.,1.));
#13341 = ADVANCED_FACE('',(#13342),#13348,.F.);
#13342 = FACE_BOUND('',#13343,.F.);
#13343 = EDGE_LOOP('',(#13344,#13345,#13346,#13347));
#13344 = ORIENTED_EDGE('',*,*,#13231,.F.);
#13345 = ORIENTED_EDGE('',*,*,#13301,.T.);
#13346 = ORIENTED_EDGE('',*,*,#13271,.T.);
#13347 = ORIENTED_EDGE('',*,*,#13323,.F.);
#13348 = PLANE('',#13349);
#13349 = AXIS2_PLACEMENT_3D('',#13350,#13351,#13352);
#13350 = CARTESIAN_POINT('',(0.,280.,1.608E+03));
#13351 = DIRECTION('',(0.,0.,1.));
#13352 = DIRECTION('',(1.,0.,0.));
#13353 = ADVANCED_FACE('',(#13354),#13360,.T.);
#13354 = FACE_BOUND('',#13355,.T.);
#13355 = EDGE_LOOP('',(#13356,#13357,#13358,#13359));
#13356 = ORIENTED_EDGE('',*,*,#13247,.F.);
#13357 = ORIENTED_EDGE('',*,*,#13308,.T.);
#13358 = ORIENTED_EDGE('',*,*,#13287,.T.);
#13359 = ORIENTED_EDGE('',*,*,#13330,.F.);
#13360 = PLANE('',#13361);
#13361 = AXIS2_PLACEMENT_3D('',#13362,#13363,#13364);
#13362 = CARTESIAN_POINT('',(0.,280.,2.282E+03));
#13363 = DIRECTION('',(0.,0.,1.));
#13364 = DIRECTION('',(1.,0.,0.));
#13365 = MANIFOLD_SOLID_BREP('',#13366);
#13366 = CLOSED_SHELL('',(#13367,#13407,#13447,#13469,#13491,#13503));
#13367 = ADVANCED_FACE('',(#13368),#13402,.F.);
#13368 = FACE_BOUND('',#13369,.F.);
#13369 = EDGE_LOOP('',(#13370,#13380,#13388,#13396));
#13370 = ORIENTED_EDGE('',*,*,#13371,.F.);
#13371 = EDGE_CURVE('',#13372,#13374,#13376,.T.);
#13372 = VERTEX_POINT('',#13373);
#13373 = CARTESIAN_POINT('',(885.,280.,1.608E+03));
#13374 = VERTEX_POINT('',#13375);
#13375 = CARTESIAN_POINT('',(885.,280.,2.282E+03));
#13376 = LINE('',#13377,#13378);
#13377 = CARTESIAN_POINT('',(885.,280.,1.608E+03));
#13378 = VECTOR('',#13379,1.);
#13379 = DIRECTION('',(0.,0.,1.));
#13380 = ORIENTED_EDGE('',*,*,#13381,.T.);
#13381 = EDGE_CURVE('',#13372,#13382,#13384,.T.);
#13382 = VERTEX_POINT('',#13383);
#13383 = CARTESIAN_POINT('',(885.,600.,1.608E+03));
#13384 = LINE('',#13385,#13386);
#13385 = CARTESIAN_POINT('',(885.,280.,1.608E+03));
#13386 = VECTOR('',#13387,1.);
#13387 = DIRECTION('',(0.,1.,0.));
#13388 = ORIENTED_EDGE('',*,*,#13389,.T.);
#13389 = EDGE_CURVE('',#13382,#13390,#13392,.T.);
#13390 = VERTEX_POINT('',#13391);
#13391 = CARTESIAN_POINT('',(885.,600.,2.282E+03));
#13392 = LINE('',#13393,#13394);
#13393 = CARTESIAN_POINT('',(885.,600.,1.608E+03));
#13394 = VECTOR('',#13395,1.);
#13395 = DIRECTION('',(0.,0.,1.));
#13396 = ORIENTED_EDGE('',*,*,#13397,.F.);
#13397 = EDGE_CURVE('',#13374,#13390,#13398,.T.);
#13398 = LINE('',#13399,#13400);
#13399 = CARTESIAN_POINT('',(885.,280.,2.282E+03));
#13400 = VECTOR('',#13401,1.);
#13401 = DIRECTION('',(0.,1.,0.));
#13402 = PLANE('',#13403);
#13403 = AXIS2_PLACEMENT_3D('',#13404,#13405,#13406);
#13404 = CARTESIAN_POINT('',(885.,280.,1.608E+03));
#13405 = DIRECTION('',(1.,0.,0.));
#13406 = DIRECTION('',(0.,0.,1.));
#13407 = ADVANCED_FACE('',(#13408),#13442,.T.);
#13408 = FACE_BOUND('',#13409,.T.);
#13409 = EDGE_LOOP('',(#13410,#13420,#13428,#13436));
#13410 = ORIENTED_EDGE('',*,*,#13411,.F.);
#13411 = EDGE_CURVE('',#13412,#13414,#13416,.T.);
#13412 = VERTEX_POINT('',#13413);
#13413 = CARTESIAN_POINT('',(903.,280.,1.608E+03));
#13414 = VERTEX_POINT('',#13415);
#13415 = CARTESIAN_POINT('',(903.,280.,2.282E+03));
#13416 = LINE('',#13417,#13418);
#13417 = CARTESIAN_POINT('',(903.,280.,1.608E+03));
#13418 = VECTOR('',#13419,1.);
#13419 = DIRECTION('',(0.,0.,1.));
#13420 = ORIENTED_EDGE('',*,*,#13421,.T.);
#13421 = EDGE_CURVE('',#13412,#13422,#13424,.T.);
#13422 = VERTEX_POINT('',#13423);
#13423 = CARTESIAN_POINT('',(903.,600.,1.608E+03));
#13424 = LINE('',#13425,#13426);
#13425 = CARTESIAN_POINT('',(903.,280.,1.608E+03));
#13426 = VECTOR('',#13427,1.);
#13427 = DIRECTION('',(0.,1.,0.));
#13428 = ORIENTED_EDGE('',*,*,#13429,.T.);
#13429 = EDGE_CURVE('',#13422,#13430,#13432,.T.);
#13430 = VERTEX_POINT('',#13431);
#13431 = CARTESIAN_POINT('',(903.,600.,2.282E+03));
#13432 = LINE('',#13433,#13434);
#13433 = CARTESIAN_POINT('',(903.,600.,1.608E+03));
#13434 = VECTOR('',#13435,1.);
#13435 = DIRECTION('',(0.,0.,1.));
#13436 = ORIENTED_EDGE('',*,*,#13437,.F.);
#13437 = EDGE_CURVE('',#13414,#13430,#13438,.T.);
#13438 = LINE('',#13439,#13440);
#13439 = CARTESIAN_POINT('',(903.,280.,2.282E+03));
#13440 = VECTOR('',#13441,1.);
#13441 = DIRECTION('',(0.,1.,0.));
#13442 = PLANE('',#13443);
#13443 = AXIS2_PLACEMENT_3D('',#13444,#13445,#13446);
#13444 = CARTESIAN_POINT('',(903.,280.,1.608E+03));
#13445 = DIRECTION('',(1.,0.,0.));
#13446 = DIRECTION('',(0.,0.,1.));
#13447 = ADVANCED_FACE('',(#13448),#13464,.F.);
#13448 = FACE_BOUND('',#13449,.F.);
#13449 = EDGE_LOOP('',(#13450,#13456,#13457,#13463));
#13450 = ORIENTED_EDGE('',*,*,#13451,.F.);
#13451 = EDGE_CURVE('',#13372,#13412,#13452,.T.);
#13452 = LINE('',#13453,#13454);
#13453 = CARTESIAN_POINT('',(885.,280.,1.608E+03));
#13454 = VECTOR('',#13455,1.);
#13455 = DIRECTION('',(1.,0.,0.));
#13456 = ORIENTED_EDGE('',*,*,#13371,.T.);
#13457 = ORIENTED_EDGE('',*,*,#13458,.T.);
#13458 = EDGE_CURVE('',#13374,#13414,#13459,.T.);
#13459 = LINE('',#13460,#13461);
#13460 = CARTESIAN_POINT('',(885.,280.,2.282E+03));
#13461 = VECTOR('',#13462,1.);
#13462 = DIRECTION('',(1.,0.,0.));
#13463 = ORIENTED_EDGE('',*,*,#13411,.F.);
#13464 = PLANE('',#13465);
#13465 = AXIS2_PLACEMENT_3D('',#13466,#13467,#13468);
#13466 = CARTESIAN_POINT('',(885.,280.,1.608E+03));
#13467 = DIRECTION('',(0.,1.,0.));
#13468 = DIRECTION('',(0.,0.,1.));
#13469 = ADVANCED_FACE('',(#13470),#13486,.T.);
#13470 = FACE_BOUND('',#13471,.T.);
#13471 = EDGE_LOOP('',(#13472,#13478,#13479,#13485));
#13472 = ORIENTED_EDGE('',*,*,#13473,.F.);
#13473 = EDGE_CURVE('',#13382,#13422,#13474,.T.);
#13474 = LINE('',#13475,#13476);
#13475 = CARTESIAN_POINT('',(885.,600.,1.608E+03));
#13476 = VECTOR('',#13477,1.);
#13477 = DIRECTION('',(1.,0.,0.));
#13478 = ORIENTED_EDGE('',*,*,#13389,.T.);
#13479 = ORIENTED_EDGE('',*,*,#13480,.T.);
#13480 = EDGE_CURVE('',#13390,#13430,#13481,.T.);
#13481 = LINE('',#13482,#13483);
#13482 = CARTESIAN_POINT('',(885.,600.,2.282E+03));
#13483 = VECTOR('',#13484,1.);
#13484 = DIRECTION('',(1.,0.,0.));
#13485 = ORIENTED_EDGE('',*,*,#13429,.F.);
#13486 = PLANE('',#13487);
#13487 = AXIS2_PLACEMENT_3D('',#13488,#13489,#13490);
#13488 = CARTESIAN_POINT('',(885.,600.,1.608E+03));
#13489 = DIRECTION('',(0.,1.,0.));
#13490 = DIRECTION('',(0.,0.,1.));
#13491 = ADVANCED_FACE('',(#13492),#13498,.F.);
#13492 = FACE_BOUND('',#13493,.F.);
#13493 = EDGE_LOOP('',(#13494,#13495,#13496,#13497));
#13494 = ORIENTED_EDGE('',*,*,#13381,.F.);
#13495 = ORIENTED_EDGE('',*,*,#13451,.T.);
#13496 = ORIENTED_EDGE('',*,*,#13421,.T.);
#13497 = ORIENTED_EDGE('',*,*,#13473,.F.);
#13498 = PLANE('',#13499);
#13499 = AXIS2_PLACEMENT_3D('',#13500,#13501,#13502);
#13500 = CARTESIAN_POINT('',(885.,280.,1.608E+03));
#13501 = DIRECTION('',(0.,0.,1.));
#13502 = DIRECTION('',(1.,0.,0.));
#13503 = ADVANCED_FACE('',(#13504),#13510,.T.);
#13504 = FACE_BOUND('',#13505,.T.);
#13505 = EDGE_LOOP('',(#13506,#13507,#13508,#13509));
#13506 = ORIENTED_EDGE('',*,*,#13397,.F.);
#13507 = ORIENTED_EDGE('',*,*,#13458,.T.);
#13508 = ORIENTED_EDGE('',*,*,#13437,.T.);
#13509 = ORIENTED_EDGE('',*,*,#13480,.F.);
#13510 = PLANE('',#13511);
#13511 = AXIS2_PLACEMENT_3D('',#13512,#13513,#13514);
#13512 = CARTESIAN_POINT('',(885.,280.,2.282E+03));
#13513 = DIRECTION('',(0.,0.,1.));
#13514 = DIRECTION('',(1.,0.,0.));
#13515 = MANIFOLD_SOLID_BREP('',#13516);
#13516 = CLOSED_SHELL('',(#13517,#13557,#13588,#13656,#13680,#13741,
    #13753,#13770,#13787,#13804));
#13517 = ADVANCED_FACE('',(#13518),#13552,.F.);
#13518 = FACE_BOUND('',#13519,.F.);
#13519 = EDGE_LOOP('',(#13520,#13530,#13538,#13546));
#13520 = ORIENTED_EDGE('',*,*,#13521,.F.);
#13521 = EDGE_CURVE('',#13522,#13524,#13526,.T.);
#13522 = VERTEX_POINT('',#13523);
#13523 = CARTESIAN_POINT('',(0.,280.,1.59E+03));
#13524 = VERTEX_POINT('',#13525);
#13525 = CARTESIAN_POINT('',(0.,280.,1.608E+03));
#13526 = LINE('',#13527,#13528);
#13527 = CARTESIAN_POINT('',(0.,280.,1.59E+03));
#13528 = VECTOR('',#13529,1.);
#13529 = DIRECTION('',(0.,0.,1.));
#13530 = ORIENTED_EDGE('',*,*,#13531,.T.);
#13531 = EDGE_CURVE('',#13522,#13532,#13534,.T.);
#13532 = VERTEX_POINT('',#13533);
#13533 = CARTESIAN_POINT('',(0.,600.,1.59E+03));
#13534 = LINE('',#13535,#13536);
#13535 = CARTESIAN_POINT('',(0.,280.,1.59E+03));
#13536 = VECTOR('',#13537,1.);
#13537 = DIRECTION('',(0.,1.,0.));
#13538 = ORIENTED_EDGE('',*,*,#13539,.T.);
#13539 = EDGE_CURVE('',#13532,#13540,#13542,.T.);
#13540 = VERTEX_POINT('',#13541);
#13541 = CARTESIAN_POINT('',(0.,600.,1.608E+03));
#13542 = LINE('',#13543,#13544);
#13543 = CARTESIAN_POINT('',(0.,600.,1.59E+03));
#13544 = VECTOR('',#13545,1.);
#13545 = DIRECTION('',(0.,0.,1.));
#13546 = ORIENTED_EDGE('',*,*,#13547,.F.);
#13547 = EDGE_CURVE('',#13524,#13540,#13548,.T.);
#13548 = LINE('',#13549,#13550);
#13549 = CARTESIAN_POINT('',(0.,280.,1.608E+03));
#13550 = VECTOR('',#13551,1.);
#13551 = DIRECTION('',(0.,1.,0.));
#13552 = PLANE('',#13553);
#13553 = AXIS2_PLACEMENT_3D('',#13554,#13555,#13556);
#13554 = CARTESIAN_POINT('',(0.,280.,1.59E+03));
#13555 = DIRECTION('',(1.,0.,0.));
#13556 = DIRECTION('',(0.,0.,1.));
#13557 = ADVANCED_FACE('',(#13558),#13583,.F.);
#13558 = FACE_BOUND('',#13559,.F.);
#13559 = EDGE_LOOP('',(#13560,#13568,#13569,#13577));
#13560 = ORIENTED_EDGE('',*,*,#13561,.F.);
#13561 = EDGE_CURVE('',#13522,#13562,#13564,.T.);
#13562 = VERTEX_POINT('',#13563);
#13563 = CARTESIAN_POINT('',(903.,280.,1.59E+03));
#13564 = LINE('',#13565,#13566);
#13565 = CARTESIAN_POINT('',(0.,280.,1.59E+03));
#13566 = VECTOR('',#13567,1.);
#13567 = DIRECTION('',(1.,0.,0.));
#13568 = ORIENTED_EDGE('',*,*,#13521,.T.);
#13569 = ORIENTED_EDGE('',*,*,#13570,.T.);
#13570 = EDGE_CURVE('',#13524,#13571,#13573,.T.);
#13571 = VERTEX_POINT('',#13572);
#13572 = CARTESIAN_POINT('',(903.,280.,1.608E+03));
#13573 = LINE('',#13574,#13575);
#13574 = CARTESIAN_POINT('',(0.,280.,1.608E+03));
#13575 = VECTOR('',#13576,1.);
#13576 = DIRECTION('',(1.,0.,0.));
#13577 = ORIENTED_EDGE('',*,*,#13578,.F.);
#13578 = EDGE_CURVE('',#13562,#13571,#13579,.T.);
#13579 = LINE('',#13580,#13581);
#13580 = CARTESIAN_POINT('',(903.,280.,1.59E+03));
#13581 = VECTOR('',#13582,1.);
#13582 = DIRECTION('',(0.,0.,1.));
#13583 = PLANE('',#13584);
#13584 = AXIS2_PLACEMENT_3D('',#13585,#13586,#13587);
#13585 = CARTESIAN_POINT('',(0.,280.,1.59E+03));
#13586 = DIRECTION('',(0.,1.,0.));
#13587 = DIRECTION('',(0.,0.,1.));
#13588 = ADVANCED_FACE('',(#13589,#13607,#13618,#13629,#13640),#13651,
  .T.);
#13589 = FACE_BOUND('',#13590,.T.);
#13590 = EDGE_LOOP('',(#13591,#13592,#13593,#13601));
#13591 = ORIENTED_EDGE('',*,*,#13547,.F.);
#13592 = ORIENTED_EDGE('',*,*,#13570,.T.);
#13593 = ORIENTED_EDGE('',*,*,#13594,.T.);
#13594 = EDGE_CURVE('',#13571,#13595,#13597,.T.);
#13595 = VERTEX_POINT('',#13596);
#13596 = CARTESIAN_POINT('',(903.,600.,1.608E+03));
#13597 = LINE('',#13598,#13599);
#13598 = CARTESIAN_POINT('',(903.,280.,1.608E+03));
#13599 = VECTOR('',#13600,1.);
#13600 = DIRECTION('',(0.,1.,0.));
#13601 = ORIENTED_EDGE('',*,*,#13602,.F.);
#13602 = EDGE_CURVE('',#13540,#13595,#13603,.T.);
#13603 = LINE('',#13604,#13605);
#13604 = CARTESIAN_POINT('',(0.,600.,1.608E+03));
#13605 = VECTOR('',#13606,1.);
#13606 = DIRECTION('',(1.,0.,0.));
#13607 = FACE_BOUND('',#13608,.T.);
#13608 = EDGE_LOOP('',(#13609));
#13609 = ORIENTED_EDGE('',*,*,#13610,.F.);
#13610 = EDGE_CURVE('',#13611,#13611,#13613,.T.);
#13611 = VERTEX_POINT('',#13612);
#13612 = CARTESIAN_POINT('',(172.25,542.,1.608E+03));
#13613 = CIRCLE('',#13614,17.5);
#13614 = AXIS2_PLACEMENT_3D('',#13615,#13616,#13617);
#13615 = CARTESIAN_POINT('',(154.75,542.,1.608E+03));
#13616 = DIRECTION('',(0.,0.,1.));
#13617 = DIRECTION('',(1.,0.,0.));
#13618 = FACE_BOUND('',#13619,.T.);
#13619 = EDGE_LOOP('',(#13620));
#13620 = ORIENTED_EDGE('',*,*,#13621,.F.);
#13621 = EDGE_CURVE('',#13622,#13622,#13624,.T.);
#13622 = VERTEX_POINT('',#13623);
#13623 = CARTESIAN_POINT('',(252.25,542.,1.608E+03));
#13624 = CIRCLE('',#13625,17.5);
#13625 = AXIS2_PLACEMENT_3D('',#13626,#13627,#13628);
#13626 = CARTESIAN_POINT('',(234.75,542.,1.608E+03));
#13627 = DIRECTION('',(0.,0.,1.));
#13628 = DIRECTION('',(1.,0.,0.));
#13629 = FACE_BOUND('',#13630,.T.);
#13630 = EDGE_LOOP('',(#13631));
#13631 = ORIENTED_EDGE('',*,*,#13632,.F.);
#13632 = EDGE_CURVE('',#13633,#13633,#13635,.T.);
#13633 = VERTEX_POINT('',#13634);
#13634 = CARTESIAN_POINT('',(332.25,542.,1.608E+03));
#13635 = CIRCLE('',#13636,17.5);
#13636 = AXIS2_PLACEMENT_3D('',#13637,#13638,#13639);
#13637 = CARTESIAN_POINT('',(314.75,542.,1.608E+03));
#13638 = DIRECTION('',(0.,0.,1.));
#13639 = DIRECTION('',(1.,0.,0.));
#13640 = FACE_BOUND('',#13641,.T.);
#13641 = EDGE_LOOP('',(#13642));
#13642 = ORIENTED_EDGE('',*,*,#13643,.F.);
#13643 = EDGE_CURVE('',#13644,#13644,#13646,.T.);
#13644 = VERTEX_POINT('',#13645);
#13645 = CARTESIAN_POINT('',(688.,497.,1.608E+03));
#13646 = CIRCLE('',#13647,80.);
#13647 = AXIS2_PLACEMENT_3D('',#13648,#13649,#13650);
#13648 = CARTESIAN_POINT('',(608.,497.,1.608E+03));
#13649 = DIRECTION('',(0.,0.,1.));
#13650 = DIRECTION('',(1.,0.,0.));
#13651 = PLANE('',#13652);
#13652 = AXIS2_PLACEMENT_3D('',#13653,#13654,#13655);
#13653 = CARTESIAN_POINT('',(0.,280.,1.608E+03));
#13654 = DIRECTION('',(0.,0.,1.));
#13655 = DIRECTION('',(1.,0.,0.));
#13656 = ADVANCED_FACE('',(#13657),#13675,.T.);
#13657 = FACE_BOUND('',#13658,.T.);
#13658 = EDGE_LOOP('',(#13659,#13667,#13668,#13669));
#13659 = ORIENTED_EDGE('',*,*,#13660,.F.);
#13660 = EDGE_CURVE('',#13532,#13661,#13663,.T.);
#13661 = VERTEX_POINT('',#13662);
#13662 = CARTESIAN_POINT('',(903.,600.,1.59E+03));
#13663 = LINE('',#13664,#13665);
#13664 = CARTESIAN_POINT('',(0.,600.,1.59E+03));
#13665 = VECTOR('',#13666,1.);
#13666 = DIRECTION('',(1.,0.,0.));
#13667 = ORIENTED_EDGE('',*,*,#13539,.T.);
#13668 = ORIENTED_EDGE('',*,*,#13602,.T.);
#13669 = ORIENTED_EDGE('',*,*,#13670,.F.);
#13670 = EDGE_CURVE('',#13661,#13595,#13671,.T.);
#13671 = LINE('',#13672,#13673);
#13672 = CARTESIAN_POINT('',(903.,600.,1.59E+03));
#13673 = VECTOR('',#13674,1.);
#13674 = DIRECTION('',(0.,0.,1.));
#13675 = PLANE('',#13676);
#13676 = AXIS2_PLACEMENT_3D('',#13677,#13678,#13679);
#13677 = CARTESIAN_POINT('',(0.,600.,1.59E+03));
#13678 = DIRECTION('',(0.,1.,0.));
#13679 = DIRECTION('',(0.,0.,1.));
#13680 = ADVANCED_FACE('',(#13681,#13692,#13703,#13714,#13725),#13736,
  .F.);
#13681 = FACE_BOUND('',#13682,.F.);
#13682 = EDGE_LOOP('',(#13683,#13684,#13685,#13691));
#13683 = ORIENTED_EDGE('',*,*,#13531,.F.);
#13684 = ORIENTED_EDGE('',*,*,#13561,.T.);
#13685 = ORIENTED_EDGE('',*,*,#13686,.T.);
#13686 = EDGE_CURVE('',#13562,#13661,#13687,.T.);
#13687 = LINE('',#13688,#13689);
#13688 = CARTESIAN_POINT('',(903.,280.,1.59E+03));
#13689 = VECTOR('',#13690,1.);
#13690 = DIRECTION('',(0.,1.,0.));
#13691 = ORIENTED_EDGE('',*,*,#13660,.F.);
#13692 = FACE_BOUND('',#13693,.F.);
#13693 = EDGE_LOOP('',(#13694));
#13694 = ORIENTED_EDGE('',*,*,#13695,.F.);
#13695 = EDGE_CURVE('',#13696,#13696,#13698,.T.);
#13696 = VERTEX_POINT('',#13697);
#13697 = CARTESIAN_POINT('',(172.25,542.,1.59E+03));
#13698 = CIRCLE('',#13699,17.5);
#13699 = AXIS2_PLACEMENT_3D('',#13700,#13701,#13702);
#13700 = CARTESIAN_POINT('',(154.75,542.,1.59E+03));
#13701 = DIRECTION('',(0.,0.,1.));
#13702 = DIRECTION('',(1.,0.,0.));
#13703 = FACE_BOUND('',#13704,.F.);
#13704 = EDGE_LOOP('',(#13705));
#13705 = ORIENTED_EDGE('',*,*,#13706,.F.);
#13706 = EDGE_CURVE('',#13707,#13707,#13709,.T.);
#13707 = VERTEX_POINT('',#13708);
#13708 = CARTESIAN_POINT('',(252.25,542.,1.59E+03));
#13709 = CIRCLE('',#13710,17.5);
#13710 = AXIS2_PLACEMENT_3D('',#13711,#13712,#13713);
#13711 = CARTESIAN_POINT('',(234.75,542.,1.59E+03));
#13712 = DIRECTION('',(0.,0.,1.));
#13713 = DIRECTION('',(1.,0.,0.));
#13714 = FACE_BOUND('',#13715,.F.);
#13715 = EDGE_LOOP('',(#13716));
#13716 = ORIENTED_EDGE('',*,*,#13717,.F.);
#13717 = EDGE_CURVE('',#13718,#13718,#13720,.T.);
#13718 = VERTEX_POINT('',#13719);
#13719 = CARTESIAN_POINT('',(332.25,542.,1.59E+03));
#13720 = CIRCLE('',#13721,17.5);
#13721 = AXIS2_PLACEMENT_3D('',#13722,#13723,#13724);
#13722 = CARTESIAN_POINT('',(314.75,542.,1.59E+03));
#13723 = DIRECTION('',(0.,0.,1.));
#13724 = DIRECTION('',(1.,0.,0.));
#13725 = FACE_BOUND('',#13726,.F.);
#13726 = EDGE_LOOP('',(#13727));
#13727 = ORIENTED_EDGE('',*,*,#13728,.F.);
#13728 = EDGE_CURVE('',#13729,#13729,#13731,.T.);
#13729 = VERTEX_POINT('',#13730);
#13730 = CARTESIAN_POINT('',(688.,497.,1.59E+03));
#13731 = CIRCLE('',#13732,80.);
#13732 = AXIS2_PLACEMENT_3D('',#13733,#13734,#13735);
#13733 = CARTESIAN_POINT('',(608.,497.,1.59E+03));
#13734 = DIRECTION('',(0.,0.,1.));
#13735 = DIRECTION('',(1.,0.,0.));
#13736 = PLANE('',#13737);
#13737 = AXIS2_PLACEMENT_3D('',#13738,#13739,#13740);
#13738 = CARTESIAN_POINT('',(0.,280.,1.59E+03));
#13739 = DIRECTION('',(0.,0.,1.));
#13740 = DIRECTION('',(1.,0.,0.));
#13741 = ADVANCED_FACE('',(#13742),#13748,.T.);
#13742 = FACE_BOUND('',#13743,.T.);
#13743 = EDGE_LOOP('',(#13744,#13745,#13746,#13747));
#13744 = ORIENTED_EDGE('',*,*,#13578,.F.);
#13745 = ORIENTED_EDGE('',*,*,#13686,.T.);
#13746 = ORIENTED_EDGE('',*,*,#13670,.T.);
#13747 = ORIENTED_EDGE('',*,*,#13594,.F.);
#13748 = PLANE('',#13749);
#13749 = AXIS2_PLACEMENT_3D('',#13750,#13751,#13752);
#13750 = CARTESIAN_POINT('',(903.,280.,1.59E+03));
#13751 = DIRECTION('',(1.,0.,0.));
#13752 = DIRECTION('',(0.,0.,1.));
#13753 = ADVANCED_FACE('',(#13754),#13765,.F.);
#13754 = FACE_BOUND('',#13755,.F.);
#13755 = EDGE_LOOP('',(#13756,#13757,#13763,#13764));
#13756 = ORIENTED_EDGE('',*,*,#13610,.F.);
#13757 = ORIENTED_EDGE('',*,*,#13758,.F.);
#13758 = EDGE_CURVE('',#13696,#13611,#13759,.T.);
#13759 = LINE('',#13760,#13761);
#13760 = CARTESIAN_POINT('',(172.25,542.,1.589E+03));
#13761 = VECTOR('',#13762,1.);
#13762 = DIRECTION('',(0.,0.,1.));
#13763 = ORIENTED_EDGE('',*,*,#13695,.T.);
#13764 = ORIENTED_EDGE('',*,*,#13758,.T.);
#13765 = CYLINDRICAL_SURFACE('',#13766,17.5);
#13766 = AXIS2_PLACEMENT_3D('',#13767,#13768,#13769);
#13767 = CARTESIAN_POINT('',(154.75,542.,1.589E+03));
#13768 = DIRECTION('',(0.,0.,1.));
#13769 = DIRECTION('',(1.,0.,0.));
#13770 = ADVANCED_FACE('',(#13771),#13782,.F.);
#13771 = FACE_BOUND('',#13772,.F.);
#13772 = EDGE_LOOP('',(#13773,#13774,#13780,#13781));
#13773 = ORIENTED_EDGE('',*,*,#13621,.F.);
#13774 = ORIENTED_EDGE('',*,*,#13775,.F.);
#13775 = EDGE_CURVE('',#13707,#13622,#13776,.T.);
#13776 = LINE('',#13777,#13778);
#13777 = CARTESIAN_POINT('',(252.25,542.,1.589E+03));
#13778 = VECTOR('',#13779,1.);
#13779 = DIRECTION('',(0.,0.,1.));
#13780 = ORIENTED_EDGE('',*,*,#13706,.T.);
#13781 = ORIENTED_EDGE('',*,*,#13775,.T.);
#13782 = CYLINDRICAL_SURFACE('',#13783,17.5);
#13783 = AXIS2_PLACEMENT_3D('',#13784,#13785,#13786);
#13784 = CARTESIAN_POINT('',(234.75,542.,1.589E+03));
#13785 = DIRECTION('',(0.,0.,1.));
#13786 = DIRECTION('',(1.,0.,0.));
#13787 = ADVANCED_FACE('',(#13788),#13799,.F.);
#13788 = FACE_BOUND('',#13789,.F.);
#13789 = EDGE_LOOP('',(#13790,#13791,#13797,#13798));
#13790 = ORIENTED_EDGE('',*,*,#13632,.F.);
#13791 = ORIENTED_EDGE('',*,*,#13792,.F.);
#13792 = EDGE_CURVE('',#13718,#13633,#13793,.T.);
#13793 = LINE('',#13794,#13795);
#13794 = CARTESIAN_POINT('',(332.25,542.,1.589E+03));
#13795 = VECTOR('',#13796,1.);
#13796 = DIRECTION('',(0.,0.,1.));
#13797 = ORIENTED_EDGE('',*,*,#13717,.T.);
#13798 = ORIENTED_EDGE('',*,*,#13792,.T.);
#13799 = CYLINDRICAL_SURFACE('',#13800,17.5);
#13800 = AXIS2_PLACEMENT_3D('',#13801,#13802,#13803);
#13801 = CARTESIAN_POINT('',(314.75,542.,1.589E+03));
#13802 = DIRECTION('',(0.,0.,1.));
#13803 = DIRECTION('',(1.,0.,0.));
#13804 = ADVANCED_FACE('',(#13805),#13816,.F.);
#13805 = FACE_BOUND('',#13806,.F.);
#13806 = EDGE_LOOP('',(#13807,#13808,#13814,#13815));
#13807 = ORIENTED_EDGE('',*,*,#13643,.F.);
#13808 = ORIENTED_EDGE('',*,*,#13809,.F.);
#13809 = EDGE_CURVE('',#13729,#13644,#13810,.T.);
#13810 = LINE('',#13811,#13812);
#13811 = CARTESIAN_POINT('',(688.,497.,1.589E+03));
#13812 = VECTOR('',#13813,1.);
#13813 = DIRECTION('',(0.,0.,1.));
#13814 = ORIENTED_EDGE('',*,*,#13728,.T.);
#13815 = ORIENTED_EDGE('',*,*,#13809,.T.);
#13816 = CYLINDRICAL_SURFACE('',#13817,80.);
#13817 = AXIS2_PLACEMENT_3D('',#13818,#13819,#13820);
#13818 = CARTESIAN_POINT('',(608.,497.,1.589E+03));
#13819 = DIRECTION('',(0.,0.,1.));
#13820 = DIRECTION('',(1.,0.,0.));
#13821 = MANIFOLD_SOLID_BREP('',#13822);
#13822 = CLOSED_SHELL('',(#13823,#13863,#13894,#13940,#13964,#14003,
    #14015,#14032));
#13823 = ADVANCED_FACE('',(#13824),#13858,.F.);
#13824 = FACE_BOUND('',#13825,.F.);
#13825 = EDGE_LOOP('',(#13826,#13836,#13844,#13852));
#13826 = ORIENTED_EDGE('',*,*,#13827,.F.);
#13827 = EDGE_CURVE('',#13828,#13830,#13832,.T.);
#13828 = VERTEX_POINT('',#13829);
#13829 = CARTESIAN_POINT('',(0.,280.,2.282E+03));
#13830 = VERTEX_POINT('',#13831);
#13831 = CARTESIAN_POINT('',(0.,280.,2.3E+03));
#13832 = LINE('',#13833,#13834);
#13833 = CARTESIAN_POINT('',(0.,280.,2.282E+03));
#13834 = VECTOR('',#13835,1.);
#13835 = DIRECTION('',(0.,0.,1.));
#13836 = ORIENTED_EDGE('',*,*,#13837,.T.);
#13837 = EDGE_CURVE('',#13828,#13838,#13840,.T.);
#13838 = VERTEX_POINT('',#13839);
#13839 = CARTESIAN_POINT('',(0.,600.,2.282E+03));
#13840 = LINE('',#13841,#13842);
#13841 = CARTESIAN_POINT('',(0.,280.,2.282E+03));
#13842 = VECTOR('',#13843,1.);
#13843 = DIRECTION('',(0.,1.,0.));
#13844 = ORIENTED_EDGE('',*,*,#13845,.T.);
#13845 = EDGE_CURVE('',#13838,#13846,#13848,.T.);
#13846 = VERTEX_POINT('',#13847);
#13847 = CARTESIAN_POINT('',(0.,600.,2.3E+03));
#13848 = LINE('',#13849,#13850);
#13849 = CARTESIAN_POINT('',(0.,600.,2.282E+03));
#13850 = VECTOR('',#13851,1.);
#13851 = DIRECTION('',(0.,0.,1.));
#13852 = ORIENTED_EDGE('',*,*,#13853,.F.);
#13853 = EDGE_CURVE('',#13830,#13846,#13854,.T.);
#13854 = LINE('',#13855,#13856);
#13855 = CARTESIAN_POINT('',(0.,280.,2.3E+03));
#13856 = VECTOR('',#13857,1.);
#13857 = DIRECTION('',(0.,1.,0.));
#13858 = PLANE('',#13859);
#13859 = AXIS2_PLACEMENT_3D('',#13860,#13861,#13862);
#13860 = CARTESIAN_POINT('',(0.,280.,2.282E+03));
#13861 = DIRECTION('',(1.,0.,0.));
#13862 = DIRECTION('',(0.,0.,1.));
#13863 = ADVANCED_FACE('',(#13864),#13889,.F.);
#13864 = FACE_BOUND('',#13865,.F.);
#13865 = EDGE_LOOP('',(#13866,#13874,#13875,#13883));
#13866 = ORIENTED_EDGE('',*,*,#13867,.F.);
#13867 = EDGE_CURVE('',#13828,#13868,#13870,.T.);
#13868 = VERTEX_POINT('',#13869);
#13869 = CARTESIAN_POINT('',(903.,280.,2.282E+03));
#13870 = LINE('',#13871,#13872);
#13871 = CARTESIAN_POINT('',(0.,280.,2.282E+03));
#13872 = VECTOR('',#13873,1.);
#13873 = DIRECTION('',(1.,0.,0.));
#13874 = ORIENTED_EDGE('',*,*,#13827,.T.);
#13875 = ORIENTED_EDGE('',*,*,#13876,.T.);
#13876 = EDGE_CURVE('',#13830,#13877,#13879,.T.);
#13877 = VERTEX_POINT('',#13878);
#13878 = CARTESIAN_POINT('',(903.,280.,2.3E+03));
#13879 = LINE('',#13880,#13881);
#13880 = CARTESIAN_POINT('',(0.,280.,2.3E+03));
#13881 = VECTOR('',#13882,1.);
#13882 = DIRECTION('',(1.,0.,0.));
#13883 = ORIENTED_EDGE('',*,*,#13884,.F.);
#13884 = EDGE_CURVE('',#13868,#13877,#13885,.T.);
#13885 = LINE('',#13886,#13887);
#13886 = CARTESIAN_POINT('',(903.,280.,2.282E+03));
#13887 = VECTOR('',#13888,1.);
#13888 = DIRECTION('',(0.,0.,1.));
#13889 = PLANE('',#13890);
#13890 = AXIS2_PLACEMENT_3D('',#13891,#13892,#13893);
#13891 = CARTESIAN_POINT('',(0.,280.,2.282E+03));
#13892 = DIRECTION('',(0.,1.,0.));
#13893 = DIRECTION('',(0.,0.,1.));
#13894 = ADVANCED_FACE('',(#13895,#13913,#13924),#13935,.T.);
#13895 = FACE_BOUND('',#13896,.T.);
#13896 = EDGE_LOOP('',(#13897,#13898,#13899,#13907));
#13897 = ORIENTED_EDGE('',*,*,#13853,.F.);
#13898 = ORIENTED_EDGE('',*,*,#13876,.T.);
#13899 = ORIENTED_EDGE('',*,*,#13900,.T.);
#13900 = EDGE_CURVE('',#13877,#13901,#13903,.T.);
#13901 = VERTEX_POINT('',#13902);
#13902 = CARTESIAN_POINT('',(903.,600.,2.3E+03));
#13903 = LINE('',#13904,#13905);
#13904 = CARTESIAN_POINT('',(903.,280.,2.3E+03));
#13905 = VECTOR('',#13906,1.);
#13906 = DIRECTION('',(0.,1.,0.));
#13907 = ORIENTED_EDGE('',*,*,#13908,.F.);
#13908 = EDGE_CURVE('',#13846,#13901,#13909,.T.);
#13909 = LINE('',#13910,#13911);
#13910 = CARTESIAN_POINT('',(0.,600.,2.3E+03));
#13911 = VECTOR('',#13912,1.);
#13912 = DIRECTION('',(1.,0.,0.));
#13913 = FACE_BOUND('',#13914,.T.);
#13914 = EDGE_LOOP('',(#13915));
#13915 = ORIENTED_EDGE('',*,*,#13916,.F.);
#13916 = EDGE_CURVE('',#13917,#13917,#13919,.T.);
#13917 = VERTEX_POINT('',#13918);
#13918 = CARTESIAN_POINT('',(375.,497.,2.3E+03));
#13919 = CIRCLE('',#13920,80.);
#13920 = AXIS2_PLACEMENT_3D('',#13921,#13922,#13923);
#13921 = CARTESIAN_POINT('',(295.,497.,2.3E+03));
#13922 = DIRECTION('',(0.,0.,1.));
#13923 = DIRECTION('',(1.,0.,0.));
#13924 = FACE_BOUND('',#13925,.T.);
#13925 = EDGE_LOOP('',(#13926));
#13926 = ORIENTED_EDGE('',*,*,#13927,.F.);
#13927 = EDGE_CURVE('',#13928,#13928,#13930,.T.);
#13928 = VERTEX_POINT('',#13929);
#13929 = CARTESIAN_POINT('',(688.,497.,2.3E+03));
#13930 = CIRCLE('',#13931,80.);
#13931 = AXIS2_PLACEMENT_3D('',#13932,#13933,#13934);
#13932 = CARTESIAN_POINT('',(608.,497.,2.3E+03));
#13933 = DIRECTION('',(0.,0.,1.));
#13934 = DIRECTION('',(1.,0.,0.));
#13935 = PLANE('',#13936);
#13936 = AXIS2_PLACEMENT_3D('',#13937,#13938,#13939);
#13937 = CARTESIAN_POINT('',(0.,280.,2.3E+03));
#13938 = DIRECTION('',(0.,0.,1.));
#13939 = DIRECTION('',(1.,0.,0.));
#13940 = ADVANCED_FACE('',(#13941),#13959,.T.);
#13941 = FACE_BOUND('',#13942,.T.);
#13942 = EDGE_LOOP('',(#13943,#13951,#13952,#13953));
#13943 = ORIENTED_EDGE('',*,*,#13944,.F.);
#13944 = EDGE_CURVE('',#13838,#13945,#13947,.T.);
#13945 = VERTEX_POINT('',#13946);
#13946 = CARTESIAN_POINT('',(903.,600.,2.282E+03));
#13947 = LINE('',#13948,#13949);
#13948 = CARTESIAN_POINT('',(0.,600.,2.282E+03));
#13949 = VECTOR('',#13950,1.);
#13950 = DIRECTION('',(1.,0.,0.));
#13951 = ORIENTED_EDGE('',*,*,#13845,.T.);
#13952 = ORIENTED_EDGE('',*,*,#13908,.T.);
#13953 = ORIENTED_EDGE('',*,*,#13954,.F.);
#13954 = EDGE_CURVE('',#13945,#13901,#13955,.T.);
#13955 = LINE('',#13956,#13957);
#13956 = CARTESIAN_POINT('',(903.,600.,2.282E+03));
#13957 = VECTOR('',#13958,1.);
#13958 = DIRECTION('',(0.,0.,1.));
#13959 = PLANE('',#13960);
#13960 = AXIS2_PLACEMENT_3D('',#13961,#13962,#13963);
#13961 = CARTESIAN_POINT('',(0.,600.,2.282E+03));
#13962 = DIRECTION('',(0.,1.,0.));
#13963 = DIRECTION('',(0.,0.,1.));
#13964 = ADVANCED_FACE('',(#13965,#13976,#13987),#13998,.F.);
#13965 = FACE_BOUND('',#13966,.F.);
#13966 = EDGE_LOOP('',(#13967,#13968,#13969,#13975));
#13967 = ORIENTED_EDGE('',*,*,#13837,.F.);
#13968 = ORIENTED_EDGE('',*,*,#13867,.T.);
#13969 = ORIENTED_EDGE('',*,*,#13970,.T.);
#13970 = EDGE_CURVE('',#13868,#13945,#13971,.T.);
#13971 = LINE('',#13972,#13973);
#13972 = CARTESIAN_POINT('',(903.,280.,2.282E+03));
#13973 = VECTOR('',#13974,1.);
#13974 = DIRECTION('',(0.,1.,0.));
#13975 = ORIENTED_EDGE('',*,*,#13944,.F.);
#13976 = FACE_BOUND('',#13977,.F.);
#13977 = EDGE_LOOP('',(#13978));
#13978 = ORIENTED_EDGE('',*,*,#13979,.F.);
#13979 = EDGE_CURVE('',#13980,#13980,#13982,.T.);
#13980 = VERTEX_POINT('',#13981);
#13981 = CARTESIAN_POINT('',(375.,497.,2.282E+03));
#13982 = CIRCLE('',#13983,80.);
#13983 = AXIS2_PLACEMENT_3D('',#13984,#13985,#13986);
#13984 = CARTESIAN_POINT('',(295.,497.,2.282E+03));
#13985 = DIRECTION('',(0.,0.,1.));
#13986 = DIRECTION('',(1.,0.,0.));
#13987 = FACE_BOUND('',#13988,.F.);
#13988 = EDGE_LOOP('',(#13989));
#13989 = ORIENTED_EDGE('',*,*,#13990,.F.);
#13990 = EDGE_CURVE('',#13991,#13991,#13993,.T.);
#13991 = VERTEX_POINT('',#13992);
#13992 = CARTESIAN_POINT('',(688.,497.,2.282E+03));
#13993 = CIRCLE('',#13994,80.);
#13994 = AXIS2_PLACEMENT_3D('',#13995,#13996,#13997);
#13995 = CARTESIAN_POINT('',(608.,497.,2.282E+03));
#13996 = DIRECTION('',(0.,0.,1.));
#13997 = DIRECTION('',(1.,0.,0.));
#13998 = PLANE('',#13999);
#13999 = AXIS2_PLACEMENT_3D('',#14000,#14001,#14002);
#14000 = CARTESIAN_POINT('',(0.,280.,2.282E+03));
#14001 = DIRECTION('',(0.,0.,1.));
#14002 = DIRECTION('',(1.,0.,0.));
#14003 = ADVANCED_FACE('',(#14004),#14010,.T.);
#14004 = FACE_BOUND('',#14005,.T.);
#14005 = EDGE_LOOP('',(#14006,#14007,#14008,#14009));
#14006 = ORIENTED_EDGE('',*,*,#13884,.F.);
#14007 = ORIENTED_EDGE('',*,*,#13970,.T.);
#14008 = ORIENTED_EDGE('',*,*,#13954,.T.);
#14009 = ORIENTED_EDGE('',*,*,#13900,.F.);
#14010 = PLANE('',#14011);
#14011 = AXIS2_PLACEMENT_3D('',#14012,#14013,#14014);
#14012 = CARTESIAN_POINT('',(903.,280.,2.282E+03));
#14013 = DIRECTION('',(1.,0.,0.));
#14014 = DIRECTION('',(0.,0.,1.));
#14015 = ADVANCED_FACE('',(#14016),#14027,.F.);
#14016 = FACE_BOUND('',#14017,.F.);
#14017 = EDGE_LOOP('',(#14018,#14019,#14025,#14026));
#14018 = ORIENTED_EDGE('',*,*,#13916,.F.);
#14019 = ORIENTED_EDGE('',*,*,#14020,.F.);
#14020 = EDGE_CURVE('',#13980,#13917,#14021,.T.);
#14021 = LINE('',#14022,#14023);
#14022 = CARTESIAN_POINT('',(375.,497.,2.281E+03));
#14023 = VECTOR('',#14024,1.);
#14024 = DIRECTION('',(0.,0.,1.));
#14025 = ORIENTED_EDGE('',*,*,#13979,.T.);
#14026 = ORIENTED_EDGE('',*,*,#14020,.T.);
#14027 = CYLINDRICAL_SURFACE('',#14028,80.);
#14028 = AXIS2_PLACEMENT_3D('',#14029,#14030,#14031);
#14029 = CARTESIAN_POINT('',(295.,497.,2.281E+03));
#14030 = DIRECTION('',(0.,0.,1.));
#14031 = DIRECTION('',(1.,0.,0.));
#14032 = ADVANCED_FACE('',(#14033),#14044,.F.);
#14033 = FACE_BOUND('',#14034,.F.);
#14034 = EDGE_LOOP('',(#14035,#14036,#14042,#14043));
#14035 = ORIENTED_EDGE('',*,*,#13927,.F.);
#14036 = ORIENTED_EDGE('',*,*,#14037,.F.);
#14037 = EDGE_CURVE('',#13991,#13928,#14038,.T.);
#14038 = LINE('',#14039,#14040);
#14039 = CARTESIAN_POINT('',(688.,497.,2.281E+03));
#14040 = VECTOR('',#14041,1.);
#14041 = DIRECTION('',(0.,0.,1.));
#14042 = ORIENTED_EDGE('',*,*,#13990,.T.);
#14043 = ORIENTED_EDGE('',*,*,#14037,.T.);
#14044 = CYLINDRICAL_SURFACE('',#14045,80.);
#14045 = AXIS2_PLACEMENT_3D('',#14046,#14047,#14048);
#14046 = CARTESIAN_POINT('',(608.,497.,2.281E+03));
#14047 = DIRECTION('',(0.,0.,1.));
#14048 = DIRECTION('',(1.,0.,0.));
#14049 = MANIFOLD_SOLID_BREP('',#14050);
#14050 = CLOSED_SHELL('',(#14051,#14091,#14131,#14153,#14175,#14187));
#14051 = ADVANCED_FACE('',(#14052),#14086,.F.);
#14052 = FACE_BOUND('',#14053,.F.);
#14053 = EDGE_LOOP('',(#14054,#14064,#14072,#14080));
#14054 = ORIENTED_EDGE('',*,*,#14055,.F.);
#14055 = EDGE_CURVE('',#14056,#14058,#14060,.T.);
#14056 = VERTEX_POINT('',#14057);
#14057 = CARTESIAN_POINT('',(18.,280.,2.222E+03));
#14058 = VERTEX_POINT('',#14059);
#14059 = CARTESIAN_POINT('',(18.,280.,2.282E+03));
#14060 = LINE('',#14061,#14062);
#14061 = CARTESIAN_POINT('',(18.,280.,2.222E+03));
#14062 = VECTOR('',#14063,1.);
#14063 = DIRECTION('',(0.,0.,1.));
#14064 = ORIENTED_EDGE('',*,*,#14065,.T.);
#14065 = EDGE_CURVE('',#14056,#14066,#14068,.T.);
#14066 = VERTEX_POINT('',#14067);
#14067 = CARTESIAN_POINT('',(18.,298.,2.222E+03));
#14068 = LINE('',#14069,#14070);
#14069 = CARTESIAN_POINT('',(18.,280.,2.222E+03));
#14070 = VECTOR('',#14071,1.);
#14071 = DIRECTION('',(0.,1.,0.));
#14072 = ORIENTED_EDGE('',*,*,#14073,.T.);
#14073 = EDGE_CURVE('',#14066,#14074,#14076,.T.);
#14074 = VERTEX_POINT('',#14075);
#14075 = CARTESIAN_POINT('',(18.,298.,2.282E+03));
#14076 = LINE('',#14077,#14078);
#14077 = CARTESIAN_POINT('',(18.,298.,2.222E+03));
#14078 = VECTOR('',#14079,1.);
#14079 = DIRECTION('',(0.,0.,1.));
#14080 = ORIENTED_EDGE('',*,*,#14081,.F.);
#14081 = EDGE_CURVE('',#14058,#14074,#14082,.T.);
#14082 = LINE('',#14083,#14084);
#14083 = CARTESIAN_POINT('',(18.,280.,2.282E+03));
#14084 = VECTOR('',#14085,1.);
#14085 = DIRECTION('',(0.,1.,0.));
#14086 = PLANE('',#14087);
#14087 = AXIS2_PLACEMENT_3D('',#14088,#14089,#14090);
#14088 = CARTESIAN_POINT('',(18.,280.,2.222E+03));
#14089 = DIRECTION('',(1.,0.,0.));
#14090 = DIRECTION('',(0.,0.,1.));
#14091 = ADVANCED_FACE('',(#14092),#14126,.T.);
#14092 = FACE_BOUND('',#14093,.T.);
#14093 = EDGE_LOOP('',(#14094,#14104,#14112,#14120));
#14094 = ORIENTED_EDGE('',*,*,#14095,.F.);
#14095 = EDGE_CURVE('',#14096,#14098,#14100,.T.);
#14096 = VERTEX_POINT('',#14097);
#14097 = CARTESIAN_POINT('',(885.,280.,2.222E+03));
#14098 = VERTEX_POINT('',#14099);
#14099 = CARTESIAN_POINT('',(885.,280.,2.282E+03));
#14100 = LINE('',#14101,#14102);
#14101 = CARTESIAN_POINT('',(885.,280.,2.222E+03));
#14102 = VECTOR('',#14103,1.);
#14103 = DIRECTION('',(0.,0.,1.));
#14104 = ORIENTED_EDGE('',*,*,#14105,.T.);
#14105 = EDGE_CURVE('',#14096,#14106,#14108,.T.);
#14106 = VERTEX_POINT('',#14107);
#14107 = CARTESIAN_POINT('',(885.,298.,2.222E+03));
#14108 = LINE('',#14109,#14110);
#14109 = CARTESIAN_POINT('',(885.,280.,2.222E+03));
#14110 = VECTOR('',#14111,1.);
#14111 = DIRECTION('',(0.,1.,0.));
#14112 = ORIENTED_EDGE('',*,*,#14113,.T.);
#14113 = EDGE_CURVE('',#14106,#14114,#14116,.T.);
#14114 = VERTEX_POINT('',#14115);
#14115 = CARTESIAN_POINT('',(885.,298.,2.282E+03));
#14116 = LINE('',#14117,#14118);
#14117 = CARTESIAN_POINT('',(885.,298.,2.222E+03));
#14118 = VECTOR('',#14119,1.);
#14119 = DIRECTION('',(0.,0.,1.));
#14120 = ORIENTED_EDGE('',*,*,#14121,.F.);
#14121 = EDGE_CURVE('',#14098,#14114,#14122,.T.);
#14122 = LINE('',#14123,#14124);
#14123 = CARTESIAN_POINT('',(885.,280.,2.282E+03));
#14124 = VECTOR('',#14125,1.);
#14125 = DIRECTION('',(0.,1.,0.));
#14126 = PLANE('',#14127);
#14127 = AXIS2_PLACEMENT_3D('',#14128,#14129,#14130);
#14128 = CARTESIAN_POINT('',(885.,280.,2.222E+03));
#14129 = DIRECTION('',(1.,0.,0.));
#14130 = DIRECTION('',(0.,0.,1.));
#14131 = ADVANCED_FACE('',(#14132),#14148,.F.);
#14132 = FACE_BOUND('',#14133,.F.);
#14133 = EDGE_LOOP('',(#14134,#14140,#14141,#14147));
#14134 = ORIENTED_EDGE('',*,*,#14135,.F.);
#14135 = EDGE_CURVE('',#14056,#14096,#14136,.T.);
#14136 = LINE('',#14137,#14138);
#14137 = CARTESIAN_POINT('',(18.,280.,2.222E+03));
#14138 = VECTOR('',#14139,1.);
#14139 = DIRECTION('',(1.,0.,0.));
#14140 = ORIENTED_EDGE('',*,*,#14055,.T.);
#14141 = ORIENTED_EDGE('',*,*,#14142,.T.);
#14142 = EDGE_CURVE('',#14058,#14098,#14143,.T.);
#14143 = LINE('',#14144,#14145);
#14144 = CARTESIAN_POINT('',(18.,280.,2.282E+03));
#14145 = VECTOR('',#14146,1.);
#14146 = DIRECTION('',(1.,0.,0.));
#14147 = ORIENTED_EDGE('',*,*,#14095,.F.);
#14148 = PLANE('',#14149);
#14149 = AXIS2_PLACEMENT_3D('',#14150,#14151,#14152);
#14150 = CARTESIAN_POINT('',(18.,280.,2.222E+03));
#14151 = DIRECTION('',(0.,1.,0.));
#14152 = DIRECTION('',(0.,0.,1.));
#14153 = ADVANCED_FACE('',(#14154),#14170,.T.);
#14154 = FACE_BOUND('',#14155,.T.);
#14155 = EDGE_LOOP('',(#14156,#14162,#14163,#14169));
#14156 = ORIENTED_EDGE('',*,*,#14157,.F.);
#14157 = EDGE_CURVE('',#14066,#14106,#14158,.T.);
#14158 = LINE('',#14159,#14160);
#14159 = CARTESIAN_POINT('',(18.,298.,2.222E+03));
#14160 = VECTOR('',#14161,1.);
#14161 = DIRECTION('',(1.,0.,0.));
#14162 = ORIENTED_EDGE('',*,*,#14073,.T.);
#14163 = ORIENTED_EDGE('',*,*,#14164,.T.);
#14164 = EDGE_CURVE('',#14074,#14114,#14165,.T.);
#14165 = LINE('',#14166,#14167);
#14166 = CARTESIAN_POINT('',(18.,298.,2.282E+03));
#14167 = VECTOR('',#14168,1.);
#14168 = DIRECTION('',(1.,0.,0.));
#14169 = ORIENTED_EDGE('',*,*,#14113,.F.);
#14170 = PLANE('',#14171);
#14171 = AXIS2_PLACEMENT_3D('',#14172,#14173,#14174);
#14172 = CARTESIAN_POINT('',(18.,298.,2.222E+03));
#14173 = DIRECTION('',(0.,1.,0.));
#14174 = DIRECTION('',(0.,0.,1.));
#14175 = ADVANCED_FACE('',(#14176),#14182,.F.);
#14176 = FACE_BOUND('',#14177,.F.);
#14177 = EDGE_LOOP('',(#14178,#14179,#14180,#14181));
#14178 = ORIENTED_EDGE('',*,*,#14065,.F.);
#14179 = ORIENTED_EDGE('',*,*,#14135,.T.);
#14180 = ORIENTED_EDGE('',*,*,#14105,.T.);
#14181 = ORIENTED_EDGE('',*,*,#14157,.F.);
#14182 = PLANE('',#14183);
#14183 = AXIS2_PLACEMENT_3D('',#14184,#14185,#14186);
#14184 = CARTESIAN_POINT('',(18.,280.,2.222E+03));
#14185 = DIRECTION('',(0.,0.,1.));
#14186 = DIRECTION('',(1.,0.,0.));
#14187 = ADVANCED_FACE('',(#14188),#14194,.T.);
#14188 = FACE_BOUND('',#14189,.T.);
#14189 = EDGE_LOOP('',(#14190,#14191,#14192,#14193));
#14190 = ORIENTED_EDGE('',*,*,#14081,.F.);
#14191 = ORIENTED_EDGE('',*,*,#14142,.T.);
#14192 = ORIENTED_EDGE('',*,*,#14121,.T.);
#14193 = ORIENTED_EDGE('',*,*,#14164,.F.);
#14194 = PLANE('',#14195);
#14195 = AXIS2_PLACEMENT_3D('',#14196,#14197,#14198);
#14196 = CARTESIAN_POINT('',(18.,280.,2.282E+03));
#14197 = DIRECTION('',(0.,0.,1.));
#14198 = DIRECTION('',(1.,0.,0.));
#14199 = MANIFOLD_SOLID_BREP('',#14200);
#14200 = CLOSED_SHELL('',(#14201,#14241,#14281,#14303,#14325,#14337));
#14201 = ADVANCED_FACE('',(#14202),#14236,.F.);
#14202 = FACE_BOUND('',#14203,.F.);
#14203 = EDGE_LOOP('',(#14204,#14214,#14222,#14230));
#14204 = ORIENTED_EDGE('',*,*,#14205,.F.);
#14205 = EDGE_CURVE('',#14206,#14208,#14210,.T.);
#14206 = VERTEX_POINT('',#14207);
#14207 = CARTESIAN_POINT('',(18.,280.,1.608E+03));
#14208 = VERTEX_POINT('',#14209);
#14209 = CARTESIAN_POINT('',(18.,280.,1.668E+03));
#14210 = LINE('',#14211,#14212);
#14211 = CARTESIAN_POINT('',(18.,280.,1.608E+03));
#14212 = VECTOR('',#14213,1.);
#14213 = DIRECTION('',(0.,0.,1.));
#14214 = ORIENTED_EDGE('',*,*,#14215,.T.);
#14215 = EDGE_CURVE('',#14206,#14216,#14218,.T.);
#14216 = VERTEX_POINT('',#14217);
#14217 = CARTESIAN_POINT('',(18.,298.,1.608E+03));
#14218 = LINE('',#14219,#14220);
#14219 = CARTESIAN_POINT('',(18.,280.,1.608E+03));
#14220 = VECTOR('',#14221,1.);
#14221 = DIRECTION('',(0.,1.,0.));
#14222 = ORIENTED_EDGE('',*,*,#14223,.T.);
#14223 = EDGE_CURVE('',#14216,#14224,#14226,.T.);
#14224 = VERTEX_POINT('',#14225);
#14225 = CARTESIAN_POINT('',(18.,298.,1.668E+03));
#14226 = LINE('',#14227,#14228);
#14227 = CARTESIAN_POINT('',(18.,298.,1.608E+03));
#14228 = VECTOR('',#14229,1.);
#14229 = DIRECTION('',(0.,0.,1.));
#14230 = ORIENTED_EDGE('',*,*,#14231,.F.);
#14231 = EDGE_CURVE('',#14208,#14224,#14232,.T.);
#14232 = LINE('',#14233,#14234);
#14233 = CARTESIAN_POINT('',(18.,280.,1.668E+03));
#14234 = VECTOR('',#14235,1.);
#14235 = DIRECTION('',(0.,1.,0.));
#14236 = PLANE('',#14237);
#14237 = AXIS2_PLACEMENT_3D('',#14238,#14239,#14240);
#14238 = CARTESIAN_POINT('',(18.,280.,1.608E+03));
#14239 = DIRECTION('',(1.,0.,0.));
#14240 = DIRECTION('',(0.,0.,1.));
#14241 = ADVANCED_FACE('',(#14242),#14276,.T.);
#14242 = FACE_BOUND('',#14243,.T.);
#14243 = EDGE_LOOP('',(#14244,#14254,#14262,#14270));
#14244 = ORIENTED_EDGE('',*,*,#14245,.F.);
#14245 = EDGE_CURVE('',#14246,#14248,#14250,.T.);
#14246 = VERTEX_POINT('',#14247);
#14247 = CARTESIAN_POINT('',(885.,280.,1.608E+03));
#14248 = VERTEX_POINT('',#14249);
#14249 = CARTESIAN_POINT('',(885.,280.,1.668E+03));
#14250 = LINE('',#14251,#14252);
#14251 = CARTESIAN_POINT('',(885.,280.,1.608E+03));
#14252 = VECTOR('',#14253,1.);
#14253 = DIRECTION('',(0.,0.,1.));
#14254 = ORIENTED_EDGE('',*,*,#14255,.T.);
#14255 = EDGE_CURVE('',#14246,#14256,#14258,.T.);
#14256 = VERTEX_POINT('',#14257);
#14257 = CARTESIAN_POINT('',(885.,298.,1.608E+03));
#14258 = LINE('',#14259,#14260);
#14259 = CARTESIAN_POINT('',(885.,280.,1.608E+03));
#14260 = VECTOR('',#14261,1.);
#14261 = DIRECTION('',(0.,1.,0.));
#14262 = ORIENTED_EDGE('',*,*,#14263,.T.);
#14263 = EDGE_CURVE('',#14256,#14264,#14266,.T.);
#14264 = VERTEX_POINT('',#14265);
#14265 = CARTESIAN_POINT('',(885.,298.,1.668E+03));
#14266 = LINE('',#14267,#14268);
#14267 = CARTESIAN_POINT('',(885.,298.,1.608E+03));
#14268 = VECTOR('',#14269,1.);
#14269 = DIRECTION('',(0.,0.,1.));
#14270 = ORIENTED_EDGE('',*,*,#14271,.F.);
#14271 = EDGE_CURVE('',#14248,#14264,#14272,.T.);
#14272 = LINE('',#14273,#14274);
#14273 = CARTESIAN_POINT('',(885.,280.,1.668E+03));
#14274 = VECTOR('',#14275,1.);
#14275 = DIRECTION('',(0.,1.,0.));
#14276 = PLANE('',#14277);
#14277 = AXIS2_PLACEMENT_3D('',#14278,#14279,#14280);
#14278 = CARTESIAN_POINT('',(885.,280.,1.608E+03));
#14279 = DIRECTION('',(1.,0.,0.));
#14280 = DIRECTION('',(0.,0.,1.));
#14281 = ADVANCED_FACE('',(#14282),#14298,.F.);
#14282 = FACE_BOUND('',#14283,.F.);
#14283 = EDGE_LOOP('',(#14284,#14290,#14291,#14297));
#14284 = ORIENTED_EDGE('',*,*,#14285,.F.);
#14285 = EDGE_CURVE('',#14206,#14246,#14286,.T.);
#14286 = LINE('',#14287,#14288);
#14287 = CARTESIAN_POINT('',(18.,280.,1.608E+03));
#14288 = VECTOR('',#14289,1.);
#14289 = DIRECTION('',(1.,0.,0.));
#14290 = ORIENTED_EDGE('',*,*,#14205,.T.);
#14291 = ORIENTED_EDGE('',*,*,#14292,.T.);
#14292 = EDGE_CURVE('',#14208,#14248,#14293,.T.);
#14293 = LINE('',#14294,#14295);
#14294 = CARTESIAN_POINT('',(18.,280.,1.668E+03));
#14295 = VECTOR('',#14296,1.);
#14296 = DIRECTION('',(1.,0.,0.));
#14297 = ORIENTED_EDGE('',*,*,#14245,.F.);
#14298 = PLANE('',#14299);
#14299 = AXIS2_PLACEMENT_3D('',#14300,#14301,#14302);
#14300 = CARTESIAN_POINT('',(18.,280.,1.608E+03));
#14301 = DIRECTION('',(0.,1.,0.));
#14302 = DIRECTION('',(0.,0.,1.));
#14303 = ADVANCED_FACE('',(#14304),#14320,.T.);
#14304 = FACE_BOUND('',#14305,.T.);
#14305 = EDGE_LOOP('',(#14306,#14312,#14313,#14319));
#14306 = ORIENTED_EDGE('',*,*,#14307,.F.);
#14307 = EDGE_CURVE('',#14216,#14256,#14308,.T.);
#14308 = LINE('',#14309,#14310);
#14309 = CARTESIAN_POINT('',(18.,298.,1.608E+03));
#14310 = VECTOR('',#14311,1.);
#14311 = DIRECTION('',(1.,0.,0.));
#14312 = ORIENTED_EDGE('',*,*,#14223,.T.);
#14313 = ORIENTED_EDGE('',*,*,#14314,.T.);
#14314 = EDGE_CURVE('',#14224,#14264,#14315,.T.);
#14315 = LINE('',#14316,#14317);
#14316 = CARTESIAN_POINT('',(18.,298.,1.668E+03));
#14317 = VECTOR('',#14318,1.);
#14318 = DIRECTION('',(1.,0.,0.));
#14319 = ORIENTED_EDGE('',*,*,#14263,.F.);
#14320 = PLANE('',#14321);
#14321 = AXIS2_PLACEMENT_3D('',#14322,#14323,#14324);
#14322 = CARTESIAN_POINT('',(18.,298.,1.608E+03));
#14323 = DIRECTION('',(0.,1.,0.));
#14324 = DIRECTION('',(0.,0.,1.));
#14325 = ADVANCED_FACE('',(#14326),#14332,.F.);
#14326 = FACE_BOUND('',#14327,.F.);
#14327 = EDGE_LOOP('',(#14328,#14329,#14330,#14331));
#14328 = ORIENTED_EDGE('',*,*,#14215,.F.);
#14329 = ORIENTED_EDGE('',*,*,#14285,.T.);
#14330 = ORIENTED_EDGE('',*,*,#14255,.T.);
#14331 = ORIENTED_EDGE('',*,*,#14307,.F.);
#14332 = PLANE('',#14333);
#14333 = AXIS2_PLACEMENT_3D('',#14334,#14335,#14336);
#14334 = CARTESIAN_POINT('',(18.,280.,1.608E+03));
#14335 = DIRECTION('',(0.,0.,1.));
#14336 = DIRECTION('',(1.,0.,0.));
#14337 = ADVANCED_FACE('',(#14338),#14344,.T.);
#14338 = FACE_BOUND('',#14339,.T.);
#14339 = EDGE_LOOP('',(#14340,#14341,#14342,#14343));
#14340 = ORIENTED_EDGE('',*,*,#14231,.F.);
#14341 = ORIENTED_EDGE('',*,*,#14292,.T.);
#14342 = ORIENTED_EDGE('',*,*,#14271,.T.);
#14343 = ORIENTED_EDGE('',*,*,#14314,.F.);
#14344 = PLANE('',#14345);
#14345 = AXIS2_PLACEMENT_3D('',#14346,#14347,#14348);
#14346 = CARTESIAN_POINT('',(18.,280.,1.668E+03));
#14347 = DIRECTION('',(0.,0.,1.));
#14348 = DIRECTION('',(1.,0.,0.));
#14349 = MANIFOLD_SOLID_BREP('',#14350);
#14350 = CLOSED_SHELL('',(#14351,#14391,#14431,#14453,#14475,#14487));
#14351 = ADVANCED_FACE('',(#14352),#14386,.F.);
#14352 = FACE_BOUND('',#14353,.F.);
#14353 = EDGE_LOOP('',(#14354,#14364,#14372,#14380));
#14354 = ORIENTED_EDGE('',*,*,#14355,.F.);
#14355 = EDGE_CURVE('',#14356,#14358,#14360,.T.);
#14356 = VERTEX_POINT('',#14357);
#14357 = CARTESIAN_POINT('',(18.,597.,1.608E+03));
#14358 = VERTEX_POINT('',#14359);
#14359 = CARTESIAN_POINT('',(18.,597.,2.282E+03));
#14360 = LINE('',#14361,#14362);
#14361 = CARTESIAN_POINT('',(18.,597.,1.608E+03));
#14362 = VECTOR('',#14363,1.);
#14363 = DIRECTION('',(0.,0.,1.));
#14364 = ORIENTED_EDGE('',*,*,#14365,.T.);
#14365 = EDGE_CURVE('',#14356,#14366,#14368,.T.);
#14366 = VERTEX_POINT('',#14367);
#14367 = CARTESIAN_POINT('',(18.,600.,1.608E+03));
#14368 = LINE('',#14369,#14370);
#14369 = CARTESIAN_POINT('',(18.,597.,1.608E+03));
#14370 = VECTOR('',#14371,1.);
#14371 = DIRECTION('',(0.,1.,0.));
#14372 = ORIENTED_EDGE('',*,*,#14373,.T.);
#14373 = EDGE_CURVE('',#14366,#14374,#14376,.T.);
#14374 = VERTEX_POINT('',#14375);
#14375 = CARTESIAN_POINT('',(18.,600.,2.282E+03));
#14376 = LINE('',#14377,#14378);
#14377 = CARTESIAN_POINT('',(18.,600.,1.608E+03));
#14378 = VECTOR('',#14379,1.);
#14379 = DIRECTION('',(0.,0.,1.));
#14380 = ORIENTED_EDGE('',*,*,#14381,.F.);
#14381 = EDGE_CURVE('',#14358,#14374,#14382,.T.);
#14382 = LINE('',#14383,#14384);
#14383 = CARTESIAN_POINT('',(18.,597.,2.282E+03));
#14384 = VECTOR('',#14385,1.);
#14385 = DIRECTION('',(0.,1.,0.));
#14386 = PLANE('',#14387);
#14387 = AXIS2_PLACEMENT_3D('',#14388,#14389,#14390);
#14388 = CARTESIAN_POINT('',(18.,597.,1.608E+03));
#14389 = DIRECTION('',(1.,0.,0.));
#14390 = DIRECTION('',(0.,0.,1.));
#14391 = ADVANCED_FACE('',(#14392),#14426,.T.);
#14392 = FACE_BOUND('',#14393,.T.);
#14393 = EDGE_LOOP('',(#14394,#14404,#14412,#14420));
#14394 = ORIENTED_EDGE('',*,*,#14395,.F.);
#14395 = EDGE_CURVE('',#14396,#14398,#14400,.T.);
#14396 = VERTEX_POINT('',#14397);
#14397 = CARTESIAN_POINT('',(885.,597.,1.608E+03));
#14398 = VERTEX_POINT('',#14399);
#14399 = CARTESIAN_POINT('',(885.,597.,2.282E+03));
#14400 = LINE('',#14401,#14402);
#14401 = CARTESIAN_POINT('',(885.,597.,1.608E+03));
#14402 = VECTOR('',#14403,1.);
#14403 = DIRECTION('',(0.,0.,1.));
#14404 = ORIENTED_EDGE('',*,*,#14405,.T.);
#14405 = EDGE_CURVE('',#14396,#14406,#14408,.T.);
#14406 = VERTEX_POINT('',#14407);
#14407 = CARTESIAN_POINT('',(885.,600.,1.608E+03));
#14408 = LINE('',#14409,#14410);
#14409 = CARTESIAN_POINT('',(885.,597.,1.608E+03));
#14410 = VECTOR('',#14411,1.);
#14411 = DIRECTION('',(0.,1.,0.));
#14412 = ORIENTED_EDGE('',*,*,#14413,.T.);
#14413 = EDGE_CURVE('',#14406,#14414,#14416,.T.);
#14414 = VERTEX_POINT('',#14415);
#14415 = CARTESIAN_POINT('',(885.,600.,2.282E+03));
#14416 = LINE('',#14417,#14418);
#14417 = CARTESIAN_POINT('',(885.,600.,1.608E+03));
#14418 = VECTOR('',#14419,1.);
#14419 = DIRECTION('',(0.,0.,1.));
#14420 = ORIENTED_EDGE('',*,*,#14421,.F.);
#14421 = EDGE_CURVE('',#14398,#14414,#14422,.T.);
#14422 = LINE('',#14423,#14424);
#14423 = CARTESIAN_POINT('',(885.,597.,2.282E+03));
#14424 = VECTOR('',#14425,1.);
#14425 = DIRECTION('',(0.,1.,0.));
#14426 = PLANE('',#14427);
#14427 = AXIS2_PLACEMENT_3D('',#14428,#14429,#14430);
#14428 = CARTESIAN_POINT('',(885.,597.,1.608E+03));
#14429 = DIRECTION('',(1.,0.,0.));
#14430 = DIRECTION('',(0.,0.,1.));
#14431 = ADVANCED_FACE('',(#14432),#14448,.F.);
#14432 = FACE_BOUND('',#14433,.F.);
#14433 = EDGE_LOOP('',(#14434,#14440,#14441,#14447));
#14434 = ORIENTED_EDGE('',*,*,#14435,.F.);
#14435 = EDGE_CURVE('',#14356,#14396,#14436,.T.);
#14436 = LINE('',#14437,#14438);
#14437 = CARTESIAN_POINT('',(18.,597.,1.608E+03));
#14438 = VECTOR('',#14439,1.);
#14439 = DIRECTION('',(1.,0.,0.));
#14440 = ORIENTED_EDGE('',*,*,#14355,.T.);
#14441 = ORIENTED_EDGE('',*,*,#14442,.T.);
#14442 = EDGE_CURVE('',#14358,#14398,#14443,.T.);
#14443 = LINE('',#14444,#14445);
#14444 = CARTESIAN_POINT('',(18.,597.,2.282E+03));
#14445 = VECTOR('',#14446,1.);
#14446 = DIRECTION('',(1.,0.,0.));
#14447 = ORIENTED_EDGE('',*,*,#14395,.F.);
#14448 = PLANE('',#14449);
#14449 = AXIS2_PLACEMENT_3D('',#14450,#14451,#14452);
#14450 = CARTESIAN_POINT('',(18.,597.,1.608E+03));
#14451 = DIRECTION('',(0.,1.,0.));
#14452 = DIRECTION('',(0.,0.,1.));
#14453 = ADVANCED_FACE('',(#14454),#14470,.T.);
#14454 = FACE_BOUND('',#14455,.T.);
#14455 = EDGE_LOOP('',(#14456,#14462,#14463,#14469));
#14456 = ORIENTED_EDGE('',*,*,#14457,.F.);
#14457 = EDGE_CURVE('',#14366,#14406,#14458,.T.);
#14458 = LINE('',#14459,#14460);
#14459 = CARTESIAN_POINT('',(18.,600.,1.608E+03));
#14460 = VECTOR('',#14461,1.);
#14461 = DIRECTION('',(1.,0.,0.));
#14462 = ORIENTED_EDGE('',*,*,#14373,.T.);
#14463 = ORIENTED_EDGE('',*,*,#14464,.T.);
#14464 = EDGE_CURVE('',#14374,#14414,#14465,.T.);
#14465 = LINE('',#14466,#14467);
#14466 = CARTESIAN_POINT('',(18.,600.,2.282E+03));
#14467 = VECTOR('',#14468,1.);
#14468 = DIRECTION('',(1.,0.,0.));
#14469 = ORIENTED_EDGE('',*,*,#14413,.F.);
#14470 = PLANE('',#14471);
#14471 = AXIS2_PLACEMENT_3D('',#14472,#14473,#14474);
#14472 = CARTESIAN_POINT('',(18.,600.,1.608E+03));
#14473 = DIRECTION('',(0.,1.,0.));
#14474 = DIRECTION('',(0.,0.,1.));
#14475 = ADVANCED_FACE('',(#14476),#14482,.F.);
#14476 = FACE_BOUND('',#14477,.F.);
#14477 = EDGE_LOOP('',(#14478,#14479,#14480,#14481));
#14478 = ORIENTED_EDGE('',*,*,#14365,.F.);
#14479 = ORIENTED_EDGE('',*,*,#14435,.T.);
#14480 = ORIENTED_EDGE('',*,*,#14405,.T.);
#14481 = ORIENTED_EDGE('',*,*,#14457,.F.);
#14482 = PLANE('',#14483);
#14483 = AXIS2_PLACEMENT_3D('',#14484,#14485,#14486);
#14484 = CARTESIAN_POINT('',(18.,597.,1.608E+03));
#14485 = DIRECTION('',(0.,0.,1.));
#14486 = DIRECTION('',(1.,0.,0.));
#14487 = ADVANCED_FACE('',(#14488),#14494,.T.);
#14488 = FACE_BOUND('',#14489,.T.);
#14489 = EDGE_LOOP('',(#14490,#14491,#14492,#14493));
#14490 = ORIENTED_EDGE('',*,*,#14381,.F.);
#14491 = ORIENTED_EDGE('',*,*,#14442,.T.);
#14492 = ORIENTED_EDGE('',*,*,#14421,.T.);
#14493 = ORIENTED_EDGE('',*,*,#14464,.F.);
#14494 = PLANE('',#14495);
#14495 = AXIS2_PLACEMENT_3D('',#14496,#14497,#14498);
#14496 = CARTESIAN_POINT('',(18.,597.,2.282E+03));
#14497 = DIRECTION('',(0.,0.,1.));
#14498 = DIRECTION('',(1.,0.,0.));
#14499 = MANIFOLD_SOLID_BREP('',#14500);
#14500 = CLOSED_SHELL('',(#14501,#14541,#14581,#14603,#14625,#14637));
#14501 = ADVANCED_FACE('',(#14502),#14536,.F.);
#14502 = FACE_BOUND('',#14503,.F.);
#14503 = EDGE_LOOP('',(#14504,#14514,#14522,#14530));
#14504 = ORIENTED_EDGE('',*,*,#14505,.F.);
#14505 = EDGE_CURVE('',#14506,#14508,#14510,.T.);
#14506 = VERTEX_POINT('',#14507);
#14507 = CARTESIAN_POINT('',(9.,262.,1.599E+03));
#14508 = VERTEX_POINT('',#14509);
#14509 = CARTESIAN_POINT('',(9.,262.,2.291E+03));
#14510 = LINE('',#14511,#14512);
#14511 = CARTESIAN_POINT('',(9.,262.,1.599E+03));
#14512 = VECTOR('',#14513,1.);
#14513 = DIRECTION('',(0.,0.,1.));
#14514 = ORIENTED_EDGE('',*,*,#14515,.T.);
#14515 = EDGE_CURVE('',#14506,#14516,#14518,.T.);
#14516 = VERTEX_POINT('',#14517);
#14517 = CARTESIAN_POINT('',(9.,280.,1.599E+03));
#14518 = LINE('',#14519,#14520);
#14519 = CARTESIAN_POINT('',(9.,262.,1.599E+03));
#14520 = VECTOR('',#14521,1.);
#14521 = DIRECTION('',(0.,1.,0.));
#14522 = ORIENTED_EDGE('',*,*,#14523,.T.);
#14523 = EDGE_CURVE('',#14516,#14524,#14526,.T.);
#14524 = VERTEX_POINT('',#14525);
#14525 = CARTESIAN_POINT('',(9.,280.,2.291E+03));
#14526 = LINE('',#14527,#14528);
#14527 = CARTESIAN_POINT('',(9.,280.,1.599E+03));
#14528 = VECTOR('',#14529,1.);
#14529 = DIRECTION('',(0.,0.,1.));
#14530 = ORIENTED_EDGE('',*,*,#14531,.F.);
#14531 = EDGE_CURVE('',#14508,#14524,#14532,.T.);
#14532 = LINE('',#14533,#14534);
#14533 = CARTESIAN_POINT('',(9.,262.,2.291E+03));
#14534 = VECTOR('',#14535,1.);
#14535 = DIRECTION('',(0.,1.,0.));
#14536 = PLANE('',#14537);
#14537 = AXIS2_PLACEMENT_3D('',#14538,#14539,#14540);
#14538 = CARTESIAN_POINT('',(9.,262.,1.599E+03));
#14539 = DIRECTION('',(1.,0.,0.));
#14540 = DIRECTION('',(0.,0.,1.));
#14541 = ADVANCED_FACE('',(#14542),#14576,.T.);
#14542 = FACE_BOUND('',#14543,.T.);
#14543 = EDGE_LOOP('',(#14544,#14554,#14562,#14570));
#14544 = ORIENTED_EDGE('',*,*,#14545,.F.);
#14545 = EDGE_CURVE('',#14546,#14548,#14550,.T.);
#14546 = VERTEX_POINT('',#14547);
#14547 = CARTESIAN_POINT('',(450.5,262.,1.599E+03));
#14548 = VERTEX_POINT('',#14549);
#14549 = CARTESIAN_POINT('',(450.5,262.,2.291E+03));
#14550 = LINE('',#14551,#14552);
#14551 = CARTESIAN_POINT('',(450.5,262.,1.599E+03));
#14552 = VECTOR('',#14553,1.);
#14553 = DIRECTION('',(0.,0.,1.));
#14554 = ORIENTED_EDGE('',*,*,#14555,.T.);
#14555 = EDGE_CURVE('',#14546,#14556,#14558,.T.);
#14556 = VERTEX_POINT('',#14557);
#14557 = CARTESIAN_POINT('',(450.5,280.,1.599E+03));
#14558 = LINE('',#14559,#14560);
#14559 = CARTESIAN_POINT('',(450.5,262.,1.599E+03));
#14560 = VECTOR('',#14561,1.);
#14561 = DIRECTION('',(0.,1.,0.));
#14562 = ORIENTED_EDGE('',*,*,#14563,.T.);
#14563 = EDGE_CURVE('',#14556,#14564,#14566,.T.);
#14564 = VERTEX_POINT('',#14565);
#14565 = CARTESIAN_POINT('',(450.5,280.,2.291E+03));
#14566 = LINE('',#14567,#14568);
#14567 = CARTESIAN_POINT('',(450.5,280.,1.599E+03));
#14568 = VECTOR('',#14569,1.);
#14569 = DIRECTION('',(0.,0.,1.));
#14570 = ORIENTED_EDGE('',*,*,#14571,.F.);
#14571 = EDGE_CURVE('',#14548,#14564,#14572,.T.);
#14572 = LINE('',#14573,#14574);
#14573 = CARTESIAN_POINT('',(450.5,262.,2.291E+03));
#14574 = VECTOR('',#14575,1.);
#14575 = DIRECTION('',(0.,1.,0.));
#14576 = PLANE('',#14577);
#14577 = AXIS2_PLACEMENT_3D('',#14578,#14579,#14580);
#14578 = CARTESIAN_POINT('',(450.5,262.,1.599E+03));
#14579 = DIRECTION('',(1.,0.,0.));
#14580 = DIRECTION('',(0.,0.,1.));
#14581 = ADVANCED_FACE('',(#14582),#14598,.F.);
#14582 = FACE_BOUND('',#14583,.F.);
#14583 = EDGE_LOOP('',(#14584,#14590,#14591,#14597));
#14584 = ORIENTED_EDGE('',*,*,#14585,.F.);
#14585 = EDGE_CURVE('',#14506,#14546,#14586,.T.);
#14586 = LINE('',#14587,#14588);
#14587 = CARTESIAN_POINT('',(9.,262.,1.599E+03));
#14588 = VECTOR('',#14589,1.);
#14589 = DIRECTION('',(1.,0.,0.));
#14590 = ORIENTED_EDGE('',*,*,#14505,.T.);
#14591 = ORIENTED_EDGE('',*,*,#14592,.T.);
#14592 = EDGE_CURVE('',#14508,#14548,#14593,.T.);
#14593 = LINE('',#14594,#14595);
#14594 = CARTESIAN_POINT('',(9.,262.,2.291E+03));
#14595 = VECTOR('',#14596,1.);
#14596 = DIRECTION('',(1.,0.,0.));
#14597 = ORIENTED_EDGE('',*,*,#14545,.F.);
#14598 = PLANE('',#14599);
#14599 = AXIS2_PLACEMENT_3D('',#14600,#14601,#14602);
#14600 = CARTESIAN_POINT('',(9.,262.,1.599E+03));
#14601 = DIRECTION('',(0.,1.,0.));
#14602 = DIRECTION('',(0.,0.,1.));
#14603 = ADVANCED_FACE('',(#14604),#14620,.T.);
#14604 = FACE_BOUND('',#14605,.T.);
#14605 = EDGE_LOOP('',(#14606,#14612,#14613,#14619));
#14606 = ORIENTED_EDGE('',*,*,#14607,.F.);
#14607 = EDGE_CURVE('',#14516,#14556,#14608,.T.);
#14608 = LINE('',#14609,#14610);
#14609 = CARTESIAN_POINT('',(9.,280.,1.599E+03));
#14610 = VECTOR('',#14611,1.);
#14611 = DIRECTION('',(1.,0.,0.));
#14612 = ORIENTED_EDGE('',*,*,#14523,.T.);
#14613 = ORIENTED_EDGE('',*,*,#14614,.T.);
#14614 = EDGE_CURVE('',#14524,#14564,#14615,.T.);
#14615 = LINE('',#14616,#14617);
#14616 = CARTESIAN_POINT('',(9.,280.,2.291E+03));
#14617 = VECTOR('',#14618,1.);
#14618 = DIRECTION('',(1.,0.,0.));
#14619 = ORIENTED_EDGE('',*,*,#14563,.F.);
#14620 = PLANE('',#14621);
#14621 = AXIS2_PLACEMENT_3D('',#14622,#14623,#14624);
#14622 = CARTESIAN_POINT('',(9.,280.,1.599E+03));
#14623 = DIRECTION('',(0.,1.,0.));
#14624 = DIRECTION('',(0.,0.,1.));
#14625 = ADVANCED_FACE('',(#14626),#14632,.F.);
#14626 = FACE_BOUND('',#14627,.F.);
#14627 = EDGE_LOOP('',(#14628,#14629,#14630,#14631));
#14628 = ORIENTED_EDGE('',*,*,#14515,.F.);
#14629 = ORIENTED_EDGE('',*,*,#14585,.T.);
#14630 = ORIENTED_EDGE('',*,*,#14555,.T.);
#14631 = ORIENTED_EDGE('',*,*,#14607,.F.);
#14632 = PLANE('',#14633);
#14633 = AXIS2_PLACEMENT_3D('',#14634,#14635,#14636);
#14634 = CARTESIAN_POINT('',(9.,262.,1.599E+03));
#14635 = DIRECTION('',(0.,0.,1.));
#14636 = DIRECTION('',(1.,0.,0.));
#14637 = ADVANCED_FACE('',(#14638),#14644,.T.);
#14638 = FACE_BOUND('',#14639,.T.);
#14639 = EDGE_LOOP('',(#14640,#14641,#14642,#14643));
#14640 = ORIENTED_EDGE('',*,*,#14531,.F.);
#14641 = ORIENTED_EDGE('',*,*,#14592,.T.);
#14642 = ORIENTED_EDGE('',*,*,#14571,.T.);
#14643 = ORIENTED_EDGE('',*,*,#14614,.F.);
#14644 = PLANE('',#14645);
#14645 = AXIS2_PLACEMENT_3D('',#14646,#14647,#14648);
#14646 = CARTESIAN_POINT('',(9.,262.,2.291E+03));
#14647 = DIRECTION('',(0.,0.,1.));
#14648 = DIRECTION('',(1.,0.,0.));
#14649 = MANIFOLD_SOLID_BREP('',#14650);
#14650 = CLOSED_SHELL('',(#14651,#14691,#14731,#14753,#14775,#14787));
#14651 = ADVANCED_FACE('',(#14652),#14686,.F.);
#14652 = FACE_BOUND('',#14653,.F.);
#14653 = EDGE_LOOP('',(#14654,#14664,#14672,#14680));
#14654 = ORIENTED_EDGE('',*,*,#14655,.F.);
#14655 = EDGE_CURVE('',#14656,#14658,#14660,.T.);
#14656 = VERTEX_POINT('',#14657);
#14657 = CARTESIAN_POINT('',(452.5,262.,1.599E+03));
#14658 = VERTEX_POINT('',#14659);
#14659 = CARTESIAN_POINT('',(452.5,262.,2.291E+03));
#14660 = LINE('',#14661,#14662);
#14661 = CARTESIAN_POINT('',(452.5,262.,1.599E+03));
#14662 = VECTOR('',#14663,1.);
#14663 = DIRECTION('',(0.,0.,1.));
#14664 = ORIENTED_EDGE('',*,*,#14665,.T.);
#14665 = EDGE_CURVE('',#14656,#14666,#14668,.T.);
#14666 = VERTEX_POINT('',#14667);
#14667 = CARTESIAN_POINT('',(452.5,280.,1.599E+03));
#14668 = LINE('',#14669,#14670);
#14669 = CARTESIAN_POINT('',(452.5,262.,1.599E+03));
#14670 = VECTOR('',#14671,1.);
#14671 = DIRECTION('',(0.,1.,0.));
#14672 = ORIENTED_EDGE('',*,*,#14673,.T.);
#14673 = EDGE_CURVE('',#14666,#14674,#14676,.T.);
#14674 = VERTEX_POINT('',#14675);
#14675 = CARTESIAN_POINT('',(452.5,280.,2.291E+03));
#14676 = LINE('',#14677,#14678);
#14677 = CARTESIAN_POINT('',(452.5,280.,1.599E+03));
#14678 = VECTOR('',#14679,1.);
#14679 = DIRECTION('',(0.,0.,1.));
#14680 = ORIENTED_EDGE('',*,*,#14681,.F.);
#14681 = EDGE_CURVE('',#14658,#14674,#14682,.T.);
#14682 = LINE('',#14683,#14684);
#14683 = CARTESIAN_POINT('',(452.5,262.,2.291E+03));
#14684 = VECTOR('',#14685,1.);
#14685 = DIRECTION('',(0.,1.,0.));
#14686 = PLANE('',#14687);
#14687 = AXIS2_PLACEMENT_3D('',#14688,#14689,#14690);
#14688 = CARTESIAN_POINT('',(452.5,262.,1.599E+03));
#14689 = DIRECTION('',(1.,0.,0.));
#14690 = DIRECTION('',(0.,0.,1.));
#14691 = ADVANCED_FACE('',(#14692),#14726,.T.);
#14692 = FACE_BOUND('',#14693,.T.);
#14693 = EDGE_LOOP('',(#14694,#14704,#14712,#14720));
#14694 = ORIENTED_EDGE('',*,*,#14695,.F.);
#14695 = EDGE_CURVE('',#14696,#14698,#14700,.T.);
#14696 = VERTEX_POINT('',#14697);
#14697 = CARTESIAN_POINT('',(894.,262.,1.599E+03));
#14698 = VERTEX_POINT('',#14699);
#14699 = CARTESIAN_POINT('',(894.,262.,2.291E+03));
#14700 = LINE('',#14701,#14702);
#14701 = CARTESIAN_POINT('',(894.,262.,1.599E+03));
#14702 = VECTOR('',#14703,1.);
#14703 = DIRECTION('',(0.,0.,1.));
#14704 = ORIENTED_EDGE('',*,*,#14705,.T.);
#14705 = EDGE_CURVE('',#14696,#14706,#14708,.T.);
#14706 = VERTEX_POINT('',#14707);
#14707 = CARTESIAN_POINT('',(894.,280.,1.599E+03));
#14708 = LINE('',#14709,#14710);
#14709 = CARTESIAN_POINT('',(894.,262.,1.599E+03));
#14710 = VECTOR('',#14711,1.);
#14711 = DIRECTION('',(0.,1.,0.));
#14712 = ORIENTED_EDGE('',*,*,#14713,.T.);
#14713 = EDGE_CURVE('',#14706,#14714,#14716,.T.);
#14714 = VERTEX_POINT('',#14715);
#14715 = CARTESIAN_POINT('',(894.,280.,2.291E+03));
#14716 = LINE('',#14717,#14718);
#14717 = CARTESIAN_POINT('',(894.,280.,1.599E+03));
#14718 = VECTOR('',#14719,1.);
#14719 = DIRECTION('',(0.,0.,1.));
#14720 = ORIENTED_EDGE('',*,*,#14721,.F.);
#14721 = EDGE_CURVE('',#14698,#14714,#14722,.T.);
#14722 = LINE('',#14723,#14724);
#14723 = CARTESIAN_POINT('',(894.,262.,2.291E+03));
#14724 = VECTOR('',#14725,1.);
#14725 = DIRECTION('',(0.,1.,0.));
#14726 = PLANE('',#14727);
#14727 = AXIS2_PLACEMENT_3D('',#14728,#14729,#14730);
#14728 = CARTESIAN_POINT('',(894.,262.,1.599E+03));
#14729 = DIRECTION('',(1.,0.,0.));
#14730 = DIRECTION('',(0.,0.,1.));
#14731 = ADVANCED_FACE('',(#14732),#14748,.F.);
#14732 = FACE_BOUND('',#14733,.F.);
#14733 = EDGE_LOOP('',(#14734,#14740,#14741,#14747));
#14734 = ORIENTED_EDGE('',*,*,#14735,.F.);
#14735 = EDGE_CURVE('',#14656,#14696,#14736,.T.);
#14736 = LINE('',#14737,#14738);
#14737 = CARTESIAN_POINT('',(452.5,262.,1.599E+03));
#14738 = VECTOR('',#14739,1.);
#14739 = DIRECTION('',(1.,0.,0.));
#14740 = ORIENTED_EDGE('',*,*,#14655,.T.);
#14741 = ORIENTED_EDGE('',*,*,#14742,.T.);
#14742 = EDGE_CURVE('',#14658,#14698,#14743,.T.);
#14743 = LINE('',#14744,#14745);
#14744 = CARTESIAN_POINT('',(452.5,262.,2.291E+03));
#14745 = VECTOR('',#14746,1.);
#14746 = DIRECTION('',(1.,0.,0.));
#14747 = ORIENTED_EDGE('',*,*,#14695,.F.);
#14748 = PLANE('',#14749);
#14749 = AXIS2_PLACEMENT_3D('',#14750,#14751,#14752);
#14750 = CARTESIAN_POINT('',(452.5,262.,1.599E+03));
#14751 = DIRECTION('',(0.,1.,0.));
#14752 = DIRECTION('',(0.,0.,1.));
#14753 = ADVANCED_FACE('',(#14754),#14770,.T.);
#14754 = FACE_BOUND('',#14755,.T.);
#14755 = EDGE_LOOP('',(#14756,#14762,#14763,#14769));
#14756 = ORIENTED_EDGE('',*,*,#14757,.F.);
#14757 = EDGE_CURVE('',#14666,#14706,#14758,.T.);
#14758 = LINE('',#14759,#14760);
#14759 = CARTESIAN_POINT('',(452.5,280.,1.599E+03));
#14760 = VECTOR('',#14761,1.);
#14761 = DIRECTION('',(1.,0.,0.));
#14762 = ORIENTED_EDGE('',*,*,#14673,.T.);
#14763 = ORIENTED_EDGE('',*,*,#14764,.T.);
#14764 = EDGE_CURVE('',#14674,#14714,#14765,.T.);
#14765 = LINE('',#14766,#14767);
#14766 = CARTESIAN_POINT('',(452.5,280.,2.291E+03));
#14767 = VECTOR('',#14768,1.);
#14768 = DIRECTION('',(1.,0.,0.));
#14769 = ORIENTED_EDGE('',*,*,#14713,.F.);
#14770 = PLANE('',#14771);
#14771 = AXIS2_PLACEMENT_3D('',#14772,#14773,#14774);
#14772 = CARTESIAN_POINT('',(452.5,280.,1.599E+03));
#14773 = DIRECTION('',(0.,1.,0.));
#14774 = DIRECTION('',(0.,0.,1.));
#14775 = ADVANCED_FACE('',(#14776),#14782,.F.);
#14776 = FACE_BOUND('',#14777,.F.);
#14777 = EDGE_LOOP('',(#14778,#14779,#14780,#14781));
#14778 = ORIENTED_EDGE('',*,*,#14665,.F.);
#14779 = ORIENTED_EDGE('',*,*,#14735,.T.);
#14780 = ORIENTED_EDGE('',*,*,#14705,.T.);
#14781 = ORIENTED_EDGE('',*,*,#14757,.F.);
#14782 = PLANE('',#14783);
#14783 = AXIS2_PLACEMENT_3D('',#14784,#14785,#14786);
#14784 = CARTESIAN_POINT('',(452.5,262.,1.599E+03));
#14785 = DIRECTION('',(0.,0.,1.));
#14786 = DIRECTION('',(1.,0.,0.));
#14787 = ADVANCED_FACE('',(#14788),#14794,.T.);
#14788 = FACE_BOUND('',#14789,.T.);
#14789 = EDGE_LOOP('',(#14790,#14791,#14792,#14793));
#14790 = ORIENTED_EDGE('',*,*,#14681,.F.);
#14791 = ORIENTED_EDGE('',*,*,#14742,.T.);
#14792 = ORIENTED_EDGE('',*,*,#14721,.T.);
#14793 = ORIENTED_EDGE('',*,*,#14764,.F.);
#14794 = PLANE('',#14795);
#14795 = AXIS2_PLACEMENT_3D('',#14796,#14797,#14798);
#14796 = CARTESIAN_POINT('',(452.5,262.,2.291E+03));
#14797 = DIRECTION('',(0.,0.,1.));
#14798 = DIRECTION('',(1.,0.,0.));
#14799 = MANIFOLD_SOLID_BREP('',#14800);
#14800 = CLOSED_SHELL('',(#14801,#14841,#14881,#14903,#14925,#14937));
#14801 = ADVANCED_FACE('',(#14802),#14836,.F.);
#14802 = FACE_BOUND('',#14803,.F.);
#14803 = EDGE_LOOP('',(#14804,#14814,#14822,#14830));
#14804 = ORIENTED_EDGE('',*,*,#14805,.F.);
#14805 = EDGE_CURVE('',#14806,#14808,#14810,.T.);
#14806 = VERTEX_POINT('',#14807);
#14807 = CARTESIAN_POINT('',(9.,262.,1.5E+03));
#14808 = VERTEX_POINT('',#14809);
#14809 = CARTESIAN_POINT('',(9.,262.,1.59E+03));
#14810 = LINE('',#14811,#14812);
#14811 = CARTESIAN_POINT('',(9.,262.,1.5E+03));
#14812 = VECTOR('',#14813,1.);
#14813 = DIRECTION('',(0.,0.,1.));
#14814 = ORIENTED_EDGE('',*,*,#14815,.T.);
#14815 = EDGE_CURVE('',#14806,#14816,#14818,.T.);
#14816 = VERTEX_POINT('',#14817);
#14817 = CARTESIAN_POINT('',(9.,280.,1.5E+03));
#14818 = LINE('',#14819,#14820);
#14819 = CARTESIAN_POINT('',(9.,262.,1.5E+03));
#14820 = VECTOR('',#14821,1.);
#14821 = DIRECTION('',(0.,1.,0.));
#14822 = ORIENTED_EDGE('',*,*,#14823,.T.);
#14823 = EDGE_CURVE('',#14816,#14824,#14826,.T.);
#14824 = VERTEX_POINT('',#14825);
#14825 = CARTESIAN_POINT('',(9.,280.,1.59E+03));
#14826 = LINE('',#14827,#14828);
#14827 = CARTESIAN_POINT('',(9.,280.,1.5E+03));
#14828 = VECTOR('',#14829,1.);
#14829 = DIRECTION('',(0.,0.,1.));
#14830 = ORIENTED_EDGE('',*,*,#14831,.F.);
#14831 = EDGE_CURVE('',#14808,#14824,#14832,.T.);
#14832 = LINE('',#14833,#14834);
#14833 = CARTESIAN_POINT('',(9.,262.,1.59E+03));
#14834 = VECTOR('',#14835,1.);
#14835 = DIRECTION('',(0.,1.,0.));
#14836 = PLANE('',#14837);
#14837 = AXIS2_PLACEMENT_3D('',#14838,#14839,#14840);
#14838 = CARTESIAN_POINT('',(9.,262.,1.5E+03));
#14839 = DIRECTION('',(1.,0.,0.));
#14840 = DIRECTION('',(0.,0.,1.));
#14841 = ADVANCED_FACE('',(#14842),#14876,.T.);
#14842 = FACE_BOUND('',#14843,.T.);
#14843 = EDGE_LOOP('',(#14844,#14854,#14862,#14870));
#14844 = ORIENTED_EDGE('',*,*,#14845,.F.);
#14845 = EDGE_CURVE('',#14846,#14848,#14850,.T.);
#14846 = VERTEX_POINT('',#14847);
#14847 = CARTESIAN_POINT('',(894.,262.,1.5E+03));
#14848 = VERTEX_POINT('',#14849);
#14849 = CARTESIAN_POINT('',(894.,262.,1.59E+03));
#14850 = LINE('',#14851,#14852);
#14851 = CARTESIAN_POINT('',(894.,262.,1.5E+03));
#14852 = VECTOR('',#14853,1.);
#14853 = DIRECTION('',(0.,0.,1.));
#14854 = ORIENTED_EDGE('',*,*,#14855,.T.);
#14855 = EDGE_CURVE('',#14846,#14856,#14858,.T.);
#14856 = VERTEX_POINT('',#14857);
#14857 = CARTESIAN_POINT('',(894.,280.,1.5E+03));
#14858 = LINE('',#14859,#14860);
#14859 = CARTESIAN_POINT('',(894.,262.,1.5E+03));
#14860 = VECTOR('',#14861,1.);
#14861 = DIRECTION('',(0.,1.,0.));
#14862 = ORIENTED_EDGE('',*,*,#14863,.T.);
#14863 = EDGE_CURVE('',#14856,#14864,#14866,.T.);
#14864 = VERTEX_POINT('',#14865);
#14865 = CARTESIAN_POINT('',(894.,280.,1.59E+03));
#14866 = LINE('',#14867,#14868);
#14867 = CARTESIAN_POINT('',(894.,280.,1.5E+03));
#14868 = VECTOR('',#14869,1.);
#14869 = DIRECTION('',(0.,0.,1.));
#14870 = ORIENTED_EDGE('',*,*,#14871,.F.);
#14871 = EDGE_CURVE('',#14848,#14864,#14872,.T.);
#14872 = LINE('',#14873,#14874);
#14873 = CARTESIAN_POINT('',(894.,262.,1.59E+03));
#14874 = VECTOR('',#14875,1.);
#14875 = DIRECTION('',(0.,1.,0.));
#14876 = PLANE('',#14877);
#14877 = AXIS2_PLACEMENT_3D('',#14878,#14879,#14880);
#14878 = CARTESIAN_POINT('',(894.,262.,1.5E+03));
#14879 = DIRECTION('',(1.,0.,0.));
#14880 = DIRECTION('',(0.,0.,1.));
#14881 = ADVANCED_FACE('',(#14882),#14898,.F.);
#14882 = FACE_BOUND('',#14883,.F.);
#14883 = EDGE_LOOP('',(#14884,#14890,#14891,#14897));
#14884 = ORIENTED_EDGE('',*,*,#14885,.F.);
#14885 = EDGE_CURVE('',#14806,#14846,#14886,.T.);
#14886 = LINE('',#14887,#14888);
#14887 = CARTESIAN_POINT('',(9.,262.,1.5E+03));
#14888 = VECTOR('',#14889,1.);
#14889 = DIRECTION('',(1.,0.,0.));
#14890 = ORIENTED_EDGE('',*,*,#14805,.T.);
#14891 = ORIENTED_EDGE('',*,*,#14892,.T.);
#14892 = EDGE_CURVE('',#14808,#14848,#14893,.T.);
#14893 = LINE('',#14894,#14895);
#14894 = CARTESIAN_POINT('',(9.,262.,1.59E+03));
#14895 = VECTOR('',#14896,1.);
#14896 = DIRECTION('',(1.,0.,0.));
#14897 = ORIENTED_EDGE('',*,*,#14845,.F.);
#14898 = PLANE('',#14899);
#14899 = AXIS2_PLACEMENT_3D('',#14900,#14901,#14902);
#14900 = CARTESIAN_POINT('',(9.,262.,1.5E+03));
#14901 = DIRECTION('',(0.,1.,0.));
#14902 = DIRECTION('',(0.,0.,1.));
#14903 = ADVANCED_FACE('',(#14904),#14920,.T.);
#14904 = FACE_BOUND('',#14905,.T.);
#14905 = EDGE_LOOP('',(#14906,#14912,#14913,#14919));
#14906 = ORIENTED_EDGE('',*,*,#14907,.F.);
#14907 = EDGE_CURVE('',#14816,#14856,#14908,.T.);
#14908 = LINE('',#14909,#14910);
#14909 = CARTESIAN_POINT('',(9.,280.,1.5E+03));
#14910 = VECTOR('',#14911,1.);
#14911 = DIRECTION('',(1.,0.,0.));
#14912 = ORIENTED_EDGE('',*,*,#14823,.T.);
#14913 = ORIENTED_EDGE('',*,*,#14914,.T.);
#14914 = EDGE_CURVE('',#14824,#14864,#14915,.T.);
#14915 = LINE('',#14916,#14917);
#14916 = CARTESIAN_POINT('',(9.,280.,1.59E+03));
#14917 = VECTOR('',#14918,1.);
#14918 = DIRECTION('',(1.,0.,0.));
#14919 = ORIENTED_EDGE('',*,*,#14863,.F.);
#14920 = PLANE('',#14921);
#14921 = AXIS2_PLACEMENT_3D('',#14922,#14923,#14924);
#14922 = CARTESIAN_POINT('',(9.,280.,1.5E+03));
#14923 = DIRECTION('',(0.,1.,0.));
#14924 = DIRECTION('',(0.,0.,1.));
#14925 = ADVANCED_FACE('',(#14926),#14932,.F.);
#14926 = FACE_BOUND('',#14927,.F.);
#14927 = EDGE_LOOP('',(#14928,#14929,#14930,#14931));
#14928 = ORIENTED_EDGE('',*,*,#14815,.F.);
#14929 = ORIENTED_EDGE('',*,*,#14885,.T.);
#14930 = ORIENTED_EDGE('',*,*,#14855,.T.);
#14931 = ORIENTED_EDGE('',*,*,#14907,.F.);
#14932 = PLANE('',#14933);
#14933 = AXIS2_PLACEMENT_3D('',#14934,#14935,#14936);
#14934 = CARTESIAN_POINT('',(9.,262.,1.5E+03));
#14935 = DIRECTION('',(0.,0.,1.));
#14936 = DIRECTION('',(1.,0.,0.));
#14937 = ADVANCED_FACE('',(#14938),#14944,.T.);
#14938 = FACE_BOUND('',#14939,.T.);
#14939 = EDGE_LOOP('',(#14940,#14941,#14942,#14943));
#14940 = ORIENTED_EDGE('',*,*,#14831,.F.);
#14941 = ORIENTED_EDGE('',*,*,#14892,.T.);
#14942 = ORIENTED_EDGE('',*,*,#14871,.T.);
#14943 = ORIENTED_EDGE('',*,*,#14914,.F.);
#14944 = PLANE('',#14945);
#14945 = AXIS2_PLACEMENT_3D('',#14946,#14947,#14948);
#14946 = CARTESIAN_POINT('',(9.,262.,1.59E+03));
#14947 = DIRECTION('',(0.,0.,1.));
#14948 = DIRECTION('',(1.,0.,0.));
#14949 = MANIFOLD_SOLID_BREP('',#14950);
#14950 = CLOSED_SHELL('',(#14951,#14991,#15031,#15053,#15075,#15087));
#14951 = ADVANCED_FACE('',(#14952),#14986,.F.);
#14952 = FACE_BOUND('',#14953,.F.);
#14953 = EDGE_LOOP('',(#14954,#14964,#14972,#14980));
#14954 = ORIENTED_EDGE('',*,*,#14955,.F.);
#14955 = EDGE_CURVE('',#14956,#14958,#14960,.T.);
#14956 = VERTEX_POINT('',#14957);
#14957 = CARTESIAN_POINT('',(313.,130.,1.5E+03));
#14958 = VERTEX_POINT('',#14959);
#14959 = CARTESIAN_POINT('',(313.,130.,1.59E+03));
#14960 = LINE('',#14961,#14962);
#14961 = CARTESIAN_POINT('',(313.,130.,1.5E+03));
#14962 = VECTOR('',#14963,1.);
#14963 = DIRECTION('',(0.,0.,1.));
#14964 = ORIENTED_EDGE('',*,*,#14965,.T.);
#14965 = EDGE_CURVE('',#14956,#14966,#14968,.T.);
#14966 = VERTEX_POINT('',#14967);
#14967 = CARTESIAN_POINT('',(313.,600.,1.5E+03));
#14968 = LINE('',#14969,#14970);
#14969 = CARTESIAN_POINT('',(313.,130.,1.5E+03));
#14970 = VECTOR('',#14971,1.);
#14971 = DIRECTION('',(0.,1.,0.));
#14972 = ORIENTED_EDGE('',*,*,#14973,.T.);
#14973 = EDGE_CURVE('',#14966,#14974,#14976,.T.);
#14974 = VERTEX_POINT('',#14975);
#14975 = CARTESIAN_POINT('',(313.,600.,1.59E+03));
#14976 = LINE('',#14977,#14978);
#14977 = CARTESIAN_POINT('',(313.,600.,1.5E+03));
#14978 = VECTOR('',#14979,1.);
#14979 = DIRECTION('',(0.,0.,1.));
#14980 = ORIENTED_EDGE('',*,*,#14981,.F.);
#14981 = EDGE_CURVE('',#14958,#14974,#14982,.T.);
#14982 = LINE('',#14983,#14984);
#14983 = CARTESIAN_POINT('',(313.,130.,1.59E+03));
#14984 = VECTOR('',#14985,1.);
#14985 = DIRECTION('',(0.,1.,0.));
#14986 = PLANE('',#14987);
#14987 = AXIS2_PLACEMENT_3D('',#14988,#14989,#14990);
#14988 = CARTESIAN_POINT('',(313.,130.,1.5E+03));
#14989 = DIRECTION('',(1.,0.,0.));
#14990 = DIRECTION('',(0.,0.,1.));
#14991 = ADVANCED_FACE('',(#14992),#15026,.T.);
#14992 = FACE_BOUND('',#14993,.T.);
#14993 = EDGE_LOOP('',(#14994,#15004,#15012,#15020));
#14994 = ORIENTED_EDGE('',*,*,#14995,.F.);
#14995 = EDGE_CURVE('',#14996,#14998,#15000,.T.);
#14996 = VERTEX_POINT('',#14997);
#14997 = CARTESIAN_POINT('',(903.,130.,1.5E+03));
#14998 = VERTEX_POINT('',#14999);
#14999 = CARTESIAN_POINT('',(903.,130.,1.59E+03));
#15000 = LINE('',#15001,#15002);
#15001 = CARTESIAN_POINT('',(903.,130.,1.5E+03));
#15002 = VECTOR('',#15003,1.);
#15003 = DIRECTION('',(0.,0.,1.));
#15004 = ORIENTED_EDGE('',*,*,#15005,.T.);
#15005 = EDGE_CURVE('',#14996,#15006,#15008,.T.);
#15006 = VERTEX_POINT('',#15007);
#15007 = CARTESIAN_POINT('',(903.,600.,1.5E+03));
#15008 = LINE('',#15009,#15010);
#15009 = CARTESIAN_POINT('',(903.,130.,1.5E+03));
#15010 = VECTOR('',#15011,1.);
#15011 = DIRECTION('',(0.,1.,0.));
#15012 = ORIENTED_EDGE('',*,*,#15013,.T.);
#15013 = EDGE_CURVE('',#15006,#15014,#15016,.T.);
#15014 = VERTEX_POINT('',#15015);
#15015 = CARTESIAN_POINT('',(903.,600.,1.59E+03));
#15016 = LINE('',#15017,#15018);
#15017 = CARTESIAN_POINT('',(903.,600.,1.5E+03));
#15018 = VECTOR('',#15019,1.);
#15019 = DIRECTION('',(0.,0.,1.));
#15020 = ORIENTED_EDGE('',*,*,#15021,.F.);
#15021 = EDGE_CURVE('',#14998,#15014,#15022,.T.);
#15022 = LINE('',#15023,#15024);
#15023 = CARTESIAN_POINT('',(903.,130.,1.59E+03));
#15024 = VECTOR('',#15025,1.);
#15025 = DIRECTION('',(0.,1.,0.));
#15026 = PLANE('',#15027);
#15027 = AXIS2_PLACEMENT_3D('',#15028,#15029,#15030);
#15028 = CARTESIAN_POINT('',(903.,130.,1.5E+03));
#15029 = DIRECTION('',(1.,0.,0.));
#15030 = DIRECTION('',(0.,0.,1.));
#15031 = ADVANCED_FACE('',(#15032),#15048,.F.);
#15032 = FACE_BOUND('',#15033,.F.);
#15033 = EDGE_LOOP('',(#15034,#15040,#15041,#15047));
#15034 = ORIENTED_EDGE('',*,*,#15035,.F.);
#15035 = EDGE_CURVE('',#14956,#14996,#15036,.T.);
#15036 = LINE('',#15037,#15038);
#15037 = CARTESIAN_POINT('',(313.,130.,1.5E+03));
#15038 = VECTOR('',#15039,1.);
#15039 = DIRECTION('',(1.,0.,0.));
#15040 = ORIENTED_EDGE('',*,*,#14955,.T.);
#15041 = ORIENTED_EDGE('',*,*,#15042,.T.);
#15042 = EDGE_CURVE('',#14958,#14998,#15043,.T.);
#15043 = LINE('',#15044,#15045);
#15044 = CARTESIAN_POINT('',(313.,130.,1.59E+03));
#15045 = VECTOR('',#15046,1.);
#15046 = DIRECTION('',(1.,0.,0.));
#15047 = ORIENTED_EDGE('',*,*,#14995,.F.);
#15048 = PLANE('',#15049);
#15049 = AXIS2_PLACEMENT_3D('',#15050,#15051,#15052);
#15050 = CARTESIAN_POINT('',(313.,130.,1.5E+03));
#15051 = DIRECTION('',(0.,1.,0.));
#15052 = DIRECTION('',(0.,0.,1.));
#15053 = ADVANCED_FACE('',(#15054),#15070,.T.);
#15054 = FACE_BOUND('',#15055,.T.);
#15055 = EDGE_LOOP('',(#15056,#15062,#15063,#15069));
#15056 = ORIENTED_EDGE('',*,*,#15057,.F.);
#15057 = EDGE_CURVE('',#14966,#15006,#15058,.T.);
#15058 = LINE('',#15059,#15060);
#15059 = CARTESIAN_POINT('',(313.,600.,1.5E+03));
#15060 = VECTOR('',#15061,1.);
#15061 = DIRECTION('',(1.,0.,0.));
#15062 = ORIENTED_EDGE('',*,*,#14973,.T.);
#15063 = ORIENTED_EDGE('',*,*,#15064,.T.);
#15064 = EDGE_CURVE('',#14974,#15014,#15065,.T.);
#15065 = LINE('',#15066,#15067);
#15066 = CARTESIAN_POINT('',(313.,600.,1.59E+03));
#15067 = VECTOR('',#15068,1.);
#15068 = DIRECTION('',(1.,0.,0.));
#15069 = ORIENTED_EDGE('',*,*,#15013,.F.);
#15070 = PLANE('',#15071);
#15071 = AXIS2_PLACEMENT_3D('',#15072,#15073,#15074);
#15072 = CARTESIAN_POINT('',(313.,600.,1.5E+03));
#15073 = DIRECTION('',(0.,1.,0.));
#15074 = DIRECTION('',(0.,0.,1.));
#15075 = ADVANCED_FACE('',(#15076),#15082,.F.);
#15076 = FACE_BOUND('',#15077,.F.);
#15077 = EDGE_LOOP('',(#15078,#15079,#15080,#15081));
#15078 = ORIENTED_EDGE('',*,*,#14965,.F.);
#15079 = ORIENTED_EDGE('',*,*,#15035,.T.);
#15080 = ORIENTED_EDGE('',*,*,#15005,.T.);
#15081 = ORIENTED_EDGE('',*,*,#15057,.F.);
#15082 = PLANE('',#15083);
#15083 = AXIS2_PLACEMENT_3D('',#15084,#15085,#15086);
#15084 = CARTESIAN_POINT('',(313.,130.,1.5E+03));
#15085 = DIRECTION('',(0.,0.,1.));
#15086 = DIRECTION('',(1.,0.,0.));
#15087 = ADVANCED_FACE('',(#15088),#15094,.T.);
#15088 = FACE_BOUND('',#15089,.T.);
#15089 = EDGE_LOOP('',(#15090,#15091,#15092,#15093));
#15090 = ORIENTED_EDGE('',*,*,#14981,.F.);
#15091 = ORIENTED_EDGE('',*,*,#15042,.T.);
#15092 = ORIENTED_EDGE('',*,*,#15021,.T.);
#15093 = ORIENTED_EDGE('',*,*,#15064,.F.);
#15094 = PLANE('',#15095);
#15095 = AXIS2_PLACEMENT_3D('',#15096,#15097,#15098);
#15096 = CARTESIAN_POINT('',(313.,130.,1.59E+03));
#15097 = DIRECTION('',(0.,0.,1.));
#15098 = DIRECTION('',(1.,0.,0.));
#15099 = MANIFOLD_SOLID_BREP('',#15100);
#15100 = CLOSED_SHELL('',(#15101,#15141,#15181,#15203,#15225,#15237));
#15101 = ADVANCED_FACE('',(#15102),#15136,.F.);
#15102 = FACE_BOUND('',#15103,.F.);
#15103 = EDGE_LOOP('',(#15104,#15114,#15122,#15130));
#15104 = ORIENTED_EDGE('',*,*,#15105,.F.);
#15105 = EDGE_CURVE('',#15106,#15108,#15110,.T.);
#15106 = VERTEX_POINT('',#15107);
#15107 = CARTESIAN_POINT('',(903.,280.,1.5254E+03));
#15108 = VERTEX_POINT('',#15109);
#15109 = CARTESIAN_POINT('',(903.,280.,1.7836E+03));
#15110 = LINE('',#15111,#15112);
#15111 = CARTESIAN_POINT('',(903.,280.,1.5254E+03));
#15112 = VECTOR('',#15113,1.);
#15113 = DIRECTION('',(0.,0.,1.));
#15114 = ORIENTED_EDGE('',*,*,#15115,.T.);
#15115 = EDGE_CURVE('',#15106,#15116,#15118,.T.);
#15116 = VERTEX_POINT('',#15117);
#15117 = CARTESIAN_POINT('',(903.,600.,1.5254E+03));
#15118 = LINE('',#15119,#15120);
#15119 = CARTESIAN_POINT('',(903.,280.,1.5254E+03));
#15120 = VECTOR('',#15121,1.);
#15121 = DIRECTION('',(0.,1.,0.));
#15122 = ORIENTED_EDGE('',*,*,#15123,.T.);
#15123 = EDGE_CURVE('',#15116,#15124,#15126,.T.);
#15124 = VERTEX_POINT('',#15125);
#15125 = CARTESIAN_POINT('',(903.,600.,1.7836E+03));
#15126 = LINE('',#15127,#15128);
#15127 = CARTESIAN_POINT('',(903.,600.,1.5254E+03));
#15128 = VECTOR('',#15129,1.);
#15129 = DIRECTION('',(0.,0.,1.));
#15130 = ORIENTED_EDGE('',*,*,#15131,.F.);
#15131 = EDGE_CURVE('',#15108,#15124,#15132,.T.);
#15132 = LINE('',#15133,#15134);
#15133 = CARTESIAN_POINT('',(903.,280.,1.7836E+03));
#15134 = VECTOR('',#15135,1.);
#15135 = DIRECTION('',(0.,1.,0.));
#15136 = PLANE('',#15137);
#15137 = AXIS2_PLACEMENT_3D('',#15138,#15139,#15140);
#15138 = CARTESIAN_POINT('',(903.,280.,1.5254E+03));
#15139 = DIRECTION('',(1.,0.,0.));
#15140 = DIRECTION('',(0.,0.,1.));
#15141 = ADVANCED_FACE('',(#15142),#15176,.T.);
#15142 = FACE_BOUND('',#15143,.T.);
#15143 = EDGE_LOOP('',(#15144,#15154,#15162,#15170));
#15144 = ORIENTED_EDGE('',*,*,#15145,.F.);
#15145 = EDGE_CURVE('',#15146,#15148,#15150,.T.);
#15146 = VERTEX_POINT('',#15147);
#15147 = CARTESIAN_POINT('',(928.4,280.,1.5254E+03));
#15148 = VERTEX_POINT('',#15149);
#15149 = CARTESIAN_POINT('',(928.4,280.,1.7836E+03));
#15150 = LINE('',#15151,#15152);
#15151 = CARTESIAN_POINT('',(928.4,280.,1.5254E+03));
#15152 = VECTOR('',#15153,1.);
#15153 = DIRECTION('',(0.,0.,1.));
#15154 = ORIENTED_EDGE('',*,*,#15155,.T.);
#15155 = EDGE_CURVE('',#15146,#15156,#15158,.T.);
#15156 = VERTEX_POINT('',#15157);
#15157 = CARTESIAN_POINT('',(928.4,600.,1.5254E+03));
#15158 = LINE('',#15159,#15160);
#15159 = CARTESIAN_POINT('',(928.4,280.,1.5254E+03));
#15160 = VECTOR('',#15161,1.);
#15161 = DIRECTION('',(0.,1.,0.));
#15162 = ORIENTED_EDGE('',*,*,#15163,.T.);
#15163 = EDGE_CURVE('',#15156,#15164,#15166,.T.);
#15164 = VERTEX_POINT('',#15165);
#15165 = CARTESIAN_POINT('',(928.4,600.,1.7836E+03));
#15166 = LINE('',#15167,#15168);
#15167 = CARTESIAN_POINT('',(928.4,600.,1.5254E+03));
#15168 = VECTOR('',#15169,1.);
#15169 = DIRECTION('',(0.,0.,1.));
#15170 = ORIENTED_EDGE('',*,*,#15171,.F.);
#15171 = EDGE_CURVE('',#15148,#15164,#15172,.T.);
#15172 = LINE('',#15173,#15174);
#15173 = CARTESIAN_POINT('',(928.4,280.,1.7836E+03));
#15174 = VECTOR('',#15175,1.);
#15175 = DIRECTION('',(0.,1.,0.));
#15176 = PLANE('',#15177);
#15177 = AXIS2_PLACEMENT_3D('',#15178,#15179,#15180);
#15178 = CARTESIAN_POINT('',(928.4,280.,1.5254E+03));
#15179 = DIRECTION('',(1.,0.,0.));
#15180 = DIRECTION('',(0.,0.,1.));
#15181 = ADVANCED_FACE('',(#15182),#15198,.F.);
#15182 = FACE_BOUND('',#15183,.F.);
#15183 = EDGE_LOOP('',(#15184,#15190,#15191,#15197));
#15184 = ORIENTED_EDGE('',*,*,#15185,.F.);
#15185 = EDGE_CURVE('',#15106,#15146,#15186,.T.);
#15186 = LINE('',#15187,#15188);
#15187 = CARTESIAN_POINT('',(903.,280.,1.5254E+03));
#15188 = VECTOR('',#15189,1.);
#15189 = DIRECTION('',(1.,0.,0.));
#15190 = ORIENTED_EDGE('',*,*,#15105,.T.);
#15191 = ORIENTED_EDGE('',*,*,#15192,.T.);
#15192 = EDGE_CURVE('',#15108,#15148,#15193,.T.);
#15193 = LINE('',#15194,#15195);
#15194 = CARTESIAN_POINT('',(903.,280.,1.7836E+03));
#15195 = VECTOR('',#15196,1.);
#15196 = DIRECTION('',(1.,0.,0.));
#15197 = ORIENTED_EDGE('',*,*,#15145,.F.);
#15198 = PLANE('',#15199);
#15199 = AXIS2_PLACEMENT_3D('',#15200,#15201,#15202);
#15200 = CARTESIAN_POINT('',(903.,280.,1.5254E+03));
#15201 = DIRECTION('',(0.,1.,0.));
#15202 = DIRECTION('',(0.,0.,1.));
#15203 = ADVANCED_FACE('',(#15204),#15220,.T.);
#15204 = FACE_BOUND('',#15205,.T.);
#15205 = EDGE_LOOP('',(#15206,#15212,#15213,#15219));
#15206 = ORIENTED_EDGE('',*,*,#15207,.F.);
#15207 = EDGE_CURVE('',#15116,#15156,#15208,.T.);
#15208 = LINE('',#15209,#15210);
#15209 = CARTESIAN_POINT('',(903.,600.,1.5254E+03));
#15210 = VECTOR('',#15211,1.);
#15211 = DIRECTION('',(1.,0.,0.));
#15212 = ORIENTED_EDGE('',*,*,#15123,.T.);
#15213 = ORIENTED_EDGE('',*,*,#15214,.T.);
#15214 = EDGE_CURVE('',#15124,#15164,#15215,.T.);
#15215 = LINE('',#15216,#15217);
#15216 = CARTESIAN_POINT('',(903.,600.,1.7836E+03));
#15217 = VECTOR('',#15218,1.);
#15218 = DIRECTION('',(1.,0.,0.));
#15219 = ORIENTED_EDGE('',*,*,#15163,.F.);
#15220 = PLANE('',#15221);
#15221 = AXIS2_PLACEMENT_3D('',#15222,#15223,#15224);
#15222 = CARTESIAN_POINT('',(903.,600.,1.5254E+03));
#15223 = DIRECTION('',(0.,1.,0.));
#15224 = DIRECTION('',(0.,0.,1.));
#15225 = ADVANCED_FACE('',(#15226),#15232,.F.);
#15226 = FACE_BOUND('',#15227,.F.);
#15227 = EDGE_LOOP('',(#15228,#15229,#15230,#15231));
#15228 = ORIENTED_EDGE('',*,*,#15115,.F.);
#15229 = ORIENTED_EDGE('',*,*,#15185,.T.);
#15230 = ORIENTED_EDGE('',*,*,#15155,.T.);
#15231 = ORIENTED_EDGE('',*,*,#15207,.F.);
#15232 = PLANE('',#15233);
#15233 = AXIS2_PLACEMENT_3D('',#15234,#15235,#15236);
#15234 = CARTESIAN_POINT('',(903.,280.,1.5254E+03));
#15235 = DIRECTION('',(0.,0.,1.));
#15236 = DIRECTION('',(1.,0.,0.));
#15237 = ADVANCED_FACE('',(#15238),#15244,.T.);
#15238 = FACE_BOUND('',#15239,.T.);
#15239 = EDGE_LOOP('',(#15240,#15241,#15242,#15243));
#15240 = ORIENTED_EDGE('',*,*,#15131,.F.);
#15241 = ORIENTED_EDGE('',*,*,#15192,.T.);
#15242 = ORIENTED_EDGE('',*,*,#15171,.T.);
#15243 = ORIENTED_EDGE('',*,*,#15214,.F.);
#15244 = PLANE('',#15245);
#15245 = AXIS2_PLACEMENT_3D('',#15246,#15247,#15248);
#15246 = CARTESIAN_POINT('',(903.,280.,1.7836E+03));
#15247 = DIRECTION('',(0.,0.,1.));
#15248 = DIRECTION('',(1.,0.,0.));
#15249 = MANIFOLD_SOLID_BREP('',#15250);
#15250 = CLOSED_SHELL('',(#15251,#15291,#15331,#15353,#15375,#15387));
#15251 = ADVANCED_FACE('',(#15252),#15286,.F.);
#15252 = FACE_BOUND('',#15253,.F.);
#15253 = EDGE_LOOP('',(#15254,#15264,#15272,#15280));
#15254 = ORIENTED_EDGE('',*,*,#15255,.F.);
#15255 = EDGE_CURVE('',#15256,#15258,#15260,.T.);
#15256 = VERTEX_POINT('',#15257);
#15257 = CARTESIAN_POINT('',(2.2326E+03,280.,1.5254E+03));
#15258 = VERTEX_POINT('',#15259);
#15259 = CARTESIAN_POINT('',(2.2326E+03,280.,1.7836E+03));
#15260 = LINE('',#15261,#15262);
#15261 = CARTESIAN_POINT('',(2.2326E+03,280.,1.5254E+03));
#15262 = VECTOR('',#15263,1.);
#15263 = DIRECTION('',(0.,0.,1.));
#15264 = ORIENTED_EDGE('',*,*,#15265,.T.);
#15265 = EDGE_CURVE('',#15256,#15266,#15268,.T.);
#15266 = VERTEX_POINT('',#15267);
#15267 = CARTESIAN_POINT('',(2.2326E+03,600.,1.5254E+03));
#15268 = LINE('',#15269,#15270);
#15269 = CARTESIAN_POINT('',(2.2326E+03,280.,1.5254E+03));
#15270 = VECTOR('',#15271,1.);
#15271 = DIRECTION('',(0.,1.,0.));
#15272 = ORIENTED_EDGE('',*,*,#15273,.T.);
#15273 = EDGE_CURVE('',#15266,#15274,#15276,.T.);
#15274 = VERTEX_POINT('',#15275);
#15275 = CARTESIAN_POINT('',(2.2326E+03,600.,1.7836E+03));
#15276 = LINE('',#15277,#15278);
#15277 = CARTESIAN_POINT('',(2.2326E+03,600.,1.5254E+03));
#15278 = VECTOR('',#15279,1.);
#15279 = DIRECTION('',(0.,0.,1.));
#15280 = ORIENTED_EDGE('',*,*,#15281,.F.);
#15281 = EDGE_CURVE('',#15258,#15274,#15282,.T.);
#15282 = LINE('',#15283,#15284);
#15283 = CARTESIAN_POINT('',(2.2326E+03,280.,1.7836E+03));
#15284 = VECTOR('',#15285,1.);
#15285 = DIRECTION('',(0.,1.,0.));
#15286 = PLANE('',#15287);
#15287 = AXIS2_PLACEMENT_3D('',#15288,#15289,#15290);
#15288 = CARTESIAN_POINT('',(2.2326E+03,280.,1.5254E+03));
#15289 = DIRECTION('',(1.,0.,0.));
#15290 = DIRECTION('',(0.,0.,1.));
#15291 = ADVANCED_FACE('',(#15292),#15326,.T.);
#15292 = FACE_BOUND('',#15293,.T.);
#15293 = EDGE_LOOP('',(#15294,#15304,#15312,#15320));
#15294 = ORIENTED_EDGE('',*,*,#15295,.F.);
#15295 = EDGE_CURVE('',#15296,#15298,#15300,.T.);
#15296 = VERTEX_POINT('',#15297);
#15297 = CARTESIAN_POINT('',(2.258E+03,280.,1.5254E+03));
#15298 = VERTEX_POINT('',#15299);
#15299 = CARTESIAN_POINT('',(2.258E+03,280.,1.7836E+03));
#15300 = LINE('',#15301,#15302);
#15301 = CARTESIAN_POINT('',(2.258E+03,280.,1.5254E+03));
#15302 = VECTOR('',#15303,1.);
#15303 = DIRECTION('',(0.,0.,1.));
#15304 = ORIENTED_EDGE('',*,*,#15305,.T.);
#15305 = EDGE_CURVE('',#15296,#15306,#15308,.T.);
#15306 = VERTEX_POINT('',#15307);
#15307 = CARTESIAN_POINT('',(2.258E+03,600.,1.5254E+03));
#15308 = LINE('',#15309,#15310);
#15309 = CARTESIAN_POINT('',(2.258E+03,280.,1.5254E+03));
#15310 = VECTOR('',#15311,1.);
#15311 = DIRECTION('',(0.,1.,0.));
#15312 = ORIENTED_EDGE('',*,*,#15313,.T.);
#15313 = EDGE_CURVE('',#15306,#15314,#15316,.T.);
#15314 = VERTEX_POINT('',#15315);
#15315 = CARTESIAN_POINT('',(2.258E+03,600.,1.7836E+03));
#15316 = LINE('',#15317,#15318);
#15317 = CARTESIAN_POINT('',(2.258E+03,600.,1.5254E+03));
#15318 = VECTOR('',#15319,1.);
#15319 = DIRECTION('',(0.,0.,1.));
#15320 = ORIENTED_EDGE('',*,*,#15321,.F.);
#15321 = EDGE_CURVE('',#15298,#15314,#15322,.T.);
#15322 = LINE('',#15323,#15324);
#15323 = CARTESIAN_POINT('',(2.258E+03,280.,1.7836E+03));
#15324 = VECTOR('',#15325,1.);
#15325 = DIRECTION('',(0.,1.,0.));
#15326 = PLANE('',#15327);
#15327 = AXIS2_PLACEMENT_3D('',#15328,#15329,#15330);
#15328 = CARTESIAN_POINT('',(2.258E+03,280.,1.5254E+03));
#15329 = DIRECTION('',(1.,0.,0.));
#15330 = DIRECTION('',(0.,0.,1.));
#15331 = ADVANCED_FACE('',(#15332),#15348,.F.);
#15332 = FACE_BOUND('',#15333,.F.);
#15333 = EDGE_LOOP('',(#15334,#15340,#15341,#15347));
#15334 = ORIENTED_EDGE('',*,*,#15335,.F.);
#15335 = EDGE_CURVE('',#15256,#15296,#15336,.T.);
#15336 = LINE('',#15337,#15338);
#15337 = CARTESIAN_POINT('',(2.2326E+03,280.,1.5254E+03));
#15338 = VECTOR('',#15339,1.);
#15339 = DIRECTION('',(1.,0.,0.));
#15340 = ORIENTED_EDGE('',*,*,#15255,.T.);
#15341 = ORIENTED_EDGE('',*,*,#15342,.T.);
#15342 = EDGE_CURVE('',#15258,#15298,#15343,.T.);
#15343 = LINE('',#15344,#15345);
#15344 = CARTESIAN_POINT('',(2.2326E+03,280.,1.7836E+03));
#15345 = VECTOR('',#15346,1.);
#15346 = DIRECTION('',(1.,0.,0.));
#15347 = ORIENTED_EDGE('',*,*,#15295,.F.);
#15348 = PLANE('',#15349);
#15349 = AXIS2_PLACEMENT_3D('',#15350,#15351,#15352);
#15350 = CARTESIAN_POINT('',(2.2326E+03,280.,1.5254E+03));
#15351 = DIRECTION('',(0.,1.,0.));
#15352 = DIRECTION('',(0.,0.,1.));
#15353 = ADVANCED_FACE('',(#15354),#15370,.T.);
#15354 = FACE_BOUND('',#15355,.T.);
#15355 = EDGE_LOOP('',(#15356,#15362,#15363,#15369));
#15356 = ORIENTED_EDGE('',*,*,#15357,.F.);
#15357 = EDGE_CURVE('',#15266,#15306,#15358,.T.);
#15358 = LINE('',#15359,#15360);
#15359 = CARTESIAN_POINT('',(2.2326E+03,600.,1.5254E+03));
#15360 = VECTOR('',#15361,1.);
#15361 = DIRECTION('',(1.,0.,0.));
#15362 = ORIENTED_EDGE('',*,*,#15273,.T.);
#15363 = ORIENTED_EDGE('',*,*,#15364,.T.);
#15364 = EDGE_CURVE('',#15274,#15314,#15365,.T.);
#15365 = LINE('',#15366,#15367);
#15366 = CARTESIAN_POINT('',(2.2326E+03,600.,1.7836E+03));
#15367 = VECTOR('',#15368,1.);
#15368 = DIRECTION('',(1.,0.,0.));
#15369 = ORIENTED_EDGE('',*,*,#15313,.F.);
#15370 = PLANE('',#15371);
#15371 = AXIS2_PLACEMENT_3D('',#15372,#15373,#15374);
#15372 = CARTESIAN_POINT('',(2.2326E+03,600.,1.5254E+03));
#15373 = DIRECTION('',(0.,1.,0.));
#15374 = DIRECTION('',(0.,0.,1.));
#15375 = ADVANCED_FACE('',(#15376),#15382,.F.);
#15376 = FACE_BOUND('',#15377,.F.);
#15377 = EDGE_LOOP('',(#15378,#15379,#15380,#15381));
#15378 = ORIENTED_EDGE('',*,*,#15265,.F.);
#15379 = ORIENTED_EDGE('',*,*,#15335,.T.);
#15380 = ORIENTED_EDGE('',*,*,#15305,.T.);
#15381 = ORIENTED_EDGE('',*,*,#15357,.F.);
#15382 = PLANE('',#15383);
#15383 = AXIS2_PLACEMENT_3D('',#15384,#15385,#15386);
#15384 = CARTESIAN_POINT('',(2.2326E+03,280.,1.5254E+03));
#15385 = DIRECTION('',(0.,0.,1.));
#15386 = DIRECTION('',(1.,0.,0.));
#15387 = ADVANCED_FACE('',(#15388),#15394,.T.);
#15388 = FACE_BOUND('',#15389,.T.);
#15389 = EDGE_LOOP('',(#15390,#15391,#15392,#15393));
#15390 = ORIENTED_EDGE('',*,*,#15281,.F.);
#15391 = ORIENTED_EDGE('',*,*,#15342,.T.);
#15392 = ORIENTED_EDGE('',*,*,#15321,.T.);
#15393 = ORIENTED_EDGE('',*,*,#15364,.F.);
#15394 = PLANE('',#15395);
#15395 = AXIS2_PLACEMENT_3D('',#15396,#15397,#15398);
#15396 = CARTESIAN_POINT('',(2.2326E+03,280.,1.7836E+03));
#15397 = DIRECTION('',(0.,0.,1.));
#15398 = DIRECTION('',(1.,0.,0.));
#15399 = MANIFOLD_SOLID_BREP('',#15400);
#15400 = CLOSED_SHELL('',(#15401,#15441,#15481,#15503,#15525,#15537));
#15401 = ADVANCED_FACE('',(#15402),#15436,.F.);
#15402 = FACE_BOUND('',#15403,.F.);
#15403 = EDGE_LOOP('',(#15404,#15414,#15422,#15430));
#15404 = ORIENTED_EDGE('',*,*,#15405,.F.);
#15405 = EDGE_CURVE('',#15406,#15408,#15410,.T.);
#15406 = VERTEX_POINT('',#15407);
#15407 = CARTESIAN_POINT('',(903.,280.,1.5E+03));
#15408 = VERTEX_POINT('',#15409);
#15409 = CARTESIAN_POINT('',(903.,280.,1.5254E+03));
#15410 = LINE('',#15411,#15412);
#15411 = CARTESIAN_POINT('',(903.,280.,1.5E+03));
#15412 = VECTOR('',#15413,1.);
#15413 = DIRECTION('',(0.,0.,1.));
#15414 = ORIENTED_EDGE('',*,*,#15415,.T.);
#15415 = EDGE_CURVE('',#15406,#15416,#15418,.T.);
#15416 = VERTEX_POINT('',#15417);
#15417 = CARTESIAN_POINT('',(903.,600.,1.5E+03));
#15418 = LINE('',#15419,#15420);
#15419 = CARTESIAN_POINT('',(903.,280.,1.5E+03));
#15420 = VECTOR('',#15421,1.);
#15421 = DIRECTION('',(0.,1.,0.));
#15422 = ORIENTED_EDGE('',*,*,#15423,.T.);
#15423 = EDGE_CURVE('',#15416,#15424,#15426,.T.);
#15424 = VERTEX_POINT('',#15425);
#15425 = CARTESIAN_POINT('',(903.,600.,1.5254E+03));
#15426 = LINE('',#15427,#15428);
#15427 = CARTESIAN_POINT('',(903.,600.,1.5E+03));
#15428 = VECTOR('',#15429,1.);
#15429 = DIRECTION('',(0.,0.,1.));
#15430 = ORIENTED_EDGE('',*,*,#15431,.F.);
#15431 = EDGE_CURVE('',#15408,#15424,#15432,.T.);
#15432 = LINE('',#15433,#15434);
#15433 = CARTESIAN_POINT('',(903.,280.,1.5254E+03));
#15434 = VECTOR('',#15435,1.);
#15435 = DIRECTION('',(0.,1.,0.));
#15436 = PLANE('',#15437);
#15437 = AXIS2_PLACEMENT_3D('',#15438,#15439,#15440);
#15438 = CARTESIAN_POINT('',(903.,280.,1.5E+03));
#15439 = DIRECTION('',(1.,0.,0.));
#15440 = DIRECTION('',(0.,0.,1.));
#15441 = ADVANCED_FACE('',(#15442),#15476,.T.);
#15442 = FACE_BOUND('',#15443,.T.);
#15443 = EDGE_LOOP('',(#15444,#15454,#15462,#15470));
#15444 = ORIENTED_EDGE('',*,*,#15445,.F.);
#15445 = EDGE_CURVE('',#15446,#15448,#15450,.T.);
#15446 = VERTEX_POINT('',#15447);
#15447 = CARTESIAN_POINT('',(2.258E+03,280.,1.5E+03));
#15448 = VERTEX_POINT('',#15449);
#15449 = CARTESIAN_POINT('',(2.258E+03,280.,1.5254E+03));
#15450 = LINE('',#15451,#15452);
#15451 = CARTESIAN_POINT('',(2.258E+03,280.,1.5E+03));
#15452 = VECTOR('',#15453,1.);
#15453 = DIRECTION('',(0.,0.,1.));
#15454 = ORIENTED_EDGE('',*,*,#15455,.T.);
#15455 = EDGE_CURVE('',#15446,#15456,#15458,.T.);
#15456 = VERTEX_POINT('',#15457);
#15457 = CARTESIAN_POINT('',(2.258E+03,600.,1.5E+03));
#15458 = LINE('',#15459,#15460);
#15459 = CARTESIAN_POINT('',(2.258E+03,280.,1.5E+03));
#15460 = VECTOR('',#15461,1.);
#15461 = DIRECTION('',(0.,1.,0.));
#15462 = ORIENTED_EDGE('',*,*,#15463,.T.);
#15463 = EDGE_CURVE('',#15456,#15464,#15466,.T.);
#15464 = VERTEX_POINT('',#15465);
#15465 = CARTESIAN_POINT('',(2.258E+03,600.,1.5254E+03));
#15466 = LINE('',#15467,#15468);
#15467 = CARTESIAN_POINT('',(2.258E+03,600.,1.5E+03));
#15468 = VECTOR('',#15469,1.);
#15469 = DIRECTION('',(0.,0.,1.));
#15470 = ORIENTED_EDGE('',*,*,#15471,.F.);
#15471 = EDGE_CURVE('',#15448,#15464,#15472,.T.);
#15472 = LINE('',#15473,#15474);
#15473 = CARTESIAN_POINT('',(2.258E+03,280.,1.5254E+03));
#15474 = VECTOR('',#15475,1.);
#15475 = DIRECTION('',(0.,1.,0.));
#15476 = PLANE('',#15477);
#15477 = AXIS2_PLACEMENT_3D('',#15478,#15479,#15480);
#15478 = CARTESIAN_POINT('',(2.258E+03,280.,1.5E+03));
#15479 = DIRECTION('',(1.,0.,0.));
#15480 = DIRECTION('',(0.,0.,1.));
#15481 = ADVANCED_FACE('',(#15482),#15498,.F.);
#15482 = FACE_BOUND('',#15483,.F.);
#15483 = EDGE_LOOP('',(#15484,#15490,#15491,#15497));
#15484 = ORIENTED_EDGE('',*,*,#15485,.F.);
#15485 = EDGE_CURVE('',#15406,#15446,#15486,.T.);
#15486 = LINE('',#15487,#15488);
#15487 = CARTESIAN_POINT('',(903.,280.,1.5E+03));
#15488 = VECTOR('',#15489,1.);
#15489 = DIRECTION('',(1.,0.,0.));
#15490 = ORIENTED_EDGE('',*,*,#15405,.T.);
#15491 = ORIENTED_EDGE('',*,*,#15492,.T.);
#15492 = EDGE_CURVE('',#15408,#15448,#15493,.T.);
#15493 = LINE('',#15494,#15495);
#15494 = CARTESIAN_POINT('',(903.,280.,1.5254E+03));
#15495 = VECTOR('',#15496,1.);
#15496 = DIRECTION('',(1.,0.,0.));
#15497 = ORIENTED_EDGE('',*,*,#15445,.F.);
#15498 = PLANE('',#15499);
#15499 = AXIS2_PLACEMENT_3D('',#15500,#15501,#15502);
#15500 = CARTESIAN_POINT('',(903.,280.,1.5E+03));
#15501 = DIRECTION('',(0.,1.,0.));
#15502 = DIRECTION('',(0.,0.,1.));
#15503 = ADVANCED_FACE('',(#15504),#15520,.T.);
#15504 = FACE_BOUND('',#15505,.T.);
#15505 = EDGE_LOOP('',(#15506,#15512,#15513,#15519));
#15506 = ORIENTED_EDGE('',*,*,#15507,.F.);
#15507 = EDGE_CURVE('',#15416,#15456,#15508,.T.);
#15508 = LINE('',#15509,#15510);
#15509 = CARTESIAN_POINT('',(903.,600.,1.5E+03));
#15510 = VECTOR('',#15511,1.);
#15511 = DIRECTION('',(1.,0.,0.));
#15512 = ORIENTED_EDGE('',*,*,#15423,.T.);
#15513 = ORIENTED_EDGE('',*,*,#15514,.T.);
#15514 = EDGE_CURVE('',#15424,#15464,#15515,.T.);
#15515 = LINE('',#15516,#15517);
#15516 = CARTESIAN_POINT('',(903.,600.,1.5254E+03));
#15517 = VECTOR('',#15518,1.);
#15518 = DIRECTION('',(1.,0.,0.));
#15519 = ORIENTED_EDGE('',*,*,#15463,.F.);
#15520 = PLANE('',#15521);
#15521 = AXIS2_PLACEMENT_3D('',#15522,#15523,#15524);
#15522 = CARTESIAN_POINT('',(903.,600.,1.5E+03));
#15523 = DIRECTION('',(0.,1.,0.));
#15524 = DIRECTION('',(0.,0.,1.));
#15525 = ADVANCED_FACE('',(#15526),#15532,.F.);
#15526 = FACE_BOUND('',#15527,.F.);
#15527 = EDGE_LOOP('',(#15528,#15529,#15530,#15531));
#15528 = ORIENTED_EDGE('',*,*,#15415,.F.);
#15529 = ORIENTED_EDGE('',*,*,#15485,.T.);
#15530 = ORIENTED_EDGE('',*,*,#15455,.T.);
#15531 = ORIENTED_EDGE('',*,*,#15507,.F.);
#15532 = PLANE('',#15533);
#15533 = AXIS2_PLACEMENT_3D('',#15534,#15535,#15536);
#15534 = CARTESIAN_POINT('',(903.,280.,1.5E+03));
#15535 = DIRECTION('',(0.,0.,1.));
#15536 = DIRECTION('',(1.,0.,0.));
#15537 = ADVANCED_FACE('',(#15538),#15544,.T.);
#15538 = FACE_BOUND('',#15539,.T.);
#15539 = EDGE_LOOP('',(#15540,#15541,#15542,#15543));
#15540 = ORIENTED_EDGE('',*,*,#15431,.F.);
#15541 = ORIENTED_EDGE('',*,*,#15492,.T.);
#15542 = ORIENTED_EDGE('',*,*,#15471,.T.);
#15543 = ORIENTED_EDGE('',*,*,#15514,.F.);
#15544 = PLANE('',#15545);
#15545 = AXIS2_PLACEMENT_3D('',#15546,#15547,#15548);
#15546 = CARTESIAN_POINT('',(903.,280.,1.5254E+03));
#15547 = DIRECTION('',(0.,0.,1.));
#15548 = DIRECTION('',(1.,0.,0.));
#15549 = MANIFOLD_SOLID_BREP('',#15550);
#15550 = CLOSED_SHELL('',(#15551,#15591,#15631,#15653,#15675,#15687));
#15551 = ADVANCED_FACE('',(#15552),#15586,.F.);
#15552 = FACE_BOUND('',#15553,.F.);
#15553 = EDGE_LOOP('',(#15554,#15564,#15572,#15580));
#15554 = ORIENTED_EDGE('',*,*,#15555,.F.);
#15555 = EDGE_CURVE('',#15556,#15558,#15560,.T.);
#15556 = VERTEX_POINT('',#15557);
#15557 = CARTESIAN_POINT('',(903.,280.,1.7836E+03));
#15558 = VERTEX_POINT('',#15559);
#15559 = CARTESIAN_POINT('',(903.,280.,1.809E+03));
#15560 = LINE('',#15561,#15562);
#15561 = CARTESIAN_POINT('',(903.,280.,1.7836E+03));
#15562 = VECTOR('',#15563,1.);
#15563 = DIRECTION('',(0.,0.,1.));
#15564 = ORIENTED_EDGE('',*,*,#15565,.T.);
#15565 = EDGE_CURVE('',#15556,#15566,#15568,.T.);
#15566 = VERTEX_POINT('',#15567);
#15567 = CARTESIAN_POINT('',(903.,600.,1.7836E+03));
#15568 = LINE('',#15569,#15570);
#15569 = CARTESIAN_POINT('',(903.,280.,1.7836E+03));
#15570 = VECTOR('',#15571,1.);
#15571 = DIRECTION('',(0.,1.,0.));
#15572 = ORIENTED_EDGE('',*,*,#15573,.T.);
#15573 = EDGE_CURVE('',#15566,#15574,#15576,.T.);
#15574 = VERTEX_POINT('',#15575);
#15575 = CARTESIAN_POINT('',(903.,600.,1.809E+03));
#15576 = LINE('',#15577,#15578);
#15577 = CARTESIAN_POINT('',(903.,600.,1.7836E+03));
#15578 = VECTOR('',#15579,1.);
#15579 = DIRECTION('',(0.,0.,1.));
#15580 = ORIENTED_EDGE('',*,*,#15581,.F.);
#15581 = EDGE_CURVE('',#15558,#15574,#15582,.T.);
#15582 = LINE('',#15583,#15584);
#15583 = CARTESIAN_POINT('',(903.,280.,1.809E+03));
#15584 = VECTOR('',#15585,1.);
#15585 = DIRECTION('',(0.,1.,0.));
#15586 = PLANE('',#15587);
#15587 = AXIS2_PLACEMENT_3D('',#15588,#15589,#15590);
#15588 = CARTESIAN_POINT('',(903.,280.,1.7836E+03));
#15589 = DIRECTION('',(1.,0.,0.));
#15590 = DIRECTION('',(0.,0.,1.));
#15591 = ADVANCED_FACE('',(#15592),#15626,.T.);
#15592 = FACE_BOUND('',#15593,.T.);
#15593 = EDGE_LOOP('',(#15594,#15604,#15612,#15620));
#15594 = ORIENTED_EDGE('',*,*,#15595,.F.);
#15595 = EDGE_CURVE('',#15596,#15598,#15600,.T.);
#15596 = VERTEX_POINT('',#15597);
#15597 = CARTESIAN_POINT('',(2.258E+03,280.,1.7836E+03));
#15598 = VERTEX_POINT('',#15599);
#15599 = CARTESIAN_POINT('',(2.258E+03,280.,1.809E+03));
#15600 = LINE('',#15601,#15602);
#15601 = CARTESIAN_POINT('',(2.258E+03,280.,1.7836E+03));
#15602 = VECTOR('',#15603,1.);
#15603 = DIRECTION('',(0.,0.,1.));
#15604 = ORIENTED_EDGE('',*,*,#15605,.T.);
#15605 = EDGE_CURVE('',#15596,#15606,#15608,.T.);
#15606 = VERTEX_POINT('',#15607);
#15607 = CARTESIAN_POINT('',(2.258E+03,600.,1.7836E+03));
#15608 = LINE('',#15609,#15610);
#15609 = CARTESIAN_POINT('',(2.258E+03,280.,1.7836E+03));
#15610 = VECTOR('',#15611,1.);
#15611 = DIRECTION('',(0.,1.,0.));
#15612 = ORIENTED_EDGE('',*,*,#15613,.T.);
#15613 = EDGE_CURVE('',#15606,#15614,#15616,.T.);
#15614 = VERTEX_POINT('',#15615);
#15615 = CARTESIAN_POINT('',(2.258E+03,600.,1.809E+03));
#15616 = LINE('',#15617,#15618);
#15617 = CARTESIAN_POINT('',(2.258E+03,600.,1.7836E+03));
#15618 = VECTOR('',#15619,1.);
#15619 = DIRECTION('',(0.,0.,1.));
#15620 = ORIENTED_EDGE('',*,*,#15621,.F.);
#15621 = EDGE_CURVE('',#15598,#15614,#15622,.T.);
#15622 = LINE('',#15623,#15624);
#15623 = CARTESIAN_POINT('',(2.258E+03,280.,1.809E+03));
#15624 = VECTOR('',#15625,1.);
#15625 = DIRECTION('',(0.,1.,0.));
#15626 = PLANE('',#15627);
#15627 = AXIS2_PLACEMENT_3D('',#15628,#15629,#15630);
#15628 = CARTESIAN_POINT('',(2.258E+03,280.,1.7836E+03));
#15629 = DIRECTION('',(1.,0.,0.));
#15630 = DIRECTION('',(0.,0.,1.));
#15631 = ADVANCED_FACE('',(#15632),#15648,.F.);
#15632 = FACE_BOUND('',#15633,.F.);
#15633 = EDGE_LOOP('',(#15634,#15640,#15641,#15647));
#15634 = ORIENTED_EDGE('',*,*,#15635,.F.);
#15635 = EDGE_CURVE('',#15556,#15596,#15636,.T.);
#15636 = LINE('',#15637,#15638);
#15637 = CARTESIAN_POINT('',(903.,280.,1.7836E+03));
#15638 = VECTOR('',#15639,1.);
#15639 = DIRECTION('',(1.,0.,0.));
#15640 = ORIENTED_EDGE('',*,*,#15555,.T.);
#15641 = ORIENTED_EDGE('',*,*,#15642,.T.);
#15642 = EDGE_CURVE('',#15558,#15598,#15643,.T.);
#15643 = LINE('',#15644,#15645);
#15644 = CARTESIAN_POINT('',(903.,280.,1.809E+03));
#15645 = VECTOR('',#15646,1.);
#15646 = DIRECTION('',(1.,0.,0.));
#15647 = ORIENTED_EDGE('',*,*,#15595,.F.);
#15648 = PLANE('',#15649);
#15649 = AXIS2_PLACEMENT_3D('',#15650,#15651,#15652);
#15650 = CARTESIAN_POINT('',(903.,280.,1.7836E+03));
#15651 = DIRECTION('',(0.,1.,0.));
#15652 = DIRECTION('',(0.,0.,1.));
#15653 = ADVANCED_FACE('',(#15654),#15670,.T.);
#15654 = FACE_BOUND('',#15655,.T.);
#15655 = EDGE_LOOP('',(#15656,#15662,#15663,#15669));
#15656 = ORIENTED_EDGE('',*,*,#15657,.F.);
#15657 = EDGE_CURVE('',#15566,#15606,#15658,.T.);
#15658 = LINE('',#15659,#15660);
#15659 = CARTESIAN_POINT('',(903.,600.,1.7836E+03));
#15660 = VECTOR('',#15661,1.);
#15661 = DIRECTION('',(1.,0.,0.));
#15662 = ORIENTED_EDGE('',*,*,#15573,.T.);
#15663 = ORIENTED_EDGE('',*,*,#15664,.T.);
#15664 = EDGE_CURVE('',#15574,#15614,#15665,.T.);
#15665 = LINE('',#15666,#15667);
#15666 = CARTESIAN_POINT('',(903.,600.,1.809E+03));
#15667 = VECTOR('',#15668,1.);
#15668 = DIRECTION('',(1.,0.,0.));
#15669 = ORIENTED_EDGE('',*,*,#15613,.F.);
#15670 = PLANE('',#15671);
#15671 = AXIS2_PLACEMENT_3D('',#15672,#15673,#15674);
#15672 = CARTESIAN_POINT('',(903.,600.,1.7836E+03));
#15673 = DIRECTION('',(0.,1.,0.));
#15674 = DIRECTION('',(0.,0.,1.));
#15675 = ADVANCED_FACE('',(#15676),#15682,.F.);
#15676 = FACE_BOUND('',#15677,.F.);
#15677 = EDGE_LOOP('',(#15678,#15679,#15680,#15681));
#15678 = ORIENTED_EDGE('',*,*,#15565,.F.);
#15679 = ORIENTED_EDGE('',*,*,#15635,.T.);
#15680 = ORIENTED_EDGE('',*,*,#15605,.T.);
#15681 = ORIENTED_EDGE('',*,*,#15657,.F.);
#15682 = PLANE('',#15683);
#15683 = AXIS2_PLACEMENT_3D('',#15684,#15685,#15686);
#15684 = CARTESIAN_POINT('',(903.,280.,1.7836E+03));
#15685 = DIRECTION('',(0.,0.,1.));
#15686 = DIRECTION('',(1.,0.,0.));
#15687 = ADVANCED_FACE('',(#15688),#15694,.T.);
#15688 = FACE_BOUND('',#15689,.T.);
#15689 = EDGE_LOOP('',(#15690,#15691,#15692,#15693));
#15690 = ORIENTED_EDGE('',*,*,#15581,.F.);
#15691 = ORIENTED_EDGE('',*,*,#15642,.T.);
#15692 = ORIENTED_EDGE('',*,*,#15621,.T.);
#15693 = ORIENTED_EDGE('',*,*,#15664,.F.);
#15694 = PLANE('',#15695);
#15695 = AXIS2_PLACEMENT_3D('',#15696,#15697,#15698);
#15696 = CARTESIAN_POINT('',(903.,280.,1.809E+03));
#15697 = DIRECTION('',(0.,0.,1.));
#15698 = DIRECTION('',(1.,0.,0.));
#15699 = MANIFOLD_SOLID_BREP('',#15700);
#15700 = CLOSED_SHELL('',(#15701,#15741,#15781,#15803,#15825,#15837));
#15701 = ADVANCED_FACE('',(#15702),#15736,.F.);
#15702 = FACE_BOUND('',#15703,.F.);
#15703 = EDGE_LOOP('',(#15704,#15714,#15722,#15730));
#15704 = ORIENTED_EDGE('',*,*,#15705,.F.);
#15705 = EDGE_CURVE('',#15706,#15708,#15710,.T.);
#15706 = VERTEX_POINT('',#15707);
#15707 = CARTESIAN_POINT('',(928.4,582.,1.5254E+03));
#15708 = VERTEX_POINT('',#15709);
#15709 = CARTESIAN_POINT('',(928.4,582.,1.7836E+03));
#15710 = LINE('',#15711,#15712);
#15711 = CARTESIAN_POINT('',(928.4,582.,1.5254E+03));
#15712 = VECTOR('',#15713,1.);
#15713 = DIRECTION('',(0.,0.,1.));
#15714 = ORIENTED_EDGE('',*,*,#15715,.T.);
#15715 = EDGE_CURVE('',#15706,#15716,#15718,.T.);
#15716 = VERTEX_POINT('',#15717);
#15717 = CARTESIAN_POINT('',(928.4,600.,1.5254E+03));
#15718 = LINE('',#15719,#15720);
#15719 = CARTESIAN_POINT('',(928.4,582.,1.5254E+03));
#15720 = VECTOR('',#15721,1.);
#15721 = DIRECTION('',(0.,1.,0.));
#15722 = ORIENTED_EDGE('',*,*,#15723,.T.);
#15723 = EDGE_CURVE('',#15716,#15724,#15726,.T.);
#15724 = VERTEX_POINT('',#15725);
#15725 = CARTESIAN_POINT('',(928.4,600.,1.7836E+03));
#15726 = LINE('',#15727,#15728);
#15727 = CARTESIAN_POINT('',(928.4,600.,1.5254E+03));
#15728 = VECTOR('',#15729,1.);
#15729 = DIRECTION('',(0.,0.,1.));
#15730 = ORIENTED_EDGE('',*,*,#15731,.F.);
#15731 = EDGE_CURVE('',#15708,#15724,#15732,.T.);
#15732 = LINE('',#15733,#15734);
#15733 = CARTESIAN_POINT('',(928.4,582.,1.7836E+03));
#15734 = VECTOR('',#15735,1.);
#15735 = DIRECTION('',(0.,1.,0.));
#15736 = PLANE('',#15737);
#15737 = AXIS2_PLACEMENT_3D('',#15738,#15739,#15740);
#15738 = CARTESIAN_POINT('',(928.4,582.,1.5254E+03));
#15739 = DIRECTION('',(1.,0.,0.));
#15740 = DIRECTION('',(0.,0.,1.));
#15741 = ADVANCED_FACE('',(#15742),#15776,.T.);
#15742 = FACE_BOUND('',#15743,.T.);
#15743 = EDGE_LOOP('',(#15744,#15754,#15762,#15770));
#15744 = ORIENTED_EDGE('',*,*,#15745,.F.);
#15745 = EDGE_CURVE('',#15746,#15748,#15750,.T.);
#15746 = VERTEX_POINT('',#15747);
#15747 = CARTESIAN_POINT('',(2.2326E+03,582.,1.5254E+03));
#15748 = VERTEX_POINT('',#15749);
#15749 = CARTESIAN_POINT('',(2.2326E+03,582.,1.7836E+03));
#15750 = LINE('',#15751,#15752);
#15751 = CARTESIAN_POINT('',(2.2326E+03,582.,1.5254E+03));
#15752 = VECTOR('',#15753,1.);
#15753 = DIRECTION('',(0.,0.,1.));
#15754 = ORIENTED_EDGE('',*,*,#15755,.T.);
#15755 = EDGE_CURVE('',#15746,#15756,#15758,.T.);
#15756 = VERTEX_POINT('',#15757);
#15757 = CARTESIAN_POINT('',(2.2326E+03,600.,1.5254E+03));
#15758 = LINE('',#15759,#15760);
#15759 = CARTESIAN_POINT('',(2.2326E+03,582.,1.5254E+03));
#15760 = VECTOR('',#15761,1.);
#15761 = DIRECTION('',(0.,1.,0.));
#15762 = ORIENTED_EDGE('',*,*,#15763,.T.);
#15763 = EDGE_CURVE('',#15756,#15764,#15766,.T.);
#15764 = VERTEX_POINT('',#15765);
#15765 = CARTESIAN_POINT('',(2.2326E+03,600.,1.7836E+03));
#15766 = LINE('',#15767,#15768);
#15767 = CARTESIAN_POINT('',(2.2326E+03,600.,1.5254E+03));
#15768 = VECTOR('',#15769,1.);
#15769 = DIRECTION('',(0.,0.,1.));
#15770 = ORIENTED_EDGE('',*,*,#15771,.F.);
#15771 = EDGE_CURVE('',#15748,#15764,#15772,.T.);
#15772 = LINE('',#15773,#15774);
#15773 = CARTESIAN_POINT('',(2.2326E+03,582.,1.7836E+03));
#15774 = VECTOR('',#15775,1.);
#15775 = DIRECTION('',(0.,1.,0.));
#15776 = PLANE('',#15777);
#15777 = AXIS2_PLACEMENT_3D('',#15778,#15779,#15780);
#15778 = CARTESIAN_POINT('',(2.2326E+03,582.,1.5254E+03));
#15779 = DIRECTION('',(1.,0.,0.));
#15780 = DIRECTION('',(0.,0.,1.));
#15781 = ADVANCED_FACE('',(#15782),#15798,.F.);
#15782 = FACE_BOUND('',#15783,.F.);
#15783 = EDGE_LOOP('',(#15784,#15790,#15791,#15797));
#15784 = ORIENTED_EDGE('',*,*,#15785,.F.);
#15785 = EDGE_CURVE('',#15706,#15746,#15786,.T.);
#15786 = LINE('',#15787,#15788);
#15787 = CARTESIAN_POINT('',(928.4,582.,1.5254E+03));
#15788 = VECTOR('',#15789,1.);
#15789 = DIRECTION('',(1.,0.,0.));
#15790 = ORIENTED_EDGE('',*,*,#15705,.T.);
#15791 = ORIENTED_EDGE('',*,*,#15792,.T.);
#15792 = EDGE_CURVE('',#15708,#15748,#15793,.T.);
#15793 = LINE('',#15794,#15795);
#15794 = CARTESIAN_POINT('',(928.4,582.,1.7836E+03));
#15795 = VECTOR('',#15796,1.);
#15796 = DIRECTION('',(1.,0.,0.));
#15797 = ORIENTED_EDGE('',*,*,#15745,.F.);
#15798 = PLANE('',#15799);
#15799 = AXIS2_PLACEMENT_3D('',#15800,#15801,#15802);
#15800 = CARTESIAN_POINT('',(928.4,582.,1.5254E+03));
#15801 = DIRECTION('',(0.,1.,0.));
#15802 = DIRECTION('',(0.,0.,1.));
#15803 = ADVANCED_FACE('',(#15804),#15820,.T.);
#15804 = FACE_BOUND('',#15805,.T.);
#15805 = EDGE_LOOP('',(#15806,#15812,#15813,#15819));
#15806 = ORIENTED_EDGE('',*,*,#15807,.F.);
#15807 = EDGE_CURVE('',#15716,#15756,#15808,.T.);
#15808 = LINE('',#15809,#15810);
#15809 = CARTESIAN_POINT('',(928.4,600.,1.5254E+03));
#15810 = VECTOR('',#15811,1.);
#15811 = DIRECTION('',(1.,0.,0.));
#15812 = ORIENTED_EDGE('',*,*,#15723,.T.);
#15813 = ORIENTED_EDGE('',*,*,#15814,.T.);
#15814 = EDGE_CURVE('',#15724,#15764,#15815,.T.);
#15815 = LINE('',#15816,#15817);
#15816 = CARTESIAN_POINT('',(928.4,600.,1.7836E+03));
#15817 = VECTOR('',#15818,1.);
#15818 = DIRECTION('',(1.,0.,0.));
#15819 = ORIENTED_EDGE('',*,*,#15763,.F.);
#15820 = PLANE('',#15821);
#15821 = AXIS2_PLACEMENT_3D('',#15822,#15823,#15824);
#15822 = CARTESIAN_POINT('',(928.4,600.,1.5254E+03));
#15823 = DIRECTION('',(0.,1.,0.));
#15824 = DIRECTION('',(0.,0.,1.));
#15825 = ADVANCED_FACE('',(#15826),#15832,.F.);
#15826 = FACE_BOUND('',#15827,.F.);
#15827 = EDGE_LOOP('',(#15828,#15829,#15830,#15831));
#15828 = ORIENTED_EDGE('',*,*,#15715,.F.);
#15829 = ORIENTED_EDGE('',*,*,#15785,.T.);
#15830 = ORIENTED_EDGE('',*,*,#15755,.T.);
#15831 = ORIENTED_EDGE('',*,*,#15807,.F.);
#15832 = PLANE('',#15833);
#15833 = AXIS2_PLACEMENT_3D('',#15834,#15835,#15836);
#15834 = CARTESIAN_POINT('',(928.4,582.,1.5254E+03));
#15835 = DIRECTION('',(0.,0.,1.));
#15836 = DIRECTION('',(1.,0.,0.));
#15837 = ADVANCED_FACE('',(#15838),#15844,.T.);
#15838 = FACE_BOUND('',#15839,.T.);
#15839 = EDGE_LOOP('',(#15840,#15841,#15842,#15843));
#15840 = ORIENTED_EDGE('',*,*,#15731,.F.);
#15841 = ORIENTED_EDGE('',*,*,#15792,.T.);
#15842 = ORIENTED_EDGE('',*,*,#15771,.T.);
#15843 = ORIENTED_EDGE('',*,*,#15814,.F.);
#15844 = PLANE('',#15845);
#15845 = AXIS2_PLACEMENT_3D('',#15846,#15847,#15848);
#15846 = CARTESIAN_POINT('',(928.4,582.,1.7836E+03));
#15847 = DIRECTION('',(0.,0.,1.));
#15848 = DIRECTION('',(1.,0.,0.));
#15849 = MANIFOLD_SOLID_BREP('',#15850);
#15850 = CLOSED_SHELL('',(#15851,#15891,#15931,#15953,#15975,#15987));
#15851 = ADVANCED_FACE('',(#15852),#15886,.F.);
#15852 = FACE_BOUND('',#15853,.F.);
#15853 = EDGE_LOOP('',(#15854,#15864,#15872,#15880));
#15854 = ORIENTED_EDGE('',*,*,#15855,.F.);
#15855 = EDGE_CURVE('',#15856,#15858,#15860,.T.);
#15856 = VERTEX_POINT('',#15857);
#15857 = CARTESIAN_POINT('',(903.,280.,1.827E+03));
#15858 = VERTEX_POINT('',#15859);
#15859 = CARTESIAN_POINT('',(903.,280.,2.282E+03));
#15860 = LINE('',#15861,#15862);
#15861 = CARTESIAN_POINT('',(903.,280.,1.827E+03));
#15862 = VECTOR('',#15863,1.);
#15863 = DIRECTION('',(0.,0.,1.));
#15864 = ORIENTED_EDGE('',*,*,#15865,.T.);
#15865 = EDGE_CURVE('',#15856,#15866,#15868,.T.);
#15866 = VERTEX_POINT('',#15867);
#15867 = CARTESIAN_POINT('',(903.,600.,1.827E+03));
#15868 = LINE('',#15869,#15870);
#15869 = CARTESIAN_POINT('',(903.,280.,1.827E+03));
#15870 = VECTOR('',#15871,1.);
#15871 = DIRECTION('',(0.,1.,0.));
#15872 = ORIENTED_EDGE('',*,*,#15873,.T.);
#15873 = EDGE_CURVE('',#15866,#15874,#15876,.T.);
#15874 = VERTEX_POINT('',#15875);
#15875 = CARTESIAN_POINT('',(903.,600.,2.282E+03));
#15876 = LINE('',#15877,#15878);
#15877 = CARTESIAN_POINT('',(903.,600.,1.827E+03));
#15878 = VECTOR('',#15879,1.);
#15879 = DIRECTION('',(0.,0.,1.));
#15880 = ORIENTED_EDGE('',*,*,#15881,.F.);
#15881 = EDGE_CURVE('',#15858,#15874,#15882,.T.);
#15882 = LINE('',#15883,#15884);
#15883 = CARTESIAN_POINT('',(903.,280.,2.282E+03));
#15884 = VECTOR('',#15885,1.);
#15885 = DIRECTION('',(0.,1.,0.));
#15886 = PLANE('',#15887);
#15887 = AXIS2_PLACEMENT_3D('',#15888,#15889,#15890);
#15888 = CARTESIAN_POINT('',(903.,280.,1.827E+03));
#15889 = DIRECTION('',(1.,0.,0.));
#15890 = DIRECTION('',(0.,0.,1.));
#15891 = ADVANCED_FACE('',(#15892),#15926,.T.);
#15892 = FACE_BOUND('',#15893,.T.);
#15893 = EDGE_LOOP('',(#15894,#15904,#15912,#15920));
#15894 = ORIENTED_EDGE('',*,*,#15895,.F.);
#15895 = EDGE_CURVE('',#15896,#15898,#15900,.T.);
#15896 = VERTEX_POINT('',#15897);
#15897 = CARTESIAN_POINT('',(921.,280.,1.827E+03));
#15898 = VERTEX_POINT('',#15899);
#15899 = CARTESIAN_POINT('',(921.,280.,2.282E+03));
#15900 = LINE('',#15901,#15902);
#15901 = CARTESIAN_POINT('',(921.,280.,1.827E+03));
#15902 = VECTOR('',#15903,1.);
#15903 = DIRECTION('',(0.,0.,1.));
#15904 = ORIENTED_EDGE('',*,*,#15905,.T.);
#15905 = EDGE_CURVE('',#15896,#15906,#15908,.T.);
#15906 = VERTEX_POINT('',#15907);
#15907 = CARTESIAN_POINT('',(921.,600.,1.827E+03));
#15908 = LINE('',#15909,#15910);
#15909 = CARTESIAN_POINT('',(921.,280.,1.827E+03));
#15910 = VECTOR('',#15911,1.);
#15911 = DIRECTION('',(0.,1.,0.));
#15912 = ORIENTED_EDGE('',*,*,#15913,.T.);
#15913 = EDGE_CURVE('',#15906,#15914,#15916,.T.);
#15914 = VERTEX_POINT('',#15915);
#15915 = CARTESIAN_POINT('',(921.,600.,2.282E+03));
#15916 = LINE('',#15917,#15918);
#15917 = CARTESIAN_POINT('',(921.,600.,1.827E+03));
#15918 = VECTOR('',#15919,1.);
#15919 = DIRECTION('',(0.,0.,1.));
#15920 = ORIENTED_EDGE('',*,*,#15921,.F.);
#15921 = EDGE_CURVE('',#15898,#15914,#15922,.T.);
#15922 = LINE('',#15923,#15924);
#15923 = CARTESIAN_POINT('',(921.,280.,2.282E+03));
#15924 = VECTOR('',#15925,1.);
#15925 = DIRECTION('',(0.,1.,0.));
#15926 = PLANE('',#15927);
#15927 = AXIS2_PLACEMENT_3D('',#15928,#15929,#15930);
#15928 = CARTESIAN_POINT('',(921.,280.,1.827E+03));
#15929 = DIRECTION('',(1.,0.,0.));
#15930 = DIRECTION('',(0.,0.,1.));
#15931 = ADVANCED_FACE('',(#15932),#15948,.F.);
#15932 = FACE_BOUND('',#15933,.F.);
#15933 = EDGE_LOOP('',(#15934,#15940,#15941,#15947));
#15934 = ORIENTED_EDGE('',*,*,#15935,.F.);
#15935 = EDGE_CURVE('',#15856,#15896,#15936,.T.);
#15936 = LINE('',#15937,#15938);
#15937 = CARTESIAN_POINT('',(903.,280.,1.827E+03));
#15938 = VECTOR('',#15939,1.);
#15939 = DIRECTION('',(1.,0.,0.));
#15940 = ORIENTED_EDGE('',*,*,#15855,.T.);
#15941 = ORIENTED_EDGE('',*,*,#15942,.T.);
#15942 = EDGE_CURVE('',#15858,#15898,#15943,.T.);
#15943 = LINE('',#15944,#15945);
#15944 = CARTESIAN_POINT('',(903.,280.,2.282E+03));
#15945 = VECTOR('',#15946,1.);
#15946 = DIRECTION('',(1.,0.,0.));
#15947 = ORIENTED_EDGE('',*,*,#15895,.F.);
#15948 = PLANE('',#15949);
#15949 = AXIS2_PLACEMENT_3D('',#15950,#15951,#15952);
#15950 = CARTESIAN_POINT('',(903.,280.,1.827E+03));
#15951 = DIRECTION('',(0.,1.,0.));
#15952 = DIRECTION('',(0.,0.,1.));
#15953 = ADVANCED_FACE('',(#15954),#15970,.T.);
#15954 = FACE_BOUND('',#15955,.T.);
#15955 = EDGE_LOOP('',(#15956,#15962,#15963,#15969));
#15956 = ORIENTED_EDGE('',*,*,#15957,.F.);
#15957 = EDGE_CURVE('',#15866,#15906,#15958,.T.);
#15958 = LINE('',#15959,#15960);
#15959 = CARTESIAN_POINT('',(903.,600.,1.827E+03));
#15960 = VECTOR('',#15961,1.);
#15961 = DIRECTION('',(1.,0.,0.));
#15962 = ORIENTED_EDGE('',*,*,#15873,.T.);
#15963 = ORIENTED_EDGE('',*,*,#15964,.T.);
#15964 = EDGE_CURVE('',#15874,#15914,#15965,.T.);
#15965 = LINE('',#15966,#15967);
#15966 = CARTESIAN_POINT('',(903.,600.,2.282E+03));
#15967 = VECTOR('',#15968,1.);
#15968 = DIRECTION('',(1.,0.,0.));
#15969 = ORIENTED_EDGE('',*,*,#15913,.F.);
#15970 = PLANE('',#15971);
#15971 = AXIS2_PLACEMENT_3D('',#15972,#15973,#15974);
#15972 = CARTESIAN_POINT('',(903.,600.,1.827E+03));
#15973 = DIRECTION('',(0.,1.,0.));
#15974 = DIRECTION('',(0.,0.,1.));
#15975 = ADVANCED_FACE('',(#15976),#15982,.F.);
#15976 = FACE_BOUND('',#15977,.F.);
#15977 = EDGE_LOOP('',(#15978,#15979,#15980,#15981));
#15978 = ORIENTED_EDGE('',*,*,#15865,.F.);
#15979 = ORIENTED_EDGE('',*,*,#15935,.T.);
#15980 = ORIENTED_EDGE('',*,*,#15905,.T.);
#15981 = ORIENTED_EDGE('',*,*,#15957,.F.);
#15982 = PLANE('',#15983);
#15983 = AXIS2_PLACEMENT_3D('',#15984,#15985,#15986);
#15984 = CARTESIAN_POINT('',(903.,280.,1.827E+03));
#15985 = DIRECTION('',(0.,0.,1.));
#15986 = DIRECTION('',(1.,0.,0.));
#15987 = ADVANCED_FACE('',(#15988),#15994,.T.);
#15988 = FACE_BOUND('',#15989,.T.);
#15989 = EDGE_LOOP('',(#15990,#15991,#15992,#15993));
#15990 = ORIENTED_EDGE('',*,*,#15881,.F.);
#15991 = ORIENTED_EDGE('',*,*,#15942,.T.);
#15992 = ORIENTED_EDGE('',*,*,#15921,.T.);
#15993 = ORIENTED_EDGE('',*,*,#15964,.F.);
#15994 = PLANE('',#15995);
#15995 = AXIS2_PLACEMENT_3D('',#15996,#15997,#15998);
#15996 = CARTESIAN_POINT('',(903.,280.,2.282E+03));
#15997 = DIRECTION('',(0.,0.,1.));
#15998 = DIRECTION('',(1.,0.,0.));
#15999 = MANIFOLD_SOLID_BREP('',#16000);
#16000 = CLOSED_SHELL('',(#16001,#16041,#16081,#16103,#16125,#16137));
#16001 = ADVANCED_FACE('',(#16002),#16036,.F.);
#16002 = FACE_BOUND('',#16003,.F.);
#16003 = EDGE_LOOP('',(#16004,#16014,#16022,#16030));
#16004 = ORIENTED_EDGE('',*,*,#16005,.F.);
#16005 = EDGE_CURVE('',#16006,#16008,#16010,.T.);
#16006 = VERTEX_POINT('',#16007);
#16007 = CARTESIAN_POINT('',(2.24E+03,280.,1.827E+03));
#16008 = VERTEX_POINT('',#16009);
#16009 = CARTESIAN_POINT('',(2.24E+03,280.,2.282E+03));
#16010 = LINE('',#16011,#16012);
#16011 = CARTESIAN_POINT('',(2.24E+03,280.,1.827E+03));
#16012 = VECTOR('',#16013,1.);
#16013 = DIRECTION('',(0.,0.,1.));
#16014 = ORIENTED_EDGE('',*,*,#16015,.T.);
#16015 = EDGE_CURVE('',#16006,#16016,#16018,.T.);
#16016 = VERTEX_POINT('',#16017);
#16017 = CARTESIAN_POINT('',(2.24E+03,600.,1.827E+03));
#16018 = LINE('',#16019,#16020);
#16019 = CARTESIAN_POINT('',(2.24E+03,280.,1.827E+03));
#16020 = VECTOR('',#16021,1.);
#16021 = DIRECTION('',(0.,1.,0.));
#16022 = ORIENTED_EDGE('',*,*,#16023,.T.);
#16023 = EDGE_CURVE('',#16016,#16024,#16026,.T.);
#16024 = VERTEX_POINT('',#16025);
#16025 = CARTESIAN_POINT('',(2.24E+03,600.,2.282E+03));
#16026 = LINE('',#16027,#16028);
#16027 = CARTESIAN_POINT('',(2.24E+03,600.,1.827E+03));
#16028 = VECTOR('',#16029,1.);
#16029 = DIRECTION('',(0.,0.,1.));
#16030 = ORIENTED_EDGE('',*,*,#16031,.F.);
#16031 = EDGE_CURVE('',#16008,#16024,#16032,.T.);
#16032 = LINE('',#16033,#16034);
#16033 = CARTESIAN_POINT('',(2.24E+03,280.,2.282E+03));
#16034 = VECTOR('',#16035,1.);
#16035 = DIRECTION('',(0.,1.,0.));
#16036 = PLANE('',#16037);
#16037 = AXIS2_PLACEMENT_3D('',#16038,#16039,#16040);
#16038 = CARTESIAN_POINT('',(2.24E+03,280.,1.827E+03));
#16039 = DIRECTION('',(1.,0.,0.));
#16040 = DIRECTION('',(0.,0.,1.));
#16041 = ADVANCED_FACE('',(#16042),#16076,.T.);
#16042 = FACE_BOUND('',#16043,.T.);
#16043 = EDGE_LOOP('',(#16044,#16054,#16062,#16070));
#16044 = ORIENTED_EDGE('',*,*,#16045,.F.);
#16045 = EDGE_CURVE('',#16046,#16048,#16050,.T.);
#16046 = VERTEX_POINT('',#16047);
#16047 = CARTESIAN_POINT('',(2.258E+03,280.,1.827E+03));
#16048 = VERTEX_POINT('',#16049);
#16049 = CARTESIAN_POINT('',(2.258E+03,280.,2.282E+03));
#16050 = LINE('',#16051,#16052);
#16051 = CARTESIAN_POINT('',(2.258E+03,280.,1.827E+03));
#16052 = VECTOR('',#16053,1.);
#16053 = DIRECTION('',(0.,0.,1.));
#16054 = ORIENTED_EDGE('',*,*,#16055,.T.);
#16055 = EDGE_CURVE('',#16046,#16056,#16058,.T.);
#16056 = VERTEX_POINT('',#16057);
#16057 = CARTESIAN_POINT('',(2.258E+03,600.,1.827E+03));
#16058 = LINE('',#16059,#16060);
#16059 = CARTESIAN_POINT('',(2.258E+03,280.,1.827E+03));
#16060 = VECTOR('',#16061,1.);
#16061 = DIRECTION('',(0.,1.,0.));
#16062 = ORIENTED_EDGE('',*,*,#16063,.T.);
#16063 = EDGE_CURVE('',#16056,#16064,#16066,.T.);
#16064 = VERTEX_POINT('',#16065);
#16065 = CARTESIAN_POINT('',(2.258E+03,600.,2.282E+03));
#16066 = LINE('',#16067,#16068);
#16067 = CARTESIAN_POINT('',(2.258E+03,600.,1.827E+03));
#16068 = VECTOR('',#16069,1.);
#16069 = DIRECTION('',(0.,0.,1.));
#16070 = ORIENTED_EDGE('',*,*,#16071,.F.);
#16071 = EDGE_CURVE('',#16048,#16064,#16072,.T.);
#16072 = LINE('',#16073,#16074);
#16073 = CARTESIAN_POINT('',(2.258E+03,280.,2.282E+03));
#16074 = VECTOR('',#16075,1.);
#16075 = DIRECTION('',(0.,1.,0.));
#16076 = PLANE('',#16077);
#16077 = AXIS2_PLACEMENT_3D('',#16078,#16079,#16080);
#16078 = CARTESIAN_POINT('',(2.258E+03,280.,1.827E+03));
#16079 = DIRECTION('',(1.,0.,0.));
#16080 = DIRECTION('',(0.,0.,1.));
#16081 = ADVANCED_FACE('',(#16082),#16098,.F.);
#16082 = FACE_BOUND('',#16083,.F.);
#16083 = EDGE_LOOP('',(#16084,#16090,#16091,#16097));
#16084 = ORIENTED_EDGE('',*,*,#16085,.F.);
#16085 = EDGE_CURVE('',#16006,#16046,#16086,.T.);
#16086 = LINE('',#16087,#16088);
#16087 = CARTESIAN_POINT('',(2.24E+03,280.,1.827E+03));
#16088 = VECTOR('',#16089,1.);
#16089 = DIRECTION('',(1.,0.,0.));
#16090 = ORIENTED_EDGE('',*,*,#16005,.T.);
#16091 = ORIENTED_EDGE('',*,*,#16092,.T.);
#16092 = EDGE_CURVE('',#16008,#16048,#16093,.T.);
#16093 = LINE('',#16094,#16095);
#16094 = CARTESIAN_POINT('',(2.24E+03,280.,2.282E+03));
#16095 = VECTOR('',#16096,1.);
#16096 = DIRECTION('',(1.,0.,0.));
#16097 = ORIENTED_EDGE('',*,*,#16045,.F.);
#16098 = PLANE('',#16099);
#16099 = AXIS2_PLACEMENT_3D('',#16100,#16101,#16102);
#16100 = CARTESIAN_POINT('',(2.24E+03,280.,1.827E+03));
#16101 = DIRECTION('',(0.,1.,0.));
#16102 = DIRECTION('',(0.,0.,1.));
#16103 = ADVANCED_FACE('',(#16104),#16120,.T.);
#16104 = FACE_BOUND('',#16105,.T.);
#16105 = EDGE_LOOP('',(#16106,#16112,#16113,#16119));
#16106 = ORIENTED_EDGE('',*,*,#16107,.F.);
#16107 = EDGE_CURVE('',#16016,#16056,#16108,.T.);
#16108 = LINE('',#16109,#16110);
#16109 = CARTESIAN_POINT('',(2.24E+03,600.,1.827E+03));
#16110 = VECTOR('',#16111,1.);
#16111 = DIRECTION('',(1.,0.,0.));
#16112 = ORIENTED_EDGE('',*,*,#16023,.T.);
#16113 = ORIENTED_EDGE('',*,*,#16114,.T.);
#16114 = EDGE_CURVE('',#16024,#16064,#16115,.T.);
#16115 = LINE('',#16116,#16117);
#16116 = CARTESIAN_POINT('',(2.24E+03,600.,2.282E+03));
#16117 = VECTOR('',#16118,1.);
#16118 = DIRECTION('',(1.,0.,0.));
#16119 = ORIENTED_EDGE('',*,*,#16063,.F.);
#16120 = PLANE('',#16121);
#16121 = AXIS2_PLACEMENT_3D('',#16122,#16123,#16124);
#16122 = CARTESIAN_POINT('',(2.24E+03,600.,1.827E+03));
#16123 = DIRECTION('',(0.,1.,0.));
#16124 = DIRECTION('',(0.,0.,1.));
#16125 = ADVANCED_FACE('',(#16126),#16132,.F.);
#16126 = FACE_BOUND('',#16127,.F.);
#16127 = EDGE_LOOP('',(#16128,#16129,#16130,#16131));
#16128 = ORIENTED_EDGE('',*,*,#16015,.F.);
#16129 = ORIENTED_EDGE('',*,*,#16085,.T.);
#16130 = ORIENTED_EDGE('',*,*,#16055,.T.);
#16131 = ORIENTED_EDGE('',*,*,#16107,.F.);
#16132 = PLANE('',#16133);
#16133 = AXIS2_PLACEMENT_3D('',#16134,#16135,#16136);
#16134 = CARTESIAN_POINT('',(2.24E+03,280.,1.827E+03));
#16135 = DIRECTION('',(0.,0.,1.));
#16136 = DIRECTION('',(1.,0.,0.));
#16137 = ADVANCED_FACE('',(#16138),#16144,.T.);
#16138 = FACE_BOUND('',#16139,.T.);
#16139 = EDGE_LOOP('',(#16140,#16141,#16142,#16143));
#16140 = ORIENTED_EDGE('',*,*,#16031,.F.);
#16141 = ORIENTED_EDGE('',*,*,#16092,.T.);
#16142 = ORIENTED_EDGE('',*,*,#16071,.T.);
#16143 = ORIENTED_EDGE('',*,*,#16114,.F.);
#16144 = PLANE('',#16145);
#16145 = AXIS2_PLACEMENT_3D('',#16146,#16147,#16148);
#16146 = CARTESIAN_POINT('',(2.24E+03,280.,2.282E+03));
#16147 = DIRECTION('',(0.,0.,1.));
#16148 = DIRECTION('',(1.,0.,0.));
#16149 = MANIFOLD_SOLID_BREP('',#16150);
#16150 = CLOSED_SHELL('',(#16151,#16191,#16231,#16253,#16275,#16287));
#16151 = ADVANCED_FACE('',(#16152),#16186,.F.);
#16152 = FACE_BOUND('',#16153,.F.);
#16153 = EDGE_LOOP('',(#16154,#16164,#16172,#16180));
#16154 = ORIENTED_EDGE('',*,*,#16155,.F.);
#16155 = EDGE_CURVE('',#16156,#16158,#16160,.T.);
#16156 = VERTEX_POINT('',#16157);
#16157 = CARTESIAN_POINT('',(903.,280.,1.809E+03));
#16158 = VERTEX_POINT('',#16159);
#16159 = CARTESIAN_POINT('',(903.,280.,1.827E+03));
#16160 = LINE('',#16161,#16162);
#16161 = CARTESIAN_POINT('',(903.,280.,1.809E+03));
#16162 = VECTOR('',#16163,1.);
#16163 = DIRECTION('',(0.,0.,1.));
#16164 = ORIENTED_EDGE('',*,*,#16165,.T.);
#16165 = EDGE_CURVE('',#16156,#16166,#16168,.T.);
#16166 = VERTEX_POINT('',#16167);
#16167 = CARTESIAN_POINT('',(903.,600.,1.809E+03));
#16168 = LINE('',#16169,#16170);
#16169 = CARTESIAN_POINT('',(903.,280.,1.809E+03));
#16170 = VECTOR('',#16171,1.);
#16171 = DIRECTION('',(0.,1.,0.));
#16172 = ORIENTED_EDGE('',*,*,#16173,.T.);
#16173 = EDGE_CURVE('',#16166,#16174,#16176,.T.);
#16174 = VERTEX_POINT('',#16175);
#16175 = CARTESIAN_POINT('',(903.,600.,1.827E+03));
#16176 = LINE('',#16177,#16178);
#16177 = CARTESIAN_POINT('',(903.,600.,1.809E+03));
#16178 = VECTOR('',#16179,1.);
#16179 = DIRECTION('',(0.,0.,1.));
#16180 = ORIENTED_EDGE('',*,*,#16181,.F.);
#16181 = EDGE_CURVE('',#16158,#16174,#16182,.T.);
#16182 = LINE('',#16183,#16184);
#16183 = CARTESIAN_POINT('',(903.,280.,1.827E+03));
#16184 = VECTOR('',#16185,1.);
#16185 = DIRECTION('',(0.,1.,0.));
#16186 = PLANE('',#16187);
#16187 = AXIS2_PLACEMENT_3D('',#16188,#16189,#16190);
#16188 = CARTESIAN_POINT('',(903.,280.,1.809E+03));
#16189 = DIRECTION('',(1.,0.,0.));
#16190 = DIRECTION('',(0.,0.,1.));
#16191 = ADVANCED_FACE('',(#16192),#16226,.T.);
#16192 = FACE_BOUND('',#16193,.T.);
#16193 = EDGE_LOOP('',(#16194,#16204,#16212,#16220));
#16194 = ORIENTED_EDGE('',*,*,#16195,.F.);
#16195 = EDGE_CURVE('',#16196,#16198,#16200,.T.);
#16196 = VERTEX_POINT('',#16197);
#16197 = CARTESIAN_POINT('',(2.258E+03,280.,1.809E+03));
#16198 = VERTEX_POINT('',#16199);
#16199 = CARTESIAN_POINT('',(2.258E+03,280.,1.827E+03));
#16200 = LINE('',#16201,#16202);
#16201 = CARTESIAN_POINT('',(2.258E+03,280.,1.809E+03));
#16202 = VECTOR('',#16203,1.);
#16203 = DIRECTION('',(0.,0.,1.));
#16204 = ORIENTED_EDGE('',*,*,#16205,.T.);
#16205 = EDGE_CURVE('',#16196,#16206,#16208,.T.);
#16206 = VERTEX_POINT('',#16207);
#16207 = CARTESIAN_POINT('',(2.258E+03,600.,1.809E+03));
#16208 = LINE('',#16209,#16210);
#16209 = CARTESIAN_POINT('',(2.258E+03,280.,1.809E+03));
#16210 = VECTOR('',#16211,1.);
#16211 = DIRECTION('',(0.,1.,0.));
#16212 = ORIENTED_EDGE('',*,*,#16213,.T.);
#16213 = EDGE_CURVE('',#16206,#16214,#16216,.T.);
#16214 = VERTEX_POINT('',#16215);
#16215 = CARTESIAN_POINT('',(2.258E+03,600.,1.827E+03));
#16216 = LINE('',#16217,#16218);
#16217 = CARTESIAN_POINT('',(2.258E+03,600.,1.809E+03));
#16218 = VECTOR('',#16219,1.);
#16219 = DIRECTION('',(0.,0.,1.));
#16220 = ORIENTED_EDGE('',*,*,#16221,.F.);
#16221 = EDGE_CURVE('',#16198,#16214,#16222,.T.);
#16222 = LINE('',#16223,#16224);
#16223 = CARTESIAN_POINT('',(2.258E+03,280.,1.827E+03));
#16224 = VECTOR('',#16225,1.);
#16225 = DIRECTION('',(0.,1.,0.));
#16226 = PLANE('',#16227);
#16227 = AXIS2_PLACEMENT_3D('',#16228,#16229,#16230);
#16228 = CARTESIAN_POINT('',(2.258E+03,280.,1.809E+03));
#16229 = DIRECTION('',(1.,0.,0.));
#16230 = DIRECTION('',(0.,0.,1.));
#16231 = ADVANCED_FACE('',(#16232),#16248,.F.);
#16232 = FACE_BOUND('',#16233,.F.);
#16233 = EDGE_LOOP('',(#16234,#16240,#16241,#16247));
#16234 = ORIENTED_EDGE('',*,*,#16235,.F.);
#16235 = EDGE_CURVE('',#16156,#16196,#16236,.T.);
#16236 = LINE('',#16237,#16238);
#16237 = CARTESIAN_POINT('',(903.,280.,1.809E+03));
#16238 = VECTOR('',#16239,1.);
#16239 = DIRECTION('',(1.,0.,0.));
#16240 = ORIENTED_EDGE('',*,*,#16155,.T.);
#16241 = ORIENTED_EDGE('',*,*,#16242,.T.);
#16242 = EDGE_CURVE('',#16158,#16198,#16243,.T.);
#16243 = LINE('',#16244,#16245);
#16244 = CARTESIAN_POINT('',(903.,280.,1.827E+03));
#16245 = VECTOR('',#16246,1.);
#16246 = DIRECTION('',(1.,0.,0.));
#16247 = ORIENTED_EDGE('',*,*,#16195,.F.);
#16248 = PLANE('',#16249);
#16249 = AXIS2_PLACEMENT_3D('',#16250,#16251,#16252);
#16250 = CARTESIAN_POINT('',(903.,280.,1.809E+03));
#16251 = DIRECTION('',(0.,1.,0.));
#16252 = DIRECTION('',(0.,0.,1.));
#16253 = ADVANCED_FACE('',(#16254),#16270,.T.);
#16254 = FACE_BOUND('',#16255,.T.);
#16255 = EDGE_LOOP('',(#16256,#16262,#16263,#16269));
#16256 = ORIENTED_EDGE('',*,*,#16257,.F.);
#16257 = EDGE_CURVE('',#16166,#16206,#16258,.T.);
#16258 = LINE('',#16259,#16260);
#16259 = CARTESIAN_POINT('',(903.,600.,1.809E+03));
#16260 = VECTOR('',#16261,1.);
#16261 = DIRECTION('',(1.,0.,0.));
#16262 = ORIENTED_EDGE('',*,*,#16173,.T.);
#16263 = ORIENTED_EDGE('',*,*,#16264,.T.);
#16264 = EDGE_CURVE('',#16174,#16214,#16265,.T.);
#16265 = LINE('',#16266,#16267);
#16266 = CARTESIAN_POINT('',(903.,600.,1.827E+03));
#16267 = VECTOR('',#16268,1.);
#16268 = DIRECTION('',(1.,0.,0.));
#16269 = ORIENTED_EDGE('',*,*,#16213,.F.);
#16270 = PLANE('',#16271);
#16271 = AXIS2_PLACEMENT_3D('',#16272,#16273,#16274);
#16272 = CARTESIAN_POINT('',(903.,600.,1.809E+03));
#16273 = DIRECTION('',(0.,1.,0.));
#16274 = DIRECTION('',(0.,0.,1.));
#16275 = ADVANCED_FACE('',(#16276),#16282,.F.);
#16276 = FACE_BOUND('',#16277,.F.);
#16277 = EDGE_LOOP('',(#16278,#16279,#16280,#16281));
#16278 = ORIENTED_EDGE('',*,*,#16165,.F.);
#16279 = ORIENTED_EDGE('',*,*,#16235,.T.);
#16280 = ORIENTED_EDGE('',*,*,#16205,.T.);
#16281 = ORIENTED_EDGE('',*,*,#16257,.F.);
#16282 = PLANE('',#16283);
#16283 = AXIS2_PLACEMENT_3D('',#16284,#16285,#16286);
#16284 = CARTESIAN_POINT('',(903.,280.,1.809E+03));
#16285 = DIRECTION('',(0.,0.,1.));
#16286 = DIRECTION('',(1.,0.,0.));
#16287 = ADVANCED_FACE('',(#16288),#16294,.T.);
#16288 = FACE_BOUND('',#16289,.T.);
#16289 = EDGE_LOOP('',(#16290,#16291,#16292,#16293));
#16290 = ORIENTED_EDGE('',*,*,#16181,.F.);
#16291 = ORIENTED_EDGE('',*,*,#16242,.T.);
#16292 = ORIENTED_EDGE('',*,*,#16221,.T.);
#16293 = ORIENTED_EDGE('',*,*,#16264,.F.);
#16294 = PLANE('',#16295);
#16295 = AXIS2_PLACEMENT_3D('',#16296,#16297,#16298);
#16296 = CARTESIAN_POINT('',(903.,280.,1.827E+03));
#16297 = DIRECTION('',(0.,0.,1.));
#16298 = DIRECTION('',(1.,0.,0.));
#16299 = MANIFOLD_SOLID_BREP('',#16300);
#16300 = CLOSED_SHELL('',(#16301,#16341,#16381,#16403,#16425,#16437));
#16301 = ADVANCED_FACE('',(#16302),#16336,.F.);
#16302 = FACE_BOUND('',#16303,.F.);
#16303 = EDGE_LOOP('',(#16304,#16314,#16322,#16330));
#16304 = ORIENTED_EDGE('',*,*,#16305,.F.);
#16305 = EDGE_CURVE('',#16306,#16308,#16310,.T.);
#16306 = VERTEX_POINT('',#16307);
#16307 = CARTESIAN_POINT('',(903.,280.,2.282E+03));
#16308 = VERTEX_POINT('',#16309);
#16309 = CARTESIAN_POINT('',(903.,280.,2.3E+03));
#16310 = LINE('',#16311,#16312);
#16311 = CARTESIAN_POINT('',(903.,280.,2.282E+03));
#16312 = VECTOR('',#16313,1.);
#16313 = DIRECTION('',(0.,0.,1.));
#16314 = ORIENTED_EDGE('',*,*,#16315,.T.);
#16315 = EDGE_CURVE('',#16306,#16316,#16318,.T.);
#16316 = VERTEX_POINT('',#16317);
#16317 = CARTESIAN_POINT('',(903.,600.,2.282E+03));
#16318 = LINE('',#16319,#16320);
#16319 = CARTESIAN_POINT('',(903.,280.,2.282E+03));
#16320 = VECTOR('',#16321,1.);
#16321 = DIRECTION('',(0.,1.,0.));
#16322 = ORIENTED_EDGE('',*,*,#16323,.T.);
#16323 = EDGE_CURVE('',#16316,#16324,#16326,.T.);
#16324 = VERTEX_POINT('',#16325);
#16325 = CARTESIAN_POINT('',(903.,600.,2.3E+03));
#16326 = LINE('',#16327,#16328);
#16327 = CARTESIAN_POINT('',(903.,600.,2.282E+03));
#16328 = VECTOR('',#16329,1.);
#16329 = DIRECTION('',(0.,0.,1.));
#16330 = ORIENTED_EDGE('',*,*,#16331,.F.);
#16331 = EDGE_CURVE('',#16308,#16324,#16332,.T.);
#16332 = LINE('',#16333,#16334);
#16333 = CARTESIAN_POINT('',(903.,280.,2.3E+03));
#16334 = VECTOR('',#16335,1.);
#16335 = DIRECTION('',(0.,1.,0.));
#16336 = PLANE('',#16337);
#16337 = AXIS2_PLACEMENT_3D('',#16338,#16339,#16340);
#16338 = CARTESIAN_POINT('',(903.,280.,2.282E+03));
#16339 = DIRECTION('',(1.,0.,0.));
#16340 = DIRECTION('',(0.,0.,1.));
#16341 = ADVANCED_FACE('',(#16342),#16376,.T.);
#16342 = FACE_BOUND('',#16343,.T.);
#16343 = EDGE_LOOP('',(#16344,#16354,#16362,#16370));
#16344 = ORIENTED_EDGE('',*,*,#16345,.F.);
#16345 = EDGE_CURVE('',#16346,#16348,#16350,.T.);
#16346 = VERTEX_POINT('',#16347);
#16347 = CARTESIAN_POINT('',(2.258E+03,280.,2.282E+03));
#16348 = VERTEX_POINT('',#16349);
#16349 = CARTESIAN_POINT('',(2.258E+03,280.,2.3E+03));
#16350 = LINE('',#16351,#16352);
#16351 = CARTESIAN_POINT('',(2.258E+03,280.,2.282E+03));
#16352 = VECTOR('',#16353,1.);
#16353 = DIRECTION('',(0.,0.,1.));
#16354 = ORIENTED_EDGE('',*,*,#16355,.T.);
#16355 = EDGE_CURVE('',#16346,#16356,#16358,.T.);
#16356 = VERTEX_POINT('',#16357);
#16357 = CARTESIAN_POINT('',(2.258E+03,600.,2.282E+03));
#16358 = LINE('',#16359,#16360);
#16359 = CARTESIAN_POINT('',(2.258E+03,280.,2.282E+03));
#16360 = VECTOR('',#16361,1.);
#16361 = DIRECTION('',(0.,1.,0.));
#16362 = ORIENTED_EDGE('',*,*,#16363,.T.);
#16363 = EDGE_CURVE('',#16356,#16364,#16366,.T.);
#16364 = VERTEX_POINT('',#16365);
#16365 = CARTESIAN_POINT('',(2.258E+03,600.,2.3E+03));
#16366 = LINE('',#16367,#16368);
#16367 = CARTESIAN_POINT('',(2.258E+03,600.,2.282E+03));
#16368 = VECTOR('',#16369,1.);
#16369 = DIRECTION('',(0.,0.,1.));
#16370 = ORIENTED_EDGE('',*,*,#16371,.F.);
#16371 = EDGE_CURVE('',#16348,#16364,#16372,.T.);
#16372 = LINE('',#16373,#16374);
#16373 = CARTESIAN_POINT('',(2.258E+03,280.,2.3E+03));
#16374 = VECTOR('',#16375,1.);
#16375 = DIRECTION('',(0.,1.,0.));
#16376 = PLANE('',#16377);
#16377 = AXIS2_PLACEMENT_3D('',#16378,#16379,#16380);
#16378 = CARTESIAN_POINT('',(2.258E+03,280.,2.282E+03));
#16379 = DIRECTION('',(1.,0.,0.));
#16380 = DIRECTION('',(0.,0.,1.));
#16381 = ADVANCED_FACE('',(#16382),#16398,.F.);
#16382 = FACE_BOUND('',#16383,.F.);
#16383 = EDGE_LOOP('',(#16384,#16390,#16391,#16397));
#16384 = ORIENTED_EDGE('',*,*,#16385,.F.);
#16385 = EDGE_CURVE('',#16306,#16346,#16386,.T.);
#16386 = LINE('',#16387,#16388);
#16387 = CARTESIAN_POINT('',(903.,280.,2.282E+03));
#16388 = VECTOR('',#16389,1.);
#16389 = DIRECTION('',(1.,0.,0.));
#16390 = ORIENTED_EDGE('',*,*,#16305,.T.);
#16391 = ORIENTED_EDGE('',*,*,#16392,.T.);
#16392 = EDGE_CURVE('',#16308,#16348,#16393,.T.);
#16393 = LINE('',#16394,#16395);
#16394 = CARTESIAN_POINT('',(903.,280.,2.3E+03));
#16395 = VECTOR('',#16396,1.);
#16396 = DIRECTION('',(1.,0.,0.));
#16397 = ORIENTED_EDGE('',*,*,#16345,.F.);
#16398 = PLANE('',#16399);
#16399 = AXIS2_PLACEMENT_3D('',#16400,#16401,#16402);
#16400 = CARTESIAN_POINT('',(903.,280.,2.282E+03));
#16401 = DIRECTION('',(0.,1.,0.));
#16402 = DIRECTION('',(0.,0.,1.));
#16403 = ADVANCED_FACE('',(#16404),#16420,.T.);
#16404 = FACE_BOUND('',#16405,.T.);
#16405 = EDGE_LOOP('',(#16406,#16412,#16413,#16419));
#16406 = ORIENTED_EDGE('',*,*,#16407,.F.);
#16407 = EDGE_CURVE('',#16316,#16356,#16408,.T.);
#16408 = LINE('',#16409,#16410);
#16409 = CARTESIAN_POINT('',(903.,600.,2.282E+03));
#16410 = VECTOR('',#16411,1.);
#16411 = DIRECTION('',(1.,0.,0.));
#16412 = ORIENTED_EDGE('',*,*,#16323,.T.);
#16413 = ORIENTED_EDGE('',*,*,#16414,.T.);
#16414 = EDGE_CURVE('',#16324,#16364,#16415,.T.);
#16415 = LINE('',#16416,#16417);
#16416 = CARTESIAN_POINT('',(903.,600.,2.3E+03));
#16417 = VECTOR('',#16418,1.);
#16418 = DIRECTION('',(1.,0.,0.));
#16419 = ORIENTED_EDGE('',*,*,#16363,.F.);
#16420 = PLANE('',#16421);
#16421 = AXIS2_PLACEMENT_3D('',#16422,#16423,#16424);
#16422 = CARTESIAN_POINT('',(903.,600.,2.282E+03));
#16423 = DIRECTION('',(0.,1.,0.));
#16424 = DIRECTION('',(0.,0.,1.));
#16425 = ADVANCED_FACE('',(#16426),#16432,.F.);
#16426 = FACE_BOUND('',#16427,.F.);
#16427 = EDGE_LOOP('',(#16428,#16429,#16430,#16431));
#16428 = ORIENTED_EDGE('',*,*,#16315,.F.);
#16429 = ORIENTED_EDGE('',*,*,#16385,.T.);
#16430 = ORIENTED_EDGE('',*,*,#16355,.T.);
#16431 = ORIENTED_EDGE('',*,*,#16407,.F.);
#16432 = PLANE('',#16433);
#16433 = AXIS2_PLACEMENT_3D('',#16434,#16435,#16436);
#16434 = CARTESIAN_POINT('',(903.,280.,2.282E+03));
#16435 = DIRECTION('',(0.,0.,1.));
#16436 = DIRECTION('',(1.,0.,0.));
#16437 = ADVANCED_FACE('',(#16438),#16444,.T.);
#16438 = FACE_BOUND('',#16439,.T.);
#16439 = EDGE_LOOP('',(#16440,#16441,#16442,#16443));
#16440 = ORIENTED_EDGE('',*,*,#16331,.F.);
#16441 = ORIENTED_EDGE('',*,*,#16392,.T.);
#16442 = ORIENTED_EDGE('',*,*,#16371,.T.);
#16443 = ORIENTED_EDGE('',*,*,#16414,.F.);
#16444 = PLANE('',#16445);
#16445 = AXIS2_PLACEMENT_3D('',#16446,#16447,#16448);
#16446 = CARTESIAN_POINT('',(903.,280.,2.3E+03));
#16447 = DIRECTION('',(0.,0.,1.));
#16448 = DIRECTION('',(1.,0.,0.));
#16449 = MANIFOLD_SOLID_BREP('',#16450);
#16450 = CLOSED_SHELL('',(#16451,#16491,#16531,#16553,#16575,#16587));
#16451 = ADVANCED_FACE('',(#16452),#16486,.F.);
#16452 = FACE_BOUND('',#16453,.F.);
#16453 = EDGE_LOOP('',(#16454,#16464,#16472,#16480));
#16454 = ORIENTED_EDGE('',*,*,#16455,.F.);
#16455 = EDGE_CURVE('',#16456,#16458,#16460,.T.);
#16456 = VERTEX_POINT('',#16457);
#16457 = CARTESIAN_POINT('',(921.,597.,1.827E+03));
#16458 = VERTEX_POINT('',#16459);
#16459 = CARTESIAN_POINT('',(921.,597.,2.282E+03));
#16460 = LINE('',#16461,#16462);
#16461 = CARTESIAN_POINT('',(921.,597.,1.827E+03));
#16462 = VECTOR('',#16463,1.);
#16463 = DIRECTION('',(0.,0.,1.));
#16464 = ORIENTED_EDGE('',*,*,#16465,.T.);
#16465 = EDGE_CURVE('',#16456,#16466,#16468,.T.);
#16466 = VERTEX_POINT('',#16467);
#16467 = CARTESIAN_POINT('',(921.,600.,1.827E+03));
#16468 = LINE('',#16469,#16470);
#16469 = CARTESIAN_POINT('',(921.,597.,1.827E+03));
#16470 = VECTOR('',#16471,1.);
#16471 = DIRECTION('',(0.,1.,0.));
#16472 = ORIENTED_EDGE('',*,*,#16473,.T.);
#16473 = EDGE_CURVE('',#16466,#16474,#16476,.T.);
#16474 = VERTEX_POINT('',#16475);
#16475 = CARTESIAN_POINT('',(921.,600.,2.282E+03));
#16476 = LINE('',#16477,#16478);
#16477 = CARTESIAN_POINT('',(921.,600.,1.827E+03));
#16478 = VECTOR('',#16479,1.);
#16479 = DIRECTION('',(0.,0.,1.));
#16480 = ORIENTED_EDGE('',*,*,#16481,.F.);
#16481 = EDGE_CURVE('',#16458,#16474,#16482,.T.);
#16482 = LINE('',#16483,#16484);
#16483 = CARTESIAN_POINT('',(921.,597.,2.282E+03));
#16484 = VECTOR('',#16485,1.);
#16485 = DIRECTION('',(0.,1.,0.));
#16486 = PLANE('',#16487);
#16487 = AXIS2_PLACEMENT_3D('',#16488,#16489,#16490);
#16488 = CARTESIAN_POINT('',(921.,597.,1.827E+03));
#16489 = DIRECTION('',(1.,0.,0.));
#16490 = DIRECTION('',(0.,0.,1.));
#16491 = ADVANCED_FACE('',(#16492),#16526,.T.);
#16492 = FACE_BOUND('',#16493,.T.);
#16493 = EDGE_LOOP('',(#16494,#16504,#16512,#16520));
#16494 = ORIENTED_EDGE('',*,*,#16495,.F.);
#16495 = EDGE_CURVE('',#16496,#16498,#16500,.T.);
#16496 = VERTEX_POINT('',#16497);
#16497 = CARTESIAN_POINT('',(2.24E+03,597.,1.827E+03));
#16498 = VERTEX_POINT('',#16499);
#16499 = CARTESIAN_POINT('',(2.24E+03,597.,2.282E+03));
#16500 = LINE('',#16501,#16502);
#16501 = CARTESIAN_POINT('',(2.24E+03,597.,1.827E+03));
#16502 = VECTOR('',#16503,1.);
#16503 = DIRECTION('',(0.,0.,1.));
#16504 = ORIENTED_EDGE('',*,*,#16505,.T.);
#16505 = EDGE_CURVE('',#16496,#16506,#16508,.T.);
#16506 = VERTEX_POINT('',#16507);
#16507 = CARTESIAN_POINT('',(2.24E+03,600.,1.827E+03));
#16508 = LINE('',#16509,#16510);
#16509 = CARTESIAN_POINT('',(2.24E+03,597.,1.827E+03));
#16510 = VECTOR('',#16511,1.);
#16511 = DIRECTION('',(0.,1.,0.));
#16512 = ORIENTED_EDGE('',*,*,#16513,.T.);
#16513 = EDGE_CURVE('',#16506,#16514,#16516,.T.);
#16514 = VERTEX_POINT('',#16515);
#16515 = CARTESIAN_POINT('',(2.24E+03,600.,2.282E+03));
#16516 = LINE('',#16517,#16518);
#16517 = CARTESIAN_POINT('',(2.24E+03,600.,1.827E+03));
#16518 = VECTOR('',#16519,1.);
#16519 = DIRECTION('',(0.,0.,1.));
#16520 = ORIENTED_EDGE('',*,*,#16521,.F.);
#16521 = EDGE_CURVE('',#16498,#16514,#16522,.T.);
#16522 = LINE('',#16523,#16524);
#16523 = CARTESIAN_POINT('',(2.24E+03,597.,2.282E+03));
#16524 = VECTOR('',#16525,1.);
#16525 = DIRECTION('',(0.,1.,0.));
#16526 = PLANE('',#16527);
#16527 = AXIS2_PLACEMENT_3D('',#16528,#16529,#16530);
#16528 = CARTESIAN_POINT('',(2.24E+03,597.,1.827E+03));
#16529 = DIRECTION('',(1.,0.,0.));
#16530 = DIRECTION('',(0.,0.,1.));
#16531 = ADVANCED_FACE('',(#16532),#16548,.F.);
#16532 = FACE_BOUND('',#16533,.F.);
#16533 = EDGE_LOOP('',(#16534,#16540,#16541,#16547));
#16534 = ORIENTED_EDGE('',*,*,#16535,.F.);
#16535 = EDGE_CURVE('',#16456,#16496,#16536,.T.);
#16536 = LINE('',#16537,#16538);
#16537 = CARTESIAN_POINT('',(921.,597.,1.827E+03));
#16538 = VECTOR('',#16539,1.);
#16539 = DIRECTION('',(1.,0.,0.));
#16540 = ORIENTED_EDGE('',*,*,#16455,.T.);
#16541 = ORIENTED_EDGE('',*,*,#16542,.T.);
#16542 = EDGE_CURVE('',#16458,#16498,#16543,.T.);
#16543 = LINE('',#16544,#16545);
#16544 = CARTESIAN_POINT('',(921.,597.,2.282E+03));
#16545 = VECTOR('',#16546,1.);
#16546 = DIRECTION('',(1.,0.,0.));
#16547 = ORIENTED_EDGE('',*,*,#16495,.F.);
#16548 = PLANE('',#16549);
#16549 = AXIS2_PLACEMENT_3D('',#16550,#16551,#16552);
#16550 = CARTESIAN_POINT('',(921.,597.,1.827E+03));
#16551 = DIRECTION('',(0.,1.,0.));
#16552 = DIRECTION('',(0.,0.,1.));
#16553 = ADVANCED_FACE('',(#16554),#16570,.T.);
#16554 = FACE_BOUND('',#16555,.T.);
#16555 = EDGE_LOOP('',(#16556,#16562,#16563,#16569));
#16556 = ORIENTED_EDGE('',*,*,#16557,.F.);
#16557 = EDGE_CURVE('',#16466,#16506,#16558,.T.);
#16558 = LINE('',#16559,#16560);
#16559 = CARTESIAN_POINT('',(921.,600.,1.827E+03));
#16560 = VECTOR('',#16561,1.);
#16561 = DIRECTION('',(1.,0.,0.));
#16562 = ORIENTED_EDGE('',*,*,#16473,.T.);
#16563 = ORIENTED_EDGE('',*,*,#16564,.T.);
#16564 = EDGE_CURVE('',#16474,#16514,#16565,.T.);
#16565 = LINE('',#16566,#16567);
#16566 = CARTESIAN_POINT('',(921.,600.,2.282E+03));
#16567 = VECTOR('',#16568,1.);
#16568 = DIRECTION('',(1.,0.,0.));
#16569 = ORIENTED_EDGE('',*,*,#16513,.F.);
#16570 = PLANE('',#16571);
#16571 = AXIS2_PLACEMENT_3D('',#16572,#16573,#16574);
#16572 = CARTESIAN_POINT('',(921.,600.,1.827E+03));
#16573 = DIRECTION('',(0.,1.,0.));
#16574 = DIRECTION('',(0.,0.,1.));
#16575 = ADVANCED_FACE('',(#16576),#16582,.F.);
#16576 = FACE_BOUND('',#16577,.F.);
#16577 = EDGE_LOOP('',(#16578,#16579,#16580,#16581));
#16578 = ORIENTED_EDGE('',*,*,#16465,.F.);
#16579 = ORIENTED_EDGE('',*,*,#16535,.T.);
#16580 = ORIENTED_EDGE('',*,*,#16505,.T.);
#16581 = ORIENTED_EDGE('',*,*,#16557,.F.);
#16582 = PLANE('',#16583);
#16583 = AXIS2_PLACEMENT_3D('',#16584,#16585,#16586);
#16584 = CARTESIAN_POINT('',(921.,597.,1.827E+03));
#16585 = DIRECTION('',(0.,0.,1.));
#16586 = DIRECTION('',(1.,0.,0.));
#16587 = ADVANCED_FACE('',(#16588),#16594,.T.);
#16588 = FACE_BOUND('',#16589,.T.);
#16589 = EDGE_LOOP('',(#16590,#16591,#16592,#16593));
#16590 = ORIENTED_EDGE('',*,*,#16481,.F.);
#16591 = ORIENTED_EDGE('',*,*,#16542,.T.);
#16592 = ORIENTED_EDGE('',*,*,#16521,.T.);
#16593 = ORIENTED_EDGE('',*,*,#16564,.F.);
#16594 = PLANE('',#16595);
#16595 = AXIS2_PLACEMENT_3D('',#16596,#16597,#16598);
#16596 = CARTESIAN_POINT('',(921.,597.,2.282E+03));
#16597 = DIRECTION('',(0.,0.,1.));
#16598 = DIRECTION('',(1.,0.,0.));
#16599 = MANIFOLD_SOLID_BREP('',#16600);
#16600 = CLOSED_SHELL('',(#16601,#16641,#16681,#16703,#16725,#16737));
#16601 = ADVANCED_FACE('',(#16602),#16636,.F.);
#16602 = FACE_BOUND('',#16603,.F.);
#16603 = EDGE_LOOP('',(#16604,#16614,#16622,#16630));
#16604 = ORIENTED_EDGE('',*,*,#16605,.F.);
#16605 = EDGE_CURVE('',#16606,#16608,#16610,.T.);
#16606 = VERTEX_POINT('',#16607);
#16607 = CARTESIAN_POINT('',(912.,262.,1.818E+03));
#16608 = VERTEX_POINT('',#16609);
#16609 = CARTESIAN_POINT('',(912.,262.,2.291E+03));
#16610 = LINE('',#16611,#16612);
#16611 = CARTESIAN_POINT('',(912.,262.,1.818E+03));
#16612 = VECTOR('',#16613,1.);
#16613 = DIRECTION('',(0.,0.,1.));
#16614 = ORIENTED_EDGE('',*,*,#16615,.T.);
#16615 = EDGE_CURVE('',#16606,#16616,#16618,.T.);
#16616 = VERTEX_POINT('',#16617);
#16617 = CARTESIAN_POINT('',(912.,280.,1.818E+03));
#16618 = LINE('',#16619,#16620);
#16619 = CARTESIAN_POINT('',(912.,262.,1.818E+03));
#16620 = VECTOR('',#16621,1.);
#16621 = DIRECTION('',(0.,1.,0.));
#16622 = ORIENTED_EDGE('',*,*,#16623,.T.);
#16623 = EDGE_CURVE('',#16616,#16624,#16626,.T.);
#16624 = VERTEX_POINT('',#16625);
#16625 = CARTESIAN_POINT('',(912.,280.,2.291E+03));
#16626 = LINE('',#16627,#16628);
#16627 = CARTESIAN_POINT('',(912.,280.,1.818E+03));
#16628 = VECTOR('',#16629,1.);
#16629 = DIRECTION('',(0.,0.,1.));
#16630 = ORIENTED_EDGE('',*,*,#16631,.F.);
#16631 = EDGE_CURVE('',#16608,#16624,#16632,.T.);
#16632 = LINE('',#16633,#16634);
#16633 = CARTESIAN_POINT('',(912.,262.,2.291E+03));
#16634 = VECTOR('',#16635,1.);
#16635 = DIRECTION('',(0.,1.,0.));
#16636 = PLANE('',#16637);
#16637 = AXIS2_PLACEMENT_3D('',#16638,#16639,#16640);
#16638 = CARTESIAN_POINT('',(912.,262.,1.818E+03));
#16639 = DIRECTION('',(1.,0.,0.));
#16640 = DIRECTION('',(0.,0.,1.));
#16641 = ADVANCED_FACE('',(#16642),#16676,.T.);
#16642 = FACE_BOUND('',#16643,.T.);
#16643 = EDGE_LOOP('',(#16644,#16654,#16662,#16670));
#16644 = ORIENTED_EDGE('',*,*,#16645,.F.);
#16645 = EDGE_CURVE('',#16646,#16648,#16650,.T.);
#16646 = VERTEX_POINT('',#16647);
#16647 = CARTESIAN_POINT('',(1.356333333333E+03,262.,1.818E+03));
#16648 = VERTEX_POINT('',#16649);
#16649 = CARTESIAN_POINT('',(1.356333333333E+03,262.,2.291E+03));
#16650 = LINE('',#16651,#16652);
#16651 = CARTESIAN_POINT('',(1.356333333333E+03,262.,1.818E+03));
#16652 = VECTOR('',#16653,1.);
#16653 = DIRECTION('',(0.,0.,1.));
#16654 = ORIENTED_EDGE('',*,*,#16655,.T.);
#16655 = EDGE_CURVE('',#16646,#16656,#16658,.T.);
#16656 = VERTEX_POINT('',#16657);
#16657 = CARTESIAN_POINT('',(1.356333333333E+03,280.,1.818E+03));
#16658 = LINE('',#16659,#16660);
#16659 = CARTESIAN_POINT('',(1.356333333333E+03,262.,1.818E+03));
#16660 = VECTOR('',#16661,1.);
#16661 = DIRECTION('',(0.,1.,0.));
#16662 = ORIENTED_EDGE('',*,*,#16663,.T.);
#16663 = EDGE_CURVE('',#16656,#16664,#16666,.T.);
#16664 = VERTEX_POINT('',#16665);
#16665 = CARTESIAN_POINT('',(1.356333333333E+03,280.,2.291E+03));
#16666 = LINE('',#16667,#16668);
#16667 = CARTESIAN_POINT('',(1.356333333333E+03,280.,1.818E+03));
#16668 = VECTOR('',#16669,1.);
#16669 = DIRECTION('',(0.,0.,1.));
#16670 = ORIENTED_EDGE('',*,*,#16671,.F.);
#16671 = EDGE_CURVE('',#16648,#16664,#16672,.T.);
#16672 = LINE('',#16673,#16674);
#16673 = CARTESIAN_POINT('',(1.356333333333E+03,262.,2.291E+03));
#16674 = VECTOR('',#16675,1.);
#16675 = DIRECTION('',(0.,1.,0.));
#16676 = PLANE('',#16677);
#16677 = AXIS2_PLACEMENT_3D('',#16678,#16679,#16680);
#16678 = CARTESIAN_POINT('',(1.356333333333E+03,262.,1.818E+03));
#16679 = DIRECTION('',(1.,0.,0.));
#16680 = DIRECTION('',(0.,0.,1.));
#16681 = ADVANCED_FACE('',(#16682),#16698,.F.);
#16682 = FACE_BOUND('',#16683,.F.);
#16683 = EDGE_LOOP('',(#16684,#16690,#16691,#16697));
#16684 = ORIENTED_EDGE('',*,*,#16685,.F.);
#16685 = EDGE_CURVE('',#16606,#16646,#16686,.T.);
#16686 = LINE('',#16687,#16688);
#16687 = CARTESIAN_POINT('',(912.,262.,1.818E+03));
#16688 = VECTOR('',#16689,1.);
#16689 = DIRECTION('',(1.,0.,0.));
#16690 = ORIENTED_EDGE('',*,*,#16605,.T.);
#16691 = ORIENTED_EDGE('',*,*,#16692,.T.);
#16692 = EDGE_CURVE('',#16608,#16648,#16693,.T.);
#16693 = LINE('',#16694,#16695);
#16694 = CARTESIAN_POINT('',(912.,262.,2.291E+03));
#16695 = VECTOR('',#16696,1.);
#16696 = DIRECTION('',(1.,0.,0.));
#16697 = ORIENTED_EDGE('',*,*,#16645,.F.);
#16698 = PLANE('',#16699);
#16699 = AXIS2_PLACEMENT_3D('',#16700,#16701,#16702);
#16700 = CARTESIAN_POINT('',(912.,262.,1.818E+03));
#16701 = DIRECTION('',(0.,1.,0.));
#16702 = DIRECTION('',(0.,0.,1.));
#16703 = ADVANCED_FACE('',(#16704),#16720,.T.);
#16704 = FACE_BOUND('',#16705,.T.);
#16705 = EDGE_LOOP('',(#16706,#16712,#16713,#16719));
#16706 = ORIENTED_EDGE('',*,*,#16707,.F.);
#16707 = EDGE_CURVE('',#16616,#16656,#16708,.T.);
#16708 = LINE('',#16709,#16710);
#16709 = CARTESIAN_POINT('',(912.,280.,1.818E+03));
#16710 = VECTOR('',#16711,1.);
#16711 = DIRECTION('',(1.,0.,0.));
#16712 = ORIENTED_EDGE('',*,*,#16623,.T.);
#16713 = ORIENTED_EDGE('',*,*,#16714,.T.);
#16714 = EDGE_CURVE('',#16624,#16664,#16715,.T.);
#16715 = LINE('',#16716,#16717);
#16716 = CARTESIAN_POINT('',(912.,280.,2.291E+03));
#16717 = VECTOR('',#16718,1.);
#16718 = DIRECTION('',(1.,0.,0.));
#16719 = ORIENTED_EDGE('',*,*,#16663,.F.);
#16720 = PLANE('',#16721);
#16721 = AXIS2_PLACEMENT_3D('',#16722,#16723,#16724);
#16722 = CARTESIAN_POINT('',(912.,280.,1.818E+03));
#16723 = DIRECTION('',(0.,1.,0.));
#16724 = DIRECTION('',(0.,0.,1.));
#16725 = ADVANCED_FACE('',(#16726),#16732,.F.);
#16726 = FACE_BOUND('',#16727,.F.);
#16727 = EDGE_LOOP('',(#16728,#16729,#16730,#16731));
#16728 = ORIENTED_EDGE('',*,*,#16615,.F.);
#16729 = ORIENTED_EDGE('',*,*,#16685,.T.);
#16730 = ORIENTED_EDGE('',*,*,#16655,.T.);
#16731 = ORIENTED_EDGE('',*,*,#16707,.F.);
#16732 = PLANE('',#16733);
#16733 = AXIS2_PLACEMENT_3D('',#16734,#16735,#16736);
#16734 = CARTESIAN_POINT('',(912.,262.,1.818E+03));
#16735 = DIRECTION('',(0.,0.,1.));
#16736 = DIRECTION('',(1.,0.,0.));
#16737 = ADVANCED_FACE('',(#16738),#16744,.T.);
#16738 = FACE_BOUND('',#16739,.T.);
#16739 = EDGE_LOOP('',(#16740,#16741,#16742,#16743));
#16740 = ORIENTED_EDGE('',*,*,#16631,.F.);
#16741 = ORIENTED_EDGE('',*,*,#16692,.T.);
#16742 = ORIENTED_EDGE('',*,*,#16671,.T.);
#16743 = ORIENTED_EDGE('',*,*,#16714,.F.);
#16744 = PLANE('',#16745);
#16745 = AXIS2_PLACEMENT_3D('',#16746,#16747,#16748);
#16746 = CARTESIAN_POINT('',(912.,262.,2.291E+03));
#16747 = DIRECTION('',(0.,0.,1.));
#16748 = DIRECTION('',(1.,0.,0.));
#16749 = MANIFOLD_SOLID_BREP('',#16750);
#16750 = CLOSED_SHELL('',(#16751,#16791,#16831,#16853,#16875,#16887));
#16751 = ADVANCED_FACE('',(#16752),#16786,.F.);
#16752 = FACE_BOUND('',#16753,.F.);
#16753 = EDGE_LOOP('',(#16754,#16764,#16772,#16780));
#16754 = ORIENTED_EDGE('',*,*,#16755,.F.);
#16755 = EDGE_CURVE('',#16756,#16758,#16760,.T.);
#16756 = VERTEX_POINT('',#16757);
#16757 = CARTESIAN_POINT('',(1.358333333333E+03,262.,1.818E+03));
#16758 = VERTEX_POINT('',#16759);
#16759 = CARTESIAN_POINT('',(1.358333333333E+03,262.,2.291E+03));
#16760 = LINE('',#16761,#16762);
#16761 = CARTESIAN_POINT('',(1.358333333333E+03,262.,1.818E+03));
#16762 = VECTOR('',#16763,1.);
#16763 = DIRECTION('',(0.,0.,1.));
#16764 = ORIENTED_EDGE('',*,*,#16765,.T.);
#16765 = EDGE_CURVE('',#16756,#16766,#16768,.T.);
#16766 = VERTEX_POINT('',#16767);
#16767 = CARTESIAN_POINT('',(1.358333333333E+03,280.,1.818E+03));
#16768 = LINE('',#16769,#16770);
#16769 = CARTESIAN_POINT('',(1.358333333333E+03,262.,1.818E+03));
#16770 = VECTOR('',#16771,1.);
#16771 = DIRECTION('',(0.,1.,0.));
#16772 = ORIENTED_EDGE('',*,*,#16773,.T.);
#16773 = EDGE_CURVE('',#16766,#16774,#16776,.T.);
#16774 = VERTEX_POINT('',#16775);
#16775 = CARTESIAN_POINT('',(1.358333333333E+03,280.,2.291E+03));
#16776 = LINE('',#16777,#16778);
#16777 = CARTESIAN_POINT('',(1.358333333333E+03,280.,1.818E+03));
#16778 = VECTOR('',#16779,1.);
#16779 = DIRECTION('',(0.,0.,1.));
#16780 = ORIENTED_EDGE('',*,*,#16781,.F.);
#16781 = EDGE_CURVE('',#16758,#16774,#16782,.T.);
#16782 = LINE('',#16783,#16784);
#16783 = CARTESIAN_POINT('',(1.358333333333E+03,262.,2.291E+03));
#16784 = VECTOR('',#16785,1.);
#16785 = DIRECTION('',(0.,1.,0.));
#16786 = PLANE('',#16787);
#16787 = AXIS2_PLACEMENT_3D('',#16788,#16789,#16790);
#16788 = CARTESIAN_POINT('',(1.358333333333E+03,262.,1.818E+03));
#16789 = DIRECTION('',(1.,0.,0.));
#16790 = DIRECTION('',(0.,0.,1.));
#16791 = ADVANCED_FACE('',(#16792),#16826,.T.);
#16792 = FACE_BOUND('',#16793,.T.);
#16793 = EDGE_LOOP('',(#16794,#16804,#16812,#16820));
#16794 = ORIENTED_EDGE('',*,*,#16795,.F.);
#16795 = EDGE_CURVE('',#16796,#16798,#16800,.T.);
#16796 = VERTEX_POINT('',#16797);
#16797 = CARTESIAN_POINT('',(1.802666666667E+03,262.,1.818E+03));
#16798 = VERTEX_POINT('',#16799);
#16799 = CARTESIAN_POINT('',(1.802666666667E+03,262.,2.291E+03));
#16800 = LINE('',#16801,#16802);
#16801 = CARTESIAN_POINT('',(1.802666666667E+03,262.,1.818E+03));
#16802 = VECTOR('',#16803,1.);
#16803 = DIRECTION('',(0.,0.,1.));
#16804 = ORIENTED_EDGE('',*,*,#16805,.T.);
#16805 = EDGE_CURVE('',#16796,#16806,#16808,.T.);
#16806 = VERTEX_POINT('',#16807);
#16807 = CARTESIAN_POINT('',(1.802666666667E+03,280.,1.818E+03));
#16808 = LINE('',#16809,#16810);
#16809 = CARTESIAN_POINT('',(1.802666666667E+03,262.,1.818E+03));
#16810 = VECTOR('',#16811,1.);
#16811 = DIRECTION('',(0.,1.,0.));
#16812 = ORIENTED_EDGE('',*,*,#16813,.T.);
#16813 = EDGE_CURVE('',#16806,#16814,#16816,.T.);
#16814 = VERTEX_POINT('',#16815);
#16815 = CARTESIAN_POINT('',(1.802666666667E+03,280.,2.291E+03));
#16816 = LINE('',#16817,#16818);
#16817 = CARTESIAN_POINT('',(1.802666666667E+03,280.,1.818E+03));
#16818 = VECTOR('',#16819,1.);
#16819 = DIRECTION('',(0.,0.,1.));
#16820 = ORIENTED_EDGE('',*,*,#16821,.F.);
#16821 = EDGE_CURVE('',#16798,#16814,#16822,.T.);
#16822 = LINE('',#16823,#16824);
#16823 = CARTESIAN_POINT('',(1.802666666667E+03,262.,2.291E+03));
#16824 = VECTOR('',#16825,1.);
#16825 = DIRECTION('',(0.,1.,0.));
#16826 = PLANE('',#16827);
#16827 = AXIS2_PLACEMENT_3D('',#16828,#16829,#16830);
#16828 = CARTESIAN_POINT('',(1.802666666667E+03,262.,1.818E+03));
#16829 = DIRECTION('',(1.,0.,0.));
#16830 = DIRECTION('',(0.,0.,1.));
#16831 = ADVANCED_FACE('',(#16832),#16848,.F.);
#16832 = FACE_BOUND('',#16833,.F.);
#16833 = EDGE_LOOP('',(#16834,#16840,#16841,#16847));
#16834 = ORIENTED_EDGE('',*,*,#16835,.F.);
#16835 = EDGE_CURVE('',#16756,#16796,#16836,.T.);
#16836 = LINE('',#16837,#16838);
#16837 = CARTESIAN_POINT('',(1.358333333333E+03,262.,1.818E+03));
#16838 = VECTOR('',#16839,1.);
#16839 = DIRECTION('',(1.,0.,0.));
#16840 = ORIENTED_EDGE('',*,*,#16755,.T.);
#16841 = ORIENTED_EDGE('',*,*,#16842,.T.);
#16842 = EDGE_CURVE('',#16758,#16798,#16843,.T.);
#16843 = LINE('',#16844,#16845);
#16844 = CARTESIAN_POINT('',(1.358333333333E+03,262.,2.291E+03));
#16845 = VECTOR('',#16846,1.);
#16846 = DIRECTION('',(1.,0.,0.));
#16847 = ORIENTED_EDGE('',*,*,#16795,.F.);
#16848 = PLANE('',#16849);
#16849 = AXIS2_PLACEMENT_3D('',#16850,#16851,#16852);
#16850 = CARTESIAN_POINT('',(1.358333333333E+03,262.,1.818E+03));
#16851 = DIRECTION('',(0.,1.,0.));
#16852 = DIRECTION('',(0.,0.,1.));
#16853 = ADVANCED_FACE('',(#16854),#16870,.T.);
#16854 = FACE_BOUND('',#16855,.T.);
#16855 = EDGE_LOOP('',(#16856,#16862,#16863,#16869));
#16856 = ORIENTED_EDGE('',*,*,#16857,.F.);
#16857 = EDGE_CURVE('',#16766,#16806,#16858,.T.);
#16858 = LINE('',#16859,#16860);
#16859 = CARTESIAN_POINT('',(1.358333333333E+03,280.,1.818E+03));
#16860 = VECTOR('',#16861,1.);
#16861 = DIRECTION('',(1.,0.,0.));
#16862 = ORIENTED_EDGE('',*,*,#16773,.T.);
#16863 = ORIENTED_EDGE('',*,*,#16864,.T.);
#16864 = EDGE_CURVE('',#16774,#16814,#16865,.T.);
#16865 = LINE('',#16866,#16867);
#16866 = CARTESIAN_POINT('',(1.358333333333E+03,280.,2.291E+03));
#16867 = VECTOR('',#16868,1.);
#16868 = DIRECTION('',(1.,0.,0.));
#16869 = ORIENTED_EDGE('',*,*,#16813,.F.);
#16870 = PLANE('',#16871);
#16871 = AXIS2_PLACEMENT_3D('',#16872,#16873,#16874);
#16872 = CARTESIAN_POINT('',(1.358333333333E+03,280.,1.818E+03));
#16873 = DIRECTION('',(0.,1.,0.));
#16874 = DIRECTION('',(0.,0.,1.));
#16875 = ADVANCED_FACE('',(#16876),#16882,.F.);
#16876 = FACE_BOUND('',#16877,.F.);
#16877 = EDGE_LOOP('',(#16878,#16879,#16880,#16881));
#16878 = ORIENTED_EDGE('',*,*,#16765,.F.);
#16879 = ORIENTED_EDGE('',*,*,#16835,.T.);
#16880 = ORIENTED_EDGE('',*,*,#16805,.T.);
#16881 = ORIENTED_EDGE('',*,*,#16857,.F.);
#16882 = PLANE('',#16883);
#16883 = AXIS2_PLACEMENT_3D('',#16884,#16885,#16886);
#16884 = CARTESIAN_POINT('',(1.358333333333E+03,262.,1.818E+03));
#16885 = DIRECTION('',(0.,0.,1.));
#16886 = DIRECTION('',(1.,0.,0.));
#16887 = ADVANCED_FACE('',(#16888),#16894,.T.);
#16888 = FACE_BOUND('',#16889,.T.);
#16889 = EDGE_LOOP('',(#16890,#16891,#16892,#16893));
#16890 = ORIENTED_EDGE('',*,*,#16781,.F.);
#16891 = ORIENTED_EDGE('',*,*,#16842,.T.);
#16892 = ORIENTED_EDGE('',*,*,#16821,.T.);
#16893 = ORIENTED_EDGE('',*,*,#16864,.F.);
#16894 = PLANE('',#16895);
#16895 = AXIS2_PLACEMENT_3D('',#16896,#16897,#16898);
#16896 = CARTESIAN_POINT('',(1.358333333333E+03,262.,2.291E+03));
#16897 = DIRECTION('',(0.,0.,1.));
#16898 = DIRECTION('',(1.,0.,0.));
#16899 = MANIFOLD_SOLID_BREP('',#16900);
#16900 = CLOSED_SHELL('',(#16901,#16941,#16981,#17003,#17025,#17037));
#16901 = ADVANCED_FACE('',(#16902),#16936,.F.);
#16902 = FACE_BOUND('',#16903,.F.);
#16903 = EDGE_LOOP('',(#16904,#16914,#16922,#16930));
#16904 = ORIENTED_EDGE('',*,*,#16905,.F.);
#16905 = EDGE_CURVE('',#16906,#16908,#16910,.T.);
#16906 = VERTEX_POINT('',#16907);
#16907 = CARTESIAN_POINT('',(1.804666666667E+03,262.,1.818E+03));
#16908 = VERTEX_POINT('',#16909);
#16909 = CARTESIAN_POINT('',(1.804666666667E+03,262.,2.291E+03));
#16910 = LINE('',#16911,#16912);
#16911 = CARTESIAN_POINT('',(1.804666666667E+03,262.,1.818E+03));
#16912 = VECTOR('',#16913,1.);
#16913 = DIRECTION('',(0.,0.,1.));
#16914 = ORIENTED_EDGE('',*,*,#16915,.T.);
#16915 = EDGE_CURVE('',#16906,#16916,#16918,.T.);
#16916 = VERTEX_POINT('',#16917);
#16917 = CARTESIAN_POINT('',(1.804666666667E+03,280.,1.818E+03));
#16918 = LINE('',#16919,#16920);
#16919 = CARTESIAN_POINT('',(1.804666666667E+03,262.,1.818E+03));
#16920 = VECTOR('',#16921,1.);
#16921 = DIRECTION('',(0.,1.,0.));
#16922 = ORIENTED_EDGE('',*,*,#16923,.T.);
#16923 = EDGE_CURVE('',#16916,#16924,#16926,.T.);
#16924 = VERTEX_POINT('',#16925);
#16925 = CARTESIAN_POINT('',(1.804666666667E+03,280.,2.291E+03));
#16926 = LINE('',#16927,#16928);
#16927 = CARTESIAN_POINT('',(1.804666666667E+03,280.,1.818E+03));
#16928 = VECTOR('',#16929,1.);
#16929 = DIRECTION('',(0.,0.,1.));
#16930 = ORIENTED_EDGE('',*,*,#16931,.F.);
#16931 = EDGE_CURVE('',#16908,#16924,#16932,.T.);
#16932 = LINE('',#16933,#16934);
#16933 = CARTESIAN_POINT('',(1.804666666667E+03,262.,2.291E+03));
#16934 = VECTOR('',#16935,1.);
#16935 = DIRECTION('',(0.,1.,0.));
#16936 = PLANE('',#16937);
#16937 = AXIS2_PLACEMENT_3D('',#16938,#16939,#16940);
#16938 = CARTESIAN_POINT('',(1.804666666667E+03,262.,1.818E+03));
#16939 = DIRECTION('',(1.,0.,0.));
#16940 = DIRECTION('',(0.,0.,1.));
#16941 = ADVANCED_FACE('',(#16942),#16976,.T.);
#16942 = FACE_BOUND('',#16943,.T.);
#16943 = EDGE_LOOP('',(#16944,#16954,#16962,#16970));
#16944 = ORIENTED_EDGE('',*,*,#16945,.F.);
#16945 = EDGE_CURVE('',#16946,#16948,#16950,.T.);
#16946 = VERTEX_POINT('',#16947);
#16947 = CARTESIAN_POINT('',(2.249E+03,262.,1.818E+03));
#16948 = VERTEX_POINT('',#16949);
#16949 = CARTESIAN_POINT('',(2.249E+03,262.,2.291E+03));
#16950 = LINE('',#16951,#16952);
#16951 = CARTESIAN_POINT('',(2.249E+03,262.,1.818E+03));
#16952 = VECTOR('',#16953,1.);
#16953 = DIRECTION('',(0.,0.,1.));
#16954 = ORIENTED_EDGE('',*,*,#16955,.T.);
#16955 = EDGE_CURVE('',#16946,#16956,#16958,.T.);
#16956 = VERTEX_POINT('',#16957);
#16957 = CARTESIAN_POINT('',(2.249E+03,280.,1.818E+03));
#16958 = LINE('',#16959,#16960);
#16959 = CARTESIAN_POINT('',(2.249E+03,262.,1.818E+03));
#16960 = VECTOR('',#16961,1.);
#16961 = DIRECTION('',(0.,1.,0.));
#16962 = ORIENTED_EDGE('',*,*,#16963,.T.);
#16963 = EDGE_CURVE('',#16956,#16964,#16966,.T.);
#16964 = VERTEX_POINT('',#16965);
#16965 = CARTESIAN_POINT('',(2.249E+03,280.,2.291E+03));
#16966 = LINE('',#16967,#16968);
#16967 = CARTESIAN_POINT('',(2.249E+03,280.,1.818E+03));
#16968 = VECTOR('',#16969,1.);
#16969 = DIRECTION('',(0.,0.,1.));
#16970 = ORIENTED_EDGE('',*,*,#16971,.F.);
#16971 = EDGE_CURVE('',#16948,#16964,#16972,.T.);
#16972 = LINE('',#16973,#16974);
#16973 = CARTESIAN_POINT('',(2.249E+03,262.,2.291E+03));
#16974 = VECTOR('',#16975,1.);
#16975 = DIRECTION('',(0.,1.,0.));
#16976 = PLANE('',#16977);
#16977 = AXIS2_PLACEMENT_3D('',#16978,#16979,#16980);
#16978 = CARTESIAN_POINT('',(2.249E+03,262.,1.818E+03));
#16979 = DIRECTION('',(1.,0.,0.));
#16980 = DIRECTION('',(0.,0.,1.));
#16981 = ADVANCED_FACE('',(#16982),#16998,.F.);
#16982 = FACE_BOUND('',#16983,.F.);
#16983 = EDGE_LOOP('',(#16984,#16990,#16991,#16997));
#16984 = ORIENTED_EDGE('',*,*,#16985,.F.);
#16985 = EDGE_CURVE('',#16906,#16946,#16986,.T.);
#16986 = LINE('',#16987,#16988);
#16987 = CARTESIAN_POINT('',(1.804666666667E+03,262.,1.818E+03));
#16988 = VECTOR('',#16989,1.);
#16989 = DIRECTION('',(1.,0.,0.));
#16990 = ORIENTED_EDGE('',*,*,#16905,.T.);
#16991 = ORIENTED_EDGE('',*,*,#16992,.T.);
#16992 = EDGE_CURVE('',#16908,#16948,#16993,.T.);
#16993 = LINE('',#16994,#16995);
#16994 = CARTESIAN_POINT('',(1.804666666667E+03,262.,2.291E+03));
#16995 = VECTOR('',#16996,1.);
#16996 = DIRECTION('',(1.,0.,0.));
#16997 = ORIENTED_EDGE('',*,*,#16945,.F.);
#16998 = PLANE('',#16999);
#16999 = AXIS2_PLACEMENT_3D('',#17000,#17001,#17002);
#17000 = CARTESIAN_POINT('',(1.804666666667E+03,262.,1.818E+03));
#17001 = DIRECTION('',(0.,1.,0.));
#17002 = DIRECTION('',(0.,0.,1.));
#17003 = ADVANCED_FACE('',(#17004),#17020,.T.);
#17004 = FACE_BOUND('',#17005,.T.);
#17005 = EDGE_LOOP('',(#17006,#17012,#17013,#17019));
#17006 = ORIENTED_EDGE('',*,*,#17007,.F.);
#17007 = EDGE_CURVE('',#16916,#16956,#17008,.T.);
#17008 = LINE('',#17009,#17010);
#17009 = CARTESIAN_POINT('',(1.804666666667E+03,280.,1.818E+03));
#17010 = VECTOR('',#17011,1.);
#17011 = DIRECTION('',(1.,0.,0.));
#17012 = ORIENTED_EDGE('',*,*,#16923,.T.);
#17013 = ORIENTED_EDGE('',*,*,#17014,.T.);
#17014 = EDGE_CURVE('',#16924,#16964,#17015,.T.);
#17015 = LINE('',#17016,#17017);
#17016 = CARTESIAN_POINT('',(1.804666666667E+03,280.,2.291E+03));
#17017 = VECTOR('',#17018,1.);
#17018 = DIRECTION('',(1.,0.,0.));
#17019 = ORIENTED_EDGE('',*,*,#16963,.F.);
#17020 = PLANE('',#17021);
#17021 = AXIS2_PLACEMENT_3D('',#17022,#17023,#17024);
#17022 = CARTESIAN_POINT('',(1.804666666667E+03,280.,1.818E+03));
#17023 = DIRECTION('',(0.,1.,0.));
#17024 = DIRECTION('',(0.,0.,1.));
#17025 = ADVANCED_FACE('',(#17026),#17032,.F.);
#17026 = FACE_BOUND('',#17027,.F.);
#17027 = EDGE_LOOP('',(#17028,#17029,#17030,#17031));
#17028 = ORIENTED_EDGE('',*,*,#16915,.F.);
#17029 = ORIENTED_EDGE('',*,*,#16985,.T.);
#17030 = ORIENTED_EDGE('',*,*,#16955,.T.);
#17031 = ORIENTED_EDGE('',*,*,#17007,.F.);
#17032 = PLANE('',#17033);
#17033 = AXIS2_PLACEMENT_3D('',#17034,#17035,#17036);
#17034 = CARTESIAN_POINT('',(1.804666666667E+03,262.,1.818E+03));
#17035 = DIRECTION('',(0.,0.,1.));
#17036 = DIRECTION('',(1.,0.,0.));
#17037 = ADVANCED_FACE('',(#17038),#17044,.T.);
#17038 = FACE_BOUND('',#17039,.T.);
#17039 = EDGE_LOOP('',(#17040,#17041,#17042,#17043));
#17040 = ORIENTED_EDGE('',*,*,#16931,.F.);
#17041 = ORIENTED_EDGE('',*,*,#16992,.T.);
#17042 = ORIENTED_EDGE('',*,*,#16971,.T.);
#17043 = ORIENTED_EDGE('',*,*,#17014,.F.);
#17044 = PLANE('',#17045);
#17045 = AXIS2_PLACEMENT_3D('',#17046,#17047,#17048);
#17046 = CARTESIAN_POINT('',(1.804666666667E+03,262.,2.291E+03));
#17047 = DIRECTION('',(0.,0.,1.));
#17048 = DIRECTION('',(1.,0.,0.));
#17049 = MANIFOLD_SOLID_BREP('',#17050);
#17050 = CLOSED_SHELL('',(#17051,#17091,#17131,#17153,#17175,#17187));
#17051 = ADVANCED_FACE('',(#17052),#17086,.F.);
#17052 = FACE_BOUND('',#17053,.F.);
#17053 = EDGE_LOOP('',(#17054,#17064,#17072,#17080));
#17054 = ORIENTED_EDGE('',*,*,#17055,.F.);
#17055 = EDGE_CURVE('',#17056,#17058,#17060,.T.);
#17056 = VERTEX_POINT('',#17057);
#17057 = CARTESIAN_POINT('',(903.,260.,1.809E+03));
#17058 = VERTEX_POINT('',#17059);
#17059 = CARTESIAN_POINT('',(903.,260.,1.834E+03));
#17060 = LINE('',#17061,#17062);
#17061 = CARTESIAN_POINT('',(903.,260.,1.809E+03));
#17062 = VECTOR('',#17063,1.);
#17063 = DIRECTION('',(0.,0.,1.));
#17064 = ORIENTED_EDGE('',*,*,#17065,.T.);
#17065 = EDGE_CURVE('',#17056,#17066,#17068,.T.);
#17066 = VERTEX_POINT('',#17067);
#17067 = CARTESIAN_POINT('',(903.,280.,1.809E+03));
#17068 = LINE('',#17069,#17070);
#17069 = CARTESIAN_POINT('',(903.,260.,1.809E+03));
#17070 = VECTOR('',#17071,1.);
#17071 = DIRECTION('',(0.,1.,0.));
#17072 = ORIENTED_EDGE('',*,*,#17073,.T.);
#17073 = EDGE_CURVE('',#17066,#17074,#17076,.T.);
#17074 = VERTEX_POINT('',#17075);
#17075 = CARTESIAN_POINT('',(903.,280.,1.834E+03));
#17076 = LINE('',#17077,#17078);
#17077 = CARTESIAN_POINT('',(903.,280.,1.809E+03));
#17078 = VECTOR('',#17079,1.);
#17079 = DIRECTION('',(0.,0.,1.));
#17080 = ORIENTED_EDGE('',*,*,#17081,.F.);
#17081 = EDGE_CURVE('',#17058,#17074,#17082,.T.);
#17082 = LINE('',#17083,#17084);
#17083 = CARTESIAN_POINT('',(903.,260.,1.834E+03));
#17084 = VECTOR('',#17085,1.);
#17085 = DIRECTION('',(0.,1.,0.));
#17086 = PLANE('',#17087);
#17087 = AXIS2_PLACEMENT_3D('',#17088,#17089,#17090);
#17088 = CARTESIAN_POINT('',(903.,260.,1.809E+03));
#17089 = DIRECTION('',(1.,0.,0.));
#17090 = DIRECTION('',(0.,0.,1.));
#17091 = ADVANCED_FACE('',(#17092),#17126,.T.);
#17092 = FACE_BOUND('',#17093,.T.);
#17093 = EDGE_LOOP('',(#17094,#17104,#17112,#17120));
#17094 = ORIENTED_EDGE('',*,*,#17095,.F.);
#17095 = EDGE_CURVE('',#17096,#17098,#17100,.T.);
#17096 = VERTEX_POINT('',#17097);
#17097 = CARTESIAN_POINT('',(2.258E+03,260.,1.809E+03));
#17098 = VERTEX_POINT('',#17099);
#17099 = CARTESIAN_POINT('',(2.258E+03,260.,1.834E+03));
#17100 = LINE('',#17101,#17102);
#17101 = CARTESIAN_POINT('',(2.258E+03,260.,1.809E+03));
#17102 = VECTOR('',#17103,1.);
#17103 = DIRECTION('',(0.,0.,1.));
#17104 = ORIENTED_EDGE('',*,*,#17105,.T.);
#17105 = EDGE_CURVE('',#17096,#17106,#17108,.T.);
#17106 = VERTEX_POINT('',#17107);
#17107 = CARTESIAN_POINT('',(2.258E+03,280.,1.809E+03));
#17108 = LINE('',#17109,#17110);
#17109 = CARTESIAN_POINT('',(2.258E+03,260.,1.809E+03));
#17110 = VECTOR('',#17111,1.);
#17111 = DIRECTION('',(0.,1.,0.));
#17112 = ORIENTED_EDGE('',*,*,#17113,.T.);
#17113 = EDGE_CURVE('',#17106,#17114,#17116,.T.);
#17114 = VERTEX_POINT('',#17115);
#17115 = CARTESIAN_POINT('',(2.258E+03,280.,1.834E+03));
#17116 = LINE('',#17117,#17118);
#17117 = CARTESIAN_POINT('',(2.258E+03,280.,1.809E+03));
#17118 = VECTOR('',#17119,1.);
#17119 = DIRECTION('',(0.,0.,1.));
#17120 = ORIENTED_EDGE('',*,*,#17121,.F.);
#17121 = EDGE_CURVE('',#17098,#17114,#17122,.T.);
#17122 = LINE('',#17123,#17124);
#17123 = CARTESIAN_POINT('',(2.258E+03,260.,1.834E+03));
#17124 = VECTOR('',#17125,1.);
#17125 = DIRECTION('',(0.,1.,0.));
#17126 = PLANE('',#17127);
#17127 = AXIS2_PLACEMENT_3D('',#17128,#17129,#17130);
#17128 = CARTESIAN_POINT('',(2.258E+03,260.,1.809E+03));
#17129 = DIRECTION('',(1.,0.,0.));
#17130 = DIRECTION('',(0.,0.,1.));
#17131 = ADVANCED_FACE('',(#17132),#17148,.F.);
#17132 = FACE_BOUND('',#17133,.F.);
#17133 = EDGE_LOOP('',(#17134,#17140,#17141,#17147));
#17134 = ORIENTED_EDGE('',*,*,#17135,.F.);
#17135 = EDGE_CURVE('',#17056,#17096,#17136,.T.);
#17136 = LINE('',#17137,#17138);
#17137 = CARTESIAN_POINT('',(903.,260.,1.809E+03));
#17138 = VECTOR('',#17139,1.);
#17139 = DIRECTION('',(1.,0.,0.));
#17140 = ORIENTED_EDGE('',*,*,#17055,.T.);
#17141 = ORIENTED_EDGE('',*,*,#17142,.T.);
#17142 = EDGE_CURVE('',#17058,#17098,#17143,.T.);
#17143 = LINE('',#17144,#17145);
#17144 = CARTESIAN_POINT('',(903.,260.,1.834E+03));
#17145 = VECTOR('',#17146,1.);
#17146 = DIRECTION('',(1.,0.,0.));
#17147 = ORIENTED_EDGE('',*,*,#17095,.F.);
#17148 = PLANE('',#17149);
#17149 = AXIS2_PLACEMENT_3D('',#17150,#17151,#17152);
#17150 = CARTESIAN_POINT('',(903.,260.,1.809E+03));
#17151 = DIRECTION('',(0.,1.,0.));
#17152 = DIRECTION('',(0.,0.,1.));
#17153 = ADVANCED_FACE('',(#17154),#17170,.T.);
#17154 = FACE_BOUND('',#17155,.T.);
#17155 = EDGE_LOOP('',(#17156,#17162,#17163,#17169));
#17156 = ORIENTED_EDGE('',*,*,#17157,.F.);
#17157 = EDGE_CURVE('',#17066,#17106,#17158,.T.);
#17158 = LINE('',#17159,#17160);
#17159 = CARTESIAN_POINT('',(903.,280.,1.809E+03));
#17160 = VECTOR('',#17161,1.);
#17161 = DIRECTION('',(1.,0.,0.));
#17162 = ORIENTED_EDGE('',*,*,#17073,.T.);
#17163 = ORIENTED_EDGE('',*,*,#17164,.T.);
#17164 = EDGE_CURVE('',#17074,#17114,#17165,.T.);
#17165 = LINE('',#17166,#17167);
#17166 = CARTESIAN_POINT('',(903.,280.,1.834E+03));
#17167 = VECTOR('',#17168,1.);
#17168 = DIRECTION('',(1.,0.,0.));
#17169 = ORIENTED_EDGE('',*,*,#17113,.F.);
#17170 = PLANE('',#17171);
#17171 = AXIS2_PLACEMENT_3D('',#17172,#17173,#17174);
#17172 = CARTESIAN_POINT('',(903.,280.,1.809E+03));
#17173 = DIRECTION('',(0.,1.,0.));
#17174 = DIRECTION('',(0.,0.,1.));
#17175 = ADVANCED_FACE('',(#17176),#17182,.F.);
#17176 = FACE_BOUND('',#17177,.F.);
#17177 = EDGE_LOOP('',(#17178,#17179,#17180,#17181));
#17178 = ORIENTED_EDGE('',*,*,#17065,.F.);
#17179 = ORIENTED_EDGE('',*,*,#17135,.T.);
#17180 = ORIENTED_EDGE('',*,*,#17105,.T.);
#17181 = ORIENTED_EDGE('',*,*,#17157,.F.);
#17182 = PLANE('',#17183);
#17183 = AXIS2_PLACEMENT_3D('',#17184,#17185,#17186);
#17184 = CARTESIAN_POINT('',(903.,260.,1.809E+03));
#17185 = DIRECTION('',(0.,0.,1.));
#17186 = DIRECTION('',(1.,0.,0.));
#17187 = ADVANCED_FACE('',(#17188),#17194,.T.);
#17188 = FACE_BOUND('',#17189,.T.);
#17189 = EDGE_LOOP('',(#17190,#17191,#17192,#17193));
#17190 = ORIENTED_EDGE('',*,*,#17081,.F.);
#17191 = ORIENTED_EDGE('',*,*,#17142,.T.);
#17192 = ORIENTED_EDGE('',*,*,#17121,.T.);
#17193 = ORIENTED_EDGE('',*,*,#17164,.F.);
#17194 = PLANE('',#17195);
#17195 = AXIS2_PLACEMENT_3D('',#17196,#17197,#17198);
#17196 = CARTESIAN_POINT('',(903.,260.,1.834E+03));
#17197 = DIRECTION('',(0.,0.,1.));
#17198 = DIRECTION('',(1.,0.,0.));
#17199 = MANIFOLD_SOLID_BREP('',#17200);
#17200 = CLOSED_SHELL('',(#17201,#17241,#17272,#17330,#17354,#17405,
    #17417,#17439,#17456,#17473));
#17201 = ADVANCED_FACE('',(#17202),#17236,.F.);
#17202 = FACE_BOUND('',#17203,.F.);
#17203 = EDGE_LOOP('',(#17204,#17214,#17222,#17230));
#17204 = ORIENTED_EDGE('',*,*,#17205,.F.);
#17205 = EDGE_CURVE('',#17206,#17208,#17210,.T.);
#17206 = VERTEX_POINT('',#17207);
#17207 = CARTESIAN_POINT('',(0.,-48.,870.));
#17208 = VERTEX_POINT('',#17209);
#17209 = CARTESIAN_POINT('',(0.,-48.,900.));
#17210 = LINE('',#17211,#17212);
#17211 = CARTESIAN_POINT('',(0.,-48.,870.));
#17212 = VECTOR('',#17213,1.);
#17213 = DIRECTION('',(0.,0.,1.));
#17214 = ORIENTED_EDGE('',*,*,#17215,.T.);
#17215 = EDGE_CURVE('',#17206,#17216,#17218,.T.);
#17216 = VERTEX_POINT('',#17217);
#17217 = CARTESIAN_POINT('',(0.,600.,870.));
#17218 = LINE('',#17219,#17220);
#17219 = CARTESIAN_POINT('',(0.,-48.,870.));
#17220 = VECTOR('',#17221,1.);
#17221 = DIRECTION('',(0.,1.,0.));
#17222 = ORIENTED_EDGE('',*,*,#17223,.T.);
#17223 = EDGE_CURVE('',#17216,#17224,#17226,.T.);
#17224 = VERTEX_POINT('',#17225);
#17225 = CARTESIAN_POINT('',(0.,600.,900.));
#17226 = LINE('',#17227,#17228);
#17227 = CARTESIAN_POINT('',(0.,600.,870.));
#17228 = VECTOR('',#17229,1.);
#17229 = DIRECTION('',(0.,0.,1.));
#17230 = ORIENTED_EDGE('',*,*,#17231,.F.);
#17231 = EDGE_CURVE('',#17208,#17224,#17232,.T.);
#17232 = LINE('',#17233,#17234);
#17233 = CARTESIAN_POINT('',(0.,-48.,900.));
#17234 = VECTOR('',#17235,1.);
#17235 = DIRECTION('',(0.,1.,0.));
#17236 = PLANE('',#17237);
#17237 = AXIS2_PLACEMENT_3D('',#17238,#17239,#17240);
#17238 = CARTESIAN_POINT('',(0.,-48.,870.));
#17239 = DIRECTION('',(1.,0.,0.));
#17240 = DIRECTION('',(0.,0.,1.));
#17241 = ADVANCED_FACE('',(#17242),#17267,.F.);
#17242 = FACE_BOUND('',#17243,.F.);
#17243 = EDGE_LOOP('',(#17244,#17252,#17253,#17261));
#17244 = ORIENTED_EDGE('',*,*,#17245,.F.);
#17245 = EDGE_CURVE('',#17206,#17246,#17248,.T.);
#17246 = VERTEX_POINT('',#17247);
#17247 = CARTESIAN_POINT('',(2.258E+03,-48.,870.));
#17248 = LINE('',#17249,#17250);
#17249 = CARTESIAN_POINT('',(0.,-48.,870.));
#17250 = VECTOR('',#17251,1.);
#17251 = DIRECTION('',(1.,0.,0.));
#17252 = ORIENTED_EDGE('',*,*,#17205,.T.);
#17253 = ORIENTED_EDGE('',*,*,#17254,.T.);
#17254 = EDGE_CURVE('',#17208,#17255,#17257,.T.);
#17255 = VERTEX_POINT('',#17256);
#17256 = CARTESIAN_POINT('',(2.258E+03,-48.,900.));
#17257 = LINE('',#17258,#17259);
#17258 = CARTESIAN_POINT('',(0.,-48.,900.));
#17259 = VECTOR('',#17260,1.);
#17260 = DIRECTION('',(1.,0.,0.));
#17261 = ORIENTED_EDGE('',*,*,#17262,.F.);
#17262 = EDGE_CURVE('',#17246,#17255,#17263,.T.);
#17263 = LINE('',#17264,#17265);
#17264 = CARTESIAN_POINT('',(2.258E+03,-48.,870.));
#17265 = VECTOR('',#17266,1.);
#17266 = DIRECTION('',(0.,0.,1.));
#17267 = PLANE('',#17268);
#17268 = AXIS2_PLACEMENT_3D('',#17269,#17270,#17271);
#17269 = CARTESIAN_POINT('',(0.,-48.,870.));
#17270 = DIRECTION('',(0.,1.,0.));
#17271 = DIRECTION('',(0.,0.,1.));
#17272 = ADVANCED_FACE('',(#17273,#17291),#17325,.T.);
#17273 = FACE_BOUND('',#17274,.T.);
#17274 = EDGE_LOOP('',(#17275,#17276,#17277,#17285));
#17275 = ORIENTED_EDGE('',*,*,#17231,.F.);
#17276 = ORIENTED_EDGE('',*,*,#17254,.T.);
#17277 = ORIENTED_EDGE('',*,*,#17278,.T.);
#17278 = EDGE_CURVE('',#17255,#17279,#17281,.T.);
#17279 = VERTEX_POINT('',#17280);
#17280 = CARTESIAN_POINT('',(2.258E+03,600.,900.));
#17281 = LINE('',#17282,#17283);
#17282 = CARTESIAN_POINT('',(2.258E+03,-48.,900.));
#17283 = VECTOR('',#17284,1.);
#17284 = DIRECTION('',(0.,1.,0.));
#17285 = ORIENTED_EDGE('',*,*,#17286,.F.);
#17286 = EDGE_CURVE('',#17224,#17279,#17287,.T.);
#17287 = LINE('',#17288,#17289);
#17288 = CARTESIAN_POINT('',(0.,600.,900.));
#17289 = VECTOR('',#17290,1.);
#17290 = DIRECTION('',(1.,0.,0.));
#17291 = FACE_BOUND('',#17292,.T.);
#17292 = EDGE_LOOP('',(#17293,#17303,#17311,#17319));
#17293 = ORIENTED_EDGE('',*,*,#17294,.T.);
#17294 = EDGE_CURVE('',#17295,#17297,#17299,.T.);
#17295 = VERTEX_POINT('',#17296);
#17296 = CARTESIAN_POINT('',(908.,22.5,900.));
#17297 = VERTEX_POINT('',#17298);
#17298 = CARTESIAN_POINT('',(308.,22.5,900.));
#17299 = LINE('',#17300,#17301);
#17300 = CARTESIAN_POINT('',(154.,22.5,900.));
#17301 = VECTOR('',#17302,1.);
#17302 = DIRECTION('',(-1.,0.,0.));
#17303 = ORIENTED_EDGE('',*,*,#17304,.T.);
#17304 = EDGE_CURVE('',#17297,#17305,#17307,.T.);
#17305 = VERTEX_POINT('',#17306);
#17306 = CARTESIAN_POINT('',(308.,577.5,900.));
#17307 = LINE('',#17308,#17309);
#17308 = CARTESIAN_POINT('',(308.,-12.75,900.));
#17309 = VECTOR('',#17310,1.);
#17310 = DIRECTION('',(0.,1.,0.));
#17311 = ORIENTED_EDGE('',*,*,#17312,.F.);
#17312 = EDGE_CURVE('',#17313,#17305,#17315,.T.);
#17313 = VERTEX_POINT('',#17314);
#17314 = CARTESIAN_POINT('',(908.,577.5,900.));
#17315 = LINE('',#17316,#17317);
#17316 = CARTESIAN_POINT('',(154.,577.5,900.));
#17317 = VECTOR('',#17318,1.);
#17318 = DIRECTION('',(-1.,0.,0.));
#17319 = ORIENTED_EDGE('',*,*,#17320,.F.);
#17320 = EDGE_CURVE('',#17295,#17313,#17321,.T.);
#17321 = LINE('',#17322,#17323);
#17322 = CARTESIAN_POINT('',(908.,-12.75,900.));
#17323 = VECTOR('',#17324,1.);
#17324 = DIRECTION('',(0.,1.,0.));
#17325 = PLANE('',#17326);
#17326 = AXIS2_PLACEMENT_3D('',#17327,#17328,#17329);
#17327 = CARTESIAN_POINT('',(0.,-48.,900.));
#17328 = DIRECTION('',(0.,0.,1.));
#17329 = DIRECTION('',(1.,0.,0.));
#17330 = ADVANCED_FACE('',(#17331),#17349,.T.);
#17331 = FACE_BOUND('',#17332,.T.);
#17332 = EDGE_LOOP('',(#17333,#17341,#17342,#17343));
#17333 = ORIENTED_EDGE('',*,*,#17334,.F.);
#17334 = EDGE_CURVE('',#17216,#17335,#17337,.T.);
#17335 = VERTEX_POINT('',#17336);
#17336 = CARTESIAN_POINT('',(2.258E+03,600.,870.));
#17337 = LINE('',#17338,#17339);
#17338 = CARTESIAN_POINT('',(0.,600.,870.));
#17339 = VECTOR('',#17340,1.);
#17340 = DIRECTION('',(1.,0.,0.));
#17341 = ORIENTED_EDGE('',*,*,#17223,.T.);
#17342 = ORIENTED_EDGE('',*,*,#17286,.T.);
#17343 = ORIENTED_EDGE('',*,*,#17344,.F.);
#17344 = EDGE_CURVE('',#17335,#17279,#17345,.T.);
#17345 = LINE('',#17346,#17347);
#17346 = CARTESIAN_POINT('',(2.258E+03,600.,870.));
#17347 = VECTOR('',#17348,1.);
#17348 = DIRECTION('',(0.,0.,1.));
#17349 = PLANE('',#17350);
#17350 = AXIS2_PLACEMENT_3D('',#17351,#17352,#17353);
#17351 = CARTESIAN_POINT('',(0.,600.,870.));
#17352 = DIRECTION('',(0.,1.,0.));
#17353 = DIRECTION('',(0.,0.,1.));
#17354 = ADVANCED_FACE('',(#17355,#17366),#17400,.F.);
#17355 = FACE_BOUND('',#17356,.F.);
#17356 = EDGE_LOOP('',(#17357,#17358,#17359,#17365));
#17357 = ORIENTED_EDGE('',*,*,#17215,.F.);
#17358 = ORIENTED_EDGE('',*,*,#17245,.T.);
#17359 = ORIENTED_EDGE('',*,*,#17360,.T.);
#17360 = EDGE_CURVE('',#17246,#17335,#17361,.T.);
#17361 = LINE('',#17362,#17363);
#17362 = CARTESIAN_POINT('',(2.258E+03,-48.,870.));
#17363 = VECTOR('',#17364,1.);
#17364 = DIRECTION('',(0.,1.,0.));
#17365 = ORIENTED_EDGE('',*,*,#17334,.F.);
#17366 = FACE_BOUND('',#17367,.F.);
#17367 = EDGE_LOOP('',(#17368,#17378,#17386,#17394));
#17368 = ORIENTED_EDGE('',*,*,#17369,.T.);
#17369 = EDGE_CURVE('',#17370,#17372,#17374,.T.);
#17370 = VERTEX_POINT('',#17371);
#17371 = CARTESIAN_POINT('',(908.,22.5,870.));
#17372 = VERTEX_POINT('',#17373);
#17373 = CARTESIAN_POINT('',(308.,22.5,870.));
#17374 = LINE('',#17375,#17376);
#17375 = CARTESIAN_POINT('',(154.,22.5,870.));
#17376 = VECTOR('',#17377,1.);
#17377 = DIRECTION('',(-1.,0.,0.));
#17378 = ORIENTED_EDGE('',*,*,#17379,.T.);
#17379 = EDGE_CURVE('',#17372,#17380,#17382,.T.);
#17380 = VERTEX_POINT('',#17381);
#17381 = CARTESIAN_POINT('',(308.,577.5,870.));
#17382 = LINE('',#17383,#17384);
#17383 = CARTESIAN_POINT('',(308.,-12.75,870.));
#17384 = VECTOR('',#17385,1.);
#17385 = DIRECTION('',(0.,1.,0.));
#17386 = ORIENTED_EDGE('',*,*,#17387,.F.);
#17387 = EDGE_CURVE('',#17388,#17380,#17390,.T.);
#17388 = VERTEX_POINT('',#17389);
#17389 = CARTESIAN_POINT('',(908.,577.5,870.));
#17390 = LINE('',#17391,#17392);
#17391 = CARTESIAN_POINT('',(154.,577.5,870.));
#17392 = VECTOR('',#17393,1.);
#17393 = DIRECTION('',(-1.,0.,0.));
#17394 = ORIENTED_EDGE('',*,*,#17395,.F.);
#17395 = EDGE_CURVE('',#17370,#17388,#17396,.T.);
#17396 = LINE('',#17397,#17398);
#17397 = CARTESIAN_POINT('',(908.,-12.75,870.));
#17398 = VECTOR('',#17399,1.);
#17399 = DIRECTION('',(0.,1.,0.));
#17400 = PLANE('',#17401);
#17401 = AXIS2_PLACEMENT_3D('',#17402,#17403,#17404);
#17402 = CARTESIAN_POINT('',(0.,-48.,870.));
#17403 = DIRECTION('',(0.,0.,1.));
#17404 = DIRECTION('',(1.,0.,0.));
#17405 = ADVANCED_FACE('',(#17406),#17412,.T.);
#17406 = FACE_BOUND('',#17407,.T.);
#17407 = EDGE_LOOP('',(#17408,#17409,#17410,#17411));
#17408 = ORIENTED_EDGE('',*,*,#17262,.F.);
#17409 = ORIENTED_EDGE('',*,*,#17360,.T.);
#17410 = ORIENTED_EDGE('',*,*,#17344,.T.);
#17411 = ORIENTED_EDGE('',*,*,#17278,.F.);
#17412 = PLANE('',#17413);
#17413 = AXIS2_PLACEMENT_3D('',#17414,#17415,#17416);
#17414 = CARTESIAN_POINT('',(2.258E+03,-48.,870.));
#17415 = DIRECTION('',(1.,0.,0.));
#17416 = DIRECTION('',(0.,0.,1.));
#17417 = ADVANCED_FACE('',(#17418),#17434,.T.);
#17418 = FACE_BOUND('',#17419,.T.);
#17419 = EDGE_LOOP('',(#17420,#17426,#17427,#17433));
#17420 = ORIENTED_EDGE('',*,*,#17421,.F.);
#17421 = EDGE_CURVE('',#17370,#17295,#17422,.T.);
#17422 = LINE('',#17423,#17424);
#17423 = CARTESIAN_POINT('',(908.,22.5,869.));
#17424 = VECTOR('',#17425,1.);
#17425 = DIRECTION('',(0.,0.,1.));
#17426 = ORIENTED_EDGE('',*,*,#17369,.T.);
#17427 = ORIENTED_EDGE('',*,*,#17428,.T.);
#17428 = EDGE_CURVE('',#17372,#17297,#17429,.T.);
#17429 = LINE('',#17430,#17431);
#17430 = CARTESIAN_POINT('',(308.,22.5,869.));
#17431 = VECTOR('',#17432,1.);
#17432 = DIRECTION('',(0.,0.,1.));
#17433 = ORIENTED_EDGE('',*,*,#17294,.F.);
#17434 = PLANE('',#17435);
#17435 = AXIS2_PLACEMENT_3D('',#17436,#17437,#17438);
#17436 = CARTESIAN_POINT('',(308.,22.5,869.));
#17437 = DIRECTION('',(0.,1.,0.));
#17438 = DIRECTION('',(0.,0.,1.));
#17439 = ADVANCED_FACE('',(#17440),#17451,.F.);
#17440 = FACE_BOUND('',#17441,.F.);
#17441 = EDGE_LOOP('',(#17442,#17443,#17444,#17450));
#17442 = ORIENTED_EDGE('',*,*,#17421,.F.);
#17443 = ORIENTED_EDGE('',*,*,#17395,.T.);
#17444 = ORIENTED_EDGE('',*,*,#17445,.T.);
#17445 = EDGE_CURVE('',#17388,#17313,#17446,.T.);
#17446 = LINE('',#17447,#17448);
#17447 = CARTESIAN_POINT('',(908.,577.5,869.));
#17448 = VECTOR('',#17449,1.);
#17449 = DIRECTION('',(0.,0.,1.));
#17450 = ORIENTED_EDGE('',*,*,#17320,.F.);
#17451 = PLANE('',#17452);
#17452 = AXIS2_PLACEMENT_3D('',#17453,#17454,#17455);
#17453 = CARTESIAN_POINT('',(908.,22.5,869.));
#17454 = DIRECTION('',(1.,0.,0.));
#17455 = DIRECTION('',(0.,0.,1.));
#17456 = ADVANCED_FACE('',(#17457),#17468,.F.);
#17457 = FACE_BOUND('',#17458,.F.);
#17458 = EDGE_LOOP('',(#17459,#17460,#17461,#17467));
#17459 = ORIENTED_EDGE('',*,*,#17445,.F.);
#17460 = ORIENTED_EDGE('',*,*,#17387,.T.);
#17461 = ORIENTED_EDGE('',*,*,#17462,.T.);
#17462 = EDGE_CURVE('',#17380,#17305,#17463,.T.);
#17463 = LINE('',#17464,#17465);
#17464 = CARTESIAN_POINT('',(308.,577.5,869.));
#17465 = VECTOR('',#17466,1.);
#17466 = DIRECTION('',(0.,0.,1.));
#17467 = ORIENTED_EDGE('',*,*,#17312,.F.);
#17468 = PLANE('',#17469);
#17469 = AXIS2_PLACEMENT_3D('',#17470,#17471,#17472);
#17470 = CARTESIAN_POINT('',(308.,577.5,869.));
#17471 = DIRECTION('',(0.,1.,0.));
#17472 = DIRECTION('',(0.,0.,1.));
#17473 = ADVANCED_FACE('',(#17474),#17480,.T.);
#17474 = FACE_BOUND('',#17475,.T.);
#17475 = EDGE_LOOP('',(#17476,#17477,#17478,#17479));
#17476 = ORIENTED_EDGE('',*,*,#17428,.F.);
#17477 = ORIENTED_EDGE('',*,*,#17379,.T.);
#17478 = ORIENTED_EDGE('',*,*,#17462,.T.);
#17479 = ORIENTED_EDGE('',*,*,#17304,.F.);
#17480 = PLANE('',#17481);
#17481 = AXIS2_PLACEMENT_3D('',#17482,#17483,#17484);
#17482 = CARTESIAN_POINT('',(308.,22.5,869.));
#17483 = DIRECTION('',(1.,0.,0.));
#17484 = DIRECTION('',(0.,0.,1.));
#17485 = ( GEOMETRIC_REPRESENTATION_CONTEXT(3) 
GLOBAL_UNCERTAINTY_ASSIGNED_CONTEXT((#17489)) 
GLOBAL_UNIT_ASSIGNED_CONTEXT((#17486,#17487,#17488)) 
REPRESENTATION_CONTEXT('Context #1',
  '3D Context with UNIT and UNCERTAINTY') );
#17486 = ( LENGTH_UNIT() NAMED_UNIT(*) SI_UNIT(.MILLI.,.METRE.) );
#17487 = ( NAMED_UNIT(*) PLANE_ANGLE_UNIT() SI_UNIT($,.RADIAN.) );
#17488 = ( NAMED_UNIT(*) SI_UNIT($,.STERADIAN.) SOLID_ANGLE_UNIT() );
#17489 = UNCERTAINTY_MEASURE_WITH_UNIT(LENGTH_MEASURE(1.E-07),#17486,
  'distance_accuracy_value','confusion accuracy');
#17490 = PRODUCT_RELATED_PRODUCT_CATEGORY('part',$,(#7));
ENDSEC;
END-ISO-10303-21;
