ISO-10303-21;
HEADER;
FILE_DESCRIPTION(('FreeCAD Model'),'2;1');
FILE_NAME('Open CASCADE Shape Model','2026-03-12T17:59:16',('FreeCAD'),(
    'FreeCAD'),'Open CASCADE STEP processor 7.8','FreeCAD','Unknown');
FILE_SCHEMA(('AUTOMOTIVE_DESIGN { 1 0 10303 214 1 1 1 1 }'));
ENDSEC;
DATA;
#1 = APPLICATION_PROTOCOL_DEFINITION('international standard',
  'automotive_design',2000,#2);
#2 = APPLICATION_CONTEXT(
  'core data for automotive mechanical design processes');
#3 = SHAPE_DEFINITION_REPRESENTATION(#4,#10);
#4 = PRODUCT_DEFINITION_SHAPE('','',#5);
#5 = PRODUCT_DEFINITION('design','',#6,#9);
#6 = PRODUCT_DEFINITION_FORMATION('','',#7);
#7 = PRODUCT('Open CASCADE STEP translator 7.8 1',
  'Open CASCADE STEP translator 7.8 1','',(#8));
#8 = PRODUCT_CONTEXT('',#2,'mechanical');
#9 = PRODUCT_DEFINITION_CONTEXT('part definition',#2,'design');
#10 = SHAPE_REPRESENTATION('',(#11,#15,#165,#315,#465,#615,#765,#915,
    #1065,#1215,#1365,#1515,#1665,#1815,#1965,#2115,#2265,#2415,#2565,
    #2715,#2865,#3015,#3165,#3315,#3465,#3615,#3765,#3915,#4065,#4215,
    #4365,#4515,#4665,#4815,#4965,#5115,#5265,#5415,#5565,#5715,#5865,
    #6015,#6165,#6315,#6465,#6615,#6765,#6915,#7065,#7215,#7365,#7515,
    #7665,#7815,#7965,#8115,#8265,#8415,#8565,#8715,#8865,#9015,#9165,
    #9315,#9465,#9615,#9765,#9915,#10065,#10215,#10365,#10515,#10665,
    #10815,#10965,#11115,#11265,#11415,#11565,#11715,#11865,#12015,
    #12165,#12315,#12465,#12615,#12765,#12915,#13065,#13215,#13365,
    #13515,#13665,#13815,#13965,#14115,#14265,#14415,#14565,#14715,
    #14865,#15015,#15165,#15315,#15465,#15615,#15921,#16149,#16299,
    #16449,#16599,#16749,#16899,#17049,#17199,#17382,#17532,#17682,
    #17832,#17982,#18132,#18282,#18432,#18582,#18732,#18882,#19032,
    #19182,#19332,#19482,#19632,#19782,#19932,#20082,#20368,#20518,
    #20668,#20818,#20968,#21118,#21268,#21418,#21568,#21718,#21868,
    #22018,#22168,#22318,#22468,#22618,#22768,#22918,#23068),#23218);
#11 = AXIS2_PLACEMENT_3D('',#12,#13,#14);
#12 = CARTESIAN_POINT('',(0.,0.,0.));
#13 = DIRECTION('',(0.,0.,1.));
#14 = DIRECTION('',(1.,0.,-0.));
#15 = MANIFOLD_SOLID_BREP('',#16);
#16 = CLOSED_SHELL('',(#17,#57,#97,#119,#141,#153));
#17 = ADVANCED_FACE('',(#18),#52,.F.);
#18 = FACE_BOUND('',#19,.F.);
#19 = EDGE_LOOP('',(#20,#30,#38,#46));
#20 = ORIENTED_EDGE('',*,*,#21,.F.);
#21 = EDGE_CURVE('',#22,#24,#26,.T.);
#22 = VERTEX_POINT('',#23);
#23 = CARTESIAN_POINT('',(0.,0.,98.));
#24 = VERTEX_POINT('',#25);
#25 = CARTESIAN_POINT('',(0.,0.,852.));
#26 = LINE('',#27,#28);
#27 = CARTESIAN_POINT('',(0.,0.,98.));
#28 = VECTOR('',#29,1.);
#29 = DIRECTION('',(0.,0.,1.));
#30 = ORIENTED_EDGE('',*,*,#31,.T.);
#31 = EDGE_CURVE('',#22,#32,#34,.T.);
#32 = VERTEX_POINT('',#33);
#33 = CARTESIAN_POINT('',(0.,600.,98.));
#34 = LINE('',#35,#36);
#35 = CARTESIAN_POINT('',(0.,0.,98.));
#36 = VECTOR('',#37,1.);
#37 = DIRECTION('',(0.,1.,0.));
#38 = ORIENTED_EDGE('',*,*,#39,.T.);
#39 = EDGE_CURVE('',#32,#40,#42,.T.);
#40 = VERTEX_POINT('',#41);
#41 = CARTESIAN_POINT('',(0.,600.,852.));
#42 = LINE('',#43,#44);
#43 = CARTESIAN_POINT('',(0.,600.,98.));
#44 = VECTOR('',#45,1.);
#45 = DIRECTION('',(0.,0.,1.));
#46 = ORIENTED_EDGE('',*,*,#47,.F.);
#47 = EDGE_CURVE('',#24,#40,#48,.T.);
#48 = LINE('',#49,#50);
#49 = CARTESIAN_POINT('',(0.,0.,852.));
#50 = VECTOR('',#51,1.);
#51 = DIRECTION('',(0.,1.,0.));
#52 = PLANE('',#53);
#53 = AXIS2_PLACEMENT_3D('',#54,#55,#56);
#54 = CARTESIAN_POINT('',(0.,0.,98.));
#55 = DIRECTION('',(1.,0.,0.));
#56 = DIRECTION('',(0.,0.,1.));
#57 = ADVANCED_FACE('',(#58),#92,.T.);
#58 = FACE_BOUND('',#59,.T.);
#59 = EDGE_LOOP('',(#60,#70,#78,#86));
#60 = ORIENTED_EDGE('',*,*,#61,.F.);
#61 = EDGE_CURVE('',#62,#64,#66,.T.);
#62 = VERTEX_POINT('',#63);
#63 = CARTESIAN_POINT('',(18.,0.,98.));
#64 = VERTEX_POINT('',#65);
#65 = CARTESIAN_POINT('',(18.,0.,852.));
#66 = LINE('',#67,#68);
#67 = CARTESIAN_POINT('',(18.,0.,98.));
#68 = VECTOR('',#69,1.);
#69 = DIRECTION('',(0.,0.,1.));
#70 = ORIENTED_EDGE('',*,*,#71,.T.);
#71 = EDGE_CURVE('',#62,#72,#74,.T.);
#72 = VERTEX_POINT('',#73);
#73 = CARTESIAN_POINT('',(18.,600.,98.));
#74 = LINE('',#75,#76);
#75 = CARTESIAN_POINT('',(18.,0.,98.));
#76 = VECTOR('',#77,1.);
#77 = DIRECTION('',(0.,1.,0.));
#78 = ORIENTED_EDGE('',*,*,#79,.T.);
#79 = EDGE_CURVE('',#72,#80,#82,.T.);
#80 = VERTEX_POINT('',#81);
#81 = CARTESIAN_POINT('',(18.,600.,852.));
#82 = LINE('',#83,#84);
#83 = CARTESIAN_POINT('',(18.,600.,98.));
#84 = VECTOR('',#85,1.);
#85 = DIRECTION('',(0.,0.,1.));
#86 = ORIENTED_EDGE('',*,*,#87,.F.);
#87 = EDGE_CURVE('',#64,#80,#88,.T.);
#88 = LINE('',#89,#90);
#89 = CARTESIAN_POINT('',(18.,0.,852.));
#90 = VECTOR('',#91,1.);
#91 = DIRECTION('',(0.,1.,0.));
#92 = PLANE('',#93);
#93 = AXIS2_PLACEMENT_3D('',#94,#95,#96);
#94 = CARTESIAN_POINT('',(18.,0.,98.));
#95 = DIRECTION('',(1.,0.,0.));
#96 = DIRECTION('',(0.,0.,1.));
#97 = ADVANCED_FACE('',(#98),#114,.F.);
#98 = FACE_BOUND('',#99,.F.);
#99 = EDGE_LOOP('',(#100,#106,#107,#113));
#100 = ORIENTED_EDGE('',*,*,#101,.F.);
#101 = EDGE_CURVE('',#22,#62,#102,.T.);
#102 = LINE('',#103,#104);
#103 = CARTESIAN_POINT('',(0.,0.,98.));
#104 = VECTOR('',#105,1.);
#105 = DIRECTION('',(1.,0.,0.));
#106 = ORIENTED_EDGE('',*,*,#21,.T.);
#107 = ORIENTED_EDGE('',*,*,#108,.T.);
#108 = EDGE_CURVE('',#24,#64,#109,.T.);
#109 = LINE('',#110,#111);
#110 = CARTESIAN_POINT('',(0.,0.,852.));
#111 = VECTOR('',#112,1.);
#112 = DIRECTION('',(1.,0.,0.));
#113 = ORIENTED_EDGE('',*,*,#61,.F.);
#114 = PLANE('',#115);
#115 = AXIS2_PLACEMENT_3D('',#116,#117,#118);
#116 = CARTESIAN_POINT('',(0.,0.,98.));
#117 = DIRECTION('',(0.,1.,0.));
#118 = DIRECTION('',(0.,0.,1.));
#119 = ADVANCED_FACE('',(#120),#136,.T.);
#120 = FACE_BOUND('',#121,.T.);
#121 = EDGE_LOOP('',(#122,#128,#129,#135));
#122 = ORIENTED_EDGE('',*,*,#123,.F.);
#123 = EDGE_CURVE('',#32,#72,#124,.T.);
#124 = LINE('',#125,#126);
#125 = CARTESIAN_POINT('',(0.,600.,98.));
#126 = VECTOR('',#127,1.);
#127 = DIRECTION('',(1.,0.,0.));
#128 = ORIENTED_EDGE('',*,*,#39,.T.);
#129 = ORIENTED_EDGE('',*,*,#130,.T.);
#130 = EDGE_CURVE('',#40,#80,#131,.T.);
#131 = LINE('',#132,#133);
#132 = CARTESIAN_POINT('',(0.,600.,852.));
#133 = VECTOR('',#134,1.);
#134 = DIRECTION('',(1.,0.,0.));
#135 = ORIENTED_EDGE('',*,*,#79,.F.);
#136 = PLANE('',#137);
#137 = AXIS2_PLACEMENT_3D('',#138,#139,#140);
#138 = CARTESIAN_POINT('',(0.,600.,98.));
#139 = DIRECTION('',(0.,1.,0.));
#140 = DIRECTION('',(0.,0.,1.));
#141 = ADVANCED_FACE('',(#142),#148,.F.);
#142 = FACE_BOUND('',#143,.F.);
#143 = EDGE_LOOP('',(#144,#145,#146,#147));
#144 = ORIENTED_EDGE('',*,*,#31,.F.);
#145 = ORIENTED_EDGE('',*,*,#101,.T.);
#146 = ORIENTED_EDGE('',*,*,#71,.T.);
#147 = ORIENTED_EDGE('',*,*,#123,.F.);
#148 = PLANE('',#149);
#149 = AXIS2_PLACEMENT_3D('',#150,#151,#152);
#150 = CARTESIAN_POINT('',(0.,0.,98.));
#151 = DIRECTION('',(0.,0.,1.));
#152 = DIRECTION('',(1.,0.,0.));
#153 = ADVANCED_FACE('',(#154),#160,.T.);
#154 = FACE_BOUND('',#155,.T.);
#155 = EDGE_LOOP('',(#156,#157,#158,#159));
#156 = ORIENTED_EDGE('',*,*,#47,.F.);
#157 = ORIENTED_EDGE('',*,*,#108,.T.);
#158 = ORIENTED_EDGE('',*,*,#87,.T.);
#159 = ORIENTED_EDGE('',*,*,#130,.F.);
#160 = PLANE('',#161);
#161 = AXIS2_PLACEMENT_3D('',#162,#163,#164);
#162 = CARTESIAN_POINT('',(0.,0.,852.));
#163 = DIRECTION('',(0.,0.,1.));
#164 = DIRECTION('',(1.,0.,0.));
#165 = MANIFOLD_SOLID_BREP('',#166);
#166 = CLOSED_SHELL('',(#167,#207,#247,#269,#291,#303));
#167 = ADVANCED_FACE('',(#168),#202,.F.);
#168 = FACE_BOUND('',#169,.F.);
#169 = EDGE_LOOP('',(#170,#180,#188,#196));
#170 = ORIENTED_EDGE('',*,*,#171,.F.);
#171 = EDGE_CURVE('',#172,#174,#176,.T.);
#172 = VERTEX_POINT('',#173);
#173 = CARTESIAN_POINT('',(885.,0.,98.));
#174 = VERTEX_POINT('',#175);
#175 = CARTESIAN_POINT('',(885.,0.,852.));
#176 = LINE('',#177,#178);
#177 = CARTESIAN_POINT('',(885.,0.,98.));
#178 = VECTOR('',#179,1.);
#179 = DIRECTION('',(0.,0.,1.));
#180 = ORIENTED_EDGE('',*,*,#181,.T.);
#181 = EDGE_CURVE('',#172,#182,#184,.T.);
#182 = VERTEX_POINT('',#183);
#183 = CARTESIAN_POINT('',(885.,600.,98.));
#184 = LINE('',#185,#186);
#185 = CARTESIAN_POINT('',(885.,0.,98.));
#186 = VECTOR('',#187,1.);
#187 = DIRECTION('',(0.,1.,0.));
#188 = ORIENTED_EDGE('',*,*,#189,.T.);
#189 = EDGE_CURVE('',#182,#190,#192,.T.);
#190 = VERTEX_POINT('',#191);
#191 = CARTESIAN_POINT('',(885.,600.,852.));
#192 = LINE('',#193,#194);
#193 = CARTESIAN_POINT('',(885.,600.,98.));
#194 = VECTOR('',#195,1.);
#195 = DIRECTION('',(0.,0.,1.));
#196 = ORIENTED_EDGE('',*,*,#197,.F.);
#197 = EDGE_CURVE('',#174,#190,#198,.T.);
#198 = LINE('',#199,#200);
#199 = CARTESIAN_POINT('',(885.,0.,852.));
#200 = VECTOR('',#201,1.);
#201 = DIRECTION('',(0.,1.,0.));
#202 = PLANE('',#203);
#203 = AXIS2_PLACEMENT_3D('',#204,#205,#206);
#204 = CARTESIAN_POINT('',(885.,0.,98.));
#205 = DIRECTION('',(1.,0.,0.));
#206 = DIRECTION('',(0.,0.,1.));
#207 = ADVANCED_FACE('',(#208),#242,.T.);
#208 = FACE_BOUND('',#209,.T.);
#209 = EDGE_LOOP('',(#210,#220,#228,#236));
#210 = ORIENTED_EDGE('',*,*,#211,.F.);
#211 = EDGE_CURVE('',#212,#214,#216,.T.);
#212 = VERTEX_POINT('',#213);
#213 = CARTESIAN_POINT('',(903.,0.,98.));
#214 = VERTEX_POINT('',#215);
#215 = CARTESIAN_POINT('',(903.,0.,852.));
#216 = LINE('',#217,#218);
#217 = CARTESIAN_POINT('',(903.,0.,98.));
#218 = VECTOR('',#219,1.);
#219 = DIRECTION('',(0.,0.,1.));
#220 = ORIENTED_EDGE('',*,*,#221,.T.);
#221 = EDGE_CURVE('',#212,#222,#224,.T.);
#222 = VERTEX_POINT('',#223);
#223 = CARTESIAN_POINT('',(903.,600.,98.));
#224 = LINE('',#225,#226);
#225 = CARTESIAN_POINT('',(903.,0.,98.));
#226 = VECTOR('',#227,1.);
#227 = DIRECTION('',(0.,1.,0.));
#228 = ORIENTED_EDGE('',*,*,#229,.T.);
#229 = EDGE_CURVE('',#222,#230,#232,.T.);
#230 = VERTEX_POINT('',#231);
#231 = CARTESIAN_POINT('',(903.,600.,852.));
#232 = LINE('',#233,#234);
#233 = CARTESIAN_POINT('',(903.,600.,98.));
#234 = VECTOR('',#235,1.);
#235 = DIRECTION('',(0.,0.,1.));
#236 = ORIENTED_EDGE('',*,*,#237,.F.);
#237 = EDGE_CURVE('',#214,#230,#238,.T.);
#238 = LINE('',#239,#240);
#239 = CARTESIAN_POINT('',(903.,0.,852.));
#240 = VECTOR('',#241,1.);
#241 = DIRECTION('',(0.,1.,0.));
#242 = PLANE('',#243);
#243 = AXIS2_PLACEMENT_3D('',#244,#245,#246);
#244 = CARTESIAN_POINT('',(903.,0.,98.));
#245 = DIRECTION('',(1.,0.,0.));
#246 = DIRECTION('',(0.,0.,1.));
#247 = ADVANCED_FACE('',(#248),#264,.F.);
#248 = FACE_BOUND('',#249,.F.);
#249 = EDGE_LOOP('',(#250,#256,#257,#263));
#250 = ORIENTED_EDGE('',*,*,#251,.F.);
#251 = EDGE_CURVE('',#172,#212,#252,.T.);
#252 = LINE('',#253,#254);
#253 = CARTESIAN_POINT('',(885.,0.,98.));
#254 = VECTOR('',#255,1.);
#255 = DIRECTION('',(1.,0.,0.));
#256 = ORIENTED_EDGE('',*,*,#171,.T.);
#257 = ORIENTED_EDGE('',*,*,#258,.T.);
#258 = EDGE_CURVE('',#174,#214,#259,.T.);
#259 = LINE('',#260,#261);
#260 = CARTESIAN_POINT('',(885.,0.,852.));
#261 = VECTOR('',#262,1.);
#262 = DIRECTION('',(1.,0.,0.));
#263 = ORIENTED_EDGE('',*,*,#211,.F.);
#264 = PLANE('',#265);
#265 = AXIS2_PLACEMENT_3D('',#266,#267,#268);
#266 = CARTESIAN_POINT('',(885.,0.,98.));
#267 = DIRECTION('',(0.,1.,0.));
#268 = DIRECTION('',(0.,0.,1.));
#269 = ADVANCED_FACE('',(#270),#286,.T.);
#270 = FACE_BOUND('',#271,.T.);
#271 = EDGE_LOOP('',(#272,#278,#279,#285));
#272 = ORIENTED_EDGE('',*,*,#273,.F.);
#273 = EDGE_CURVE('',#182,#222,#274,.T.);
#274 = LINE('',#275,#276);
#275 = CARTESIAN_POINT('',(885.,600.,98.));
#276 = VECTOR('',#277,1.);
#277 = DIRECTION('',(1.,0.,0.));
#278 = ORIENTED_EDGE('',*,*,#189,.T.);
#279 = ORIENTED_EDGE('',*,*,#280,.T.);
#280 = EDGE_CURVE('',#190,#230,#281,.T.);
#281 = LINE('',#282,#283);
#282 = CARTESIAN_POINT('',(885.,600.,852.));
#283 = VECTOR('',#284,1.);
#284 = DIRECTION('',(1.,0.,0.));
#285 = ORIENTED_EDGE('',*,*,#229,.F.);
#286 = PLANE('',#287);
#287 = AXIS2_PLACEMENT_3D('',#288,#289,#290);
#288 = CARTESIAN_POINT('',(885.,600.,98.));
#289 = DIRECTION('',(0.,1.,0.));
#290 = DIRECTION('',(0.,0.,1.));
#291 = ADVANCED_FACE('',(#292),#298,.F.);
#292 = FACE_BOUND('',#293,.F.);
#293 = EDGE_LOOP('',(#294,#295,#296,#297));
#294 = ORIENTED_EDGE('',*,*,#181,.F.);
#295 = ORIENTED_EDGE('',*,*,#251,.T.);
#296 = ORIENTED_EDGE('',*,*,#221,.T.);
#297 = ORIENTED_EDGE('',*,*,#273,.F.);
#298 = PLANE('',#299);
#299 = AXIS2_PLACEMENT_3D('',#300,#301,#302);
#300 = CARTESIAN_POINT('',(885.,0.,98.));
#301 = DIRECTION('',(0.,0.,1.));
#302 = DIRECTION('',(1.,0.,0.));
#303 = ADVANCED_FACE('',(#304),#310,.T.);
#304 = FACE_BOUND('',#305,.T.);
#305 = EDGE_LOOP('',(#306,#307,#308,#309));
#306 = ORIENTED_EDGE('',*,*,#197,.F.);
#307 = ORIENTED_EDGE('',*,*,#258,.T.);
#308 = ORIENTED_EDGE('',*,*,#237,.T.);
#309 = ORIENTED_EDGE('',*,*,#280,.F.);
#310 = PLANE('',#311);
#311 = AXIS2_PLACEMENT_3D('',#312,#313,#314);
#312 = CARTESIAN_POINT('',(885.,0.,852.));
#313 = DIRECTION('',(0.,0.,1.));
#314 = DIRECTION('',(1.,0.,0.));
#315 = MANIFOLD_SOLID_BREP('',#316);
#316 = CLOSED_SHELL('',(#317,#357,#397,#419,#441,#453));
#317 = ADVANCED_FACE('',(#318),#352,.F.);
#318 = FACE_BOUND('',#319,.F.);
#319 = EDGE_LOOP('',(#320,#330,#338,#346));
#320 = ORIENTED_EDGE('',*,*,#321,.F.);
#321 = EDGE_CURVE('',#322,#324,#326,.T.);
#322 = VERTEX_POINT('',#323);
#323 = CARTESIAN_POINT('',(0.,0.,80.));
#324 = VERTEX_POINT('',#325);
#325 = CARTESIAN_POINT('',(0.,0.,98.));
#326 = LINE('',#327,#328);
#327 = CARTESIAN_POINT('',(0.,0.,80.));
#328 = VECTOR('',#329,1.);
#329 = DIRECTION('',(0.,0.,1.));
#330 = ORIENTED_EDGE('',*,*,#331,.T.);
#331 = EDGE_CURVE('',#322,#332,#334,.T.);
#332 = VERTEX_POINT('',#333);
#333 = CARTESIAN_POINT('',(0.,600.,80.));
#334 = LINE('',#335,#336);
#335 = CARTESIAN_POINT('',(0.,0.,80.));
#336 = VECTOR('',#337,1.);
#337 = DIRECTION('',(0.,1.,0.));
#338 = ORIENTED_EDGE('',*,*,#339,.T.);
#339 = EDGE_CURVE('',#332,#340,#342,.T.);
#340 = VERTEX_POINT('',#341);
#341 = CARTESIAN_POINT('',(0.,600.,98.));
#342 = LINE('',#343,#344);
#343 = CARTESIAN_POINT('',(0.,600.,80.));
#344 = VECTOR('',#345,1.);
#345 = DIRECTION('',(0.,0.,1.));
#346 = ORIENTED_EDGE('',*,*,#347,.F.);
#347 = EDGE_CURVE('',#324,#340,#348,.T.);
#348 = LINE('',#349,#350);
#349 = CARTESIAN_POINT('',(0.,0.,98.));
#350 = VECTOR('',#351,1.);
#351 = DIRECTION('',(0.,1.,0.));
#352 = PLANE('',#353);
#353 = AXIS2_PLACEMENT_3D('',#354,#355,#356);
#354 = CARTESIAN_POINT('',(0.,0.,80.));
#355 = DIRECTION('',(1.,0.,0.));
#356 = DIRECTION('',(0.,0.,1.));
#357 = ADVANCED_FACE('',(#358),#392,.T.);
#358 = FACE_BOUND('',#359,.T.);
#359 = EDGE_LOOP('',(#360,#370,#378,#386));
#360 = ORIENTED_EDGE('',*,*,#361,.F.);
#361 = EDGE_CURVE('',#362,#364,#366,.T.);
#362 = VERTEX_POINT('',#363);
#363 = CARTESIAN_POINT('',(903.,0.,80.));
#364 = VERTEX_POINT('',#365);
#365 = CARTESIAN_POINT('',(903.,0.,98.));
#366 = LINE('',#367,#368);
#367 = CARTESIAN_POINT('',(903.,0.,80.));
#368 = VECTOR('',#369,1.);
#369 = DIRECTION('',(0.,0.,1.));
#370 = ORIENTED_EDGE('',*,*,#371,.T.);
#371 = EDGE_CURVE('',#362,#372,#374,.T.);
#372 = VERTEX_POINT('',#373);
#373 = CARTESIAN_POINT('',(903.,600.,80.));
#374 = LINE('',#375,#376);
#375 = CARTESIAN_POINT('',(903.,0.,80.));
#376 = VECTOR('',#377,1.);
#377 = DIRECTION('',(0.,1.,0.));
#378 = ORIENTED_EDGE('',*,*,#379,.T.);
#379 = EDGE_CURVE('',#372,#380,#382,.T.);
#380 = VERTEX_POINT('',#381);
#381 = CARTESIAN_POINT('',(903.,600.,98.));
#382 = LINE('',#383,#384);
#383 = CARTESIAN_POINT('',(903.,600.,80.));
#384 = VECTOR('',#385,1.);
#385 = DIRECTION('',(0.,0.,1.));
#386 = ORIENTED_EDGE('',*,*,#387,.F.);
#387 = EDGE_CURVE('',#364,#380,#388,.T.);
#388 = LINE('',#389,#390);
#389 = CARTESIAN_POINT('',(903.,0.,98.));
#390 = VECTOR('',#391,1.);
#391 = DIRECTION('',(0.,1.,0.));
#392 = PLANE('',#393);
#393 = AXIS2_PLACEMENT_3D('',#394,#395,#396);
#394 = CARTESIAN_POINT('',(903.,0.,80.));
#395 = DIRECTION('',(1.,0.,0.));
#396 = DIRECTION('',(0.,0.,1.));
#397 = ADVANCED_FACE('',(#398),#414,.F.);
#398 = FACE_BOUND('',#399,.F.);
#399 = EDGE_LOOP('',(#400,#406,#407,#413));
#400 = ORIENTED_EDGE('',*,*,#401,.F.);
#401 = EDGE_CURVE('',#322,#362,#402,.T.);
#402 = LINE('',#403,#404);
#403 = CARTESIAN_POINT('',(0.,0.,80.));
#404 = VECTOR('',#405,1.);
#405 = DIRECTION('',(1.,0.,0.));
#406 = ORIENTED_EDGE('',*,*,#321,.T.);
#407 = ORIENTED_EDGE('',*,*,#408,.T.);
#408 = EDGE_CURVE('',#324,#364,#409,.T.);
#409 = LINE('',#410,#411);
#410 = CARTESIAN_POINT('',(0.,0.,98.));
#411 = VECTOR('',#412,1.);
#412 = DIRECTION('',(1.,0.,0.));
#413 = ORIENTED_EDGE('',*,*,#361,.F.);
#414 = PLANE('',#415);
#415 = AXIS2_PLACEMENT_3D('',#416,#417,#418);
#416 = CARTESIAN_POINT('',(0.,0.,80.));
#417 = DIRECTION('',(0.,1.,0.));
#418 = DIRECTION('',(0.,0.,1.));
#419 = ADVANCED_FACE('',(#420),#436,.T.);
#420 = FACE_BOUND('',#421,.T.);
#421 = EDGE_LOOP('',(#422,#428,#429,#435));
#422 = ORIENTED_EDGE('',*,*,#423,.F.);
#423 = EDGE_CURVE('',#332,#372,#424,.T.);
#424 = LINE('',#425,#426);
#425 = CARTESIAN_POINT('',(0.,600.,80.));
#426 = VECTOR('',#427,1.);
#427 = DIRECTION('',(1.,0.,0.));
#428 = ORIENTED_EDGE('',*,*,#339,.T.);
#429 = ORIENTED_EDGE('',*,*,#430,.T.);
#430 = EDGE_CURVE('',#340,#380,#431,.T.);
#431 = LINE('',#432,#433);
#432 = CARTESIAN_POINT('',(0.,600.,98.));
#433 = VECTOR('',#434,1.);
#434 = DIRECTION('',(1.,0.,0.));
#435 = ORIENTED_EDGE('',*,*,#379,.F.);
#436 = PLANE('',#437);
#437 = AXIS2_PLACEMENT_3D('',#438,#439,#440);
#438 = CARTESIAN_POINT('',(0.,600.,80.));
#439 = DIRECTION('',(0.,1.,0.));
#440 = DIRECTION('',(0.,0.,1.));
#441 = ADVANCED_FACE('',(#442),#448,.F.);
#442 = FACE_BOUND('',#443,.F.);
#443 = EDGE_LOOP('',(#444,#445,#446,#447));
#444 = ORIENTED_EDGE('',*,*,#331,.F.);
#445 = ORIENTED_EDGE('',*,*,#401,.T.);
#446 = ORIENTED_EDGE('',*,*,#371,.T.);
#447 = ORIENTED_EDGE('',*,*,#423,.F.);
#448 = PLANE('',#449);
#449 = AXIS2_PLACEMENT_3D('',#450,#451,#452);
#450 = CARTESIAN_POINT('',(0.,0.,80.));
#451 = DIRECTION('',(0.,0.,1.));
#452 = DIRECTION('',(1.,0.,0.));
#453 = ADVANCED_FACE('',(#454),#460,.T.);
#454 = FACE_BOUND('',#455,.T.);
#455 = EDGE_LOOP('',(#456,#457,#458,#459));
#456 = ORIENTED_EDGE('',*,*,#347,.F.);
#457 = ORIENTED_EDGE('',*,*,#408,.T.);
#458 = ORIENTED_EDGE('',*,*,#387,.T.);
#459 = ORIENTED_EDGE('',*,*,#430,.F.);
#460 = PLANE('',#461);
#461 = AXIS2_PLACEMENT_3D('',#462,#463,#464);
#462 = CARTESIAN_POINT('',(0.,0.,98.));
#463 = DIRECTION('',(0.,0.,1.));
#464 = DIRECTION('',(1.,0.,0.));
#465 = MANIFOLD_SOLID_BREP('',#466);
#466 = CLOSED_SHELL('',(#467,#507,#547,#569,#591,#603));
#467 = ADVANCED_FACE('',(#468),#502,.F.);
#468 = FACE_BOUND('',#469,.F.);
#469 = EDGE_LOOP('',(#470,#480,#488,#496));
#470 = ORIENTED_EDGE('',*,*,#471,.F.);
#471 = EDGE_CURVE('',#472,#474,#476,.T.);
#472 = VERTEX_POINT('',#473);
#473 = CARTESIAN_POINT('',(30.,30.,0.));
#474 = VERTEX_POINT('',#475);
#475 = CARTESIAN_POINT('',(30.,30.,80.));
#476 = LINE('',#477,#478);
#477 = CARTESIAN_POINT('',(30.,30.,0.));
#478 = VECTOR('',#479,1.);
#479 = DIRECTION('',(0.,0.,1.));
#480 = ORIENTED_EDGE('',*,*,#481,.T.);
#481 = EDGE_CURVE('',#472,#482,#484,.T.);
#482 = VERTEX_POINT('',#483);
#483 = CARTESIAN_POINT('',(30.,70.,0.));
#484 = LINE('',#485,#486);
#485 = CARTESIAN_POINT('',(30.,30.,0.));
#486 = VECTOR('',#487,1.);
#487 = DIRECTION('',(0.,1.,0.));
#488 = ORIENTED_EDGE('',*,*,#489,.T.);
#489 = EDGE_CURVE('',#482,#490,#492,.T.);
#490 = VERTEX_POINT('',#491);
#491 = CARTESIAN_POINT('',(30.,70.,80.));
#492 = LINE('',#493,#494);
#493 = CARTESIAN_POINT('',(30.,70.,0.));
#494 = VECTOR('',#495,1.);
#495 = DIRECTION('',(0.,0.,1.));
#496 = ORIENTED_EDGE('',*,*,#497,.F.);
#497 = EDGE_CURVE('',#474,#490,#498,.T.);
#498 = LINE('',#499,#500);
#499 = CARTESIAN_POINT('',(30.,30.,80.));
#500 = VECTOR('',#501,1.);
#501 = DIRECTION('',(0.,1.,0.));
#502 = PLANE('',#503);
#503 = AXIS2_PLACEMENT_3D('',#504,#505,#506);
#504 = CARTESIAN_POINT('',(30.,30.,0.));
#505 = DIRECTION('',(1.,0.,0.));
#506 = DIRECTION('',(0.,0.,1.));
#507 = ADVANCED_FACE('',(#508),#542,.T.);
#508 = FACE_BOUND('',#509,.T.);
#509 = EDGE_LOOP('',(#510,#520,#528,#536));
#510 = ORIENTED_EDGE('',*,*,#511,.F.);
#511 = EDGE_CURVE('',#512,#514,#516,.T.);
#512 = VERTEX_POINT('',#513);
#513 = CARTESIAN_POINT('',(70.,30.,0.));
#514 = VERTEX_POINT('',#515);
#515 = CARTESIAN_POINT('',(70.,30.,80.));
#516 = LINE('',#517,#518);
#517 = CARTESIAN_POINT('',(70.,30.,0.));
#518 = VECTOR('',#519,1.);
#519 = DIRECTION('',(0.,0.,1.));
#520 = ORIENTED_EDGE('',*,*,#521,.T.);
#521 = EDGE_CURVE('',#512,#522,#524,.T.);
#522 = VERTEX_POINT('',#523);
#523 = CARTESIAN_POINT('',(70.,70.,0.));
#524 = LINE('',#525,#526);
#525 = CARTESIAN_POINT('',(70.,30.,0.));
#526 = VECTOR('',#527,1.);
#527 = DIRECTION('',(0.,1.,0.));
#528 = ORIENTED_EDGE('',*,*,#529,.T.);
#529 = EDGE_CURVE('',#522,#530,#532,.T.);
#530 = VERTEX_POINT('',#531);
#531 = CARTESIAN_POINT('',(70.,70.,80.));
#532 = LINE('',#533,#534);
#533 = CARTESIAN_POINT('',(70.,70.,0.));
#534 = VECTOR('',#535,1.);
#535 = DIRECTION('',(0.,0.,1.));
#536 = ORIENTED_EDGE('',*,*,#537,.F.);
#537 = EDGE_CURVE('',#514,#530,#538,.T.);
#538 = LINE('',#539,#540);
#539 = CARTESIAN_POINT('',(70.,30.,80.));
#540 = VECTOR('',#541,1.);
#541 = DIRECTION('',(0.,1.,0.));
#542 = PLANE('',#543);
#543 = AXIS2_PLACEMENT_3D('',#544,#545,#546);
#544 = CARTESIAN_POINT('',(70.,30.,0.));
#545 = DIRECTION('',(1.,0.,0.));
#546 = DIRECTION('',(0.,0.,1.));
#547 = ADVANCED_FACE('',(#548),#564,.F.);
#548 = FACE_BOUND('',#549,.F.);
#549 = EDGE_LOOP('',(#550,#556,#557,#563));
#550 = ORIENTED_EDGE('',*,*,#551,.F.);
#551 = EDGE_CURVE('',#472,#512,#552,.T.);
#552 = LINE('',#553,#554);
#553 = CARTESIAN_POINT('',(30.,30.,0.));
#554 = VECTOR('',#555,1.);
#555 = DIRECTION('',(1.,0.,0.));
#556 = ORIENTED_EDGE('',*,*,#471,.T.);
#557 = ORIENTED_EDGE('',*,*,#558,.T.);
#558 = EDGE_CURVE('',#474,#514,#559,.T.);
#559 = LINE('',#560,#561);
#560 = CARTESIAN_POINT('',(30.,30.,80.));
#561 = VECTOR('',#562,1.);
#562 = DIRECTION('',(1.,0.,0.));
#563 = ORIENTED_EDGE('',*,*,#511,.F.);
#564 = PLANE('',#565);
#565 = AXIS2_PLACEMENT_3D('',#566,#567,#568);
#566 = CARTESIAN_POINT('',(30.,30.,0.));
#567 = DIRECTION('',(0.,1.,0.));
#568 = DIRECTION('',(0.,0.,1.));
#569 = ADVANCED_FACE('',(#570),#586,.T.);
#570 = FACE_BOUND('',#571,.T.);
#571 = EDGE_LOOP('',(#572,#578,#579,#585));
#572 = ORIENTED_EDGE('',*,*,#573,.F.);
#573 = EDGE_CURVE('',#482,#522,#574,.T.);
#574 = LINE('',#575,#576);
#575 = CARTESIAN_POINT('',(30.,70.,0.));
#576 = VECTOR('',#577,1.);
#577 = DIRECTION('',(1.,0.,0.));
#578 = ORIENTED_EDGE('',*,*,#489,.T.);
#579 = ORIENTED_EDGE('',*,*,#580,.T.);
#580 = EDGE_CURVE('',#490,#530,#581,.T.);
#581 = LINE('',#582,#583);
#582 = CARTESIAN_POINT('',(30.,70.,80.));
#583 = VECTOR('',#584,1.);
#584 = DIRECTION('',(1.,0.,0.));
#585 = ORIENTED_EDGE('',*,*,#529,.F.);
#586 = PLANE('',#587);
#587 = AXIS2_PLACEMENT_3D('',#588,#589,#590);
#588 = CARTESIAN_POINT('',(30.,70.,0.));
#589 = DIRECTION('',(0.,1.,0.));
#590 = DIRECTION('',(0.,0.,1.));
#591 = ADVANCED_FACE('',(#592),#598,.F.);
#592 = FACE_BOUND('',#593,.F.);
#593 = EDGE_LOOP('',(#594,#595,#596,#597));
#594 = ORIENTED_EDGE('',*,*,#481,.F.);
#595 = ORIENTED_EDGE('',*,*,#551,.T.);
#596 = ORIENTED_EDGE('',*,*,#521,.T.);
#597 = ORIENTED_EDGE('',*,*,#573,.F.);
#598 = PLANE('',#599);
#599 = AXIS2_PLACEMENT_3D('',#600,#601,#602);
#600 = CARTESIAN_POINT('',(30.,30.,0.));
#601 = DIRECTION('',(0.,0.,1.));
#602 = DIRECTION('',(1.,0.,0.));
#603 = ADVANCED_FACE('',(#604),#610,.T.);
#604 = FACE_BOUND('',#605,.T.);
#605 = EDGE_LOOP('',(#606,#607,#608,#609));
#606 = ORIENTED_EDGE('',*,*,#497,.F.);
#607 = ORIENTED_EDGE('',*,*,#558,.T.);
#608 = ORIENTED_EDGE('',*,*,#537,.T.);
#609 = ORIENTED_EDGE('',*,*,#580,.F.);
#610 = PLANE('',#611);
#611 = AXIS2_PLACEMENT_3D('',#612,#613,#614);
#612 = CARTESIAN_POINT('',(30.,30.,80.));
#613 = DIRECTION('',(0.,0.,1.));
#614 = DIRECTION('',(1.,0.,0.));
#615 = MANIFOLD_SOLID_BREP('',#616);
#616 = CLOSED_SHELL('',(#617,#657,#697,#719,#741,#753));
#617 = ADVANCED_FACE('',(#618),#652,.F.);
#618 = FACE_BOUND('',#619,.F.);
#619 = EDGE_LOOP('',(#620,#630,#638,#646));
#620 = ORIENTED_EDGE('',*,*,#621,.F.);
#621 = EDGE_CURVE('',#622,#624,#626,.T.);
#622 = VERTEX_POINT('',#623);
#623 = CARTESIAN_POINT('',(833.,30.,0.));
#624 = VERTEX_POINT('',#625);
#625 = CARTESIAN_POINT('',(833.,30.,80.));
#626 = LINE('',#627,#628);
#627 = CARTESIAN_POINT('',(833.,30.,0.));
#628 = VECTOR('',#629,1.);
#629 = DIRECTION('',(0.,0.,1.));
#630 = ORIENTED_EDGE('',*,*,#631,.T.);
#631 = EDGE_CURVE('',#622,#632,#634,.T.);
#632 = VERTEX_POINT('',#633);
#633 = CARTESIAN_POINT('',(833.,70.,0.));
#634 = LINE('',#635,#636);
#635 = CARTESIAN_POINT('',(833.,30.,0.));
#636 = VECTOR('',#637,1.);
#637 = DIRECTION('',(0.,1.,0.));
#638 = ORIENTED_EDGE('',*,*,#639,.T.);
#639 = EDGE_CURVE('',#632,#640,#642,.T.);
#640 = VERTEX_POINT('',#641);
#641 = CARTESIAN_POINT('',(833.,70.,80.));
#642 = LINE('',#643,#644);
#643 = CARTESIAN_POINT('',(833.,70.,0.));
#644 = VECTOR('',#645,1.);
#645 = DIRECTION('',(0.,0.,1.));
#646 = ORIENTED_EDGE('',*,*,#647,.F.);
#647 = EDGE_CURVE('',#624,#640,#648,.T.);
#648 = LINE('',#649,#650);
#649 = CARTESIAN_POINT('',(833.,30.,80.));
#650 = VECTOR('',#651,1.);
#651 = DIRECTION('',(0.,1.,0.));
#652 = PLANE('',#653);
#653 = AXIS2_PLACEMENT_3D('',#654,#655,#656);
#654 = CARTESIAN_POINT('',(833.,30.,0.));
#655 = DIRECTION('',(1.,0.,0.));
#656 = DIRECTION('',(0.,0.,1.));
#657 = ADVANCED_FACE('',(#658),#692,.T.);
#658 = FACE_BOUND('',#659,.T.);
#659 = EDGE_LOOP('',(#660,#670,#678,#686));
#660 = ORIENTED_EDGE('',*,*,#661,.F.);
#661 = EDGE_CURVE('',#662,#664,#666,.T.);
#662 = VERTEX_POINT('',#663);
#663 = CARTESIAN_POINT('',(873.,30.,0.));
#664 = VERTEX_POINT('',#665);
#665 = CARTESIAN_POINT('',(873.,30.,80.));
#666 = LINE('',#667,#668);
#667 = CARTESIAN_POINT('',(873.,30.,0.));
#668 = VECTOR('',#669,1.);
#669 = DIRECTION('',(0.,0.,1.));
#670 = ORIENTED_EDGE('',*,*,#671,.T.);
#671 = EDGE_CURVE('',#662,#672,#674,.T.);
#672 = VERTEX_POINT('',#673);
#673 = CARTESIAN_POINT('',(873.,70.,0.));
#674 = LINE('',#675,#676);
#675 = CARTESIAN_POINT('',(873.,30.,0.));
#676 = VECTOR('',#677,1.);
#677 = DIRECTION('',(0.,1.,0.));
#678 = ORIENTED_EDGE('',*,*,#679,.T.);
#679 = EDGE_CURVE('',#672,#680,#682,.T.);
#680 = VERTEX_POINT('',#681);
#681 = CARTESIAN_POINT('',(873.,70.,80.));
#682 = LINE('',#683,#684);
#683 = CARTESIAN_POINT('',(873.,70.,0.));
#684 = VECTOR('',#685,1.);
#685 = DIRECTION('',(0.,0.,1.));
#686 = ORIENTED_EDGE('',*,*,#687,.F.);
#687 = EDGE_CURVE('',#664,#680,#688,.T.);
#688 = LINE('',#689,#690);
#689 = CARTESIAN_POINT('',(873.,30.,80.));
#690 = VECTOR('',#691,1.);
#691 = DIRECTION('',(0.,1.,0.));
#692 = PLANE('',#693);
#693 = AXIS2_PLACEMENT_3D('',#694,#695,#696);
#694 = CARTESIAN_POINT('',(873.,30.,0.));
#695 = DIRECTION('',(1.,0.,0.));
#696 = DIRECTION('',(0.,0.,1.));
#697 = ADVANCED_FACE('',(#698),#714,.F.);
#698 = FACE_BOUND('',#699,.F.);
#699 = EDGE_LOOP('',(#700,#706,#707,#713));
#700 = ORIENTED_EDGE('',*,*,#701,.F.);
#701 = EDGE_CURVE('',#622,#662,#702,.T.);
#702 = LINE('',#703,#704);
#703 = CARTESIAN_POINT('',(833.,30.,0.));
#704 = VECTOR('',#705,1.);
#705 = DIRECTION('',(1.,0.,0.));
#706 = ORIENTED_EDGE('',*,*,#621,.T.);
#707 = ORIENTED_EDGE('',*,*,#708,.T.);
#708 = EDGE_CURVE('',#624,#664,#709,.T.);
#709 = LINE('',#710,#711);
#710 = CARTESIAN_POINT('',(833.,30.,80.));
#711 = VECTOR('',#712,1.);
#712 = DIRECTION('',(1.,0.,0.));
#713 = ORIENTED_EDGE('',*,*,#661,.F.);
#714 = PLANE('',#715);
#715 = AXIS2_PLACEMENT_3D('',#716,#717,#718);
#716 = CARTESIAN_POINT('',(833.,30.,0.));
#717 = DIRECTION('',(0.,1.,0.));
#718 = DIRECTION('',(0.,0.,1.));
#719 = ADVANCED_FACE('',(#720),#736,.T.);
#720 = FACE_BOUND('',#721,.T.);
#721 = EDGE_LOOP('',(#722,#728,#729,#735));
#722 = ORIENTED_EDGE('',*,*,#723,.F.);
#723 = EDGE_CURVE('',#632,#672,#724,.T.);
#724 = LINE('',#725,#726);
#725 = CARTESIAN_POINT('',(833.,70.,0.));
#726 = VECTOR('',#727,1.);
#727 = DIRECTION('',(1.,0.,0.));
#728 = ORIENTED_EDGE('',*,*,#639,.T.);
#729 = ORIENTED_EDGE('',*,*,#730,.T.);
#730 = EDGE_CURVE('',#640,#680,#731,.T.);
#731 = LINE('',#732,#733);
#732 = CARTESIAN_POINT('',(833.,70.,80.));
#733 = VECTOR('',#734,1.);
#734 = DIRECTION('',(1.,0.,0.));
#735 = ORIENTED_EDGE('',*,*,#679,.F.);
#736 = PLANE('',#737);
#737 = AXIS2_PLACEMENT_3D('',#738,#739,#740);
#738 = CARTESIAN_POINT('',(833.,70.,0.));
#739 = DIRECTION('',(0.,1.,0.));
#740 = DIRECTION('',(0.,0.,1.));
#741 = ADVANCED_FACE('',(#742),#748,.F.);
#742 = FACE_BOUND('',#743,.F.);
#743 = EDGE_LOOP('',(#744,#745,#746,#747));
#744 = ORIENTED_EDGE('',*,*,#631,.F.);
#745 = ORIENTED_EDGE('',*,*,#701,.T.);
#746 = ORIENTED_EDGE('',*,*,#671,.T.);
#747 = ORIENTED_EDGE('',*,*,#723,.F.);
#748 = PLANE('',#749);
#749 = AXIS2_PLACEMENT_3D('',#750,#751,#752);
#750 = CARTESIAN_POINT('',(833.,30.,0.));
#751 = DIRECTION('',(0.,0.,1.));
#752 = DIRECTION('',(1.,0.,0.));
#753 = ADVANCED_FACE('',(#754),#760,.T.);
#754 = FACE_BOUND('',#755,.T.);
#755 = EDGE_LOOP('',(#756,#757,#758,#759));
#756 = ORIENTED_EDGE('',*,*,#647,.F.);
#757 = ORIENTED_EDGE('',*,*,#708,.T.);
#758 = ORIENTED_EDGE('',*,*,#687,.T.);
#759 = ORIENTED_EDGE('',*,*,#730,.F.);
#760 = PLANE('',#761);
#761 = AXIS2_PLACEMENT_3D('',#762,#763,#764);
#762 = CARTESIAN_POINT('',(833.,30.,80.));
#763 = DIRECTION('',(0.,0.,1.));
#764 = DIRECTION('',(1.,0.,0.));
#765 = MANIFOLD_SOLID_BREP('',#766);
#766 = CLOSED_SHELL('',(#767,#807,#847,#869,#891,#903));
#767 = ADVANCED_FACE('',(#768),#802,.F.);
#768 = FACE_BOUND('',#769,.F.);
#769 = EDGE_LOOP('',(#770,#780,#788,#796));
#770 = ORIENTED_EDGE('',*,*,#771,.F.);
#771 = EDGE_CURVE('',#772,#774,#776,.T.);
#772 = VERTEX_POINT('',#773);
#773 = CARTESIAN_POINT('',(30.,530.,0.));
#774 = VERTEX_POINT('',#775);
#775 = CARTESIAN_POINT('',(30.,530.,80.));
#776 = LINE('',#777,#778);
#777 = CARTESIAN_POINT('',(30.,530.,0.));
#778 = VECTOR('',#779,1.);
#779 = DIRECTION('',(0.,0.,1.));
#780 = ORIENTED_EDGE('',*,*,#781,.T.);
#781 = EDGE_CURVE('',#772,#782,#784,.T.);
#782 = VERTEX_POINT('',#783);
#783 = CARTESIAN_POINT('',(30.,570.,0.));
#784 = LINE('',#785,#786);
#785 = CARTESIAN_POINT('',(30.,530.,0.));
#786 = VECTOR('',#787,1.);
#787 = DIRECTION('',(0.,1.,0.));
#788 = ORIENTED_EDGE('',*,*,#789,.T.);
#789 = EDGE_CURVE('',#782,#790,#792,.T.);
#790 = VERTEX_POINT('',#791);
#791 = CARTESIAN_POINT('',(30.,570.,80.));
#792 = LINE('',#793,#794);
#793 = CARTESIAN_POINT('',(30.,570.,0.));
#794 = VECTOR('',#795,1.);
#795 = DIRECTION('',(0.,0.,1.));
#796 = ORIENTED_EDGE('',*,*,#797,.F.);
#797 = EDGE_CURVE('',#774,#790,#798,.T.);
#798 = LINE('',#799,#800);
#799 = CARTESIAN_POINT('',(30.,530.,80.));
#800 = VECTOR('',#801,1.);
#801 = DIRECTION('',(0.,1.,0.));
#802 = PLANE('',#803);
#803 = AXIS2_PLACEMENT_3D('',#804,#805,#806);
#804 = CARTESIAN_POINT('',(30.,530.,0.));
#805 = DIRECTION('',(1.,0.,0.));
#806 = DIRECTION('',(0.,0.,1.));
#807 = ADVANCED_FACE('',(#808),#842,.T.);
#808 = FACE_BOUND('',#809,.T.);
#809 = EDGE_LOOP('',(#810,#820,#828,#836));
#810 = ORIENTED_EDGE('',*,*,#811,.F.);
#811 = EDGE_CURVE('',#812,#814,#816,.T.);
#812 = VERTEX_POINT('',#813);
#813 = CARTESIAN_POINT('',(70.,530.,0.));
#814 = VERTEX_POINT('',#815);
#815 = CARTESIAN_POINT('',(70.,530.,80.));
#816 = LINE('',#817,#818);
#817 = CARTESIAN_POINT('',(70.,530.,0.));
#818 = VECTOR('',#819,1.);
#819 = DIRECTION('',(0.,0.,1.));
#820 = ORIENTED_EDGE('',*,*,#821,.T.);
#821 = EDGE_CURVE('',#812,#822,#824,.T.);
#822 = VERTEX_POINT('',#823);
#823 = CARTESIAN_POINT('',(70.,570.,0.));
#824 = LINE('',#825,#826);
#825 = CARTESIAN_POINT('',(70.,530.,0.));
#826 = VECTOR('',#827,1.);
#827 = DIRECTION('',(0.,1.,0.));
#828 = ORIENTED_EDGE('',*,*,#829,.T.);
#829 = EDGE_CURVE('',#822,#830,#832,.T.);
#830 = VERTEX_POINT('',#831);
#831 = CARTESIAN_POINT('',(70.,570.,80.));
#832 = LINE('',#833,#834);
#833 = CARTESIAN_POINT('',(70.,570.,0.));
#834 = VECTOR('',#835,1.);
#835 = DIRECTION('',(0.,0.,1.));
#836 = ORIENTED_EDGE('',*,*,#837,.F.);
#837 = EDGE_CURVE('',#814,#830,#838,.T.);
#838 = LINE('',#839,#840);
#839 = CARTESIAN_POINT('',(70.,530.,80.));
#840 = VECTOR('',#841,1.);
#841 = DIRECTION('',(0.,1.,0.));
#842 = PLANE('',#843);
#843 = AXIS2_PLACEMENT_3D('',#844,#845,#846);
#844 = CARTESIAN_POINT('',(70.,530.,0.));
#845 = DIRECTION('',(1.,0.,0.));
#846 = DIRECTION('',(0.,0.,1.));
#847 = ADVANCED_FACE('',(#848),#864,.F.);
#848 = FACE_BOUND('',#849,.F.);
#849 = EDGE_LOOP('',(#850,#856,#857,#863));
#850 = ORIENTED_EDGE('',*,*,#851,.F.);
#851 = EDGE_CURVE('',#772,#812,#852,.T.);
#852 = LINE('',#853,#854);
#853 = CARTESIAN_POINT('',(30.,530.,0.));
#854 = VECTOR('',#855,1.);
#855 = DIRECTION('',(1.,0.,0.));
#856 = ORIENTED_EDGE('',*,*,#771,.T.);
#857 = ORIENTED_EDGE('',*,*,#858,.T.);
#858 = EDGE_CURVE('',#774,#814,#859,.T.);
#859 = LINE('',#860,#861);
#860 = CARTESIAN_POINT('',(30.,530.,80.));
#861 = VECTOR('',#862,1.);
#862 = DIRECTION('',(1.,0.,0.));
#863 = ORIENTED_EDGE('',*,*,#811,.F.);
#864 = PLANE('',#865);
#865 = AXIS2_PLACEMENT_3D('',#866,#867,#868);
#866 = CARTESIAN_POINT('',(30.,530.,0.));
#867 = DIRECTION('',(0.,1.,0.));
#868 = DIRECTION('',(0.,0.,1.));
#869 = ADVANCED_FACE('',(#870),#886,.T.);
#870 = FACE_BOUND('',#871,.T.);
#871 = EDGE_LOOP('',(#872,#878,#879,#885));
#872 = ORIENTED_EDGE('',*,*,#873,.F.);
#873 = EDGE_CURVE('',#782,#822,#874,.T.);
#874 = LINE('',#875,#876);
#875 = CARTESIAN_POINT('',(30.,570.,0.));
#876 = VECTOR('',#877,1.);
#877 = DIRECTION('',(1.,0.,0.));
#878 = ORIENTED_EDGE('',*,*,#789,.T.);
#879 = ORIENTED_EDGE('',*,*,#880,.T.);
#880 = EDGE_CURVE('',#790,#830,#881,.T.);
#881 = LINE('',#882,#883);
#882 = CARTESIAN_POINT('',(30.,570.,80.));
#883 = VECTOR('',#884,1.);
#884 = DIRECTION('',(1.,0.,0.));
#885 = ORIENTED_EDGE('',*,*,#829,.F.);
#886 = PLANE('',#887);
#887 = AXIS2_PLACEMENT_3D('',#888,#889,#890);
#888 = CARTESIAN_POINT('',(30.,570.,0.));
#889 = DIRECTION('',(0.,1.,0.));
#890 = DIRECTION('',(0.,0.,1.));
#891 = ADVANCED_FACE('',(#892),#898,.F.);
#892 = FACE_BOUND('',#893,.F.);
#893 = EDGE_LOOP('',(#894,#895,#896,#897));
#894 = ORIENTED_EDGE('',*,*,#781,.F.);
#895 = ORIENTED_EDGE('',*,*,#851,.T.);
#896 = ORIENTED_EDGE('',*,*,#821,.T.);
#897 = ORIENTED_EDGE('',*,*,#873,.F.);
#898 = PLANE('',#899);
#899 = AXIS2_PLACEMENT_3D('',#900,#901,#902);
#900 = CARTESIAN_POINT('',(30.,530.,0.));
#901 = DIRECTION('',(0.,0.,1.));
#902 = DIRECTION('',(1.,0.,0.));
#903 = ADVANCED_FACE('',(#904),#910,.T.);
#904 = FACE_BOUND('',#905,.T.);
#905 = EDGE_LOOP('',(#906,#907,#908,#909));
#906 = ORIENTED_EDGE('',*,*,#797,.F.);
#907 = ORIENTED_EDGE('',*,*,#858,.T.);
#908 = ORIENTED_EDGE('',*,*,#837,.T.);
#909 = ORIENTED_EDGE('',*,*,#880,.F.);
#910 = PLANE('',#911);
#911 = AXIS2_PLACEMENT_3D('',#912,#913,#914);
#912 = CARTESIAN_POINT('',(30.,530.,80.));
#913 = DIRECTION('',(0.,0.,1.));
#914 = DIRECTION('',(1.,0.,0.));
#915 = MANIFOLD_SOLID_BREP('',#916);
#916 = CLOSED_SHELL('',(#917,#957,#997,#1019,#1041,#1053));
#917 = ADVANCED_FACE('',(#918),#952,.F.);
#918 = FACE_BOUND('',#919,.F.);
#919 = EDGE_LOOP('',(#920,#930,#938,#946));
#920 = ORIENTED_EDGE('',*,*,#921,.F.);
#921 = EDGE_CURVE('',#922,#924,#926,.T.);
#922 = VERTEX_POINT('',#923);
#923 = CARTESIAN_POINT('',(833.,530.,0.));
#924 = VERTEX_POINT('',#925);
#925 = CARTESIAN_POINT('',(833.,530.,80.));
#926 = LINE('',#927,#928);
#927 = CARTESIAN_POINT('',(833.,530.,0.));
#928 = VECTOR('',#929,1.);
#929 = DIRECTION('',(0.,0.,1.));
#930 = ORIENTED_EDGE('',*,*,#931,.T.);
#931 = EDGE_CURVE('',#922,#932,#934,.T.);
#932 = VERTEX_POINT('',#933);
#933 = CARTESIAN_POINT('',(833.,570.,0.));
#934 = LINE('',#935,#936);
#935 = CARTESIAN_POINT('',(833.,530.,0.));
#936 = VECTOR('',#937,1.);
#937 = DIRECTION('',(0.,1.,0.));
#938 = ORIENTED_EDGE('',*,*,#939,.T.);
#939 = EDGE_CURVE('',#932,#940,#942,.T.);
#940 = VERTEX_POINT('',#941);
#941 = CARTESIAN_POINT('',(833.,570.,80.));
#942 = LINE('',#943,#944);
#943 = CARTESIAN_POINT('',(833.,570.,0.));
#944 = VECTOR('',#945,1.);
#945 = DIRECTION('',(0.,0.,1.));
#946 = ORIENTED_EDGE('',*,*,#947,.F.);
#947 = EDGE_CURVE('',#924,#940,#948,.T.);
#948 = LINE('',#949,#950);
#949 = CARTESIAN_POINT('',(833.,530.,80.));
#950 = VECTOR('',#951,1.);
#951 = DIRECTION('',(0.,1.,0.));
#952 = PLANE('',#953);
#953 = AXIS2_PLACEMENT_3D('',#954,#955,#956);
#954 = CARTESIAN_POINT('',(833.,530.,0.));
#955 = DIRECTION('',(1.,0.,0.));
#956 = DIRECTION('',(0.,0.,1.));
#957 = ADVANCED_FACE('',(#958),#992,.T.);
#958 = FACE_BOUND('',#959,.T.);
#959 = EDGE_LOOP('',(#960,#970,#978,#986));
#960 = ORIENTED_EDGE('',*,*,#961,.F.);
#961 = EDGE_CURVE('',#962,#964,#966,.T.);
#962 = VERTEX_POINT('',#963);
#963 = CARTESIAN_POINT('',(873.,530.,0.));
#964 = VERTEX_POINT('',#965);
#965 = CARTESIAN_POINT('',(873.,530.,80.));
#966 = LINE('',#967,#968);
#967 = CARTESIAN_POINT('',(873.,530.,0.));
#968 = VECTOR('',#969,1.);
#969 = DIRECTION('',(0.,0.,1.));
#970 = ORIENTED_EDGE('',*,*,#971,.T.);
#971 = EDGE_CURVE('',#962,#972,#974,.T.);
#972 = VERTEX_POINT('',#973);
#973 = CARTESIAN_POINT('',(873.,570.,0.));
#974 = LINE('',#975,#976);
#975 = CARTESIAN_POINT('',(873.,530.,0.));
#976 = VECTOR('',#977,1.);
#977 = DIRECTION('',(0.,1.,0.));
#978 = ORIENTED_EDGE('',*,*,#979,.T.);
#979 = EDGE_CURVE('',#972,#980,#982,.T.);
#980 = VERTEX_POINT('',#981);
#981 = CARTESIAN_POINT('',(873.,570.,80.));
#982 = LINE('',#983,#984);
#983 = CARTESIAN_POINT('',(873.,570.,0.));
#984 = VECTOR('',#985,1.);
#985 = DIRECTION('',(0.,0.,1.));
#986 = ORIENTED_EDGE('',*,*,#987,.F.);
#987 = EDGE_CURVE('',#964,#980,#988,.T.);
#988 = LINE('',#989,#990);
#989 = CARTESIAN_POINT('',(873.,530.,80.));
#990 = VECTOR('',#991,1.);
#991 = DIRECTION('',(0.,1.,0.));
#992 = PLANE('',#993);
#993 = AXIS2_PLACEMENT_3D('',#994,#995,#996);
#994 = CARTESIAN_POINT('',(873.,530.,0.));
#995 = DIRECTION('',(1.,0.,0.));
#996 = DIRECTION('',(0.,0.,1.));
#997 = ADVANCED_FACE('',(#998),#1014,.F.);
#998 = FACE_BOUND('',#999,.F.);
#999 = EDGE_LOOP('',(#1000,#1006,#1007,#1013));
#1000 = ORIENTED_EDGE('',*,*,#1001,.F.);
#1001 = EDGE_CURVE('',#922,#962,#1002,.T.);
#1002 = LINE('',#1003,#1004);
#1003 = CARTESIAN_POINT('',(833.,530.,0.));
#1004 = VECTOR('',#1005,1.);
#1005 = DIRECTION('',(1.,0.,0.));
#1006 = ORIENTED_EDGE('',*,*,#921,.T.);
#1007 = ORIENTED_EDGE('',*,*,#1008,.T.);
#1008 = EDGE_CURVE('',#924,#964,#1009,.T.);
#1009 = LINE('',#1010,#1011);
#1010 = CARTESIAN_POINT('',(833.,530.,80.));
#1011 = VECTOR('',#1012,1.);
#1012 = DIRECTION('',(1.,0.,0.));
#1013 = ORIENTED_EDGE('',*,*,#961,.F.);
#1014 = PLANE('',#1015);
#1015 = AXIS2_PLACEMENT_3D('',#1016,#1017,#1018);
#1016 = CARTESIAN_POINT('',(833.,530.,0.));
#1017 = DIRECTION('',(0.,1.,0.));
#1018 = DIRECTION('',(0.,0.,1.));
#1019 = ADVANCED_FACE('',(#1020),#1036,.T.);
#1020 = FACE_BOUND('',#1021,.T.);
#1021 = EDGE_LOOP('',(#1022,#1028,#1029,#1035));
#1022 = ORIENTED_EDGE('',*,*,#1023,.F.);
#1023 = EDGE_CURVE('',#932,#972,#1024,.T.);
#1024 = LINE('',#1025,#1026);
#1025 = CARTESIAN_POINT('',(833.,570.,0.));
#1026 = VECTOR('',#1027,1.);
#1027 = DIRECTION('',(1.,0.,0.));
#1028 = ORIENTED_EDGE('',*,*,#939,.T.);
#1029 = ORIENTED_EDGE('',*,*,#1030,.T.);
#1030 = EDGE_CURVE('',#940,#980,#1031,.T.);
#1031 = LINE('',#1032,#1033);
#1032 = CARTESIAN_POINT('',(833.,570.,80.));
#1033 = VECTOR('',#1034,1.);
#1034 = DIRECTION('',(1.,0.,0.));
#1035 = ORIENTED_EDGE('',*,*,#979,.F.);
#1036 = PLANE('',#1037);
#1037 = AXIS2_PLACEMENT_3D('',#1038,#1039,#1040);
#1038 = CARTESIAN_POINT('',(833.,570.,0.));
#1039 = DIRECTION('',(0.,1.,0.));
#1040 = DIRECTION('',(0.,0.,1.));
#1041 = ADVANCED_FACE('',(#1042),#1048,.F.);
#1042 = FACE_BOUND('',#1043,.F.);
#1043 = EDGE_LOOP('',(#1044,#1045,#1046,#1047));
#1044 = ORIENTED_EDGE('',*,*,#931,.F.);
#1045 = ORIENTED_EDGE('',*,*,#1001,.T.);
#1046 = ORIENTED_EDGE('',*,*,#971,.T.);
#1047 = ORIENTED_EDGE('',*,*,#1023,.F.);
#1048 = PLANE('',#1049);
#1049 = AXIS2_PLACEMENT_3D('',#1050,#1051,#1052);
#1050 = CARTESIAN_POINT('',(833.,530.,0.));
#1051 = DIRECTION('',(0.,0.,1.));
#1052 = DIRECTION('',(1.,0.,0.));
#1053 = ADVANCED_FACE('',(#1054),#1060,.T.);
#1054 = FACE_BOUND('',#1055,.T.);
#1055 = EDGE_LOOP('',(#1056,#1057,#1058,#1059));
#1056 = ORIENTED_EDGE('',*,*,#947,.F.);
#1057 = ORIENTED_EDGE('',*,*,#1008,.T.);
#1058 = ORIENTED_EDGE('',*,*,#987,.T.);
#1059 = ORIENTED_EDGE('',*,*,#1030,.F.);
#1060 = PLANE('',#1061);
#1061 = AXIS2_PLACEMENT_3D('',#1062,#1063,#1064);
#1062 = CARTESIAN_POINT('',(833.,530.,80.));
#1063 = DIRECTION('',(0.,0.,1.));
#1064 = DIRECTION('',(1.,0.,0.));
#1065 = MANIFOLD_SOLID_BREP('',#1066);
#1066 = CLOSED_SHELL('',(#1067,#1107,#1147,#1169,#1191,#1203));
#1067 = ADVANCED_FACE('',(#1068),#1102,.F.);
#1068 = FACE_BOUND('',#1069,.F.);
#1069 = EDGE_LOOP('',(#1070,#1080,#1088,#1096));
#1070 = ORIENTED_EDGE('',*,*,#1071,.F.);
#1071 = EDGE_CURVE('',#1072,#1074,#1076,.T.);
#1072 = VERTEX_POINT('',#1073);
#1073 = CARTESIAN_POINT('',(18.,597.,98.));
#1074 = VERTEX_POINT('',#1075);
#1075 = CARTESIAN_POINT('',(18.,597.,852.));
#1076 = LINE('',#1077,#1078);
#1077 = CARTESIAN_POINT('',(18.,597.,98.));
#1078 = VECTOR('',#1079,1.);
#1079 = DIRECTION('',(0.,0.,1.));
#1080 = ORIENTED_EDGE('',*,*,#1081,.T.);
#1081 = EDGE_CURVE('',#1072,#1082,#1084,.T.);
#1082 = VERTEX_POINT('',#1083);
#1083 = CARTESIAN_POINT('',(18.,600.,98.));
#1084 = LINE('',#1085,#1086);
#1085 = CARTESIAN_POINT('',(18.,597.,98.));
#1086 = VECTOR('',#1087,1.);
#1087 = DIRECTION('',(0.,1.,0.));
#1088 = ORIENTED_EDGE('',*,*,#1089,.T.);
#1089 = EDGE_CURVE('',#1082,#1090,#1092,.T.);
#1090 = VERTEX_POINT('',#1091);
#1091 = CARTESIAN_POINT('',(18.,600.,852.));
#1092 = LINE('',#1093,#1094);
#1093 = CARTESIAN_POINT('',(18.,600.,98.));
#1094 = VECTOR('',#1095,1.);
#1095 = DIRECTION('',(0.,0.,1.));
#1096 = ORIENTED_EDGE('',*,*,#1097,.F.);
#1097 = EDGE_CURVE('',#1074,#1090,#1098,.T.);
#1098 = LINE('',#1099,#1100);
#1099 = CARTESIAN_POINT('',(18.,597.,852.));
#1100 = VECTOR('',#1101,1.);
#1101 = DIRECTION('',(0.,1.,0.));
#1102 = PLANE('',#1103);
#1103 = AXIS2_PLACEMENT_3D('',#1104,#1105,#1106);
#1104 = CARTESIAN_POINT('',(18.,597.,98.));
#1105 = DIRECTION('',(1.,0.,0.));
#1106 = DIRECTION('',(0.,0.,1.));
#1107 = ADVANCED_FACE('',(#1108),#1142,.T.);
#1108 = FACE_BOUND('',#1109,.T.);
#1109 = EDGE_LOOP('',(#1110,#1120,#1128,#1136));
#1110 = ORIENTED_EDGE('',*,*,#1111,.F.);
#1111 = EDGE_CURVE('',#1112,#1114,#1116,.T.);
#1112 = VERTEX_POINT('',#1113);
#1113 = CARTESIAN_POINT('',(885.,597.,98.));
#1114 = VERTEX_POINT('',#1115);
#1115 = CARTESIAN_POINT('',(885.,597.,852.));
#1116 = LINE('',#1117,#1118);
#1117 = CARTESIAN_POINT('',(885.,597.,98.));
#1118 = VECTOR('',#1119,1.);
#1119 = DIRECTION('',(0.,0.,1.));
#1120 = ORIENTED_EDGE('',*,*,#1121,.T.);
#1121 = EDGE_CURVE('',#1112,#1122,#1124,.T.);
#1122 = VERTEX_POINT('',#1123);
#1123 = CARTESIAN_POINT('',(885.,600.,98.));
#1124 = LINE('',#1125,#1126);
#1125 = CARTESIAN_POINT('',(885.,597.,98.));
#1126 = VECTOR('',#1127,1.);
#1127 = DIRECTION('',(0.,1.,0.));
#1128 = ORIENTED_EDGE('',*,*,#1129,.T.);
#1129 = EDGE_CURVE('',#1122,#1130,#1132,.T.);
#1130 = VERTEX_POINT('',#1131);
#1131 = CARTESIAN_POINT('',(885.,600.,852.));
#1132 = LINE('',#1133,#1134);
#1133 = CARTESIAN_POINT('',(885.,600.,98.));
#1134 = VECTOR('',#1135,1.);
#1135 = DIRECTION('',(0.,0.,1.));
#1136 = ORIENTED_EDGE('',*,*,#1137,.F.);
#1137 = EDGE_CURVE('',#1114,#1130,#1138,.T.);
#1138 = LINE('',#1139,#1140);
#1139 = CARTESIAN_POINT('',(885.,597.,852.));
#1140 = VECTOR('',#1141,1.);
#1141 = DIRECTION('',(0.,1.,0.));
#1142 = PLANE('',#1143);
#1143 = AXIS2_PLACEMENT_3D('',#1144,#1145,#1146);
#1144 = CARTESIAN_POINT('',(885.,597.,98.));
#1145 = DIRECTION('',(1.,0.,0.));
#1146 = DIRECTION('',(0.,0.,1.));
#1147 = ADVANCED_FACE('',(#1148),#1164,.F.);
#1148 = FACE_BOUND('',#1149,.F.);
#1149 = EDGE_LOOP('',(#1150,#1156,#1157,#1163));
#1150 = ORIENTED_EDGE('',*,*,#1151,.F.);
#1151 = EDGE_CURVE('',#1072,#1112,#1152,.T.);
#1152 = LINE('',#1153,#1154);
#1153 = CARTESIAN_POINT('',(18.,597.,98.));
#1154 = VECTOR('',#1155,1.);
#1155 = DIRECTION('',(1.,0.,0.));
#1156 = ORIENTED_EDGE('',*,*,#1071,.T.);
#1157 = ORIENTED_EDGE('',*,*,#1158,.T.);
#1158 = EDGE_CURVE('',#1074,#1114,#1159,.T.);
#1159 = LINE('',#1160,#1161);
#1160 = CARTESIAN_POINT('',(18.,597.,852.));
#1161 = VECTOR('',#1162,1.);
#1162 = DIRECTION('',(1.,0.,0.));
#1163 = ORIENTED_EDGE('',*,*,#1111,.F.);
#1164 = PLANE('',#1165);
#1165 = AXIS2_PLACEMENT_3D('',#1166,#1167,#1168);
#1166 = CARTESIAN_POINT('',(18.,597.,98.));
#1167 = DIRECTION('',(0.,1.,0.));
#1168 = DIRECTION('',(0.,0.,1.));
#1169 = ADVANCED_FACE('',(#1170),#1186,.T.);
#1170 = FACE_BOUND('',#1171,.T.);
#1171 = EDGE_LOOP('',(#1172,#1178,#1179,#1185));
#1172 = ORIENTED_EDGE('',*,*,#1173,.F.);
#1173 = EDGE_CURVE('',#1082,#1122,#1174,.T.);
#1174 = LINE('',#1175,#1176);
#1175 = CARTESIAN_POINT('',(18.,600.,98.));
#1176 = VECTOR('',#1177,1.);
#1177 = DIRECTION('',(1.,0.,0.));
#1178 = ORIENTED_EDGE('',*,*,#1089,.T.);
#1179 = ORIENTED_EDGE('',*,*,#1180,.T.);
#1180 = EDGE_CURVE('',#1090,#1130,#1181,.T.);
#1181 = LINE('',#1182,#1183);
#1182 = CARTESIAN_POINT('',(18.,600.,852.));
#1183 = VECTOR('',#1184,1.);
#1184 = DIRECTION('',(1.,0.,0.));
#1185 = ORIENTED_EDGE('',*,*,#1129,.F.);
#1186 = PLANE('',#1187);
#1187 = AXIS2_PLACEMENT_3D('',#1188,#1189,#1190);
#1188 = CARTESIAN_POINT('',(18.,600.,98.));
#1189 = DIRECTION('',(0.,1.,0.));
#1190 = DIRECTION('',(0.,0.,1.));
#1191 = ADVANCED_FACE('',(#1192),#1198,.F.);
#1192 = FACE_BOUND('',#1193,.F.);
#1193 = EDGE_LOOP('',(#1194,#1195,#1196,#1197));
#1194 = ORIENTED_EDGE('',*,*,#1081,.F.);
#1195 = ORIENTED_EDGE('',*,*,#1151,.T.);
#1196 = ORIENTED_EDGE('',*,*,#1121,.T.);
#1197 = ORIENTED_EDGE('',*,*,#1173,.F.);
#1198 = PLANE('',#1199);
#1199 = AXIS2_PLACEMENT_3D('',#1200,#1201,#1202);
#1200 = CARTESIAN_POINT('',(18.,597.,98.));
#1201 = DIRECTION('',(0.,0.,1.));
#1202 = DIRECTION('',(1.,0.,0.));
#1203 = ADVANCED_FACE('',(#1204),#1210,.T.);
#1204 = FACE_BOUND('',#1205,.T.);
#1205 = EDGE_LOOP('',(#1206,#1207,#1208,#1209));
#1206 = ORIENTED_EDGE('',*,*,#1097,.F.);
#1207 = ORIENTED_EDGE('',*,*,#1158,.T.);
#1208 = ORIENTED_EDGE('',*,*,#1137,.T.);
#1209 = ORIENTED_EDGE('',*,*,#1180,.F.);
#1210 = PLANE('',#1211);
#1211 = AXIS2_PLACEMENT_3D('',#1212,#1213,#1214);
#1212 = CARTESIAN_POINT('',(18.,597.,852.));
#1213 = DIRECTION('',(0.,0.,1.));
#1214 = DIRECTION('',(1.,0.,0.));
#1215 = MANIFOLD_SOLID_BREP('',#1216);
#1216 = CLOSED_SHELL('',(#1217,#1257,#1297,#1319,#1341,#1353));
#1217 = ADVANCED_FACE('',(#1218),#1252,.F.);
#1218 = FACE_BOUND('',#1219,.F.);
#1219 = EDGE_LOOP('',(#1220,#1230,#1238,#1246));
#1220 = ORIENTED_EDGE('',*,*,#1221,.F.);
#1221 = EDGE_CURVE('',#1222,#1224,#1226,.T.);
#1222 = VERTEX_POINT('',#1223);
#1223 = CARTESIAN_POINT('',(18.,26.,852.));
#1224 = VERTEX_POINT('',#1225);
#1225 = CARTESIAN_POINT('',(18.,26.,870.));
#1226 = LINE('',#1227,#1228);
#1227 = CARTESIAN_POINT('',(18.,26.,852.));
#1228 = VECTOR('',#1229,1.);
#1229 = DIRECTION('',(0.,0.,1.));
#1230 = ORIENTED_EDGE('',*,*,#1231,.T.);
#1231 = EDGE_CURVE('',#1222,#1232,#1234,.T.);
#1232 = VERTEX_POINT('',#1233);
#1233 = CARTESIAN_POINT('',(18.,126.,852.));
#1234 = LINE('',#1235,#1236);
#1235 = CARTESIAN_POINT('',(18.,26.,852.));
#1236 = VECTOR('',#1237,1.);
#1237 = DIRECTION('',(0.,1.,0.));
#1238 = ORIENTED_EDGE('',*,*,#1239,.T.);
#1239 = EDGE_CURVE('',#1232,#1240,#1242,.T.);
#1240 = VERTEX_POINT('',#1241);
#1241 = CARTESIAN_POINT('',(18.,126.,870.));
#1242 = LINE('',#1243,#1244);
#1243 = CARTESIAN_POINT('',(18.,126.,852.));
#1244 = VECTOR('',#1245,1.);
#1245 = DIRECTION('',(0.,0.,1.));
#1246 = ORIENTED_EDGE('',*,*,#1247,.F.);
#1247 = EDGE_CURVE('',#1224,#1240,#1248,.T.);
#1248 = LINE('',#1249,#1250);
#1249 = CARTESIAN_POINT('',(18.,26.,870.));
#1250 = VECTOR('',#1251,1.);
#1251 = DIRECTION('',(0.,1.,0.));
#1252 = PLANE('',#1253);
#1253 = AXIS2_PLACEMENT_3D('',#1254,#1255,#1256);
#1254 = CARTESIAN_POINT('',(18.,26.,852.));
#1255 = DIRECTION('',(1.,0.,0.));
#1256 = DIRECTION('',(0.,0.,1.));
#1257 = ADVANCED_FACE('',(#1258),#1292,.T.);
#1258 = FACE_BOUND('',#1259,.T.);
#1259 = EDGE_LOOP('',(#1260,#1270,#1278,#1286));
#1260 = ORIENTED_EDGE('',*,*,#1261,.F.);
#1261 = EDGE_CURVE('',#1262,#1264,#1266,.T.);
#1262 = VERTEX_POINT('',#1263);
#1263 = CARTESIAN_POINT('',(885.,26.,852.));
#1264 = VERTEX_POINT('',#1265);
#1265 = CARTESIAN_POINT('',(885.,26.,870.));
#1266 = LINE('',#1267,#1268);
#1267 = CARTESIAN_POINT('',(885.,26.,852.));
#1268 = VECTOR('',#1269,1.);
#1269 = DIRECTION('',(0.,0.,1.));
#1270 = ORIENTED_EDGE('',*,*,#1271,.T.);
#1271 = EDGE_CURVE('',#1262,#1272,#1274,.T.);
#1272 = VERTEX_POINT('',#1273);
#1273 = CARTESIAN_POINT('',(885.,126.,852.));
#1274 = LINE('',#1275,#1276);
#1275 = CARTESIAN_POINT('',(885.,26.,852.));
#1276 = VECTOR('',#1277,1.);
#1277 = DIRECTION('',(0.,1.,0.));
#1278 = ORIENTED_EDGE('',*,*,#1279,.T.);
#1279 = EDGE_CURVE('',#1272,#1280,#1282,.T.);
#1280 = VERTEX_POINT('',#1281);
#1281 = CARTESIAN_POINT('',(885.,126.,870.));
#1282 = LINE('',#1283,#1284);
#1283 = CARTESIAN_POINT('',(885.,126.,852.));
#1284 = VECTOR('',#1285,1.);
#1285 = DIRECTION('',(0.,0.,1.));
#1286 = ORIENTED_EDGE('',*,*,#1287,.F.);
#1287 = EDGE_CURVE('',#1264,#1280,#1288,.T.);
#1288 = LINE('',#1289,#1290);
#1289 = CARTESIAN_POINT('',(885.,26.,870.));
#1290 = VECTOR('',#1291,1.);
#1291 = DIRECTION('',(0.,1.,0.));
#1292 = PLANE('',#1293);
#1293 = AXIS2_PLACEMENT_3D('',#1294,#1295,#1296);
#1294 = CARTESIAN_POINT('',(885.,26.,852.));
#1295 = DIRECTION('',(1.,0.,0.));
#1296 = DIRECTION('',(0.,0.,1.));
#1297 = ADVANCED_FACE('',(#1298),#1314,.F.);
#1298 = FACE_BOUND('',#1299,.F.);
#1299 = EDGE_LOOP('',(#1300,#1306,#1307,#1313));
#1300 = ORIENTED_EDGE('',*,*,#1301,.F.);
#1301 = EDGE_CURVE('',#1222,#1262,#1302,.T.);
#1302 = LINE('',#1303,#1304);
#1303 = CARTESIAN_POINT('',(18.,26.,852.));
#1304 = VECTOR('',#1305,1.);
#1305 = DIRECTION('',(1.,0.,0.));
#1306 = ORIENTED_EDGE('',*,*,#1221,.T.);
#1307 = ORIENTED_EDGE('',*,*,#1308,.T.);
#1308 = EDGE_CURVE('',#1224,#1264,#1309,.T.);
#1309 = LINE('',#1310,#1311);
#1310 = CARTESIAN_POINT('',(18.,26.,870.));
#1311 = VECTOR('',#1312,1.);
#1312 = DIRECTION('',(1.,0.,0.));
#1313 = ORIENTED_EDGE('',*,*,#1261,.F.);
#1314 = PLANE('',#1315);
#1315 = AXIS2_PLACEMENT_3D('',#1316,#1317,#1318);
#1316 = CARTESIAN_POINT('',(18.,26.,852.));
#1317 = DIRECTION('',(0.,1.,0.));
#1318 = DIRECTION('',(0.,0.,1.));
#1319 = ADVANCED_FACE('',(#1320),#1336,.T.);
#1320 = FACE_BOUND('',#1321,.T.);
#1321 = EDGE_LOOP('',(#1322,#1328,#1329,#1335));
#1322 = ORIENTED_EDGE('',*,*,#1323,.F.);
#1323 = EDGE_CURVE('',#1232,#1272,#1324,.T.);
#1324 = LINE('',#1325,#1326);
#1325 = CARTESIAN_POINT('',(18.,126.,852.));
#1326 = VECTOR('',#1327,1.);
#1327 = DIRECTION('',(1.,0.,0.));
#1328 = ORIENTED_EDGE('',*,*,#1239,.T.);
#1329 = ORIENTED_EDGE('',*,*,#1330,.T.);
#1330 = EDGE_CURVE('',#1240,#1280,#1331,.T.);
#1331 = LINE('',#1332,#1333);
#1332 = CARTESIAN_POINT('',(18.,126.,870.));
#1333 = VECTOR('',#1334,1.);
#1334 = DIRECTION('',(1.,0.,0.));
#1335 = ORIENTED_EDGE('',*,*,#1279,.F.);
#1336 = PLANE('',#1337);
#1337 = AXIS2_PLACEMENT_3D('',#1338,#1339,#1340);
#1338 = CARTESIAN_POINT('',(18.,126.,852.));
#1339 = DIRECTION('',(0.,1.,0.));
#1340 = DIRECTION('',(0.,0.,1.));
#1341 = ADVANCED_FACE('',(#1342),#1348,.F.);
#1342 = FACE_BOUND('',#1343,.F.);
#1343 = EDGE_LOOP('',(#1344,#1345,#1346,#1347));
#1344 = ORIENTED_EDGE('',*,*,#1231,.F.);
#1345 = ORIENTED_EDGE('',*,*,#1301,.T.);
#1346 = ORIENTED_EDGE('',*,*,#1271,.T.);
#1347 = ORIENTED_EDGE('',*,*,#1323,.F.);
#1348 = PLANE('',#1349);
#1349 = AXIS2_PLACEMENT_3D('',#1350,#1351,#1352);
#1350 = CARTESIAN_POINT('',(18.,26.,852.));
#1351 = DIRECTION('',(0.,0.,1.));
#1352 = DIRECTION('',(1.,0.,0.));
#1353 = ADVANCED_FACE('',(#1354),#1360,.T.);
#1354 = FACE_BOUND('',#1355,.T.);
#1355 = EDGE_LOOP('',(#1356,#1357,#1358,#1359));
#1356 = ORIENTED_EDGE('',*,*,#1247,.F.);
#1357 = ORIENTED_EDGE('',*,*,#1308,.T.);
#1358 = ORIENTED_EDGE('',*,*,#1287,.T.);
#1359 = ORIENTED_EDGE('',*,*,#1330,.F.);
#1360 = PLANE('',#1361);
#1361 = AXIS2_PLACEMENT_3D('',#1362,#1363,#1364);
#1362 = CARTESIAN_POINT('',(18.,26.,870.));
#1363 = DIRECTION('',(0.,0.,1.));
#1364 = DIRECTION('',(1.,0.,0.));
#1365 = MANIFOLD_SOLID_BREP('',#1366);
#1366 = CLOSED_SHELL('',(#1367,#1407,#1447,#1469,#1491,#1503));
#1367 = ADVANCED_FACE('',(#1368),#1402,.F.);
#1368 = FACE_BOUND('',#1369,.F.);
#1369 = EDGE_LOOP('',(#1370,#1380,#1388,#1396));
#1370 = ORIENTED_EDGE('',*,*,#1371,.F.);
#1371 = EDGE_CURVE('',#1372,#1374,#1376,.T.);
#1372 = VERTEX_POINT('',#1373);
#1373 = CARTESIAN_POINT('',(18.,500.,852.));
#1374 = VERTEX_POINT('',#1375);
#1375 = CARTESIAN_POINT('',(18.,500.,870.));
#1376 = LINE('',#1377,#1378);
#1377 = CARTESIAN_POINT('',(18.,500.,852.));
#1378 = VECTOR('',#1379,1.);
#1379 = DIRECTION('',(0.,0.,1.));
#1380 = ORIENTED_EDGE('',*,*,#1381,.T.);
#1381 = EDGE_CURVE('',#1372,#1382,#1384,.T.);
#1382 = VERTEX_POINT('',#1383);
#1383 = CARTESIAN_POINT('',(18.,600.,852.));
#1384 = LINE('',#1385,#1386);
#1385 = CARTESIAN_POINT('',(18.,500.,852.));
#1386 = VECTOR('',#1387,1.);
#1387 = DIRECTION('',(0.,1.,0.));
#1388 = ORIENTED_EDGE('',*,*,#1389,.T.);
#1389 = EDGE_CURVE('',#1382,#1390,#1392,.T.);
#1390 = VERTEX_POINT('',#1391);
#1391 = CARTESIAN_POINT('',(18.,600.,870.));
#1392 = LINE('',#1393,#1394);
#1393 = CARTESIAN_POINT('',(18.,600.,852.));
#1394 = VECTOR('',#1395,1.);
#1395 = DIRECTION('',(0.,0.,1.));
#1396 = ORIENTED_EDGE('',*,*,#1397,.F.);
#1397 = EDGE_CURVE('',#1374,#1390,#1398,.T.);
#1398 = LINE('',#1399,#1400);
#1399 = CARTESIAN_POINT('',(18.,500.,870.));
#1400 = VECTOR('',#1401,1.);
#1401 = DIRECTION('',(0.,1.,0.));
#1402 = PLANE('',#1403);
#1403 = AXIS2_PLACEMENT_3D('',#1404,#1405,#1406);
#1404 = CARTESIAN_POINT('',(18.,500.,852.));
#1405 = DIRECTION('',(1.,0.,0.));
#1406 = DIRECTION('',(0.,0.,1.));
#1407 = ADVANCED_FACE('',(#1408),#1442,.T.);
#1408 = FACE_BOUND('',#1409,.T.);
#1409 = EDGE_LOOP('',(#1410,#1420,#1428,#1436));
#1410 = ORIENTED_EDGE('',*,*,#1411,.F.);
#1411 = EDGE_CURVE('',#1412,#1414,#1416,.T.);
#1412 = VERTEX_POINT('',#1413);
#1413 = CARTESIAN_POINT('',(885.,500.,852.));
#1414 = VERTEX_POINT('',#1415);
#1415 = CARTESIAN_POINT('',(885.,500.,870.));
#1416 = LINE('',#1417,#1418);
#1417 = CARTESIAN_POINT('',(885.,500.,852.));
#1418 = VECTOR('',#1419,1.);
#1419 = DIRECTION('',(0.,0.,1.));
#1420 = ORIENTED_EDGE('',*,*,#1421,.T.);
#1421 = EDGE_CURVE('',#1412,#1422,#1424,.T.);
#1422 = VERTEX_POINT('',#1423);
#1423 = CARTESIAN_POINT('',(885.,600.,852.));
#1424 = LINE('',#1425,#1426);
#1425 = CARTESIAN_POINT('',(885.,500.,852.));
#1426 = VECTOR('',#1427,1.);
#1427 = DIRECTION('',(0.,1.,0.));
#1428 = ORIENTED_EDGE('',*,*,#1429,.T.);
#1429 = EDGE_CURVE('',#1422,#1430,#1432,.T.);
#1430 = VERTEX_POINT('',#1431);
#1431 = CARTESIAN_POINT('',(885.,600.,870.));
#1432 = LINE('',#1433,#1434);
#1433 = CARTESIAN_POINT('',(885.,600.,852.));
#1434 = VECTOR('',#1435,1.);
#1435 = DIRECTION('',(0.,0.,1.));
#1436 = ORIENTED_EDGE('',*,*,#1437,.F.);
#1437 = EDGE_CURVE('',#1414,#1430,#1438,.T.);
#1438 = LINE('',#1439,#1440);
#1439 = CARTESIAN_POINT('',(885.,500.,870.));
#1440 = VECTOR('',#1441,1.);
#1441 = DIRECTION('',(0.,1.,0.));
#1442 = PLANE('',#1443);
#1443 = AXIS2_PLACEMENT_3D('',#1444,#1445,#1446);
#1444 = CARTESIAN_POINT('',(885.,500.,852.));
#1445 = DIRECTION('',(1.,0.,0.));
#1446 = DIRECTION('',(0.,0.,1.));
#1447 = ADVANCED_FACE('',(#1448),#1464,.F.);
#1448 = FACE_BOUND('',#1449,.F.);
#1449 = EDGE_LOOP('',(#1450,#1456,#1457,#1463));
#1450 = ORIENTED_EDGE('',*,*,#1451,.F.);
#1451 = EDGE_CURVE('',#1372,#1412,#1452,.T.);
#1452 = LINE('',#1453,#1454);
#1453 = CARTESIAN_POINT('',(18.,500.,852.));
#1454 = VECTOR('',#1455,1.);
#1455 = DIRECTION('',(1.,0.,0.));
#1456 = ORIENTED_EDGE('',*,*,#1371,.T.);
#1457 = ORIENTED_EDGE('',*,*,#1458,.T.);
#1458 = EDGE_CURVE('',#1374,#1414,#1459,.T.);
#1459 = LINE('',#1460,#1461);
#1460 = CARTESIAN_POINT('',(18.,500.,870.));
#1461 = VECTOR('',#1462,1.);
#1462 = DIRECTION('',(1.,0.,0.));
#1463 = ORIENTED_EDGE('',*,*,#1411,.F.);
#1464 = PLANE('',#1465);
#1465 = AXIS2_PLACEMENT_3D('',#1466,#1467,#1468);
#1466 = CARTESIAN_POINT('',(18.,500.,852.));
#1467 = DIRECTION('',(0.,1.,0.));
#1468 = DIRECTION('',(0.,0.,1.));
#1469 = ADVANCED_FACE('',(#1470),#1486,.T.);
#1470 = FACE_BOUND('',#1471,.T.);
#1471 = EDGE_LOOP('',(#1472,#1478,#1479,#1485));
#1472 = ORIENTED_EDGE('',*,*,#1473,.F.);
#1473 = EDGE_CURVE('',#1382,#1422,#1474,.T.);
#1474 = LINE('',#1475,#1476);
#1475 = CARTESIAN_POINT('',(18.,600.,852.));
#1476 = VECTOR('',#1477,1.);
#1477 = DIRECTION('',(1.,0.,0.));
#1478 = ORIENTED_EDGE('',*,*,#1389,.T.);
#1479 = ORIENTED_EDGE('',*,*,#1480,.T.);
#1480 = EDGE_CURVE('',#1390,#1430,#1481,.T.);
#1481 = LINE('',#1482,#1483);
#1482 = CARTESIAN_POINT('',(18.,600.,870.));
#1483 = VECTOR('',#1484,1.);
#1484 = DIRECTION('',(1.,0.,0.));
#1485 = ORIENTED_EDGE('',*,*,#1429,.F.);
#1486 = PLANE('',#1487);
#1487 = AXIS2_PLACEMENT_3D('',#1488,#1489,#1490);
#1488 = CARTESIAN_POINT('',(18.,600.,852.));
#1489 = DIRECTION('',(0.,1.,0.));
#1490 = DIRECTION('',(0.,0.,1.));
#1491 = ADVANCED_FACE('',(#1492),#1498,.F.);
#1492 = FACE_BOUND('',#1493,.F.);
#1493 = EDGE_LOOP('',(#1494,#1495,#1496,#1497));
#1494 = ORIENTED_EDGE('',*,*,#1381,.F.);
#1495 = ORIENTED_EDGE('',*,*,#1451,.T.);
#1496 = ORIENTED_EDGE('',*,*,#1421,.T.);
#1497 = ORIENTED_EDGE('',*,*,#1473,.F.);
#1498 = PLANE('',#1499);
#1499 = AXIS2_PLACEMENT_3D('',#1500,#1501,#1502);
#1500 = CARTESIAN_POINT('',(18.,500.,852.));
#1501 = DIRECTION('',(0.,0.,1.));
#1502 = DIRECTION('',(1.,0.,0.));
#1503 = ADVANCED_FACE('',(#1504),#1510,.T.);
#1504 = FACE_BOUND('',#1505,.T.);
#1505 = EDGE_LOOP('',(#1506,#1507,#1508,#1509));
#1506 = ORIENTED_EDGE('',*,*,#1397,.F.);
#1507 = ORIENTED_EDGE('',*,*,#1458,.T.);
#1508 = ORIENTED_EDGE('',*,*,#1437,.T.);
#1509 = ORIENTED_EDGE('',*,*,#1480,.F.);
#1510 = PLANE('',#1511);
#1511 = AXIS2_PLACEMENT_3D('',#1512,#1513,#1514);
#1512 = CARTESIAN_POINT('',(18.,500.,870.));
#1513 = DIRECTION('',(0.,0.,1.));
#1514 = DIRECTION('',(1.,0.,0.));
#1515 = MANIFOLD_SOLID_BREP('',#1516);
#1516 = CLOSED_SHELL('',(#1517,#1557,#1597,#1619,#1641,#1653));
#1517 = ADVANCED_FACE('',(#1518),#1552,.F.);
#1518 = FACE_BOUND('',#1519,.F.);
#1519 = EDGE_LOOP('',(#1520,#1530,#1538,#1546));
#1520 = ORIENTED_EDGE('',*,*,#1521,.F.);
#1521 = EDGE_CURVE('',#1522,#1524,#1526,.T.);
#1522 = VERTEX_POINT('',#1523);
#1523 = CARTESIAN_POINT('',(18.,0.,722.));
#1524 = VERTEX_POINT('',#1525);
#1525 = CARTESIAN_POINT('',(18.,0.,740.));
#1526 = LINE('',#1527,#1528);
#1527 = CARTESIAN_POINT('',(18.,0.,722.));
#1528 = VECTOR('',#1529,1.);
#1529 = DIRECTION('',(0.,0.,1.));
#1530 = ORIENTED_EDGE('',*,*,#1531,.T.);
#1531 = EDGE_CURVE('',#1522,#1532,#1534,.T.);
#1532 = VERTEX_POINT('',#1533);
#1533 = CARTESIAN_POINT('',(18.,600.,722.));
#1534 = LINE('',#1535,#1536);
#1535 = CARTESIAN_POINT('',(18.,0.,722.));
#1536 = VECTOR('',#1537,1.);
#1537 = DIRECTION('',(0.,1.,0.));
#1538 = ORIENTED_EDGE('',*,*,#1539,.T.);
#1539 = EDGE_CURVE('',#1532,#1540,#1542,.T.);
#1540 = VERTEX_POINT('',#1541);
#1541 = CARTESIAN_POINT('',(18.,600.,740.));
#1542 = LINE('',#1543,#1544);
#1543 = CARTESIAN_POINT('',(18.,600.,722.));
#1544 = VECTOR('',#1545,1.);
#1545 = DIRECTION('',(0.,0.,1.));
#1546 = ORIENTED_EDGE('',*,*,#1547,.F.);
#1547 = EDGE_CURVE('',#1524,#1540,#1548,.T.);
#1548 = LINE('',#1549,#1550);
#1549 = CARTESIAN_POINT('',(18.,0.,740.));
#1550 = VECTOR('',#1551,1.);
#1551 = DIRECTION('',(0.,1.,0.));
#1552 = PLANE('',#1553);
#1553 = AXIS2_PLACEMENT_3D('',#1554,#1555,#1556);
#1554 = CARTESIAN_POINT('',(18.,0.,722.));
#1555 = DIRECTION('',(1.,0.,0.));
#1556 = DIRECTION('',(0.,0.,1.));
#1557 = ADVANCED_FACE('',(#1558),#1592,.T.);
#1558 = FACE_BOUND('',#1559,.T.);
#1559 = EDGE_LOOP('',(#1560,#1570,#1578,#1586));
#1560 = ORIENTED_EDGE('',*,*,#1561,.F.);
#1561 = EDGE_CURVE('',#1562,#1564,#1566,.T.);
#1562 = VERTEX_POINT('',#1563);
#1563 = CARTESIAN_POINT('',(885.,0.,722.));
#1564 = VERTEX_POINT('',#1565);
#1565 = CARTESIAN_POINT('',(885.,0.,740.));
#1566 = LINE('',#1567,#1568);
#1567 = CARTESIAN_POINT('',(885.,0.,722.));
#1568 = VECTOR('',#1569,1.);
#1569 = DIRECTION('',(0.,0.,1.));
#1570 = ORIENTED_EDGE('',*,*,#1571,.T.);
#1571 = EDGE_CURVE('',#1562,#1572,#1574,.T.);
#1572 = VERTEX_POINT('',#1573);
#1573 = CARTESIAN_POINT('',(885.,600.,722.));
#1574 = LINE('',#1575,#1576);
#1575 = CARTESIAN_POINT('',(885.,0.,722.));
#1576 = VECTOR('',#1577,1.);
#1577 = DIRECTION('',(0.,1.,0.));
#1578 = ORIENTED_EDGE('',*,*,#1579,.T.);
#1579 = EDGE_CURVE('',#1572,#1580,#1582,.T.);
#1580 = VERTEX_POINT('',#1581);
#1581 = CARTESIAN_POINT('',(885.,600.,740.));
#1582 = LINE('',#1583,#1584);
#1583 = CARTESIAN_POINT('',(885.,600.,722.));
#1584 = VECTOR('',#1585,1.);
#1585 = DIRECTION('',(0.,0.,1.));
#1586 = ORIENTED_EDGE('',*,*,#1587,.F.);
#1587 = EDGE_CURVE('',#1564,#1580,#1588,.T.);
#1588 = LINE('',#1589,#1590);
#1589 = CARTESIAN_POINT('',(885.,0.,740.));
#1590 = VECTOR('',#1591,1.);
#1591 = DIRECTION('',(0.,1.,0.));
#1592 = PLANE('',#1593);
#1593 = AXIS2_PLACEMENT_3D('',#1594,#1595,#1596);
#1594 = CARTESIAN_POINT('',(885.,0.,722.));
#1595 = DIRECTION('',(1.,0.,0.));
#1596 = DIRECTION('',(0.,0.,1.));
#1597 = ADVANCED_FACE('',(#1598),#1614,.F.);
#1598 = FACE_BOUND('',#1599,.F.);
#1599 = EDGE_LOOP('',(#1600,#1606,#1607,#1613));
#1600 = ORIENTED_EDGE('',*,*,#1601,.F.);
#1601 = EDGE_CURVE('',#1522,#1562,#1602,.T.);
#1602 = LINE('',#1603,#1604);
#1603 = CARTESIAN_POINT('',(18.,0.,722.));
#1604 = VECTOR('',#1605,1.);
#1605 = DIRECTION('',(1.,0.,0.));
#1606 = ORIENTED_EDGE('',*,*,#1521,.T.);
#1607 = ORIENTED_EDGE('',*,*,#1608,.T.);
#1608 = EDGE_CURVE('',#1524,#1564,#1609,.T.);
#1609 = LINE('',#1610,#1611);
#1610 = CARTESIAN_POINT('',(18.,0.,740.));
#1611 = VECTOR('',#1612,1.);
#1612 = DIRECTION('',(1.,0.,0.));
#1613 = ORIENTED_EDGE('',*,*,#1561,.F.);
#1614 = PLANE('',#1615);
#1615 = AXIS2_PLACEMENT_3D('',#1616,#1617,#1618);
#1616 = CARTESIAN_POINT('',(18.,0.,722.));
#1617 = DIRECTION('',(0.,1.,0.));
#1618 = DIRECTION('',(0.,0.,1.));
#1619 = ADVANCED_FACE('',(#1620),#1636,.T.);
#1620 = FACE_BOUND('',#1621,.T.);
#1621 = EDGE_LOOP('',(#1622,#1628,#1629,#1635));
#1622 = ORIENTED_EDGE('',*,*,#1623,.F.);
#1623 = EDGE_CURVE('',#1532,#1572,#1624,.T.);
#1624 = LINE('',#1625,#1626);
#1625 = CARTESIAN_POINT('',(18.,600.,722.));
#1626 = VECTOR('',#1627,1.);
#1627 = DIRECTION('',(1.,0.,0.));
#1628 = ORIENTED_EDGE('',*,*,#1539,.T.);
#1629 = ORIENTED_EDGE('',*,*,#1630,.T.);
#1630 = EDGE_CURVE('',#1540,#1580,#1631,.T.);
#1631 = LINE('',#1632,#1633);
#1632 = CARTESIAN_POINT('',(18.,600.,740.));
#1633 = VECTOR('',#1634,1.);
#1634 = DIRECTION('',(1.,0.,0.));
#1635 = ORIENTED_EDGE('',*,*,#1579,.F.);
#1636 = PLANE('',#1637);
#1637 = AXIS2_PLACEMENT_3D('',#1638,#1639,#1640);
#1638 = CARTESIAN_POINT('',(18.,600.,722.));
#1639 = DIRECTION('',(0.,1.,0.));
#1640 = DIRECTION('',(0.,0.,1.));
#1641 = ADVANCED_FACE('',(#1642),#1648,.F.);
#1642 = FACE_BOUND('',#1643,.F.);
#1643 = EDGE_LOOP('',(#1644,#1645,#1646,#1647));
#1644 = ORIENTED_EDGE('',*,*,#1531,.F.);
#1645 = ORIENTED_EDGE('',*,*,#1601,.T.);
#1646 = ORIENTED_EDGE('',*,*,#1571,.T.);
#1647 = ORIENTED_EDGE('',*,*,#1623,.F.);
#1648 = PLANE('',#1649);
#1649 = AXIS2_PLACEMENT_3D('',#1650,#1651,#1652);
#1650 = CARTESIAN_POINT('',(18.,0.,722.));
#1651 = DIRECTION('',(0.,0.,1.));
#1652 = DIRECTION('',(1.,0.,0.));
#1653 = ADVANCED_FACE('',(#1654),#1660,.T.);
#1654 = FACE_BOUND('',#1655,.T.);
#1655 = EDGE_LOOP('',(#1656,#1657,#1658,#1659));
#1656 = ORIENTED_EDGE('',*,*,#1547,.F.);
#1657 = ORIENTED_EDGE('',*,*,#1608,.T.);
#1658 = ORIENTED_EDGE('',*,*,#1587,.T.);
#1659 = ORIENTED_EDGE('',*,*,#1630,.F.);
#1660 = PLANE('',#1661);
#1661 = AXIS2_PLACEMENT_3D('',#1662,#1663,#1664);
#1662 = CARTESIAN_POINT('',(18.,0.,740.));
#1663 = DIRECTION('',(0.,0.,1.));
#1664 = DIRECTION('',(1.,0.,0.));
#1665 = MANIFOLD_SOLID_BREP('',#1666);
#1666 = CLOSED_SHELL('',(#1667,#1707,#1747,#1769,#1791,#1803));
#1667 = ADVANCED_FACE('',(#1668),#1702,.F.);
#1668 = FACE_BOUND('',#1669,.F.);
#1669 = EDGE_LOOP('',(#1670,#1680,#1688,#1696));
#1670 = ORIENTED_EDGE('',*,*,#1671,.F.);
#1671 = EDGE_CURVE('',#1672,#1674,#1676,.T.);
#1672 = VERTEX_POINT('',#1673);
#1673 = CARTESIAN_POINT('',(18.,0.,241.5));
#1674 = VERTEX_POINT('',#1675);
#1675 = CARTESIAN_POINT('',(18.,0.,259.5));
#1676 = LINE('',#1677,#1678);
#1677 = CARTESIAN_POINT('',(18.,0.,241.5));
#1678 = VECTOR('',#1679,1.);
#1679 = DIRECTION('',(0.,0.,1.));
#1680 = ORIENTED_EDGE('',*,*,#1681,.T.);
#1681 = EDGE_CURVE('',#1672,#1682,#1684,.T.);
#1682 = VERTEX_POINT('',#1683);
#1683 = CARTESIAN_POINT('',(18.,600.,241.5));
#1684 = LINE('',#1685,#1686);
#1685 = CARTESIAN_POINT('',(18.,0.,241.5));
#1686 = VECTOR('',#1687,1.);
#1687 = DIRECTION('',(0.,1.,0.));
#1688 = ORIENTED_EDGE('',*,*,#1689,.T.);
#1689 = EDGE_CURVE('',#1682,#1690,#1692,.T.);
#1690 = VERTEX_POINT('',#1691);
#1691 = CARTESIAN_POINT('',(18.,600.,259.5));
#1692 = LINE('',#1693,#1694);
#1693 = CARTESIAN_POINT('',(18.,600.,241.5));
#1694 = VECTOR('',#1695,1.);
#1695 = DIRECTION('',(0.,0.,1.));
#1696 = ORIENTED_EDGE('',*,*,#1697,.F.);
#1697 = EDGE_CURVE('',#1674,#1690,#1698,.T.);
#1698 = LINE('',#1699,#1700);
#1699 = CARTESIAN_POINT('',(18.,0.,259.5));
#1700 = VECTOR('',#1701,1.);
#1701 = DIRECTION('',(0.,1.,0.));
#1702 = PLANE('',#1703);
#1703 = AXIS2_PLACEMENT_3D('',#1704,#1705,#1706);
#1704 = CARTESIAN_POINT('',(18.,0.,241.5));
#1705 = DIRECTION('',(1.,0.,0.));
#1706 = DIRECTION('',(0.,0.,1.));
#1707 = ADVANCED_FACE('',(#1708),#1742,.T.);
#1708 = FACE_BOUND('',#1709,.T.);
#1709 = EDGE_LOOP('',(#1710,#1720,#1728,#1736));
#1710 = ORIENTED_EDGE('',*,*,#1711,.F.);
#1711 = EDGE_CURVE('',#1712,#1714,#1716,.T.);
#1712 = VERTEX_POINT('',#1713);
#1713 = CARTESIAN_POINT('',(885.,0.,241.5));
#1714 = VERTEX_POINT('',#1715);
#1715 = CARTESIAN_POINT('',(885.,0.,259.5));
#1716 = LINE('',#1717,#1718);
#1717 = CARTESIAN_POINT('',(885.,0.,241.5));
#1718 = VECTOR('',#1719,1.);
#1719 = DIRECTION('',(0.,0.,1.));
#1720 = ORIENTED_EDGE('',*,*,#1721,.T.);
#1721 = EDGE_CURVE('',#1712,#1722,#1724,.T.);
#1722 = VERTEX_POINT('',#1723);
#1723 = CARTESIAN_POINT('',(885.,600.,241.5));
#1724 = LINE('',#1725,#1726);
#1725 = CARTESIAN_POINT('',(885.,0.,241.5));
#1726 = VECTOR('',#1727,1.);
#1727 = DIRECTION('',(0.,1.,0.));
#1728 = ORIENTED_EDGE('',*,*,#1729,.T.);
#1729 = EDGE_CURVE('',#1722,#1730,#1732,.T.);
#1730 = VERTEX_POINT('',#1731);
#1731 = CARTESIAN_POINT('',(885.,600.,259.5));
#1732 = LINE('',#1733,#1734);
#1733 = CARTESIAN_POINT('',(885.,600.,241.5));
#1734 = VECTOR('',#1735,1.);
#1735 = DIRECTION('',(0.,0.,1.));
#1736 = ORIENTED_EDGE('',*,*,#1737,.F.);
#1737 = EDGE_CURVE('',#1714,#1730,#1738,.T.);
#1738 = LINE('',#1739,#1740);
#1739 = CARTESIAN_POINT('',(885.,0.,259.5));
#1740 = VECTOR('',#1741,1.);
#1741 = DIRECTION('',(0.,1.,0.));
#1742 = PLANE('',#1743);
#1743 = AXIS2_PLACEMENT_3D('',#1744,#1745,#1746);
#1744 = CARTESIAN_POINT('',(885.,0.,241.5));
#1745 = DIRECTION('',(1.,0.,0.));
#1746 = DIRECTION('',(0.,0.,1.));
#1747 = ADVANCED_FACE('',(#1748),#1764,.F.);
#1748 = FACE_BOUND('',#1749,.F.);
#1749 = EDGE_LOOP('',(#1750,#1756,#1757,#1763));
#1750 = ORIENTED_EDGE('',*,*,#1751,.F.);
#1751 = EDGE_CURVE('',#1672,#1712,#1752,.T.);
#1752 = LINE('',#1753,#1754);
#1753 = CARTESIAN_POINT('',(18.,0.,241.5));
#1754 = VECTOR('',#1755,1.);
#1755 = DIRECTION('',(1.,0.,0.));
#1756 = ORIENTED_EDGE('',*,*,#1671,.T.);
#1757 = ORIENTED_EDGE('',*,*,#1758,.T.);
#1758 = EDGE_CURVE('',#1674,#1714,#1759,.T.);
#1759 = LINE('',#1760,#1761);
#1760 = CARTESIAN_POINT('',(18.,0.,259.5));
#1761 = VECTOR('',#1762,1.);
#1762 = DIRECTION('',(1.,0.,0.));
#1763 = ORIENTED_EDGE('',*,*,#1711,.F.);
#1764 = PLANE('',#1765);
#1765 = AXIS2_PLACEMENT_3D('',#1766,#1767,#1768);
#1766 = CARTESIAN_POINT('',(18.,0.,241.5));
#1767 = DIRECTION('',(0.,1.,0.));
#1768 = DIRECTION('',(0.,0.,1.));
#1769 = ADVANCED_FACE('',(#1770),#1786,.T.);
#1770 = FACE_BOUND('',#1771,.T.);
#1771 = EDGE_LOOP('',(#1772,#1778,#1779,#1785));
#1772 = ORIENTED_EDGE('',*,*,#1773,.F.);
#1773 = EDGE_CURVE('',#1682,#1722,#1774,.T.);
#1774 = LINE('',#1775,#1776);
#1775 = CARTESIAN_POINT('',(18.,600.,241.5));
#1776 = VECTOR('',#1777,1.);
#1777 = DIRECTION('',(1.,0.,0.));
#1778 = ORIENTED_EDGE('',*,*,#1689,.T.);
#1779 = ORIENTED_EDGE('',*,*,#1780,.T.);
#1780 = EDGE_CURVE('',#1690,#1730,#1781,.T.);
#1781 = LINE('',#1782,#1783);
#1782 = CARTESIAN_POINT('',(18.,600.,259.5));
#1783 = VECTOR('',#1784,1.);
#1784 = DIRECTION('',(1.,0.,0.));
#1785 = ORIENTED_EDGE('',*,*,#1729,.F.);
#1786 = PLANE('',#1787);
#1787 = AXIS2_PLACEMENT_3D('',#1788,#1789,#1790);
#1788 = CARTESIAN_POINT('',(18.,600.,241.5));
#1789 = DIRECTION('',(0.,1.,0.));
#1790 = DIRECTION('',(0.,0.,1.));
#1791 = ADVANCED_FACE('',(#1792),#1798,.F.);
#1792 = FACE_BOUND('',#1793,.F.);
#1793 = EDGE_LOOP('',(#1794,#1795,#1796,#1797));
#1794 = ORIENTED_EDGE('',*,*,#1681,.F.);
#1795 = ORIENTED_EDGE('',*,*,#1751,.T.);
#1796 = ORIENTED_EDGE('',*,*,#1721,.T.);
#1797 = ORIENTED_EDGE('',*,*,#1773,.F.);
#1798 = PLANE('',#1799);
#1799 = AXIS2_PLACEMENT_3D('',#1800,#1801,#1802);
#1800 = CARTESIAN_POINT('',(18.,0.,241.5));
#1801 = DIRECTION('',(0.,0.,1.));
#1802 = DIRECTION('',(1.,0.,0.));
#1803 = ADVANCED_FACE('',(#1804),#1810,.T.);
#1804 = FACE_BOUND('',#1805,.T.);
#1805 = EDGE_LOOP('',(#1806,#1807,#1808,#1809));
#1806 = ORIENTED_EDGE('',*,*,#1697,.F.);
#1807 = ORIENTED_EDGE('',*,*,#1758,.T.);
#1808 = ORIENTED_EDGE('',*,*,#1737,.T.);
#1809 = ORIENTED_EDGE('',*,*,#1780,.F.);
#1810 = PLANE('',#1811);
#1811 = AXIS2_PLACEMENT_3D('',#1812,#1813,#1814);
#1812 = CARTESIAN_POINT('',(18.,0.,259.5));
#1813 = DIRECTION('',(0.,0.,1.));
#1814 = DIRECTION('',(1.,0.,0.));
#1815 = MANIFOLD_SOLID_BREP('',#1816);
#1816 = CLOSED_SHELL('',(#1817,#1857,#1897,#1919,#1941,#1953));
#1817 = ADVANCED_FACE('',(#1818),#1852,.F.);
#1818 = FACE_BOUND('',#1819,.F.);
#1819 = EDGE_LOOP('',(#1820,#1830,#1838,#1846));
#1820 = ORIENTED_EDGE('',*,*,#1821,.F.);
#1821 = EDGE_CURVE('',#1822,#1824,#1826,.T.);
#1822 = VERTEX_POINT('',#1823);
#1823 = CARTESIAN_POINT('',(9.,-18.,722.));
#1824 = VERTEX_POINT('',#1825);
#1825 = CARTESIAN_POINT('',(9.,-18.,852.));
#1826 = LINE('',#1827,#1828);
#1827 = CARTESIAN_POINT('',(9.,-18.,722.));
#1828 = VECTOR('',#1829,1.);
#1829 = DIRECTION('',(0.,0.,1.));
#1830 = ORIENTED_EDGE('',*,*,#1831,.T.);
#1831 = EDGE_CURVE('',#1822,#1832,#1834,.T.);
#1832 = VERTEX_POINT('',#1833);
#1833 = CARTESIAN_POINT('',(9.,0.,722.));
#1834 = LINE('',#1835,#1836);
#1835 = CARTESIAN_POINT('',(9.,-18.,722.));
#1836 = VECTOR('',#1837,1.);
#1837 = DIRECTION('',(0.,1.,0.));
#1838 = ORIENTED_EDGE('',*,*,#1839,.T.);
#1839 = EDGE_CURVE('',#1832,#1840,#1842,.T.);
#1840 = VERTEX_POINT('',#1841);
#1841 = CARTESIAN_POINT('',(9.,0.,852.));
#1842 = LINE('',#1843,#1844);
#1843 = CARTESIAN_POINT('',(9.,0.,722.));
#1844 = VECTOR('',#1845,1.);
#1845 = DIRECTION('',(0.,0.,1.));
#1846 = ORIENTED_EDGE('',*,*,#1847,.F.);
#1847 = EDGE_CURVE('',#1824,#1840,#1848,.T.);
#1848 = LINE('',#1849,#1850);
#1849 = CARTESIAN_POINT('',(9.,-18.,852.));
#1850 = VECTOR('',#1851,1.);
#1851 = DIRECTION('',(0.,1.,0.));
#1852 = PLANE('',#1853);
#1853 = AXIS2_PLACEMENT_3D('',#1854,#1855,#1856);
#1854 = CARTESIAN_POINT('',(9.,-18.,722.));
#1855 = DIRECTION('',(1.,0.,0.));
#1856 = DIRECTION('',(0.,0.,1.));
#1857 = ADVANCED_FACE('',(#1858),#1892,.T.);
#1858 = FACE_BOUND('',#1859,.T.);
#1859 = EDGE_LOOP('',(#1860,#1870,#1878,#1886));
#1860 = ORIENTED_EDGE('',*,*,#1861,.F.);
#1861 = EDGE_CURVE('',#1862,#1864,#1866,.T.);
#1862 = VERTEX_POINT('',#1863);
#1863 = CARTESIAN_POINT('',(901.,-18.,722.));
#1864 = VERTEX_POINT('',#1865);
#1865 = CARTESIAN_POINT('',(901.,-18.,852.));
#1866 = LINE('',#1867,#1868);
#1867 = CARTESIAN_POINT('',(901.,-18.,722.));
#1868 = VECTOR('',#1869,1.);
#1869 = DIRECTION('',(0.,0.,1.));
#1870 = ORIENTED_EDGE('',*,*,#1871,.T.);
#1871 = EDGE_CURVE('',#1862,#1872,#1874,.T.);
#1872 = VERTEX_POINT('',#1873);
#1873 = CARTESIAN_POINT('',(901.,0.,722.));
#1874 = LINE('',#1875,#1876);
#1875 = CARTESIAN_POINT('',(901.,-18.,722.));
#1876 = VECTOR('',#1877,1.);
#1877 = DIRECTION('',(0.,1.,0.));
#1878 = ORIENTED_EDGE('',*,*,#1879,.T.);
#1879 = EDGE_CURVE('',#1872,#1880,#1882,.T.);
#1880 = VERTEX_POINT('',#1881);
#1881 = CARTESIAN_POINT('',(901.,0.,852.));
#1882 = LINE('',#1883,#1884);
#1883 = CARTESIAN_POINT('',(901.,0.,722.));
#1884 = VECTOR('',#1885,1.);
#1885 = DIRECTION('',(0.,0.,1.));
#1886 = ORIENTED_EDGE('',*,*,#1887,.F.);
#1887 = EDGE_CURVE('',#1864,#1880,#1888,.T.);
#1888 = LINE('',#1889,#1890);
#1889 = CARTESIAN_POINT('',(901.,-18.,852.));
#1890 = VECTOR('',#1891,1.);
#1891 = DIRECTION('',(0.,1.,0.));
#1892 = PLANE('',#1893);
#1893 = AXIS2_PLACEMENT_3D('',#1894,#1895,#1896);
#1894 = CARTESIAN_POINT('',(901.,-18.,722.));
#1895 = DIRECTION('',(1.,0.,0.));
#1896 = DIRECTION('',(0.,0.,1.));
#1897 = ADVANCED_FACE('',(#1898),#1914,.F.);
#1898 = FACE_BOUND('',#1899,.F.);
#1899 = EDGE_LOOP('',(#1900,#1906,#1907,#1913));
#1900 = ORIENTED_EDGE('',*,*,#1901,.F.);
#1901 = EDGE_CURVE('',#1822,#1862,#1902,.T.);
#1902 = LINE('',#1903,#1904);
#1903 = CARTESIAN_POINT('',(9.,-18.,722.));
#1904 = VECTOR('',#1905,1.);
#1905 = DIRECTION('',(1.,0.,0.));
#1906 = ORIENTED_EDGE('',*,*,#1821,.T.);
#1907 = ORIENTED_EDGE('',*,*,#1908,.T.);
#1908 = EDGE_CURVE('',#1824,#1864,#1909,.T.);
#1909 = LINE('',#1910,#1911);
#1910 = CARTESIAN_POINT('',(9.,-18.,852.));
#1911 = VECTOR('',#1912,1.);
#1912 = DIRECTION('',(1.,0.,0.));
#1913 = ORIENTED_EDGE('',*,*,#1861,.F.);
#1914 = PLANE('',#1915);
#1915 = AXIS2_PLACEMENT_3D('',#1916,#1917,#1918);
#1916 = CARTESIAN_POINT('',(9.,-18.,722.));
#1917 = DIRECTION('',(0.,1.,0.));
#1918 = DIRECTION('',(0.,0.,1.));
#1919 = ADVANCED_FACE('',(#1920),#1936,.T.);
#1920 = FACE_BOUND('',#1921,.T.);
#1921 = EDGE_LOOP('',(#1922,#1928,#1929,#1935));
#1922 = ORIENTED_EDGE('',*,*,#1923,.F.);
#1923 = EDGE_CURVE('',#1832,#1872,#1924,.T.);
#1924 = LINE('',#1925,#1926);
#1925 = CARTESIAN_POINT('',(9.,0.,722.));
#1926 = VECTOR('',#1927,1.);
#1927 = DIRECTION('',(1.,0.,0.));
#1928 = ORIENTED_EDGE('',*,*,#1839,.T.);
#1929 = ORIENTED_EDGE('',*,*,#1930,.T.);
#1930 = EDGE_CURVE('',#1840,#1880,#1931,.T.);
#1931 = LINE('',#1932,#1933);
#1932 = CARTESIAN_POINT('',(9.,0.,852.));
#1933 = VECTOR('',#1934,1.);
#1934 = DIRECTION('',(1.,0.,0.));
#1935 = ORIENTED_EDGE('',*,*,#1879,.F.);
#1936 = PLANE('',#1937);
#1937 = AXIS2_PLACEMENT_3D('',#1938,#1939,#1940);
#1938 = CARTESIAN_POINT('',(9.,0.,722.));
#1939 = DIRECTION('',(0.,1.,0.));
#1940 = DIRECTION('',(0.,0.,1.));
#1941 = ADVANCED_FACE('',(#1942),#1948,.F.);
#1942 = FACE_BOUND('',#1943,.F.);
#1943 = EDGE_LOOP('',(#1944,#1945,#1946,#1947));
#1944 = ORIENTED_EDGE('',*,*,#1831,.F.);
#1945 = ORIENTED_EDGE('',*,*,#1901,.T.);
#1946 = ORIENTED_EDGE('',*,*,#1871,.T.);
#1947 = ORIENTED_EDGE('',*,*,#1923,.F.);
#1948 = PLANE('',#1949);
#1949 = AXIS2_PLACEMENT_3D('',#1950,#1951,#1952);
#1950 = CARTESIAN_POINT('',(9.,-18.,722.));
#1951 = DIRECTION('',(0.,0.,1.));
#1952 = DIRECTION('',(1.,0.,0.));
#1953 = ADVANCED_FACE('',(#1954),#1960,.T.);
#1954 = FACE_BOUND('',#1955,.T.);
#1955 = EDGE_LOOP('',(#1956,#1957,#1958,#1959));
#1956 = ORIENTED_EDGE('',*,*,#1847,.F.);
#1957 = ORIENTED_EDGE('',*,*,#1908,.T.);
#1958 = ORIENTED_EDGE('',*,*,#1887,.T.);
#1959 = ORIENTED_EDGE('',*,*,#1930,.F.);
#1960 = PLANE('',#1961);
#1961 = AXIS2_PLACEMENT_3D('',#1962,#1963,#1964);
#1962 = CARTESIAN_POINT('',(9.,-18.,852.));
#1963 = DIRECTION('',(0.,0.,1.));
#1964 = DIRECTION('',(1.,0.,0.));
#1965 = MANIFOLD_SOLID_BREP('',#1966);
#1966 = CLOSED_SHELL('',(#1967,#2007,#2047,#2069,#2091,#2103));
#1967 = ADVANCED_FACE('',(#1968),#2002,.F.);
#1968 = FACE_BOUND('',#1969,.F.);
#1969 = EDGE_LOOP('',(#1970,#1980,#1988,#1996));
#1970 = ORIENTED_EDGE('',*,*,#1971,.F.);
#1971 = EDGE_CURVE('',#1972,#1974,#1976,.T.);
#1972 = VERTEX_POINT('',#1973);
#1973 = CARTESIAN_POINT('',(9.,-18.,403.));
#1974 = VERTEX_POINT('',#1975);
#1975 = CARTESIAN_POINT('',(9.,-18.,718.));
#1976 = LINE('',#1977,#1978);
#1977 = CARTESIAN_POINT('',(9.,-18.,403.));
#1978 = VECTOR('',#1979,1.);
#1979 = DIRECTION('',(0.,0.,1.));
#1980 = ORIENTED_EDGE('',*,*,#1981,.T.);
#1981 = EDGE_CURVE('',#1972,#1982,#1984,.T.);
#1982 = VERTEX_POINT('',#1983);
#1983 = CARTESIAN_POINT('',(9.,0.,403.));
#1984 = LINE('',#1985,#1986);
#1985 = CARTESIAN_POINT('',(9.,-18.,403.));
#1986 = VECTOR('',#1987,1.);
#1987 = DIRECTION('',(0.,1.,0.));
#1988 = ORIENTED_EDGE('',*,*,#1989,.T.);
#1989 = EDGE_CURVE('',#1982,#1990,#1992,.T.);
#1990 = VERTEX_POINT('',#1991);
#1991 = CARTESIAN_POINT('',(9.,0.,718.));
#1992 = LINE('',#1993,#1994);
#1993 = CARTESIAN_POINT('',(9.,0.,403.));
#1994 = VECTOR('',#1995,1.);
#1995 = DIRECTION('',(0.,0.,1.));
#1996 = ORIENTED_EDGE('',*,*,#1997,.F.);
#1997 = EDGE_CURVE('',#1974,#1990,#1998,.T.);
#1998 = LINE('',#1999,#2000);
#1999 = CARTESIAN_POINT('',(9.,-18.,718.));
#2000 = VECTOR('',#2001,1.);
#2001 = DIRECTION('',(0.,1.,0.));
#2002 = PLANE('',#2003);
#2003 = AXIS2_PLACEMENT_3D('',#2004,#2005,#2006);
#2004 = CARTESIAN_POINT('',(9.,-18.,403.));
#2005 = DIRECTION('',(1.,0.,0.));
#2006 = DIRECTION('',(0.,0.,1.));
#2007 = ADVANCED_FACE('',(#2008),#2042,.T.);
#2008 = FACE_BOUND('',#2009,.T.);
#2009 = EDGE_LOOP('',(#2010,#2020,#2028,#2036));
#2010 = ORIENTED_EDGE('',*,*,#2011,.F.);
#2011 = EDGE_CURVE('',#2012,#2014,#2016,.T.);
#2012 = VERTEX_POINT('',#2013);
#2013 = CARTESIAN_POINT('',(901.,-18.,403.));
#2014 = VERTEX_POINT('',#2015);
#2015 = CARTESIAN_POINT('',(901.,-18.,718.));
#2016 = LINE('',#2017,#2018);
#2017 = CARTESIAN_POINT('',(901.,-18.,403.));
#2018 = VECTOR('',#2019,1.);
#2019 = DIRECTION('',(0.,0.,1.));
#2020 = ORIENTED_EDGE('',*,*,#2021,.T.);
#2021 = EDGE_CURVE('',#2012,#2022,#2024,.T.);
#2022 = VERTEX_POINT('',#2023);
#2023 = CARTESIAN_POINT('',(901.,0.,403.));
#2024 = LINE('',#2025,#2026);
#2025 = CARTESIAN_POINT('',(901.,-18.,403.));
#2026 = VECTOR('',#2027,1.);
#2027 = DIRECTION('',(0.,1.,0.));
#2028 = ORIENTED_EDGE('',*,*,#2029,.T.);
#2029 = EDGE_CURVE('',#2022,#2030,#2032,.T.);
#2030 = VERTEX_POINT('',#2031);
#2031 = CARTESIAN_POINT('',(901.,0.,718.));
#2032 = LINE('',#2033,#2034);
#2033 = CARTESIAN_POINT('',(901.,0.,403.));
#2034 = VECTOR('',#2035,1.);
#2035 = DIRECTION('',(0.,0.,1.));
#2036 = ORIENTED_EDGE('',*,*,#2037,.F.);
#2037 = EDGE_CURVE('',#2014,#2030,#2038,.T.);
#2038 = LINE('',#2039,#2040);
#2039 = CARTESIAN_POINT('',(901.,-18.,718.));
#2040 = VECTOR('',#2041,1.);
#2041 = DIRECTION('',(0.,1.,0.));
#2042 = PLANE('',#2043);
#2043 = AXIS2_PLACEMENT_3D('',#2044,#2045,#2046);
#2044 = CARTESIAN_POINT('',(901.,-18.,403.));
#2045 = DIRECTION('',(1.,0.,0.));
#2046 = DIRECTION('',(0.,0.,1.));
#2047 = ADVANCED_FACE('',(#2048),#2064,.F.);
#2048 = FACE_BOUND('',#2049,.F.);
#2049 = EDGE_LOOP('',(#2050,#2056,#2057,#2063));
#2050 = ORIENTED_EDGE('',*,*,#2051,.F.);
#2051 = EDGE_CURVE('',#1972,#2012,#2052,.T.);
#2052 = LINE('',#2053,#2054);
#2053 = CARTESIAN_POINT('',(9.,-18.,403.));
#2054 = VECTOR('',#2055,1.);
#2055 = DIRECTION('',(1.,0.,0.));
#2056 = ORIENTED_EDGE('',*,*,#1971,.T.);
#2057 = ORIENTED_EDGE('',*,*,#2058,.T.);
#2058 = EDGE_CURVE('',#1974,#2014,#2059,.T.);
#2059 = LINE('',#2060,#2061);
#2060 = CARTESIAN_POINT('',(9.,-18.,718.));
#2061 = VECTOR('',#2062,1.);
#2062 = DIRECTION('',(1.,0.,0.));
#2063 = ORIENTED_EDGE('',*,*,#2011,.F.);
#2064 = PLANE('',#2065);
#2065 = AXIS2_PLACEMENT_3D('',#2066,#2067,#2068);
#2066 = CARTESIAN_POINT('',(9.,-18.,403.));
#2067 = DIRECTION('',(0.,1.,0.));
#2068 = DIRECTION('',(0.,0.,1.));
#2069 = ADVANCED_FACE('',(#2070),#2086,.T.);
#2070 = FACE_BOUND('',#2071,.T.);
#2071 = EDGE_LOOP('',(#2072,#2078,#2079,#2085));
#2072 = ORIENTED_EDGE('',*,*,#2073,.F.);
#2073 = EDGE_CURVE('',#1982,#2022,#2074,.T.);
#2074 = LINE('',#2075,#2076);
#2075 = CARTESIAN_POINT('',(9.,0.,403.));
#2076 = VECTOR('',#2077,1.);
#2077 = DIRECTION('',(1.,0.,0.));
#2078 = ORIENTED_EDGE('',*,*,#1989,.T.);
#2079 = ORIENTED_EDGE('',*,*,#2080,.T.);
#2080 = EDGE_CURVE('',#1990,#2030,#2081,.T.);
#2081 = LINE('',#2082,#2083);
#2082 = CARTESIAN_POINT('',(9.,0.,718.));
#2083 = VECTOR('',#2084,1.);
#2084 = DIRECTION('',(1.,0.,0.));
#2085 = ORIENTED_EDGE('',*,*,#2029,.F.);
#2086 = PLANE('',#2087);
#2087 = AXIS2_PLACEMENT_3D('',#2088,#2089,#2090);
#2088 = CARTESIAN_POINT('',(9.,0.,403.));
#2089 = DIRECTION('',(0.,1.,0.));
#2090 = DIRECTION('',(0.,0.,1.));
#2091 = ADVANCED_FACE('',(#2092),#2098,.F.);
#2092 = FACE_BOUND('',#2093,.F.);
#2093 = EDGE_LOOP('',(#2094,#2095,#2096,#2097));
#2094 = ORIENTED_EDGE('',*,*,#1981,.F.);
#2095 = ORIENTED_EDGE('',*,*,#2051,.T.);
#2096 = ORIENTED_EDGE('',*,*,#2021,.T.);
#2097 = ORIENTED_EDGE('',*,*,#2073,.F.);
#2098 = PLANE('',#2099);
#2099 = AXIS2_PLACEMENT_3D('',#2100,#2101,#2102);
#2100 = CARTESIAN_POINT('',(9.,-18.,403.));
#2101 = DIRECTION('',(0.,0.,1.));
#2102 = DIRECTION('',(1.,0.,0.));
#2103 = ADVANCED_FACE('',(#2104),#2110,.T.);
#2104 = FACE_BOUND('',#2105,.T.);
#2105 = EDGE_LOOP('',(#2106,#2107,#2108,#2109));
#2106 = ORIENTED_EDGE('',*,*,#1997,.F.);
#2107 = ORIENTED_EDGE('',*,*,#2058,.T.);
#2108 = ORIENTED_EDGE('',*,*,#2037,.T.);
#2109 = ORIENTED_EDGE('',*,*,#2080,.F.);
#2110 = PLANE('',#2111);
#2111 = AXIS2_PLACEMENT_3D('',#2112,#2113,#2114);
#2112 = CARTESIAN_POINT('',(9.,-18.,718.));
#2113 = DIRECTION('',(0.,0.,1.));
#2114 = DIRECTION('',(1.,0.,0.));
#2115 = MANIFOLD_SOLID_BREP('',#2116);
#2116 = CLOSED_SHELL('',(#2117,#2157,#2197,#2219,#2241,#2253));
#2117 = ADVANCED_FACE('',(#2118),#2152,.F.);
#2118 = FACE_BOUND('',#2119,.F.);
#2119 = EDGE_LOOP('',(#2120,#2130,#2138,#2146));
#2120 = ORIENTED_EDGE('',*,*,#2121,.F.);
#2121 = EDGE_CURVE('',#2122,#2124,#2126,.T.);
#2122 = VERTEX_POINT('',#2123);
#2123 = CARTESIAN_POINT('',(9.,-18.,84.));
#2124 = VERTEX_POINT('',#2125);
#2125 = CARTESIAN_POINT('',(9.,-18.,399.));
#2126 = LINE('',#2127,#2128);
#2127 = CARTESIAN_POINT('',(9.,-18.,84.));
#2128 = VECTOR('',#2129,1.);
#2129 = DIRECTION('',(0.,0.,1.));
#2130 = ORIENTED_EDGE('',*,*,#2131,.T.);
#2131 = EDGE_CURVE('',#2122,#2132,#2134,.T.);
#2132 = VERTEX_POINT('',#2133);
#2133 = CARTESIAN_POINT('',(9.,0.,84.));
#2134 = LINE('',#2135,#2136);
#2135 = CARTESIAN_POINT('',(9.,-18.,84.));
#2136 = VECTOR('',#2137,1.);
#2137 = DIRECTION('',(0.,1.,0.));
#2138 = ORIENTED_EDGE('',*,*,#2139,.T.);
#2139 = EDGE_CURVE('',#2132,#2140,#2142,.T.);
#2140 = VERTEX_POINT('',#2141);
#2141 = CARTESIAN_POINT('',(9.,0.,399.));
#2142 = LINE('',#2143,#2144);
#2143 = CARTESIAN_POINT('',(9.,0.,84.));
#2144 = VECTOR('',#2145,1.);
#2145 = DIRECTION('',(0.,0.,1.));
#2146 = ORIENTED_EDGE('',*,*,#2147,.F.);
#2147 = EDGE_CURVE('',#2124,#2140,#2148,.T.);
#2148 = LINE('',#2149,#2150);
#2149 = CARTESIAN_POINT('',(9.,-18.,399.));
#2150 = VECTOR('',#2151,1.);
#2151 = DIRECTION('',(0.,1.,0.));
#2152 = PLANE('',#2153);
#2153 = AXIS2_PLACEMENT_3D('',#2154,#2155,#2156);
#2154 = CARTESIAN_POINT('',(9.,-18.,84.));
#2155 = DIRECTION('',(1.,0.,0.));
#2156 = DIRECTION('',(0.,0.,1.));
#2157 = ADVANCED_FACE('',(#2158),#2192,.T.);
#2158 = FACE_BOUND('',#2159,.T.);
#2159 = EDGE_LOOP('',(#2160,#2170,#2178,#2186));
#2160 = ORIENTED_EDGE('',*,*,#2161,.F.);
#2161 = EDGE_CURVE('',#2162,#2164,#2166,.T.);
#2162 = VERTEX_POINT('',#2163);
#2163 = CARTESIAN_POINT('',(901.,-18.,84.));
#2164 = VERTEX_POINT('',#2165);
#2165 = CARTESIAN_POINT('',(901.,-18.,399.));
#2166 = LINE('',#2167,#2168);
#2167 = CARTESIAN_POINT('',(901.,-18.,84.));
#2168 = VECTOR('',#2169,1.);
#2169 = DIRECTION('',(0.,0.,1.));
#2170 = ORIENTED_EDGE('',*,*,#2171,.T.);
#2171 = EDGE_CURVE('',#2162,#2172,#2174,.T.);
#2172 = VERTEX_POINT('',#2173);
#2173 = CARTESIAN_POINT('',(901.,0.,84.));
#2174 = LINE('',#2175,#2176);
#2175 = CARTESIAN_POINT('',(901.,-18.,84.));
#2176 = VECTOR('',#2177,1.);
#2177 = DIRECTION('',(0.,1.,0.));
#2178 = ORIENTED_EDGE('',*,*,#2179,.T.);
#2179 = EDGE_CURVE('',#2172,#2180,#2182,.T.);
#2180 = VERTEX_POINT('',#2181);
#2181 = CARTESIAN_POINT('',(901.,0.,399.));
#2182 = LINE('',#2183,#2184);
#2183 = CARTESIAN_POINT('',(901.,0.,84.));
#2184 = VECTOR('',#2185,1.);
#2185 = DIRECTION('',(0.,0.,1.));
#2186 = ORIENTED_EDGE('',*,*,#2187,.F.);
#2187 = EDGE_CURVE('',#2164,#2180,#2188,.T.);
#2188 = LINE('',#2189,#2190);
#2189 = CARTESIAN_POINT('',(901.,-18.,399.));
#2190 = VECTOR('',#2191,1.);
#2191 = DIRECTION('',(0.,1.,0.));
#2192 = PLANE('',#2193);
#2193 = AXIS2_PLACEMENT_3D('',#2194,#2195,#2196);
#2194 = CARTESIAN_POINT('',(901.,-18.,84.));
#2195 = DIRECTION('',(1.,0.,0.));
#2196 = DIRECTION('',(0.,0.,1.));
#2197 = ADVANCED_FACE('',(#2198),#2214,.F.);
#2198 = FACE_BOUND('',#2199,.F.);
#2199 = EDGE_LOOP('',(#2200,#2206,#2207,#2213));
#2200 = ORIENTED_EDGE('',*,*,#2201,.F.);
#2201 = EDGE_CURVE('',#2122,#2162,#2202,.T.);
#2202 = LINE('',#2203,#2204);
#2203 = CARTESIAN_POINT('',(9.,-18.,84.));
#2204 = VECTOR('',#2205,1.);
#2205 = DIRECTION('',(1.,0.,0.));
#2206 = ORIENTED_EDGE('',*,*,#2121,.T.);
#2207 = ORIENTED_EDGE('',*,*,#2208,.T.);
#2208 = EDGE_CURVE('',#2124,#2164,#2209,.T.);
#2209 = LINE('',#2210,#2211);
#2210 = CARTESIAN_POINT('',(9.,-18.,399.));
#2211 = VECTOR('',#2212,1.);
#2212 = DIRECTION('',(1.,0.,0.));
#2213 = ORIENTED_EDGE('',*,*,#2161,.F.);
#2214 = PLANE('',#2215);
#2215 = AXIS2_PLACEMENT_3D('',#2216,#2217,#2218);
#2216 = CARTESIAN_POINT('',(9.,-18.,84.));
#2217 = DIRECTION('',(0.,1.,0.));
#2218 = DIRECTION('',(0.,0.,1.));
#2219 = ADVANCED_FACE('',(#2220),#2236,.T.);
#2220 = FACE_BOUND('',#2221,.T.);
#2221 = EDGE_LOOP('',(#2222,#2228,#2229,#2235));
#2222 = ORIENTED_EDGE('',*,*,#2223,.F.);
#2223 = EDGE_CURVE('',#2132,#2172,#2224,.T.);
#2224 = LINE('',#2225,#2226);
#2225 = CARTESIAN_POINT('',(9.,0.,84.));
#2226 = VECTOR('',#2227,1.);
#2227 = DIRECTION('',(1.,0.,0.));
#2228 = ORIENTED_EDGE('',*,*,#2139,.T.);
#2229 = ORIENTED_EDGE('',*,*,#2230,.T.);
#2230 = EDGE_CURVE('',#2140,#2180,#2231,.T.);
#2231 = LINE('',#2232,#2233);
#2232 = CARTESIAN_POINT('',(9.,0.,399.));
#2233 = VECTOR('',#2234,1.);
#2234 = DIRECTION('',(1.,0.,0.));
#2235 = ORIENTED_EDGE('',*,*,#2179,.F.);
#2236 = PLANE('',#2237);
#2237 = AXIS2_PLACEMENT_3D('',#2238,#2239,#2240);
#2238 = CARTESIAN_POINT('',(9.,0.,84.));
#2239 = DIRECTION('',(0.,1.,0.));
#2240 = DIRECTION('',(0.,0.,1.));
#2241 = ADVANCED_FACE('',(#2242),#2248,.F.);
#2242 = FACE_BOUND('',#2243,.F.);
#2243 = EDGE_LOOP('',(#2244,#2245,#2246,#2247));
#2244 = ORIENTED_EDGE('',*,*,#2131,.F.);
#2245 = ORIENTED_EDGE('',*,*,#2201,.T.);
#2246 = ORIENTED_EDGE('',*,*,#2171,.T.);
#2247 = ORIENTED_EDGE('',*,*,#2223,.F.);
#2248 = PLANE('',#2249);
#2249 = AXIS2_PLACEMENT_3D('',#2250,#2251,#2252);
#2250 = CARTESIAN_POINT('',(9.,-18.,84.));
#2251 = DIRECTION('',(0.,0.,1.));
#2252 = DIRECTION('',(1.,0.,0.));
#2253 = ADVANCED_FACE('',(#2254),#2260,.T.);
#2254 = FACE_BOUND('',#2255,.T.);
#2255 = EDGE_LOOP('',(#2256,#2257,#2258,#2259));
#2256 = ORIENTED_EDGE('',*,*,#2147,.F.);
#2257 = ORIENTED_EDGE('',*,*,#2208,.T.);
#2258 = ORIENTED_EDGE('',*,*,#2187,.T.);
#2259 = ORIENTED_EDGE('',*,*,#2230,.F.);
#2260 = PLANE('',#2261);
#2261 = AXIS2_PLACEMENT_3D('',#2262,#2263,#2264);
#2262 = CARTESIAN_POINT('',(9.,-18.,399.));
#2263 = DIRECTION('',(0.,0.,1.));
#2264 = DIRECTION('',(1.,0.,0.));
#2265 = MANIFOLD_SOLID_BREP('',#2266);
#2266 = CLOSED_SHELL('',(#2267,#2307,#2347,#2369,#2391,#2403));
#2267 = ADVANCED_FACE('',(#2268),#2302,.F.);
#2268 = FACE_BOUND('',#2269,.F.);
#2269 = EDGE_LOOP('',(#2270,#2280,#2288,#2296));
#2270 = ORIENTED_EDGE('',*,*,#2271,.F.);
#2271 = EDGE_CURVE('',#2272,#2274,#2276,.T.);
#2272 = VERTEX_POINT('',#2273);
#2273 = CARTESIAN_POINT('',(0.,24.,694.6));
#2274 = VERTEX_POINT('',#2275);
#2275 = CARTESIAN_POINT('',(0.,24.,767.4));
#2276 = LINE('',#2277,#2278);
#2277 = CARTESIAN_POINT('',(0.,24.,694.6));
#2278 = VECTOR('',#2279,1.);
#2279 = DIRECTION('',(0.,0.,1.));
#2280 = ORIENTED_EDGE('',*,*,#2281,.T.);
#2281 = EDGE_CURVE('',#2272,#2282,#2284,.T.);
#2282 = VERTEX_POINT('',#2283);
#2283 = CARTESIAN_POINT('',(0.,26.,694.6));
#2284 = LINE('',#2285,#2286);
#2285 = CARTESIAN_POINT('',(0.,24.,694.6));
#2286 = VECTOR('',#2287,1.);
#2287 = DIRECTION('',(0.,1.,0.));
#2288 = ORIENTED_EDGE('',*,*,#2289,.T.);
#2289 = EDGE_CURVE('',#2282,#2290,#2292,.T.);
#2290 = VERTEX_POINT('',#2291);
#2291 = CARTESIAN_POINT('',(0.,26.,767.4));
#2292 = LINE('',#2293,#2294);
#2293 = CARTESIAN_POINT('',(0.,26.,694.6));
#2294 = VECTOR('',#2295,1.);
#2295 = DIRECTION('',(0.,0.,1.));
#2296 = ORIENTED_EDGE('',*,*,#2297,.F.);
#2297 = EDGE_CURVE('',#2274,#2290,#2298,.T.);
#2298 = LINE('',#2299,#2300);
#2299 = CARTESIAN_POINT('',(0.,24.,767.4));
#2300 = VECTOR('',#2301,1.);
#2301 = DIRECTION('',(0.,1.,0.));
#2302 = PLANE('',#2303);
#2303 = AXIS2_PLACEMENT_3D('',#2304,#2305,#2306);
#2304 = CARTESIAN_POINT('',(0.,24.,694.6));
#2305 = DIRECTION('',(1.,0.,0.));
#2306 = DIRECTION('',(0.,0.,1.));
#2307 = ADVANCED_FACE('',(#2308),#2342,.T.);
#2308 = FACE_BOUND('',#2309,.T.);
#2309 = EDGE_LOOP('',(#2310,#2320,#2328,#2336));
#2310 = ORIENTED_EDGE('',*,*,#2311,.F.);
#2311 = EDGE_CURVE('',#2312,#2314,#2316,.T.);
#2312 = VERTEX_POINT('',#2313);
#2313 = CARTESIAN_POINT('',(903.,24.,694.6));
#2314 = VERTEX_POINT('',#2315);
#2315 = CARTESIAN_POINT('',(903.,24.,767.4));
#2316 = LINE('',#2317,#2318);
#2317 = CARTESIAN_POINT('',(903.,24.,694.6));
#2318 = VECTOR('',#2319,1.);
#2319 = DIRECTION('',(0.,0.,1.));
#2320 = ORIENTED_EDGE('',*,*,#2321,.T.);
#2321 = EDGE_CURVE('',#2312,#2322,#2324,.T.);
#2322 = VERTEX_POINT('',#2323);
#2323 = CARTESIAN_POINT('',(903.,26.,694.6));
#2324 = LINE('',#2325,#2326);
#2325 = CARTESIAN_POINT('',(903.,24.,694.6));
#2326 = VECTOR('',#2327,1.);
#2327 = DIRECTION('',(0.,1.,0.));
#2328 = ORIENTED_EDGE('',*,*,#2329,.T.);
#2329 = EDGE_CURVE('',#2322,#2330,#2332,.T.);
#2330 = VERTEX_POINT('',#2331);
#2331 = CARTESIAN_POINT('',(903.,26.,767.4));
#2332 = LINE('',#2333,#2334);
#2333 = CARTESIAN_POINT('',(903.,26.,694.6));
#2334 = VECTOR('',#2335,1.);
#2335 = DIRECTION('',(0.,0.,1.));
#2336 = ORIENTED_EDGE('',*,*,#2337,.F.);
#2337 = EDGE_CURVE('',#2314,#2330,#2338,.T.);
#2338 = LINE('',#2339,#2340);
#2339 = CARTESIAN_POINT('',(903.,24.,767.4));
#2340 = VECTOR('',#2341,1.);
#2341 = DIRECTION('',(0.,1.,0.));
#2342 = PLANE('',#2343);
#2343 = AXIS2_PLACEMENT_3D('',#2344,#2345,#2346);
#2344 = CARTESIAN_POINT('',(903.,24.,694.6));
#2345 = DIRECTION('',(1.,0.,0.));
#2346 = DIRECTION('',(0.,0.,1.));
#2347 = ADVANCED_FACE('',(#2348),#2364,.F.);
#2348 = FACE_BOUND('',#2349,.F.);
#2349 = EDGE_LOOP('',(#2350,#2356,#2357,#2363));
#2350 = ORIENTED_EDGE('',*,*,#2351,.F.);
#2351 = EDGE_CURVE('',#2272,#2312,#2352,.T.);
#2352 = LINE('',#2353,#2354);
#2353 = CARTESIAN_POINT('',(0.,24.,694.6));
#2354 = VECTOR('',#2355,1.);
#2355 = DIRECTION('',(1.,0.,0.));
#2356 = ORIENTED_EDGE('',*,*,#2271,.T.);
#2357 = ORIENTED_EDGE('',*,*,#2358,.T.);
#2358 = EDGE_CURVE('',#2274,#2314,#2359,.T.);
#2359 = LINE('',#2360,#2361);
#2360 = CARTESIAN_POINT('',(0.,24.,767.4));
#2361 = VECTOR('',#2362,1.);
#2362 = DIRECTION('',(1.,0.,0.));
#2363 = ORIENTED_EDGE('',*,*,#2311,.F.);
#2364 = PLANE('',#2365);
#2365 = AXIS2_PLACEMENT_3D('',#2366,#2367,#2368);
#2366 = CARTESIAN_POINT('',(0.,24.,694.6));
#2367 = DIRECTION('',(0.,1.,0.));
#2368 = DIRECTION('',(0.,0.,1.));
#2369 = ADVANCED_FACE('',(#2370),#2386,.T.);
#2370 = FACE_BOUND('',#2371,.T.);
#2371 = EDGE_LOOP('',(#2372,#2378,#2379,#2385));
#2372 = ORIENTED_EDGE('',*,*,#2373,.F.);
#2373 = EDGE_CURVE('',#2282,#2322,#2374,.T.);
#2374 = LINE('',#2375,#2376);
#2375 = CARTESIAN_POINT('',(0.,26.,694.6));
#2376 = VECTOR('',#2377,1.);
#2377 = DIRECTION('',(1.,0.,0.));
#2378 = ORIENTED_EDGE('',*,*,#2289,.T.);
#2379 = ORIENTED_EDGE('',*,*,#2380,.T.);
#2380 = EDGE_CURVE('',#2290,#2330,#2381,.T.);
#2381 = LINE('',#2382,#2383);
#2382 = CARTESIAN_POINT('',(0.,26.,767.4));
#2383 = VECTOR('',#2384,1.);
#2384 = DIRECTION('',(1.,0.,0.));
#2385 = ORIENTED_EDGE('',*,*,#2329,.F.);
#2386 = PLANE('',#2387);
#2387 = AXIS2_PLACEMENT_3D('',#2388,#2389,#2390);
#2388 = CARTESIAN_POINT('',(0.,26.,694.6));
#2389 = DIRECTION('',(0.,1.,0.));
#2390 = DIRECTION('',(0.,0.,1.));
#2391 = ADVANCED_FACE('',(#2392),#2398,.F.);
#2392 = FACE_BOUND('',#2393,.F.);
#2393 = EDGE_LOOP('',(#2394,#2395,#2396,#2397));
#2394 = ORIENTED_EDGE('',*,*,#2281,.F.);
#2395 = ORIENTED_EDGE('',*,*,#2351,.T.);
#2396 = ORIENTED_EDGE('',*,*,#2321,.T.);
#2397 = ORIENTED_EDGE('',*,*,#2373,.F.);
#2398 = PLANE('',#2399);
#2399 = AXIS2_PLACEMENT_3D('',#2400,#2401,#2402);
#2400 = CARTESIAN_POINT('',(0.,24.,694.6));
#2401 = DIRECTION('',(0.,0.,1.));
#2402 = DIRECTION('',(1.,0.,0.));
#2403 = ADVANCED_FACE('',(#2404),#2410,.T.);
#2404 = FACE_BOUND('',#2405,.T.);
#2405 = EDGE_LOOP('',(#2406,#2407,#2408,#2409));
#2406 = ORIENTED_EDGE('',*,*,#2297,.F.);
#2407 = ORIENTED_EDGE('',*,*,#2358,.T.);
#2408 = ORIENTED_EDGE('',*,*,#2337,.T.);
#2409 = ORIENTED_EDGE('',*,*,#2380,.F.);
#2410 = PLANE('',#2411);
#2411 = AXIS2_PLACEMENT_3D('',#2412,#2413,#2414);
#2412 = CARTESIAN_POINT('',(0.,24.,767.4));
#2413 = DIRECTION('',(0.,0.,1.));
#2414 = DIRECTION('',(1.,0.,0.));
#2415 = MANIFOLD_SOLID_BREP('',#2416);
#2416 = CLOSED_SHELL('',(#2417,#2457,#2497,#2519,#2541,#2553));
#2417 = ADVANCED_FACE('',(#2418),#2452,.F.);
#2418 = FACE_BOUND('',#2419,.F.);
#2419 = EDGE_LOOP('',(#2420,#2430,#2438,#2446));
#2420 = ORIENTED_EDGE('',*,*,#2421,.F.);
#2421 = EDGE_CURVE('',#2422,#2424,#2426,.T.);
#2422 = VERTEX_POINT('',#2423);
#2423 = CARTESIAN_POINT('',(0.,0.,694.6));
#2424 = VERTEX_POINT('',#2425);
#2425 = CARTESIAN_POINT('',(0.,0.,696.6));
#2426 = LINE('',#2427,#2428);
#2427 = CARTESIAN_POINT('',(0.,0.,694.6));
#2428 = VECTOR('',#2429,1.);
#2429 = DIRECTION('',(0.,0.,1.));
#2430 = ORIENTED_EDGE('',*,*,#2431,.T.);
#2431 = EDGE_CURVE('',#2422,#2432,#2434,.T.);
#2432 = VERTEX_POINT('',#2433);
#2433 = CARTESIAN_POINT('',(0.,26.,694.6));
#2434 = LINE('',#2435,#2436);
#2435 = CARTESIAN_POINT('',(0.,0.,694.6));
#2436 = VECTOR('',#2437,1.);
#2437 = DIRECTION('',(0.,1.,0.));
#2438 = ORIENTED_EDGE('',*,*,#2439,.T.);
#2439 = EDGE_CURVE('',#2432,#2440,#2442,.T.);
#2440 = VERTEX_POINT('',#2441);
#2441 = CARTESIAN_POINT('',(0.,26.,696.6));
#2442 = LINE('',#2443,#2444);
#2443 = CARTESIAN_POINT('',(0.,26.,694.6));
#2444 = VECTOR('',#2445,1.);
#2445 = DIRECTION('',(0.,0.,1.));
#2446 = ORIENTED_EDGE('',*,*,#2447,.F.);
#2447 = EDGE_CURVE('',#2424,#2440,#2448,.T.);
#2448 = LINE('',#2449,#2450);
#2449 = CARTESIAN_POINT('',(0.,0.,696.6));
#2450 = VECTOR('',#2451,1.);
#2451 = DIRECTION('',(0.,1.,0.));
#2452 = PLANE('',#2453);
#2453 = AXIS2_PLACEMENT_3D('',#2454,#2455,#2456);
#2454 = CARTESIAN_POINT('',(0.,0.,694.6));
#2455 = DIRECTION('',(1.,0.,0.));
#2456 = DIRECTION('',(0.,0.,1.));
#2457 = ADVANCED_FACE('',(#2458),#2492,.T.);
#2458 = FACE_BOUND('',#2459,.T.);
#2459 = EDGE_LOOP('',(#2460,#2470,#2478,#2486));
#2460 = ORIENTED_EDGE('',*,*,#2461,.F.);
#2461 = EDGE_CURVE('',#2462,#2464,#2466,.T.);
#2462 = VERTEX_POINT('',#2463);
#2463 = CARTESIAN_POINT('',(903.,0.,694.6));
#2464 = VERTEX_POINT('',#2465);
#2465 = CARTESIAN_POINT('',(903.,0.,696.6));
#2466 = LINE('',#2467,#2468);
#2467 = CARTESIAN_POINT('',(903.,0.,694.6));
#2468 = VECTOR('',#2469,1.);
#2469 = DIRECTION('',(0.,0.,1.));
#2470 = ORIENTED_EDGE('',*,*,#2471,.T.);
#2471 = EDGE_CURVE('',#2462,#2472,#2474,.T.);
#2472 = VERTEX_POINT('',#2473);
#2473 = CARTESIAN_POINT('',(903.,26.,694.6));
#2474 = LINE('',#2475,#2476);
#2475 = CARTESIAN_POINT('',(903.,0.,694.6));
#2476 = VECTOR('',#2477,1.);
#2477 = DIRECTION('',(0.,1.,0.));
#2478 = ORIENTED_EDGE('',*,*,#2479,.T.);
#2479 = EDGE_CURVE('',#2472,#2480,#2482,.T.);
#2480 = VERTEX_POINT('',#2481);
#2481 = CARTESIAN_POINT('',(903.,26.,696.6));
#2482 = LINE('',#2483,#2484);
#2483 = CARTESIAN_POINT('',(903.,26.,694.6));
#2484 = VECTOR('',#2485,1.);
#2485 = DIRECTION('',(0.,0.,1.));
#2486 = ORIENTED_EDGE('',*,*,#2487,.F.);
#2487 = EDGE_CURVE('',#2464,#2480,#2488,.T.);
#2488 = LINE('',#2489,#2490);
#2489 = CARTESIAN_POINT('',(903.,0.,696.6));
#2490 = VECTOR('',#2491,1.);
#2491 = DIRECTION('',(0.,1.,0.));
#2492 = PLANE('',#2493);
#2493 = AXIS2_PLACEMENT_3D('',#2494,#2495,#2496);
#2494 = CARTESIAN_POINT('',(903.,0.,694.6));
#2495 = DIRECTION('',(1.,0.,0.));
#2496 = DIRECTION('',(0.,0.,1.));
#2497 = ADVANCED_FACE('',(#2498),#2514,.F.);
#2498 = FACE_BOUND('',#2499,.F.);
#2499 = EDGE_LOOP('',(#2500,#2506,#2507,#2513));
#2500 = ORIENTED_EDGE('',*,*,#2501,.F.);
#2501 = EDGE_CURVE('',#2422,#2462,#2502,.T.);
#2502 = LINE('',#2503,#2504);
#2503 = CARTESIAN_POINT('',(0.,0.,694.6));
#2504 = VECTOR('',#2505,1.);
#2505 = DIRECTION('',(1.,0.,0.));
#2506 = ORIENTED_EDGE('',*,*,#2421,.T.);
#2507 = ORIENTED_EDGE('',*,*,#2508,.T.);
#2508 = EDGE_CURVE('',#2424,#2464,#2509,.T.);
#2509 = LINE('',#2510,#2511);
#2510 = CARTESIAN_POINT('',(0.,0.,696.6));
#2511 = VECTOR('',#2512,1.);
#2512 = DIRECTION('',(1.,0.,0.));
#2513 = ORIENTED_EDGE('',*,*,#2461,.F.);
#2514 = PLANE('',#2515);
#2515 = AXIS2_PLACEMENT_3D('',#2516,#2517,#2518);
#2516 = CARTESIAN_POINT('',(0.,0.,694.6));
#2517 = DIRECTION('',(0.,1.,0.));
#2518 = DIRECTION('',(0.,0.,1.));
#2519 = ADVANCED_FACE('',(#2520),#2536,.T.);
#2520 = FACE_BOUND('',#2521,.T.);
#2521 = EDGE_LOOP('',(#2522,#2528,#2529,#2535));
#2522 = ORIENTED_EDGE('',*,*,#2523,.F.);
#2523 = EDGE_CURVE('',#2432,#2472,#2524,.T.);
#2524 = LINE('',#2525,#2526);
#2525 = CARTESIAN_POINT('',(0.,26.,694.6));
#2526 = VECTOR('',#2527,1.);
#2527 = DIRECTION('',(1.,0.,0.));
#2528 = ORIENTED_EDGE('',*,*,#2439,.T.);
#2529 = ORIENTED_EDGE('',*,*,#2530,.T.);
#2530 = EDGE_CURVE('',#2440,#2480,#2531,.T.);
#2531 = LINE('',#2532,#2533);
#2532 = CARTESIAN_POINT('',(0.,26.,696.6));
#2533 = VECTOR('',#2534,1.);
#2534 = DIRECTION('',(1.,0.,0.));
#2535 = ORIENTED_EDGE('',*,*,#2479,.F.);
#2536 = PLANE('',#2537);
#2537 = AXIS2_PLACEMENT_3D('',#2538,#2539,#2540);
#2538 = CARTESIAN_POINT('',(0.,26.,694.6));
#2539 = DIRECTION('',(0.,1.,0.));
#2540 = DIRECTION('',(0.,0.,1.));
#2541 = ADVANCED_FACE('',(#2542),#2548,.F.);
#2542 = FACE_BOUND('',#2543,.F.);
#2543 = EDGE_LOOP('',(#2544,#2545,#2546,#2547));
#2544 = ORIENTED_EDGE('',*,*,#2431,.F.);
#2545 = ORIENTED_EDGE('',*,*,#2501,.T.);
#2546 = ORIENTED_EDGE('',*,*,#2471,.T.);
#2547 = ORIENTED_EDGE('',*,*,#2523,.F.);
#2548 = PLANE('',#2549);
#2549 = AXIS2_PLACEMENT_3D('',#2550,#2551,#2552);
#2550 = CARTESIAN_POINT('',(0.,0.,694.6));
#2551 = DIRECTION('',(0.,0.,1.));
#2552 = DIRECTION('',(1.,0.,0.));
#2553 = ADVANCED_FACE('',(#2554),#2560,.T.);
#2554 = FACE_BOUND('',#2555,.T.);
#2555 = EDGE_LOOP('',(#2556,#2557,#2558,#2559));
#2556 = ORIENTED_EDGE('',*,*,#2447,.F.);
#2557 = ORIENTED_EDGE('',*,*,#2508,.T.);
#2558 = ORIENTED_EDGE('',*,*,#2487,.T.);
#2559 = ORIENTED_EDGE('',*,*,#2530,.F.);
#2560 = PLANE('',#2561);
#2561 = AXIS2_PLACEMENT_3D('',#2562,#2563,#2564);
#2562 = CARTESIAN_POINT('',(0.,0.,696.6));
#2563 = DIRECTION('',(0.,0.,1.));
#2564 = DIRECTION('',(1.,0.,0.));
#2565 = MANIFOLD_SOLID_BREP('',#2566);
#2566 = CLOSED_SHELL('',(#2567,#2607,#2647,#2669,#2691,#2703));
#2567 = ADVANCED_FACE('',(#2568),#2602,.F.);
#2568 = FACE_BOUND('',#2569,.F.);
#2569 = EDGE_LOOP('',(#2570,#2580,#2588,#2596));
#2570 = ORIENTED_EDGE('',*,*,#2571,.F.);
#2571 = EDGE_CURVE('',#2572,#2574,#2576,.T.);
#2572 = VERTEX_POINT('',#2573);
#2573 = CARTESIAN_POINT('',(0.,0.,765.4));
#2574 = VERTEX_POINT('',#2575);
#2575 = CARTESIAN_POINT('',(0.,0.,767.4));
#2576 = LINE('',#2577,#2578);
#2577 = CARTESIAN_POINT('',(0.,0.,765.4));
#2578 = VECTOR('',#2579,1.);
#2579 = DIRECTION('',(0.,0.,1.));
#2580 = ORIENTED_EDGE('',*,*,#2581,.T.);
#2581 = EDGE_CURVE('',#2572,#2582,#2584,.T.);
#2582 = VERTEX_POINT('',#2583);
#2583 = CARTESIAN_POINT('',(0.,26.,765.4));
#2584 = LINE('',#2585,#2586);
#2585 = CARTESIAN_POINT('',(0.,0.,765.4));
#2586 = VECTOR('',#2587,1.);
#2587 = DIRECTION('',(0.,1.,0.));
#2588 = ORIENTED_EDGE('',*,*,#2589,.T.);
#2589 = EDGE_CURVE('',#2582,#2590,#2592,.T.);
#2590 = VERTEX_POINT('',#2591);
#2591 = CARTESIAN_POINT('',(0.,26.,767.4));
#2592 = LINE('',#2593,#2594);
#2593 = CARTESIAN_POINT('',(0.,26.,765.4));
#2594 = VECTOR('',#2595,1.);
#2595 = DIRECTION('',(0.,0.,1.));
#2596 = ORIENTED_EDGE('',*,*,#2597,.F.);
#2597 = EDGE_CURVE('',#2574,#2590,#2598,.T.);
#2598 = LINE('',#2599,#2600);
#2599 = CARTESIAN_POINT('',(0.,0.,767.4));
#2600 = VECTOR('',#2601,1.);
#2601 = DIRECTION('',(0.,1.,0.));
#2602 = PLANE('',#2603);
#2603 = AXIS2_PLACEMENT_3D('',#2604,#2605,#2606);
#2604 = CARTESIAN_POINT('',(0.,0.,765.4));
#2605 = DIRECTION('',(1.,0.,0.));
#2606 = DIRECTION('',(0.,0.,1.));
#2607 = ADVANCED_FACE('',(#2608),#2642,.T.);
#2608 = FACE_BOUND('',#2609,.T.);
#2609 = EDGE_LOOP('',(#2610,#2620,#2628,#2636));
#2610 = ORIENTED_EDGE('',*,*,#2611,.F.);
#2611 = EDGE_CURVE('',#2612,#2614,#2616,.T.);
#2612 = VERTEX_POINT('',#2613);
#2613 = CARTESIAN_POINT('',(903.,0.,765.4));
#2614 = VERTEX_POINT('',#2615);
#2615 = CARTESIAN_POINT('',(903.,0.,767.4));
#2616 = LINE('',#2617,#2618);
#2617 = CARTESIAN_POINT('',(903.,0.,765.4));
#2618 = VECTOR('',#2619,1.);
#2619 = DIRECTION('',(0.,0.,1.));
#2620 = ORIENTED_EDGE('',*,*,#2621,.T.);
#2621 = EDGE_CURVE('',#2612,#2622,#2624,.T.);
#2622 = VERTEX_POINT('',#2623);
#2623 = CARTESIAN_POINT('',(903.,26.,765.4));
#2624 = LINE('',#2625,#2626);
#2625 = CARTESIAN_POINT('',(903.,0.,765.4));
#2626 = VECTOR('',#2627,1.);
#2627 = DIRECTION('',(0.,1.,0.));
#2628 = ORIENTED_EDGE('',*,*,#2629,.T.);
#2629 = EDGE_CURVE('',#2622,#2630,#2632,.T.);
#2630 = VERTEX_POINT('',#2631);
#2631 = CARTESIAN_POINT('',(903.,26.,767.4));
#2632 = LINE('',#2633,#2634);
#2633 = CARTESIAN_POINT('',(903.,26.,765.4));
#2634 = VECTOR('',#2635,1.);
#2635 = DIRECTION('',(0.,0.,1.));
#2636 = ORIENTED_EDGE('',*,*,#2637,.F.);
#2637 = EDGE_CURVE('',#2614,#2630,#2638,.T.);
#2638 = LINE('',#2639,#2640);
#2639 = CARTESIAN_POINT('',(903.,0.,767.4));
#2640 = VECTOR('',#2641,1.);
#2641 = DIRECTION('',(0.,1.,0.));
#2642 = PLANE('',#2643);
#2643 = AXIS2_PLACEMENT_3D('',#2644,#2645,#2646);
#2644 = CARTESIAN_POINT('',(903.,0.,765.4));
#2645 = DIRECTION('',(1.,0.,0.));
#2646 = DIRECTION('',(0.,0.,1.));
#2647 = ADVANCED_FACE('',(#2648),#2664,.F.);
#2648 = FACE_BOUND('',#2649,.F.);
#2649 = EDGE_LOOP('',(#2650,#2656,#2657,#2663));
#2650 = ORIENTED_EDGE('',*,*,#2651,.F.);
#2651 = EDGE_CURVE('',#2572,#2612,#2652,.T.);
#2652 = LINE('',#2653,#2654);
#2653 = CARTESIAN_POINT('',(0.,0.,765.4));
#2654 = VECTOR('',#2655,1.);
#2655 = DIRECTION('',(1.,0.,0.));
#2656 = ORIENTED_EDGE('',*,*,#2571,.T.);
#2657 = ORIENTED_EDGE('',*,*,#2658,.T.);
#2658 = EDGE_CURVE('',#2574,#2614,#2659,.T.);
#2659 = LINE('',#2660,#2661);
#2660 = CARTESIAN_POINT('',(0.,0.,767.4));
#2661 = VECTOR('',#2662,1.);
#2662 = DIRECTION('',(1.,0.,0.));
#2663 = ORIENTED_EDGE('',*,*,#2611,.F.);
#2664 = PLANE('',#2665);
#2665 = AXIS2_PLACEMENT_3D('',#2666,#2667,#2668);
#2666 = CARTESIAN_POINT('',(0.,0.,765.4));
#2667 = DIRECTION('',(0.,1.,0.));
#2668 = DIRECTION('',(0.,0.,1.));
#2669 = ADVANCED_FACE('',(#2670),#2686,.T.);
#2670 = FACE_BOUND('',#2671,.T.);
#2671 = EDGE_LOOP('',(#2672,#2678,#2679,#2685));
#2672 = ORIENTED_EDGE('',*,*,#2673,.F.);
#2673 = EDGE_CURVE('',#2582,#2622,#2674,.T.);
#2674 = LINE('',#2675,#2676);
#2675 = CARTESIAN_POINT('',(0.,26.,765.4));
#2676 = VECTOR('',#2677,1.);
#2677 = DIRECTION('',(1.,0.,0.));
#2678 = ORIENTED_EDGE('',*,*,#2589,.T.);
#2679 = ORIENTED_EDGE('',*,*,#2680,.T.);
#2680 = EDGE_CURVE('',#2590,#2630,#2681,.T.);
#2681 = LINE('',#2682,#2683);
#2682 = CARTESIAN_POINT('',(0.,26.,767.4));
#2683 = VECTOR('',#2684,1.);
#2684 = DIRECTION('',(1.,0.,0.));
#2685 = ORIENTED_EDGE('',*,*,#2629,.F.);
#2686 = PLANE('',#2687);
#2687 = AXIS2_PLACEMENT_3D('',#2688,#2689,#2690);
#2688 = CARTESIAN_POINT('',(0.,26.,765.4));
#2689 = DIRECTION('',(0.,1.,0.));
#2690 = DIRECTION('',(0.,0.,1.));
#2691 = ADVANCED_FACE('',(#2692),#2698,.F.);
#2692 = FACE_BOUND('',#2693,.F.);
#2693 = EDGE_LOOP('',(#2694,#2695,#2696,#2697));
#2694 = ORIENTED_EDGE('',*,*,#2581,.F.);
#2695 = ORIENTED_EDGE('',*,*,#2651,.T.);
#2696 = ORIENTED_EDGE('',*,*,#2621,.T.);
#2697 = ORIENTED_EDGE('',*,*,#2673,.F.);
#2698 = PLANE('',#2699);
#2699 = AXIS2_PLACEMENT_3D('',#2700,#2701,#2702);
#2700 = CARTESIAN_POINT('',(0.,0.,765.4));
#2701 = DIRECTION('',(0.,0.,1.));
#2702 = DIRECTION('',(1.,0.,0.));
#2703 = ADVANCED_FACE('',(#2704),#2710,.T.);
#2704 = FACE_BOUND('',#2705,.T.);
#2705 = EDGE_LOOP('',(#2706,#2707,#2708,#2709));
#2706 = ORIENTED_EDGE('',*,*,#2597,.F.);
#2707 = ORIENTED_EDGE('',*,*,#2658,.T.);
#2708 = ORIENTED_EDGE('',*,*,#2637,.T.);
#2709 = ORIENTED_EDGE('',*,*,#2680,.F.);
#2710 = PLANE('',#2711);
#2711 = AXIS2_PLACEMENT_3D('',#2712,#2713,#2714);
#2712 = CARTESIAN_POINT('',(0.,0.,767.4));
#2713 = DIRECTION('',(0.,0.,1.));
#2714 = DIRECTION('',(1.,0.,0.));
#2715 = MANIFOLD_SOLID_BREP('',#2716);
#2716 = CLOSED_SHELL('',(#2717,#2757,#2797,#2819,#2841,#2853));
#2717 = ADVANCED_FACE('',(#2718),#2752,.F.);
#2718 = FACE_BOUND('',#2719,.F.);
#2719 = EDGE_LOOP('',(#2720,#2730,#2738,#2746));
#2720 = ORIENTED_EDGE('',*,*,#2721,.F.);
#2721 = EDGE_CURVE('',#2722,#2724,#2726,.T.);
#2722 = VERTEX_POINT('',#2723);
#2723 = CARTESIAN_POINT('',(0.,0.,696.6));
#2724 = VERTEX_POINT('',#2725);
#2725 = CARTESIAN_POINT('',(0.,0.,706.6));
#2726 = LINE('',#2727,#2728);
#2727 = CARTESIAN_POINT('',(0.,0.,696.6));
#2728 = VECTOR('',#2729,1.);
#2729 = DIRECTION('',(0.,0.,1.));
#2730 = ORIENTED_EDGE('',*,*,#2731,.T.);
#2731 = EDGE_CURVE('',#2722,#2732,#2734,.T.);
#2732 = VERTEX_POINT('',#2733);
#2733 = CARTESIAN_POINT('',(0.,2.,696.6));
#2734 = LINE('',#2735,#2736);
#2735 = CARTESIAN_POINT('',(0.,0.,696.6));
#2736 = VECTOR('',#2737,1.);
#2737 = DIRECTION('',(0.,1.,0.));
#2738 = ORIENTED_EDGE('',*,*,#2739,.T.);
#2739 = EDGE_CURVE('',#2732,#2740,#2742,.T.);
#2740 = VERTEX_POINT('',#2741);
#2741 = CARTESIAN_POINT('',(0.,2.,706.6));
#2742 = LINE('',#2743,#2744);
#2743 = CARTESIAN_POINT('',(0.,2.,696.6));
#2744 = VECTOR('',#2745,1.);
#2745 = DIRECTION('',(0.,0.,1.));
#2746 = ORIENTED_EDGE('',*,*,#2747,.F.);
#2747 = EDGE_CURVE('',#2724,#2740,#2748,.T.);
#2748 = LINE('',#2749,#2750);
#2749 = CARTESIAN_POINT('',(0.,0.,706.6));
#2750 = VECTOR('',#2751,1.);
#2751 = DIRECTION('',(0.,1.,0.));
#2752 = PLANE('',#2753);
#2753 = AXIS2_PLACEMENT_3D('',#2754,#2755,#2756);
#2754 = CARTESIAN_POINT('',(0.,0.,696.6));
#2755 = DIRECTION('',(1.,0.,0.));
#2756 = DIRECTION('',(0.,0.,1.));
#2757 = ADVANCED_FACE('',(#2758),#2792,.T.);
#2758 = FACE_BOUND('',#2759,.T.);
#2759 = EDGE_LOOP('',(#2760,#2770,#2778,#2786));
#2760 = ORIENTED_EDGE('',*,*,#2761,.F.);
#2761 = EDGE_CURVE('',#2762,#2764,#2766,.T.);
#2762 = VERTEX_POINT('',#2763);
#2763 = CARTESIAN_POINT('',(903.,0.,696.6));
#2764 = VERTEX_POINT('',#2765);
#2765 = CARTESIAN_POINT('',(903.,0.,706.6));
#2766 = LINE('',#2767,#2768);
#2767 = CARTESIAN_POINT('',(903.,0.,696.6));
#2768 = VECTOR('',#2769,1.);
#2769 = DIRECTION('',(0.,0.,1.));
#2770 = ORIENTED_EDGE('',*,*,#2771,.T.);
#2771 = EDGE_CURVE('',#2762,#2772,#2774,.T.);
#2772 = VERTEX_POINT('',#2773);
#2773 = CARTESIAN_POINT('',(903.,2.,696.6));
#2774 = LINE('',#2775,#2776);
#2775 = CARTESIAN_POINT('',(903.,0.,696.6));
#2776 = VECTOR('',#2777,1.);
#2777 = DIRECTION('',(0.,1.,0.));
#2778 = ORIENTED_EDGE('',*,*,#2779,.T.);
#2779 = EDGE_CURVE('',#2772,#2780,#2782,.T.);
#2780 = VERTEX_POINT('',#2781);
#2781 = CARTESIAN_POINT('',(903.,2.,706.6));
#2782 = LINE('',#2783,#2784);
#2783 = CARTESIAN_POINT('',(903.,2.,696.6));
#2784 = VECTOR('',#2785,1.);
#2785 = DIRECTION('',(0.,0.,1.));
#2786 = ORIENTED_EDGE('',*,*,#2787,.F.);
#2787 = EDGE_CURVE('',#2764,#2780,#2788,.T.);
#2788 = LINE('',#2789,#2790);
#2789 = CARTESIAN_POINT('',(903.,0.,706.6));
#2790 = VECTOR('',#2791,1.);
#2791 = DIRECTION('',(0.,1.,0.));
#2792 = PLANE('',#2793);
#2793 = AXIS2_PLACEMENT_3D('',#2794,#2795,#2796);
#2794 = CARTESIAN_POINT('',(903.,0.,696.6));
#2795 = DIRECTION('',(1.,0.,0.));
#2796 = DIRECTION('',(0.,0.,1.));
#2797 = ADVANCED_FACE('',(#2798),#2814,.F.);
#2798 = FACE_BOUND('',#2799,.F.);
#2799 = EDGE_LOOP('',(#2800,#2806,#2807,#2813));
#2800 = ORIENTED_EDGE('',*,*,#2801,.F.);
#2801 = EDGE_CURVE('',#2722,#2762,#2802,.T.);
#2802 = LINE('',#2803,#2804);
#2803 = CARTESIAN_POINT('',(0.,0.,696.6));
#2804 = VECTOR('',#2805,1.);
#2805 = DIRECTION('',(1.,0.,0.));
#2806 = ORIENTED_EDGE('',*,*,#2721,.T.);
#2807 = ORIENTED_EDGE('',*,*,#2808,.T.);
#2808 = EDGE_CURVE('',#2724,#2764,#2809,.T.);
#2809 = LINE('',#2810,#2811);
#2810 = CARTESIAN_POINT('',(0.,0.,706.6));
#2811 = VECTOR('',#2812,1.);
#2812 = DIRECTION('',(1.,0.,0.));
#2813 = ORIENTED_EDGE('',*,*,#2761,.F.);
#2814 = PLANE('',#2815);
#2815 = AXIS2_PLACEMENT_3D('',#2816,#2817,#2818);
#2816 = CARTESIAN_POINT('',(0.,0.,696.6));
#2817 = DIRECTION('',(0.,1.,0.));
#2818 = DIRECTION('',(0.,0.,1.));
#2819 = ADVANCED_FACE('',(#2820),#2836,.T.);
#2820 = FACE_BOUND('',#2821,.T.);
#2821 = EDGE_LOOP('',(#2822,#2828,#2829,#2835));
#2822 = ORIENTED_EDGE('',*,*,#2823,.F.);
#2823 = EDGE_CURVE('',#2732,#2772,#2824,.T.);
#2824 = LINE('',#2825,#2826);
#2825 = CARTESIAN_POINT('',(0.,2.,696.6));
#2826 = VECTOR('',#2827,1.);
#2827 = DIRECTION('',(1.,0.,0.));
#2828 = ORIENTED_EDGE('',*,*,#2739,.T.);
#2829 = ORIENTED_EDGE('',*,*,#2830,.T.);
#2830 = EDGE_CURVE('',#2740,#2780,#2831,.T.);
#2831 = LINE('',#2832,#2833);
#2832 = CARTESIAN_POINT('',(0.,2.,706.6));
#2833 = VECTOR('',#2834,1.);
#2834 = DIRECTION('',(1.,0.,0.));
#2835 = ORIENTED_EDGE('',*,*,#2779,.F.);
#2836 = PLANE('',#2837);
#2837 = AXIS2_PLACEMENT_3D('',#2838,#2839,#2840);
#2838 = CARTESIAN_POINT('',(0.,2.,696.6));
#2839 = DIRECTION('',(0.,1.,0.));
#2840 = DIRECTION('',(0.,0.,1.));
#2841 = ADVANCED_FACE('',(#2842),#2848,.F.);
#2842 = FACE_BOUND('',#2843,.F.);
#2843 = EDGE_LOOP('',(#2844,#2845,#2846,#2847));
#2844 = ORIENTED_EDGE('',*,*,#2731,.F.);
#2845 = ORIENTED_EDGE('',*,*,#2801,.T.);
#2846 = ORIENTED_EDGE('',*,*,#2771,.T.);
#2847 = ORIENTED_EDGE('',*,*,#2823,.F.);
#2848 = PLANE('',#2849);
#2849 = AXIS2_PLACEMENT_3D('',#2850,#2851,#2852);
#2850 = CARTESIAN_POINT('',(0.,0.,696.6));
#2851 = DIRECTION('',(0.,0.,1.));
#2852 = DIRECTION('',(1.,0.,0.));
#2853 = ADVANCED_FACE('',(#2854),#2860,.T.);
#2854 = FACE_BOUND('',#2855,.T.);
#2855 = EDGE_LOOP('',(#2856,#2857,#2858,#2859));
#2856 = ORIENTED_EDGE('',*,*,#2747,.F.);
#2857 = ORIENTED_EDGE('',*,*,#2808,.T.);
#2858 = ORIENTED_EDGE('',*,*,#2787,.T.);
#2859 = ORIENTED_EDGE('',*,*,#2830,.F.);
#2860 = PLANE('',#2861);
#2861 = AXIS2_PLACEMENT_3D('',#2862,#2863,#2864);
#2862 = CARTESIAN_POINT('',(0.,0.,706.6));
#2863 = DIRECTION('',(0.,0.,1.));
#2864 = DIRECTION('',(1.,0.,0.));
#2865 = MANIFOLD_SOLID_BREP('',#2866);
#2866 = CLOSED_SHELL('',(#2867,#2907,#2947,#2969,#2991,#3003));
#2867 = ADVANCED_FACE('',(#2868),#2902,.F.);
#2868 = FACE_BOUND('',#2869,.F.);
#2869 = EDGE_LOOP('',(#2870,#2880,#2888,#2896));
#2870 = ORIENTED_EDGE('',*,*,#2871,.F.);
#2871 = EDGE_CURVE('',#2872,#2874,#2876,.T.);
#2872 = VERTEX_POINT('',#2873);
#2873 = CARTESIAN_POINT('',(0.,0.,755.4));
#2874 = VERTEX_POINT('',#2875);
#2875 = CARTESIAN_POINT('',(0.,0.,765.4));
#2876 = LINE('',#2877,#2878);
#2877 = CARTESIAN_POINT('',(0.,0.,755.4));
#2878 = VECTOR('',#2879,1.);
#2879 = DIRECTION('',(0.,0.,1.));
#2880 = ORIENTED_EDGE('',*,*,#2881,.T.);
#2881 = EDGE_CURVE('',#2872,#2882,#2884,.T.);
#2882 = VERTEX_POINT('',#2883);
#2883 = CARTESIAN_POINT('',(0.,2.,755.4));
#2884 = LINE('',#2885,#2886);
#2885 = CARTESIAN_POINT('',(0.,0.,755.4));
#2886 = VECTOR('',#2887,1.);
#2887 = DIRECTION('',(0.,1.,0.));
#2888 = ORIENTED_EDGE('',*,*,#2889,.T.);
#2889 = EDGE_CURVE('',#2882,#2890,#2892,.T.);
#2890 = VERTEX_POINT('',#2891);
#2891 = CARTESIAN_POINT('',(0.,2.,765.4));
#2892 = LINE('',#2893,#2894);
#2893 = CARTESIAN_POINT('',(0.,2.,755.4));
#2894 = VECTOR('',#2895,1.);
#2895 = DIRECTION('',(0.,0.,1.));
#2896 = ORIENTED_EDGE('',*,*,#2897,.F.);
#2897 = EDGE_CURVE('',#2874,#2890,#2898,.T.);
#2898 = LINE('',#2899,#2900);
#2899 = CARTESIAN_POINT('',(0.,0.,765.4));
#2900 = VECTOR('',#2901,1.);
#2901 = DIRECTION('',(0.,1.,0.));
#2902 = PLANE('',#2903);
#2903 = AXIS2_PLACEMENT_3D('',#2904,#2905,#2906);
#2904 = CARTESIAN_POINT('',(0.,0.,755.4));
#2905 = DIRECTION('',(1.,0.,0.));
#2906 = DIRECTION('',(0.,0.,1.));
#2907 = ADVANCED_FACE('',(#2908),#2942,.T.);
#2908 = FACE_BOUND('',#2909,.T.);
#2909 = EDGE_LOOP('',(#2910,#2920,#2928,#2936));
#2910 = ORIENTED_EDGE('',*,*,#2911,.F.);
#2911 = EDGE_CURVE('',#2912,#2914,#2916,.T.);
#2912 = VERTEX_POINT('',#2913);
#2913 = CARTESIAN_POINT('',(903.,0.,755.4));
#2914 = VERTEX_POINT('',#2915);
#2915 = CARTESIAN_POINT('',(903.,0.,765.4));
#2916 = LINE('',#2917,#2918);
#2917 = CARTESIAN_POINT('',(903.,0.,755.4));
#2918 = VECTOR('',#2919,1.);
#2919 = DIRECTION('',(0.,0.,1.));
#2920 = ORIENTED_EDGE('',*,*,#2921,.T.);
#2921 = EDGE_CURVE('',#2912,#2922,#2924,.T.);
#2922 = VERTEX_POINT('',#2923);
#2923 = CARTESIAN_POINT('',(903.,2.,755.4));
#2924 = LINE('',#2925,#2926);
#2925 = CARTESIAN_POINT('',(903.,0.,755.4));
#2926 = VECTOR('',#2927,1.);
#2927 = DIRECTION('',(0.,1.,0.));
#2928 = ORIENTED_EDGE('',*,*,#2929,.T.);
#2929 = EDGE_CURVE('',#2922,#2930,#2932,.T.);
#2930 = VERTEX_POINT('',#2931);
#2931 = CARTESIAN_POINT('',(903.,2.,765.4));
#2932 = LINE('',#2933,#2934);
#2933 = CARTESIAN_POINT('',(903.,2.,755.4));
#2934 = VECTOR('',#2935,1.);
#2935 = DIRECTION('',(0.,0.,1.));
#2936 = ORIENTED_EDGE('',*,*,#2937,.F.);
#2937 = EDGE_CURVE('',#2914,#2930,#2938,.T.);
#2938 = LINE('',#2939,#2940);
#2939 = CARTESIAN_POINT('',(903.,0.,765.4));
#2940 = VECTOR('',#2941,1.);
#2941 = DIRECTION('',(0.,1.,0.));
#2942 = PLANE('',#2943);
#2943 = AXIS2_PLACEMENT_3D('',#2944,#2945,#2946);
#2944 = CARTESIAN_POINT('',(903.,0.,755.4));
#2945 = DIRECTION('',(1.,0.,0.));
#2946 = DIRECTION('',(0.,0.,1.));
#2947 = ADVANCED_FACE('',(#2948),#2964,.F.);
#2948 = FACE_BOUND('',#2949,.F.);
#2949 = EDGE_LOOP('',(#2950,#2956,#2957,#2963));
#2950 = ORIENTED_EDGE('',*,*,#2951,.F.);
#2951 = EDGE_CURVE('',#2872,#2912,#2952,.T.);
#2952 = LINE('',#2953,#2954);
#2953 = CARTESIAN_POINT('',(0.,0.,755.4));
#2954 = VECTOR('',#2955,1.);
#2955 = DIRECTION('',(1.,0.,0.));
#2956 = ORIENTED_EDGE('',*,*,#2871,.T.);
#2957 = ORIENTED_EDGE('',*,*,#2958,.T.);
#2958 = EDGE_CURVE('',#2874,#2914,#2959,.T.);
#2959 = LINE('',#2960,#2961);
#2960 = CARTESIAN_POINT('',(0.,0.,765.4));
#2961 = VECTOR('',#2962,1.);
#2962 = DIRECTION('',(1.,0.,0.));
#2963 = ORIENTED_EDGE('',*,*,#2911,.F.);
#2964 = PLANE('',#2965);
#2965 = AXIS2_PLACEMENT_3D('',#2966,#2967,#2968);
#2966 = CARTESIAN_POINT('',(0.,0.,755.4));
#2967 = DIRECTION('',(0.,1.,0.));
#2968 = DIRECTION('',(0.,0.,1.));
#2969 = ADVANCED_FACE('',(#2970),#2986,.T.);
#2970 = FACE_BOUND('',#2971,.T.);
#2971 = EDGE_LOOP('',(#2972,#2978,#2979,#2985));
#2972 = ORIENTED_EDGE('',*,*,#2973,.F.);
#2973 = EDGE_CURVE('',#2882,#2922,#2974,.T.);
#2974 = LINE('',#2975,#2976);
#2975 = CARTESIAN_POINT('',(0.,2.,755.4));
#2976 = VECTOR('',#2977,1.);
#2977 = DIRECTION('',(1.,0.,0.));
#2978 = ORIENTED_EDGE('',*,*,#2889,.T.);
#2979 = ORIENTED_EDGE('',*,*,#2980,.T.);
#2980 = EDGE_CURVE('',#2890,#2930,#2981,.T.);
#2981 = LINE('',#2982,#2983);
#2982 = CARTESIAN_POINT('',(0.,2.,765.4));
#2983 = VECTOR('',#2984,1.);
#2984 = DIRECTION('',(1.,0.,0.));
#2985 = ORIENTED_EDGE('',*,*,#2929,.F.);
#2986 = PLANE('',#2987);
#2987 = AXIS2_PLACEMENT_3D('',#2988,#2989,#2990);
#2988 = CARTESIAN_POINT('',(0.,2.,755.4));
#2989 = DIRECTION('',(0.,1.,0.));
#2990 = DIRECTION('',(0.,0.,1.));
#2991 = ADVANCED_FACE('',(#2992),#2998,.F.);
#2992 = FACE_BOUND('',#2993,.F.);
#2993 = EDGE_LOOP('',(#2994,#2995,#2996,#2997));
#2994 = ORIENTED_EDGE('',*,*,#2881,.F.);
#2995 = ORIENTED_EDGE('',*,*,#2951,.T.);
#2996 = ORIENTED_EDGE('',*,*,#2921,.T.);
#2997 = ORIENTED_EDGE('',*,*,#2973,.F.);
#2998 = PLANE('',#2999);
#2999 = AXIS2_PLACEMENT_3D('',#3000,#3001,#3002);
#3000 = CARTESIAN_POINT('',(0.,0.,755.4));
#3001 = DIRECTION('',(0.,0.,1.));
#3002 = DIRECTION('',(1.,0.,0.));
#3003 = ADVANCED_FACE('',(#3004),#3010,.T.);
#3004 = FACE_BOUND('',#3005,.T.);
#3005 = EDGE_LOOP('',(#3006,#3007,#3008,#3009));
#3006 = ORIENTED_EDGE('',*,*,#2897,.F.);
#3007 = ORIENTED_EDGE('',*,*,#2958,.T.);
#3008 = ORIENTED_EDGE('',*,*,#2937,.T.);
#3009 = ORIENTED_EDGE('',*,*,#2980,.F.);
#3010 = PLANE('',#3011);
#3011 = AXIS2_PLACEMENT_3D('',#3012,#3013,#3014);
#3012 = CARTESIAN_POINT('',(0.,0.,765.4));
#3013 = DIRECTION('',(0.,0.,1.));
#3014 = DIRECTION('',(1.,0.,0.));
#3015 = MANIFOLD_SOLID_BREP('',#3016);
#3016 = CLOSED_SHELL('',(#3017,#3057,#3097,#3119,#3141,#3153));
#3017 = ADVANCED_FACE('',(#3018),#3052,.F.);
#3018 = FACE_BOUND('',#3019,.F.);
#3019 = EDGE_LOOP('',(#3020,#3030,#3038,#3046));
#3020 = ORIENTED_EDGE('',*,*,#3021,.F.);
#3021 = EDGE_CURVE('',#3022,#3024,#3026,.T.);
#3022 = VERTEX_POINT('',#3023);
#3023 = CARTESIAN_POINT('',(0.,22.4,381.));
#3024 = VERTEX_POINT('',#3025);
#3025 = CARTESIAN_POINT('',(0.,22.4,429.));
#3026 = LINE('',#3027,#3028);
#3027 = CARTESIAN_POINT('',(0.,22.4,381.));
#3028 = VECTOR('',#3029,1.);
#3029 = DIRECTION('',(0.,0.,1.));
#3030 = ORIENTED_EDGE('',*,*,#3031,.T.);
#3031 = EDGE_CURVE('',#3022,#3032,#3034,.T.);
#3032 = VERTEX_POINT('',#3033);
#3033 = CARTESIAN_POINT('',(0.,24.4,381.));
#3034 = LINE('',#3035,#3036);
#3035 = CARTESIAN_POINT('',(0.,22.4,381.));
#3036 = VECTOR('',#3037,1.);
#3037 = DIRECTION('',(0.,1.,0.));
#3038 = ORIENTED_EDGE('',*,*,#3039,.T.);
#3039 = EDGE_CURVE('',#3032,#3040,#3042,.T.);
#3040 = VERTEX_POINT('',#3041);
#3041 = CARTESIAN_POINT('',(0.,24.4,429.));
#3042 = LINE('',#3043,#3044);
#3043 = CARTESIAN_POINT('',(0.,24.4,381.));
#3044 = VECTOR('',#3045,1.);
#3045 = DIRECTION('',(0.,0.,1.));
#3046 = ORIENTED_EDGE('',*,*,#3047,.F.);
#3047 = EDGE_CURVE('',#3024,#3040,#3048,.T.);
#3048 = LINE('',#3049,#3050);
#3049 = CARTESIAN_POINT('',(0.,22.4,429.));
#3050 = VECTOR('',#3051,1.);
#3051 = DIRECTION('',(0.,1.,0.));
#3052 = PLANE('',#3053);
#3053 = AXIS2_PLACEMENT_3D('',#3054,#3055,#3056);
#3054 = CARTESIAN_POINT('',(0.,22.4,381.));
#3055 = DIRECTION('',(1.,0.,0.));
#3056 = DIRECTION('',(0.,0.,1.));
#3057 = ADVANCED_FACE('',(#3058),#3092,.T.);
#3058 = FACE_BOUND('',#3059,.T.);
#3059 = EDGE_LOOP('',(#3060,#3070,#3078,#3086));
#3060 = ORIENTED_EDGE('',*,*,#3061,.F.);
#3061 = EDGE_CURVE('',#3062,#3064,#3066,.T.);
#3062 = VERTEX_POINT('',#3063);
#3063 = CARTESIAN_POINT('',(903.,22.4,381.));
#3064 = VERTEX_POINT('',#3065);
#3065 = CARTESIAN_POINT('',(903.,22.4,429.));
#3066 = LINE('',#3067,#3068);
#3067 = CARTESIAN_POINT('',(903.,22.4,381.));
#3068 = VECTOR('',#3069,1.);
#3069 = DIRECTION('',(0.,0.,1.));
#3070 = ORIENTED_EDGE('',*,*,#3071,.T.);
#3071 = EDGE_CURVE('',#3062,#3072,#3074,.T.);
#3072 = VERTEX_POINT('',#3073);
#3073 = CARTESIAN_POINT('',(903.,24.4,381.));
#3074 = LINE('',#3075,#3076);
#3075 = CARTESIAN_POINT('',(903.,22.4,381.));
#3076 = VECTOR('',#3077,1.);
#3077 = DIRECTION('',(0.,1.,0.));
#3078 = ORIENTED_EDGE('',*,*,#3079,.T.);
#3079 = EDGE_CURVE('',#3072,#3080,#3082,.T.);
#3080 = VERTEX_POINT('',#3081);
#3081 = CARTESIAN_POINT('',(903.,24.4,429.));
#3082 = LINE('',#3083,#3084);
#3083 = CARTESIAN_POINT('',(903.,24.4,381.));
#3084 = VECTOR('',#3085,1.);
#3085 = DIRECTION('',(0.,0.,1.));
#3086 = ORIENTED_EDGE('',*,*,#3087,.F.);
#3087 = EDGE_CURVE('',#3064,#3080,#3088,.T.);
#3088 = LINE('',#3089,#3090);
#3089 = CARTESIAN_POINT('',(903.,22.4,429.));
#3090 = VECTOR('',#3091,1.);
#3091 = DIRECTION('',(0.,1.,0.));
#3092 = PLANE('',#3093);
#3093 = AXIS2_PLACEMENT_3D('',#3094,#3095,#3096);
#3094 = CARTESIAN_POINT('',(903.,22.4,381.));
#3095 = DIRECTION('',(1.,0.,0.));
#3096 = DIRECTION('',(0.,0.,1.));
#3097 = ADVANCED_FACE('',(#3098),#3114,.F.);
#3098 = FACE_BOUND('',#3099,.F.);
#3099 = EDGE_LOOP('',(#3100,#3106,#3107,#3113));
#3100 = ORIENTED_EDGE('',*,*,#3101,.F.);
#3101 = EDGE_CURVE('',#3022,#3062,#3102,.T.);
#3102 = LINE('',#3103,#3104);
#3103 = CARTESIAN_POINT('',(0.,22.4,381.));
#3104 = VECTOR('',#3105,1.);
#3105 = DIRECTION('',(1.,0.,0.));
#3106 = ORIENTED_EDGE('',*,*,#3021,.T.);
#3107 = ORIENTED_EDGE('',*,*,#3108,.T.);
#3108 = EDGE_CURVE('',#3024,#3064,#3109,.T.);
#3109 = LINE('',#3110,#3111);
#3110 = CARTESIAN_POINT('',(0.,22.4,429.));
#3111 = VECTOR('',#3112,1.);
#3112 = DIRECTION('',(1.,0.,0.));
#3113 = ORIENTED_EDGE('',*,*,#3061,.F.);
#3114 = PLANE('',#3115);
#3115 = AXIS2_PLACEMENT_3D('',#3116,#3117,#3118);
#3116 = CARTESIAN_POINT('',(0.,22.4,381.));
#3117 = DIRECTION('',(0.,1.,0.));
#3118 = DIRECTION('',(0.,0.,1.));
#3119 = ADVANCED_FACE('',(#3120),#3136,.T.);
#3120 = FACE_BOUND('',#3121,.T.);
#3121 = EDGE_LOOP('',(#3122,#3128,#3129,#3135));
#3122 = ORIENTED_EDGE('',*,*,#3123,.F.);
#3123 = EDGE_CURVE('',#3032,#3072,#3124,.T.);
#3124 = LINE('',#3125,#3126);
#3125 = CARTESIAN_POINT('',(0.,24.4,381.));
#3126 = VECTOR('',#3127,1.);
#3127 = DIRECTION('',(1.,0.,0.));
#3128 = ORIENTED_EDGE('',*,*,#3039,.T.);
#3129 = ORIENTED_EDGE('',*,*,#3130,.T.);
#3130 = EDGE_CURVE('',#3040,#3080,#3131,.T.);
#3131 = LINE('',#3132,#3133);
#3132 = CARTESIAN_POINT('',(0.,24.4,429.));
#3133 = VECTOR('',#3134,1.);
#3134 = DIRECTION('',(1.,0.,0.));
#3135 = ORIENTED_EDGE('',*,*,#3079,.F.);
#3136 = PLANE('',#3137);
#3137 = AXIS2_PLACEMENT_3D('',#3138,#3139,#3140);
#3138 = CARTESIAN_POINT('',(0.,24.4,381.));
#3139 = DIRECTION('',(0.,1.,0.));
#3140 = DIRECTION('',(0.,0.,1.));
#3141 = ADVANCED_FACE('',(#3142),#3148,.F.);
#3142 = FACE_BOUND('',#3143,.F.);
#3143 = EDGE_LOOP('',(#3144,#3145,#3146,#3147));
#3144 = ORIENTED_EDGE('',*,*,#3031,.F.);
#3145 = ORIENTED_EDGE('',*,*,#3101,.T.);
#3146 = ORIENTED_EDGE('',*,*,#3071,.T.);
#3147 = ORIENTED_EDGE('',*,*,#3123,.F.);
#3148 = PLANE('',#3149);
#3149 = AXIS2_PLACEMENT_3D('',#3150,#3151,#3152);
#3150 = CARTESIAN_POINT('',(0.,22.4,381.));
#3151 = DIRECTION('',(0.,0.,1.));
#3152 = DIRECTION('',(1.,0.,0.));
#3153 = ADVANCED_FACE('',(#3154),#3160,.T.);
#3154 = FACE_BOUND('',#3155,.T.);
#3155 = EDGE_LOOP('',(#3156,#3157,#3158,#3159));
#3156 = ORIENTED_EDGE('',*,*,#3047,.F.);
#3157 = ORIENTED_EDGE('',*,*,#3108,.T.);
#3158 = ORIENTED_EDGE('',*,*,#3087,.T.);
#3159 = ORIENTED_EDGE('',*,*,#3130,.F.);
#3160 = PLANE('',#3161);
#3161 = AXIS2_PLACEMENT_3D('',#3162,#3163,#3164);
#3162 = CARTESIAN_POINT('',(0.,22.4,429.));
#3163 = DIRECTION('',(0.,0.,1.));
#3164 = DIRECTION('',(1.,0.,0.));
#3165 = MANIFOLD_SOLID_BREP('',#3166);
#3166 = CLOSED_SHELL('',(#3167,#3207,#3247,#3269,#3291,#3303));
#3167 = ADVANCED_FACE('',(#3168),#3202,.F.);
#3168 = FACE_BOUND('',#3169,.F.);
#3169 = EDGE_LOOP('',(#3170,#3180,#3188,#3196));
#3170 = ORIENTED_EDGE('',*,*,#3171,.F.);
#3171 = EDGE_CURVE('',#3172,#3174,#3176,.T.);
#3172 = VERTEX_POINT('',#3173);
#3173 = CARTESIAN_POINT('',(0.,0.,381.));
#3174 = VERTEX_POINT('',#3175);
#3175 = CARTESIAN_POINT('',(0.,0.,383.));
#3176 = LINE('',#3177,#3178);
#3177 = CARTESIAN_POINT('',(0.,0.,381.));
#3178 = VECTOR('',#3179,1.);
#3179 = DIRECTION('',(0.,0.,1.));
#3180 = ORIENTED_EDGE('',*,*,#3181,.T.);
#3181 = EDGE_CURVE('',#3172,#3182,#3184,.T.);
#3182 = VERTEX_POINT('',#3183);
#3183 = CARTESIAN_POINT('',(0.,24.4,381.));
#3184 = LINE('',#3185,#3186);
#3185 = CARTESIAN_POINT('',(0.,0.,381.));
#3186 = VECTOR('',#3187,1.);
#3187 = DIRECTION('',(0.,1.,0.));
#3188 = ORIENTED_EDGE('',*,*,#3189,.T.);
#3189 = EDGE_CURVE('',#3182,#3190,#3192,.T.);
#3190 = VERTEX_POINT('',#3191);
#3191 = CARTESIAN_POINT('',(0.,24.4,383.));
#3192 = LINE('',#3193,#3194);
#3193 = CARTESIAN_POINT('',(0.,24.4,381.));
#3194 = VECTOR('',#3195,1.);
#3195 = DIRECTION('',(0.,0.,1.));
#3196 = ORIENTED_EDGE('',*,*,#3197,.F.);
#3197 = EDGE_CURVE('',#3174,#3190,#3198,.T.);
#3198 = LINE('',#3199,#3200);
#3199 = CARTESIAN_POINT('',(0.,0.,383.));
#3200 = VECTOR('',#3201,1.);
#3201 = DIRECTION('',(0.,1.,0.));
#3202 = PLANE('',#3203);
#3203 = AXIS2_PLACEMENT_3D('',#3204,#3205,#3206);
#3204 = CARTESIAN_POINT('',(0.,0.,381.));
#3205 = DIRECTION('',(1.,0.,0.));
#3206 = DIRECTION('',(0.,0.,1.));
#3207 = ADVANCED_FACE('',(#3208),#3242,.T.);
#3208 = FACE_BOUND('',#3209,.T.);
#3209 = EDGE_LOOP('',(#3210,#3220,#3228,#3236));
#3210 = ORIENTED_EDGE('',*,*,#3211,.F.);
#3211 = EDGE_CURVE('',#3212,#3214,#3216,.T.);
#3212 = VERTEX_POINT('',#3213);
#3213 = CARTESIAN_POINT('',(903.,0.,381.));
#3214 = VERTEX_POINT('',#3215);
#3215 = CARTESIAN_POINT('',(903.,0.,383.));
#3216 = LINE('',#3217,#3218);
#3217 = CARTESIAN_POINT('',(903.,0.,381.));
#3218 = VECTOR('',#3219,1.);
#3219 = DIRECTION('',(0.,0.,1.));
#3220 = ORIENTED_EDGE('',*,*,#3221,.T.);
#3221 = EDGE_CURVE('',#3212,#3222,#3224,.T.);
#3222 = VERTEX_POINT('',#3223);
#3223 = CARTESIAN_POINT('',(903.,24.4,381.));
#3224 = LINE('',#3225,#3226);
#3225 = CARTESIAN_POINT('',(903.,0.,381.));
#3226 = VECTOR('',#3227,1.);
#3227 = DIRECTION('',(0.,1.,0.));
#3228 = ORIENTED_EDGE('',*,*,#3229,.T.);
#3229 = EDGE_CURVE('',#3222,#3230,#3232,.T.);
#3230 = VERTEX_POINT('',#3231);
#3231 = CARTESIAN_POINT('',(903.,24.4,383.));
#3232 = LINE('',#3233,#3234);
#3233 = CARTESIAN_POINT('',(903.,24.4,381.));
#3234 = VECTOR('',#3235,1.);
#3235 = DIRECTION('',(0.,0.,1.));
#3236 = ORIENTED_EDGE('',*,*,#3237,.F.);
#3237 = EDGE_CURVE('',#3214,#3230,#3238,.T.);
#3238 = LINE('',#3239,#3240);
#3239 = CARTESIAN_POINT('',(903.,0.,383.));
#3240 = VECTOR('',#3241,1.);
#3241 = DIRECTION('',(0.,1.,0.));
#3242 = PLANE('',#3243);
#3243 = AXIS2_PLACEMENT_3D('',#3244,#3245,#3246);
#3244 = CARTESIAN_POINT('',(903.,0.,381.));
#3245 = DIRECTION('',(1.,0.,0.));
#3246 = DIRECTION('',(0.,0.,1.));
#3247 = ADVANCED_FACE('',(#3248),#3264,.F.);
#3248 = FACE_BOUND('',#3249,.F.);
#3249 = EDGE_LOOP('',(#3250,#3256,#3257,#3263));
#3250 = ORIENTED_EDGE('',*,*,#3251,.F.);
#3251 = EDGE_CURVE('',#3172,#3212,#3252,.T.);
#3252 = LINE('',#3253,#3254);
#3253 = CARTESIAN_POINT('',(0.,0.,381.));
#3254 = VECTOR('',#3255,1.);
#3255 = DIRECTION('',(1.,0.,0.));
#3256 = ORIENTED_EDGE('',*,*,#3171,.T.);
#3257 = ORIENTED_EDGE('',*,*,#3258,.T.);
#3258 = EDGE_CURVE('',#3174,#3214,#3259,.T.);
#3259 = LINE('',#3260,#3261);
#3260 = CARTESIAN_POINT('',(0.,0.,383.));
#3261 = VECTOR('',#3262,1.);
#3262 = DIRECTION('',(1.,0.,0.));
#3263 = ORIENTED_EDGE('',*,*,#3211,.F.);
#3264 = PLANE('',#3265);
#3265 = AXIS2_PLACEMENT_3D('',#3266,#3267,#3268);
#3266 = CARTESIAN_POINT('',(0.,0.,381.));
#3267 = DIRECTION('',(0.,1.,0.));
#3268 = DIRECTION('',(0.,0.,1.));
#3269 = ADVANCED_FACE('',(#3270),#3286,.T.);
#3270 = FACE_BOUND('',#3271,.T.);
#3271 = EDGE_LOOP('',(#3272,#3278,#3279,#3285));
#3272 = ORIENTED_EDGE('',*,*,#3273,.F.);
#3273 = EDGE_CURVE('',#3182,#3222,#3274,.T.);
#3274 = LINE('',#3275,#3276);
#3275 = CARTESIAN_POINT('',(0.,24.4,381.));
#3276 = VECTOR('',#3277,1.);
#3277 = DIRECTION('',(1.,0.,0.));
#3278 = ORIENTED_EDGE('',*,*,#3189,.T.);
#3279 = ORIENTED_EDGE('',*,*,#3280,.T.);
#3280 = EDGE_CURVE('',#3190,#3230,#3281,.T.);
#3281 = LINE('',#3282,#3283);
#3282 = CARTESIAN_POINT('',(0.,24.4,383.));
#3283 = VECTOR('',#3284,1.);
#3284 = DIRECTION('',(1.,0.,0.));
#3285 = ORIENTED_EDGE('',*,*,#3229,.F.);
#3286 = PLANE('',#3287);
#3287 = AXIS2_PLACEMENT_3D('',#3288,#3289,#3290);
#3288 = CARTESIAN_POINT('',(0.,24.4,381.));
#3289 = DIRECTION('',(0.,1.,0.));
#3290 = DIRECTION('',(0.,0.,1.));
#3291 = ADVANCED_FACE('',(#3292),#3298,.F.);
#3292 = FACE_BOUND('',#3293,.F.);
#3293 = EDGE_LOOP('',(#3294,#3295,#3296,#3297));
#3294 = ORIENTED_EDGE('',*,*,#3181,.F.);
#3295 = ORIENTED_EDGE('',*,*,#3251,.T.);
#3296 = ORIENTED_EDGE('',*,*,#3221,.T.);
#3297 = ORIENTED_EDGE('',*,*,#3273,.F.);
#3298 = PLANE('',#3299);
#3299 = AXIS2_PLACEMENT_3D('',#3300,#3301,#3302);
#3300 = CARTESIAN_POINT('',(0.,0.,381.));
#3301 = DIRECTION('',(0.,0.,1.));
#3302 = DIRECTION('',(1.,0.,0.));
#3303 = ADVANCED_FACE('',(#3304),#3310,.T.);
#3304 = FACE_BOUND('',#3305,.T.);
#3305 = EDGE_LOOP('',(#3306,#3307,#3308,#3309));
#3306 = ORIENTED_EDGE('',*,*,#3197,.F.);
#3307 = ORIENTED_EDGE('',*,*,#3258,.T.);
#3308 = ORIENTED_EDGE('',*,*,#3237,.T.);
#3309 = ORIENTED_EDGE('',*,*,#3280,.F.);
#3310 = PLANE('',#3311);
#3311 = AXIS2_PLACEMENT_3D('',#3312,#3313,#3314);
#3312 = CARTESIAN_POINT('',(0.,0.,383.));
#3313 = DIRECTION('',(0.,0.,1.));
#3314 = DIRECTION('',(1.,0.,0.));
#3315 = MANIFOLD_SOLID_BREP('',#3316);
#3316 = CLOSED_SHELL('',(#3317,#3357,#3397,#3419,#3441,#3453));
#3317 = ADVANCED_FACE('',(#3318),#3352,.F.);
#3318 = FACE_BOUND('',#3319,.F.);
#3319 = EDGE_LOOP('',(#3320,#3330,#3338,#3346));
#3320 = ORIENTED_EDGE('',*,*,#3321,.F.);
#3321 = EDGE_CURVE('',#3322,#3324,#3326,.T.);
#3322 = VERTEX_POINT('',#3323);
#3323 = CARTESIAN_POINT('',(0.,0.,381.));
#3324 = VERTEX_POINT('',#3325);
#3325 = CARTESIAN_POINT('',(0.,0.,387.));
#3326 = LINE('',#3327,#3328);
#3327 = CARTESIAN_POINT('',(0.,0.,381.));
#3328 = VECTOR('',#3329,1.);
#3329 = DIRECTION('',(0.,0.,1.));
#3330 = ORIENTED_EDGE('',*,*,#3331,.T.);
#3331 = EDGE_CURVE('',#3322,#3332,#3334,.T.);
#3332 = VERTEX_POINT('',#3333);
#3333 = CARTESIAN_POINT('',(0.,2.,381.));
#3334 = LINE('',#3335,#3336);
#3335 = CARTESIAN_POINT('',(0.,0.,381.));
#3336 = VECTOR('',#3337,1.);
#3337 = DIRECTION('',(0.,1.,0.));
#3338 = ORIENTED_EDGE('',*,*,#3339,.T.);
#3339 = EDGE_CURVE('',#3332,#3340,#3342,.T.);
#3340 = VERTEX_POINT('',#3341);
#3341 = CARTESIAN_POINT('',(0.,2.,387.));
#3342 = LINE('',#3343,#3344);
#3343 = CARTESIAN_POINT('',(0.,2.,381.));
#3344 = VECTOR('',#3345,1.);
#3345 = DIRECTION('',(0.,0.,1.));
#3346 = ORIENTED_EDGE('',*,*,#3347,.F.);
#3347 = EDGE_CURVE('',#3324,#3340,#3348,.T.);
#3348 = LINE('',#3349,#3350);
#3349 = CARTESIAN_POINT('',(0.,0.,387.));
#3350 = VECTOR('',#3351,1.);
#3351 = DIRECTION('',(0.,1.,0.));
#3352 = PLANE('',#3353);
#3353 = AXIS2_PLACEMENT_3D('',#3354,#3355,#3356);
#3354 = CARTESIAN_POINT('',(0.,0.,381.));
#3355 = DIRECTION('',(1.,0.,0.));
#3356 = DIRECTION('',(0.,0.,1.));
#3357 = ADVANCED_FACE('',(#3358),#3392,.T.);
#3358 = FACE_BOUND('',#3359,.T.);
#3359 = EDGE_LOOP('',(#3360,#3370,#3378,#3386));
#3360 = ORIENTED_EDGE('',*,*,#3361,.F.);
#3361 = EDGE_CURVE('',#3362,#3364,#3366,.T.);
#3362 = VERTEX_POINT('',#3363);
#3363 = CARTESIAN_POINT('',(903.,0.,381.));
#3364 = VERTEX_POINT('',#3365);
#3365 = CARTESIAN_POINT('',(903.,0.,387.));
#3366 = LINE('',#3367,#3368);
#3367 = CARTESIAN_POINT('',(903.,0.,381.));
#3368 = VECTOR('',#3369,1.);
#3369 = DIRECTION('',(0.,0.,1.));
#3370 = ORIENTED_EDGE('',*,*,#3371,.T.);
#3371 = EDGE_CURVE('',#3362,#3372,#3374,.T.);
#3372 = VERTEX_POINT('',#3373);
#3373 = CARTESIAN_POINT('',(903.,2.,381.));
#3374 = LINE('',#3375,#3376);
#3375 = CARTESIAN_POINT('',(903.,0.,381.));
#3376 = VECTOR('',#3377,1.);
#3377 = DIRECTION('',(0.,1.,0.));
#3378 = ORIENTED_EDGE('',*,*,#3379,.T.);
#3379 = EDGE_CURVE('',#3372,#3380,#3382,.T.);
#3380 = VERTEX_POINT('',#3381);
#3381 = CARTESIAN_POINT('',(903.,2.,387.));
#3382 = LINE('',#3383,#3384);
#3383 = CARTESIAN_POINT('',(903.,2.,381.));
#3384 = VECTOR('',#3385,1.);
#3385 = DIRECTION('',(0.,0.,1.));
#3386 = ORIENTED_EDGE('',*,*,#3387,.F.);
#3387 = EDGE_CURVE('',#3364,#3380,#3388,.T.);
#3388 = LINE('',#3389,#3390);
#3389 = CARTESIAN_POINT('',(903.,0.,387.));
#3390 = VECTOR('',#3391,1.);
#3391 = DIRECTION('',(0.,1.,0.));
#3392 = PLANE('',#3393);
#3393 = AXIS2_PLACEMENT_3D('',#3394,#3395,#3396);
#3394 = CARTESIAN_POINT('',(903.,0.,381.));
#3395 = DIRECTION('',(1.,0.,0.));
#3396 = DIRECTION('',(0.,0.,1.));
#3397 = ADVANCED_FACE('',(#3398),#3414,.F.);
#3398 = FACE_BOUND('',#3399,.F.);
#3399 = EDGE_LOOP('',(#3400,#3406,#3407,#3413));
#3400 = ORIENTED_EDGE('',*,*,#3401,.F.);
#3401 = EDGE_CURVE('',#3322,#3362,#3402,.T.);
#3402 = LINE('',#3403,#3404);
#3403 = CARTESIAN_POINT('',(0.,0.,381.));
#3404 = VECTOR('',#3405,1.);
#3405 = DIRECTION('',(1.,0.,0.));
#3406 = ORIENTED_EDGE('',*,*,#3321,.T.);
#3407 = ORIENTED_EDGE('',*,*,#3408,.T.);
#3408 = EDGE_CURVE('',#3324,#3364,#3409,.T.);
#3409 = LINE('',#3410,#3411);
#3410 = CARTESIAN_POINT('',(0.,0.,387.));
#3411 = VECTOR('',#3412,1.);
#3412 = DIRECTION('',(1.,0.,0.));
#3413 = ORIENTED_EDGE('',*,*,#3361,.F.);
#3414 = PLANE('',#3415);
#3415 = AXIS2_PLACEMENT_3D('',#3416,#3417,#3418);
#3416 = CARTESIAN_POINT('',(0.,0.,381.));
#3417 = DIRECTION('',(0.,1.,0.));
#3418 = DIRECTION('',(0.,0.,1.));
#3419 = ADVANCED_FACE('',(#3420),#3436,.T.);
#3420 = FACE_BOUND('',#3421,.T.);
#3421 = EDGE_LOOP('',(#3422,#3428,#3429,#3435));
#3422 = ORIENTED_EDGE('',*,*,#3423,.F.);
#3423 = EDGE_CURVE('',#3332,#3372,#3424,.T.);
#3424 = LINE('',#3425,#3426);
#3425 = CARTESIAN_POINT('',(0.,2.,381.));
#3426 = VECTOR('',#3427,1.);
#3427 = DIRECTION('',(1.,0.,0.));
#3428 = ORIENTED_EDGE('',*,*,#3339,.T.);
#3429 = ORIENTED_EDGE('',*,*,#3430,.T.);
#3430 = EDGE_CURVE('',#3340,#3380,#3431,.T.);
#3431 = LINE('',#3432,#3433);
#3432 = CARTESIAN_POINT('',(0.,2.,387.));
#3433 = VECTOR('',#3434,1.);
#3434 = DIRECTION('',(1.,0.,0.));
#3435 = ORIENTED_EDGE('',*,*,#3379,.F.);
#3436 = PLANE('',#3437);
#3437 = AXIS2_PLACEMENT_3D('',#3438,#3439,#3440);
#3438 = CARTESIAN_POINT('',(0.,2.,381.));
#3439 = DIRECTION('',(0.,1.,0.));
#3440 = DIRECTION('',(0.,0.,1.));
#3441 = ADVANCED_FACE('',(#3442),#3448,.F.);
#3442 = FACE_BOUND('',#3443,.F.);
#3443 = EDGE_LOOP('',(#3444,#3445,#3446,#3447));
#3444 = ORIENTED_EDGE('',*,*,#3331,.F.);
#3445 = ORIENTED_EDGE('',*,*,#3401,.T.);
#3446 = ORIENTED_EDGE('',*,*,#3371,.T.);
#3447 = ORIENTED_EDGE('',*,*,#3423,.F.);
#3448 = PLANE('',#3449);
#3449 = AXIS2_PLACEMENT_3D('',#3450,#3451,#3452);
#3450 = CARTESIAN_POINT('',(0.,0.,381.));
#3451 = DIRECTION('',(0.,0.,1.));
#3452 = DIRECTION('',(1.,0.,0.));
#3453 = ADVANCED_FACE('',(#3454),#3460,.T.);
#3454 = FACE_BOUND('',#3455,.T.);
#3455 = EDGE_LOOP('',(#3456,#3457,#3458,#3459));
#3456 = ORIENTED_EDGE('',*,*,#3347,.F.);
#3457 = ORIENTED_EDGE('',*,*,#3408,.T.);
#3458 = ORIENTED_EDGE('',*,*,#3387,.T.);
#3459 = ORIENTED_EDGE('',*,*,#3430,.F.);
#3460 = PLANE('',#3461);
#3461 = AXIS2_PLACEMENT_3D('',#3462,#3463,#3464);
#3462 = CARTESIAN_POINT('',(0.,0.,387.));
#3463 = DIRECTION('',(0.,0.,1.));
#3464 = DIRECTION('',(1.,0.,0.));
#3465 = MANIFOLD_SOLID_BREP('',#3466);
#3466 = CLOSED_SHELL('',(#3467,#3507,#3547,#3569,#3591,#3603));
#3467 = ADVANCED_FACE('',(#3468),#3502,.F.);
#3468 = FACE_BOUND('',#3469,.F.);
#3469 = EDGE_LOOP('',(#3470,#3480,#3488,#3496));
#3470 = ORIENTED_EDGE('',*,*,#3471,.F.);
#3471 = EDGE_CURVE('',#3472,#3474,#3476,.T.);
#3472 = VERTEX_POINT('',#3473);
#3473 = CARTESIAN_POINT('',(0.,18.4,383.));
#3474 = VERTEX_POINT('',#3475);
#3475 = CARTESIAN_POINT('',(0.,18.4,385.));
#3476 = LINE('',#3477,#3478);
#3477 = CARTESIAN_POINT('',(0.,18.4,383.));
#3478 = VECTOR('',#3479,1.);
#3479 = DIRECTION('',(0.,0.,1.));
#3480 = ORIENTED_EDGE('',*,*,#3481,.T.);
#3481 = EDGE_CURVE('',#3472,#3482,#3484,.T.);
#3482 = VERTEX_POINT('',#3483);
#3483 = CARTESIAN_POINT('',(0.,24.4,383.));
#3484 = LINE('',#3485,#3486);
#3485 = CARTESIAN_POINT('',(0.,18.4,383.));
#3486 = VECTOR('',#3487,1.);
#3487 = DIRECTION('',(0.,1.,0.));
#3488 = ORIENTED_EDGE('',*,*,#3489,.T.);
#3489 = EDGE_CURVE('',#3482,#3490,#3492,.T.);
#3490 = VERTEX_POINT('',#3491);
#3491 = CARTESIAN_POINT('',(0.,24.4,385.));
#3492 = LINE('',#3493,#3494);
#3493 = CARTESIAN_POINT('',(0.,24.4,383.));
#3494 = VECTOR('',#3495,1.);
#3495 = DIRECTION('',(0.,0.,1.));
#3496 = ORIENTED_EDGE('',*,*,#3497,.F.);
#3497 = EDGE_CURVE('',#3474,#3490,#3498,.T.);
#3498 = LINE('',#3499,#3500);
#3499 = CARTESIAN_POINT('',(0.,18.4,385.));
#3500 = VECTOR('',#3501,1.);
#3501 = DIRECTION('',(0.,1.,0.));
#3502 = PLANE('',#3503);
#3503 = AXIS2_PLACEMENT_3D('',#3504,#3505,#3506);
#3504 = CARTESIAN_POINT('',(0.,18.4,383.));
#3505 = DIRECTION('',(1.,0.,0.));
#3506 = DIRECTION('',(0.,0.,1.));
#3507 = ADVANCED_FACE('',(#3508),#3542,.T.);
#3508 = FACE_BOUND('',#3509,.T.);
#3509 = EDGE_LOOP('',(#3510,#3520,#3528,#3536));
#3510 = ORIENTED_EDGE('',*,*,#3511,.F.);
#3511 = EDGE_CURVE('',#3512,#3514,#3516,.T.);
#3512 = VERTEX_POINT('',#3513);
#3513 = CARTESIAN_POINT('',(903.,18.4,383.));
#3514 = VERTEX_POINT('',#3515);
#3515 = CARTESIAN_POINT('',(903.,18.4,385.));
#3516 = LINE('',#3517,#3518);
#3517 = CARTESIAN_POINT('',(903.,18.4,383.));
#3518 = VECTOR('',#3519,1.);
#3519 = DIRECTION('',(0.,0.,1.));
#3520 = ORIENTED_EDGE('',*,*,#3521,.T.);
#3521 = EDGE_CURVE('',#3512,#3522,#3524,.T.);
#3522 = VERTEX_POINT('',#3523);
#3523 = CARTESIAN_POINT('',(903.,24.4,383.));
#3524 = LINE('',#3525,#3526);
#3525 = CARTESIAN_POINT('',(903.,18.4,383.));
#3526 = VECTOR('',#3527,1.);
#3527 = DIRECTION('',(0.,1.,0.));
#3528 = ORIENTED_EDGE('',*,*,#3529,.T.);
#3529 = EDGE_CURVE('',#3522,#3530,#3532,.T.);
#3530 = VERTEX_POINT('',#3531);
#3531 = CARTESIAN_POINT('',(903.,24.4,385.));
#3532 = LINE('',#3533,#3534);
#3533 = CARTESIAN_POINT('',(903.,24.4,383.));
#3534 = VECTOR('',#3535,1.);
#3535 = DIRECTION('',(0.,0.,1.));
#3536 = ORIENTED_EDGE('',*,*,#3537,.F.);
#3537 = EDGE_CURVE('',#3514,#3530,#3538,.T.);
#3538 = LINE('',#3539,#3540);
#3539 = CARTESIAN_POINT('',(903.,18.4,385.));
#3540 = VECTOR('',#3541,1.);
#3541 = DIRECTION('',(0.,1.,0.));
#3542 = PLANE('',#3543);
#3543 = AXIS2_PLACEMENT_3D('',#3544,#3545,#3546);
#3544 = CARTESIAN_POINT('',(903.,18.4,383.));
#3545 = DIRECTION('',(1.,0.,0.));
#3546 = DIRECTION('',(0.,0.,1.));
#3547 = ADVANCED_FACE('',(#3548),#3564,.F.);
#3548 = FACE_BOUND('',#3549,.F.);
#3549 = EDGE_LOOP('',(#3550,#3556,#3557,#3563));
#3550 = ORIENTED_EDGE('',*,*,#3551,.F.);
#3551 = EDGE_CURVE('',#3472,#3512,#3552,.T.);
#3552 = LINE('',#3553,#3554);
#3553 = CARTESIAN_POINT('',(0.,18.4,383.));
#3554 = VECTOR('',#3555,1.);
#3555 = DIRECTION('',(1.,0.,0.));
#3556 = ORIENTED_EDGE('',*,*,#3471,.T.);
#3557 = ORIENTED_EDGE('',*,*,#3558,.T.);
#3558 = EDGE_CURVE('',#3474,#3514,#3559,.T.);
#3559 = LINE('',#3560,#3561);
#3560 = CARTESIAN_POINT('',(0.,18.4,385.));
#3561 = VECTOR('',#3562,1.);
#3562 = DIRECTION('',(1.,0.,0.));
#3563 = ORIENTED_EDGE('',*,*,#3511,.F.);
#3564 = PLANE('',#3565);
#3565 = AXIS2_PLACEMENT_3D('',#3566,#3567,#3568);
#3566 = CARTESIAN_POINT('',(0.,18.4,383.));
#3567 = DIRECTION('',(0.,1.,0.));
#3568 = DIRECTION('',(0.,0.,1.));
#3569 = ADVANCED_FACE('',(#3570),#3586,.T.);
#3570 = FACE_BOUND('',#3571,.T.);
#3571 = EDGE_LOOP('',(#3572,#3578,#3579,#3585));
#3572 = ORIENTED_EDGE('',*,*,#3573,.F.);
#3573 = EDGE_CURVE('',#3482,#3522,#3574,.T.);
#3574 = LINE('',#3575,#3576);
#3575 = CARTESIAN_POINT('',(0.,24.4,383.));
#3576 = VECTOR('',#3577,1.);
#3577 = DIRECTION('',(1.,0.,0.));
#3578 = ORIENTED_EDGE('',*,*,#3489,.T.);
#3579 = ORIENTED_EDGE('',*,*,#3580,.T.);
#3580 = EDGE_CURVE('',#3490,#3530,#3581,.T.);
#3581 = LINE('',#3582,#3583);
#3582 = CARTESIAN_POINT('',(0.,24.4,385.));
#3583 = VECTOR('',#3584,1.);
#3584 = DIRECTION('',(1.,0.,0.));
#3585 = ORIENTED_EDGE('',*,*,#3529,.F.);
#3586 = PLANE('',#3587);
#3587 = AXIS2_PLACEMENT_3D('',#3588,#3589,#3590);
#3588 = CARTESIAN_POINT('',(0.,24.4,383.));
#3589 = DIRECTION('',(0.,1.,0.));
#3590 = DIRECTION('',(0.,0.,1.));
#3591 = ADVANCED_FACE('',(#3592),#3598,.F.);
#3592 = FACE_BOUND('',#3593,.F.);
#3593 = EDGE_LOOP('',(#3594,#3595,#3596,#3597));
#3594 = ORIENTED_EDGE('',*,*,#3481,.F.);
#3595 = ORIENTED_EDGE('',*,*,#3551,.T.);
#3596 = ORIENTED_EDGE('',*,*,#3521,.T.);
#3597 = ORIENTED_EDGE('',*,*,#3573,.F.);
#3598 = PLANE('',#3599);
#3599 = AXIS2_PLACEMENT_3D('',#3600,#3601,#3602);
#3600 = CARTESIAN_POINT('',(0.,18.4,383.));
#3601 = DIRECTION('',(0.,0.,1.));
#3602 = DIRECTION('',(1.,0.,0.));
#3603 = ADVANCED_FACE('',(#3604),#3610,.T.);
#3604 = FACE_BOUND('',#3605,.T.);
#3605 = EDGE_LOOP('',(#3606,#3607,#3608,#3609));
#3606 = ORIENTED_EDGE('',*,*,#3497,.F.);
#3607 = ORIENTED_EDGE('',*,*,#3558,.T.);
#3608 = ORIENTED_EDGE('',*,*,#3537,.T.);
#3609 = ORIENTED_EDGE('',*,*,#3580,.F.);
#3610 = PLANE('',#3611);
#3611 = AXIS2_PLACEMENT_3D('',#3612,#3613,#3614);
#3612 = CARTESIAN_POINT('',(0.,18.4,385.));
#3613 = DIRECTION('',(0.,0.,1.));
#3614 = DIRECTION('',(1.,0.,0.));
#3615 = MANIFOLD_SOLID_BREP('',#3616);
#3616 = CLOSED_SHELL('',(#3617,#3657,#3697,#3719,#3741,#3753));
#3617 = ADVANCED_FACE('',(#3618),#3652,.F.);
#3618 = FACE_BOUND('',#3619,.F.);
#3619 = EDGE_LOOP('',(#3620,#3630,#3638,#3646));
#3620 = ORIENTED_EDGE('',*,*,#3621,.F.);
#3621 = EDGE_CURVE('',#3622,#3624,#3626,.T.);
#3622 = VERTEX_POINT('',#3623);
#3623 = CARTESIAN_POINT('',(903.,0.,98.));
#3624 = VERTEX_POINT('',#3625);
#3625 = CARTESIAN_POINT('',(903.,0.,870.));
#3626 = LINE('',#3627,#3628);
#3627 = CARTESIAN_POINT('',(903.,0.,98.));
#3628 = VECTOR('',#3629,1.);
#3629 = DIRECTION('',(0.,0.,1.));
#3630 = ORIENTED_EDGE('',*,*,#3631,.T.);
#3631 = EDGE_CURVE('',#3622,#3632,#3634,.T.);
#3632 = VERTEX_POINT('',#3633);
#3633 = CARTESIAN_POINT('',(903.,600.,98.));
#3634 = LINE('',#3635,#3636);
#3635 = CARTESIAN_POINT('',(903.,0.,98.));
#3636 = VECTOR('',#3637,1.);
#3637 = DIRECTION('',(0.,1.,0.));
#3638 = ORIENTED_EDGE('',*,*,#3639,.T.);
#3639 = EDGE_CURVE('',#3632,#3640,#3642,.T.);
#3640 = VERTEX_POINT('',#3641);
#3641 = CARTESIAN_POINT('',(903.,600.,870.));
#3642 = LINE('',#3643,#3644);
#3643 = CARTESIAN_POINT('',(903.,600.,98.));
#3644 = VECTOR('',#3645,1.);
#3645 = DIRECTION('',(0.,0.,1.));
#3646 = ORIENTED_EDGE('',*,*,#3647,.F.);
#3647 = EDGE_CURVE('',#3624,#3640,#3648,.T.);
#3648 = LINE('',#3649,#3650);
#3649 = CARTESIAN_POINT('',(903.,0.,870.));
#3650 = VECTOR('',#3651,1.);
#3651 = DIRECTION('',(0.,1.,0.));
#3652 = PLANE('',#3653);
#3653 = AXIS2_PLACEMENT_3D('',#3654,#3655,#3656);
#3654 = CARTESIAN_POINT('',(903.,0.,98.));
#3655 = DIRECTION('',(1.,0.,0.));
#3656 = DIRECTION('',(0.,0.,1.));
#3657 = ADVANCED_FACE('',(#3658),#3692,.T.);
#3658 = FACE_BOUND('',#3659,.T.);
#3659 = EDGE_LOOP('',(#3660,#3670,#3678,#3686));
#3660 = ORIENTED_EDGE('',*,*,#3661,.F.);
#3661 = EDGE_CURVE('',#3662,#3664,#3666,.T.);
#3662 = VERTEX_POINT('',#3663);
#3663 = CARTESIAN_POINT('',(921.,0.,98.));
#3664 = VERTEX_POINT('',#3665);
#3665 = CARTESIAN_POINT('',(921.,0.,870.));
#3666 = LINE('',#3667,#3668);
#3667 = CARTESIAN_POINT('',(921.,0.,98.));
#3668 = VECTOR('',#3669,1.);
#3669 = DIRECTION('',(0.,0.,1.));
#3670 = ORIENTED_EDGE('',*,*,#3671,.T.);
#3671 = EDGE_CURVE('',#3662,#3672,#3674,.T.);
#3672 = VERTEX_POINT('',#3673);
#3673 = CARTESIAN_POINT('',(921.,600.,98.));
#3674 = LINE('',#3675,#3676);
#3675 = CARTESIAN_POINT('',(921.,0.,98.));
#3676 = VECTOR('',#3677,1.);
#3677 = DIRECTION('',(0.,1.,0.));
#3678 = ORIENTED_EDGE('',*,*,#3679,.T.);
#3679 = EDGE_CURVE('',#3672,#3680,#3682,.T.);
#3680 = VERTEX_POINT('',#3681);
#3681 = CARTESIAN_POINT('',(921.,600.,870.));
#3682 = LINE('',#3683,#3684);
#3683 = CARTESIAN_POINT('',(921.,600.,98.));
#3684 = VECTOR('',#3685,1.);
#3685 = DIRECTION('',(0.,0.,1.));
#3686 = ORIENTED_EDGE('',*,*,#3687,.F.);
#3687 = EDGE_CURVE('',#3664,#3680,#3688,.T.);
#3688 = LINE('',#3689,#3690);
#3689 = CARTESIAN_POINT('',(921.,0.,870.));
#3690 = VECTOR('',#3691,1.);
#3691 = DIRECTION('',(0.,1.,0.));
#3692 = PLANE('',#3693);
#3693 = AXIS2_PLACEMENT_3D('',#3694,#3695,#3696);
#3694 = CARTESIAN_POINT('',(921.,0.,98.));
#3695 = DIRECTION('',(1.,0.,0.));
#3696 = DIRECTION('',(0.,0.,1.));
#3697 = ADVANCED_FACE('',(#3698),#3714,.F.);
#3698 = FACE_BOUND('',#3699,.F.);
#3699 = EDGE_LOOP('',(#3700,#3706,#3707,#3713));
#3700 = ORIENTED_EDGE('',*,*,#3701,.F.);
#3701 = EDGE_CURVE('',#3622,#3662,#3702,.T.);
#3702 = LINE('',#3703,#3704);
#3703 = CARTESIAN_POINT('',(903.,0.,98.));
#3704 = VECTOR('',#3705,1.);
#3705 = DIRECTION('',(1.,0.,0.));
#3706 = ORIENTED_EDGE('',*,*,#3621,.T.);
#3707 = ORIENTED_EDGE('',*,*,#3708,.T.);
#3708 = EDGE_CURVE('',#3624,#3664,#3709,.T.);
#3709 = LINE('',#3710,#3711);
#3710 = CARTESIAN_POINT('',(903.,0.,870.));
#3711 = VECTOR('',#3712,1.);
#3712 = DIRECTION('',(1.,0.,0.));
#3713 = ORIENTED_EDGE('',*,*,#3661,.F.);
#3714 = PLANE('',#3715);
#3715 = AXIS2_PLACEMENT_3D('',#3716,#3717,#3718);
#3716 = CARTESIAN_POINT('',(903.,0.,98.));
#3717 = DIRECTION('',(0.,1.,0.));
#3718 = DIRECTION('',(0.,0.,1.));
#3719 = ADVANCED_FACE('',(#3720),#3736,.T.);
#3720 = FACE_BOUND('',#3721,.T.);
#3721 = EDGE_LOOP('',(#3722,#3728,#3729,#3735));
#3722 = ORIENTED_EDGE('',*,*,#3723,.F.);
#3723 = EDGE_CURVE('',#3632,#3672,#3724,.T.);
#3724 = LINE('',#3725,#3726);
#3725 = CARTESIAN_POINT('',(903.,600.,98.));
#3726 = VECTOR('',#3727,1.);
#3727 = DIRECTION('',(1.,0.,0.));
#3728 = ORIENTED_EDGE('',*,*,#3639,.T.);
#3729 = ORIENTED_EDGE('',*,*,#3730,.T.);
#3730 = EDGE_CURVE('',#3640,#3680,#3731,.T.);
#3731 = LINE('',#3732,#3733);
#3732 = CARTESIAN_POINT('',(903.,600.,870.));
#3733 = VECTOR('',#3734,1.);
#3734 = DIRECTION('',(1.,0.,0.));
#3735 = ORIENTED_EDGE('',*,*,#3679,.F.);
#3736 = PLANE('',#3737);
#3737 = AXIS2_PLACEMENT_3D('',#3738,#3739,#3740);
#3738 = CARTESIAN_POINT('',(903.,600.,98.));
#3739 = DIRECTION('',(0.,1.,0.));
#3740 = DIRECTION('',(0.,0.,1.));
#3741 = ADVANCED_FACE('',(#3742),#3748,.F.);
#3742 = FACE_BOUND('',#3743,.F.);
#3743 = EDGE_LOOP('',(#3744,#3745,#3746,#3747));
#3744 = ORIENTED_EDGE('',*,*,#3631,.F.);
#3745 = ORIENTED_EDGE('',*,*,#3701,.T.);
#3746 = ORIENTED_EDGE('',*,*,#3671,.T.);
#3747 = ORIENTED_EDGE('',*,*,#3723,.F.);
#3748 = PLANE('',#3749);
#3749 = AXIS2_PLACEMENT_3D('',#3750,#3751,#3752);
#3750 = CARTESIAN_POINT('',(903.,0.,98.));
#3751 = DIRECTION('',(0.,0.,1.));
#3752 = DIRECTION('',(1.,0.,0.));
#3753 = ADVANCED_FACE('',(#3754),#3760,.T.);
#3754 = FACE_BOUND('',#3755,.T.);
#3755 = EDGE_LOOP('',(#3756,#3757,#3758,#3759));
#3756 = ORIENTED_EDGE('',*,*,#3647,.F.);
#3757 = ORIENTED_EDGE('',*,*,#3708,.T.);
#3758 = ORIENTED_EDGE('',*,*,#3687,.T.);
#3759 = ORIENTED_EDGE('',*,*,#3730,.F.);
#3760 = PLANE('',#3761);
#3761 = AXIS2_PLACEMENT_3D('',#3762,#3763,#3764);
#3762 = CARTESIAN_POINT('',(903.,0.,870.));
#3763 = DIRECTION('',(0.,0.,1.));
#3764 = DIRECTION('',(1.,0.,0.));
#3765 = MANIFOLD_SOLID_BREP('',#3766);
#3766 = CLOSED_SHELL('',(#3767,#3807,#3847,#3869,#3891,#3903));
#3767 = ADVANCED_FACE('',(#3768),#3802,.F.);
#3768 = FACE_BOUND('',#3769,.F.);
#3769 = EDGE_LOOP('',(#3770,#3780,#3788,#3796));
#3770 = ORIENTED_EDGE('',*,*,#3771,.F.);
#3771 = EDGE_CURVE('',#3772,#3774,#3776,.T.);
#3772 = VERTEX_POINT('',#3773);
#3773 = CARTESIAN_POINT('',(2.24E+03,0.,98.));
#3774 = VERTEX_POINT('',#3775);
#3775 = CARTESIAN_POINT('',(2.24E+03,0.,870.));
#3776 = LINE('',#3777,#3778);
#3777 = CARTESIAN_POINT('',(2.24E+03,0.,98.));
#3778 = VECTOR('',#3779,1.);
#3779 = DIRECTION('',(0.,0.,1.));
#3780 = ORIENTED_EDGE('',*,*,#3781,.T.);
#3781 = EDGE_CURVE('',#3772,#3782,#3784,.T.);
#3782 = VERTEX_POINT('',#3783);
#3783 = CARTESIAN_POINT('',(2.24E+03,600.,98.));
#3784 = LINE('',#3785,#3786);
#3785 = CARTESIAN_POINT('',(2.24E+03,0.,98.));
#3786 = VECTOR('',#3787,1.);
#3787 = DIRECTION('',(0.,1.,0.));
#3788 = ORIENTED_EDGE('',*,*,#3789,.T.);
#3789 = EDGE_CURVE('',#3782,#3790,#3792,.T.);
#3790 = VERTEX_POINT('',#3791);
#3791 = CARTESIAN_POINT('',(2.24E+03,600.,870.));
#3792 = LINE('',#3793,#3794);
#3793 = CARTESIAN_POINT('',(2.24E+03,600.,98.));
#3794 = VECTOR('',#3795,1.);
#3795 = DIRECTION('',(0.,0.,1.));
#3796 = ORIENTED_EDGE('',*,*,#3797,.F.);
#3797 = EDGE_CURVE('',#3774,#3790,#3798,.T.);
#3798 = LINE('',#3799,#3800);
#3799 = CARTESIAN_POINT('',(2.24E+03,0.,870.));
#3800 = VECTOR('',#3801,1.);
#3801 = DIRECTION('',(0.,1.,0.));
#3802 = PLANE('',#3803);
#3803 = AXIS2_PLACEMENT_3D('',#3804,#3805,#3806);
#3804 = CARTESIAN_POINT('',(2.24E+03,0.,98.));
#3805 = DIRECTION('',(1.,0.,0.));
#3806 = DIRECTION('',(0.,0.,1.));
#3807 = ADVANCED_FACE('',(#3808),#3842,.T.);
#3808 = FACE_BOUND('',#3809,.T.);
#3809 = EDGE_LOOP('',(#3810,#3820,#3828,#3836));
#3810 = ORIENTED_EDGE('',*,*,#3811,.F.);
#3811 = EDGE_CURVE('',#3812,#3814,#3816,.T.);
#3812 = VERTEX_POINT('',#3813);
#3813 = CARTESIAN_POINT('',(2.258E+03,0.,98.));
#3814 = VERTEX_POINT('',#3815);
#3815 = CARTESIAN_POINT('',(2.258E+03,0.,870.));
#3816 = LINE('',#3817,#3818);
#3817 = CARTESIAN_POINT('',(2.258E+03,0.,98.));
#3818 = VECTOR('',#3819,1.);
#3819 = DIRECTION('',(0.,0.,1.));
#3820 = ORIENTED_EDGE('',*,*,#3821,.T.);
#3821 = EDGE_CURVE('',#3812,#3822,#3824,.T.);
#3822 = VERTEX_POINT('',#3823);
#3823 = CARTESIAN_POINT('',(2.258E+03,600.,98.));
#3824 = LINE('',#3825,#3826);
#3825 = CARTESIAN_POINT('',(2.258E+03,0.,98.));
#3826 = VECTOR('',#3827,1.);
#3827 = DIRECTION('',(0.,1.,0.));
#3828 = ORIENTED_EDGE('',*,*,#3829,.T.);
#3829 = EDGE_CURVE('',#3822,#3830,#3832,.T.);
#3830 = VERTEX_POINT('',#3831);
#3831 = CARTESIAN_POINT('',(2.258E+03,600.,870.));
#3832 = LINE('',#3833,#3834);
#3833 = CARTESIAN_POINT('',(2.258E+03,600.,98.));
#3834 = VECTOR('',#3835,1.);
#3835 = DIRECTION('',(0.,0.,1.));
#3836 = ORIENTED_EDGE('',*,*,#3837,.F.);
#3837 = EDGE_CURVE('',#3814,#3830,#3838,.T.);
#3838 = LINE('',#3839,#3840);
#3839 = CARTESIAN_POINT('',(2.258E+03,0.,870.));
#3840 = VECTOR('',#3841,1.);
#3841 = DIRECTION('',(0.,1.,0.));
#3842 = PLANE('',#3843);
#3843 = AXIS2_PLACEMENT_3D('',#3844,#3845,#3846);
#3844 = CARTESIAN_POINT('',(2.258E+03,0.,98.));
#3845 = DIRECTION('',(1.,0.,0.));
#3846 = DIRECTION('',(0.,0.,1.));
#3847 = ADVANCED_FACE('',(#3848),#3864,.F.);
#3848 = FACE_BOUND('',#3849,.F.);
#3849 = EDGE_LOOP('',(#3850,#3856,#3857,#3863));
#3850 = ORIENTED_EDGE('',*,*,#3851,.F.);
#3851 = EDGE_CURVE('',#3772,#3812,#3852,.T.);
#3852 = LINE('',#3853,#3854);
#3853 = CARTESIAN_POINT('',(2.24E+03,0.,98.));
#3854 = VECTOR('',#3855,1.);
#3855 = DIRECTION('',(1.,0.,0.));
#3856 = ORIENTED_EDGE('',*,*,#3771,.T.);
#3857 = ORIENTED_EDGE('',*,*,#3858,.T.);
#3858 = EDGE_CURVE('',#3774,#3814,#3859,.T.);
#3859 = LINE('',#3860,#3861);
#3860 = CARTESIAN_POINT('',(2.24E+03,0.,870.));
#3861 = VECTOR('',#3862,1.);
#3862 = DIRECTION('',(1.,0.,0.));
#3863 = ORIENTED_EDGE('',*,*,#3811,.F.);
#3864 = PLANE('',#3865);
#3865 = AXIS2_PLACEMENT_3D('',#3866,#3867,#3868);
#3866 = CARTESIAN_POINT('',(2.24E+03,0.,98.));
#3867 = DIRECTION('',(0.,1.,0.));
#3868 = DIRECTION('',(0.,0.,1.));
#3869 = ADVANCED_FACE('',(#3870),#3886,.T.);
#3870 = FACE_BOUND('',#3871,.T.);
#3871 = EDGE_LOOP('',(#3872,#3878,#3879,#3885));
#3872 = ORIENTED_EDGE('',*,*,#3873,.F.);
#3873 = EDGE_CURVE('',#3782,#3822,#3874,.T.);
#3874 = LINE('',#3875,#3876);
#3875 = CARTESIAN_POINT('',(2.24E+03,600.,98.));
#3876 = VECTOR('',#3877,1.);
#3877 = DIRECTION('',(1.,0.,0.));
#3878 = ORIENTED_EDGE('',*,*,#3789,.T.);
#3879 = ORIENTED_EDGE('',*,*,#3880,.T.);
#3880 = EDGE_CURVE('',#3790,#3830,#3881,.T.);
#3881 = LINE('',#3882,#3883);
#3882 = CARTESIAN_POINT('',(2.24E+03,600.,870.));
#3883 = VECTOR('',#3884,1.);
#3884 = DIRECTION('',(1.,0.,0.));
#3885 = ORIENTED_EDGE('',*,*,#3829,.F.);
#3886 = PLANE('',#3887);
#3887 = AXIS2_PLACEMENT_3D('',#3888,#3889,#3890);
#3888 = CARTESIAN_POINT('',(2.24E+03,600.,98.));
#3889 = DIRECTION('',(0.,1.,0.));
#3890 = DIRECTION('',(0.,0.,1.));
#3891 = ADVANCED_FACE('',(#3892),#3898,.F.);
#3892 = FACE_BOUND('',#3893,.F.);
#3893 = EDGE_LOOP('',(#3894,#3895,#3896,#3897));
#3894 = ORIENTED_EDGE('',*,*,#3781,.F.);
#3895 = ORIENTED_EDGE('',*,*,#3851,.T.);
#3896 = ORIENTED_EDGE('',*,*,#3821,.T.);
#3897 = ORIENTED_EDGE('',*,*,#3873,.F.);
#3898 = PLANE('',#3899);
#3899 = AXIS2_PLACEMENT_3D('',#3900,#3901,#3902);
#3900 = CARTESIAN_POINT('',(2.24E+03,0.,98.));
#3901 = DIRECTION('',(0.,0.,1.));
#3902 = DIRECTION('',(1.,0.,0.));
#3903 = ADVANCED_FACE('',(#3904),#3910,.T.);
#3904 = FACE_BOUND('',#3905,.T.);
#3905 = EDGE_LOOP('',(#3906,#3907,#3908,#3909));
#3906 = ORIENTED_EDGE('',*,*,#3797,.F.);
#3907 = ORIENTED_EDGE('',*,*,#3858,.T.);
#3908 = ORIENTED_EDGE('',*,*,#3837,.T.);
#3909 = ORIENTED_EDGE('',*,*,#3880,.F.);
#3910 = PLANE('',#3911);
#3911 = AXIS2_PLACEMENT_3D('',#3912,#3913,#3914);
#3912 = CARTESIAN_POINT('',(2.24E+03,0.,870.));
#3913 = DIRECTION('',(0.,0.,1.));
#3914 = DIRECTION('',(1.,0.,0.));
#3915 = MANIFOLD_SOLID_BREP('',#3916);
#3916 = CLOSED_SHELL('',(#3917,#3957,#3997,#4019,#4041,#4053));
#3917 = ADVANCED_FACE('',(#3918),#3952,.F.);
#3918 = FACE_BOUND('',#3919,.F.);
#3919 = EDGE_LOOP('',(#3920,#3930,#3938,#3946));
#3920 = ORIENTED_EDGE('',*,*,#3921,.F.);
#3921 = EDGE_CURVE('',#3922,#3924,#3926,.T.);
#3922 = VERTEX_POINT('',#3923);
#3923 = CARTESIAN_POINT('',(903.,0.,80.));
#3924 = VERTEX_POINT('',#3925);
#3925 = CARTESIAN_POINT('',(903.,0.,98.));
#3926 = LINE('',#3927,#3928);
#3927 = CARTESIAN_POINT('',(903.,0.,80.));
#3928 = VECTOR('',#3929,1.);
#3929 = DIRECTION('',(0.,0.,1.));
#3930 = ORIENTED_EDGE('',*,*,#3931,.T.);
#3931 = EDGE_CURVE('',#3922,#3932,#3934,.T.);
#3932 = VERTEX_POINT('',#3933);
#3933 = CARTESIAN_POINT('',(903.,600.,80.));
#3934 = LINE('',#3935,#3936);
#3935 = CARTESIAN_POINT('',(903.,0.,80.));
#3936 = VECTOR('',#3937,1.);
#3937 = DIRECTION('',(0.,1.,0.));
#3938 = ORIENTED_EDGE('',*,*,#3939,.T.);
#3939 = EDGE_CURVE('',#3932,#3940,#3942,.T.);
#3940 = VERTEX_POINT('',#3941);
#3941 = CARTESIAN_POINT('',(903.,600.,98.));
#3942 = LINE('',#3943,#3944);
#3943 = CARTESIAN_POINT('',(903.,600.,80.));
#3944 = VECTOR('',#3945,1.);
#3945 = DIRECTION('',(0.,0.,1.));
#3946 = ORIENTED_EDGE('',*,*,#3947,.F.);
#3947 = EDGE_CURVE('',#3924,#3940,#3948,.T.);
#3948 = LINE('',#3949,#3950);
#3949 = CARTESIAN_POINT('',(903.,0.,98.));
#3950 = VECTOR('',#3951,1.);
#3951 = DIRECTION('',(0.,1.,0.));
#3952 = PLANE('',#3953);
#3953 = AXIS2_PLACEMENT_3D('',#3954,#3955,#3956);
#3954 = CARTESIAN_POINT('',(903.,0.,80.));
#3955 = DIRECTION('',(1.,0.,0.));
#3956 = DIRECTION('',(0.,0.,1.));
#3957 = ADVANCED_FACE('',(#3958),#3992,.T.);
#3958 = FACE_BOUND('',#3959,.T.);
#3959 = EDGE_LOOP('',(#3960,#3970,#3978,#3986));
#3960 = ORIENTED_EDGE('',*,*,#3961,.F.);
#3961 = EDGE_CURVE('',#3962,#3964,#3966,.T.);
#3962 = VERTEX_POINT('',#3963);
#3963 = CARTESIAN_POINT('',(2.258E+03,0.,80.));
#3964 = VERTEX_POINT('',#3965);
#3965 = CARTESIAN_POINT('',(2.258E+03,0.,98.));
#3966 = LINE('',#3967,#3968);
#3967 = CARTESIAN_POINT('',(2.258E+03,0.,80.));
#3968 = VECTOR('',#3969,1.);
#3969 = DIRECTION('',(0.,0.,1.));
#3970 = ORIENTED_EDGE('',*,*,#3971,.T.);
#3971 = EDGE_CURVE('',#3962,#3972,#3974,.T.);
#3972 = VERTEX_POINT('',#3973);
#3973 = CARTESIAN_POINT('',(2.258E+03,600.,80.));
#3974 = LINE('',#3975,#3976);
#3975 = CARTESIAN_POINT('',(2.258E+03,0.,80.));
#3976 = VECTOR('',#3977,1.);
#3977 = DIRECTION('',(0.,1.,0.));
#3978 = ORIENTED_EDGE('',*,*,#3979,.T.);
#3979 = EDGE_CURVE('',#3972,#3980,#3982,.T.);
#3980 = VERTEX_POINT('',#3981);
#3981 = CARTESIAN_POINT('',(2.258E+03,600.,98.));
#3982 = LINE('',#3983,#3984);
#3983 = CARTESIAN_POINT('',(2.258E+03,600.,80.));
#3984 = VECTOR('',#3985,1.);
#3985 = DIRECTION('',(0.,0.,1.));
#3986 = ORIENTED_EDGE('',*,*,#3987,.F.);
#3987 = EDGE_CURVE('',#3964,#3980,#3988,.T.);
#3988 = LINE('',#3989,#3990);
#3989 = CARTESIAN_POINT('',(2.258E+03,0.,98.));
#3990 = VECTOR('',#3991,1.);
#3991 = DIRECTION('',(0.,1.,0.));
#3992 = PLANE('',#3993);
#3993 = AXIS2_PLACEMENT_3D('',#3994,#3995,#3996);
#3994 = CARTESIAN_POINT('',(2.258E+03,0.,80.));
#3995 = DIRECTION('',(1.,0.,0.));
#3996 = DIRECTION('',(0.,0.,1.));
#3997 = ADVANCED_FACE('',(#3998),#4014,.F.);
#3998 = FACE_BOUND('',#3999,.F.);
#3999 = EDGE_LOOP('',(#4000,#4006,#4007,#4013));
#4000 = ORIENTED_EDGE('',*,*,#4001,.F.);
#4001 = EDGE_CURVE('',#3922,#3962,#4002,.T.);
#4002 = LINE('',#4003,#4004);
#4003 = CARTESIAN_POINT('',(903.,0.,80.));
#4004 = VECTOR('',#4005,1.);
#4005 = DIRECTION('',(1.,0.,0.));
#4006 = ORIENTED_EDGE('',*,*,#3921,.T.);
#4007 = ORIENTED_EDGE('',*,*,#4008,.T.);
#4008 = EDGE_CURVE('',#3924,#3964,#4009,.T.);
#4009 = LINE('',#4010,#4011);
#4010 = CARTESIAN_POINT('',(903.,0.,98.));
#4011 = VECTOR('',#4012,1.);
#4012 = DIRECTION('',(1.,0.,0.));
#4013 = ORIENTED_EDGE('',*,*,#3961,.F.);
#4014 = PLANE('',#4015);
#4015 = AXIS2_PLACEMENT_3D('',#4016,#4017,#4018);
#4016 = CARTESIAN_POINT('',(903.,0.,80.));
#4017 = DIRECTION('',(0.,1.,0.));
#4018 = DIRECTION('',(0.,0.,1.));
#4019 = ADVANCED_FACE('',(#4020),#4036,.T.);
#4020 = FACE_BOUND('',#4021,.T.);
#4021 = EDGE_LOOP('',(#4022,#4028,#4029,#4035));
#4022 = ORIENTED_EDGE('',*,*,#4023,.F.);
#4023 = EDGE_CURVE('',#3932,#3972,#4024,.T.);
#4024 = LINE('',#4025,#4026);
#4025 = CARTESIAN_POINT('',(903.,600.,80.));
#4026 = VECTOR('',#4027,1.);
#4027 = DIRECTION('',(1.,0.,0.));
#4028 = ORIENTED_EDGE('',*,*,#3939,.T.);
#4029 = ORIENTED_EDGE('',*,*,#4030,.T.);
#4030 = EDGE_CURVE('',#3940,#3980,#4031,.T.);
#4031 = LINE('',#4032,#4033);
#4032 = CARTESIAN_POINT('',(903.,600.,98.));
#4033 = VECTOR('',#4034,1.);
#4034 = DIRECTION('',(1.,0.,0.));
#4035 = ORIENTED_EDGE('',*,*,#3979,.F.);
#4036 = PLANE('',#4037);
#4037 = AXIS2_PLACEMENT_3D('',#4038,#4039,#4040);
#4038 = CARTESIAN_POINT('',(903.,600.,80.));
#4039 = DIRECTION('',(0.,1.,0.));
#4040 = DIRECTION('',(0.,0.,1.));
#4041 = ADVANCED_FACE('',(#4042),#4048,.F.);
#4042 = FACE_BOUND('',#4043,.F.);
#4043 = EDGE_LOOP('',(#4044,#4045,#4046,#4047));
#4044 = ORIENTED_EDGE('',*,*,#3931,.F.);
#4045 = ORIENTED_EDGE('',*,*,#4001,.T.);
#4046 = ORIENTED_EDGE('',*,*,#3971,.T.);
#4047 = ORIENTED_EDGE('',*,*,#4023,.F.);
#4048 = PLANE('',#4049);
#4049 = AXIS2_PLACEMENT_3D('',#4050,#4051,#4052);
#4050 = CARTESIAN_POINT('',(903.,0.,80.));
#4051 = DIRECTION('',(0.,0.,1.));
#4052 = DIRECTION('',(1.,0.,0.));
#4053 = ADVANCED_FACE('',(#4054),#4060,.T.);
#4054 = FACE_BOUND('',#4055,.T.);
#4055 = EDGE_LOOP('',(#4056,#4057,#4058,#4059));
#4056 = ORIENTED_EDGE('',*,*,#3947,.F.);
#4057 = ORIENTED_EDGE('',*,*,#4008,.T.);
#4058 = ORIENTED_EDGE('',*,*,#3987,.T.);
#4059 = ORIENTED_EDGE('',*,*,#4030,.F.);
#4060 = PLANE('',#4061);
#4061 = AXIS2_PLACEMENT_3D('',#4062,#4063,#4064);
#4062 = CARTESIAN_POINT('',(903.,0.,98.));
#4063 = DIRECTION('',(0.,0.,1.));
#4064 = DIRECTION('',(1.,0.,0.));
#4065 = MANIFOLD_SOLID_BREP('',#4066);
#4066 = CLOSED_SHELL('',(#4067,#4107,#4147,#4169,#4191,#4203));
#4067 = ADVANCED_FACE('',(#4068),#4102,.F.);
#4068 = FACE_BOUND('',#4069,.F.);
#4069 = EDGE_LOOP('',(#4070,#4080,#4088,#4096));
#4070 = ORIENTED_EDGE('',*,*,#4071,.F.);
#4071 = EDGE_CURVE('',#4072,#4074,#4076,.T.);
#4072 = VERTEX_POINT('',#4073);
#4073 = CARTESIAN_POINT('',(933.,30.,0.));
#4074 = VERTEX_POINT('',#4075);
#4075 = CARTESIAN_POINT('',(933.,30.,80.));
#4076 = LINE('',#4077,#4078);
#4077 = CARTESIAN_POINT('',(933.,30.,0.));
#4078 = VECTOR('',#4079,1.);
#4079 = DIRECTION('',(0.,0.,1.));
#4080 = ORIENTED_EDGE('',*,*,#4081,.T.);
#4081 = EDGE_CURVE('',#4072,#4082,#4084,.T.);
#4082 = VERTEX_POINT('',#4083);
#4083 = CARTESIAN_POINT('',(933.,70.,0.));
#4084 = LINE('',#4085,#4086);
#4085 = CARTESIAN_POINT('',(933.,30.,0.));
#4086 = VECTOR('',#4087,1.);
#4087 = DIRECTION('',(0.,1.,0.));
#4088 = ORIENTED_EDGE('',*,*,#4089,.T.);
#4089 = EDGE_CURVE('',#4082,#4090,#4092,.T.);
#4090 = VERTEX_POINT('',#4091);
#4091 = CARTESIAN_POINT('',(933.,70.,80.));
#4092 = LINE('',#4093,#4094);
#4093 = CARTESIAN_POINT('',(933.,70.,0.));
#4094 = VECTOR('',#4095,1.);
#4095 = DIRECTION('',(0.,0.,1.));
#4096 = ORIENTED_EDGE('',*,*,#4097,.F.);
#4097 = EDGE_CURVE('',#4074,#4090,#4098,.T.);
#4098 = LINE('',#4099,#4100);
#4099 = CARTESIAN_POINT('',(933.,30.,80.));
#4100 = VECTOR('',#4101,1.);
#4101 = DIRECTION('',(0.,1.,0.));
#4102 = PLANE('',#4103);
#4103 = AXIS2_PLACEMENT_3D('',#4104,#4105,#4106);
#4104 = CARTESIAN_POINT('',(933.,30.,0.));
#4105 = DIRECTION('',(1.,0.,0.));
#4106 = DIRECTION('',(0.,0.,1.));
#4107 = ADVANCED_FACE('',(#4108),#4142,.T.);
#4108 = FACE_BOUND('',#4109,.T.);
#4109 = EDGE_LOOP('',(#4110,#4120,#4128,#4136));
#4110 = ORIENTED_EDGE('',*,*,#4111,.F.);
#4111 = EDGE_CURVE('',#4112,#4114,#4116,.T.);
#4112 = VERTEX_POINT('',#4113);
#4113 = CARTESIAN_POINT('',(973.,30.,0.));
#4114 = VERTEX_POINT('',#4115);
#4115 = CARTESIAN_POINT('',(973.,30.,80.));
#4116 = LINE('',#4117,#4118);
#4117 = CARTESIAN_POINT('',(973.,30.,0.));
#4118 = VECTOR('',#4119,1.);
#4119 = DIRECTION('',(0.,0.,1.));
#4120 = ORIENTED_EDGE('',*,*,#4121,.T.);
#4121 = EDGE_CURVE('',#4112,#4122,#4124,.T.);
#4122 = VERTEX_POINT('',#4123);
#4123 = CARTESIAN_POINT('',(973.,70.,0.));
#4124 = LINE('',#4125,#4126);
#4125 = CARTESIAN_POINT('',(973.,30.,0.));
#4126 = VECTOR('',#4127,1.);
#4127 = DIRECTION('',(0.,1.,0.));
#4128 = ORIENTED_EDGE('',*,*,#4129,.T.);
#4129 = EDGE_CURVE('',#4122,#4130,#4132,.T.);
#4130 = VERTEX_POINT('',#4131);
#4131 = CARTESIAN_POINT('',(973.,70.,80.));
#4132 = LINE('',#4133,#4134);
#4133 = CARTESIAN_POINT('',(973.,70.,0.));
#4134 = VECTOR('',#4135,1.);
#4135 = DIRECTION('',(0.,0.,1.));
#4136 = ORIENTED_EDGE('',*,*,#4137,.F.);
#4137 = EDGE_CURVE('',#4114,#4130,#4138,.T.);
#4138 = LINE('',#4139,#4140);
#4139 = CARTESIAN_POINT('',(973.,30.,80.));
#4140 = VECTOR('',#4141,1.);
#4141 = DIRECTION('',(0.,1.,0.));
#4142 = PLANE('',#4143);
#4143 = AXIS2_PLACEMENT_3D('',#4144,#4145,#4146);
#4144 = CARTESIAN_POINT('',(973.,30.,0.));
#4145 = DIRECTION('',(1.,0.,0.));
#4146 = DIRECTION('',(0.,0.,1.));
#4147 = ADVANCED_FACE('',(#4148),#4164,.F.);
#4148 = FACE_BOUND('',#4149,.F.);
#4149 = EDGE_LOOP('',(#4150,#4156,#4157,#4163));
#4150 = ORIENTED_EDGE('',*,*,#4151,.F.);
#4151 = EDGE_CURVE('',#4072,#4112,#4152,.T.);
#4152 = LINE('',#4153,#4154);
#4153 = CARTESIAN_POINT('',(933.,30.,0.));
#4154 = VECTOR('',#4155,1.);
#4155 = DIRECTION('',(1.,0.,0.));
#4156 = ORIENTED_EDGE('',*,*,#4071,.T.);
#4157 = ORIENTED_EDGE('',*,*,#4158,.T.);
#4158 = EDGE_CURVE('',#4074,#4114,#4159,.T.);
#4159 = LINE('',#4160,#4161);
#4160 = CARTESIAN_POINT('',(933.,30.,80.));
#4161 = VECTOR('',#4162,1.);
#4162 = DIRECTION('',(1.,0.,0.));
#4163 = ORIENTED_EDGE('',*,*,#4111,.F.);
#4164 = PLANE('',#4165);
#4165 = AXIS2_PLACEMENT_3D('',#4166,#4167,#4168);
#4166 = CARTESIAN_POINT('',(933.,30.,0.));
#4167 = DIRECTION('',(0.,1.,0.));
#4168 = DIRECTION('',(0.,0.,1.));
#4169 = ADVANCED_FACE('',(#4170),#4186,.T.);
#4170 = FACE_BOUND('',#4171,.T.);
#4171 = EDGE_LOOP('',(#4172,#4178,#4179,#4185));
#4172 = ORIENTED_EDGE('',*,*,#4173,.F.);
#4173 = EDGE_CURVE('',#4082,#4122,#4174,.T.);
#4174 = LINE('',#4175,#4176);
#4175 = CARTESIAN_POINT('',(933.,70.,0.));
#4176 = VECTOR('',#4177,1.);
#4177 = DIRECTION('',(1.,0.,0.));
#4178 = ORIENTED_EDGE('',*,*,#4089,.T.);
#4179 = ORIENTED_EDGE('',*,*,#4180,.T.);
#4180 = EDGE_CURVE('',#4090,#4130,#4181,.T.);
#4181 = LINE('',#4182,#4183);
#4182 = CARTESIAN_POINT('',(933.,70.,80.));
#4183 = VECTOR('',#4184,1.);
#4184 = DIRECTION('',(1.,0.,0.));
#4185 = ORIENTED_EDGE('',*,*,#4129,.F.);
#4186 = PLANE('',#4187);
#4187 = AXIS2_PLACEMENT_3D('',#4188,#4189,#4190);
#4188 = CARTESIAN_POINT('',(933.,70.,0.));
#4189 = DIRECTION('',(0.,1.,0.));
#4190 = DIRECTION('',(0.,0.,1.));
#4191 = ADVANCED_FACE('',(#4192),#4198,.F.);
#4192 = FACE_BOUND('',#4193,.F.);
#4193 = EDGE_LOOP('',(#4194,#4195,#4196,#4197));
#4194 = ORIENTED_EDGE('',*,*,#4081,.F.);
#4195 = ORIENTED_EDGE('',*,*,#4151,.T.);
#4196 = ORIENTED_EDGE('',*,*,#4121,.T.);
#4197 = ORIENTED_EDGE('',*,*,#4173,.F.);
#4198 = PLANE('',#4199);
#4199 = AXIS2_PLACEMENT_3D('',#4200,#4201,#4202);
#4200 = CARTESIAN_POINT('',(933.,30.,0.));
#4201 = DIRECTION('',(0.,0.,1.));
#4202 = DIRECTION('',(1.,0.,0.));
#4203 = ADVANCED_FACE('',(#4204),#4210,.T.);
#4204 = FACE_BOUND('',#4205,.T.);
#4205 = EDGE_LOOP('',(#4206,#4207,#4208,#4209));
#4206 = ORIENTED_EDGE('',*,*,#4097,.F.);
#4207 = ORIENTED_EDGE('',*,*,#4158,.T.);
#4208 = ORIENTED_EDGE('',*,*,#4137,.T.);
#4209 = ORIENTED_EDGE('',*,*,#4180,.F.);
#4210 = PLANE('',#4211);
#4211 = AXIS2_PLACEMENT_3D('',#4212,#4213,#4214);
#4212 = CARTESIAN_POINT('',(933.,30.,80.));
#4213 = DIRECTION('',(0.,0.,1.));
#4214 = DIRECTION('',(1.,0.,0.));
#4215 = MANIFOLD_SOLID_BREP('',#4216);
#4216 = CLOSED_SHELL('',(#4217,#4257,#4297,#4319,#4341,#4353));
#4217 = ADVANCED_FACE('',(#4218),#4252,.F.);
#4218 = FACE_BOUND('',#4219,.F.);
#4219 = EDGE_LOOP('',(#4220,#4230,#4238,#4246));
#4220 = ORIENTED_EDGE('',*,*,#4221,.F.);
#4221 = EDGE_CURVE('',#4222,#4224,#4226,.T.);
#4222 = VERTEX_POINT('',#4223);
#4223 = CARTESIAN_POINT('',(2.188E+03,30.,0.));
#4224 = VERTEX_POINT('',#4225);
#4225 = CARTESIAN_POINT('',(2.188E+03,30.,80.));
#4226 = LINE('',#4227,#4228);
#4227 = CARTESIAN_POINT('',(2.188E+03,30.,0.));
#4228 = VECTOR('',#4229,1.);
#4229 = DIRECTION('',(0.,0.,1.));
#4230 = ORIENTED_EDGE('',*,*,#4231,.T.);
#4231 = EDGE_CURVE('',#4222,#4232,#4234,.T.);
#4232 = VERTEX_POINT('',#4233);
#4233 = CARTESIAN_POINT('',(2.188E+03,70.,0.));
#4234 = LINE('',#4235,#4236);
#4235 = CARTESIAN_POINT('',(2.188E+03,30.,0.));
#4236 = VECTOR('',#4237,1.);
#4237 = DIRECTION('',(0.,1.,0.));
#4238 = ORIENTED_EDGE('',*,*,#4239,.T.);
#4239 = EDGE_CURVE('',#4232,#4240,#4242,.T.);
#4240 = VERTEX_POINT('',#4241);
#4241 = CARTESIAN_POINT('',(2.188E+03,70.,80.));
#4242 = LINE('',#4243,#4244);
#4243 = CARTESIAN_POINT('',(2.188E+03,70.,0.));
#4244 = VECTOR('',#4245,1.);
#4245 = DIRECTION('',(0.,0.,1.));
#4246 = ORIENTED_EDGE('',*,*,#4247,.F.);
#4247 = EDGE_CURVE('',#4224,#4240,#4248,.T.);
#4248 = LINE('',#4249,#4250);
#4249 = CARTESIAN_POINT('',(2.188E+03,30.,80.));
#4250 = VECTOR('',#4251,1.);
#4251 = DIRECTION('',(0.,1.,0.));
#4252 = PLANE('',#4253);
#4253 = AXIS2_PLACEMENT_3D('',#4254,#4255,#4256);
#4254 = CARTESIAN_POINT('',(2.188E+03,30.,0.));
#4255 = DIRECTION('',(1.,0.,0.));
#4256 = DIRECTION('',(0.,0.,1.));
#4257 = ADVANCED_FACE('',(#4258),#4292,.T.);
#4258 = FACE_BOUND('',#4259,.T.);
#4259 = EDGE_LOOP('',(#4260,#4270,#4278,#4286));
#4260 = ORIENTED_EDGE('',*,*,#4261,.F.);
#4261 = EDGE_CURVE('',#4262,#4264,#4266,.T.);
#4262 = VERTEX_POINT('',#4263);
#4263 = CARTESIAN_POINT('',(2.228E+03,30.,0.));
#4264 = VERTEX_POINT('',#4265);
#4265 = CARTESIAN_POINT('',(2.228E+03,30.,80.));
#4266 = LINE('',#4267,#4268);
#4267 = CARTESIAN_POINT('',(2.228E+03,30.,0.));
#4268 = VECTOR('',#4269,1.);
#4269 = DIRECTION('',(0.,0.,1.));
#4270 = ORIENTED_EDGE('',*,*,#4271,.T.);
#4271 = EDGE_CURVE('',#4262,#4272,#4274,.T.);
#4272 = VERTEX_POINT('',#4273);
#4273 = CARTESIAN_POINT('',(2.228E+03,70.,0.));
#4274 = LINE('',#4275,#4276);
#4275 = CARTESIAN_POINT('',(2.228E+03,30.,0.));
#4276 = VECTOR('',#4277,1.);
#4277 = DIRECTION('',(0.,1.,0.));
#4278 = ORIENTED_EDGE('',*,*,#4279,.T.);
#4279 = EDGE_CURVE('',#4272,#4280,#4282,.T.);
#4280 = VERTEX_POINT('',#4281);
#4281 = CARTESIAN_POINT('',(2.228E+03,70.,80.));
#4282 = LINE('',#4283,#4284);
#4283 = CARTESIAN_POINT('',(2.228E+03,70.,0.));
#4284 = VECTOR('',#4285,1.);
#4285 = DIRECTION('',(0.,0.,1.));
#4286 = ORIENTED_EDGE('',*,*,#4287,.F.);
#4287 = EDGE_CURVE('',#4264,#4280,#4288,.T.);
#4288 = LINE('',#4289,#4290);
#4289 = CARTESIAN_POINT('',(2.228E+03,30.,80.));
#4290 = VECTOR('',#4291,1.);
#4291 = DIRECTION('',(0.,1.,0.));
#4292 = PLANE('',#4293);
#4293 = AXIS2_PLACEMENT_3D('',#4294,#4295,#4296);
#4294 = CARTESIAN_POINT('',(2.228E+03,30.,0.));
#4295 = DIRECTION('',(1.,0.,0.));
#4296 = DIRECTION('',(0.,0.,1.));
#4297 = ADVANCED_FACE('',(#4298),#4314,.F.);
#4298 = FACE_BOUND('',#4299,.F.);
#4299 = EDGE_LOOP('',(#4300,#4306,#4307,#4313));
#4300 = ORIENTED_EDGE('',*,*,#4301,.F.);
#4301 = EDGE_CURVE('',#4222,#4262,#4302,.T.);
#4302 = LINE('',#4303,#4304);
#4303 = CARTESIAN_POINT('',(2.188E+03,30.,0.));
#4304 = VECTOR('',#4305,1.);
#4305 = DIRECTION('',(1.,0.,0.));
#4306 = ORIENTED_EDGE('',*,*,#4221,.T.);
#4307 = ORIENTED_EDGE('',*,*,#4308,.T.);
#4308 = EDGE_CURVE('',#4224,#4264,#4309,.T.);
#4309 = LINE('',#4310,#4311);
#4310 = CARTESIAN_POINT('',(2.188E+03,30.,80.));
#4311 = VECTOR('',#4312,1.);
#4312 = DIRECTION('',(1.,0.,0.));
#4313 = ORIENTED_EDGE('',*,*,#4261,.F.);
#4314 = PLANE('',#4315);
#4315 = AXIS2_PLACEMENT_3D('',#4316,#4317,#4318);
#4316 = CARTESIAN_POINT('',(2.188E+03,30.,0.));
#4317 = DIRECTION('',(0.,1.,0.));
#4318 = DIRECTION('',(0.,0.,1.));
#4319 = ADVANCED_FACE('',(#4320),#4336,.T.);
#4320 = FACE_BOUND('',#4321,.T.);
#4321 = EDGE_LOOP('',(#4322,#4328,#4329,#4335));
#4322 = ORIENTED_EDGE('',*,*,#4323,.F.);
#4323 = EDGE_CURVE('',#4232,#4272,#4324,.T.);
#4324 = LINE('',#4325,#4326);
#4325 = CARTESIAN_POINT('',(2.188E+03,70.,0.));
#4326 = VECTOR('',#4327,1.);
#4327 = DIRECTION('',(1.,0.,0.));
#4328 = ORIENTED_EDGE('',*,*,#4239,.T.);
#4329 = ORIENTED_EDGE('',*,*,#4330,.T.);
#4330 = EDGE_CURVE('',#4240,#4280,#4331,.T.);
#4331 = LINE('',#4332,#4333);
#4332 = CARTESIAN_POINT('',(2.188E+03,70.,80.));
#4333 = VECTOR('',#4334,1.);
#4334 = DIRECTION('',(1.,0.,0.));
#4335 = ORIENTED_EDGE('',*,*,#4279,.F.);
#4336 = PLANE('',#4337);
#4337 = AXIS2_PLACEMENT_3D('',#4338,#4339,#4340);
#4338 = CARTESIAN_POINT('',(2.188E+03,70.,0.));
#4339 = DIRECTION('',(0.,1.,0.));
#4340 = DIRECTION('',(0.,0.,1.));
#4341 = ADVANCED_FACE('',(#4342),#4348,.F.);
#4342 = FACE_BOUND('',#4343,.F.);
#4343 = EDGE_LOOP('',(#4344,#4345,#4346,#4347));
#4344 = ORIENTED_EDGE('',*,*,#4231,.F.);
#4345 = ORIENTED_EDGE('',*,*,#4301,.T.);
#4346 = ORIENTED_EDGE('',*,*,#4271,.T.);
#4347 = ORIENTED_EDGE('',*,*,#4323,.F.);
#4348 = PLANE('',#4349);
#4349 = AXIS2_PLACEMENT_3D('',#4350,#4351,#4352);
#4350 = CARTESIAN_POINT('',(2.188E+03,30.,0.));
#4351 = DIRECTION('',(0.,0.,1.));
#4352 = DIRECTION('',(1.,0.,0.));
#4353 = ADVANCED_FACE('',(#4354),#4360,.T.);
#4354 = FACE_BOUND('',#4355,.T.);
#4355 = EDGE_LOOP('',(#4356,#4357,#4358,#4359));
#4356 = ORIENTED_EDGE('',*,*,#4247,.F.);
#4357 = ORIENTED_EDGE('',*,*,#4308,.T.);
#4358 = ORIENTED_EDGE('',*,*,#4287,.T.);
#4359 = ORIENTED_EDGE('',*,*,#4330,.F.);
#4360 = PLANE('',#4361);
#4361 = AXIS2_PLACEMENT_3D('',#4362,#4363,#4364);
#4362 = CARTESIAN_POINT('',(2.188E+03,30.,80.));
#4363 = DIRECTION('',(0.,0.,1.));
#4364 = DIRECTION('',(1.,0.,0.));
#4365 = MANIFOLD_SOLID_BREP('',#4366);
#4366 = CLOSED_SHELL('',(#4367,#4407,#4447,#4469,#4491,#4503));
#4367 = ADVANCED_FACE('',(#4368),#4402,.F.);
#4368 = FACE_BOUND('',#4369,.F.);
#4369 = EDGE_LOOP('',(#4370,#4380,#4388,#4396));
#4370 = ORIENTED_EDGE('',*,*,#4371,.F.);
#4371 = EDGE_CURVE('',#4372,#4374,#4376,.T.);
#4372 = VERTEX_POINT('',#4373);
#4373 = CARTESIAN_POINT('',(933.,530.,0.));
#4374 = VERTEX_POINT('',#4375);
#4375 = CARTESIAN_POINT('',(933.,530.,80.));
#4376 = LINE('',#4377,#4378);
#4377 = CARTESIAN_POINT('',(933.,530.,0.));
#4378 = VECTOR('',#4379,1.);
#4379 = DIRECTION('',(0.,0.,1.));
#4380 = ORIENTED_EDGE('',*,*,#4381,.T.);
#4381 = EDGE_CURVE('',#4372,#4382,#4384,.T.);
#4382 = VERTEX_POINT('',#4383);
#4383 = CARTESIAN_POINT('',(933.,570.,0.));
#4384 = LINE('',#4385,#4386);
#4385 = CARTESIAN_POINT('',(933.,530.,0.));
#4386 = VECTOR('',#4387,1.);
#4387 = DIRECTION('',(0.,1.,0.));
#4388 = ORIENTED_EDGE('',*,*,#4389,.T.);
#4389 = EDGE_CURVE('',#4382,#4390,#4392,.T.);
#4390 = VERTEX_POINT('',#4391);
#4391 = CARTESIAN_POINT('',(933.,570.,80.));
#4392 = LINE('',#4393,#4394);
#4393 = CARTESIAN_POINT('',(933.,570.,0.));
#4394 = VECTOR('',#4395,1.);
#4395 = DIRECTION('',(0.,0.,1.));
#4396 = ORIENTED_EDGE('',*,*,#4397,.F.);
#4397 = EDGE_CURVE('',#4374,#4390,#4398,.T.);
#4398 = LINE('',#4399,#4400);
#4399 = CARTESIAN_POINT('',(933.,530.,80.));
#4400 = VECTOR('',#4401,1.);
#4401 = DIRECTION('',(0.,1.,0.));
#4402 = PLANE('',#4403);
#4403 = AXIS2_PLACEMENT_3D('',#4404,#4405,#4406);
#4404 = CARTESIAN_POINT('',(933.,530.,0.));
#4405 = DIRECTION('',(1.,0.,0.));
#4406 = DIRECTION('',(0.,0.,1.));
#4407 = ADVANCED_FACE('',(#4408),#4442,.T.);
#4408 = FACE_BOUND('',#4409,.T.);
#4409 = EDGE_LOOP('',(#4410,#4420,#4428,#4436));
#4410 = ORIENTED_EDGE('',*,*,#4411,.F.);
#4411 = EDGE_CURVE('',#4412,#4414,#4416,.T.);
#4412 = VERTEX_POINT('',#4413);
#4413 = CARTESIAN_POINT('',(973.,530.,0.));
#4414 = VERTEX_POINT('',#4415);
#4415 = CARTESIAN_POINT('',(973.,530.,80.));
#4416 = LINE('',#4417,#4418);
#4417 = CARTESIAN_POINT('',(973.,530.,0.));
#4418 = VECTOR('',#4419,1.);
#4419 = DIRECTION('',(0.,0.,1.));
#4420 = ORIENTED_EDGE('',*,*,#4421,.T.);
#4421 = EDGE_CURVE('',#4412,#4422,#4424,.T.);
#4422 = VERTEX_POINT('',#4423);
#4423 = CARTESIAN_POINT('',(973.,570.,0.));
#4424 = LINE('',#4425,#4426);
#4425 = CARTESIAN_POINT('',(973.,530.,0.));
#4426 = VECTOR('',#4427,1.);
#4427 = DIRECTION('',(0.,1.,0.));
#4428 = ORIENTED_EDGE('',*,*,#4429,.T.);
#4429 = EDGE_CURVE('',#4422,#4430,#4432,.T.);
#4430 = VERTEX_POINT('',#4431);
#4431 = CARTESIAN_POINT('',(973.,570.,80.));
#4432 = LINE('',#4433,#4434);
#4433 = CARTESIAN_POINT('',(973.,570.,0.));
#4434 = VECTOR('',#4435,1.);
#4435 = DIRECTION('',(0.,0.,1.));
#4436 = ORIENTED_EDGE('',*,*,#4437,.F.);
#4437 = EDGE_CURVE('',#4414,#4430,#4438,.T.);
#4438 = LINE('',#4439,#4440);
#4439 = CARTESIAN_POINT('',(973.,530.,80.));
#4440 = VECTOR('',#4441,1.);
#4441 = DIRECTION('',(0.,1.,0.));
#4442 = PLANE('',#4443);
#4443 = AXIS2_PLACEMENT_3D('',#4444,#4445,#4446);
#4444 = CARTESIAN_POINT('',(973.,530.,0.));
#4445 = DIRECTION('',(1.,0.,0.));
#4446 = DIRECTION('',(0.,0.,1.));
#4447 = ADVANCED_FACE('',(#4448),#4464,.F.);
#4448 = FACE_BOUND('',#4449,.F.);
#4449 = EDGE_LOOP('',(#4450,#4456,#4457,#4463));
#4450 = ORIENTED_EDGE('',*,*,#4451,.F.);
#4451 = EDGE_CURVE('',#4372,#4412,#4452,.T.);
#4452 = LINE('',#4453,#4454);
#4453 = CARTESIAN_POINT('',(933.,530.,0.));
#4454 = VECTOR('',#4455,1.);
#4455 = DIRECTION('',(1.,0.,0.));
#4456 = ORIENTED_EDGE('',*,*,#4371,.T.);
#4457 = ORIENTED_EDGE('',*,*,#4458,.T.);
#4458 = EDGE_CURVE('',#4374,#4414,#4459,.T.);
#4459 = LINE('',#4460,#4461);
#4460 = CARTESIAN_POINT('',(933.,530.,80.));
#4461 = VECTOR('',#4462,1.);
#4462 = DIRECTION('',(1.,0.,0.));
#4463 = ORIENTED_EDGE('',*,*,#4411,.F.);
#4464 = PLANE('',#4465);
#4465 = AXIS2_PLACEMENT_3D('',#4466,#4467,#4468);
#4466 = CARTESIAN_POINT('',(933.,530.,0.));
#4467 = DIRECTION('',(0.,1.,0.));
#4468 = DIRECTION('',(0.,0.,1.));
#4469 = ADVANCED_FACE('',(#4470),#4486,.T.);
#4470 = FACE_BOUND('',#4471,.T.);
#4471 = EDGE_LOOP('',(#4472,#4478,#4479,#4485));
#4472 = ORIENTED_EDGE('',*,*,#4473,.F.);
#4473 = EDGE_CURVE('',#4382,#4422,#4474,.T.);
#4474 = LINE('',#4475,#4476);
#4475 = CARTESIAN_POINT('',(933.,570.,0.));
#4476 = VECTOR('',#4477,1.);
#4477 = DIRECTION('',(1.,0.,0.));
#4478 = ORIENTED_EDGE('',*,*,#4389,.T.);
#4479 = ORIENTED_EDGE('',*,*,#4480,.T.);
#4480 = EDGE_CURVE('',#4390,#4430,#4481,.T.);
#4481 = LINE('',#4482,#4483);
#4482 = CARTESIAN_POINT('',(933.,570.,80.));
#4483 = VECTOR('',#4484,1.);
#4484 = DIRECTION('',(1.,0.,0.));
#4485 = ORIENTED_EDGE('',*,*,#4429,.F.);
#4486 = PLANE('',#4487);
#4487 = AXIS2_PLACEMENT_3D('',#4488,#4489,#4490);
#4488 = CARTESIAN_POINT('',(933.,570.,0.));
#4489 = DIRECTION('',(0.,1.,0.));
#4490 = DIRECTION('',(0.,0.,1.));
#4491 = ADVANCED_FACE('',(#4492),#4498,.F.);
#4492 = FACE_BOUND('',#4493,.F.);
#4493 = EDGE_LOOP('',(#4494,#4495,#4496,#4497));
#4494 = ORIENTED_EDGE('',*,*,#4381,.F.);
#4495 = ORIENTED_EDGE('',*,*,#4451,.T.);
#4496 = ORIENTED_EDGE('',*,*,#4421,.T.);
#4497 = ORIENTED_EDGE('',*,*,#4473,.F.);
#4498 = PLANE('',#4499);
#4499 = AXIS2_PLACEMENT_3D('',#4500,#4501,#4502);
#4500 = CARTESIAN_POINT('',(933.,530.,0.));
#4501 = DIRECTION('',(0.,0.,1.));
#4502 = DIRECTION('',(1.,0.,0.));
#4503 = ADVANCED_FACE('',(#4504),#4510,.T.);
#4504 = FACE_BOUND('',#4505,.T.);
#4505 = EDGE_LOOP('',(#4506,#4507,#4508,#4509));
#4506 = ORIENTED_EDGE('',*,*,#4397,.F.);
#4507 = ORIENTED_EDGE('',*,*,#4458,.T.);
#4508 = ORIENTED_EDGE('',*,*,#4437,.T.);
#4509 = ORIENTED_EDGE('',*,*,#4480,.F.);
#4510 = PLANE('',#4511);
#4511 = AXIS2_PLACEMENT_3D('',#4512,#4513,#4514);
#4512 = CARTESIAN_POINT('',(933.,530.,80.));
#4513 = DIRECTION('',(0.,0.,1.));
#4514 = DIRECTION('',(1.,0.,0.));
#4515 = MANIFOLD_SOLID_BREP('',#4516);
#4516 = CLOSED_SHELL('',(#4517,#4557,#4597,#4619,#4641,#4653));
#4517 = ADVANCED_FACE('',(#4518),#4552,.F.);
#4518 = FACE_BOUND('',#4519,.F.);
#4519 = EDGE_LOOP('',(#4520,#4530,#4538,#4546));
#4520 = ORIENTED_EDGE('',*,*,#4521,.F.);
#4521 = EDGE_CURVE('',#4522,#4524,#4526,.T.);
#4522 = VERTEX_POINT('',#4523);
#4523 = CARTESIAN_POINT('',(2.188E+03,530.,0.));
#4524 = VERTEX_POINT('',#4525);
#4525 = CARTESIAN_POINT('',(2.188E+03,530.,80.));
#4526 = LINE('',#4527,#4528);
#4527 = CARTESIAN_POINT('',(2.188E+03,530.,0.));
#4528 = VECTOR('',#4529,1.);
#4529 = DIRECTION('',(0.,0.,1.));
#4530 = ORIENTED_EDGE('',*,*,#4531,.T.);
#4531 = EDGE_CURVE('',#4522,#4532,#4534,.T.);
#4532 = VERTEX_POINT('',#4533);
#4533 = CARTESIAN_POINT('',(2.188E+03,570.,0.));
#4534 = LINE('',#4535,#4536);
#4535 = CARTESIAN_POINT('',(2.188E+03,530.,0.));
#4536 = VECTOR('',#4537,1.);
#4537 = DIRECTION('',(0.,1.,0.));
#4538 = ORIENTED_EDGE('',*,*,#4539,.T.);
#4539 = EDGE_CURVE('',#4532,#4540,#4542,.T.);
#4540 = VERTEX_POINT('',#4541);
#4541 = CARTESIAN_POINT('',(2.188E+03,570.,80.));
#4542 = LINE('',#4543,#4544);
#4543 = CARTESIAN_POINT('',(2.188E+03,570.,0.));
#4544 = VECTOR('',#4545,1.);
#4545 = DIRECTION('',(0.,0.,1.));
#4546 = ORIENTED_EDGE('',*,*,#4547,.F.);
#4547 = EDGE_CURVE('',#4524,#4540,#4548,.T.);
#4548 = LINE('',#4549,#4550);
#4549 = CARTESIAN_POINT('',(2.188E+03,530.,80.));
#4550 = VECTOR('',#4551,1.);
#4551 = DIRECTION('',(0.,1.,0.));
#4552 = PLANE('',#4553);
#4553 = AXIS2_PLACEMENT_3D('',#4554,#4555,#4556);
#4554 = CARTESIAN_POINT('',(2.188E+03,530.,0.));
#4555 = DIRECTION('',(1.,0.,0.));
#4556 = DIRECTION('',(0.,0.,1.));
#4557 = ADVANCED_FACE('',(#4558),#4592,.T.);
#4558 = FACE_BOUND('',#4559,.T.);
#4559 = EDGE_LOOP('',(#4560,#4570,#4578,#4586));
#4560 = ORIENTED_EDGE('',*,*,#4561,.F.);
#4561 = EDGE_CURVE('',#4562,#4564,#4566,.T.);
#4562 = VERTEX_POINT('',#4563);
#4563 = CARTESIAN_POINT('',(2.228E+03,530.,0.));
#4564 = VERTEX_POINT('',#4565);
#4565 = CARTESIAN_POINT('',(2.228E+03,530.,80.));
#4566 = LINE('',#4567,#4568);
#4567 = CARTESIAN_POINT('',(2.228E+03,530.,0.));
#4568 = VECTOR('',#4569,1.);
#4569 = DIRECTION('',(0.,0.,1.));
#4570 = ORIENTED_EDGE('',*,*,#4571,.T.);
#4571 = EDGE_CURVE('',#4562,#4572,#4574,.T.);
#4572 = VERTEX_POINT('',#4573);
#4573 = CARTESIAN_POINT('',(2.228E+03,570.,0.));
#4574 = LINE('',#4575,#4576);
#4575 = CARTESIAN_POINT('',(2.228E+03,530.,0.));
#4576 = VECTOR('',#4577,1.);
#4577 = DIRECTION('',(0.,1.,0.));
#4578 = ORIENTED_EDGE('',*,*,#4579,.T.);
#4579 = EDGE_CURVE('',#4572,#4580,#4582,.T.);
#4580 = VERTEX_POINT('',#4581);
#4581 = CARTESIAN_POINT('',(2.228E+03,570.,80.));
#4582 = LINE('',#4583,#4584);
#4583 = CARTESIAN_POINT('',(2.228E+03,570.,0.));
#4584 = VECTOR('',#4585,1.);
#4585 = DIRECTION('',(0.,0.,1.));
#4586 = ORIENTED_EDGE('',*,*,#4587,.F.);
#4587 = EDGE_CURVE('',#4564,#4580,#4588,.T.);
#4588 = LINE('',#4589,#4590);
#4589 = CARTESIAN_POINT('',(2.228E+03,530.,80.));
#4590 = VECTOR('',#4591,1.);
#4591 = DIRECTION('',(0.,1.,0.));
#4592 = PLANE('',#4593);
#4593 = AXIS2_PLACEMENT_3D('',#4594,#4595,#4596);
#4594 = CARTESIAN_POINT('',(2.228E+03,530.,0.));
#4595 = DIRECTION('',(1.,0.,0.));
#4596 = DIRECTION('',(0.,0.,1.));
#4597 = ADVANCED_FACE('',(#4598),#4614,.F.);
#4598 = FACE_BOUND('',#4599,.F.);
#4599 = EDGE_LOOP('',(#4600,#4606,#4607,#4613));
#4600 = ORIENTED_EDGE('',*,*,#4601,.F.);
#4601 = EDGE_CURVE('',#4522,#4562,#4602,.T.);
#4602 = LINE('',#4603,#4604);
#4603 = CARTESIAN_POINT('',(2.188E+03,530.,0.));
#4604 = VECTOR('',#4605,1.);
#4605 = DIRECTION('',(1.,0.,0.));
#4606 = ORIENTED_EDGE('',*,*,#4521,.T.);
#4607 = ORIENTED_EDGE('',*,*,#4608,.T.);
#4608 = EDGE_CURVE('',#4524,#4564,#4609,.T.);
#4609 = LINE('',#4610,#4611);
#4610 = CARTESIAN_POINT('',(2.188E+03,530.,80.));
#4611 = VECTOR('',#4612,1.);
#4612 = DIRECTION('',(1.,0.,0.));
#4613 = ORIENTED_EDGE('',*,*,#4561,.F.);
#4614 = PLANE('',#4615);
#4615 = AXIS2_PLACEMENT_3D('',#4616,#4617,#4618);
#4616 = CARTESIAN_POINT('',(2.188E+03,530.,0.));
#4617 = DIRECTION('',(0.,1.,0.));
#4618 = DIRECTION('',(0.,0.,1.));
#4619 = ADVANCED_FACE('',(#4620),#4636,.T.);
#4620 = FACE_BOUND('',#4621,.T.);
#4621 = EDGE_LOOP('',(#4622,#4628,#4629,#4635));
#4622 = ORIENTED_EDGE('',*,*,#4623,.F.);
#4623 = EDGE_CURVE('',#4532,#4572,#4624,.T.);
#4624 = LINE('',#4625,#4626);
#4625 = CARTESIAN_POINT('',(2.188E+03,570.,0.));
#4626 = VECTOR('',#4627,1.);
#4627 = DIRECTION('',(1.,0.,0.));
#4628 = ORIENTED_EDGE('',*,*,#4539,.T.);
#4629 = ORIENTED_EDGE('',*,*,#4630,.T.);
#4630 = EDGE_CURVE('',#4540,#4580,#4631,.T.);
#4631 = LINE('',#4632,#4633);
#4632 = CARTESIAN_POINT('',(2.188E+03,570.,80.));
#4633 = VECTOR('',#4634,1.);
#4634 = DIRECTION('',(1.,0.,0.));
#4635 = ORIENTED_EDGE('',*,*,#4579,.F.);
#4636 = PLANE('',#4637);
#4637 = AXIS2_PLACEMENT_3D('',#4638,#4639,#4640);
#4638 = CARTESIAN_POINT('',(2.188E+03,570.,0.));
#4639 = DIRECTION('',(0.,1.,0.));
#4640 = DIRECTION('',(0.,0.,1.));
#4641 = ADVANCED_FACE('',(#4642),#4648,.F.);
#4642 = FACE_BOUND('',#4643,.F.);
#4643 = EDGE_LOOP('',(#4644,#4645,#4646,#4647));
#4644 = ORIENTED_EDGE('',*,*,#4531,.F.);
#4645 = ORIENTED_EDGE('',*,*,#4601,.T.);
#4646 = ORIENTED_EDGE('',*,*,#4571,.T.);
#4647 = ORIENTED_EDGE('',*,*,#4623,.F.);
#4648 = PLANE('',#4649);
#4649 = AXIS2_PLACEMENT_3D('',#4650,#4651,#4652);
#4650 = CARTESIAN_POINT('',(2.188E+03,530.,0.));
#4651 = DIRECTION('',(0.,0.,1.));
#4652 = DIRECTION('',(1.,0.,0.));
#4653 = ADVANCED_FACE('',(#4654),#4660,.T.);
#4654 = FACE_BOUND('',#4655,.T.);
#4655 = EDGE_LOOP('',(#4656,#4657,#4658,#4659));
#4656 = ORIENTED_EDGE('',*,*,#4547,.F.);
#4657 = ORIENTED_EDGE('',*,*,#4608,.T.);
#4658 = ORIENTED_EDGE('',*,*,#4587,.T.);
#4659 = ORIENTED_EDGE('',*,*,#4630,.F.);
#4660 = PLANE('',#4661);
#4661 = AXIS2_PLACEMENT_3D('',#4662,#4663,#4664);
#4662 = CARTESIAN_POINT('',(2.188E+03,530.,80.));
#4663 = DIRECTION('',(0.,0.,1.));
#4664 = DIRECTION('',(1.,0.,0.));
#4665 = MANIFOLD_SOLID_BREP('',#4666);
#4666 = CLOSED_SHELL('',(#4667,#4707,#4747,#4769,#4791,#4803));
#4667 = ADVANCED_FACE('',(#4668),#4702,.F.);
#4668 = FACE_BOUND('',#4669,.F.);
#4669 = EDGE_LOOP('',(#4670,#4680,#4688,#4696));
#4670 = ORIENTED_EDGE('',*,*,#4671,.F.);
#4671 = EDGE_CURVE('',#4672,#4674,#4676,.T.);
#4672 = VERTEX_POINT('',#4673);
#4673 = CARTESIAN_POINT('',(921.,597.,98.));
#4674 = VERTEX_POINT('',#4675);
#4675 = CARTESIAN_POINT('',(921.,597.,870.));
#4676 = LINE('',#4677,#4678);
#4677 = CARTESIAN_POINT('',(921.,597.,98.));
#4678 = VECTOR('',#4679,1.);
#4679 = DIRECTION('',(0.,0.,1.));
#4680 = ORIENTED_EDGE('',*,*,#4681,.T.);
#4681 = EDGE_CURVE('',#4672,#4682,#4684,.T.);
#4682 = VERTEX_POINT('',#4683);
#4683 = CARTESIAN_POINT('',(921.,600.,98.));
#4684 = LINE('',#4685,#4686);
#4685 = CARTESIAN_POINT('',(921.,597.,98.));
#4686 = VECTOR('',#4687,1.);
#4687 = DIRECTION('',(0.,1.,0.));
#4688 = ORIENTED_EDGE('',*,*,#4689,.T.);
#4689 = EDGE_CURVE('',#4682,#4690,#4692,.T.);
#4690 = VERTEX_POINT('',#4691);
#4691 = CARTESIAN_POINT('',(921.,600.,870.));
#4692 = LINE('',#4693,#4694);
#4693 = CARTESIAN_POINT('',(921.,600.,98.));
#4694 = VECTOR('',#4695,1.);
#4695 = DIRECTION('',(0.,0.,1.));
#4696 = ORIENTED_EDGE('',*,*,#4697,.F.);
#4697 = EDGE_CURVE('',#4674,#4690,#4698,.T.);
#4698 = LINE('',#4699,#4700);
#4699 = CARTESIAN_POINT('',(921.,597.,870.));
#4700 = VECTOR('',#4701,1.);
#4701 = DIRECTION('',(0.,1.,0.));
#4702 = PLANE('',#4703);
#4703 = AXIS2_PLACEMENT_3D('',#4704,#4705,#4706);
#4704 = CARTESIAN_POINT('',(921.,597.,98.));
#4705 = DIRECTION('',(1.,0.,0.));
#4706 = DIRECTION('',(0.,0.,1.));
#4707 = ADVANCED_FACE('',(#4708),#4742,.T.);
#4708 = FACE_BOUND('',#4709,.T.);
#4709 = EDGE_LOOP('',(#4710,#4720,#4728,#4736));
#4710 = ORIENTED_EDGE('',*,*,#4711,.F.);
#4711 = EDGE_CURVE('',#4712,#4714,#4716,.T.);
#4712 = VERTEX_POINT('',#4713);
#4713 = CARTESIAN_POINT('',(2.24E+03,597.,98.));
#4714 = VERTEX_POINT('',#4715);
#4715 = CARTESIAN_POINT('',(2.24E+03,597.,870.));
#4716 = LINE('',#4717,#4718);
#4717 = CARTESIAN_POINT('',(2.24E+03,597.,98.));
#4718 = VECTOR('',#4719,1.);
#4719 = DIRECTION('',(0.,0.,1.));
#4720 = ORIENTED_EDGE('',*,*,#4721,.T.);
#4721 = EDGE_CURVE('',#4712,#4722,#4724,.T.);
#4722 = VERTEX_POINT('',#4723);
#4723 = CARTESIAN_POINT('',(2.24E+03,600.,98.));
#4724 = LINE('',#4725,#4726);
#4725 = CARTESIAN_POINT('',(2.24E+03,597.,98.));
#4726 = VECTOR('',#4727,1.);
#4727 = DIRECTION('',(0.,1.,0.));
#4728 = ORIENTED_EDGE('',*,*,#4729,.T.);
#4729 = EDGE_CURVE('',#4722,#4730,#4732,.T.);
#4730 = VERTEX_POINT('',#4731);
#4731 = CARTESIAN_POINT('',(2.24E+03,600.,870.));
#4732 = LINE('',#4733,#4734);
#4733 = CARTESIAN_POINT('',(2.24E+03,600.,98.));
#4734 = VECTOR('',#4735,1.);
#4735 = DIRECTION('',(0.,0.,1.));
#4736 = ORIENTED_EDGE('',*,*,#4737,.F.);
#4737 = EDGE_CURVE('',#4714,#4730,#4738,.T.);
#4738 = LINE('',#4739,#4740);
#4739 = CARTESIAN_POINT('',(2.24E+03,597.,870.));
#4740 = VECTOR('',#4741,1.);
#4741 = DIRECTION('',(0.,1.,0.));
#4742 = PLANE('',#4743);
#4743 = AXIS2_PLACEMENT_3D('',#4744,#4745,#4746);
#4744 = CARTESIAN_POINT('',(2.24E+03,597.,98.));
#4745 = DIRECTION('',(1.,0.,0.));
#4746 = DIRECTION('',(0.,0.,1.));
#4747 = ADVANCED_FACE('',(#4748),#4764,.F.);
#4748 = FACE_BOUND('',#4749,.F.);
#4749 = EDGE_LOOP('',(#4750,#4756,#4757,#4763));
#4750 = ORIENTED_EDGE('',*,*,#4751,.F.);
#4751 = EDGE_CURVE('',#4672,#4712,#4752,.T.);
#4752 = LINE('',#4753,#4754);
#4753 = CARTESIAN_POINT('',(921.,597.,98.));
#4754 = VECTOR('',#4755,1.);
#4755 = DIRECTION('',(1.,0.,0.));
#4756 = ORIENTED_EDGE('',*,*,#4671,.T.);
#4757 = ORIENTED_EDGE('',*,*,#4758,.T.);
#4758 = EDGE_CURVE('',#4674,#4714,#4759,.T.);
#4759 = LINE('',#4760,#4761);
#4760 = CARTESIAN_POINT('',(921.,597.,870.));
#4761 = VECTOR('',#4762,1.);
#4762 = DIRECTION('',(1.,0.,0.));
#4763 = ORIENTED_EDGE('',*,*,#4711,.F.);
#4764 = PLANE('',#4765);
#4765 = AXIS2_PLACEMENT_3D('',#4766,#4767,#4768);
#4766 = CARTESIAN_POINT('',(921.,597.,98.));
#4767 = DIRECTION('',(0.,1.,0.));
#4768 = DIRECTION('',(0.,0.,1.));
#4769 = ADVANCED_FACE('',(#4770),#4786,.T.);
#4770 = FACE_BOUND('',#4771,.T.);
#4771 = EDGE_LOOP('',(#4772,#4778,#4779,#4785));
#4772 = ORIENTED_EDGE('',*,*,#4773,.F.);
#4773 = EDGE_CURVE('',#4682,#4722,#4774,.T.);
#4774 = LINE('',#4775,#4776);
#4775 = CARTESIAN_POINT('',(921.,600.,98.));
#4776 = VECTOR('',#4777,1.);
#4777 = DIRECTION('',(1.,0.,0.));
#4778 = ORIENTED_EDGE('',*,*,#4689,.T.);
#4779 = ORIENTED_EDGE('',*,*,#4780,.T.);
#4780 = EDGE_CURVE('',#4690,#4730,#4781,.T.);
#4781 = LINE('',#4782,#4783);
#4782 = CARTESIAN_POINT('',(921.,600.,870.));
#4783 = VECTOR('',#4784,1.);
#4784 = DIRECTION('',(1.,0.,0.));
#4785 = ORIENTED_EDGE('',*,*,#4729,.F.);
#4786 = PLANE('',#4787);
#4787 = AXIS2_PLACEMENT_3D('',#4788,#4789,#4790);
#4788 = CARTESIAN_POINT('',(921.,600.,98.));
#4789 = DIRECTION('',(0.,1.,0.));
#4790 = DIRECTION('',(0.,0.,1.));
#4791 = ADVANCED_FACE('',(#4792),#4798,.F.);
#4792 = FACE_BOUND('',#4793,.F.);
#4793 = EDGE_LOOP('',(#4794,#4795,#4796,#4797));
#4794 = ORIENTED_EDGE('',*,*,#4681,.F.);
#4795 = ORIENTED_EDGE('',*,*,#4751,.T.);
#4796 = ORIENTED_EDGE('',*,*,#4721,.T.);
#4797 = ORIENTED_EDGE('',*,*,#4773,.F.);
#4798 = PLANE('',#4799);
#4799 = AXIS2_PLACEMENT_3D('',#4800,#4801,#4802);
#4800 = CARTESIAN_POINT('',(921.,597.,98.));
#4801 = DIRECTION('',(0.,0.,1.));
#4802 = DIRECTION('',(1.,0.,0.));
#4803 = ADVANCED_FACE('',(#4804),#4810,.T.);
#4804 = FACE_BOUND('',#4805,.T.);
#4805 = EDGE_LOOP('',(#4806,#4807,#4808,#4809));
#4806 = ORIENTED_EDGE('',*,*,#4697,.F.);
#4807 = ORIENTED_EDGE('',*,*,#4758,.T.);
#4808 = ORIENTED_EDGE('',*,*,#4737,.T.);
#4809 = ORIENTED_EDGE('',*,*,#4780,.F.);
#4810 = PLANE('',#4811);
#4811 = AXIS2_PLACEMENT_3D('',#4812,#4813,#4814);
#4812 = CARTESIAN_POINT('',(921.,597.,870.));
#4813 = DIRECTION('',(0.,0.,1.));
#4814 = DIRECTION('',(1.,0.,0.));
#4815 = MANIFOLD_SOLID_BREP('',#4816);
#4816 = CLOSED_SHELL('',(#4817,#4857,#4897,#4919,#4941,#4953));
#4817 = ADVANCED_FACE('',(#4818),#4852,.F.);
#4818 = FACE_BOUND('',#4819,.F.);
#4819 = EDGE_LOOP('',(#4820,#4830,#4838,#4846));
#4820 = ORIENTED_EDGE('',*,*,#4821,.F.);
#4821 = EDGE_CURVE('',#4822,#4824,#4826,.T.);
#4822 = VERTEX_POINT('',#4823);
#4823 = CARTESIAN_POINT('',(921.,0.,852.));
#4824 = VERTEX_POINT('',#4825);
#4825 = CARTESIAN_POINT('',(921.,0.,870.));
#4826 = LINE('',#4827,#4828);
#4827 = CARTESIAN_POINT('',(921.,0.,852.));
#4828 = VECTOR('',#4829,1.);
#4829 = DIRECTION('',(0.,0.,1.));
#4830 = ORIENTED_EDGE('',*,*,#4831,.T.);
#4831 = EDGE_CURVE('',#4822,#4832,#4834,.T.);
#4832 = VERTEX_POINT('',#4833);
#4833 = CARTESIAN_POINT('',(921.,100.,852.));
#4834 = LINE('',#4835,#4836);
#4835 = CARTESIAN_POINT('',(921.,0.,852.));
#4836 = VECTOR('',#4837,1.);
#4837 = DIRECTION('',(0.,1.,0.));
#4838 = ORIENTED_EDGE('',*,*,#4839,.T.);
#4839 = EDGE_CURVE('',#4832,#4840,#4842,.T.);
#4840 = VERTEX_POINT('',#4841);
#4841 = CARTESIAN_POINT('',(921.,100.,870.));
#4842 = LINE('',#4843,#4844);
#4843 = CARTESIAN_POINT('',(921.,100.,852.));
#4844 = VECTOR('',#4845,1.);
#4845 = DIRECTION('',(0.,0.,1.));
#4846 = ORIENTED_EDGE('',*,*,#4847,.F.);
#4847 = EDGE_CURVE('',#4824,#4840,#4848,.T.);
#4848 = LINE('',#4849,#4850);
#4849 = CARTESIAN_POINT('',(921.,0.,870.));
#4850 = VECTOR('',#4851,1.);
#4851 = DIRECTION('',(0.,1.,0.));
#4852 = PLANE('',#4853);
#4853 = AXIS2_PLACEMENT_3D('',#4854,#4855,#4856);
#4854 = CARTESIAN_POINT('',(921.,0.,852.));
#4855 = DIRECTION('',(1.,0.,0.));
#4856 = DIRECTION('',(0.,0.,1.));
#4857 = ADVANCED_FACE('',(#4858),#4892,.T.);
#4858 = FACE_BOUND('',#4859,.T.);
#4859 = EDGE_LOOP('',(#4860,#4870,#4878,#4886));
#4860 = ORIENTED_EDGE('',*,*,#4861,.F.);
#4861 = EDGE_CURVE('',#4862,#4864,#4866,.T.);
#4862 = VERTEX_POINT('',#4863);
#4863 = CARTESIAN_POINT('',(2.24E+03,0.,852.));
#4864 = VERTEX_POINT('',#4865);
#4865 = CARTESIAN_POINT('',(2.24E+03,0.,870.));
#4866 = LINE('',#4867,#4868);
#4867 = CARTESIAN_POINT('',(2.24E+03,0.,852.));
#4868 = VECTOR('',#4869,1.);
#4869 = DIRECTION('',(0.,0.,1.));
#4870 = ORIENTED_EDGE('',*,*,#4871,.T.);
#4871 = EDGE_CURVE('',#4862,#4872,#4874,.T.);
#4872 = VERTEX_POINT('',#4873);
#4873 = CARTESIAN_POINT('',(2.24E+03,100.,852.));
#4874 = LINE('',#4875,#4876);
#4875 = CARTESIAN_POINT('',(2.24E+03,0.,852.));
#4876 = VECTOR('',#4877,1.);
#4877 = DIRECTION('',(0.,1.,0.));
#4878 = ORIENTED_EDGE('',*,*,#4879,.T.);
#4879 = EDGE_CURVE('',#4872,#4880,#4882,.T.);
#4880 = VERTEX_POINT('',#4881);
#4881 = CARTESIAN_POINT('',(2.24E+03,100.,870.));
#4882 = LINE('',#4883,#4884);
#4883 = CARTESIAN_POINT('',(2.24E+03,100.,852.));
#4884 = VECTOR('',#4885,1.);
#4885 = DIRECTION('',(0.,0.,1.));
#4886 = ORIENTED_EDGE('',*,*,#4887,.F.);
#4887 = EDGE_CURVE('',#4864,#4880,#4888,.T.);
#4888 = LINE('',#4889,#4890);
#4889 = CARTESIAN_POINT('',(2.24E+03,0.,870.));
#4890 = VECTOR('',#4891,1.);
#4891 = DIRECTION('',(0.,1.,0.));
#4892 = PLANE('',#4893);
#4893 = AXIS2_PLACEMENT_3D('',#4894,#4895,#4896);
#4894 = CARTESIAN_POINT('',(2.24E+03,0.,852.));
#4895 = DIRECTION('',(1.,0.,0.));
#4896 = DIRECTION('',(0.,0.,1.));
#4897 = ADVANCED_FACE('',(#4898),#4914,.F.);
#4898 = FACE_BOUND('',#4899,.F.);
#4899 = EDGE_LOOP('',(#4900,#4906,#4907,#4913));
#4900 = ORIENTED_EDGE('',*,*,#4901,.F.);
#4901 = EDGE_CURVE('',#4822,#4862,#4902,.T.);
#4902 = LINE('',#4903,#4904);
#4903 = CARTESIAN_POINT('',(921.,0.,852.));
#4904 = VECTOR('',#4905,1.);
#4905 = DIRECTION('',(1.,0.,0.));
#4906 = ORIENTED_EDGE('',*,*,#4821,.T.);
#4907 = ORIENTED_EDGE('',*,*,#4908,.T.);
#4908 = EDGE_CURVE('',#4824,#4864,#4909,.T.);
#4909 = LINE('',#4910,#4911);
#4910 = CARTESIAN_POINT('',(921.,0.,870.));
#4911 = VECTOR('',#4912,1.);
#4912 = DIRECTION('',(1.,0.,0.));
#4913 = ORIENTED_EDGE('',*,*,#4861,.F.);
#4914 = PLANE('',#4915);
#4915 = AXIS2_PLACEMENT_3D('',#4916,#4917,#4918);
#4916 = CARTESIAN_POINT('',(921.,0.,852.));
#4917 = DIRECTION('',(0.,1.,0.));
#4918 = DIRECTION('',(0.,0.,1.));
#4919 = ADVANCED_FACE('',(#4920),#4936,.T.);
#4920 = FACE_BOUND('',#4921,.T.);
#4921 = EDGE_LOOP('',(#4922,#4928,#4929,#4935));
#4922 = ORIENTED_EDGE('',*,*,#4923,.F.);
#4923 = EDGE_CURVE('',#4832,#4872,#4924,.T.);
#4924 = LINE('',#4925,#4926);
#4925 = CARTESIAN_POINT('',(921.,100.,852.));
#4926 = VECTOR('',#4927,1.);
#4927 = DIRECTION('',(1.,0.,0.));
#4928 = ORIENTED_EDGE('',*,*,#4839,.T.);
#4929 = ORIENTED_EDGE('',*,*,#4930,.T.);
#4930 = EDGE_CURVE('',#4840,#4880,#4931,.T.);
#4931 = LINE('',#4932,#4933);
#4932 = CARTESIAN_POINT('',(921.,100.,870.));
#4933 = VECTOR('',#4934,1.);
#4934 = DIRECTION('',(1.,0.,0.));
#4935 = ORIENTED_EDGE('',*,*,#4879,.F.);
#4936 = PLANE('',#4937);
#4937 = AXIS2_PLACEMENT_3D('',#4938,#4939,#4940);
#4938 = CARTESIAN_POINT('',(921.,100.,852.));
#4939 = DIRECTION('',(0.,1.,0.));
#4940 = DIRECTION('',(0.,0.,1.));
#4941 = ADVANCED_FACE('',(#4942),#4948,.F.);
#4942 = FACE_BOUND('',#4943,.F.);
#4943 = EDGE_LOOP('',(#4944,#4945,#4946,#4947));
#4944 = ORIENTED_EDGE('',*,*,#4831,.F.);
#4945 = ORIENTED_EDGE('',*,*,#4901,.T.);
#4946 = ORIENTED_EDGE('',*,*,#4871,.T.);
#4947 = ORIENTED_EDGE('',*,*,#4923,.F.);
#4948 = PLANE('',#4949);
#4949 = AXIS2_PLACEMENT_3D('',#4950,#4951,#4952);
#4950 = CARTESIAN_POINT('',(921.,0.,852.));
#4951 = DIRECTION('',(0.,0.,1.));
#4952 = DIRECTION('',(1.,0.,0.));
#4953 = ADVANCED_FACE('',(#4954),#4960,.T.);
#4954 = FACE_BOUND('',#4955,.T.);
#4955 = EDGE_LOOP('',(#4956,#4957,#4958,#4959));
#4956 = ORIENTED_EDGE('',*,*,#4847,.F.);
#4957 = ORIENTED_EDGE('',*,*,#4908,.T.);
#4958 = ORIENTED_EDGE('',*,*,#4887,.T.);
#4959 = ORIENTED_EDGE('',*,*,#4930,.F.);
#4960 = PLANE('',#4961);
#4961 = AXIS2_PLACEMENT_3D('',#4962,#4963,#4964);
#4962 = CARTESIAN_POINT('',(921.,0.,870.));
#4963 = DIRECTION('',(0.,0.,1.));
#4964 = DIRECTION('',(1.,0.,0.));
#4965 = MANIFOLD_SOLID_BREP('',#4966);
#4966 = CLOSED_SHELL('',(#4967,#5007,#5047,#5069,#5091,#5103));
#4967 = ADVANCED_FACE('',(#4968),#5002,.F.);
#4968 = FACE_BOUND('',#4969,.F.);
#4969 = EDGE_LOOP('',(#4970,#4980,#4988,#4996));
#4970 = ORIENTED_EDGE('',*,*,#4971,.F.);
#4971 = EDGE_CURVE('',#4972,#4974,#4976,.T.);
#4972 = VERTEX_POINT('',#4973);
#4973 = CARTESIAN_POINT('',(921.,500.,852.));
#4974 = VERTEX_POINT('',#4975);
#4975 = CARTESIAN_POINT('',(921.,500.,870.));
#4976 = LINE('',#4977,#4978);
#4977 = CARTESIAN_POINT('',(921.,500.,852.));
#4978 = VECTOR('',#4979,1.);
#4979 = DIRECTION('',(0.,0.,1.));
#4980 = ORIENTED_EDGE('',*,*,#4981,.T.);
#4981 = EDGE_CURVE('',#4972,#4982,#4984,.T.);
#4982 = VERTEX_POINT('',#4983);
#4983 = CARTESIAN_POINT('',(921.,600.,852.));
#4984 = LINE('',#4985,#4986);
#4985 = CARTESIAN_POINT('',(921.,500.,852.));
#4986 = VECTOR('',#4987,1.);
#4987 = DIRECTION('',(0.,1.,0.));
#4988 = ORIENTED_EDGE('',*,*,#4989,.T.);
#4989 = EDGE_CURVE('',#4982,#4990,#4992,.T.);
#4990 = VERTEX_POINT('',#4991);
#4991 = CARTESIAN_POINT('',(921.,600.,870.));
#4992 = LINE('',#4993,#4994);
#4993 = CARTESIAN_POINT('',(921.,600.,852.));
#4994 = VECTOR('',#4995,1.);
#4995 = DIRECTION('',(0.,0.,1.));
#4996 = ORIENTED_EDGE('',*,*,#4997,.F.);
#4997 = EDGE_CURVE('',#4974,#4990,#4998,.T.);
#4998 = LINE('',#4999,#5000);
#4999 = CARTESIAN_POINT('',(921.,500.,870.));
#5000 = VECTOR('',#5001,1.);
#5001 = DIRECTION('',(0.,1.,0.));
#5002 = PLANE('',#5003);
#5003 = AXIS2_PLACEMENT_3D('',#5004,#5005,#5006);
#5004 = CARTESIAN_POINT('',(921.,500.,852.));
#5005 = DIRECTION('',(1.,0.,0.));
#5006 = DIRECTION('',(0.,0.,1.));
#5007 = ADVANCED_FACE('',(#5008),#5042,.T.);
#5008 = FACE_BOUND('',#5009,.T.);
#5009 = EDGE_LOOP('',(#5010,#5020,#5028,#5036));
#5010 = ORIENTED_EDGE('',*,*,#5011,.F.);
#5011 = EDGE_CURVE('',#5012,#5014,#5016,.T.);
#5012 = VERTEX_POINT('',#5013);
#5013 = CARTESIAN_POINT('',(2.24E+03,500.,852.));
#5014 = VERTEX_POINT('',#5015);
#5015 = CARTESIAN_POINT('',(2.24E+03,500.,870.));
#5016 = LINE('',#5017,#5018);
#5017 = CARTESIAN_POINT('',(2.24E+03,500.,852.));
#5018 = VECTOR('',#5019,1.);
#5019 = DIRECTION('',(0.,0.,1.));
#5020 = ORIENTED_EDGE('',*,*,#5021,.T.);
#5021 = EDGE_CURVE('',#5012,#5022,#5024,.T.);
#5022 = VERTEX_POINT('',#5023);
#5023 = CARTESIAN_POINT('',(2.24E+03,600.,852.));
#5024 = LINE('',#5025,#5026);
#5025 = CARTESIAN_POINT('',(2.24E+03,500.,852.));
#5026 = VECTOR('',#5027,1.);
#5027 = DIRECTION('',(0.,1.,0.));
#5028 = ORIENTED_EDGE('',*,*,#5029,.T.);
#5029 = EDGE_CURVE('',#5022,#5030,#5032,.T.);
#5030 = VERTEX_POINT('',#5031);
#5031 = CARTESIAN_POINT('',(2.24E+03,600.,870.));
#5032 = LINE('',#5033,#5034);
#5033 = CARTESIAN_POINT('',(2.24E+03,600.,852.));
#5034 = VECTOR('',#5035,1.);
#5035 = DIRECTION('',(0.,0.,1.));
#5036 = ORIENTED_EDGE('',*,*,#5037,.F.);
#5037 = EDGE_CURVE('',#5014,#5030,#5038,.T.);
#5038 = LINE('',#5039,#5040);
#5039 = CARTESIAN_POINT('',(2.24E+03,500.,870.));
#5040 = VECTOR('',#5041,1.);
#5041 = DIRECTION('',(0.,1.,0.));
#5042 = PLANE('',#5043);
#5043 = AXIS2_PLACEMENT_3D('',#5044,#5045,#5046);
#5044 = CARTESIAN_POINT('',(2.24E+03,500.,852.));
#5045 = DIRECTION('',(1.,0.,0.));
#5046 = DIRECTION('',(0.,0.,1.));
#5047 = ADVANCED_FACE('',(#5048),#5064,.F.);
#5048 = FACE_BOUND('',#5049,.F.);
#5049 = EDGE_LOOP('',(#5050,#5056,#5057,#5063));
#5050 = ORIENTED_EDGE('',*,*,#5051,.F.);
#5051 = EDGE_CURVE('',#4972,#5012,#5052,.T.);
#5052 = LINE('',#5053,#5054);
#5053 = CARTESIAN_POINT('',(921.,500.,852.));
#5054 = VECTOR('',#5055,1.);
#5055 = DIRECTION('',(1.,0.,0.));
#5056 = ORIENTED_EDGE('',*,*,#4971,.T.);
#5057 = ORIENTED_EDGE('',*,*,#5058,.T.);
#5058 = EDGE_CURVE('',#4974,#5014,#5059,.T.);
#5059 = LINE('',#5060,#5061);
#5060 = CARTESIAN_POINT('',(921.,500.,870.));
#5061 = VECTOR('',#5062,1.);
#5062 = DIRECTION('',(1.,0.,0.));
#5063 = ORIENTED_EDGE('',*,*,#5011,.F.);
#5064 = PLANE('',#5065);
#5065 = AXIS2_PLACEMENT_3D('',#5066,#5067,#5068);
#5066 = CARTESIAN_POINT('',(921.,500.,852.));
#5067 = DIRECTION('',(0.,1.,0.));
#5068 = DIRECTION('',(0.,0.,1.));
#5069 = ADVANCED_FACE('',(#5070),#5086,.T.);
#5070 = FACE_BOUND('',#5071,.T.);
#5071 = EDGE_LOOP('',(#5072,#5078,#5079,#5085));
#5072 = ORIENTED_EDGE('',*,*,#5073,.F.);
#5073 = EDGE_CURVE('',#4982,#5022,#5074,.T.);
#5074 = LINE('',#5075,#5076);
#5075 = CARTESIAN_POINT('',(921.,600.,852.));
#5076 = VECTOR('',#5077,1.);
#5077 = DIRECTION('',(1.,0.,0.));
#5078 = ORIENTED_EDGE('',*,*,#4989,.T.);
#5079 = ORIENTED_EDGE('',*,*,#5080,.T.);
#5080 = EDGE_CURVE('',#4990,#5030,#5081,.T.);
#5081 = LINE('',#5082,#5083);
#5082 = CARTESIAN_POINT('',(921.,600.,870.));
#5083 = VECTOR('',#5084,1.);
#5084 = DIRECTION('',(1.,0.,0.));
#5085 = ORIENTED_EDGE('',*,*,#5029,.F.);
#5086 = PLANE('',#5087);
#5087 = AXIS2_PLACEMENT_3D('',#5088,#5089,#5090);
#5088 = CARTESIAN_POINT('',(921.,600.,852.));
#5089 = DIRECTION('',(0.,1.,0.));
#5090 = DIRECTION('',(0.,0.,1.));
#5091 = ADVANCED_FACE('',(#5092),#5098,.F.);
#5092 = FACE_BOUND('',#5093,.F.);
#5093 = EDGE_LOOP('',(#5094,#5095,#5096,#5097));
#5094 = ORIENTED_EDGE('',*,*,#4981,.F.);
#5095 = ORIENTED_EDGE('',*,*,#5051,.T.);
#5096 = ORIENTED_EDGE('',*,*,#5021,.T.);
#5097 = ORIENTED_EDGE('',*,*,#5073,.F.);
#5098 = PLANE('',#5099);
#5099 = AXIS2_PLACEMENT_3D('',#5100,#5101,#5102);
#5100 = CARTESIAN_POINT('',(921.,500.,852.));
#5101 = DIRECTION('',(0.,0.,1.));
#5102 = DIRECTION('',(1.,0.,0.));
#5103 = ADVANCED_FACE('',(#5104),#5110,.T.);
#5104 = FACE_BOUND('',#5105,.T.);
#5105 = EDGE_LOOP('',(#5106,#5107,#5108,#5109));
#5106 = ORIENTED_EDGE('',*,*,#4997,.F.);
#5107 = ORIENTED_EDGE('',*,*,#5058,.T.);
#5108 = ORIENTED_EDGE('',*,*,#5037,.T.);
#5109 = ORIENTED_EDGE('',*,*,#5080,.F.);
#5110 = PLANE('',#5111);
#5111 = AXIS2_PLACEMENT_3D('',#5112,#5113,#5114);
#5112 = CARTESIAN_POINT('',(921.,500.,870.));
#5113 = DIRECTION('',(0.,0.,1.));
#5114 = DIRECTION('',(1.,0.,0.));
#5115 = MANIFOLD_SOLID_BREP('',#5116);
#5116 = CLOSED_SHELL('',(#5117,#5157,#5197,#5219,#5241,#5253));
#5117 = ADVANCED_FACE('',(#5118),#5152,.F.);
#5118 = FACE_BOUND('',#5119,.F.);
#5119 = EDGE_LOOP('',(#5120,#5130,#5138,#5146));
#5120 = ORIENTED_EDGE('',*,*,#5121,.F.);
#5121 = EDGE_CURVE('',#5122,#5124,#5126,.T.);
#5122 = VERTEX_POINT('',#5123);
#5123 = CARTESIAN_POINT('',(1.5715E+03,0.,98.));
#5124 = VERTEX_POINT('',#5125);
#5125 = CARTESIAN_POINT('',(1.5715E+03,0.,870.));
#5126 = LINE('',#5127,#5128);
#5127 = CARTESIAN_POINT('',(1.5715E+03,0.,98.));
#5128 = VECTOR('',#5129,1.);
#5129 = DIRECTION('',(0.,0.,1.));
#5130 = ORIENTED_EDGE('',*,*,#5131,.T.);
#5131 = EDGE_CURVE('',#5122,#5132,#5134,.T.);
#5132 = VERTEX_POINT('',#5133);
#5133 = CARTESIAN_POINT('',(1.5715E+03,600.,98.));
#5134 = LINE('',#5135,#5136);
#5135 = CARTESIAN_POINT('',(1.5715E+03,0.,98.));
#5136 = VECTOR('',#5137,1.);
#5137 = DIRECTION('',(0.,1.,0.));
#5138 = ORIENTED_EDGE('',*,*,#5139,.T.);
#5139 = EDGE_CURVE('',#5132,#5140,#5142,.T.);
#5140 = VERTEX_POINT('',#5141);
#5141 = CARTESIAN_POINT('',(1.5715E+03,600.,870.));
#5142 = LINE('',#5143,#5144);
#5143 = CARTESIAN_POINT('',(1.5715E+03,600.,98.));
#5144 = VECTOR('',#5145,1.);
#5145 = DIRECTION('',(0.,0.,1.));
#5146 = ORIENTED_EDGE('',*,*,#5147,.F.);
#5147 = EDGE_CURVE('',#5124,#5140,#5148,.T.);
#5148 = LINE('',#5149,#5150);
#5149 = CARTESIAN_POINT('',(1.5715E+03,0.,870.));
#5150 = VECTOR('',#5151,1.);
#5151 = DIRECTION('',(0.,1.,0.));
#5152 = PLANE('',#5153);
#5153 = AXIS2_PLACEMENT_3D('',#5154,#5155,#5156);
#5154 = CARTESIAN_POINT('',(1.5715E+03,0.,98.));
#5155 = DIRECTION('',(1.,0.,0.));
#5156 = DIRECTION('',(0.,0.,1.));
#5157 = ADVANCED_FACE('',(#5158),#5192,.T.);
#5158 = FACE_BOUND('',#5159,.T.);
#5159 = EDGE_LOOP('',(#5160,#5170,#5178,#5186));
#5160 = ORIENTED_EDGE('',*,*,#5161,.F.);
#5161 = EDGE_CURVE('',#5162,#5164,#5166,.T.);
#5162 = VERTEX_POINT('',#5163);
#5163 = CARTESIAN_POINT('',(1.5895E+03,0.,98.));
#5164 = VERTEX_POINT('',#5165);
#5165 = CARTESIAN_POINT('',(1.5895E+03,0.,870.));
#5166 = LINE('',#5167,#5168);
#5167 = CARTESIAN_POINT('',(1.5895E+03,0.,98.));
#5168 = VECTOR('',#5169,1.);
#5169 = DIRECTION('',(0.,0.,1.));
#5170 = ORIENTED_EDGE('',*,*,#5171,.T.);
#5171 = EDGE_CURVE('',#5162,#5172,#5174,.T.);
#5172 = VERTEX_POINT('',#5173);
#5173 = CARTESIAN_POINT('',(1.5895E+03,600.,98.));
#5174 = LINE('',#5175,#5176);
#5175 = CARTESIAN_POINT('',(1.5895E+03,0.,98.));
#5176 = VECTOR('',#5177,1.);
#5177 = DIRECTION('',(0.,1.,0.));
#5178 = ORIENTED_EDGE('',*,*,#5179,.T.);
#5179 = EDGE_CURVE('',#5172,#5180,#5182,.T.);
#5180 = VERTEX_POINT('',#5181);
#5181 = CARTESIAN_POINT('',(1.5895E+03,600.,870.));
#5182 = LINE('',#5183,#5184);
#5183 = CARTESIAN_POINT('',(1.5895E+03,600.,98.));
#5184 = VECTOR('',#5185,1.);
#5185 = DIRECTION('',(0.,0.,1.));
#5186 = ORIENTED_EDGE('',*,*,#5187,.F.);
#5187 = EDGE_CURVE('',#5164,#5180,#5188,.T.);
#5188 = LINE('',#5189,#5190);
#5189 = CARTESIAN_POINT('',(1.5895E+03,0.,870.));
#5190 = VECTOR('',#5191,1.);
#5191 = DIRECTION('',(0.,1.,0.));
#5192 = PLANE('',#5193);
#5193 = AXIS2_PLACEMENT_3D('',#5194,#5195,#5196);
#5194 = CARTESIAN_POINT('',(1.5895E+03,0.,98.));
#5195 = DIRECTION('',(1.,0.,0.));
#5196 = DIRECTION('',(0.,0.,1.));
#5197 = ADVANCED_FACE('',(#5198),#5214,.F.);
#5198 = FACE_BOUND('',#5199,.F.);
#5199 = EDGE_LOOP('',(#5200,#5206,#5207,#5213));
#5200 = ORIENTED_EDGE('',*,*,#5201,.F.);
#5201 = EDGE_CURVE('',#5122,#5162,#5202,.T.);
#5202 = LINE('',#5203,#5204);
#5203 = CARTESIAN_POINT('',(1.5715E+03,0.,98.));
#5204 = VECTOR('',#5205,1.);
#5205 = DIRECTION('',(1.,0.,0.));
#5206 = ORIENTED_EDGE('',*,*,#5121,.T.);
#5207 = ORIENTED_EDGE('',*,*,#5208,.T.);
#5208 = EDGE_CURVE('',#5124,#5164,#5209,.T.);
#5209 = LINE('',#5210,#5211);
#5210 = CARTESIAN_POINT('',(1.5715E+03,0.,870.));
#5211 = VECTOR('',#5212,1.);
#5212 = DIRECTION('',(1.,0.,0.));
#5213 = ORIENTED_EDGE('',*,*,#5161,.F.);
#5214 = PLANE('',#5215);
#5215 = AXIS2_PLACEMENT_3D('',#5216,#5217,#5218);
#5216 = CARTESIAN_POINT('',(1.5715E+03,0.,98.));
#5217 = DIRECTION('',(0.,1.,0.));
#5218 = DIRECTION('',(0.,0.,1.));
#5219 = ADVANCED_FACE('',(#5220),#5236,.T.);
#5220 = FACE_BOUND('',#5221,.T.);
#5221 = EDGE_LOOP('',(#5222,#5228,#5229,#5235));
#5222 = ORIENTED_EDGE('',*,*,#5223,.F.);
#5223 = EDGE_CURVE('',#5132,#5172,#5224,.T.);
#5224 = LINE('',#5225,#5226);
#5225 = CARTESIAN_POINT('',(1.5715E+03,600.,98.));
#5226 = VECTOR('',#5227,1.);
#5227 = DIRECTION('',(1.,0.,0.));
#5228 = ORIENTED_EDGE('',*,*,#5139,.T.);
#5229 = ORIENTED_EDGE('',*,*,#5230,.T.);
#5230 = EDGE_CURVE('',#5140,#5180,#5231,.T.);
#5231 = LINE('',#5232,#5233);
#5232 = CARTESIAN_POINT('',(1.5715E+03,600.,870.));
#5233 = VECTOR('',#5234,1.);
#5234 = DIRECTION('',(1.,0.,0.));
#5235 = ORIENTED_EDGE('',*,*,#5179,.F.);
#5236 = PLANE('',#5237);
#5237 = AXIS2_PLACEMENT_3D('',#5238,#5239,#5240);
#5238 = CARTESIAN_POINT('',(1.5715E+03,600.,98.));
#5239 = DIRECTION('',(0.,1.,0.));
#5240 = DIRECTION('',(0.,0.,1.));
#5241 = ADVANCED_FACE('',(#5242),#5248,.F.);
#5242 = FACE_BOUND('',#5243,.F.);
#5243 = EDGE_LOOP('',(#5244,#5245,#5246,#5247));
#5244 = ORIENTED_EDGE('',*,*,#5131,.F.);
#5245 = ORIENTED_EDGE('',*,*,#5201,.T.);
#5246 = ORIENTED_EDGE('',*,*,#5171,.T.);
#5247 = ORIENTED_EDGE('',*,*,#5223,.F.);
#5248 = PLANE('',#5249);
#5249 = AXIS2_PLACEMENT_3D('',#5250,#5251,#5252);
#5250 = CARTESIAN_POINT('',(1.5715E+03,0.,98.));
#5251 = DIRECTION('',(0.,0.,1.));
#5252 = DIRECTION('',(1.,0.,0.));
#5253 = ADVANCED_FACE('',(#5254),#5260,.T.);
#5254 = FACE_BOUND('',#5255,.T.);
#5255 = EDGE_LOOP('',(#5256,#5257,#5258,#5259));
#5256 = ORIENTED_EDGE('',*,*,#5147,.F.);
#5257 = ORIENTED_EDGE('',*,*,#5208,.T.);
#5258 = ORIENTED_EDGE('',*,*,#5187,.T.);
#5259 = ORIENTED_EDGE('',*,*,#5230,.F.);
#5260 = PLANE('',#5261);
#5261 = AXIS2_PLACEMENT_3D('',#5262,#5263,#5264);
#5262 = CARTESIAN_POINT('',(1.5715E+03,0.,870.));
#5263 = DIRECTION('',(0.,0.,1.));
#5264 = DIRECTION('',(1.,0.,0.));
#5265 = MANIFOLD_SOLID_BREP('',#5266);
#5266 = CLOSED_SHELL('',(#5267,#5307,#5347,#5369,#5391,#5403));
#5267 = ADVANCED_FACE('',(#5268),#5302,.F.);
#5268 = FACE_BOUND('',#5269,.F.);
#5269 = EDGE_LOOP('',(#5270,#5280,#5288,#5296));
#5270 = ORIENTED_EDGE('',*,*,#5271,.F.);
#5271 = EDGE_CURVE('',#5272,#5274,#5276,.T.);
#5272 = VERTEX_POINT('',#5273);
#5273 = CARTESIAN_POINT('',(905.,-18.,722.));
#5274 = VERTEX_POINT('',#5275);
#5275 = CARTESIAN_POINT('',(905.,-18.,852.));
#5276 = LINE('',#5277,#5278);
#5277 = CARTESIAN_POINT('',(905.,-18.,722.));
#5278 = VECTOR('',#5279,1.);
#5279 = DIRECTION('',(0.,0.,1.));
#5280 = ORIENTED_EDGE('',*,*,#5281,.T.);
#5281 = EDGE_CURVE('',#5272,#5282,#5284,.T.);
#5282 = VERTEX_POINT('',#5283);
#5283 = CARTESIAN_POINT('',(905.,0.,722.));
#5284 = LINE('',#5285,#5286);
#5285 = CARTESIAN_POINT('',(905.,-18.,722.));
#5286 = VECTOR('',#5287,1.);
#5287 = DIRECTION('',(0.,1.,0.));
#5288 = ORIENTED_EDGE('',*,*,#5289,.T.);
#5289 = EDGE_CURVE('',#5282,#5290,#5292,.T.);
#5290 = VERTEX_POINT('',#5291);
#5291 = CARTESIAN_POINT('',(905.,0.,852.));
#5292 = LINE('',#5293,#5294);
#5293 = CARTESIAN_POINT('',(905.,0.,722.));
#5294 = VECTOR('',#5295,1.);
#5295 = DIRECTION('',(0.,0.,1.));
#5296 = ORIENTED_EDGE('',*,*,#5297,.F.);
#5297 = EDGE_CURVE('',#5274,#5290,#5298,.T.);
#5298 = LINE('',#5299,#5300);
#5299 = CARTESIAN_POINT('',(905.,-18.,852.));
#5300 = VECTOR('',#5301,1.);
#5301 = DIRECTION('',(0.,1.,0.));
#5302 = PLANE('',#5303);
#5303 = AXIS2_PLACEMENT_3D('',#5304,#5305,#5306);
#5304 = CARTESIAN_POINT('',(905.,-18.,722.));
#5305 = DIRECTION('',(1.,0.,0.));
#5306 = DIRECTION('',(0.,0.,1.));
#5307 = ADVANCED_FACE('',(#5308),#5342,.T.);
#5308 = FACE_BOUND('',#5309,.T.);
#5309 = EDGE_LOOP('',(#5310,#5320,#5328,#5336));
#5310 = ORIENTED_EDGE('',*,*,#5311,.F.);
#5311 = EDGE_CURVE('',#5312,#5314,#5316,.T.);
#5312 = VERTEX_POINT('',#5313);
#5313 = CARTESIAN_POINT('',(1.575E+03,-18.,722.));
#5314 = VERTEX_POINT('',#5315);
#5315 = CARTESIAN_POINT('',(1.575E+03,-18.,852.));
#5316 = LINE('',#5317,#5318);
#5317 = CARTESIAN_POINT('',(1.575E+03,-18.,722.));
#5318 = VECTOR('',#5319,1.);
#5319 = DIRECTION('',(0.,0.,1.));
#5320 = ORIENTED_EDGE('',*,*,#5321,.T.);
#5321 = EDGE_CURVE('',#5312,#5322,#5324,.T.);
#5322 = VERTEX_POINT('',#5323);
#5323 = CARTESIAN_POINT('',(1.575E+03,0.,722.));
#5324 = LINE('',#5325,#5326);
#5325 = CARTESIAN_POINT('',(1.575E+03,-18.,722.));
#5326 = VECTOR('',#5327,1.);
#5327 = DIRECTION('',(0.,1.,0.));
#5328 = ORIENTED_EDGE('',*,*,#5329,.T.);
#5329 = EDGE_CURVE('',#5322,#5330,#5332,.T.);
#5330 = VERTEX_POINT('',#5331);
#5331 = CARTESIAN_POINT('',(1.575E+03,0.,852.));
#5332 = LINE('',#5333,#5334);
#5333 = CARTESIAN_POINT('',(1.575E+03,0.,722.));
#5334 = VECTOR('',#5335,1.);
#5335 = DIRECTION('',(0.,0.,1.));
#5336 = ORIENTED_EDGE('',*,*,#5337,.F.);
#5337 = EDGE_CURVE('',#5314,#5330,#5338,.T.);
#5338 = LINE('',#5339,#5340);
#5339 = CARTESIAN_POINT('',(1.575E+03,-18.,852.));
#5340 = VECTOR('',#5341,1.);
#5341 = DIRECTION('',(0.,1.,0.));
#5342 = PLANE('',#5343);
#5343 = AXIS2_PLACEMENT_3D('',#5344,#5345,#5346);
#5344 = CARTESIAN_POINT('',(1.575E+03,-18.,722.));
#5345 = DIRECTION('',(1.,0.,0.));
#5346 = DIRECTION('',(0.,0.,1.));
#5347 = ADVANCED_FACE('',(#5348),#5364,.F.);
#5348 = FACE_BOUND('',#5349,.F.);
#5349 = EDGE_LOOP('',(#5350,#5356,#5357,#5363));
#5350 = ORIENTED_EDGE('',*,*,#5351,.F.);
#5351 = EDGE_CURVE('',#5272,#5312,#5352,.T.);
#5352 = LINE('',#5353,#5354);
#5353 = CARTESIAN_POINT('',(905.,-18.,722.));
#5354 = VECTOR('',#5355,1.);
#5355 = DIRECTION('',(1.,0.,0.));
#5356 = ORIENTED_EDGE('',*,*,#5271,.T.);
#5357 = ORIENTED_EDGE('',*,*,#5358,.T.);
#5358 = EDGE_CURVE('',#5274,#5314,#5359,.T.);
#5359 = LINE('',#5360,#5361);
#5360 = CARTESIAN_POINT('',(905.,-18.,852.));
#5361 = VECTOR('',#5362,1.);
#5362 = DIRECTION('',(1.,0.,0.));
#5363 = ORIENTED_EDGE('',*,*,#5311,.F.);
#5364 = PLANE('',#5365);
#5365 = AXIS2_PLACEMENT_3D('',#5366,#5367,#5368);
#5366 = CARTESIAN_POINT('',(905.,-18.,722.));
#5367 = DIRECTION('',(0.,1.,0.));
#5368 = DIRECTION('',(0.,0.,1.));
#5369 = ADVANCED_FACE('',(#5370),#5386,.T.);
#5370 = FACE_BOUND('',#5371,.T.);
#5371 = EDGE_LOOP('',(#5372,#5378,#5379,#5385));
#5372 = ORIENTED_EDGE('',*,*,#5373,.F.);
#5373 = EDGE_CURVE('',#5282,#5322,#5374,.T.);
#5374 = LINE('',#5375,#5376);
#5375 = CARTESIAN_POINT('',(905.,0.,722.));
#5376 = VECTOR('',#5377,1.);
#5377 = DIRECTION('',(1.,0.,0.));
#5378 = ORIENTED_EDGE('',*,*,#5289,.T.);
#5379 = ORIENTED_EDGE('',*,*,#5380,.T.);
#5380 = EDGE_CURVE('',#5290,#5330,#5381,.T.);
#5381 = LINE('',#5382,#5383);
#5382 = CARTESIAN_POINT('',(905.,0.,852.));
#5383 = VECTOR('',#5384,1.);
#5384 = DIRECTION('',(1.,0.,0.));
#5385 = ORIENTED_EDGE('',*,*,#5329,.F.);
#5386 = PLANE('',#5387);
#5387 = AXIS2_PLACEMENT_3D('',#5388,#5389,#5390);
#5388 = CARTESIAN_POINT('',(905.,0.,722.));
#5389 = DIRECTION('',(0.,1.,0.));
#5390 = DIRECTION('',(0.,0.,1.));
#5391 = ADVANCED_FACE('',(#5392),#5398,.F.);
#5392 = FACE_BOUND('',#5393,.F.);
#5393 = EDGE_LOOP('',(#5394,#5395,#5396,#5397));
#5394 = ORIENTED_EDGE('',*,*,#5281,.F.);
#5395 = ORIENTED_EDGE('',*,*,#5351,.T.);
#5396 = ORIENTED_EDGE('',*,*,#5321,.T.);
#5397 = ORIENTED_EDGE('',*,*,#5373,.F.);
#5398 = PLANE('',#5399);
#5399 = AXIS2_PLACEMENT_3D('',#5400,#5401,#5402);
#5400 = CARTESIAN_POINT('',(905.,-18.,722.));
#5401 = DIRECTION('',(0.,0.,1.));
#5402 = DIRECTION('',(1.,0.,0.));
#5403 = ADVANCED_FACE('',(#5404),#5410,.T.);
#5404 = FACE_BOUND('',#5405,.T.);
#5405 = EDGE_LOOP('',(#5406,#5407,#5408,#5409));
#5406 = ORIENTED_EDGE('',*,*,#5297,.F.);
#5407 = ORIENTED_EDGE('',*,*,#5358,.T.);
#5408 = ORIENTED_EDGE('',*,*,#5337,.T.);
#5409 = ORIENTED_EDGE('',*,*,#5380,.F.);
#5410 = PLANE('',#5411);
#5411 = AXIS2_PLACEMENT_3D('',#5412,#5413,#5414);
#5412 = CARTESIAN_POINT('',(905.,-18.,852.));
#5413 = DIRECTION('',(0.,0.,1.));
#5414 = DIRECTION('',(1.,0.,0.));
#5415 = MANIFOLD_SOLID_BREP('',#5416);
#5416 = CLOSED_SHELL('',(#5417,#5457,#5497,#5519,#5541,#5553));
#5417 = ADVANCED_FACE('',(#5418),#5452,.F.);
#5418 = FACE_BOUND('',#5419,.F.);
#5419 = EDGE_LOOP('',(#5420,#5430,#5438,#5446));
#5420 = ORIENTED_EDGE('',*,*,#5421,.F.);
#5421 = EDGE_CURVE('',#5422,#5424,#5426,.T.);
#5422 = VERTEX_POINT('',#5423);
#5423 = CARTESIAN_POINT('',(1.579E+03,-18.,722.));
#5424 = VERTEX_POINT('',#5425);
#5425 = CARTESIAN_POINT('',(1.579E+03,-18.,852.));
#5426 = LINE('',#5427,#5428);
#5427 = CARTESIAN_POINT('',(1.579E+03,-18.,722.));
#5428 = VECTOR('',#5429,1.);
#5429 = DIRECTION('',(0.,0.,1.));
#5430 = ORIENTED_EDGE('',*,*,#5431,.T.);
#5431 = EDGE_CURVE('',#5422,#5432,#5434,.T.);
#5432 = VERTEX_POINT('',#5433);
#5433 = CARTESIAN_POINT('',(1.579E+03,0.,722.));
#5434 = LINE('',#5435,#5436);
#5435 = CARTESIAN_POINT('',(1.579E+03,-18.,722.));
#5436 = VECTOR('',#5437,1.);
#5437 = DIRECTION('',(0.,1.,0.));
#5438 = ORIENTED_EDGE('',*,*,#5439,.T.);
#5439 = EDGE_CURVE('',#5432,#5440,#5442,.T.);
#5440 = VERTEX_POINT('',#5441);
#5441 = CARTESIAN_POINT('',(1.579E+03,0.,852.));
#5442 = LINE('',#5443,#5444);
#5443 = CARTESIAN_POINT('',(1.579E+03,0.,722.));
#5444 = VECTOR('',#5445,1.);
#5445 = DIRECTION('',(0.,0.,1.));
#5446 = ORIENTED_EDGE('',*,*,#5447,.F.);
#5447 = EDGE_CURVE('',#5424,#5440,#5448,.T.);
#5448 = LINE('',#5449,#5450);
#5449 = CARTESIAN_POINT('',(1.579E+03,-18.,852.));
#5450 = VECTOR('',#5451,1.);
#5451 = DIRECTION('',(0.,1.,0.));
#5452 = PLANE('',#5453);
#5453 = AXIS2_PLACEMENT_3D('',#5454,#5455,#5456);
#5454 = CARTESIAN_POINT('',(1.579E+03,-18.,722.));
#5455 = DIRECTION('',(1.,0.,0.));
#5456 = DIRECTION('',(0.,0.,1.));
#5457 = ADVANCED_FACE('',(#5458),#5492,.T.);
#5458 = FACE_BOUND('',#5459,.T.);
#5459 = EDGE_LOOP('',(#5460,#5470,#5478,#5486));
#5460 = ORIENTED_EDGE('',*,*,#5461,.F.);
#5461 = EDGE_CURVE('',#5462,#5464,#5466,.T.);
#5462 = VERTEX_POINT('',#5463);
#5463 = CARTESIAN_POINT('',(2.249E+03,-18.,722.));
#5464 = VERTEX_POINT('',#5465);
#5465 = CARTESIAN_POINT('',(2.249E+03,-18.,852.));
#5466 = LINE('',#5467,#5468);
#5467 = CARTESIAN_POINT('',(2.249E+03,-18.,722.));
#5468 = VECTOR('',#5469,1.);
#5469 = DIRECTION('',(0.,0.,1.));
#5470 = ORIENTED_EDGE('',*,*,#5471,.T.);
#5471 = EDGE_CURVE('',#5462,#5472,#5474,.T.);
#5472 = VERTEX_POINT('',#5473);
#5473 = CARTESIAN_POINT('',(2.249E+03,0.,722.));
#5474 = LINE('',#5475,#5476);
#5475 = CARTESIAN_POINT('',(2.249E+03,-18.,722.));
#5476 = VECTOR('',#5477,1.);
#5477 = DIRECTION('',(0.,1.,0.));
#5478 = ORIENTED_EDGE('',*,*,#5479,.T.);
#5479 = EDGE_CURVE('',#5472,#5480,#5482,.T.);
#5480 = VERTEX_POINT('',#5481);
#5481 = CARTESIAN_POINT('',(2.249E+03,0.,852.));
#5482 = LINE('',#5483,#5484);
#5483 = CARTESIAN_POINT('',(2.249E+03,0.,722.));
#5484 = VECTOR('',#5485,1.);
#5485 = DIRECTION('',(0.,0.,1.));
#5486 = ORIENTED_EDGE('',*,*,#5487,.F.);
#5487 = EDGE_CURVE('',#5464,#5480,#5488,.T.);
#5488 = LINE('',#5489,#5490);
#5489 = CARTESIAN_POINT('',(2.249E+03,-18.,852.));
#5490 = VECTOR('',#5491,1.);
#5491 = DIRECTION('',(0.,1.,0.));
#5492 = PLANE('',#5493);
#5493 = AXIS2_PLACEMENT_3D('',#5494,#5495,#5496);
#5494 = CARTESIAN_POINT('',(2.249E+03,-18.,722.));
#5495 = DIRECTION('',(1.,0.,0.));
#5496 = DIRECTION('',(0.,0.,1.));
#5497 = ADVANCED_FACE('',(#5498),#5514,.F.);
#5498 = FACE_BOUND('',#5499,.F.);
#5499 = EDGE_LOOP('',(#5500,#5506,#5507,#5513));
#5500 = ORIENTED_EDGE('',*,*,#5501,.F.);
#5501 = EDGE_CURVE('',#5422,#5462,#5502,.T.);
#5502 = LINE('',#5503,#5504);
#5503 = CARTESIAN_POINT('',(1.579E+03,-18.,722.));
#5504 = VECTOR('',#5505,1.);
#5505 = DIRECTION('',(1.,0.,0.));
#5506 = ORIENTED_EDGE('',*,*,#5421,.T.);
#5507 = ORIENTED_EDGE('',*,*,#5508,.T.);
#5508 = EDGE_CURVE('',#5424,#5464,#5509,.T.);
#5509 = LINE('',#5510,#5511);
#5510 = CARTESIAN_POINT('',(1.579E+03,-18.,852.));
#5511 = VECTOR('',#5512,1.);
#5512 = DIRECTION('',(1.,0.,0.));
#5513 = ORIENTED_EDGE('',*,*,#5461,.F.);
#5514 = PLANE('',#5515);
#5515 = AXIS2_PLACEMENT_3D('',#5516,#5517,#5518);
#5516 = CARTESIAN_POINT('',(1.579E+03,-18.,722.));
#5517 = DIRECTION('',(0.,1.,0.));
#5518 = DIRECTION('',(0.,0.,1.));
#5519 = ADVANCED_FACE('',(#5520),#5536,.T.);
#5520 = FACE_BOUND('',#5521,.T.);
#5521 = EDGE_LOOP('',(#5522,#5528,#5529,#5535));
#5522 = ORIENTED_EDGE('',*,*,#5523,.F.);
#5523 = EDGE_CURVE('',#5432,#5472,#5524,.T.);
#5524 = LINE('',#5525,#5526);
#5525 = CARTESIAN_POINT('',(1.579E+03,0.,722.));
#5526 = VECTOR('',#5527,1.);
#5527 = DIRECTION('',(1.,0.,0.));
#5528 = ORIENTED_EDGE('',*,*,#5439,.T.);
#5529 = ORIENTED_EDGE('',*,*,#5530,.T.);
#5530 = EDGE_CURVE('',#5440,#5480,#5531,.T.);
#5531 = LINE('',#5532,#5533);
#5532 = CARTESIAN_POINT('',(1.579E+03,0.,852.));
#5533 = VECTOR('',#5534,1.);
#5534 = DIRECTION('',(1.,0.,0.));
#5535 = ORIENTED_EDGE('',*,*,#5479,.F.);
#5536 = PLANE('',#5537);
#5537 = AXIS2_PLACEMENT_3D('',#5538,#5539,#5540);
#5538 = CARTESIAN_POINT('',(1.579E+03,0.,722.));
#5539 = DIRECTION('',(0.,1.,0.));
#5540 = DIRECTION('',(0.,0.,1.));
#5541 = ADVANCED_FACE('',(#5542),#5548,.F.);
#5542 = FACE_BOUND('',#5543,.F.);
#5543 = EDGE_LOOP('',(#5544,#5545,#5546,#5547));
#5544 = ORIENTED_EDGE('',*,*,#5431,.F.);
#5545 = ORIENTED_EDGE('',*,*,#5501,.T.);
#5546 = ORIENTED_EDGE('',*,*,#5471,.T.);
#5547 = ORIENTED_EDGE('',*,*,#5523,.F.);
#5548 = PLANE('',#5549);
#5549 = AXIS2_PLACEMENT_3D('',#5550,#5551,#5552);
#5550 = CARTESIAN_POINT('',(1.579E+03,-18.,722.));
#5551 = DIRECTION('',(0.,0.,1.));
#5552 = DIRECTION('',(1.,0.,0.));
#5553 = ADVANCED_FACE('',(#5554),#5560,.T.);
#5554 = FACE_BOUND('',#5555,.T.);
#5555 = EDGE_LOOP('',(#5556,#5557,#5558,#5559));
#5556 = ORIENTED_EDGE('',*,*,#5447,.F.);
#5557 = ORIENTED_EDGE('',*,*,#5508,.T.);
#5558 = ORIENTED_EDGE('',*,*,#5487,.T.);
#5559 = ORIENTED_EDGE('',*,*,#5530,.F.);
#5560 = PLANE('',#5561);
#5561 = AXIS2_PLACEMENT_3D('',#5562,#5563,#5564);
#5562 = CARTESIAN_POINT('',(1.579E+03,-18.,852.));
#5563 = DIRECTION('',(0.,0.,1.));
#5564 = DIRECTION('',(1.,0.,0.));
#5565 = MANIFOLD_SOLID_BREP('',#5566);
#5566 = CLOSED_SHELL('',(#5567,#5607,#5647,#5669,#5691,#5703));
#5567 = ADVANCED_FACE('',(#5568),#5602,.F.);
#5568 = FACE_BOUND('',#5569,.F.);
#5569 = EDGE_LOOP('',(#5570,#5580,#5588,#5596));
#5570 = ORIENTED_EDGE('',*,*,#5571,.F.);
#5571 = EDGE_CURVE('',#5572,#5574,#5576,.T.);
#5572 = VERTEX_POINT('',#5573);
#5573 = CARTESIAN_POINT('',(905.,-18.,403.));
#5574 = VERTEX_POINT('',#5575);
#5575 = CARTESIAN_POINT('',(905.,-18.,696.));
#5576 = LINE('',#5577,#5578);
#5577 = CARTESIAN_POINT('',(905.,-18.,403.));
#5578 = VECTOR('',#5579,1.);
#5579 = DIRECTION('',(0.,0.,1.));
#5580 = ORIENTED_EDGE('',*,*,#5581,.T.);
#5581 = EDGE_CURVE('',#5572,#5582,#5584,.T.);
#5582 = VERTEX_POINT('',#5583);
#5583 = CARTESIAN_POINT('',(905.,0.,403.));
#5584 = LINE('',#5585,#5586);
#5585 = CARTESIAN_POINT('',(905.,-18.,403.));
#5586 = VECTOR('',#5587,1.);
#5587 = DIRECTION('',(0.,1.,0.));
#5588 = ORIENTED_EDGE('',*,*,#5589,.T.);
#5589 = EDGE_CURVE('',#5582,#5590,#5592,.T.);
#5590 = VERTEX_POINT('',#5591);
#5591 = CARTESIAN_POINT('',(905.,0.,696.));
#5592 = LINE('',#5593,#5594);
#5593 = CARTESIAN_POINT('',(905.,0.,403.));
#5594 = VECTOR('',#5595,1.);
#5595 = DIRECTION('',(0.,0.,1.));
#5596 = ORIENTED_EDGE('',*,*,#5597,.F.);
#5597 = EDGE_CURVE('',#5574,#5590,#5598,.T.);
#5598 = LINE('',#5599,#5600);
#5599 = CARTESIAN_POINT('',(905.,-18.,696.));
#5600 = VECTOR('',#5601,1.);
#5601 = DIRECTION('',(0.,1.,0.));
#5602 = PLANE('',#5603);
#5603 = AXIS2_PLACEMENT_3D('',#5604,#5605,#5606);
#5604 = CARTESIAN_POINT('',(905.,-18.,403.));
#5605 = DIRECTION('',(1.,0.,0.));
#5606 = DIRECTION('',(0.,0.,1.));
#5607 = ADVANCED_FACE('',(#5608),#5642,.T.);
#5608 = FACE_BOUND('',#5609,.T.);
#5609 = EDGE_LOOP('',(#5610,#5620,#5628,#5636));
#5610 = ORIENTED_EDGE('',*,*,#5611,.F.);
#5611 = EDGE_CURVE('',#5612,#5614,#5616,.T.);
#5612 = VERTEX_POINT('',#5613);
#5613 = CARTESIAN_POINT('',(1.575E+03,-18.,403.));
#5614 = VERTEX_POINT('',#5615);
#5615 = CARTESIAN_POINT('',(1.575E+03,-18.,696.));
#5616 = LINE('',#5617,#5618);
#5617 = CARTESIAN_POINT('',(1.575E+03,-18.,403.));
#5618 = VECTOR('',#5619,1.);
#5619 = DIRECTION('',(0.,0.,1.));
#5620 = ORIENTED_EDGE('',*,*,#5621,.T.);
#5621 = EDGE_CURVE('',#5612,#5622,#5624,.T.);
#5622 = VERTEX_POINT('',#5623);
#5623 = CARTESIAN_POINT('',(1.575E+03,0.,403.));
#5624 = LINE('',#5625,#5626);
#5625 = CARTESIAN_POINT('',(1.575E+03,-18.,403.));
#5626 = VECTOR('',#5627,1.);
#5627 = DIRECTION('',(0.,1.,0.));
#5628 = ORIENTED_EDGE('',*,*,#5629,.T.);
#5629 = EDGE_CURVE('',#5622,#5630,#5632,.T.);
#5630 = VERTEX_POINT('',#5631);
#5631 = CARTESIAN_POINT('',(1.575E+03,0.,696.));
#5632 = LINE('',#5633,#5634);
#5633 = CARTESIAN_POINT('',(1.575E+03,0.,403.));
#5634 = VECTOR('',#5635,1.);
#5635 = DIRECTION('',(0.,0.,1.));
#5636 = ORIENTED_EDGE('',*,*,#5637,.F.);
#5637 = EDGE_CURVE('',#5614,#5630,#5638,.T.);
#5638 = LINE('',#5639,#5640);
#5639 = CARTESIAN_POINT('',(1.575E+03,-18.,696.));
#5640 = VECTOR('',#5641,1.);
#5641 = DIRECTION('',(0.,1.,0.));
#5642 = PLANE('',#5643);
#5643 = AXIS2_PLACEMENT_3D('',#5644,#5645,#5646);
#5644 = CARTESIAN_POINT('',(1.575E+03,-18.,403.));
#5645 = DIRECTION('',(1.,0.,0.));
#5646 = DIRECTION('',(0.,0.,1.));
#5647 = ADVANCED_FACE('',(#5648),#5664,.F.);
#5648 = FACE_BOUND('',#5649,.F.);
#5649 = EDGE_LOOP('',(#5650,#5656,#5657,#5663));
#5650 = ORIENTED_EDGE('',*,*,#5651,.F.);
#5651 = EDGE_CURVE('',#5572,#5612,#5652,.T.);
#5652 = LINE('',#5653,#5654);
#5653 = CARTESIAN_POINT('',(905.,-18.,403.));
#5654 = VECTOR('',#5655,1.);
#5655 = DIRECTION('',(1.,0.,0.));
#5656 = ORIENTED_EDGE('',*,*,#5571,.T.);
#5657 = ORIENTED_EDGE('',*,*,#5658,.T.);
#5658 = EDGE_CURVE('',#5574,#5614,#5659,.T.);
#5659 = LINE('',#5660,#5661);
#5660 = CARTESIAN_POINT('',(905.,-18.,696.));
#5661 = VECTOR('',#5662,1.);
#5662 = DIRECTION('',(1.,0.,0.));
#5663 = ORIENTED_EDGE('',*,*,#5611,.F.);
#5664 = PLANE('',#5665);
#5665 = AXIS2_PLACEMENT_3D('',#5666,#5667,#5668);
#5666 = CARTESIAN_POINT('',(905.,-18.,403.));
#5667 = DIRECTION('',(0.,1.,0.));
#5668 = DIRECTION('',(0.,0.,1.));
#5669 = ADVANCED_FACE('',(#5670),#5686,.T.);
#5670 = FACE_BOUND('',#5671,.T.);
#5671 = EDGE_LOOP('',(#5672,#5678,#5679,#5685));
#5672 = ORIENTED_EDGE('',*,*,#5673,.F.);
#5673 = EDGE_CURVE('',#5582,#5622,#5674,.T.);
#5674 = LINE('',#5675,#5676);
#5675 = CARTESIAN_POINT('',(905.,0.,403.));
#5676 = VECTOR('',#5677,1.);
#5677 = DIRECTION('',(1.,0.,0.));
#5678 = ORIENTED_EDGE('',*,*,#5589,.T.);
#5679 = ORIENTED_EDGE('',*,*,#5680,.T.);
#5680 = EDGE_CURVE('',#5590,#5630,#5681,.T.);
#5681 = LINE('',#5682,#5683);
#5682 = CARTESIAN_POINT('',(905.,0.,696.));
#5683 = VECTOR('',#5684,1.);
#5684 = DIRECTION('',(1.,0.,0.));
#5685 = ORIENTED_EDGE('',*,*,#5629,.F.);
#5686 = PLANE('',#5687);
#5687 = AXIS2_PLACEMENT_3D('',#5688,#5689,#5690);
#5688 = CARTESIAN_POINT('',(905.,0.,403.));
#5689 = DIRECTION('',(0.,1.,0.));
#5690 = DIRECTION('',(0.,0.,1.));
#5691 = ADVANCED_FACE('',(#5692),#5698,.F.);
#5692 = FACE_BOUND('',#5693,.F.);
#5693 = EDGE_LOOP('',(#5694,#5695,#5696,#5697));
#5694 = ORIENTED_EDGE('',*,*,#5581,.F.);
#5695 = ORIENTED_EDGE('',*,*,#5651,.T.);
#5696 = ORIENTED_EDGE('',*,*,#5621,.T.);
#5697 = ORIENTED_EDGE('',*,*,#5673,.F.);
#5698 = PLANE('',#5699);
#5699 = AXIS2_PLACEMENT_3D('',#5700,#5701,#5702);
#5700 = CARTESIAN_POINT('',(905.,-18.,403.));
#5701 = DIRECTION('',(0.,0.,1.));
#5702 = DIRECTION('',(1.,0.,0.));
#5703 = ADVANCED_FACE('',(#5704),#5710,.T.);
#5704 = FACE_BOUND('',#5705,.T.);
#5705 = EDGE_LOOP('',(#5706,#5707,#5708,#5709));
#5706 = ORIENTED_EDGE('',*,*,#5597,.F.);
#5707 = ORIENTED_EDGE('',*,*,#5658,.T.);
#5708 = ORIENTED_EDGE('',*,*,#5637,.T.);
#5709 = ORIENTED_EDGE('',*,*,#5680,.F.);
#5710 = PLANE('',#5711);
#5711 = AXIS2_PLACEMENT_3D('',#5712,#5713,#5714);
#5712 = CARTESIAN_POINT('',(905.,-18.,696.));
#5713 = DIRECTION('',(0.,0.,1.));
#5714 = DIRECTION('',(1.,0.,0.));
#5715 = MANIFOLD_SOLID_BREP('',#5716);
#5716 = CLOSED_SHELL('',(#5717,#5757,#5797,#5819,#5841,#5853));
#5717 = ADVANCED_FACE('',(#5718),#5752,.F.);
#5718 = FACE_BOUND('',#5719,.F.);
#5719 = EDGE_LOOP('',(#5720,#5730,#5738,#5746));
#5720 = ORIENTED_EDGE('',*,*,#5721,.F.);
#5721 = EDGE_CURVE('',#5722,#5724,#5726,.T.);
#5722 = VERTEX_POINT('',#5723);
#5723 = CARTESIAN_POINT('',(1.579E+03,-18.,403.));
#5724 = VERTEX_POINT('',#5725);
#5725 = CARTESIAN_POINT('',(1.579E+03,-18.,696.));
#5726 = LINE('',#5727,#5728);
#5727 = CARTESIAN_POINT('',(1.579E+03,-18.,403.));
#5728 = VECTOR('',#5729,1.);
#5729 = DIRECTION('',(0.,0.,1.));
#5730 = ORIENTED_EDGE('',*,*,#5731,.T.);
#5731 = EDGE_CURVE('',#5722,#5732,#5734,.T.);
#5732 = VERTEX_POINT('',#5733);
#5733 = CARTESIAN_POINT('',(1.579E+03,0.,403.));
#5734 = LINE('',#5735,#5736);
#5735 = CARTESIAN_POINT('',(1.579E+03,-18.,403.));
#5736 = VECTOR('',#5737,1.);
#5737 = DIRECTION('',(0.,1.,0.));
#5738 = ORIENTED_EDGE('',*,*,#5739,.T.);
#5739 = EDGE_CURVE('',#5732,#5740,#5742,.T.);
#5740 = VERTEX_POINT('',#5741);
#5741 = CARTESIAN_POINT('',(1.579E+03,0.,696.));
#5742 = LINE('',#5743,#5744);
#5743 = CARTESIAN_POINT('',(1.579E+03,0.,403.));
#5744 = VECTOR('',#5745,1.);
#5745 = DIRECTION('',(0.,0.,1.));
#5746 = ORIENTED_EDGE('',*,*,#5747,.F.);
#5747 = EDGE_CURVE('',#5724,#5740,#5748,.T.);
#5748 = LINE('',#5749,#5750);
#5749 = CARTESIAN_POINT('',(1.579E+03,-18.,696.));
#5750 = VECTOR('',#5751,1.);
#5751 = DIRECTION('',(0.,1.,0.));
#5752 = PLANE('',#5753);
#5753 = AXIS2_PLACEMENT_3D('',#5754,#5755,#5756);
#5754 = CARTESIAN_POINT('',(1.579E+03,-18.,403.));
#5755 = DIRECTION('',(1.,0.,0.));
#5756 = DIRECTION('',(0.,0.,1.));
#5757 = ADVANCED_FACE('',(#5758),#5792,.T.);
#5758 = FACE_BOUND('',#5759,.T.);
#5759 = EDGE_LOOP('',(#5760,#5770,#5778,#5786));
#5760 = ORIENTED_EDGE('',*,*,#5761,.F.);
#5761 = EDGE_CURVE('',#5762,#5764,#5766,.T.);
#5762 = VERTEX_POINT('',#5763);
#5763 = CARTESIAN_POINT('',(2.249E+03,-18.,403.));
#5764 = VERTEX_POINT('',#5765);
#5765 = CARTESIAN_POINT('',(2.249E+03,-18.,696.));
#5766 = LINE('',#5767,#5768);
#5767 = CARTESIAN_POINT('',(2.249E+03,-18.,403.));
#5768 = VECTOR('',#5769,1.);
#5769 = DIRECTION('',(0.,0.,1.));
#5770 = ORIENTED_EDGE('',*,*,#5771,.T.);
#5771 = EDGE_CURVE('',#5762,#5772,#5774,.T.);
#5772 = VERTEX_POINT('',#5773);
#5773 = CARTESIAN_POINT('',(2.249E+03,0.,403.));
#5774 = LINE('',#5775,#5776);
#5775 = CARTESIAN_POINT('',(2.249E+03,-18.,403.));
#5776 = VECTOR('',#5777,1.);
#5777 = DIRECTION('',(0.,1.,0.));
#5778 = ORIENTED_EDGE('',*,*,#5779,.T.);
#5779 = EDGE_CURVE('',#5772,#5780,#5782,.T.);
#5780 = VERTEX_POINT('',#5781);
#5781 = CARTESIAN_POINT('',(2.249E+03,0.,696.));
#5782 = LINE('',#5783,#5784);
#5783 = CARTESIAN_POINT('',(2.249E+03,0.,403.));
#5784 = VECTOR('',#5785,1.);
#5785 = DIRECTION('',(0.,0.,1.));
#5786 = ORIENTED_EDGE('',*,*,#5787,.F.);
#5787 = EDGE_CURVE('',#5764,#5780,#5788,.T.);
#5788 = LINE('',#5789,#5790);
#5789 = CARTESIAN_POINT('',(2.249E+03,-18.,696.));
#5790 = VECTOR('',#5791,1.);
#5791 = DIRECTION('',(0.,1.,0.));
#5792 = PLANE('',#5793);
#5793 = AXIS2_PLACEMENT_3D('',#5794,#5795,#5796);
#5794 = CARTESIAN_POINT('',(2.249E+03,-18.,403.));
#5795 = DIRECTION('',(1.,0.,0.));
#5796 = DIRECTION('',(0.,0.,1.));
#5797 = ADVANCED_FACE('',(#5798),#5814,.F.);
#5798 = FACE_BOUND('',#5799,.F.);
#5799 = EDGE_LOOP('',(#5800,#5806,#5807,#5813));
#5800 = ORIENTED_EDGE('',*,*,#5801,.F.);
#5801 = EDGE_CURVE('',#5722,#5762,#5802,.T.);
#5802 = LINE('',#5803,#5804);
#5803 = CARTESIAN_POINT('',(1.579E+03,-18.,403.));
#5804 = VECTOR('',#5805,1.);
#5805 = DIRECTION('',(1.,0.,0.));
#5806 = ORIENTED_EDGE('',*,*,#5721,.T.);
#5807 = ORIENTED_EDGE('',*,*,#5808,.T.);
#5808 = EDGE_CURVE('',#5724,#5764,#5809,.T.);
#5809 = LINE('',#5810,#5811);
#5810 = CARTESIAN_POINT('',(1.579E+03,-18.,696.));
#5811 = VECTOR('',#5812,1.);
#5812 = DIRECTION('',(1.,0.,0.));
#5813 = ORIENTED_EDGE('',*,*,#5761,.F.);
#5814 = PLANE('',#5815);
#5815 = AXIS2_PLACEMENT_3D('',#5816,#5817,#5818);
#5816 = CARTESIAN_POINT('',(1.579E+03,-18.,403.));
#5817 = DIRECTION('',(0.,1.,0.));
#5818 = DIRECTION('',(0.,0.,1.));
#5819 = ADVANCED_FACE('',(#5820),#5836,.T.);
#5820 = FACE_BOUND('',#5821,.T.);
#5821 = EDGE_LOOP('',(#5822,#5828,#5829,#5835));
#5822 = ORIENTED_EDGE('',*,*,#5823,.F.);
#5823 = EDGE_CURVE('',#5732,#5772,#5824,.T.);
#5824 = LINE('',#5825,#5826);
#5825 = CARTESIAN_POINT('',(1.579E+03,0.,403.));
#5826 = VECTOR('',#5827,1.);
#5827 = DIRECTION('',(1.,0.,0.));
#5828 = ORIENTED_EDGE('',*,*,#5739,.T.);
#5829 = ORIENTED_EDGE('',*,*,#5830,.T.);
#5830 = EDGE_CURVE('',#5740,#5780,#5831,.T.);
#5831 = LINE('',#5832,#5833);
#5832 = CARTESIAN_POINT('',(1.579E+03,0.,696.));
#5833 = VECTOR('',#5834,1.);
#5834 = DIRECTION('',(1.,0.,0.));
#5835 = ORIENTED_EDGE('',*,*,#5779,.F.);
#5836 = PLANE('',#5837);
#5837 = AXIS2_PLACEMENT_3D('',#5838,#5839,#5840);
#5838 = CARTESIAN_POINT('',(1.579E+03,0.,403.));
#5839 = DIRECTION('',(0.,1.,0.));
#5840 = DIRECTION('',(0.,0.,1.));
#5841 = ADVANCED_FACE('',(#5842),#5848,.F.);
#5842 = FACE_BOUND('',#5843,.F.);
#5843 = EDGE_LOOP('',(#5844,#5845,#5846,#5847));
#5844 = ORIENTED_EDGE('',*,*,#5731,.F.);
#5845 = ORIENTED_EDGE('',*,*,#5801,.T.);
#5846 = ORIENTED_EDGE('',*,*,#5771,.T.);
#5847 = ORIENTED_EDGE('',*,*,#5823,.F.);
#5848 = PLANE('',#5849);
#5849 = AXIS2_PLACEMENT_3D('',#5850,#5851,#5852);
#5850 = CARTESIAN_POINT('',(1.579E+03,-18.,403.));
#5851 = DIRECTION('',(0.,0.,1.));
#5852 = DIRECTION('',(1.,0.,0.));
#5853 = ADVANCED_FACE('',(#5854),#5860,.T.);
#5854 = FACE_BOUND('',#5855,.T.);
#5855 = EDGE_LOOP('',(#5856,#5857,#5858,#5859));
#5856 = ORIENTED_EDGE('',*,*,#5747,.F.);
#5857 = ORIENTED_EDGE('',*,*,#5808,.T.);
#5858 = ORIENTED_EDGE('',*,*,#5787,.T.);
#5859 = ORIENTED_EDGE('',*,*,#5830,.F.);
#5860 = PLANE('',#5861);
#5861 = AXIS2_PLACEMENT_3D('',#5862,#5863,#5864);
#5862 = CARTESIAN_POINT('',(1.579E+03,-18.,696.));
#5863 = DIRECTION('',(0.,0.,1.));
#5864 = DIRECTION('',(1.,0.,0.));
#5865 = MANIFOLD_SOLID_BREP('',#5866);
#5866 = CLOSED_SHELL('',(#5867,#5907,#5947,#5969,#5991,#6003));
#5867 = ADVANCED_FACE('',(#5868),#5902,.F.);
#5868 = FACE_BOUND('',#5869,.F.);
#5869 = EDGE_LOOP('',(#5870,#5880,#5888,#5896));
#5870 = ORIENTED_EDGE('',*,*,#5871,.F.);
#5871 = EDGE_CURVE('',#5872,#5874,#5876,.T.);
#5872 = VERTEX_POINT('',#5873);
#5873 = CARTESIAN_POINT('',(905.,-18.,84.));
#5874 = VERTEX_POINT('',#5875);
#5875 = CARTESIAN_POINT('',(905.,-18.,377.));
#5876 = LINE('',#5877,#5878);
#5877 = CARTESIAN_POINT('',(905.,-18.,84.));
#5878 = VECTOR('',#5879,1.);
#5879 = DIRECTION('',(0.,0.,1.));
#5880 = ORIENTED_EDGE('',*,*,#5881,.T.);
#5881 = EDGE_CURVE('',#5872,#5882,#5884,.T.);
#5882 = VERTEX_POINT('',#5883);
#5883 = CARTESIAN_POINT('',(905.,0.,84.));
#5884 = LINE('',#5885,#5886);
#5885 = CARTESIAN_POINT('',(905.,-18.,84.));
#5886 = VECTOR('',#5887,1.);
#5887 = DIRECTION('',(0.,1.,0.));
#5888 = ORIENTED_EDGE('',*,*,#5889,.T.);
#5889 = EDGE_CURVE('',#5882,#5890,#5892,.T.);
#5890 = VERTEX_POINT('',#5891);
#5891 = CARTESIAN_POINT('',(905.,0.,377.));
#5892 = LINE('',#5893,#5894);
#5893 = CARTESIAN_POINT('',(905.,0.,84.));
#5894 = VECTOR('',#5895,1.);
#5895 = DIRECTION('',(0.,0.,1.));
#5896 = ORIENTED_EDGE('',*,*,#5897,.F.);
#5897 = EDGE_CURVE('',#5874,#5890,#5898,.T.);
#5898 = LINE('',#5899,#5900);
#5899 = CARTESIAN_POINT('',(905.,-18.,377.));
#5900 = VECTOR('',#5901,1.);
#5901 = DIRECTION('',(0.,1.,0.));
#5902 = PLANE('',#5903);
#5903 = AXIS2_PLACEMENT_3D('',#5904,#5905,#5906);
#5904 = CARTESIAN_POINT('',(905.,-18.,84.));
#5905 = DIRECTION('',(1.,0.,0.));
#5906 = DIRECTION('',(0.,0.,1.));
#5907 = ADVANCED_FACE('',(#5908),#5942,.T.);
#5908 = FACE_BOUND('',#5909,.T.);
#5909 = EDGE_LOOP('',(#5910,#5920,#5928,#5936));
#5910 = ORIENTED_EDGE('',*,*,#5911,.F.);
#5911 = EDGE_CURVE('',#5912,#5914,#5916,.T.);
#5912 = VERTEX_POINT('',#5913);
#5913 = CARTESIAN_POINT('',(1.575E+03,-18.,84.));
#5914 = VERTEX_POINT('',#5915);
#5915 = CARTESIAN_POINT('',(1.575E+03,-18.,377.));
#5916 = LINE('',#5917,#5918);
#5917 = CARTESIAN_POINT('',(1.575E+03,-18.,84.));
#5918 = VECTOR('',#5919,1.);
#5919 = DIRECTION('',(0.,0.,1.));
#5920 = ORIENTED_EDGE('',*,*,#5921,.T.);
#5921 = EDGE_CURVE('',#5912,#5922,#5924,.T.);
#5922 = VERTEX_POINT('',#5923);
#5923 = CARTESIAN_POINT('',(1.575E+03,0.,84.));
#5924 = LINE('',#5925,#5926);
#5925 = CARTESIAN_POINT('',(1.575E+03,-18.,84.));
#5926 = VECTOR('',#5927,1.);
#5927 = DIRECTION('',(0.,1.,0.));
#5928 = ORIENTED_EDGE('',*,*,#5929,.T.);
#5929 = EDGE_CURVE('',#5922,#5930,#5932,.T.);
#5930 = VERTEX_POINT('',#5931);
#5931 = CARTESIAN_POINT('',(1.575E+03,0.,377.));
#5932 = LINE('',#5933,#5934);
#5933 = CARTESIAN_POINT('',(1.575E+03,0.,84.));
#5934 = VECTOR('',#5935,1.);
#5935 = DIRECTION('',(0.,0.,1.));
#5936 = ORIENTED_EDGE('',*,*,#5937,.F.);
#5937 = EDGE_CURVE('',#5914,#5930,#5938,.T.);
#5938 = LINE('',#5939,#5940);
#5939 = CARTESIAN_POINT('',(1.575E+03,-18.,377.));
#5940 = VECTOR('',#5941,1.);
#5941 = DIRECTION('',(0.,1.,0.));
#5942 = PLANE('',#5943);
#5943 = AXIS2_PLACEMENT_3D('',#5944,#5945,#5946);
#5944 = CARTESIAN_POINT('',(1.575E+03,-18.,84.));
#5945 = DIRECTION('',(1.,0.,0.));
#5946 = DIRECTION('',(0.,0.,1.));
#5947 = ADVANCED_FACE('',(#5948),#5964,.F.);
#5948 = FACE_BOUND('',#5949,.F.);
#5949 = EDGE_LOOP('',(#5950,#5956,#5957,#5963));
#5950 = ORIENTED_EDGE('',*,*,#5951,.F.);
#5951 = EDGE_CURVE('',#5872,#5912,#5952,.T.);
#5952 = LINE('',#5953,#5954);
#5953 = CARTESIAN_POINT('',(905.,-18.,84.));
#5954 = VECTOR('',#5955,1.);
#5955 = DIRECTION('',(1.,0.,0.));
#5956 = ORIENTED_EDGE('',*,*,#5871,.T.);
#5957 = ORIENTED_EDGE('',*,*,#5958,.T.);
#5958 = EDGE_CURVE('',#5874,#5914,#5959,.T.);
#5959 = LINE('',#5960,#5961);
#5960 = CARTESIAN_POINT('',(905.,-18.,377.));
#5961 = VECTOR('',#5962,1.);
#5962 = DIRECTION('',(1.,0.,0.));
#5963 = ORIENTED_EDGE('',*,*,#5911,.F.);
#5964 = PLANE('',#5965);
#5965 = AXIS2_PLACEMENT_3D('',#5966,#5967,#5968);
#5966 = CARTESIAN_POINT('',(905.,-18.,84.));
#5967 = DIRECTION('',(0.,1.,0.));
#5968 = DIRECTION('',(0.,0.,1.));
#5969 = ADVANCED_FACE('',(#5970),#5986,.T.);
#5970 = FACE_BOUND('',#5971,.T.);
#5971 = EDGE_LOOP('',(#5972,#5978,#5979,#5985));
#5972 = ORIENTED_EDGE('',*,*,#5973,.F.);
#5973 = EDGE_CURVE('',#5882,#5922,#5974,.T.);
#5974 = LINE('',#5975,#5976);
#5975 = CARTESIAN_POINT('',(905.,0.,84.));
#5976 = VECTOR('',#5977,1.);
#5977 = DIRECTION('',(1.,0.,0.));
#5978 = ORIENTED_EDGE('',*,*,#5889,.T.);
#5979 = ORIENTED_EDGE('',*,*,#5980,.T.);
#5980 = EDGE_CURVE('',#5890,#5930,#5981,.T.);
#5981 = LINE('',#5982,#5983);
#5982 = CARTESIAN_POINT('',(905.,0.,377.));
#5983 = VECTOR('',#5984,1.);
#5984 = DIRECTION('',(1.,0.,0.));
#5985 = ORIENTED_EDGE('',*,*,#5929,.F.);
#5986 = PLANE('',#5987);
#5987 = AXIS2_PLACEMENT_3D('',#5988,#5989,#5990);
#5988 = CARTESIAN_POINT('',(905.,0.,84.));
#5989 = DIRECTION('',(0.,1.,0.));
#5990 = DIRECTION('',(0.,0.,1.));
#5991 = ADVANCED_FACE('',(#5992),#5998,.F.);
#5992 = FACE_BOUND('',#5993,.F.);
#5993 = EDGE_LOOP('',(#5994,#5995,#5996,#5997));
#5994 = ORIENTED_EDGE('',*,*,#5881,.F.);
#5995 = ORIENTED_EDGE('',*,*,#5951,.T.);
#5996 = ORIENTED_EDGE('',*,*,#5921,.T.);
#5997 = ORIENTED_EDGE('',*,*,#5973,.F.);
#5998 = PLANE('',#5999);
#5999 = AXIS2_PLACEMENT_3D('',#6000,#6001,#6002);
#6000 = CARTESIAN_POINT('',(905.,-18.,84.));
#6001 = DIRECTION('',(0.,0.,1.));
#6002 = DIRECTION('',(1.,0.,0.));
#6003 = ADVANCED_FACE('',(#6004),#6010,.T.);
#6004 = FACE_BOUND('',#6005,.T.);
#6005 = EDGE_LOOP('',(#6006,#6007,#6008,#6009));
#6006 = ORIENTED_EDGE('',*,*,#5897,.F.);
#6007 = ORIENTED_EDGE('',*,*,#5958,.T.);
#6008 = ORIENTED_EDGE('',*,*,#5937,.T.);
#6009 = ORIENTED_EDGE('',*,*,#5980,.F.);
#6010 = PLANE('',#6011);
#6011 = AXIS2_PLACEMENT_3D('',#6012,#6013,#6014);
#6012 = CARTESIAN_POINT('',(905.,-18.,377.));
#6013 = DIRECTION('',(0.,0.,1.));
#6014 = DIRECTION('',(1.,0.,0.));
#6015 = MANIFOLD_SOLID_BREP('',#6016);
#6016 = CLOSED_SHELL('',(#6017,#6057,#6097,#6119,#6141,#6153));
#6017 = ADVANCED_FACE('',(#6018),#6052,.F.);
#6018 = FACE_BOUND('',#6019,.F.);
#6019 = EDGE_LOOP('',(#6020,#6030,#6038,#6046));
#6020 = ORIENTED_EDGE('',*,*,#6021,.F.);
#6021 = EDGE_CURVE('',#6022,#6024,#6026,.T.);
#6022 = VERTEX_POINT('',#6023);
#6023 = CARTESIAN_POINT('',(1.579E+03,-18.,84.));
#6024 = VERTEX_POINT('',#6025);
#6025 = CARTESIAN_POINT('',(1.579E+03,-18.,377.));
#6026 = LINE('',#6027,#6028);
#6027 = CARTESIAN_POINT('',(1.579E+03,-18.,84.));
#6028 = VECTOR('',#6029,1.);
#6029 = DIRECTION('',(0.,0.,1.));
#6030 = ORIENTED_EDGE('',*,*,#6031,.T.);
#6031 = EDGE_CURVE('',#6022,#6032,#6034,.T.);
#6032 = VERTEX_POINT('',#6033);
#6033 = CARTESIAN_POINT('',(1.579E+03,0.,84.));
#6034 = LINE('',#6035,#6036);
#6035 = CARTESIAN_POINT('',(1.579E+03,-18.,84.));
#6036 = VECTOR('',#6037,1.);
#6037 = DIRECTION('',(0.,1.,0.));
#6038 = ORIENTED_EDGE('',*,*,#6039,.T.);
#6039 = EDGE_CURVE('',#6032,#6040,#6042,.T.);
#6040 = VERTEX_POINT('',#6041);
#6041 = CARTESIAN_POINT('',(1.579E+03,0.,377.));
#6042 = LINE('',#6043,#6044);
#6043 = CARTESIAN_POINT('',(1.579E+03,0.,84.));
#6044 = VECTOR('',#6045,1.);
#6045 = DIRECTION('',(0.,0.,1.));
#6046 = ORIENTED_EDGE('',*,*,#6047,.F.);
#6047 = EDGE_CURVE('',#6024,#6040,#6048,.T.);
#6048 = LINE('',#6049,#6050);
#6049 = CARTESIAN_POINT('',(1.579E+03,-18.,377.));
#6050 = VECTOR('',#6051,1.);
#6051 = DIRECTION('',(0.,1.,0.));
#6052 = PLANE('',#6053);
#6053 = AXIS2_PLACEMENT_3D('',#6054,#6055,#6056);
#6054 = CARTESIAN_POINT('',(1.579E+03,-18.,84.));
#6055 = DIRECTION('',(1.,0.,0.));
#6056 = DIRECTION('',(0.,0.,1.));
#6057 = ADVANCED_FACE('',(#6058),#6092,.T.);
#6058 = FACE_BOUND('',#6059,.T.);
#6059 = EDGE_LOOP('',(#6060,#6070,#6078,#6086));
#6060 = ORIENTED_EDGE('',*,*,#6061,.F.);
#6061 = EDGE_CURVE('',#6062,#6064,#6066,.T.);
#6062 = VERTEX_POINT('',#6063);
#6063 = CARTESIAN_POINT('',(2.249E+03,-18.,84.));
#6064 = VERTEX_POINT('',#6065);
#6065 = CARTESIAN_POINT('',(2.249E+03,-18.,377.));
#6066 = LINE('',#6067,#6068);
#6067 = CARTESIAN_POINT('',(2.249E+03,-18.,84.));
#6068 = VECTOR('',#6069,1.);
#6069 = DIRECTION('',(0.,0.,1.));
#6070 = ORIENTED_EDGE('',*,*,#6071,.T.);
#6071 = EDGE_CURVE('',#6062,#6072,#6074,.T.);
#6072 = VERTEX_POINT('',#6073);
#6073 = CARTESIAN_POINT('',(2.249E+03,0.,84.));
#6074 = LINE('',#6075,#6076);
#6075 = CARTESIAN_POINT('',(2.249E+03,-18.,84.));
#6076 = VECTOR('',#6077,1.);
#6077 = DIRECTION('',(0.,1.,0.));
#6078 = ORIENTED_EDGE('',*,*,#6079,.T.);
#6079 = EDGE_CURVE('',#6072,#6080,#6082,.T.);
#6080 = VERTEX_POINT('',#6081);
#6081 = CARTESIAN_POINT('',(2.249E+03,0.,377.));
#6082 = LINE('',#6083,#6084);
#6083 = CARTESIAN_POINT('',(2.249E+03,0.,84.));
#6084 = VECTOR('',#6085,1.);
#6085 = DIRECTION('',(0.,0.,1.));
#6086 = ORIENTED_EDGE('',*,*,#6087,.F.);
#6087 = EDGE_CURVE('',#6064,#6080,#6088,.T.);
#6088 = LINE('',#6089,#6090);
#6089 = CARTESIAN_POINT('',(2.249E+03,-18.,377.));
#6090 = VECTOR('',#6091,1.);
#6091 = DIRECTION('',(0.,1.,0.));
#6092 = PLANE('',#6093);
#6093 = AXIS2_PLACEMENT_3D('',#6094,#6095,#6096);
#6094 = CARTESIAN_POINT('',(2.249E+03,-18.,84.));
#6095 = DIRECTION('',(1.,0.,0.));
#6096 = DIRECTION('',(0.,0.,1.));
#6097 = ADVANCED_FACE('',(#6098),#6114,.F.);
#6098 = FACE_BOUND('',#6099,.F.);
#6099 = EDGE_LOOP('',(#6100,#6106,#6107,#6113));
#6100 = ORIENTED_EDGE('',*,*,#6101,.F.);
#6101 = EDGE_CURVE('',#6022,#6062,#6102,.T.);
#6102 = LINE('',#6103,#6104);
#6103 = CARTESIAN_POINT('',(1.579E+03,-18.,84.));
#6104 = VECTOR('',#6105,1.);
#6105 = DIRECTION('',(1.,0.,0.));
#6106 = ORIENTED_EDGE('',*,*,#6021,.T.);
#6107 = ORIENTED_EDGE('',*,*,#6108,.T.);
#6108 = EDGE_CURVE('',#6024,#6064,#6109,.T.);
#6109 = LINE('',#6110,#6111);
#6110 = CARTESIAN_POINT('',(1.579E+03,-18.,377.));
#6111 = VECTOR('',#6112,1.);
#6112 = DIRECTION('',(1.,0.,0.));
#6113 = ORIENTED_EDGE('',*,*,#6061,.F.);
#6114 = PLANE('',#6115);
#6115 = AXIS2_PLACEMENT_3D('',#6116,#6117,#6118);
#6116 = CARTESIAN_POINT('',(1.579E+03,-18.,84.));
#6117 = DIRECTION('',(0.,1.,0.));
#6118 = DIRECTION('',(0.,0.,1.));
#6119 = ADVANCED_FACE('',(#6120),#6136,.T.);
#6120 = FACE_BOUND('',#6121,.T.);
#6121 = EDGE_LOOP('',(#6122,#6128,#6129,#6135));
#6122 = ORIENTED_EDGE('',*,*,#6123,.F.);
#6123 = EDGE_CURVE('',#6032,#6072,#6124,.T.);
#6124 = LINE('',#6125,#6126);
#6125 = CARTESIAN_POINT('',(1.579E+03,0.,84.));
#6126 = VECTOR('',#6127,1.);
#6127 = DIRECTION('',(1.,0.,0.));
#6128 = ORIENTED_EDGE('',*,*,#6039,.T.);
#6129 = ORIENTED_EDGE('',*,*,#6130,.T.);
#6130 = EDGE_CURVE('',#6040,#6080,#6131,.T.);
#6131 = LINE('',#6132,#6133);
#6132 = CARTESIAN_POINT('',(1.579E+03,0.,377.));
#6133 = VECTOR('',#6134,1.);
#6134 = DIRECTION('',(1.,0.,0.));
#6135 = ORIENTED_EDGE('',*,*,#6079,.F.);
#6136 = PLANE('',#6137);
#6137 = AXIS2_PLACEMENT_3D('',#6138,#6139,#6140);
#6138 = CARTESIAN_POINT('',(1.579E+03,0.,84.));
#6139 = DIRECTION('',(0.,1.,0.));
#6140 = DIRECTION('',(0.,0.,1.));
#6141 = ADVANCED_FACE('',(#6142),#6148,.F.);
#6142 = FACE_BOUND('',#6143,.F.);
#6143 = EDGE_LOOP('',(#6144,#6145,#6146,#6147));
#6144 = ORIENTED_EDGE('',*,*,#6031,.F.);
#6145 = ORIENTED_EDGE('',*,*,#6101,.T.);
#6146 = ORIENTED_EDGE('',*,*,#6071,.T.);
#6147 = ORIENTED_EDGE('',*,*,#6123,.F.);
#6148 = PLANE('',#6149);
#6149 = AXIS2_PLACEMENT_3D('',#6150,#6151,#6152);
#6150 = CARTESIAN_POINT('',(1.579E+03,-18.,84.));
#6151 = DIRECTION('',(0.,0.,1.));
#6152 = DIRECTION('',(1.,0.,0.));
#6153 = ADVANCED_FACE('',(#6154),#6160,.T.);
#6154 = FACE_BOUND('',#6155,.T.);
#6155 = EDGE_LOOP('',(#6156,#6157,#6158,#6159));
#6156 = ORIENTED_EDGE('',*,*,#6047,.F.);
#6157 = ORIENTED_EDGE('',*,*,#6108,.T.);
#6158 = ORIENTED_EDGE('',*,*,#6087,.T.);
#6159 = ORIENTED_EDGE('',*,*,#6130,.F.);
#6160 = PLANE('',#6161);
#6161 = AXIS2_PLACEMENT_3D('',#6162,#6163,#6164);
#6162 = CARTESIAN_POINT('',(1.579E+03,-18.,377.));
#6163 = DIRECTION('',(0.,0.,1.));
#6164 = DIRECTION('',(1.,0.,0.));
#6165 = MANIFOLD_SOLID_BREP('',#6166);
#6166 = CLOSED_SHELL('',(#6167,#6207,#6247,#6269,#6291,#6303));
#6167 = ADVANCED_FACE('',(#6168),#6202,.F.);
#6168 = FACE_BOUND('',#6169,.F.);
#6169 = EDGE_LOOP('',(#6170,#6180,#6188,#6196));
#6170 = ORIENTED_EDGE('',*,*,#6171,.F.);
#6171 = EDGE_CURVE('',#6172,#6174,#6176,.T.);
#6172 = VERTEX_POINT('',#6173);
#6173 = CARTESIAN_POINT('',(933.7,0.,766.));
#6174 = VERTEX_POINT('',#6175);
#6175 = CARTESIAN_POINT('',(933.7,0.,826.));
#6176 = LINE('',#6177,#6178);
#6177 = CARTESIAN_POINT('',(933.7,0.,766.));
#6178 = VECTOR('',#6179,1.);
#6179 = DIRECTION('',(0.,0.,1.));
#6180 = ORIENTED_EDGE('',*,*,#6181,.T.);
#6181 = EDGE_CURVE('',#6172,#6182,#6184,.T.);
#6182 = VERTEX_POINT('',#6183);
#6183 = CARTESIAN_POINT('',(933.7,500.,766.));
#6184 = LINE('',#6185,#6186);
#6185 = CARTESIAN_POINT('',(933.7,0.,766.));
#6186 = VECTOR('',#6187,1.);
#6187 = DIRECTION('',(0.,1.,0.));
#6188 = ORIENTED_EDGE('',*,*,#6189,.T.);
#6189 = EDGE_CURVE('',#6182,#6190,#6192,.T.);
#6190 = VERTEX_POINT('',#6191);
#6191 = CARTESIAN_POINT('',(933.7,500.,826.));
#6192 = LINE('',#6193,#6194);
#6193 = CARTESIAN_POINT('',(933.7,500.,766.));
#6194 = VECTOR('',#6195,1.);
#6195 = DIRECTION('',(0.,0.,1.));
#6196 = ORIENTED_EDGE('',*,*,#6197,.F.);
#6197 = EDGE_CURVE('',#6174,#6190,#6198,.T.);
#6198 = LINE('',#6199,#6200);
#6199 = CARTESIAN_POINT('',(933.7,0.,826.));
#6200 = VECTOR('',#6201,1.);
#6201 = DIRECTION('',(0.,1.,0.));
#6202 = PLANE('',#6203);
#6203 = AXIS2_PLACEMENT_3D('',#6204,#6205,#6206);
#6204 = CARTESIAN_POINT('',(933.7,0.,766.));
#6205 = DIRECTION('',(1.,0.,0.));
#6206 = DIRECTION('',(0.,0.,1.));
#6207 = ADVANCED_FACE('',(#6208),#6242,.T.);
#6208 = FACE_BOUND('',#6209,.T.);
#6209 = EDGE_LOOP('',(#6210,#6220,#6228,#6236));
#6210 = ORIENTED_EDGE('',*,*,#6211,.F.);
#6211 = EDGE_CURVE('',#6212,#6214,#6216,.T.);
#6212 = VERTEX_POINT('',#6213);
#6213 = CARTESIAN_POINT('',(951.7,0.,766.));
#6214 = VERTEX_POINT('',#6215);
#6215 = CARTESIAN_POINT('',(951.7,0.,826.));
#6216 = LINE('',#6217,#6218);
#6217 = CARTESIAN_POINT('',(951.7,0.,766.));
#6218 = VECTOR('',#6219,1.);
#6219 = DIRECTION('',(0.,0.,1.));
#6220 = ORIENTED_EDGE('',*,*,#6221,.T.);
#6221 = EDGE_CURVE('',#6212,#6222,#6224,.T.);
#6222 = VERTEX_POINT('',#6223);
#6223 = CARTESIAN_POINT('',(951.7,500.,766.));
#6224 = LINE('',#6225,#6226);
#6225 = CARTESIAN_POINT('',(951.7,0.,766.));
#6226 = VECTOR('',#6227,1.);
#6227 = DIRECTION('',(0.,1.,0.));
#6228 = ORIENTED_EDGE('',*,*,#6229,.T.);
#6229 = EDGE_CURVE('',#6222,#6230,#6232,.T.);
#6230 = VERTEX_POINT('',#6231);
#6231 = CARTESIAN_POINT('',(951.7,500.,826.));
#6232 = LINE('',#6233,#6234);
#6233 = CARTESIAN_POINT('',(951.7,500.,766.));
#6234 = VECTOR('',#6235,1.);
#6235 = DIRECTION('',(0.,0.,1.));
#6236 = ORIENTED_EDGE('',*,*,#6237,.F.);
#6237 = EDGE_CURVE('',#6214,#6230,#6238,.T.);
#6238 = LINE('',#6239,#6240);
#6239 = CARTESIAN_POINT('',(951.7,0.,826.));
#6240 = VECTOR('',#6241,1.);
#6241 = DIRECTION('',(0.,1.,0.));
#6242 = PLANE('',#6243);
#6243 = AXIS2_PLACEMENT_3D('',#6244,#6245,#6246);
#6244 = CARTESIAN_POINT('',(951.7,0.,766.));
#6245 = DIRECTION('',(1.,0.,0.));
#6246 = DIRECTION('',(0.,0.,1.));
#6247 = ADVANCED_FACE('',(#6248),#6264,.F.);
#6248 = FACE_BOUND('',#6249,.F.);
#6249 = EDGE_LOOP('',(#6250,#6256,#6257,#6263));
#6250 = ORIENTED_EDGE('',*,*,#6251,.F.);
#6251 = EDGE_CURVE('',#6172,#6212,#6252,.T.);
#6252 = LINE('',#6253,#6254);
#6253 = CARTESIAN_POINT('',(933.7,0.,766.));
#6254 = VECTOR('',#6255,1.);
#6255 = DIRECTION('',(1.,0.,0.));
#6256 = ORIENTED_EDGE('',*,*,#6171,.T.);
#6257 = ORIENTED_EDGE('',*,*,#6258,.T.);
#6258 = EDGE_CURVE('',#6174,#6214,#6259,.T.);
#6259 = LINE('',#6260,#6261);
#6260 = CARTESIAN_POINT('',(933.7,0.,826.));
#6261 = VECTOR('',#6262,1.);
#6262 = DIRECTION('',(1.,0.,0.));
#6263 = ORIENTED_EDGE('',*,*,#6211,.F.);
#6264 = PLANE('',#6265);
#6265 = AXIS2_PLACEMENT_3D('',#6266,#6267,#6268);
#6266 = CARTESIAN_POINT('',(933.7,0.,766.));
#6267 = DIRECTION('',(0.,1.,0.));
#6268 = DIRECTION('',(0.,0.,1.));
#6269 = ADVANCED_FACE('',(#6270),#6286,.T.);
#6270 = FACE_BOUND('',#6271,.T.);
#6271 = EDGE_LOOP('',(#6272,#6278,#6279,#6285));
#6272 = ORIENTED_EDGE('',*,*,#6273,.F.);
#6273 = EDGE_CURVE('',#6182,#6222,#6274,.T.);
#6274 = LINE('',#6275,#6276);
#6275 = CARTESIAN_POINT('',(933.7,500.,766.));
#6276 = VECTOR('',#6277,1.);
#6277 = DIRECTION('',(1.,0.,0.));
#6278 = ORIENTED_EDGE('',*,*,#6189,.T.);
#6279 = ORIENTED_EDGE('',*,*,#6280,.T.);
#6280 = EDGE_CURVE('',#6190,#6230,#6281,.T.);
#6281 = LINE('',#6282,#6283);
#6282 = CARTESIAN_POINT('',(933.7,500.,826.));
#6283 = VECTOR('',#6284,1.);
#6284 = DIRECTION('',(1.,0.,0.));
#6285 = ORIENTED_EDGE('',*,*,#6229,.F.);
#6286 = PLANE('',#6287);
#6287 = AXIS2_PLACEMENT_3D('',#6288,#6289,#6290);
#6288 = CARTESIAN_POINT('',(933.7,500.,766.));
#6289 = DIRECTION('',(0.,1.,0.));
#6290 = DIRECTION('',(0.,0.,1.));
#6291 = ADVANCED_FACE('',(#6292),#6298,.F.);
#6292 = FACE_BOUND('',#6293,.F.);
#6293 = EDGE_LOOP('',(#6294,#6295,#6296,#6297));
#6294 = ORIENTED_EDGE('',*,*,#6181,.F.);
#6295 = ORIENTED_EDGE('',*,*,#6251,.T.);
#6296 = ORIENTED_EDGE('',*,*,#6221,.T.);
#6297 = ORIENTED_EDGE('',*,*,#6273,.F.);
#6298 = PLANE('',#6299);
#6299 = AXIS2_PLACEMENT_3D('',#6300,#6301,#6302);
#6300 = CARTESIAN_POINT('',(933.7,0.,766.));
#6301 = DIRECTION('',(0.,0.,1.));
#6302 = DIRECTION('',(1.,0.,0.));
#6303 = ADVANCED_FACE('',(#6304),#6310,.T.);
#6304 = FACE_BOUND('',#6305,.T.);
#6305 = EDGE_LOOP('',(#6306,#6307,#6308,#6309));
#6306 = ORIENTED_EDGE('',*,*,#6197,.F.);
#6307 = ORIENTED_EDGE('',*,*,#6258,.T.);
#6308 = ORIENTED_EDGE('',*,*,#6237,.T.);
#6309 = ORIENTED_EDGE('',*,*,#6280,.F.);
#6310 = PLANE('',#6311);
#6311 = AXIS2_PLACEMENT_3D('',#6312,#6313,#6314);
#6312 = CARTESIAN_POINT('',(933.7,0.,826.));
#6313 = DIRECTION('',(0.,0.,1.));
#6314 = DIRECTION('',(1.,0.,0.));
#6315 = MANIFOLD_SOLID_BREP('',#6316);
#6316 = CLOSED_SHELL('',(#6317,#6357,#6397,#6419,#6441,#6453));
#6317 = ADVANCED_FACE('',(#6318),#6352,.F.);
#6318 = FACE_BOUND('',#6319,.F.);
#6319 = EDGE_LOOP('',(#6320,#6330,#6338,#6346));
#6320 = ORIENTED_EDGE('',*,*,#6321,.F.);
#6321 = EDGE_CURVE('',#6322,#6324,#6326,.T.);
#6322 = VERTEX_POINT('',#6323);
#6323 = CARTESIAN_POINT('',(1.5408E+03,0.,766.));
#6324 = VERTEX_POINT('',#6325);
#6325 = CARTESIAN_POINT('',(1.5408E+03,0.,826.));
#6326 = LINE('',#6327,#6328);
#6327 = CARTESIAN_POINT('',(1.5408E+03,0.,766.));
#6328 = VECTOR('',#6329,1.);
#6329 = DIRECTION('',(0.,0.,1.));
#6330 = ORIENTED_EDGE('',*,*,#6331,.T.);
#6331 = EDGE_CURVE('',#6322,#6332,#6334,.T.);
#6332 = VERTEX_POINT('',#6333);
#6333 = CARTESIAN_POINT('',(1.5408E+03,500.,766.));
#6334 = LINE('',#6335,#6336);
#6335 = CARTESIAN_POINT('',(1.5408E+03,0.,766.));
#6336 = VECTOR('',#6337,1.);
#6337 = DIRECTION('',(0.,1.,0.));
#6338 = ORIENTED_EDGE('',*,*,#6339,.T.);
#6339 = EDGE_CURVE('',#6332,#6340,#6342,.T.);
#6340 = VERTEX_POINT('',#6341);
#6341 = CARTESIAN_POINT('',(1.5408E+03,500.,826.));
#6342 = LINE('',#6343,#6344);
#6343 = CARTESIAN_POINT('',(1.5408E+03,500.,766.));
#6344 = VECTOR('',#6345,1.);
#6345 = DIRECTION('',(0.,0.,1.));
#6346 = ORIENTED_EDGE('',*,*,#6347,.F.);
#6347 = EDGE_CURVE('',#6324,#6340,#6348,.T.);
#6348 = LINE('',#6349,#6350);
#6349 = CARTESIAN_POINT('',(1.5408E+03,0.,826.));
#6350 = VECTOR('',#6351,1.);
#6351 = DIRECTION('',(0.,1.,0.));
#6352 = PLANE('',#6353);
#6353 = AXIS2_PLACEMENT_3D('',#6354,#6355,#6356);
#6354 = CARTESIAN_POINT('',(1.5408E+03,0.,766.));
#6355 = DIRECTION('',(1.,0.,0.));
#6356 = DIRECTION('',(0.,0.,1.));
#6357 = ADVANCED_FACE('',(#6358),#6392,.T.);
#6358 = FACE_BOUND('',#6359,.T.);
#6359 = EDGE_LOOP('',(#6360,#6370,#6378,#6386));
#6360 = ORIENTED_EDGE('',*,*,#6361,.F.);
#6361 = EDGE_CURVE('',#6362,#6364,#6366,.T.);
#6362 = VERTEX_POINT('',#6363);
#6363 = CARTESIAN_POINT('',(1.5588E+03,0.,766.));
#6364 = VERTEX_POINT('',#6365);
#6365 = CARTESIAN_POINT('',(1.5588E+03,0.,826.));
#6366 = LINE('',#6367,#6368);
#6367 = CARTESIAN_POINT('',(1.5588E+03,0.,766.));
#6368 = VECTOR('',#6369,1.);
#6369 = DIRECTION('',(0.,0.,1.));
#6370 = ORIENTED_EDGE('',*,*,#6371,.T.);
#6371 = EDGE_CURVE('',#6362,#6372,#6374,.T.);
#6372 = VERTEX_POINT('',#6373);
#6373 = CARTESIAN_POINT('',(1.5588E+03,500.,766.));
#6374 = LINE('',#6375,#6376);
#6375 = CARTESIAN_POINT('',(1.5588E+03,0.,766.));
#6376 = VECTOR('',#6377,1.);
#6377 = DIRECTION('',(0.,1.,0.));
#6378 = ORIENTED_EDGE('',*,*,#6379,.T.);
#6379 = EDGE_CURVE('',#6372,#6380,#6382,.T.);
#6380 = VERTEX_POINT('',#6381);
#6381 = CARTESIAN_POINT('',(1.5588E+03,500.,826.));
#6382 = LINE('',#6383,#6384);
#6383 = CARTESIAN_POINT('',(1.5588E+03,500.,766.));
#6384 = VECTOR('',#6385,1.);
#6385 = DIRECTION('',(0.,0.,1.));
#6386 = ORIENTED_EDGE('',*,*,#6387,.F.);
#6387 = EDGE_CURVE('',#6364,#6380,#6388,.T.);
#6388 = LINE('',#6389,#6390);
#6389 = CARTESIAN_POINT('',(1.5588E+03,0.,826.));
#6390 = VECTOR('',#6391,1.);
#6391 = DIRECTION('',(0.,1.,0.));
#6392 = PLANE('',#6393);
#6393 = AXIS2_PLACEMENT_3D('',#6394,#6395,#6396);
#6394 = CARTESIAN_POINT('',(1.5588E+03,0.,766.));
#6395 = DIRECTION('',(1.,0.,0.));
#6396 = DIRECTION('',(0.,0.,1.));
#6397 = ADVANCED_FACE('',(#6398),#6414,.F.);
#6398 = FACE_BOUND('',#6399,.F.);
#6399 = EDGE_LOOP('',(#6400,#6406,#6407,#6413));
#6400 = ORIENTED_EDGE('',*,*,#6401,.F.);
#6401 = EDGE_CURVE('',#6322,#6362,#6402,.T.);
#6402 = LINE('',#6403,#6404);
#6403 = CARTESIAN_POINT('',(1.5408E+03,0.,766.));
#6404 = VECTOR('',#6405,1.);
#6405 = DIRECTION('',(1.,0.,0.));
#6406 = ORIENTED_EDGE('',*,*,#6321,.T.);
#6407 = ORIENTED_EDGE('',*,*,#6408,.T.);
#6408 = EDGE_CURVE('',#6324,#6364,#6409,.T.);
#6409 = LINE('',#6410,#6411);
#6410 = CARTESIAN_POINT('',(1.5408E+03,0.,826.));
#6411 = VECTOR('',#6412,1.);
#6412 = DIRECTION('',(1.,0.,0.));
#6413 = ORIENTED_EDGE('',*,*,#6361,.F.);
#6414 = PLANE('',#6415);
#6415 = AXIS2_PLACEMENT_3D('',#6416,#6417,#6418);
#6416 = CARTESIAN_POINT('',(1.5408E+03,0.,766.));
#6417 = DIRECTION('',(0.,1.,0.));
#6418 = DIRECTION('',(0.,0.,1.));
#6419 = ADVANCED_FACE('',(#6420),#6436,.T.);
#6420 = FACE_BOUND('',#6421,.T.);
#6421 = EDGE_LOOP('',(#6422,#6428,#6429,#6435));
#6422 = ORIENTED_EDGE('',*,*,#6423,.F.);
#6423 = EDGE_CURVE('',#6332,#6372,#6424,.T.);
#6424 = LINE('',#6425,#6426);
#6425 = CARTESIAN_POINT('',(1.5408E+03,500.,766.));
#6426 = VECTOR('',#6427,1.);
#6427 = DIRECTION('',(1.,0.,0.));
#6428 = ORIENTED_EDGE('',*,*,#6339,.T.);
#6429 = ORIENTED_EDGE('',*,*,#6430,.T.);
#6430 = EDGE_CURVE('',#6340,#6380,#6431,.T.);
#6431 = LINE('',#6432,#6433);
#6432 = CARTESIAN_POINT('',(1.5408E+03,500.,826.));
#6433 = VECTOR('',#6434,1.);
#6434 = DIRECTION('',(1.,0.,0.));
#6435 = ORIENTED_EDGE('',*,*,#6379,.F.);
#6436 = PLANE('',#6437);
#6437 = AXIS2_PLACEMENT_3D('',#6438,#6439,#6440);
#6438 = CARTESIAN_POINT('',(1.5408E+03,500.,766.));
#6439 = DIRECTION('',(0.,1.,0.));
#6440 = DIRECTION('',(0.,0.,1.));
#6441 = ADVANCED_FACE('',(#6442),#6448,.F.);
#6442 = FACE_BOUND('',#6443,.F.);
#6443 = EDGE_LOOP('',(#6444,#6445,#6446,#6447));
#6444 = ORIENTED_EDGE('',*,*,#6331,.F.);
#6445 = ORIENTED_EDGE('',*,*,#6401,.T.);
#6446 = ORIENTED_EDGE('',*,*,#6371,.T.);
#6447 = ORIENTED_EDGE('',*,*,#6423,.F.);
#6448 = PLANE('',#6449);
#6449 = AXIS2_PLACEMENT_3D('',#6450,#6451,#6452);
#6450 = CARTESIAN_POINT('',(1.5408E+03,0.,766.));
#6451 = DIRECTION('',(0.,0.,1.));
#6452 = DIRECTION('',(1.,0.,0.));
#6453 = ADVANCED_FACE('',(#6454),#6460,.T.);
#6454 = FACE_BOUND('',#6455,.T.);
#6455 = EDGE_LOOP('',(#6456,#6457,#6458,#6459));
#6456 = ORIENTED_EDGE('',*,*,#6347,.F.);
#6457 = ORIENTED_EDGE('',*,*,#6408,.T.);
#6458 = ORIENTED_EDGE('',*,*,#6387,.T.);
#6459 = ORIENTED_EDGE('',*,*,#6430,.F.);
#6460 = PLANE('',#6461);
#6461 = AXIS2_PLACEMENT_3D('',#6462,#6463,#6464);
#6462 = CARTESIAN_POINT('',(1.5408E+03,0.,826.));
#6463 = DIRECTION('',(0.,0.,1.));
#6464 = DIRECTION('',(1.,0.,0.));
#6465 = MANIFOLD_SOLID_BREP('',#6466);
#6466 = CLOSED_SHELL('',(#6467,#6507,#6547,#6569,#6591,#6603));
#6467 = ADVANCED_FACE('',(#6468),#6502,.F.);
#6468 = FACE_BOUND('',#6469,.F.);
#6469 = EDGE_LOOP('',(#6470,#6480,#6488,#6496));
#6470 = ORIENTED_EDGE('',*,*,#6471,.F.);
#6471 = EDGE_CURVE('',#6472,#6474,#6476,.T.);
#6472 = VERTEX_POINT('',#6473);
#6473 = CARTESIAN_POINT('',(951.7,0.,766.));
#6474 = VERTEX_POINT('',#6475);
#6475 = CARTESIAN_POINT('',(951.7,0.,826.));
#6476 = LINE('',#6477,#6478);
#6477 = CARTESIAN_POINT('',(951.7,0.,766.));
#6478 = VECTOR('',#6479,1.);
#6479 = DIRECTION('',(0.,0.,1.));
#6480 = ORIENTED_EDGE('',*,*,#6481,.T.);
#6481 = EDGE_CURVE('',#6472,#6482,#6484,.T.);
#6482 = VERTEX_POINT('',#6483);
#6483 = CARTESIAN_POINT('',(951.7,18.,766.));
#6484 = LINE('',#6485,#6486);
#6485 = CARTESIAN_POINT('',(951.7,0.,766.));
#6486 = VECTOR('',#6487,1.);
#6487 = DIRECTION('',(0.,1.,0.));
#6488 = ORIENTED_EDGE('',*,*,#6489,.T.);
#6489 = EDGE_CURVE('',#6482,#6490,#6492,.T.);
#6490 = VERTEX_POINT('',#6491);
#6491 = CARTESIAN_POINT('',(951.7,18.,826.));
#6492 = LINE('',#6493,#6494);
#6493 = CARTESIAN_POINT('',(951.7,18.,766.));
#6494 = VECTOR('',#6495,1.);
#6495 = DIRECTION('',(0.,0.,1.));
#6496 = ORIENTED_EDGE('',*,*,#6497,.F.);
#6497 = EDGE_CURVE('',#6474,#6490,#6498,.T.);
#6498 = LINE('',#6499,#6500);
#6499 = CARTESIAN_POINT('',(951.7,0.,826.));
#6500 = VECTOR('',#6501,1.);
#6501 = DIRECTION('',(0.,1.,0.));
#6502 = PLANE('',#6503);
#6503 = AXIS2_PLACEMENT_3D('',#6504,#6505,#6506);
#6504 = CARTESIAN_POINT('',(951.7,0.,766.));
#6505 = DIRECTION('',(1.,0.,0.));
#6506 = DIRECTION('',(0.,0.,1.));
#6507 = ADVANCED_FACE('',(#6508),#6542,.T.);
#6508 = FACE_BOUND('',#6509,.T.);
#6509 = EDGE_LOOP('',(#6510,#6520,#6528,#6536));
#6510 = ORIENTED_EDGE('',*,*,#6511,.F.);
#6511 = EDGE_CURVE('',#6512,#6514,#6516,.T.);
#6512 = VERTEX_POINT('',#6513);
#6513 = CARTESIAN_POINT('',(1.5408E+03,0.,766.));
#6514 = VERTEX_POINT('',#6515);
#6515 = CARTESIAN_POINT('',(1.5408E+03,0.,826.));
#6516 = LINE('',#6517,#6518);
#6517 = CARTESIAN_POINT('',(1.5408E+03,0.,766.));
#6518 = VECTOR('',#6519,1.);
#6519 = DIRECTION('',(0.,0.,1.));
#6520 = ORIENTED_EDGE('',*,*,#6521,.T.);
#6521 = EDGE_CURVE('',#6512,#6522,#6524,.T.);
#6522 = VERTEX_POINT('',#6523);
#6523 = CARTESIAN_POINT('',(1.5408E+03,18.,766.));
#6524 = LINE('',#6525,#6526);
#6525 = CARTESIAN_POINT('',(1.5408E+03,0.,766.));
#6526 = VECTOR('',#6527,1.);
#6527 = DIRECTION('',(0.,1.,0.));
#6528 = ORIENTED_EDGE('',*,*,#6529,.T.);
#6529 = EDGE_CURVE('',#6522,#6530,#6532,.T.);
#6530 = VERTEX_POINT('',#6531);
#6531 = CARTESIAN_POINT('',(1.5408E+03,18.,826.));
#6532 = LINE('',#6533,#6534);
#6533 = CARTESIAN_POINT('',(1.5408E+03,18.,766.));
#6534 = VECTOR('',#6535,1.);
#6535 = DIRECTION('',(0.,0.,1.));
#6536 = ORIENTED_EDGE('',*,*,#6537,.F.);
#6537 = EDGE_CURVE('',#6514,#6530,#6538,.T.);
#6538 = LINE('',#6539,#6540);
#6539 = CARTESIAN_POINT('',(1.5408E+03,0.,826.));
#6540 = VECTOR('',#6541,1.);
#6541 = DIRECTION('',(0.,1.,0.));
#6542 = PLANE('',#6543);
#6543 = AXIS2_PLACEMENT_3D('',#6544,#6545,#6546);
#6544 = CARTESIAN_POINT('',(1.5408E+03,0.,766.));
#6545 = DIRECTION('',(1.,0.,0.));
#6546 = DIRECTION('',(0.,0.,1.));
#6547 = ADVANCED_FACE('',(#6548),#6564,.F.);
#6548 = FACE_BOUND('',#6549,.F.);
#6549 = EDGE_LOOP('',(#6550,#6556,#6557,#6563));
#6550 = ORIENTED_EDGE('',*,*,#6551,.F.);
#6551 = EDGE_CURVE('',#6472,#6512,#6552,.T.);
#6552 = LINE('',#6553,#6554);
#6553 = CARTESIAN_POINT('',(951.7,0.,766.));
#6554 = VECTOR('',#6555,1.);
#6555 = DIRECTION('',(1.,0.,0.));
#6556 = ORIENTED_EDGE('',*,*,#6471,.T.);
#6557 = ORIENTED_EDGE('',*,*,#6558,.T.);
#6558 = EDGE_CURVE('',#6474,#6514,#6559,.T.);
#6559 = LINE('',#6560,#6561);
#6560 = CARTESIAN_POINT('',(951.7,0.,826.));
#6561 = VECTOR('',#6562,1.);
#6562 = DIRECTION('',(1.,0.,0.));
#6563 = ORIENTED_EDGE('',*,*,#6511,.F.);
#6564 = PLANE('',#6565);
#6565 = AXIS2_PLACEMENT_3D('',#6566,#6567,#6568);
#6566 = CARTESIAN_POINT('',(951.7,0.,766.));
#6567 = DIRECTION('',(0.,1.,0.));
#6568 = DIRECTION('',(0.,0.,1.));
#6569 = ADVANCED_FACE('',(#6570),#6586,.T.);
#6570 = FACE_BOUND('',#6571,.T.);
#6571 = EDGE_LOOP('',(#6572,#6578,#6579,#6585));
#6572 = ORIENTED_EDGE('',*,*,#6573,.F.);
#6573 = EDGE_CURVE('',#6482,#6522,#6574,.T.);
#6574 = LINE('',#6575,#6576);
#6575 = CARTESIAN_POINT('',(951.7,18.,766.));
#6576 = VECTOR('',#6577,1.);
#6577 = DIRECTION('',(1.,0.,0.));
#6578 = ORIENTED_EDGE('',*,*,#6489,.T.);
#6579 = ORIENTED_EDGE('',*,*,#6580,.T.);
#6580 = EDGE_CURVE('',#6490,#6530,#6581,.T.);
#6581 = LINE('',#6582,#6583);
#6582 = CARTESIAN_POINT('',(951.7,18.,826.));
#6583 = VECTOR('',#6584,1.);
#6584 = DIRECTION('',(1.,0.,0.));
#6585 = ORIENTED_EDGE('',*,*,#6529,.F.);
#6586 = PLANE('',#6587);
#6587 = AXIS2_PLACEMENT_3D('',#6588,#6589,#6590);
#6588 = CARTESIAN_POINT('',(951.7,18.,766.));
#6589 = DIRECTION('',(0.,1.,0.));
#6590 = DIRECTION('',(0.,0.,1.));
#6591 = ADVANCED_FACE('',(#6592),#6598,.F.);
#6592 = FACE_BOUND('',#6593,.F.);
#6593 = EDGE_LOOP('',(#6594,#6595,#6596,#6597));
#6594 = ORIENTED_EDGE('',*,*,#6481,.F.);
#6595 = ORIENTED_EDGE('',*,*,#6551,.T.);
#6596 = ORIENTED_EDGE('',*,*,#6521,.T.);
#6597 = ORIENTED_EDGE('',*,*,#6573,.F.);
#6598 = PLANE('',#6599);
#6599 = AXIS2_PLACEMENT_3D('',#6600,#6601,#6602);
#6600 = CARTESIAN_POINT('',(951.7,0.,766.));
#6601 = DIRECTION('',(0.,0.,1.));
#6602 = DIRECTION('',(1.,0.,0.));
#6603 = ADVANCED_FACE('',(#6604),#6610,.T.);
#6604 = FACE_BOUND('',#6605,.T.);
#6605 = EDGE_LOOP('',(#6606,#6607,#6608,#6609));
#6606 = ORIENTED_EDGE('',*,*,#6497,.F.);
#6607 = ORIENTED_EDGE('',*,*,#6558,.T.);
#6608 = ORIENTED_EDGE('',*,*,#6537,.T.);
#6609 = ORIENTED_EDGE('',*,*,#6580,.F.);
#6610 = PLANE('',#6611);
#6611 = AXIS2_PLACEMENT_3D('',#6612,#6613,#6614);
#6612 = CARTESIAN_POINT('',(951.7,0.,826.));
#6613 = DIRECTION('',(0.,0.,1.));
#6614 = DIRECTION('',(1.,0.,0.));
#6615 = MANIFOLD_SOLID_BREP('',#6616);
#6616 = CLOSED_SHELL('',(#6617,#6657,#6697,#6719,#6741,#6753));
#6617 = ADVANCED_FACE('',(#6618),#6652,.F.);
#6618 = FACE_BOUND('',#6619,.F.);
#6619 = EDGE_LOOP('',(#6620,#6630,#6638,#6646));
#6620 = ORIENTED_EDGE('',*,*,#6621,.F.);
#6621 = EDGE_CURVE('',#6622,#6624,#6626,.T.);
#6622 = VERTEX_POINT('',#6623);
#6623 = CARTESIAN_POINT('',(951.7,482.,766.));
#6624 = VERTEX_POINT('',#6625);
#6625 = CARTESIAN_POINT('',(951.7,482.,826.));
#6626 = LINE('',#6627,#6628);
#6627 = CARTESIAN_POINT('',(951.7,482.,766.));
#6628 = VECTOR('',#6629,1.);
#6629 = DIRECTION('',(0.,0.,1.));
#6630 = ORIENTED_EDGE('',*,*,#6631,.T.);
#6631 = EDGE_CURVE('',#6622,#6632,#6634,.T.);
#6632 = VERTEX_POINT('',#6633);
#6633 = CARTESIAN_POINT('',(951.7,500.,766.));
#6634 = LINE('',#6635,#6636);
#6635 = CARTESIAN_POINT('',(951.7,482.,766.));
#6636 = VECTOR('',#6637,1.);
#6637 = DIRECTION('',(0.,1.,0.));
#6638 = ORIENTED_EDGE('',*,*,#6639,.T.);
#6639 = EDGE_CURVE('',#6632,#6640,#6642,.T.);
#6640 = VERTEX_POINT('',#6641);
#6641 = CARTESIAN_POINT('',(951.7,500.,826.));
#6642 = LINE('',#6643,#6644);
#6643 = CARTESIAN_POINT('',(951.7,500.,766.));
#6644 = VECTOR('',#6645,1.);
#6645 = DIRECTION('',(0.,0.,1.));
#6646 = ORIENTED_EDGE('',*,*,#6647,.F.);
#6647 = EDGE_CURVE('',#6624,#6640,#6648,.T.);
#6648 = LINE('',#6649,#6650);
#6649 = CARTESIAN_POINT('',(951.7,482.,826.));
#6650 = VECTOR('',#6651,1.);
#6651 = DIRECTION('',(0.,1.,0.));
#6652 = PLANE('',#6653);
#6653 = AXIS2_PLACEMENT_3D('',#6654,#6655,#6656);
#6654 = CARTESIAN_POINT('',(951.7,482.,766.));
#6655 = DIRECTION('',(1.,0.,0.));
#6656 = DIRECTION('',(0.,0.,1.));
#6657 = ADVANCED_FACE('',(#6658),#6692,.T.);
#6658 = FACE_BOUND('',#6659,.T.);
#6659 = EDGE_LOOP('',(#6660,#6670,#6678,#6686));
#6660 = ORIENTED_EDGE('',*,*,#6661,.F.);
#6661 = EDGE_CURVE('',#6662,#6664,#6666,.T.);
#6662 = VERTEX_POINT('',#6663);
#6663 = CARTESIAN_POINT('',(1.5408E+03,482.,766.));
#6664 = VERTEX_POINT('',#6665);
#6665 = CARTESIAN_POINT('',(1.5408E+03,482.,826.));
#6666 = LINE('',#6667,#6668);
#6667 = CARTESIAN_POINT('',(1.5408E+03,482.,766.));
#6668 = VECTOR('',#6669,1.);
#6669 = DIRECTION('',(0.,0.,1.));
#6670 = ORIENTED_EDGE('',*,*,#6671,.T.);
#6671 = EDGE_CURVE('',#6662,#6672,#6674,.T.);
#6672 = VERTEX_POINT('',#6673);
#6673 = CARTESIAN_POINT('',(1.5408E+03,500.,766.));
#6674 = LINE('',#6675,#6676);
#6675 = CARTESIAN_POINT('',(1.5408E+03,482.,766.));
#6676 = VECTOR('',#6677,1.);
#6677 = DIRECTION('',(0.,1.,0.));
#6678 = ORIENTED_EDGE('',*,*,#6679,.T.);
#6679 = EDGE_CURVE('',#6672,#6680,#6682,.T.);
#6680 = VERTEX_POINT('',#6681);
#6681 = CARTESIAN_POINT('',(1.5408E+03,500.,826.));
#6682 = LINE('',#6683,#6684);
#6683 = CARTESIAN_POINT('',(1.5408E+03,500.,766.));
#6684 = VECTOR('',#6685,1.);
#6685 = DIRECTION('',(0.,0.,1.));
#6686 = ORIENTED_EDGE('',*,*,#6687,.F.);
#6687 = EDGE_CURVE('',#6664,#6680,#6688,.T.);
#6688 = LINE('',#6689,#6690);
#6689 = CARTESIAN_POINT('',(1.5408E+03,482.,826.));
#6690 = VECTOR('',#6691,1.);
#6691 = DIRECTION('',(0.,1.,0.));
#6692 = PLANE('',#6693);
#6693 = AXIS2_PLACEMENT_3D('',#6694,#6695,#6696);
#6694 = CARTESIAN_POINT('',(1.5408E+03,482.,766.));
#6695 = DIRECTION('',(1.,0.,0.));
#6696 = DIRECTION('',(0.,0.,1.));
#6697 = ADVANCED_FACE('',(#6698),#6714,.F.);
#6698 = FACE_BOUND('',#6699,.F.);
#6699 = EDGE_LOOP('',(#6700,#6706,#6707,#6713));
#6700 = ORIENTED_EDGE('',*,*,#6701,.F.);
#6701 = EDGE_CURVE('',#6622,#6662,#6702,.T.);
#6702 = LINE('',#6703,#6704);
#6703 = CARTESIAN_POINT('',(951.7,482.,766.));
#6704 = VECTOR('',#6705,1.);
#6705 = DIRECTION('',(1.,0.,0.));
#6706 = ORIENTED_EDGE('',*,*,#6621,.T.);
#6707 = ORIENTED_EDGE('',*,*,#6708,.T.);
#6708 = EDGE_CURVE('',#6624,#6664,#6709,.T.);
#6709 = LINE('',#6710,#6711);
#6710 = CARTESIAN_POINT('',(951.7,482.,826.));
#6711 = VECTOR('',#6712,1.);
#6712 = DIRECTION('',(1.,0.,0.));
#6713 = ORIENTED_EDGE('',*,*,#6661,.F.);
#6714 = PLANE('',#6715);
#6715 = AXIS2_PLACEMENT_3D('',#6716,#6717,#6718);
#6716 = CARTESIAN_POINT('',(951.7,482.,766.));
#6717 = DIRECTION('',(0.,1.,0.));
#6718 = DIRECTION('',(0.,0.,1.));
#6719 = ADVANCED_FACE('',(#6720),#6736,.T.);
#6720 = FACE_BOUND('',#6721,.T.);
#6721 = EDGE_LOOP('',(#6722,#6728,#6729,#6735));
#6722 = ORIENTED_EDGE('',*,*,#6723,.F.);
#6723 = EDGE_CURVE('',#6632,#6672,#6724,.T.);
#6724 = LINE('',#6725,#6726);
#6725 = CARTESIAN_POINT('',(951.7,500.,766.));
#6726 = VECTOR('',#6727,1.);
#6727 = DIRECTION('',(1.,0.,0.));
#6728 = ORIENTED_EDGE('',*,*,#6639,.T.);
#6729 = ORIENTED_EDGE('',*,*,#6730,.T.);
#6730 = EDGE_CURVE('',#6640,#6680,#6731,.T.);
#6731 = LINE('',#6732,#6733);
#6732 = CARTESIAN_POINT('',(951.7,500.,826.));
#6733 = VECTOR('',#6734,1.);
#6734 = DIRECTION('',(1.,0.,0.));
#6735 = ORIENTED_EDGE('',*,*,#6679,.F.);
#6736 = PLANE('',#6737);
#6737 = AXIS2_PLACEMENT_3D('',#6738,#6739,#6740);
#6738 = CARTESIAN_POINT('',(951.7,500.,766.));
#6739 = DIRECTION('',(0.,1.,0.));
#6740 = DIRECTION('',(0.,0.,1.));
#6741 = ADVANCED_FACE('',(#6742),#6748,.F.);
#6742 = FACE_BOUND('',#6743,.F.);
#6743 = EDGE_LOOP('',(#6744,#6745,#6746,#6747));
#6744 = ORIENTED_EDGE('',*,*,#6631,.F.);
#6745 = ORIENTED_EDGE('',*,*,#6701,.T.);
#6746 = ORIENTED_EDGE('',*,*,#6671,.T.);
#6747 = ORIENTED_EDGE('',*,*,#6723,.F.);
#6748 = PLANE('',#6749);
#6749 = AXIS2_PLACEMENT_3D('',#6750,#6751,#6752);
#6750 = CARTESIAN_POINT('',(951.7,482.,766.));
#6751 = DIRECTION('',(0.,0.,1.));
#6752 = DIRECTION('',(1.,0.,0.));
#6753 = ADVANCED_FACE('',(#6754),#6760,.T.);
#6754 = FACE_BOUND('',#6755,.T.);
#6755 = EDGE_LOOP('',(#6756,#6757,#6758,#6759));
#6756 = ORIENTED_EDGE('',*,*,#6647,.F.);
#6757 = ORIENTED_EDGE('',*,*,#6708,.T.);
#6758 = ORIENTED_EDGE('',*,*,#6687,.T.);
#6759 = ORIENTED_EDGE('',*,*,#6730,.F.);
#6760 = PLANE('',#6761);
#6761 = AXIS2_PLACEMENT_3D('',#6762,#6763,#6764);
#6762 = CARTESIAN_POINT('',(951.7,482.,826.));
#6763 = DIRECTION('',(0.,0.,1.));
#6764 = DIRECTION('',(1.,0.,0.));
#6765 = MANIFOLD_SOLID_BREP('',#6766);
#6766 = CLOSED_SHELL('',(#6767,#6807,#6847,#6869,#6891,#6903));
#6767 = ADVANCED_FACE('',(#6768),#6802,.F.);
#6768 = FACE_BOUND('',#6769,.F.);
#6769 = EDGE_LOOP('',(#6770,#6780,#6788,#6796));
#6770 = ORIENTED_EDGE('',*,*,#6771,.F.);
#6771 = EDGE_CURVE('',#6772,#6774,#6776,.T.);
#6772 = VERTEX_POINT('',#6773);
#6773 = CARTESIAN_POINT('',(933.7,0.,760.));
#6774 = VERTEX_POINT('',#6775);
#6775 = CARTESIAN_POINT('',(933.7,0.,766.));
#6776 = LINE('',#6777,#6778);
#6777 = CARTESIAN_POINT('',(933.7,0.,760.));
#6778 = VECTOR('',#6779,1.);
#6779 = DIRECTION('',(0.,0.,1.));
#6780 = ORIENTED_EDGE('',*,*,#6781,.T.);
#6781 = EDGE_CURVE('',#6772,#6782,#6784,.T.);
#6782 = VERTEX_POINT('',#6783);
#6783 = CARTESIAN_POINT('',(933.7,500.,760.));
#6784 = LINE('',#6785,#6786);
#6785 = CARTESIAN_POINT('',(933.7,0.,760.));
#6786 = VECTOR('',#6787,1.);
#6787 = DIRECTION('',(0.,1.,0.));
#6788 = ORIENTED_EDGE('',*,*,#6789,.T.);
#6789 = EDGE_CURVE('',#6782,#6790,#6792,.T.);
#6790 = VERTEX_POINT('',#6791);
#6791 = CARTESIAN_POINT('',(933.7,500.,766.));
#6792 = LINE('',#6793,#6794);
#6793 = CARTESIAN_POINT('',(933.7,500.,760.));
#6794 = VECTOR('',#6795,1.);
#6795 = DIRECTION('',(0.,0.,1.));
#6796 = ORIENTED_EDGE('',*,*,#6797,.F.);
#6797 = EDGE_CURVE('',#6774,#6790,#6798,.T.);
#6798 = LINE('',#6799,#6800);
#6799 = CARTESIAN_POINT('',(933.7,0.,766.));
#6800 = VECTOR('',#6801,1.);
#6801 = DIRECTION('',(0.,1.,0.));
#6802 = PLANE('',#6803);
#6803 = AXIS2_PLACEMENT_3D('',#6804,#6805,#6806);
#6804 = CARTESIAN_POINT('',(933.7,0.,760.));
#6805 = DIRECTION('',(1.,0.,0.));
#6806 = DIRECTION('',(0.,0.,1.));
#6807 = ADVANCED_FACE('',(#6808),#6842,.T.);
#6808 = FACE_BOUND('',#6809,.T.);
#6809 = EDGE_LOOP('',(#6810,#6820,#6828,#6836));
#6810 = ORIENTED_EDGE('',*,*,#6811,.F.);
#6811 = EDGE_CURVE('',#6812,#6814,#6816,.T.);
#6812 = VERTEX_POINT('',#6813);
#6813 = CARTESIAN_POINT('',(1.5588E+03,0.,760.));
#6814 = VERTEX_POINT('',#6815);
#6815 = CARTESIAN_POINT('',(1.5588E+03,0.,766.));
#6816 = LINE('',#6817,#6818);
#6817 = CARTESIAN_POINT('',(1.5588E+03,0.,760.));
#6818 = VECTOR('',#6819,1.);
#6819 = DIRECTION('',(0.,0.,1.));
#6820 = ORIENTED_EDGE('',*,*,#6821,.T.);
#6821 = EDGE_CURVE('',#6812,#6822,#6824,.T.);
#6822 = VERTEX_POINT('',#6823);
#6823 = CARTESIAN_POINT('',(1.5588E+03,500.,760.));
#6824 = LINE('',#6825,#6826);
#6825 = CARTESIAN_POINT('',(1.5588E+03,0.,760.));
#6826 = VECTOR('',#6827,1.);
#6827 = DIRECTION('',(0.,1.,0.));
#6828 = ORIENTED_EDGE('',*,*,#6829,.T.);
#6829 = EDGE_CURVE('',#6822,#6830,#6832,.T.);
#6830 = VERTEX_POINT('',#6831);
#6831 = CARTESIAN_POINT('',(1.5588E+03,500.,766.));
#6832 = LINE('',#6833,#6834);
#6833 = CARTESIAN_POINT('',(1.5588E+03,500.,760.));
#6834 = VECTOR('',#6835,1.);
#6835 = DIRECTION('',(0.,0.,1.));
#6836 = ORIENTED_EDGE('',*,*,#6837,.F.);
#6837 = EDGE_CURVE('',#6814,#6830,#6838,.T.);
#6838 = LINE('',#6839,#6840);
#6839 = CARTESIAN_POINT('',(1.5588E+03,0.,766.));
#6840 = VECTOR('',#6841,1.);
#6841 = DIRECTION('',(0.,1.,0.));
#6842 = PLANE('',#6843);
#6843 = AXIS2_PLACEMENT_3D('',#6844,#6845,#6846);
#6844 = CARTESIAN_POINT('',(1.5588E+03,0.,760.));
#6845 = DIRECTION('',(1.,0.,0.));
#6846 = DIRECTION('',(0.,0.,1.));
#6847 = ADVANCED_FACE('',(#6848),#6864,.F.);
#6848 = FACE_BOUND('',#6849,.F.);
#6849 = EDGE_LOOP('',(#6850,#6856,#6857,#6863));
#6850 = ORIENTED_EDGE('',*,*,#6851,.F.);
#6851 = EDGE_CURVE('',#6772,#6812,#6852,.T.);
#6852 = LINE('',#6853,#6854);
#6853 = CARTESIAN_POINT('',(933.7,0.,760.));
#6854 = VECTOR('',#6855,1.);
#6855 = DIRECTION('',(1.,0.,0.));
#6856 = ORIENTED_EDGE('',*,*,#6771,.T.);
#6857 = ORIENTED_EDGE('',*,*,#6858,.T.);
#6858 = EDGE_CURVE('',#6774,#6814,#6859,.T.);
#6859 = LINE('',#6860,#6861);
#6860 = CARTESIAN_POINT('',(933.7,0.,766.));
#6861 = VECTOR('',#6862,1.);
#6862 = DIRECTION('',(1.,0.,0.));
#6863 = ORIENTED_EDGE('',*,*,#6811,.F.);
#6864 = PLANE('',#6865);
#6865 = AXIS2_PLACEMENT_3D('',#6866,#6867,#6868);
#6866 = CARTESIAN_POINT('',(933.7,0.,760.));
#6867 = DIRECTION('',(0.,1.,0.));
#6868 = DIRECTION('',(0.,0.,1.));
#6869 = ADVANCED_FACE('',(#6870),#6886,.T.);
#6870 = FACE_BOUND('',#6871,.T.);
#6871 = EDGE_LOOP('',(#6872,#6878,#6879,#6885));
#6872 = ORIENTED_EDGE('',*,*,#6873,.F.);
#6873 = EDGE_CURVE('',#6782,#6822,#6874,.T.);
#6874 = LINE('',#6875,#6876);
#6875 = CARTESIAN_POINT('',(933.7,500.,760.));
#6876 = VECTOR('',#6877,1.);
#6877 = DIRECTION('',(1.,0.,0.));
#6878 = ORIENTED_EDGE('',*,*,#6789,.T.);
#6879 = ORIENTED_EDGE('',*,*,#6880,.T.);
#6880 = EDGE_CURVE('',#6790,#6830,#6881,.T.);
#6881 = LINE('',#6882,#6883);
#6882 = CARTESIAN_POINT('',(933.7,500.,766.));
#6883 = VECTOR('',#6884,1.);
#6884 = DIRECTION('',(1.,0.,0.));
#6885 = ORIENTED_EDGE('',*,*,#6829,.F.);
#6886 = PLANE('',#6887);
#6887 = AXIS2_PLACEMENT_3D('',#6888,#6889,#6890);
#6888 = CARTESIAN_POINT('',(933.7,500.,760.));
#6889 = DIRECTION('',(0.,1.,0.));
#6890 = DIRECTION('',(0.,0.,1.));
#6891 = ADVANCED_FACE('',(#6892),#6898,.F.);
#6892 = FACE_BOUND('',#6893,.F.);
#6893 = EDGE_LOOP('',(#6894,#6895,#6896,#6897));
#6894 = ORIENTED_EDGE('',*,*,#6781,.F.);
#6895 = ORIENTED_EDGE('',*,*,#6851,.T.);
#6896 = ORIENTED_EDGE('',*,*,#6821,.T.);
#6897 = ORIENTED_EDGE('',*,*,#6873,.F.);
#6898 = PLANE('',#6899);
#6899 = AXIS2_PLACEMENT_3D('',#6900,#6901,#6902);
#6900 = CARTESIAN_POINT('',(933.7,0.,760.));
#6901 = DIRECTION('',(0.,0.,1.));
#6902 = DIRECTION('',(1.,0.,0.));
#6903 = ADVANCED_FACE('',(#6904),#6910,.T.);
#6904 = FACE_BOUND('',#6905,.T.);
#6905 = EDGE_LOOP('',(#6906,#6907,#6908,#6909));
#6906 = ORIENTED_EDGE('',*,*,#6797,.F.);
#6907 = ORIENTED_EDGE('',*,*,#6858,.T.);
#6908 = ORIENTED_EDGE('',*,*,#6837,.T.);
#6909 = ORIENTED_EDGE('',*,*,#6880,.F.);
#6910 = PLANE('',#6911);
#6911 = AXIS2_PLACEMENT_3D('',#6912,#6913,#6914);
#6912 = CARTESIAN_POINT('',(933.7,0.,766.));
#6913 = DIRECTION('',(0.,0.,1.));
#6914 = DIRECTION('',(1.,0.,0.));
#6915 = MANIFOLD_SOLID_BREP('',#6916);
#6916 = CLOSED_SHELL('',(#6917,#6957,#6997,#7019,#7041,#7053));
#6917 = ADVANCED_FACE('',(#6918),#6952,.F.);
#6918 = FACE_BOUND('',#6919,.F.);
#6919 = EDGE_LOOP('',(#6920,#6930,#6938,#6946));
#6920 = ORIENTED_EDGE('',*,*,#6921,.F.);
#6921 = EDGE_CURVE('',#6922,#6924,#6926,.T.);
#6922 = VERTEX_POINT('',#6923);
#6923 = CARTESIAN_POINT('',(1.6022E+03,0.,766.));
#6924 = VERTEX_POINT('',#6925);
#6925 = CARTESIAN_POINT('',(1.6022E+03,0.,826.));
#6926 = LINE('',#6927,#6928);
#6927 = CARTESIAN_POINT('',(1.6022E+03,0.,766.));
#6928 = VECTOR('',#6929,1.);
#6929 = DIRECTION('',(0.,0.,1.));
#6930 = ORIENTED_EDGE('',*,*,#6931,.T.);
#6931 = EDGE_CURVE('',#6922,#6932,#6934,.T.);
#6932 = VERTEX_POINT('',#6933);
#6933 = CARTESIAN_POINT('',(1.6022E+03,500.,766.));
#6934 = LINE('',#6935,#6936);
#6935 = CARTESIAN_POINT('',(1.6022E+03,0.,766.));
#6936 = VECTOR('',#6937,1.);
#6937 = DIRECTION('',(0.,1.,0.));
#6938 = ORIENTED_EDGE('',*,*,#6939,.T.);
#6939 = EDGE_CURVE('',#6932,#6940,#6942,.T.);
#6940 = VERTEX_POINT('',#6941);
#6941 = CARTESIAN_POINT('',(1.6022E+03,500.,826.));
#6942 = LINE('',#6943,#6944);
#6943 = CARTESIAN_POINT('',(1.6022E+03,500.,766.));
#6944 = VECTOR('',#6945,1.);
#6945 = DIRECTION('',(0.,0.,1.));
#6946 = ORIENTED_EDGE('',*,*,#6947,.F.);
#6947 = EDGE_CURVE('',#6924,#6940,#6948,.T.);
#6948 = LINE('',#6949,#6950);
#6949 = CARTESIAN_POINT('',(1.6022E+03,0.,826.));
#6950 = VECTOR('',#6951,1.);
#6951 = DIRECTION('',(0.,1.,0.));
#6952 = PLANE('',#6953);
#6953 = AXIS2_PLACEMENT_3D('',#6954,#6955,#6956);
#6954 = CARTESIAN_POINT('',(1.6022E+03,0.,766.));
#6955 = DIRECTION('',(1.,0.,0.));
#6956 = DIRECTION('',(0.,0.,1.));
#6957 = ADVANCED_FACE('',(#6958),#6992,.T.);
#6958 = FACE_BOUND('',#6959,.T.);
#6959 = EDGE_LOOP('',(#6960,#6970,#6978,#6986));
#6960 = ORIENTED_EDGE('',*,*,#6961,.F.);
#6961 = EDGE_CURVE('',#6962,#6964,#6966,.T.);
#6962 = VERTEX_POINT('',#6963);
#6963 = CARTESIAN_POINT('',(1.6202E+03,0.,766.));
#6964 = VERTEX_POINT('',#6965);
#6965 = CARTESIAN_POINT('',(1.6202E+03,0.,826.));
#6966 = LINE('',#6967,#6968);
#6967 = CARTESIAN_POINT('',(1.6202E+03,0.,766.));
#6968 = VECTOR('',#6969,1.);
#6969 = DIRECTION('',(0.,0.,1.));
#6970 = ORIENTED_EDGE('',*,*,#6971,.T.);
#6971 = EDGE_CURVE('',#6962,#6972,#6974,.T.);
#6972 = VERTEX_POINT('',#6973);
#6973 = CARTESIAN_POINT('',(1.6202E+03,500.,766.));
#6974 = LINE('',#6975,#6976);
#6975 = CARTESIAN_POINT('',(1.6202E+03,0.,766.));
#6976 = VECTOR('',#6977,1.);
#6977 = DIRECTION('',(0.,1.,0.));
#6978 = ORIENTED_EDGE('',*,*,#6979,.T.);
#6979 = EDGE_CURVE('',#6972,#6980,#6982,.T.);
#6980 = VERTEX_POINT('',#6981);
#6981 = CARTESIAN_POINT('',(1.6202E+03,500.,826.));
#6982 = LINE('',#6983,#6984);
#6983 = CARTESIAN_POINT('',(1.6202E+03,500.,766.));
#6984 = VECTOR('',#6985,1.);
#6985 = DIRECTION('',(0.,0.,1.));
#6986 = ORIENTED_EDGE('',*,*,#6987,.F.);
#6987 = EDGE_CURVE('',#6964,#6980,#6988,.T.);
#6988 = LINE('',#6989,#6990);
#6989 = CARTESIAN_POINT('',(1.6202E+03,0.,826.));
#6990 = VECTOR('',#6991,1.);
#6991 = DIRECTION('',(0.,1.,0.));
#6992 = PLANE('',#6993);
#6993 = AXIS2_PLACEMENT_3D('',#6994,#6995,#6996);
#6994 = CARTESIAN_POINT('',(1.6202E+03,0.,766.));
#6995 = DIRECTION('',(1.,0.,0.));
#6996 = DIRECTION('',(0.,0.,1.));
#6997 = ADVANCED_FACE('',(#6998),#7014,.F.);
#6998 = FACE_BOUND('',#6999,.F.);
#6999 = EDGE_LOOP('',(#7000,#7006,#7007,#7013));
#7000 = ORIENTED_EDGE('',*,*,#7001,.F.);
#7001 = EDGE_CURVE('',#6922,#6962,#7002,.T.);
#7002 = LINE('',#7003,#7004);
#7003 = CARTESIAN_POINT('',(1.6022E+03,0.,766.));
#7004 = VECTOR('',#7005,1.);
#7005 = DIRECTION('',(1.,0.,0.));
#7006 = ORIENTED_EDGE('',*,*,#6921,.T.);
#7007 = ORIENTED_EDGE('',*,*,#7008,.T.);
#7008 = EDGE_CURVE('',#6924,#6964,#7009,.T.);
#7009 = LINE('',#7010,#7011);
#7010 = CARTESIAN_POINT('',(1.6022E+03,0.,826.));
#7011 = VECTOR('',#7012,1.);
#7012 = DIRECTION('',(1.,0.,0.));
#7013 = ORIENTED_EDGE('',*,*,#6961,.F.);
#7014 = PLANE('',#7015);
#7015 = AXIS2_PLACEMENT_3D('',#7016,#7017,#7018);
#7016 = CARTESIAN_POINT('',(1.6022E+03,0.,766.));
#7017 = DIRECTION('',(0.,1.,0.));
#7018 = DIRECTION('',(0.,0.,1.));
#7019 = ADVANCED_FACE('',(#7020),#7036,.T.);
#7020 = FACE_BOUND('',#7021,.T.);
#7021 = EDGE_LOOP('',(#7022,#7028,#7029,#7035));
#7022 = ORIENTED_EDGE('',*,*,#7023,.F.);
#7023 = EDGE_CURVE('',#6932,#6972,#7024,.T.);
#7024 = LINE('',#7025,#7026);
#7025 = CARTESIAN_POINT('',(1.6022E+03,500.,766.));
#7026 = VECTOR('',#7027,1.);
#7027 = DIRECTION('',(1.,0.,0.));
#7028 = ORIENTED_EDGE('',*,*,#6939,.T.);
#7029 = ORIENTED_EDGE('',*,*,#7030,.T.);
#7030 = EDGE_CURVE('',#6940,#6980,#7031,.T.);
#7031 = LINE('',#7032,#7033);
#7032 = CARTESIAN_POINT('',(1.6022E+03,500.,826.));
#7033 = VECTOR('',#7034,1.);
#7034 = DIRECTION('',(1.,0.,0.));
#7035 = ORIENTED_EDGE('',*,*,#6979,.F.);
#7036 = PLANE('',#7037);
#7037 = AXIS2_PLACEMENT_3D('',#7038,#7039,#7040);
#7038 = CARTESIAN_POINT('',(1.6022E+03,500.,766.));
#7039 = DIRECTION('',(0.,1.,0.));
#7040 = DIRECTION('',(0.,0.,1.));
#7041 = ADVANCED_FACE('',(#7042),#7048,.F.);
#7042 = FACE_BOUND('',#7043,.F.);
#7043 = EDGE_LOOP('',(#7044,#7045,#7046,#7047));
#7044 = ORIENTED_EDGE('',*,*,#6931,.F.);
#7045 = ORIENTED_EDGE('',*,*,#7001,.T.);
#7046 = ORIENTED_EDGE('',*,*,#6971,.T.);
#7047 = ORIENTED_EDGE('',*,*,#7023,.F.);
#7048 = PLANE('',#7049);
#7049 = AXIS2_PLACEMENT_3D('',#7050,#7051,#7052);
#7050 = CARTESIAN_POINT('',(1.6022E+03,0.,766.));
#7051 = DIRECTION('',(0.,0.,1.));
#7052 = DIRECTION('',(1.,0.,0.));
#7053 = ADVANCED_FACE('',(#7054),#7060,.T.);
#7054 = FACE_BOUND('',#7055,.T.);
#7055 = EDGE_LOOP('',(#7056,#7057,#7058,#7059));
#7056 = ORIENTED_EDGE('',*,*,#6947,.F.);
#7057 = ORIENTED_EDGE('',*,*,#7008,.T.);
#7058 = ORIENTED_EDGE('',*,*,#6987,.T.);
#7059 = ORIENTED_EDGE('',*,*,#7030,.F.);
#7060 = PLANE('',#7061);
#7061 = AXIS2_PLACEMENT_3D('',#7062,#7063,#7064);
#7062 = CARTESIAN_POINT('',(1.6022E+03,0.,826.));
#7063 = DIRECTION('',(0.,0.,1.));
#7064 = DIRECTION('',(1.,0.,0.));
#7065 = MANIFOLD_SOLID_BREP('',#7066);
#7066 = CLOSED_SHELL('',(#7067,#7107,#7147,#7169,#7191,#7203));
#7067 = ADVANCED_FACE('',(#7068),#7102,.F.);
#7068 = FACE_BOUND('',#7069,.F.);
#7069 = EDGE_LOOP('',(#7070,#7080,#7088,#7096));
#7070 = ORIENTED_EDGE('',*,*,#7071,.F.);
#7071 = EDGE_CURVE('',#7072,#7074,#7076,.T.);
#7072 = VERTEX_POINT('',#7073);
#7073 = CARTESIAN_POINT('',(2.2093E+03,0.,766.));
#7074 = VERTEX_POINT('',#7075);
#7075 = CARTESIAN_POINT('',(2.2093E+03,0.,826.));
#7076 = LINE('',#7077,#7078);
#7077 = CARTESIAN_POINT('',(2.2093E+03,0.,766.));
#7078 = VECTOR('',#7079,1.);
#7079 = DIRECTION('',(0.,0.,1.));
#7080 = ORIENTED_EDGE('',*,*,#7081,.T.);
#7081 = EDGE_CURVE('',#7072,#7082,#7084,.T.);
#7082 = VERTEX_POINT('',#7083);
#7083 = CARTESIAN_POINT('',(2.2093E+03,500.,766.));
#7084 = LINE('',#7085,#7086);
#7085 = CARTESIAN_POINT('',(2.2093E+03,0.,766.));
#7086 = VECTOR('',#7087,1.);
#7087 = DIRECTION('',(0.,1.,0.));
#7088 = ORIENTED_EDGE('',*,*,#7089,.T.);
#7089 = EDGE_CURVE('',#7082,#7090,#7092,.T.);
#7090 = VERTEX_POINT('',#7091);
#7091 = CARTESIAN_POINT('',(2.2093E+03,500.,826.));
#7092 = LINE('',#7093,#7094);
#7093 = CARTESIAN_POINT('',(2.2093E+03,500.,766.));
#7094 = VECTOR('',#7095,1.);
#7095 = DIRECTION('',(0.,0.,1.));
#7096 = ORIENTED_EDGE('',*,*,#7097,.F.);
#7097 = EDGE_CURVE('',#7074,#7090,#7098,.T.);
#7098 = LINE('',#7099,#7100);
#7099 = CARTESIAN_POINT('',(2.2093E+03,0.,826.));
#7100 = VECTOR('',#7101,1.);
#7101 = DIRECTION('',(0.,1.,0.));
#7102 = PLANE('',#7103);
#7103 = AXIS2_PLACEMENT_3D('',#7104,#7105,#7106);
#7104 = CARTESIAN_POINT('',(2.2093E+03,0.,766.));
#7105 = DIRECTION('',(1.,0.,0.));
#7106 = DIRECTION('',(0.,0.,1.));
#7107 = ADVANCED_FACE('',(#7108),#7142,.T.);
#7108 = FACE_BOUND('',#7109,.T.);
#7109 = EDGE_LOOP('',(#7110,#7120,#7128,#7136));
#7110 = ORIENTED_EDGE('',*,*,#7111,.F.);
#7111 = EDGE_CURVE('',#7112,#7114,#7116,.T.);
#7112 = VERTEX_POINT('',#7113);
#7113 = CARTESIAN_POINT('',(2.2273E+03,0.,766.));
#7114 = VERTEX_POINT('',#7115);
#7115 = CARTESIAN_POINT('',(2.2273E+03,0.,826.));
#7116 = LINE('',#7117,#7118);
#7117 = CARTESIAN_POINT('',(2.2273E+03,0.,766.));
#7118 = VECTOR('',#7119,1.);
#7119 = DIRECTION('',(0.,0.,1.));
#7120 = ORIENTED_EDGE('',*,*,#7121,.T.);
#7121 = EDGE_CURVE('',#7112,#7122,#7124,.T.);
#7122 = VERTEX_POINT('',#7123);
#7123 = CARTESIAN_POINT('',(2.2273E+03,500.,766.));
#7124 = LINE('',#7125,#7126);
#7125 = CARTESIAN_POINT('',(2.2273E+03,0.,766.));
#7126 = VECTOR('',#7127,1.);
#7127 = DIRECTION('',(0.,1.,0.));
#7128 = ORIENTED_EDGE('',*,*,#7129,.T.);
#7129 = EDGE_CURVE('',#7122,#7130,#7132,.T.);
#7130 = VERTEX_POINT('',#7131);
#7131 = CARTESIAN_POINT('',(2.2273E+03,500.,826.));
#7132 = LINE('',#7133,#7134);
#7133 = CARTESIAN_POINT('',(2.2273E+03,500.,766.));
#7134 = VECTOR('',#7135,1.);
#7135 = DIRECTION('',(0.,0.,1.));
#7136 = ORIENTED_EDGE('',*,*,#7137,.F.);
#7137 = EDGE_CURVE('',#7114,#7130,#7138,.T.);
#7138 = LINE('',#7139,#7140);
#7139 = CARTESIAN_POINT('',(2.2273E+03,0.,826.));
#7140 = VECTOR('',#7141,1.);
#7141 = DIRECTION('',(0.,1.,0.));
#7142 = PLANE('',#7143);
#7143 = AXIS2_PLACEMENT_3D('',#7144,#7145,#7146);
#7144 = CARTESIAN_POINT('',(2.2273E+03,0.,766.));
#7145 = DIRECTION('',(1.,0.,0.));
#7146 = DIRECTION('',(0.,0.,1.));
#7147 = ADVANCED_FACE('',(#7148),#7164,.F.);
#7148 = FACE_BOUND('',#7149,.F.);
#7149 = EDGE_LOOP('',(#7150,#7156,#7157,#7163));
#7150 = ORIENTED_EDGE('',*,*,#7151,.F.);
#7151 = EDGE_CURVE('',#7072,#7112,#7152,.T.);
#7152 = LINE('',#7153,#7154);
#7153 = CARTESIAN_POINT('',(2.2093E+03,0.,766.));
#7154 = VECTOR('',#7155,1.);
#7155 = DIRECTION('',(1.,0.,0.));
#7156 = ORIENTED_EDGE('',*,*,#7071,.T.);
#7157 = ORIENTED_EDGE('',*,*,#7158,.T.);
#7158 = EDGE_CURVE('',#7074,#7114,#7159,.T.);
#7159 = LINE('',#7160,#7161);
#7160 = CARTESIAN_POINT('',(2.2093E+03,0.,826.));
#7161 = VECTOR('',#7162,1.);
#7162 = DIRECTION('',(1.,0.,0.));
#7163 = ORIENTED_EDGE('',*,*,#7111,.F.);
#7164 = PLANE('',#7165);
#7165 = AXIS2_PLACEMENT_3D('',#7166,#7167,#7168);
#7166 = CARTESIAN_POINT('',(2.2093E+03,0.,766.));
#7167 = DIRECTION('',(0.,1.,0.));
#7168 = DIRECTION('',(0.,0.,1.));
#7169 = ADVANCED_FACE('',(#7170),#7186,.T.);
#7170 = FACE_BOUND('',#7171,.T.);
#7171 = EDGE_LOOP('',(#7172,#7178,#7179,#7185));
#7172 = ORIENTED_EDGE('',*,*,#7173,.F.);
#7173 = EDGE_CURVE('',#7082,#7122,#7174,.T.);
#7174 = LINE('',#7175,#7176);
#7175 = CARTESIAN_POINT('',(2.2093E+03,500.,766.));
#7176 = VECTOR('',#7177,1.);
#7177 = DIRECTION('',(1.,0.,0.));
#7178 = ORIENTED_EDGE('',*,*,#7089,.T.);
#7179 = ORIENTED_EDGE('',*,*,#7180,.T.);
#7180 = EDGE_CURVE('',#7090,#7130,#7181,.T.);
#7181 = LINE('',#7182,#7183);
#7182 = CARTESIAN_POINT('',(2.2093E+03,500.,826.));
#7183 = VECTOR('',#7184,1.);
#7184 = DIRECTION('',(1.,0.,0.));
#7185 = ORIENTED_EDGE('',*,*,#7129,.F.);
#7186 = PLANE('',#7187);
#7187 = AXIS2_PLACEMENT_3D('',#7188,#7189,#7190);
#7188 = CARTESIAN_POINT('',(2.2093E+03,500.,766.));
#7189 = DIRECTION('',(0.,1.,0.));
#7190 = DIRECTION('',(0.,0.,1.));
#7191 = ADVANCED_FACE('',(#7192),#7198,.F.);
#7192 = FACE_BOUND('',#7193,.F.);
#7193 = EDGE_LOOP('',(#7194,#7195,#7196,#7197));
#7194 = ORIENTED_EDGE('',*,*,#7081,.F.);
#7195 = ORIENTED_EDGE('',*,*,#7151,.T.);
#7196 = ORIENTED_EDGE('',*,*,#7121,.T.);
#7197 = ORIENTED_EDGE('',*,*,#7173,.F.);
#7198 = PLANE('',#7199);
#7199 = AXIS2_PLACEMENT_3D('',#7200,#7201,#7202);
#7200 = CARTESIAN_POINT('',(2.2093E+03,0.,766.));
#7201 = DIRECTION('',(0.,0.,1.));
#7202 = DIRECTION('',(1.,0.,0.));
#7203 = ADVANCED_FACE('',(#7204),#7210,.T.);
#7204 = FACE_BOUND('',#7205,.T.);
#7205 = EDGE_LOOP('',(#7206,#7207,#7208,#7209));
#7206 = ORIENTED_EDGE('',*,*,#7097,.F.);
#7207 = ORIENTED_EDGE('',*,*,#7158,.T.);
#7208 = ORIENTED_EDGE('',*,*,#7137,.T.);
#7209 = ORIENTED_EDGE('',*,*,#7180,.F.);
#7210 = PLANE('',#7211);
#7211 = AXIS2_PLACEMENT_3D('',#7212,#7213,#7214);
#7212 = CARTESIAN_POINT('',(2.2093E+03,0.,826.));
#7213 = DIRECTION('',(0.,0.,1.));
#7214 = DIRECTION('',(1.,0.,0.));
#7215 = MANIFOLD_SOLID_BREP('',#7216);
#7216 = CLOSED_SHELL('',(#7217,#7257,#7297,#7319,#7341,#7353));
#7217 = ADVANCED_FACE('',(#7218),#7252,.F.);
#7218 = FACE_BOUND('',#7219,.F.);
#7219 = EDGE_LOOP('',(#7220,#7230,#7238,#7246));
#7220 = ORIENTED_EDGE('',*,*,#7221,.F.);
#7221 = EDGE_CURVE('',#7222,#7224,#7226,.T.);
#7222 = VERTEX_POINT('',#7223);
#7223 = CARTESIAN_POINT('',(1.6202E+03,0.,766.));
#7224 = VERTEX_POINT('',#7225);
#7225 = CARTESIAN_POINT('',(1.6202E+03,0.,826.));
#7226 = LINE('',#7227,#7228);
#7227 = CARTESIAN_POINT('',(1.6202E+03,0.,766.));
#7228 = VECTOR('',#7229,1.);
#7229 = DIRECTION('',(0.,0.,1.));
#7230 = ORIENTED_EDGE('',*,*,#7231,.T.);
#7231 = EDGE_CURVE('',#7222,#7232,#7234,.T.);
#7232 = VERTEX_POINT('',#7233);
#7233 = CARTESIAN_POINT('',(1.6202E+03,18.,766.));
#7234 = LINE('',#7235,#7236);
#7235 = CARTESIAN_POINT('',(1.6202E+03,0.,766.));
#7236 = VECTOR('',#7237,1.);
#7237 = DIRECTION('',(0.,1.,0.));
#7238 = ORIENTED_EDGE('',*,*,#7239,.T.);
#7239 = EDGE_CURVE('',#7232,#7240,#7242,.T.);
#7240 = VERTEX_POINT('',#7241);
#7241 = CARTESIAN_POINT('',(1.6202E+03,18.,826.));
#7242 = LINE('',#7243,#7244);
#7243 = CARTESIAN_POINT('',(1.6202E+03,18.,766.));
#7244 = VECTOR('',#7245,1.);
#7245 = DIRECTION('',(0.,0.,1.));
#7246 = ORIENTED_EDGE('',*,*,#7247,.F.);
#7247 = EDGE_CURVE('',#7224,#7240,#7248,.T.);
#7248 = LINE('',#7249,#7250);
#7249 = CARTESIAN_POINT('',(1.6202E+03,0.,826.));
#7250 = VECTOR('',#7251,1.);
#7251 = DIRECTION('',(0.,1.,0.));
#7252 = PLANE('',#7253);
#7253 = AXIS2_PLACEMENT_3D('',#7254,#7255,#7256);
#7254 = CARTESIAN_POINT('',(1.6202E+03,0.,766.));
#7255 = DIRECTION('',(1.,0.,0.));
#7256 = DIRECTION('',(0.,0.,1.));
#7257 = ADVANCED_FACE('',(#7258),#7292,.T.);
#7258 = FACE_BOUND('',#7259,.T.);
#7259 = EDGE_LOOP('',(#7260,#7270,#7278,#7286));
#7260 = ORIENTED_EDGE('',*,*,#7261,.F.);
#7261 = EDGE_CURVE('',#7262,#7264,#7266,.T.);
#7262 = VERTEX_POINT('',#7263);
#7263 = CARTESIAN_POINT('',(2.2093E+03,0.,766.));
#7264 = VERTEX_POINT('',#7265);
#7265 = CARTESIAN_POINT('',(2.2093E+03,0.,826.));
#7266 = LINE('',#7267,#7268);
#7267 = CARTESIAN_POINT('',(2.2093E+03,0.,766.));
#7268 = VECTOR('',#7269,1.);
#7269 = DIRECTION('',(0.,0.,1.));
#7270 = ORIENTED_EDGE('',*,*,#7271,.T.);
#7271 = EDGE_CURVE('',#7262,#7272,#7274,.T.);
#7272 = VERTEX_POINT('',#7273);
#7273 = CARTESIAN_POINT('',(2.2093E+03,18.,766.));
#7274 = LINE('',#7275,#7276);
#7275 = CARTESIAN_POINT('',(2.2093E+03,0.,766.));
#7276 = VECTOR('',#7277,1.);
#7277 = DIRECTION('',(0.,1.,0.));
#7278 = ORIENTED_EDGE('',*,*,#7279,.T.);
#7279 = EDGE_CURVE('',#7272,#7280,#7282,.T.);
#7280 = VERTEX_POINT('',#7281);
#7281 = CARTESIAN_POINT('',(2.2093E+03,18.,826.));
#7282 = LINE('',#7283,#7284);
#7283 = CARTESIAN_POINT('',(2.2093E+03,18.,766.));
#7284 = VECTOR('',#7285,1.);
#7285 = DIRECTION('',(0.,0.,1.));
#7286 = ORIENTED_EDGE('',*,*,#7287,.F.);
#7287 = EDGE_CURVE('',#7264,#7280,#7288,.T.);
#7288 = LINE('',#7289,#7290);
#7289 = CARTESIAN_POINT('',(2.2093E+03,0.,826.));
#7290 = VECTOR('',#7291,1.);
#7291 = DIRECTION('',(0.,1.,0.));
#7292 = PLANE('',#7293);
#7293 = AXIS2_PLACEMENT_3D('',#7294,#7295,#7296);
#7294 = CARTESIAN_POINT('',(2.2093E+03,0.,766.));
#7295 = DIRECTION('',(1.,0.,0.));
#7296 = DIRECTION('',(0.,0.,1.));
#7297 = ADVANCED_FACE('',(#7298),#7314,.F.);
#7298 = FACE_BOUND('',#7299,.F.);
#7299 = EDGE_LOOP('',(#7300,#7306,#7307,#7313));
#7300 = ORIENTED_EDGE('',*,*,#7301,.F.);
#7301 = EDGE_CURVE('',#7222,#7262,#7302,.T.);
#7302 = LINE('',#7303,#7304);
#7303 = CARTESIAN_POINT('',(1.6202E+03,0.,766.));
#7304 = VECTOR('',#7305,1.);
#7305 = DIRECTION('',(1.,0.,0.));
#7306 = ORIENTED_EDGE('',*,*,#7221,.T.);
#7307 = ORIENTED_EDGE('',*,*,#7308,.T.);
#7308 = EDGE_CURVE('',#7224,#7264,#7309,.T.);
#7309 = LINE('',#7310,#7311);
#7310 = CARTESIAN_POINT('',(1.6202E+03,0.,826.));
#7311 = VECTOR('',#7312,1.);
#7312 = DIRECTION('',(1.,0.,0.));
#7313 = ORIENTED_EDGE('',*,*,#7261,.F.);
#7314 = PLANE('',#7315);
#7315 = AXIS2_PLACEMENT_3D('',#7316,#7317,#7318);
#7316 = CARTESIAN_POINT('',(1.6202E+03,0.,766.));
#7317 = DIRECTION('',(0.,1.,0.));
#7318 = DIRECTION('',(0.,0.,1.));
#7319 = ADVANCED_FACE('',(#7320),#7336,.T.);
#7320 = FACE_BOUND('',#7321,.T.);
#7321 = EDGE_LOOP('',(#7322,#7328,#7329,#7335));
#7322 = ORIENTED_EDGE('',*,*,#7323,.F.);
#7323 = EDGE_CURVE('',#7232,#7272,#7324,.T.);
#7324 = LINE('',#7325,#7326);
#7325 = CARTESIAN_POINT('',(1.6202E+03,18.,766.));
#7326 = VECTOR('',#7327,1.);
#7327 = DIRECTION('',(1.,0.,0.));
#7328 = ORIENTED_EDGE('',*,*,#7239,.T.);
#7329 = ORIENTED_EDGE('',*,*,#7330,.T.);
#7330 = EDGE_CURVE('',#7240,#7280,#7331,.T.);
#7331 = LINE('',#7332,#7333);
#7332 = CARTESIAN_POINT('',(1.6202E+03,18.,826.));
#7333 = VECTOR('',#7334,1.);
#7334 = DIRECTION('',(1.,0.,0.));
#7335 = ORIENTED_EDGE('',*,*,#7279,.F.);
#7336 = PLANE('',#7337);
#7337 = AXIS2_PLACEMENT_3D('',#7338,#7339,#7340);
#7338 = CARTESIAN_POINT('',(1.6202E+03,18.,766.));
#7339 = DIRECTION('',(0.,1.,0.));
#7340 = DIRECTION('',(0.,0.,1.));
#7341 = ADVANCED_FACE('',(#7342),#7348,.F.);
#7342 = FACE_BOUND('',#7343,.F.);
#7343 = EDGE_LOOP('',(#7344,#7345,#7346,#7347));
#7344 = ORIENTED_EDGE('',*,*,#7231,.F.);
#7345 = ORIENTED_EDGE('',*,*,#7301,.T.);
#7346 = ORIENTED_EDGE('',*,*,#7271,.T.);
#7347 = ORIENTED_EDGE('',*,*,#7323,.F.);
#7348 = PLANE('',#7349);
#7349 = AXIS2_PLACEMENT_3D('',#7350,#7351,#7352);
#7350 = CARTESIAN_POINT('',(1.6202E+03,0.,766.));
#7351 = DIRECTION('',(0.,0.,1.));
#7352 = DIRECTION('',(1.,0.,0.));
#7353 = ADVANCED_FACE('',(#7354),#7360,.T.);
#7354 = FACE_BOUND('',#7355,.T.);
#7355 = EDGE_LOOP('',(#7356,#7357,#7358,#7359));
#7356 = ORIENTED_EDGE('',*,*,#7247,.F.);
#7357 = ORIENTED_EDGE('',*,*,#7308,.T.);
#7358 = ORIENTED_EDGE('',*,*,#7287,.T.);
#7359 = ORIENTED_EDGE('',*,*,#7330,.F.);
#7360 = PLANE('',#7361);
#7361 = AXIS2_PLACEMENT_3D('',#7362,#7363,#7364);
#7362 = CARTESIAN_POINT('',(1.6202E+03,0.,826.));
#7363 = DIRECTION('',(0.,0.,1.));
#7364 = DIRECTION('',(1.,0.,0.));
#7365 = MANIFOLD_SOLID_BREP('',#7366);
#7366 = CLOSED_SHELL('',(#7367,#7407,#7447,#7469,#7491,#7503));
#7367 = ADVANCED_FACE('',(#7368),#7402,.F.);
#7368 = FACE_BOUND('',#7369,.F.);
#7369 = EDGE_LOOP('',(#7370,#7380,#7388,#7396));
#7370 = ORIENTED_EDGE('',*,*,#7371,.F.);
#7371 = EDGE_CURVE('',#7372,#7374,#7376,.T.);
#7372 = VERTEX_POINT('',#7373);
#7373 = CARTESIAN_POINT('',(1.6202E+03,482.,766.));
#7374 = VERTEX_POINT('',#7375);
#7375 = CARTESIAN_POINT('',(1.6202E+03,482.,826.));
#7376 = LINE('',#7377,#7378);
#7377 = CARTESIAN_POINT('',(1.6202E+03,482.,766.));
#7378 = VECTOR('',#7379,1.);
#7379 = DIRECTION('',(0.,0.,1.));
#7380 = ORIENTED_EDGE('',*,*,#7381,.T.);
#7381 = EDGE_CURVE('',#7372,#7382,#7384,.T.);
#7382 = VERTEX_POINT('',#7383);
#7383 = CARTESIAN_POINT('',(1.6202E+03,500.,766.));
#7384 = LINE('',#7385,#7386);
#7385 = CARTESIAN_POINT('',(1.6202E+03,482.,766.));
#7386 = VECTOR('',#7387,1.);
#7387 = DIRECTION('',(0.,1.,0.));
#7388 = ORIENTED_EDGE('',*,*,#7389,.T.);
#7389 = EDGE_CURVE('',#7382,#7390,#7392,.T.);
#7390 = VERTEX_POINT('',#7391);
#7391 = CARTESIAN_POINT('',(1.6202E+03,500.,826.));
#7392 = LINE('',#7393,#7394);
#7393 = CARTESIAN_POINT('',(1.6202E+03,500.,766.));
#7394 = VECTOR('',#7395,1.);
#7395 = DIRECTION('',(0.,0.,1.));
#7396 = ORIENTED_EDGE('',*,*,#7397,.F.);
#7397 = EDGE_CURVE('',#7374,#7390,#7398,.T.);
#7398 = LINE('',#7399,#7400);
#7399 = CARTESIAN_POINT('',(1.6202E+03,482.,826.));
#7400 = VECTOR('',#7401,1.);
#7401 = DIRECTION('',(0.,1.,0.));
#7402 = PLANE('',#7403);
#7403 = AXIS2_PLACEMENT_3D('',#7404,#7405,#7406);
#7404 = CARTESIAN_POINT('',(1.6202E+03,482.,766.));
#7405 = DIRECTION('',(1.,0.,0.));
#7406 = DIRECTION('',(0.,0.,1.));
#7407 = ADVANCED_FACE('',(#7408),#7442,.T.);
#7408 = FACE_BOUND('',#7409,.T.);
#7409 = EDGE_LOOP('',(#7410,#7420,#7428,#7436));
#7410 = ORIENTED_EDGE('',*,*,#7411,.F.);
#7411 = EDGE_CURVE('',#7412,#7414,#7416,.T.);
#7412 = VERTEX_POINT('',#7413);
#7413 = CARTESIAN_POINT('',(2.2093E+03,482.,766.));
#7414 = VERTEX_POINT('',#7415);
#7415 = CARTESIAN_POINT('',(2.2093E+03,482.,826.));
#7416 = LINE('',#7417,#7418);
#7417 = CARTESIAN_POINT('',(2.2093E+03,482.,766.));
#7418 = VECTOR('',#7419,1.);
#7419 = DIRECTION('',(0.,0.,1.));
#7420 = ORIENTED_EDGE('',*,*,#7421,.T.);
#7421 = EDGE_CURVE('',#7412,#7422,#7424,.T.);
#7422 = VERTEX_POINT('',#7423);
#7423 = CARTESIAN_POINT('',(2.2093E+03,500.,766.));
#7424 = LINE('',#7425,#7426);
#7425 = CARTESIAN_POINT('',(2.2093E+03,482.,766.));
#7426 = VECTOR('',#7427,1.);
#7427 = DIRECTION('',(0.,1.,0.));
#7428 = ORIENTED_EDGE('',*,*,#7429,.T.);
#7429 = EDGE_CURVE('',#7422,#7430,#7432,.T.);
#7430 = VERTEX_POINT('',#7431);
#7431 = CARTESIAN_POINT('',(2.2093E+03,500.,826.));
#7432 = LINE('',#7433,#7434);
#7433 = CARTESIAN_POINT('',(2.2093E+03,500.,766.));
#7434 = VECTOR('',#7435,1.);
#7435 = DIRECTION('',(0.,0.,1.));
#7436 = ORIENTED_EDGE('',*,*,#7437,.F.);
#7437 = EDGE_CURVE('',#7414,#7430,#7438,.T.);
#7438 = LINE('',#7439,#7440);
#7439 = CARTESIAN_POINT('',(2.2093E+03,482.,826.));
#7440 = VECTOR('',#7441,1.);
#7441 = DIRECTION('',(0.,1.,0.));
#7442 = PLANE('',#7443);
#7443 = AXIS2_PLACEMENT_3D('',#7444,#7445,#7446);
#7444 = CARTESIAN_POINT('',(2.2093E+03,482.,766.));
#7445 = DIRECTION('',(1.,0.,0.));
#7446 = DIRECTION('',(0.,0.,1.));
#7447 = ADVANCED_FACE('',(#7448),#7464,.F.);
#7448 = FACE_BOUND('',#7449,.F.);
#7449 = EDGE_LOOP('',(#7450,#7456,#7457,#7463));
#7450 = ORIENTED_EDGE('',*,*,#7451,.F.);
#7451 = EDGE_CURVE('',#7372,#7412,#7452,.T.);
#7452 = LINE('',#7453,#7454);
#7453 = CARTESIAN_POINT('',(1.6202E+03,482.,766.));
#7454 = VECTOR('',#7455,1.);
#7455 = DIRECTION('',(1.,0.,0.));
#7456 = ORIENTED_EDGE('',*,*,#7371,.T.);
#7457 = ORIENTED_EDGE('',*,*,#7458,.T.);
#7458 = EDGE_CURVE('',#7374,#7414,#7459,.T.);
#7459 = LINE('',#7460,#7461);
#7460 = CARTESIAN_POINT('',(1.6202E+03,482.,826.));
#7461 = VECTOR('',#7462,1.);
#7462 = DIRECTION('',(1.,0.,0.));
#7463 = ORIENTED_EDGE('',*,*,#7411,.F.);
#7464 = PLANE('',#7465);
#7465 = AXIS2_PLACEMENT_3D('',#7466,#7467,#7468);
#7466 = CARTESIAN_POINT('',(1.6202E+03,482.,766.));
#7467 = DIRECTION('',(0.,1.,0.));
#7468 = DIRECTION('',(0.,0.,1.));
#7469 = ADVANCED_FACE('',(#7470),#7486,.T.);
#7470 = FACE_BOUND('',#7471,.T.);
#7471 = EDGE_LOOP('',(#7472,#7478,#7479,#7485));
#7472 = ORIENTED_EDGE('',*,*,#7473,.F.);
#7473 = EDGE_CURVE('',#7382,#7422,#7474,.T.);
#7474 = LINE('',#7475,#7476);
#7475 = CARTESIAN_POINT('',(1.6202E+03,500.,766.));
#7476 = VECTOR('',#7477,1.);
#7477 = DIRECTION('',(1.,0.,0.));
#7478 = ORIENTED_EDGE('',*,*,#7389,.T.);
#7479 = ORIENTED_EDGE('',*,*,#7480,.T.);
#7480 = EDGE_CURVE('',#7390,#7430,#7481,.T.);
#7481 = LINE('',#7482,#7483);
#7482 = CARTESIAN_POINT('',(1.6202E+03,500.,826.));
#7483 = VECTOR('',#7484,1.);
#7484 = DIRECTION('',(1.,0.,0.));
#7485 = ORIENTED_EDGE('',*,*,#7429,.F.);
#7486 = PLANE('',#7487);
#7487 = AXIS2_PLACEMENT_3D('',#7488,#7489,#7490);
#7488 = CARTESIAN_POINT('',(1.6202E+03,500.,766.));
#7489 = DIRECTION('',(0.,1.,0.));
#7490 = DIRECTION('',(0.,0.,1.));
#7491 = ADVANCED_FACE('',(#7492),#7498,.F.);
#7492 = FACE_BOUND('',#7493,.F.);
#7493 = EDGE_LOOP('',(#7494,#7495,#7496,#7497));
#7494 = ORIENTED_EDGE('',*,*,#7381,.F.);
#7495 = ORIENTED_EDGE('',*,*,#7451,.T.);
#7496 = ORIENTED_EDGE('',*,*,#7421,.T.);
#7497 = ORIENTED_EDGE('',*,*,#7473,.F.);
#7498 = PLANE('',#7499);
#7499 = AXIS2_PLACEMENT_3D('',#7500,#7501,#7502);
#7500 = CARTESIAN_POINT('',(1.6202E+03,482.,766.));
#7501 = DIRECTION('',(0.,0.,1.));
#7502 = DIRECTION('',(1.,0.,0.));
#7503 = ADVANCED_FACE('',(#7504),#7510,.T.);
#7504 = FACE_BOUND('',#7505,.T.);
#7505 = EDGE_LOOP('',(#7506,#7507,#7508,#7509));
#7506 = ORIENTED_EDGE('',*,*,#7397,.F.);
#7507 = ORIENTED_EDGE('',*,*,#7458,.T.);
#7508 = ORIENTED_EDGE('',*,*,#7437,.T.);
#7509 = ORIENTED_EDGE('',*,*,#7480,.F.);
#7510 = PLANE('',#7511);
#7511 = AXIS2_PLACEMENT_3D('',#7512,#7513,#7514);
#7512 = CARTESIAN_POINT('',(1.6202E+03,482.,826.));
#7513 = DIRECTION('',(0.,0.,1.));
#7514 = DIRECTION('',(1.,0.,0.));
#7515 = MANIFOLD_SOLID_BREP('',#7516);
#7516 = CLOSED_SHELL('',(#7517,#7557,#7597,#7619,#7641,#7653));
#7517 = ADVANCED_FACE('',(#7518),#7552,.F.);
#7518 = FACE_BOUND('',#7519,.F.);
#7519 = EDGE_LOOP('',(#7520,#7530,#7538,#7546));
#7520 = ORIENTED_EDGE('',*,*,#7521,.F.);
#7521 = EDGE_CURVE('',#7522,#7524,#7526,.T.);
#7522 = VERTEX_POINT('',#7523);
#7523 = CARTESIAN_POINT('',(1.6022E+03,0.,760.));
#7524 = VERTEX_POINT('',#7525);
#7525 = CARTESIAN_POINT('',(1.6022E+03,0.,766.));
#7526 = LINE('',#7527,#7528);
#7527 = CARTESIAN_POINT('',(1.6022E+03,0.,760.));
#7528 = VECTOR('',#7529,1.);
#7529 = DIRECTION('',(0.,0.,1.));
#7530 = ORIENTED_EDGE('',*,*,#7531,.T.);
#7531 = EDGE_CURVE('',#7522,#7532,#7534,.T.);
#7532 = VERTEX_POINT('',#7533);
#7533 = CARTESIAN_POINT('',(1.6022E+03,500.,760.));
#7534 = LINE('',#7535,#7536);
#7535 = CARTESIAN_POINT('',(1.6022E+03,0.,760.));
#7536 = VECTOR('',#7537,1.);
#7537 = DIRECTION('',(0.,1.,0.));
#7538 = ORIENTED_EDGE('',*,*,#7539,.T.);
#7539 = EDGE_CURVE('',#7532,#7540,#7542,.T.);
#7540 = VERTEX_POINT('',#7541);
#7541 = CARTESIAN_POINT('',(1.6022E+03,500.,766.));
#7542 = LINE('',#7543,#7544);
#7543 = CARTESIAN_POINT('',(1.6022E+03,500.,760.));
#7544 = VECTOR('',#7545,1.);
#7545 = DIRECTION('',(0.,0.,1.));
#7546 = ORIENTED_EDGE('',*,*,#7547,.F.);
#7547 = EDGE_CURVE('',#7524,#7540,#7548,.T.);
#7548 = LINE('',#7549,#7550);
#7549 = CARTESIAN_POINT('',(1.6022E+03,0.,766.));
#7550 = VECTOR('',#7551,1.);
#7551 = DIRECTION('',(0.,1.,0.));
#7552 = PLANE('',#7553);
#7553 = AXIS2_PLACEMENT_3D('',#7554,#7555,#7556);
#7554 = CARTESIAN_POINT('',(1.6022E+03,0.,760.));
#7555 = DIRECTION('',(1.,0.,0.));
#7556 = DIRECTION('',(0.,0.,1.));
#7557 = ADVANCED_FACE('',(#7558),#7592,.T.);
#7558 = FACE_BOUND('',#7559,.T.);
#7559 = EDGE_LOOP('',(#7560,#7570,#7578,#7586));
#7560 = ORIENTED_EDGE('',*,*,#7561,.F.);
#7561 = EDGE_CURVE('',#7562,#7564,#7566,.T.);
#7562 = VERTEX_POINT('',#7563);
#7563 = CARTESIAN_POINT('',(2.2273E+03,0.,760.));
#7564 = VERTEX_POINT('',#7565);
#7565 = CARTESIAN_POINT('',(2.2273E+03,0.,766.));
#7566 = LINE('',#7567,#7568);
#7567 = CARTESIAN_POINT('',(2.2273E+03,0.,760.));
#7568 = VECTOR('',#7569,1.);
#7569 = DIRECTION('',(0.,0.,1.));
#7570 = ORIENTED_EDGE('',*,*,#7571,.T.);
#7571 = EDGE_CURVE('',#7562,#7572,#7574,.T.);
#7572 = VERTEX_POINT('',#7573);
#7573 = CARTESIAN_POINT('',(2.2273E+03,500.,760.));
#7574 = LINE('',#7575,#7576);
#7575 = CARTESIAN_POINT('',(2.2273E+03,0.,760.));
#7576 = VECTOR('',#7577,1.);
#7577 = DIRECTION('',(0.,1.,0.));
#7578 = ORIENTED_EDGE('',*,*,#7579,.T.);
#7579 = EDGE_CURVE('',#7572,#7580,#7582,.T.);
#7580 = VERTEX_POINT('',#7581);
#7581 = CARTESIAN_POINT('',(2.2273E+03,500.,766.));
#7582 = LINE('',#7583,#7584);
#7583 = CARTESIAN_POINT('',(2.2273E+03,500.,760.));
#7584 = VECTOR('',#7585,1.);
#7585 = DIRECTION('',(0.,0.,1.));
#7586 = ORIENTED_EDGE('',*,*,#7587,.F.);
#7587 = EDGE_CURVE('',#7564,#7580,#7588,.T.);
#7588 = LINE('',#7589,#7590);
#7589 = CARTESIAN_POINT('',(2.2273E+03,0.,766.));
#7590 = VECTOR('',#7591,1.);
#7591 = DIRECTION('',(0.,1.,0.));
#7592 = PLANE('',#7593);
#7593 = AXIS2_PLACEMENT_3D('',#7594,#7595,#7596);
#7594 = CARTESIAN_POINT('',(2.2273E+03,0.,760.));
#7595 = DIRECTION('',(1.,0.,0.));
#7596 = DIRECTION('',(0.,0.,1.));
#7597 = ADVANCED_FACE('',(#7598),#7614,.F.);
#7598 = FACE_BOUND('',#7599,.F.);
#7599 = EDGE_LOOP('',(#7600,#7606,#7607,#7613));
#7600 = ORIENTED_EDGE('',*,*,#7601,.F.);
#7601 = EDGE_CURVE('',#7522,#7562,#7602,.T.);
#7602 = LINE('',#7603,#7604);
#7603 = CARTESIAN_POINT('',(1.6022E+03,0.,760.));
#7604 = VECTOR('',#7605,1.);
#7605 = DIRECTION('',(1.,0.,0.));
#7606 = ORIENTED_EDGE('',*,*,#7521,.T.);
#7607 = ORIENTED_EDGE('',*,*,#7608,.T.);
#7608 = EDGE_CURVE('',#7524,#7564,#7609,.T.);
#7609 = LINE('',#7610,#7611);
#7610 = CARTESIAN_POINT('',(1.6022E+03,0.,766.));
#7611 = VECTOR('',#7612,1.);
#7612 = DIRECTION('',(1.,0.,0.));
#7613 = ORIENTED_EDGE('',*,*,#7561,.F.);
#7614 = PLANE('',#7615);
#7615 = AXIS2_PLACEMENT_3D('',#7616,#7617,#7618);
#7616 = CARTESIAN_POINT('',(1.6022E+03,0.,760.));
#7617 = DIRECTION('',(0.,1.,0.));
#7618 = DIRECTION('',(0.,0.,1.));
#7619 = ADVANCED_FACE('',(#7620),#7636,.T.);
#7620 = FACE_BOUND('',#7621,.T.);
#7621 = EDGE_LOOP('',(#7622,#7628,#7629,#7635));
#7622 = ORIENTED_EDGE('',*,*,#7623,.F.);
#7623 = EDGE_CURVE('',#7532,#7572,#7624,.T.);
#7624 = LINE('',#7625,#7626);
#7625 = CARTESIAN_POINT('',(1.6022E+03,500.,760.));
#7626 = VECTOR('',#7627,1.);
#7627 = DIRECTION('',(1.,0.,0.));
#7628 = ORIENTED_EDGE('',*,*,#7539,.T.);
#7629 = ORIENTED_EDGE('',*,*,#7630,.T.);
#7630 = EDGE_CURVE('',#7540,#7580,#7631,.T.);
#7631 = LINE('',#7632,#7633);
#7632 = CARTESIAN_POINT('',(1.6022E+03,500.,766.));
#7633 = VECTOR('',#7634,1.);
#7634 = DIRECTION('',(1.,0.,0.));
#7635 = ORIENTED_EDGE('',*,*,#7579,.F.);
#7636 = PLANE('',#7637);
#7637 = AXIS2_PLACEMENT_3D('',#7638,#7639,#7640);
#7638 = CARTESIAN_POINT('',(1.6022E+03,500.,760.));
#7639 = DIRECTION('',(0.,1.,0.));
#7640 = DIRECTION('',(0.,0.,1.));
#7641 = ADVANCED_FACE('',(#7642),#7648,.F.);
#7642 = FACE_BOUND('',#7643,.F.);
#7643 = EDGE_LOOP('',(#7644,#7645,#7646,#7647));
#7644 = ORIENTED_EDGE('',*,*,#7531,.F.);
#7645 = ORIENTED_EDGE('',*,*,#7601,.T.);
#7646 = ORIENTED_EDGE('',*,*,#7571,.T.);
#7647 = ORIENTED_EDGE('',*,*,#7623,.F.);
#7648 = PLANE('',#7649);
#7649 = AXIS2_PLACEMENT_3D('',#7650,#7651,#7652);
#7650 = CARTESIAN_POINT('',(1.6022E+03,0.,760.));
#7651 = DIRECTION('',(0.,0.,1.));
#7652 = DIRECTION('',(1.,0.,0.));
#7653 = ADVANCED_FACE('',(#7654),#7660,.T.);
#7654 = FACE_BOUND('',#7655,.T.);
#7655 = EDGE_LOOP('',(#7656,#7657,#7658,#7659));
#7656 = ORIENTED_EDGE('',*,*,#7547,.F.);
#7657 = ORIENTED_EDGE('',*,*,#7608,.T.);
#7658 = ORIENTED_EDGE('',*,*,#7587,.T.);
#7659 = ORIENTED_EDGE('',*,*,#7630,.F.);
#7660 = PLANE('',#7661);
#7661 = AXIS2_PLACEMENT_3D('',#7662,#7663,#7664);
#7662 = CARTESIAN_POINT('',(1.6022E+03,0.,766.));
#7663 = DIRECTION('',(0.,0.,1.));
#7664 = DIRECTION('',(1.,0.,0.));
#7665 = MANIFOLD_SOLID_BREP('',#7666);
#7666 = CLOSED_SHELL('',(#7667,#7707,#7747,#7769,#7791,#7803));
#7667 = ADVANCED_FACE('',(#7668),#7702,.F.);
#7668 = FACE_BOUND('',#7669,.F.);
#7669 = EDGE_LOOP('',(#7670,#7680,#7688,#7696));
#7670 = ORIENTED_EDGE('',*,*,#7671,.F.);
#7671 = EDGE_CURVE('',#7672,#7674,#7676,.T.);
#7672 = VERTEX_POINT('',#7673);
#7673 = CARTESIAN_POINT('',(933.7,0.,431.));
#7674 = VERTEX_POINT('',#7675);
#7675 = CARTESIAN_POINT('',(933.7,0.,611.));
#7676 = LINE('',#7677,#7678);
#7677 = CARTESIAN_POINT('',(933.7,0.,431.));
#7678 = VECTOR('',#7679,1.);
#7679 = DIRECTION('',(0.,0.,1.));
#7680 = ORIENTED_EDGE('',*,*,#7681,.T.);
#7681 = EDGE_CURVE('',#7672,#7682,#7684,.T.);
#7682 = VERTEX_POINT('',#7683);
#7683 = CARTESIAN_POINT('',(933.7,500.,431.));
#7684 = LINE('',#7685,#7686);
#7685 = CARTESIAN_POINT('',(933.7,0.,431.));
#7686 = VECTOR('',#7687,1.);
#7687 = DIRECTION('',(0.,1.,0.));
#7688 = ORIENTED_EDGE('',*,*,#7689,.T.);
#7689 = EDGE_CURVE('',#7682,#7690,#7692,.T.);
#7690 = VERTEX_POINT('',#7691);
#7691 = CARTESIAN_POINT('',(933.7,500.,611.));
#7692 = LINE('',#7693,#7694);
#7693 = CARTESIAN_POINT('',(933.7,500.,431.));
#7694 = VECTOR('',#7695,1.);
#7695 = DIRECTION('',(0.,0.,1.));
#7696 = ORIENTED_EDGE('',*,*,#7697,.F.);
#7697 = EDGE_CURVE('',#7674,#7690,#7698,.T.);
#7698 = LINE('',#7699,#7700);
#7699 = CARTESIAN_POINT('',(933.7,0.,611.));
#7700 = VECTOR('',#7701,1.);
#7701 = DIRECTION('',(0.,1.,0.));
#7702 = PLANE('',#7703);
#7703 = AXIS2_PLACEMENT_3D('',#7704,#7705,#7706);
#7704 = CARTESIAN_POINT('',(933.7,0.,431.));
#7705 = DIRECTION('',(1.,0.,0.));
#7706 = DIRECTION('',(0.,0.,1.));
#7707 = ADVANCED_FACE('',(#7708),#7742,.T.);
#7708 = FACE_BOUND('',#7709,.T.);
#7709 = EDGE_LOOP('',(#7710,#7720,#7728,#7736));
#7710 = ORIENTED_EDGE('',*,*,#7711,.F.);
#7711 = EDGE_CURVE('',#7712,#7714,#7716,.T.);
#7712 = VERTEX_POINT('',#7713);
#7713 = CARTESIAN_POINT('',(951.7,0.,431.));
#7714 = VERTEX_POINT('',#7715);
#7715 = CARTESIAN_POINT('',(951.7,0.,611.));
#7716 = LINE('',#7717,#7718);
#7717 = CARTESIAN_POINT('',(951.7,0.,431.));
#7718 = VECTOR('',#7719,1.);
#7719 = DIRECTION('',(0.,0.,1.));
#7720 = ORIENTED_EDGE('',*,*,#7721,.T.);
#7721 = EDGE_CURVE('',#7712,#7722,#7724,.T.);
#7722 = VERTEX_POINT('',#7723);
#7723 = CARTESIAN_POINT('',(951.7,500.,431.));
#7724 = LINE('',#7725,#7726);
#7725 = CARTESIAN_POINT('',(951.7,0.,431.));
#7726 = VECTOR('',#7727,1.);
#7727 = DIRECTION('',(0.,1.,0.));
#7728 = ORIENTED_EDGE('',*,*,#7729,.T.);
#7729 = EDGE_CURVE('',#7722,#7730,#7732,.T.);
#7730 = VERTEX_POINT('',#7731);
#7731 = CARTESIAN_POINT('',(951.7,500.,611.));
#7732 = LINE('',#7733,#7734);
#7733 = CARTESIAN_POINT('',(951.7,500.,431.));
#7734 = VECTOR('',#7735,1.);
#7735 = DIRECTION('',(0.,0.,1.));
#7736 = ORIENTED_EDGE('',*,*,#7737,.F.);
#7737 = EDGE_CURVE('',#7714,#7730,#7738,.T.);
#7738 = LINE('',#7739,#7740);
#7739 = CARTESIAN_POINT('',(951.7,0.,611.));
#7740 = VECTOR('',#7741,1.);
#7741 = DIRECTION('',(0.,1.,0.));
#7742 = PLANE('',#7743);
#7743 = AXIS2_PLACEMENT_3D('',#7744,#7745,#7746);
#7744 = CARTESIAN_POINT('',(951.7,0.,431.));
#7745 = DIRECTION('',(1.,0.,0.));
#7746 = DIRECTION('',(0.,0.,1.));
#7747 = ADVANCED_FACE('',(#7748),#7764,.F.);
#7748 = FACE_BOUND('',#7749,.F.);
#7749 = EDGE_LOOP('',(#7750,#7756,#7757,#7763));
#7750 = ORIENTED_EDGE('',*,*,#7751,.F.);
#7751 = EDGE_CURVE('',#7672,#7712,#7752,.T.);
#7752 = LINE('',#7753,#7754);
#7753 = CARTESIAN_POINT('',(933.7,0.,431.));
#7754 = VECTOR('',#7755,1.);
#7755 = DIRECTION('',(1.,0.,0.));
#7756 = ORIENTED_EDGE('',*,*,#7671,.T.);
#7757 = ORIENTED_EDGE('',*,*,#7758,.T.);
#7758 = EDGE_CURVE('',#7674,#7714,#7759,.T.);
#7759 = LINE('',#7760,#7761);
#7760 = CARTESIAN_POINT('',(933.7,0.,611.));
#7761 = VECTOR('',#7762,1.);
#7762 = DIRECTION('',(1.,0.,0.));
#7763 = ORIENTED_EDGE('',*,*,#7711,.F.);
#7764 = PLANE('',#7765);
#7765 = AXIS2_PLACEMENT_3D('',#7766,#7767,#7768);
#7766 = CARTESIAN_POINT('',(933.7,0.,431.));
#7767 = DIRECTION('',(0.,1.,0.));
#7768 = DIRECTION('',(0.,0.,1.));
#7769 = ADVANCED_FACE('',(#7770),#7786,.T.);
#7770 = FACE_BOUND('',#7771,.T.);
#7771 = EDGE_LOOP('',(#7772,#7778,#7779,#7785));
#7772 = ORIENTED_EDGE('',*,*,#7773,.F.);
#7773 = EDGE_CURVE('',#7682,#7722,#7774,.T.);
#7774 = LINE('',#7775,#7776);
#7775 = CARTESIAN_POINT('',(933.7,500.,431.));
#7776 = VECTOR('',#7777,1.);
#7777 = DIRECTION('',(1.,0.,0.));
#7778 = ORIENTED_EDGE('',*,*,#7689,.T.);
#7779 = ORIENTED_EDGE('',*,*,#7780,.T.);
#7780 = EDGE_CURVE('',#7690,#7730,#7781,.T.);
#7781 = LINE('',#7782,#7783);
#7782 = CARTESIAN_POINT('',(933.7,500.,611.));
#7783 = VECTOR('',#7784,1.);
#7784 = DIRECTION('',(1.,0.,0.));
#7785 = ORIENTED_EDGE('',*,*,#7729,.F.);
#7786 = PLANE('',#7787);
#7787 = AXIS2_PLACEMENT_3D('',#7788,#7789,#7790);
#7788 = CARTESIAN_POINT('',(933.7,500.,431.));
#7789 = DIRECTION('',(0.,1.,0.));
#7790 = DIRECTION('',(0.,0.,1.));
#7791 = ADVANCED_FACE('',(#7792),#7798,.F.);
#7792 = FACE_BOUND('',#7793,.F.);
#7793 = EDGE_LOOP('',(#7794,#7795,#7796,#7797));
#7794 = ORIENTED_EDGE('',*,*,#7681,.F.);
#7795 = ORIENTED_EDGE('',*,*,#7751,.T.);
#7796 = ORIENTED_EDGE('',*,*,#7721,.T.);
#7797 = ORIENTED_EDGE('',*,*,#7773,.F.);
#7798 = PLANE('',#7799);
#7799 = AXIS2_PLACEMENT_3D('',#7800,#7801,#7802);
#7800 = CARTESIAN_POINT('',(933.7,0.,431.));
#7801 = DIRECTION('',(0.,0.,1.));
#7802 = DIRECTION('',(1.,0.,0.));
#7803 = ADVANCED_FACE('',(#7804),#7810,.T.);
#7804 = FACE_BOUND('',#7805,.T.);
#7805 = EDGE_LOOP('',(#7806,#7807,#7808,#7809));
#7806 = ORIENTED_EDGE('',*,*,#7697,.F.);
#7807 = ORIENTED_EDGE('',*,*,#7758,.T.);
#7808 = ORIENTED_EDGE('',*,*,#7737,.T.);
#7809 = ORIENTED_EDGE('',*,*,#7780,.F.);
#7810 = PLANE('',#7811);
#7811 = AXIS2_PLACEMENT_3D('',#7812,#7813,#7814);
#7812 = CARTESIAN_POINT('',(933.7,0.,611.));
#7813 = DIRECTION('',(0.,0.,1.));
#7814 = DIRECTION('',(1.,0.,0.));
#7815 = MANIFOLD_SOLID_BREP('',#7816);
#7816 = CLOSED_SHELL('',(#7817,#7857,#7897,#7919,#7941,#7953));
#7817 = ADVANCED_FACE('',(#7818),#7852,.F.);
#7818 = FACE_BOUND('',#7819,.F.);
#7819 = EDGE_LOOP('',(#7820,#7830,#7838,#7846));
#7820 = ORIENTED_EDGE('',*,*,#7821,.F.);
#7821 = EDGE_CURVE('',#7822,#7824,#7826,.T.);
#7822 = VERTEX_POINT('',#7823);
#7823 = CARTESIAN_POINT('',(1.5408E+03,0.,431.));
#7824 = VERTEX_POINT('',#7825);
#7825 = CARTESIAN_POINT('',(1.5408E+03,0.,611.));
#7826 = LINE('',#7827,#7828);
#7827 = CARTESIAN_POINT('',(1.5408E+03,0.,431.));
#7828 = VECTOR('',#7829,1.);
#7829 = DIRECTION('',(0.,0.,1.));
#7830 = ORIENTED_EDGE('',*,*,#7831,.T.);
#7831 = EDGE_CURVE('',#7822,#7832,#7834,.T.);
#7832 = VERTEX_POINT('',#7833);
#7833 = CARTESIAN_POINT('',(1.5408E+03,500.,431.));
#7834 = LINE('',#7835,#7836);
#7835 = CARTESIAN_POINT('',(1.5408E+03,0.,431.));
#7836 = VECTOR('',#7837,1.);
#7837 = DIRECTION('',(0.,1.,0.));
#7838 = ORIENTED_EDGE('',*,*,#7839,.T.);
#7839 = EDGE_CURVE('',#7832,#7840,#7842,.T.);
#7840 = VERTEX_POINT('',#7841);
#7841 = CARTESIAN_POINT('',(1.5408E+03,500.,611.));
#7842 = LINE('',#7843,#7844);
#7843 = CARTESIAN_POINT('',(1.5408E+03,500.,431.));
#7844 = VECTOR('',#7845,1.);
#7845 = DIRECTION('',(0.,0.,1.));
#7846 = ORIENTED_EDGE('',*,*,#7847,.F.);
#7847 = EDGE_CURVE('',#7824,#7840,#7848,.T.);
#7848 = LINE('',#7849,#7850);
#7849 = CARTESIAN_POINT('',(1.5408E+03,0.,611.));
#7850 = VECTOR('',#7851,1.);
#7851 = DIRECTION('',(0.,1.,0.));
#7852 = PLANE('',#7853);
#7853 = AXIS2_PLACEMENT_3D('',#7854,#7855,#7856);
#7854 = CARTESIAN_POINT('',(1.5408E+03,0.,431.));
#7855 = DIRECTION('',(1.,0.,0.));
#7856 = DIRECTION('',(0.,0.,1.));
#7857 = ADVANCED_FACE('',(#7858),#7892,.T.);
#7858 = FACE_BOUND('',#7859,.T.);
#7859 = EDGE_LOOP('',(#7860,#7870,#7878,#7886));
#7860 = ORIENTED_EDGE('',*,*,#7861,.F.);
#7861 = EDGE_CURVE('',#7862,#7864,#7866,.T.);
#7862 = VERTEX_POINT('',#7863);
#7863 = CARTESIAN_POINT('',(1.5588E+03,0.,431.));
#7864 = VERTEX_POINT('',#7865);
#7865 = CARTESIAN_POINT('',(1.5588E+03,0.,611.));
#7866 = LINE('',#7867,#7868);
#7867 = CARTESIAN_POINT('',(1.5588E+03,0.,431.));
#7868 = VECTOR('',#7869,1.);
#7869 = DIRECTION('',(0.,0.,1.));
#7870 = ORIENTED_EDGE('',*,*,#7871,.T.);
#7871 = EDGE_CURVE('',#7862,#7872,#7874,.T.);
#7872 = VERTEX_POINT('',#7873);
#7873 = CARTESIAN_POINT('',(1.5588E+03,500.,431.));
#7874 = LINE('',#7875,#7876);
#7875 = CARTESIAN_POINT('',(1.5588E+03,0.,431.));
#7876 = VECTOR('',#7877,1.);
#7877 = DIRECTION('',(0.,1.,0.));
#7878 = ORIENTED_EDGE('',*,*,#7879,.T.);
#7879 = EDGE_CURVE('',#7872,#7880,#7882,.T.);
#7880 = VERTEX_POINT('',#7881);
#7881 = CARTESIAN_POINT('',(1.5588E+03,500.,611.));
#7882 = LINE('',#7883,#7884);
#7883 = CARTESIAN_POINT('',(1.5588E+03,500.,431.));
#7884 = VECTOR('',#7885,1.);
#7885 = DIRECTION('',(0.,0.,1.));
#7886 = ORIENTED_EDGE('',*,*,#7887,.F.);
#7887 = EDGE_CURVE('',#7864,#7880,#7888,.T.);
#7888 = LINE('',#7889,#7890);
#7889 = CARTESIAN_POINT('',(1.5588E+03,0.,611.));
#7890 = VECTOR('',#7891,1.);
#7891 = DIRECTION('',(0.,1.,0.));
#7892 = PLANE('',#7893);
#7893 = AXIS2_PLACEMENT_3D('',#7894,#7895,#7896);
#7894 = CARTESIAN_POINT('',(1.5588E+03,0.,431.));
#7895 = DIRECTION('',(1.,0.,0.));
#7896 = DIRECTION('',(0.,0.,1.));
#7897 = ADVANCED_FACE('',(#7898),#7914,.F.);
#7898 = FACE_BOUND('',#7899,.F.);
#7899 = EDGE_LOOP('',(#7900,#7906,#7907,#7913));
#7900 = ORIENTED_EDGE('',*,*,#7901,.F.);
#7901 = EDGE_CURVE('',#7822,#7862,#7902,.T.);
#7902 = LINE('',#7903,#7904);
#7903 = CARTESIAN_POINT('',(1.5408E+03,0.,431.));
#7904 = VECTOR('',#7905,1.);
#7905 = DIRECTION('',(1.,0.,0.));
#7906 = ORIENTED_EDGE('',*,*,#7821,.T.);
#7907 = ORIENTED_EDGE('',*,*,#7908,.T.);
#7908 = EDGE_CURVE('',#7824,#7864,#7909,.T.);
#7909 = LINE('',#7910,#7911);
#7910 = CARTESIAN_POINT('',(1.5408E+03,0.,611.));
#7911 = VECTOR('',#7912,1.);
#7912 = DIRECTION('',(1.,0.,0.));
#7913 = ORIENTED_EDGE('',*,*,#7861,.F.);
#7914 = PLANE('',#7915);
#7915 = AXIS2_PLACEMENT_3D('',#7916,#7917,#7918);
#7916 = CARTESIAN_POINT('',(1.5408E+03,0.,431.));
#7917 = DIRECTION('',(0.,1.,0.));
#7918 = DIRECTION('',(0.,0.,1.));
#7919 = ADVANCED_FACE('',(#7920),#7936,.T.);
#7920 = FACE_BOUND('',#7921,.T.);
#7921 = EDGE_LOOP('',(#7922,#7928,#7929,#7935));
#7922 = ORIENTED_EDGE('',*,*,#7923,.F.);
#7923 = EDGE_CURVE('',#7832,#7872,#7924,.T.);
#7924 = LINE('',#7925,#7926);
#7925 = CARTESIAN_POINT('',(1.5408E+03,500.,431.));
#7926 = VECTOR('',#7927,1.);
#7927 = DIRECTION('',(1.,0.,0.));
#7928 = ORIENTED_EDGE('',*,*,#7839,.T.);
#7929 = ORIENTED_EDGE('',*,*,#7930,.T.);
#7930 = EDGE_CURVE('',#7840,#7880,#7931,.T.);
#7931 = LINE('',#7932,#7933);
#7932 = CARTESIAN_POINT('',(1.5408E+03,500.,611.));
#7933 = VECTOR('',#7934,1.);
#7934 = DIRECTION('',(1.,0.,0.));
#7935 = ORIENTED_EDGE('',*,*,#7879,.F.);
#7936 = PLANE('',#7937);
#7937 = AXIS2_PLACEMENT_3D('',#7938,#7939,#7940);
#7938 = CARTESIAN_POINT('',(1.5408E+03,500.,431.));
#7939 = DIRECTION('',(0.,1.,0.));
#7940 = DIRECTION('',(0.,0.,1.));
#7941 = ADVANCED_FACE('',(#7942),#7948,.F.);
#7942 = FACE_BOUND('',#7943,.F.);
#7943 = EDGE_LOOP('',(#7944,#7945,#7946,#7947));
#7944 = ORIENTED_EDGE('',*,*,#7831,.F.);
#7945 = ORIENTED_EDGE('',*,*,#7901,.T.);
#7946 = ORIENTED_EDGE('',*,*,#7871,.T.);
#7947 = ORIENTED_EDGE('',*,*,#7923,.F.);
#7948 = PLANE('',#7949);
#7949 = AXIS2_PLACEMENT_3D('',#7950,#7951,#7952);
#7950 = CARTESIAN_POINT('',(1.5408E+03,0.,431.));
#7951 = DIRECTION('',(0.,0.,1.));
#7952 = DIRECTION('',(1.,0.,0.));
#7953 = ADVANCED_FACE('',(#7954),#7960,.T.);
#7954 = FACE_BOUND('',#7955,.T.);
#7955 = EDGE_LOOP('',(#7956,#7957,#7958,#7959));
#7956 = ORIENTED_EDGE('',*,*,#7847,.F.);
#7957 = ORIENTED_EDGE('',*,*,#7908,.T.);
#7958 = ORIENTED_EDGE('',*,*,#7887,.T.);
#7959 = ORIENTED_EDGE('',*,*,#7930,.F.);
#7960 = PLANE('',#7961);
#7961 = AXIS2_PLACEMENT_3D('',#7962,#7963,#7964);
#7962 = CARTESIAN_POINT('',(1.5408E+03,0.,611.));
#7963 = DIRECTION('',(0.,0.,1.));
#7964 = DIRECTION('',(1.,0.,0.));
#7965 = MANIFOLD_SOLID_BREP('',#7966);
#7966 = CLOSED_SHELL('',(#7967,#8007,#8047,#8069,#8091,#8103));
#7967 = ADVANCED_FACE('',(#7968),#8002,.F.);
#7968 = FACE_BOUND('',#7969,.F.);
#7969 = EDGE_LOOP('',(#7970,#7980,#7988,#7996));
#7970 = ORIENTED_EDGE('',*,*,#7971,.F.);
#7971 = EDGE_CURVE('',#7972,#7974,#7976,.T.);
#7972 = VERTEX_POINT('',#7973);
#7973 = CARTESIAN_POINT('',(951.7,0.,431.));
#7974 = VERTEX_POINT('',#7975);
#7975 = CARTESIAN_POINT('',(951.7,0.,611.));
#7976 = LINE('',#7977,#7978);
#7977 = CARTESIAN_POINT('',(951.7,0.,431.));
#7978 = VECTOR('',#7979,1.);
#7979 = DIRECTION('',(0.,0.,1.));
#7980 = ORIENTED_EDGE('',*,*,#7981,.T.);
#7981 = EDGE_CURVE('',#7972,#7982,#7984,.T.);
#7982 = VERTEX_POINT('',#7983);
#7983 = CARTESIAN_POINT('',(951.7,18.,431.));
#7984 = LINE('',#7985,#7986);
#7985 = CARTESIAN_POINT('',(951.7,0.,431.));
#7986 = VECTOR('',#7987,1.);
#7987 = DIRECTION('',(0.,1.,0.));
#7988 = ORIENTED_EDGE('',*,*,#7989,.T.);
#7989 = EDGE_CURVE('',#7982,#7990,#7992,.T.);
#7990 = VERTEX_POINT('',#7991);
#7991 = CARTESIAN_POINT('',(951.7,18.,611.));
#7992 = LINE('',#7993,#7994);
#7993 = CARTESIAN_POINT('',(951.7,18.,431.));
#7994 = VECTOR('',#7995,1.);
#7995 = DIRECTION('',(0.,0.,1.));
#7996 = ORIENTED_EDGE('',*,*,#7997,.F.);
#7997 = EDGE_CURVE('',#7974,#7990,#7998,.T.);
#7998 = LINE('',#7999,#8000);
#7999 = CARTESIAN_POINT('',(951.7,0.,611.));
#8000 = VECTOR('',#8001,1.);
#8001 = DIRECTION('',(0.,1.,0.));
#8002 = PLANE('',#8003);
#8003 = AXIS2_PLACEMENT_3D('',#8004,#8005,#8006);
#8004 = CARTESIAN_POINT('',(951.7,0.,431.));
#8005 = DIRECTION('',(1.,0.,0.));
#8006 = DIRECTION('',(0.,0.,1.));
#8007 = ADVANCED_FACE('',(#8008),#8042,.T.);
#8008 = FACE_BOUND('',#8009,.T.);
#8009 = EDGE_LOOP('',(#8010,#8020,#8028,#8036));
#8010 = ORIENTED_EDGE('',*,*,#8011,.F.);
#8011 = EDGE_CURVE('',#8012,#8014,#8016,.T.);
#8012 = VERTEX_POINT('',#8013);
#8013 = CARTESIAN_POINT('',(1.5408E+03,0.,431.));
#8014 = VERTEX_POINT('',#8015);
#8015 = CARTESIAN_POINT('',(1.5408E+03,0.,611.));
#8016 = LINE('',#8017,#8018);
#8017 = CARTESIAN_POINT('',(1.5408E+03,0.,431.));
#8018 = VECTOR('',#8019,1.);
#8019 = DIRECTION('',(0.,0.,1.));
#8020 = ORIENTED_EDGE('',*,*,#8021,.T.);
#8021 = EDGE_CURVE('',#8012,#8022,#8024,.T.);
#8022 = VERTEX_POINT('',#8023);
#8023 = CARTESIAN_POINT('',(1.5408E+03,18.,431.));
#8024 = LINE('',#8025,#8026);
#8025 = CARTESIAN_POINT('',(1.5408E+03,0.,431.));
#8026 = VECTOR('',#8027,1.);
#8027 = DIRECTION('',(0.,1.,0.));
#8028 = ORIENTED_EDGE('',*,*,#8029,.T.);
#8029 = EDGE_CURVE('',#8022,#8030,#8032,.T.);
#8030 = VERTEX_POINT('',#8031);
#8031 = CARTESIAN_POINT('',(1.5408E+03,18.,611.));
#8032 = LINE('',#8033,#8034);
#8033 = CARTESIAN_POINT('',(1.5408E+03,18.,431.));
#8034 = VECTOR('',#8035,1.);
#8035 = DIRECTION('',(0.,0.,1.));
#8036 = ORIENTED_EDGE('',*,*,#8037,.F.);
#8037 = EDGE_CURVE('',#8014,#8030,#8038,.T.);
#8038 = LINE('',#8039,#8040);
#8039 = CARTESIAN_POINT('',(1.5408E+03,0.,611.));
#8040 = VECTOR('',#8041,1.);
#8041 = DIRECTION('',(0.,1.,0.));
#8042 = PLANE('',#8043);
#8043 = AXIS2_PLACEMENT_3D('',#8044,#8045,#8046);
#8044 = CARTESIAN_POINT('',(1.5408E+03,0.,431.));
#8045 = DIRECTION('',(1.,0.,0.));
#8046 = DIRECTION('',(0.,0.,1.));
#8047 = ADVANCED_FACE('',(#8048),#8064,.F.);
#8048 = FACE_BOUND('',#8049,.F.);
#8049 = EDGE_LOOP('',(#8050,#8056,#8057,#8063));
#8050 = ORIENTED_EDGE('',*,*,#8051,.F.);
#8051 = EDGE_CURVE('',#7972,#8012,#8052,.T.);
#8052 = LINE('',#8053,#8054);
#8053 = CARTESIAN_POINT('',(951.7,0.,431.));
#8054 = VECTOR('',#8055,1.);
#8055 = DIRECTION('',(1.,0.,0.));
#8056 = ORIENTED_EDGE('',*,*,#7971,.T.);
#8057 = ORIENTED_EDGE('',*,*,#8058,.T.);
#8058 = EDGE_CURVE('',#7974,#8014,#8059,.T.);
#8059 = LINE('',#8060,#8061);
#8060 = CARTESIAN_POINT('',(951.7,0.,611.));
#8061 = VECTOR('',#8062,1.);
#8062 = DIRECTION('',(1.,0.,0.));
#8063 = ORIENTED_EDGE('',*,*,#8011,.F.);
#8064 = PLANE('',#8065);
#8065 = AXIS2_PLACEMENT_3D('',#8066,#8067,#8068);
#8066 = CARTESIAN_POINT('',(951.7,0.,431.));
#8067 = DIRECTION('',(0.,1.,0.));
#8068 = DIRECTION('',(0.,0.,1.));
#8069 = ADVANCED_FACE('',(#8070),#8086,.T.);
#8070 = FACE_BOUND('',#8071,.T.);
#8071 = EDGE_LOOP('',(#8072,#8078,#8079,#8085));
#8072 = ORIENTED_EDGE('',*,*,#8073,.F.);
#8073 = EDGE_CURVE('',#7982,#8022,#8074,.T.);
#8074 = LINE('',#8075,#8076);
#8075 = CARTESIAN_POINT('',(951.7,18.,431.));
#8076 = VECTOR('',#8077,1.);
#8077 = DIRECTION('',(1.,0.,0.));
#8078 = ORIENTED_EDGE('',*,*,#7989,.T.);
#8079 = ORIENTED_EDGE('',*,*,#8080,.T.);
#8080 = EDGE_CURVE('',#7990,#8030,#8081,.T.);
#8081 = LINE('',#8082,#8083);
#8082 = CARTESIAN_POINT('',(951.7,18.,611.));
#8083 = VECTOR('',#8084,1.);
#8084 = DIRECTION('',(1.,0.,0.));
#8085 = ORIENTED_EDGE('',*,*,#8029,.F.);
#8086 = PLANE('',#8087);
#8087 = AXIS2_PLACEMENT_3D('',#8088,#8089,#8090);
#8088 = CARTESIAN_POINT('',(951.7,18.,431.));
#8089 = DIRECTION('',(0.,1.,0.));
#8090 = DIRECTION('',(0.,0.,1.));
#8091 = ADVANCED_FACE('',(#8092),#8098,.F.);
#8092 = FACE_BOUND('',#8093,.F.);
#8093 = EDGE_LOOP('',(#8094,#8095,#8096,#8097));
#8094 = ORIENTED_EDGE('',*,*,#7981,.F.);
#8095 = ORIENTED_EDGE('',*,*,#8051,.T.);
#8096 = ORIENTED_EDGE('',*,*,#8021,.T.);
#8097 = ORIENTED_EDGE('',*,*,#8073,.F.);
#8098 = PLANE('',#8099);
#8099 = AXIS2_PLACEMENT_3D('',#8100,#8101,#8102);
#8100 = CARTESIAN_POINT('',(951.7,0.,431.));
#8101 = DIRECTION('',(0.,0.,1.));
#8102 = DIRECTION('',(1.,0.,0.));
#8103 = ADVANCED_FACE('',(#8104),#8110,.T.);
#8104 = FACE_BOUND('',#8105,.T.);
#8105 = EDGE_LOOP('',(#8106,#8107,#8108,#8109));
#8106 = ORIENTED_EDGE('',*,*,#7997,.F.);
#8107 = ORIENTED_EDGE('',*,*,#8058,.T.);
#8108 = ORIENTED_EDGE('',*,*,#8037,.T.);
#8109 = ORIENTED_EDGE('',*,*,#8080,.F.);
#8110 = PLANE('',#8111);
#8111 = AXIS2_PLACEMENT_3D('',#8112,#8113,#8114);
#8112 = CARTESIAN_POINT('',(951.7,0.,611.));
#8113 = DIRECTION('',(0.,0.,1.));
#8114 = DIRECTION('',(1.,0.,0.));
#8115 = MANIFOLD_SOLID_BREP('',#8116);
#8116 = CLOSED_SHELL('',(#8117,#8157,#8197,#8219,#8241,#8253));
#8117 = ADVANCED_FACE('',(#8118),#8152,.F.);
#8118 = FACE_BOUND('',#8119,.F.);
#8119 = EDGE_LOOP('',(#8120,#8130,#8138,#8146));
#8120 = ORIENTED_EDGE('',*,*,#8121,.F.);
#8121 = EDGE_CURVE('',#8122,#8124,#8126,.T.);
#8122 = VERTEX_POINT('',#8123);
#8123 = CARTESIAN_POINT('',(951.7,482.,431.));
#8124 = VERTEX_POINT('',#8125);
#8125 = CARTESIAN_POINT('',(951.7,482.,611.));
#8126 = LINE('',#8127,#8128);
#8127 = CARTESIAN_POINT('',(951.7,482.,431.));
#8128 = VECTOR('',#8129,1.);
#8129 = DIRECTION('',(0.,0.,1.));
#8130 = ORIENTED_EDGE('',*,*,#8131,.T.);
#8131 = EDGE_CURVE('',#8122,#8132,#8134,.T.);
#8132 = VERTEX_POINT('',#8133);
#8133 = CARTESIAN_POINT('',(951.7,500.,431.));
#8134 = LINE('',#8135,#8136);
#8135 = CARTESIAN_POINT('',(951.7,482.,431.));
#8136 = VECTOR('',#8137,1.);
#8137 = DIRECTION('',(0.,1.,0.));
#8138 = ORIENTED_EDGE('',*,*,#8139,.T.);
#8139 = EDGE_CURVE('',#8132,#8140,#8142,.T.);
#8140 = VERTEX_POINT('',#8141);
#8141 = CARTESIAN_POINT('',(951.7,500.,611.));
#8142 = LINE('',#8143,#8144);
#8143 = CARTESIAN_POINT('',(951.7,500.,431.));
#8144 = VECTOR('',#8145,1.);
#8145 = DIRECTION('',(0.,0.,1.));
#8146 = ORIENTED_EDGE('',*,*,#8147,.F.);
#8147 = EDGE_CURVE('',#8124,#8140,#8148,.T.);
#8148 = LINE('',#8149,#8150);
#8149 = CARTESIAN_POINT('',(951.7,482.,611.));
#8150 = VECTOR('',#8151,1.);
#8151 = DIRECTION('',(0.,1.,0.));
#8152 = PLANE('',#8153);
#8153 = AXIS2_PLACEMENT_3D('',#8154,#8155,#8156);
#8154 = CARTESIAN_POINT('',(951.7,482.,431.));
#8155 = DIRECTION('',(1.,0.,0.));
#8156 = DIRECTION('',(0.,0.,1.));
#8157 = ADVANCED_FACE('',(#8158),#8192,.T.);
#8158 = FACE_BOUND('',#8159,.T.);
#8159 = EDGE_LOOP('',(#8160,#8170,#8178,#8186));
#8160 = ORIENTED_EDGE('',*,*,#8161,.F.);
#8161 = EDGE_CURVE('',#8162,#8164,#8166,.T.);
#8162 = VERTEX_POINT('',#8163);
#8163 = CARTESIAN_POINT('',(1.5408E+03,482.,431.));
#8164 = VERTEX_POINT('',#8165);
#8165 = CARTESIAN_POINT('',(1.5408E+03,482.,611.));
#8166 = LINE('',#8167,#8168);
#8167 = CARTESIAN_POINT('',(1.5408E+03,482.,431.));
#8168 = VECTOR('',#8169,1.);
#8169 = DIRECTION('',(0.,0.,1.));
#8170 = ORIENTED_EDGE('',*,*,#8171,.T.);
#8171 = EDGE_CURVE('',#8162,#8172,#8174,.T.);
#8172 = VERTEX_POINT('',#8173);
#8173 = CARTESIAN_POINT('',(1.5408E+03,500.,431.));
#8174 = LINE('',#8175,#8176);
#8175 = CARTESIAN_POINT('',(1.5408E+03,482.,431.));
#8176 = VECTOR('',#8177,1.);
#8177 = DIRECTION('',(0.,1.,0.));
#8178 = ORIENTED_EDGE('',*,*,#8179,.T.);
#8179 = EDGE_CURVE('',#8172,#8180,#8182,.T.);
#8180 = VERTEX_POINT('',#8181);
#8181 = CARTESIAN_POINT('',(1.5408E+03,500.,611.));
#8182 = LINE('',#8183,#8184);
#8183 = CARTESIAN_POINT('',(1.5408E+03,500.,431.));
#8184 = VECTOR('',#8185,1.);
#8185 = DIRECTION('',(0.,0.,1.));
#8186 = ORIENTED_EDGE('',*,*,#8187,.F.);
#8187 = EDGE_CURVE('',#8164,#8180,#8188,.T.);
#8188 = LINE('',#8189,#8190);
#8189 = CARTESIAN_POINT('',(1.5408E+03,482.,611.));
#8190 = VECTOR('',#8191,1.);
#8191 = DIRECTION('',(0.,1.,0.));
#8192 = PLANE('',#8193);
#8193 = AXIS2_PLACEMENT_3D('',#8194,#8195,#8196);
#8194 = CARTESIAN_POINT('',(1.5408E+03,482.,431.));
#8195 = DIRECTION('',(1.,0.,0.));
#8196 = DIRECTION('',(0.,0.,1.));
#8197 = ADVANCED_FACE('',(#8198),#8214,.F.);
#8198 = FACE_BOUND('',#8199,.F.);
#8199 = EDGE_LOOP('',(#8200,#8206,#8207,#8213));
#8200 = ORIENTED_EDGE('',*,*,#8201,.F.);
#8201 = EDGE_CURVE('',#8122,#8162,#8202,.T.);
#8202 = LINE('',#8203,#8204);
#8203 = CARTESIAN_POINT('',(951.7,482.,431.));
#8204 = VECTOR('',#8205,1.);
#8205 = DIRECTION('',(1.,0.,0.));
#8206 = ORIENTED_EDGE('',*,*,#8121,.T.);
#8207 = ORIENTED_EDGE('',*,*,#8208,.T.);
#8208 = EDGE_CURVE('',#8124,#8164,#8209,.T.);
#8209 = LINE('',#8210,#8211);
#8210 = CARTESIAN_POINT('',(951.7,482.,611.));
#8211 = VECTOR('',#8212,1.);
#8212 = DIRECTION('',(1.,0.,0.));
#8213 = ORIENTED_EDGE('',*,*,#8161,.F.);
#8214 = PLANE('',#8215);
#8215 = AXIS2_PLACEMENT_3D('',#8216,#8217,#8218);
#8216 = CARTESIAN_POINT('',(951.7,482.,431.));
#8217 = DIRECTION('',(0.,1.,0.));
#8218 = DIRECTION('',(0.,0.,1.));
#8219 = ADVANCED_FACE('',(#8220),#8236,.T.);
#8220 = FACE_BOUND('',#8221,.T.);
#8221 = EDGE_LOOP('',(#8222,#8228,#8229,#8235));
#8222 = ORIENTED_EDGE('',*,*,#8223,.F.);
#8223 = EDGE_CURVE('',#8132,#8172,#8224,.T.);
#8224 = LINE('',#8225,#8226);
#8225 = CARTESIAN_POINT('',(951.7,500.,431.));
#8226 = VECTOR('',#8227,1.);
#8227 = DIRECTION('',(1.,0.,0.));
#8228 = ORIENTED_EDGE('',*,*,#8139,.T.);
#8229 = ORIENTED_EDGE('',*,*,#8230,.T.);
#8230 = EDGE_CURVE('',#8140,#8180,#8231,.T.);
#8231 = LINE('',#8232,#8233);
#8232 = CARTESIAN_POINT('',(951.7,500.,611.));
#8233 = VECTOR('',#8234,1.);
#8234 = DIRECTION('',(1.,0.,0.));
#8235 = ORIENTED_EDGE('',*,*,#8179,.F.);
#8236 = PLANE('',#8237);
#8237 = AXIS2_PLACEMENT_3D('',#8238,#8239,#8240);
#8238 = CARTESIAN_POINT('',(951.7,500.,431.));
#8239 = DIRECTION('',(0.,1.,0.));
#8240 = DIRECTION('',(0.,0.,1.));
#8241 = ADVANCED_FACE('',(#8242),#8248,.F.);
#8242 = FACE_BOUND('',#8243,.F.);
#8243 = EDGE_LOOP('',(#8244,#8245,#8246,#8247));
#8244 = ORIENTED_EDGE('',*,*,#8131,.F.);
#8245 = ORIENTED_EDGE('',*,*,#8201,.T.);
#8246 = ORIENTED_EDGE('',*,*,#8171,.T.);
#8247 = ORIENTED_EDGE('',*,*,#8223,.F.);
#8248 = PLANE('',#8249);
#8249 = AXIS2_PLACEMENT_3D('',#8250,#8251,#8252);
#8250 = CARTESIAN_POINT('',(951.7,482.,431.));
#8251 = DIRECTION('',(0.,0.,1.));
#8252 = DIRECTION('',(1.,0.,0.));
#8253 = ADVANCED_FACE('',(#8254),#8260,.T.);
#8254 = FACE_BOUND('',#8255,.T.);
#8255 = EDGE_LOOP('',(#8256,#8257,#8258,#8259));
#8256 = ORIENTED_EDGE('',*,*,#8147,.F.);
#8257 = ORIENTED_EDGE('',*,*,#8208,.T.);
#8258 = ORIENTED_EDGE('',*,*,#8187,.T.);
#8259 = ORIENTED_EDGE('',*,*,#8230,.F.);
#8260 = PLANE('',#8261);
#8261 = AXIS2_PLACEMENT_3D('',#8262,#8263,#8264);
#8262 = CARTESIAN_POINT('',(951.7,482.,611.));
#8263 = DIRECTION('',(0.,0.,1.));
#8264 = DIRECTION('',(1.,0.,0.));
#8265 = MANIFOLD_SOLID_BREP('',#8266);
#8266 = CLOSED_SHELL('',(#8267,#8307,#8347,#8369,#8391,#8403));
#8267 = ADVANCED_FACE('',(#8268),#8302,.F.);
#8268 = FACE_BOUND('',#8269,.F.);
#8269 = EDGE_LOOP('',(#8270,#8280,#8288,#8296));
#8270 = ORIENTED_EDGE('',*,*,#8271,.F.);
#8271 = EDGE_CURVE('',#8272,#8274,#8276,.T.);
#8272 = VERTEX_POINT('',#8273);
#8273 = CARTESIAN_POINT('',(933.7,0.,425.));
#8274 = VERTEX_POINT('',#8275);
#8275 = CARTESIAN_POINT('',(933.7,0.,431.));
#8276 = LINE('',#8277,#8278);
#8277 = CARTESIAN_POINT('',(933.7,0.,425.));
#8278 = VECTOR('',#8279,1.);
#8279 = DIRECTION('',(0.,0.,1.));
#8280 = ORIENTED_EDGE('',*,*,#8281,.T.);
#8281 = EDGE_CURVE('',#8272,#8282,#8284,.T.);
#8282 = VERTEX_POINT('',#8283);
#8283 = CARTESIAN_POINT('',(933.7,500.,425.));
#8284 = LINE('',#8285,#8286);
#8285 = CARTESIAN_POINT('',(933.7,0.,425.));
#8286 = VECTOR('',#8287,1.);
#8287 = DIRECTION('',(0.,1.,0.));
#8288 = ORIENTED_EDGE('',*,*,#8289,.T.);
#8289 = EDGE_CURVE('',#8282,#8290,#8292,.T.);
#8290 = VERTEX_POINT('',#8291);
#8291 = CARTESIAN_POINT('',(933.7,500.,431.));
#8292 = LINE('',#8293,#8294);
#8293 = CARTESIAN_POINT('',(933.7,500.,425.));
#8294 = VECTOR('',#8295,1.);
#8295 = DIRECTION('',(0.,0.,1.));
#8296 = ORIENTED_EDGE('',*,*,#8297,.F.);
#8297 = EDGE_CURVE('',#8274,#8290,#8298,.T.);
#8298 = LINE('',#8299,#8300);
#8299 = CARTESIAN_POINT('',(933.7,0.,431.));
#8300 = VECTOR('',#8301,1.);
#8301 = DIRECTION('',(0.,1.,0.));
#8302 = PLANE('',#8303);
#8303 = AXIS2_PLACEMENT_3D('',#8304,#8305,#8306);
#8304 = CARTESIAN_POINT('',(933.7,0.,425.));
#8305 = DIRECTION('',(1.,0.,0.));
#8306 = DIRECTION('',(0.,0.,1.));
#8307 = ADVANCED_FACE('',(#8308),#8342,.T.);
#8308 = FACE_BOUND('',#8309,.T.);
#8309 = EDGE_LOOP('',(#8310,#8320,#8328,#8336));
#8310 = ORIENTED_EDGE('',*,*,#8311,.F.);
#8311 = EDGE_CURVE('',#8312,#8314,#8316,.T.);
#8312 = VERTEX_POINT('',#8313);
#8313 = CARTESIAN_POINT('',(1.5588E+03,0.,425.));
#8314 = VERTEX_POINT('',#8315);
#8315 = CARTESIAN_POINT('',(1.5588E+03,0.,431.));
#8316 = LINE('',#8317,#8318);
#8317 = CARTESIAN_POINT('',(1.5588E+03,0.,425.));
#8318 = VECTOR('',#8319,1.);
#8319 = DIRECTION('',(0.,0.,1.));
#8320 = ORIENTED_EDGE('',*,*,#8321,.T.);
#8321 = EDGE_CURVE('',#8312,#8322,#8324,.T.);
#8322 = VERTEX_POINT('',#8323);
#8323 = CARTESIAN_POINT('',(1.5588E+03,500.,425.));
#8324 = LINE('',#8325,#8326);
#8325 = CARTESIAN_POINT('',(1.5588E+03,0.,425.));
#8326 = VECTOR('',#8327,1.);
#8327 = DIRECTION('',(0.,1.,0.));
#8328 = ORIENTED_EDGE('',*,*,#8329,.T.);
#8329 = EDGE_CURVE('',#8322,#8330,#8332,.T.);
#8330 = VERTEX_POINT('',#8331);
#8331 = CARTESIAN_POINT('',(1.5588E+03,500.,431.));
#8332 = LINE('',#8333,#8334);
#8333 = CARTESIAN_POINT('',(1.5588E+03,500.,425.));
#8334 = VECTOR('',#8335,1.);
#8335 = DIRECTION('',(0.,0.,1.));
#8336 = ORIENTED_EDGE('',*,*,#8337,.F.);
#8337 = EDGE_CURVE('',#8314,#8330,#8338,.T.);
#8338 = LINE('',#8339,#8340);
#8339 = CARTESIAN_POINT('',(1.5588E+03,0.,431.));
#8340 = VECTOR('',#8341,1.);
#8341 = DIRECTION('',(0.,1.,0.));
#8342 = PLANE('',#8343);
#8343 = AXIS2_PLACEMENT_3D('',#8344,#8345,#8346);
#8344 = CARTESIAN_POINT('',(1.5588E+03,0.,425.));
#8345 = DIRECTION('',(1.,0.,0.));
#8346 = DIRECTION('',(0.,0.,1.));
#8347 = ADVANCED_FACE('',(#8348),#8364,.F.);
#8348 = FACE_BOUND('',#8349,.F.);
#8349 = EDGE_LOOP('',(#8350,#8356,#8357,#8363));
#8350 = ORIENTED_EDGE('',*,*,#8351,.F.);
#8351 = EDGE_CURVE('',#8272,#8312,#8352,.T.);
#8352 = LINE('',#8353,#8354);
#8353 = CARTESIAN_POINT('',(933.7,0.,425.));
#8354 = VECTOR('',#8355,1.);
#8355 = DIRECTION('',(1.,0.,0.));
#8356 = ORIENTED_EDGE('',*,*,#8271,.T.);
#8357 = ORIENTED_EDGE('',*,*,#8358,.T.);
#8358 = EDGE_CURVE('',#8274,#8314,#8359,.T.);
#8359 = LINE('',#8360,#8361);
#8360 = CARTESIAN_POINT('',(933.7,0.,431.));
#8361 = VECTOR('',#8362,1.);
#8362 = DIRECTION('',(1.,0.,0.));
#8363 = ORIENTED_EDGE('',*,*,#8311,.F.);
#8364 = PLANE('',#8365);
#8365 = AXIS2_PLACEMENT_3D('',#8366,#8367,#8368);
#8366 = CARTESIAN_POINT('',(933.7,0.,425.));
#8367 = DIRECTION('',(0.,1.,0.));
#8368 = DIRECTION('',(0.,0.,1.));
#8369 = ADVANCED_FACE('',(#8370),#8386,.T.);
#8370 = FACE_BOUND('',#8371,.T.);
#8371 = EDGE_LOOP('',(#8372,#8378,#8379,#8385));
#8372 = ORIENTED_EDGE('',*,*,#8373,.F.);
#8373 = EDGE_CURVE('',#8282,#8322,#8374,.T.);
#8374 = LINE('',#8375,#8376);
#8375 = CARTESIAN_POINT('',(933.7,500.,425.));
#8376 = VECTOR('',#8377,1.);
#8377 = DIRECTION('',(1.,0.,0.));
#8378 = ORIENTED_EDGE('',*,*,#8289,.T.);
#8379 = ORIENTED_EDGE('',*,*,#8380,.T.);
#8380 = EDGE_CURVE('',#8290,#8330,#8381,.T.);
#8381 = LINE('',#8382,#8383);
#8382 = CARTESIAN_POINT('',(933.7,500.,431.));
#8383 = VECTOR('',#8384,1.);
#8384 = DIRECTION('',(1.,0.,0.));
#8385 = ORIENTED_EDGE('',*,*,#8329,.F.);
#8386 = PLANE('',#8387);
#8387 = AXIS2_PLACEMENT_3D('',#8388,#8389,#8390);
#8388 = CARTESIAN_POINT('',(933.7,500.,425.));
#8389 = DIRECTION('',(0.,1.,0.));
#8390 = DIRECTION('',(0.,0.,1.));
#8391 = ADVANCED_FACE('',(#8392),#8398,.F.);
#8392 = FACE_BOUND('',#8393,.F.);
#8393 = EDGE_LOOP('',(#8394,#8395,#8396,#8397));
#8394 = ORIENTED_EDGE('',*,*,#8281,.F.);
#8395 = ORIENTED_EDGE('',*,*,#8351,.T.);
#8396 = ORIENTED_EDGE('',*,*,#8321,.T.);
#8397 = ORIENTED_EDGE('',*,*,#8373,.F.);
#8398 = PLANE('',#8399);
#8399 = AXIS2_PLACEMENT_3D('',#8400,#8401,#8402);
#8400 = CARTESIAN_POINT('',(933.7,0.,425.));
#8401 = DIRECTION('',(0.,0.,1.));
#8402 = DIRECTION('',(1.,0.,0.));
#8403 = ADVANCED_FACE('',(#8404),#8410,.T.);
#8404 = FACE_BOUND('',#8405,.T.);
#8405 = EDGE_LOOP('',(#8406,#8407,#8408,#8409));
#8406 = ORIENTED_EDGE('',*,*,#8297,.F.);
#8407 = ORIENTED_EDGE('',*,*,#8358,.T.);
#8408 = ORIENTED_EDGE('',*,*,#8337,.T.);
#8409 = ORIENTED_EDGE('',*,*,#8380,.F.);
#8410 = PLANE('',#8411);
#8411 = AXIS2_PLACEMENT_3D('',#8412,#8413,#8414);
#8412 = CARTESIAN_POINT('',(933.7,0.,431.));
#8413 = DIRECTION('',(0.,0.,1.));
#8414 = DIRECTION('',(1.,0.,0.));
#8415 = MANIFOLD_SOLID_BREP('',#8416);
#8416 = CLOSED_SHELL('',(#8417,#8457,#8497,#8519,#8541,#8553));
#8417 = ADVANCED_FACE('',(#8418),#8452,.F.);
#8418 = FACE_BOUND('',#8419,.F.);
#8419 = EDGE_LOOP('',(#8420,#8430,#8438,#8446));
#8420 = ORIENTED_EDGE('',*,*,#8421,.F.);
#8421 = EDGE_CURVE('',#8422,#8424,#8426,.T.);
#8422 = VERTEX_POINT('',#8423);
#8423 = CARTESIAN_POINT('',(1.6022E+03,0.,431.));
#8424 = VERTEX_POINT('',#8425);
#8425 = CARTESIAN_POINT('',(1.6022E+03,0.,611.));
#8426 = LINE('',#8427,#8428);
#8427 = CARTESIAN_POINT('',(1.6022E+03,0.,431.));
#8428 = VECTOR('',#8429,1.);
#8429 = DIRECTION('',(0.,0.,1.));
#8430 = ORIENTED_EDGE('',*,*,#8431,.T.);
#8431 = EDGE_CURVE('',#8422,#8432,#8434,.T.);
#8432 = VERTEX_POINT('',#8433);
#8433 = CARTESIAN_POINT('',(1.6022E+03,500.,431.));
#8434 = LINE('',#8435,#8436);
#8435 = CARTESIAN_POINT('',(1.6022E+03,0.,431.));
#8436 = VECTOR('',#8437,1.);
#8437 = DIRECTION('',(0.,1.,0.));
#8438 = ORIENTED_EDGE('',*,*,#8439,.T.);
#8439 = EDGE_CURVE('',#8432,#8440,#8442,.T.);
#8440 = VERTEX_POINT('',#8441);
#8441 = CARTESIAN_POINT('',(1.6022E+03,500.,611.));
#8442 = LINE('',#8443,#8444);
#8443 = CARTESIAN_POINT('',(1.6022E+03,500.,431.));
#8444 = VECTOR('',#8445,1.);
#8445 = DIRECTION('',(0.,0.,1.));
#8446 = ORIENTED_EDGE('',*,*,#8447,.F.);
#8447 = EDGE_CURVE('',#8424,#8440,#8448,.T.);
#8448 = LINE('',#8449,#8450);
#8449 = CARTESIAN_POINT('',(1.6022E+03,0.,611.));
#8450 = VECTOR('',#8451,1.);
#8451 = DIRECTION('',(0.,1.,0.));
#8452 = PLANE('',#8453);
#8453 = AXIS2_PLACEMENT_3D('',#8454,#8455,#8456);
#8454 = CARTESIAN_POINT('',(1.6022E+03,0.,431.));
#8455 = DIRECTION('',(1.,0.,0.));
#8456 = DIRECTION('',(0.,0.,1.));
#8457 = ADVANCED_FACE('',(#8458),#8492,.T.);
#8458 = FACE_BOUND('',#8459,.T.);
#8459 = EDGE_LOOP('',(#8460,#8470,#8478,#8486));
#8460 = ORIENTED_EDGE('',*,*,#8461,.F.);
#8461 = EDGE_CURVE('',#8462,#8464,#8466,.T.);
#8462 = VERTEX_POINT('',#8463);
#8463 = CARTESIAN_POINT('',(1.6202E+03,0.,431.));
#8464 = VERTEX_POINT('',#8465);
#8465 = CARTESIAN_POINT('',(1.6202E+03,0.,611.));
#8466 = LINE('',#8467,#8468);
#8467 = CARTESIAN_POINT('',(1.6202E+03,0.,431.));
#8468 = VECTOR('',#8469,1.);
#8469 = DIRECTION('',(0.,0.,1.));
#8470 = ORIENTED_EDGE('',*,*,#8471,.T.);
#8471 = EDGE_CURVE('',#8462,#8472,#8474,.T.);
#8472 = VERTEX_POINT('',#8473);
#8473 = CARTESIAN_POINT('',(1.6202E+03,500.,431.));
#8474 = LINE('',#8475,#8476);
#8475 = CARTESIAN_POINT('',(1.6202E+03,0.,431.));
#8476 = VECTOR('',#8477,1.);
#8477 = DIRECTION('',(0.,1.,0.));
#8478 = ORIENTED_EDGE('',*,*,#8479,.T.);
#8479 = EDGE_CURVE('',#8472,#8480,#8482,.T.);
#8480 = VERTEX_POINT('',#8481);
#8481 = CARTESIAN_POINT('',(1.6202E+03,500.,611.));
#8482 = LINE('',#8483,#8484);
#8483 = CARTESIAN_POINT('',(1.6202E+03,500.,431.));
#8484 = VECTOR('',#8485,1.);
#8485 = DIRECTION('',(0.,0.,1.));
#8486 = ORIENTED_EDGE('',*,*,#8487,.F.);
#8487 = EDGE_CURVE('',#8464,#8480,#8488,.T.);
#8488 = LINE('',#8489,#8490);
#8489 = CARTESIAN_POINT('',(1.6202E+03,0.,611.));
#8490 = VECTOR('',#8491,1.);
#8491 = DIRECTION('',(0.,1.,0.));
#8492 = PLANE('',#8493);
#8493 = AXIS2_PLACEMENT_3D('',#8494,#8495,#8496);
#8494 = CARTESIAN_POINT('',(1.6202E+03,0.,431.));
#8495 = DIRECTION('',(1.,0.,0.));
#8496 = DIRECTION('',(0.,0.,1.));
#8497 = ADVANCED_FACE('',(#8498),#8514,.F.);
#8498 = FACE_BOUND('',#8499,.F.);
#8499 = EDGE_LOOP('',(#8500,#8506,#8507,#8513));
#8500 = ORIENTED_EDGE('',*,*,#8501,.F.);
#8501 = EDGE_CURVE('',#8422,#8462,#8502,.T.);
#8502 = LINE('',#8503,#8504);
#8503 = CARTESIAN_POINT('',(1.6022E+03,0.,431.));
#8504 = VECTOR('',#8505,1.);
#8505 = DIRECTION('',(1.,0.,0.));
#8506 = ORIENTED_EDGE('',*,*,#8421,.T.);
#8507 = ORIENTED_EDGE('',*,*,#8508,.T.);
#8508 = EDGE_CURVE('',#8424,#8464,#8509,.T.);
#8509 = LINE('',#8510,#8511);
#8510 = CARTESIAN_POINT('',(1.6022E+03,0.,611.));
#8511 = VECTOR('',#8512,1.);
#8512 = DIRECTION('',(1.,0.,0.));
#8513 = ORIENTED_EDGE('',*,*,#8461,.F.);
#8514 = PLANE('',#8515);
#8515 = AXIS2_PLACEMENT_3D('',#8516,#8517,#8518);
#8516 = CARTESIAN_POINT('',(1.6022E+03,0.,431.));
#8517 = DIRECTION('',(0.,1.,0.));
#8518 = DIRECTION('',(0.,0.,1.));
#8519 = ADVANCED_FACE('',(#8520),#8536,.T.);
#8520 = FACE_BOUND('',#8521,.T.);
#8521 = EDGE_LOOP('',(#8522,#8528,#8529,#8535));
#8522 = ORIENTED_EDGE('',*,*,#8523,.F.);
#8523 = EDGE_CURVE('',#8432,#8472,#8524,.T.);
#8524 = LINE('',#8525,#8526);
#8525 = CARTESIAN_POINT('',(1.6022E+03,500.,431.));
#8526 = VECTOR('',#8527,1.);
#8527 = DIRECTION('',(1.,0.,0.));
#8528 = ORIENTED_EDGE('',*,*,#8439,.T.);
#8529 = ORIENTED_EDGE('',*,*,#8530,.T.);
#8530 = EDGE_CURVE('',#8440,#8480,#8531,.T.);
#8531 = LINE('',#8532,#8533);
#8532 = CARTESIAN_POINT('',(1.6022E+03,500.,611.));
#8533 = VECTOR('',#8534,1.);
#8534 = DIRECTION('',(1.,0.,0.));
#8535 = ORIENTED_EDGE('',*,*,#8479,.F.);
#8536 = PLANE('',#8537);
#8537 = AXIS2_PLACEMENT_3D('',#8538,#8539,#8540);
#8538 = CARTESIAN_POINT('',(1.6022E+03,500.,431.));
#8539 = DIRECTION('',(0.,1.,0.));
#8540 = DIRECTION('',(0.,0.,1.));
#8541 = ADVANCED_FACE('',(#8542),#8548,.F.);
#8542 = FACE_BOUND('',#8543,.F.);
#8543 = EDGE_LOOP('',(#8544,#8545,#8546,#8547));
#8544 = ORIENTED_EDGE('',*,*,#8431,.F.);
#8545 = ORIENTED_EDGE('',*,*,#8501,.T.);
#8546 = ORIENTED_EDGE('',*,*,#8471,.T.);
#8547 = ORIENTED_EDGE('',*,*,#8523,.F.);
#8548 = PLANE('',#8549);
#8549 = AXIS2_PLACEMENT_3D('',#8550,#8551,#8552);
#8550 = CARTESIAN_POINT('',(1.6022E+03,0.,431.));
#8551 = DIRECTION('',(0.,0.,1.));
#8552 = DIRECTION('',(1.,0.,0.));
#8553 = ADVANCED_FACE('',(#8554),#8560,.T.);
#8554 = FACE_BOUND('',#8555,.T.);
#8555 = EDGE_LOOP('',(#8556,#8557,#8558,#8559));
#8556 = ORIENTED_EDGE('',*,*,#8447,.F.);
#8557 = ORIENTED_EDGE('',*,*,#8508,.T.);
#8558 = ORIENTED_EDGE('',*,*,#8487,.T.);
#8559 = ORIENTED_EDGE('',*,*,#8530,.F.);
#8560 = PLANE('',#8561);
#8561 = AXIS2_PLACEMENT_3D('',#8562,#8563,#8564);
#8562 = CARTESIAN_POINT('',(1.6022E+03,0.,611.));
#8563 = DIRECTION('',(0.,0.,1.));
#8564 = DIRECTION('',(1.,0.,0.));
#8565 = MANIFOLD_SOLID_BREP('',#8566);
#8566 = CLOSED_SHELL('',(#8567,#8607,#8647,#8669,#8691,#8703));
#8567 = ADVANCED_FACE('',(#8568),#8602,.F.);
#8568 = FACE_BOUND('',#8569,.F.);
#8569 = EDGE_LOOP('',(#8570,#8580,#8588,#8596));
#8570 = ORIENTED_EDGE('',*,*,#8571,.F.);
#8571 = EDGE_CURVE('',#8572,#8574,#8576,.T.);
#8572 = VERTEX_POINT('',#8573);
#8573 = CARTESIAN_POINT('',(2.2093E+03,0.,431.));
#8574 = VERTEX_POINT('',#8575);
#8575 = CARTESIAN_POINT('',(2.2093E+03,0.,611.));
#8576 = LINE('',#8577,#8578);
#8577 = CARTESIAN_POINT('',(2.2093E+03,0.,431.));
#8578 = VECTOR('',#8579,1.);
#8579 = DIRECTION('',(0.,0.,1.));
#8580 = ORIENTED_EDGE('',*,*,#8581,.T.);
#8581 = EDGE_CURVE('',#8572,#8582,#8584,.T.);
#8582 = VERTEX_POINT('',#8583);
#8583 = CARTESIAN_POINT('',(2.2093E+03,500.,431.));
#8584 = LINE('',#8585,#8586);
#8585 = CARTESIAN_POINT('',(2.2093E+03,0.,431.));
#8586 = VECTOR('',#8587,1.);
#8587 = DIRECTION('',(0.,1.,0.));
#8588 = ORIENTED_EDGE('',*,*,#8589,.T.);
#8589 = EDGE_CURVE('',#8582,#8590,#8592,.T.);
#8590 = VERTEX_POINT('',#8591);
#8591 = CARTESIAN_POINT('',(2.2093E+03,500.,611.));
#8592 = LINE('',#8593,#8594);
#8593 = CARTESIAN_POINT('',(2.2093E+03,500.,431.));
#8594 = VECTOR('',#8595,1.);
#8595 = DIRECTION('',(0.,0.,1.));
#8596 = ORIENTED_EDGE('',*,*,#8597,.F.);
#8597 = EDGE_CURVE('',#8574,#8590,#8598,.T.);
#8598 = LINE('',#8599,#8600);
#8599 = CARTESIAN_POINT('',(2.2093E+03,0.,611.));
#8600 = VECTOR('',#8601,1.);
#8601 = DIRECTION('',(0.,1.,0.));
#8602 = PLANE('',#8603);
#8603 = AXIS2_PLACEMENT_3D('',#8604,#8605,#8606);
#8604 = CARTESIAN_POINT('',(2.2093E+03,0.,431.));
#8605 = DIRECTION('',(1.,0.,0.));
#8606 = DIRECTION('',(0.,0.,1.));
#8607 = ADVANCED_FACE('',(#8608),#8642,.T.);
#8608 = FACE_BOUND('',#8609,.T.);
#8609 = EDGE_LOOP('',(#8610,#8620,#8628,#8636));
#8610 = ORIENTED_EDGE('',*,*,#8611,.F.);
#8611 = EDGE_CURVE('',#8612,#8614,#8616,.T.);
#8612 = VERTEX_POINT('',#8613);
#8613 = CARTESIAN_POINT('',(2.2273E+03,0.,431.));
#8614 = VERTEX_POINT('',#8615);
#8615 = CARTESIAN_POINT('',(2.2273E+03,0.,611.));
#8616 = LINE('',#8617,#8618);
#8617 = CARTESIAN_POINT('',(2.2273E+03,0.,431.));
#8618 = VECTOR('',#8619,1.);
#8619 = DIRECTION('',(0.,0.,1.));
#8620 = ORIENTED_EDGE('',*,*,#8621,.T.);
#8621 = EDGE_CURVE('',#8612,#8622,#8624,.T.);
#8622 = VERTEX_POINT('',#8623);
#8623 = CARTESIAN_POINT('',(2.2273E+03,500.,431.));
#8624 = LINE('',#8625,#8626);
#8625 = CARTESIAN_POINT('',(2.2273E+03,0.,431.));
#8626 = VECTOR('',#8627,1.);
#8627 = DIRECTION('',(0.,1.,0.));
#8628 = ORIENTED_EDGE('',*,*,#8629,.T.);
#8629 = EDGE_CURVE('',#8622,#8630,#8632,.T.);
#8630 = VERTEX_POINT('',#8631);
#8631 = CARTESIAN_POINT('',(2.2273E+03,500.,611.));
#8632 = LINE('',#8633,#8634);
#8633 = CARTESIAN_POINT('',(2.2273E+03,500.,431.));
#8634 = VECTOR('',#8635,1.);
#8635 = DIRECTION('',(0.,0.,1.));
#8636 = ORIENTED_EDGE('',*,*,#8637,.F.);
#8637 = EDGE_CURVE('',#8614,#8630,#8638,.T.);
#8638 = LINE('',#8639,#8640);
#8639 = CARTESIAN_POINT('',(2.2273E+03,0.,611.));
#8640 = VECTOR('',#8641,1.);
#8641 = DIRECTION('',(0.,1.,0.));
#8642 = PLANE('',#8643);
#8643 = AXIS2_PLACEMENT_3D('',#8644,#8645,#8646);
#8644 = CARTESIAN_POINT('',(2.2273E+03,0.,431.));
#8645 = DIRECTION('',(1.,0.,0.));
#8646 = DIRECTION('',(0.,0.,1.));
#8647 = ADVANCED_FACE('',(#8648),#8664,.F.);
#8648 = FACE_BOUND('',#8649,.F.);
#8649 = EDGE_LOOP('',(#8650,#8656,#8657,#8663));
#8650 = ORIENTED_EDGE('',*,*,#8651,.F.);
#8651 = EDGE_CURVE('',#8572,#8612,#8652,.T.);
#8652 = LINE('',#8653,#8654);
#8653 = CARTESIAN_POINT('',(2.2093E+03,0.,431.));
#8654 = VECTOR('',#8655,1.);
#8655 = DIRECTION('',(1.,0.,0.));
#8656 = ORIENTED_EDGE('',*,*,#8571,.T.);
#8657 = ORIENTED_EDGE('',*,*,#8658,.T.);
#8658 = EDGE_CURVE('',#8574,#8614,#8659,.T.);
#8659 = LINE('',#8660,#8661);
#8660 = CARTESIAN_POINT('',(2.2093E+03,0.,611.));
#8661 = VECTOR('',#8662,1.);
#8662 = DIRECTION('',(1.,0.,0.));
#8663 = ORIENTED_EDGE('',*,*,#8611,.F.);
#8664 = PLANE('',#8665);
#8665 = AXIS2_PLACEMENT_3D('',#8666,#8667,#8668);
#8666 = CARTESIAN_POINT('',(2.2093E+03,0.,431.));
#8667 = DIRECTION('',(0.,1.,0.));
#8668 = DIRECTION('',(0.,0.,1.));
#8669 = ADVANCED_FACE('',(#8670),#8686,.T.);
#8670 = FACE_BOUND('',#8671,.T.);
#8671 = EDGE_LOOP('',(#8672,#8678,#8679,#8685));
#8672 = ORIENTED_EDGE('',*,*,#8673,.F.);
#8673 = EDGE_CURVE('',#8582,#8622,#8674,.T.);
#8674 = LINE('',#8675,#8676);
#8675 = CARTESIAN_POINT('',(2.2093E+03,500.,431.));
#8676 = VECTOR('',#8677,1.);
#8677 = DIRECTION('',(1.,0.,0.));
#8678 = ORIENTED_EDGE('',*,*,#8589,.T.);
#8679 = ORIENTED_EDGE('',*,*,#8680,.T.);
#8680 = EDGE_CURVE('',#8590,#8630,#8681,.T.);
#8681 = LINE('',#8682,#8683);
#8682 = CARTESIAN_POINT('',(2.2093E+03,500.,611.));
#8683 = VECTOR('',#8684,1.);
#8684 = DIRECTION('',(1.,0.,0.));
#8685 = ORIENTED_EDGE('',*,*,#8629,.F.);
#8686 = PLANE('',#8687);
#8687 = AXIS2_PLACEMENT_3D('',#8688,#8689,#8690);
#8688 = CARTESIAN_POINT('',(2.2093E+03,500.,431.));
#8689 = DIRECTION('',(0.,1.,0.));
#8690 = DIRECTION('',(0.,0.,1.));
#8691 = ADVANCED_FACE('',(#8692),#8698,.F.);
#8692 = FACE_BOUND('',#8693,.F.);
#8693 = EDGE_LOOP('',(#8694,#8695,#8696,#8697));
#8694 = ORIENTED_EDGE('',*,*,#8581,.F.);
#8695 = ORIENTED_EDGE('',*,*,#8651,.T.);
#8696 = ORIENTED_EDGE('',*,*,#8621,.T.);
#8697 = ORIENTED_EDGE('',*,*,#8673,.F.);
#8698 = PLANE('',#8699);
#8699 = AXIS2_PLACEMENT_3D('',#8700,#8701,#8702);
#8700 = CARTESIAN_POINT('',(2.2093E+03,0.,431.));
#8701 = DIRECTION('',(0.,0.,1.));
#8702 = DIRECTION('',(1.,0.,0.));
#8703 = ADVANCED_FACE('',(#8704),#8710,.T.);
#8704 = FACE_BOUND('',#8705,.T.);
#8705 = EDGE_LOOP('',(#8706,#8707,#8708,#8709));
#8706 = ORIENTED_EDGE('',*,*,#8597,.F.);
#8707 = ORIENTED_EDGE('',*,*,#8658,.T.);
#8708 = ORIENTED_EDGE('',*,*,#8637,.T.);
#8709 = ORIENTED_EDGE('',*,*,#8680,.F.);
#8710 = PLANE('',#8711);
#8711 = AXIS2_PLACEMENT_3D('',#8712,#8713,#8714);
#8712 = CARTESIAN_POINT('',(2.2093E+03,0.,611.));
#8713 = DIRECTION('',(0.,0.,1.));
#8714 = DIRECTION('',(1.,0.,0.));
#8715 = MANIFOLD_SOLID_BREP('',#8716);
#8716 = CLOSED_SHELL('',(#8717,#8757,#8797,#8819,#8841,#8853));
#8717 = ADVANCED_FACE('',(#8718),#8752,.F.);
#8718 = FACE_BOUND('',#8719,.F.);
#8719 = EDGE_LOOP('',(#8720,#8730,#8738,#8746));
#8720 = ORIENTED_EDGE('',*,*,#8721,.F.);
#8721 = EDGE_CURVE('',#8722,#8724,#8726,.T.);
#8722 = VERTEX_POINT('',#8723);
#8723 = CARTESIAN_POINT('',(1.6202E+03,0.,431.));
#8724 = VERTEX_POINT('',#8725);
#8725 = CARTESIAN_POINT('',(1.6202E+03,0.,611.));
#8726 = LINE('',#8727,#8728);
#8727 = CARTESIAN_POINT('',(1.6202E+03,0.,431.));
#8728 = VECTOR('',#8729,1.);
#8729 = DIRECTION('',(0.,0.,1.));
#8730 = ORIENTED_EDGE('',*,*,#8731,.T.);
#8731 = EDGE_CURVE('',#8722,#8732,#8734,.T.);
#8732 = VERTEX_POINT('',#8733);
#8733 = CARTESIAN_POINT('',(1.6202E+03,18.,431.));
#8734 = LINE('',#8735,#8736);
#8735 = CARTESIAN_POINT('',(1.6202E+03,0.,431.));
#8736 = VECTOR('',#8737,1.);
#8737 = DIRECTION('',(0.,1.,0.));
#8738 = ORIENTED_EDGE('',*,*,#8739,.T.);
#8739 = EDGE_CURVE('',#8732,#8740,#8742,.T.);
#8740 = VERTEX_POINT('',#8741);
#8741 = CARTESIAN_POINT('',(1.6202E+03,18.,611.));
#8742 = LINE('',#8743,#8744);
#8743 = CARTESIAN_POINT('',(1.6202E+03,18.,431.));
#8744 = VECTOR('',#8745,1.);
#8745 = DIRECTION('',(0.,0.,1.));
#8746 = ORIENTED_EDGE('',*,*,#8747,.F.);
#8747 = EDGE_CURVE('',#8724,#8740,#8748,.T.);
#8748 = LINE('',#8749,#8750);
#8749 = CARTESIAN_POINT('',(1.6202E+03,0.,611.));
#8750 = VECTOR('',#8751,1.);
#8751 = DIRECTION('',(0.,1.,0.));
#8752 = PLANE('',#8753);
#8753 = AXIS2_PLACEMENT_3D('',#8754,#8755,#8756);
#8754 = CARTESIAN_POINT('',(1.6202E+03,0.,431.));
#8755 = DIRECTION('',(1.,0.,0.));
#8756 = DIRECTION('',(0.,0.,1.));
#8757 = ADVANCED_FACE('',(#8758),#8792,.T.);
#8758 = FACE_BOUND('',#8759,.T.);
#8759 = EDGE_LOOP('',(#8760,#8770,#8778,#8786));
#8760 = ORIENTED_EDGE('',*,*,#8761,.F.);
#8761 = EDGE_CURVE('',#8762,#8764,#8766,.T.);
#8762 = VERTEX_POINT('',#8763);
#8763 = CARTESIAN_POINT('',(2.2093E+03,0.,431.));
#8764 = VERTEX_POINT('',#8765);
#8765 = CARTESIAN_POINT('',(2.2093E+03,0.,611.));
#8766 = LINE('',#8767,#8768);
#8767 = CARTESIAN_POINT('',(2.2093E+03,0.,431.));
#8768 = VECTOR('',#8769,1.);
#8769 = DIRECTION('',(0.,0.,1.));
#8770 = ORIENTED_EDGE('',*,*,#8771,.T.);
#8771 = EDGE_CURVE('',#8762,#8772,#8774,.T.);
#8772 = VERTEX_POINT('',#8773);
#8773 = CARTESIAN_POINT('',(2.2093E+03,18.,431.));
#8774 = LINE('',#8775,#8776);
#8775 = CARTESIAN_POINT('',(2.2093E+03,0.,431.));
#8776 = VECTOR('',#8777,1.);
#8777 = DIRECTION('',(0.,1.,0.));
#8778 = ORIENTED_EDGE('',*,*,#8779,.T.);
#8779 = EDGE_CURVE('',#8772,#8780,#8782,.T.);
#8780 = VERTEX_POINT('',#8781);
#8781 = CARTESIAN_POINT('',(2.2093E+03,18.,611.));
#8782 = LINE('',#8783,#8784);
#8783 = CARTESIAN_POINT('',(2.2093E+03,18.,431.));
#8784 = VECTOR('',#8785,1.);
#8785 = DIRECTION('',(0.,0.,1.));
#8786 = ORIENTED_EDGE('',*,*,#8787,.F.);
#8787 = EDGE_CURVE('',#8764,#8780,#8788,.T.);
#8788 = LINE('',#8789,#8790);
#8789 = CARTESIAN_POINT('',(2.2093E+03,0.,611.));
#8790 = VECTOR('',#8791,1.);
#8791 = DIRECTION('',(0.,1.,0.));
#8792 = PLANE('',#8793);
#8793 = AXIS2_PLACEMENT_3D('',#8794,#8795,#8796);
#8794 = CARTESIAN_POINT('',(2.2093E+03,0.,431.));
#8795 = DIRECTION('',(1.,0.,0.));
#8796 = DIRECTION('',(0.,0.,1.));
#8797 = ADVANCED_FACE('',(#8798),#8814,.F.);
#8798 = FACE_BOUND('',#8799,.F.);
#8799 = EDGE_LOOP('',(#8800,#8806,#8807,#8813));
#8800 = ORIENTED_EDGE('',*,*,#8801,.F.);
#8801 = EDGE_CURVE('',#8722,#8762,#8802,.T.);
#8802 = LINE('',#8803,#8804);
#8803 = CARTESIAN_POINT('',(1.6202E+03,0.,431.));
#8804 = VECTOR('',#8805,1.);
#8805 = DIRECTION('',(1.,0.,0.));
#8806 = ORIENTED_EDGE('',*,*,#8721,.T.);
#8807 = ORIENTED_EDGE('',*,*,#8808,.T.);
#8808 = EDGE_CURVE('',#8724,#8764,#8809,.T.);
#8809 = LINE('',#8810,#8811);
#8810 = CARTESIAN_POINT('',(1.6202E+03,0.,611.));
#8811 = VECTOR('',#8812,1.);
#8812 = DIRECTION('',(1.,0.,0.));
#8813 = ORIENTED_EDGE('',*,*,#8761,.F.);
#8814 = PLANE('',#8815);
#8815 = AXIS2_PLACEMENT_3D('',#8816,#8817,#8818);
#8816 = CARTESIAN_POINT('',(1.6202E+03,0.,431.));
#8817 = DIRECTION('',(0.,1.,0.));
#8818 = DIRECTION('',(0.,0.,1.));
#8819 = ADVANCED_FACE('',(#8820),#8836,.T.);
#8820 = FACE_BOUND('',#8821,.T.);
#8821 = EDGE_LOOP('',(#8822,#8828,#8829,#8835));
#8822 = ORIENTED_EDGE('',*,*,#8823,.F.);
#8823 = EDGE_CURVE('',#8732,#8772,#8824,.T.);
#8824 = LINE('',#8825,#8826);
#8825 = CARTESIAN_POINT('',(1.6202E+03,18.,431.));
#8826 = VECTOR('',#8827,1.);
#8827 = DIRECTION('',(1.,0.,0.));
#8828 = ORIENTED_EDGE('',*,*,#8739,.T.);
#8829 = ORIENTED_EDGE('',*,*,#8830,.T.);
#8830 = EDGE_CURVE('',#8740,#8780,#8831,.T.);
#8831 = LINE('',#8832,#8833);
#8832 = CARTESIAN_POINT('',(1.6202E+03,18.,611.));
#8833 = VECTOR('',#8834,1.);
#8834 = DIRECTION('',(1.,0.,0.));
#8835 = ORIENTED_EDGE('',*,*,#8779,.F.);
#8836 = PLANE('',#8837);
#8837 = AXIS2_PLACEMENT_3D('',#8838,#8839,#8840);
#8838 = CARTESIAN_POINT('',(1.6202E+03,18.,431.));
#8839 = DIRECTION('',(0.,1.,0.));
#8840 = DIRECTION('',(0.,0.,1.));
#8841 = ADVANCED_FACE('',(#8842),#8848,.F.);
#8842 = FACE_BOUND('',#8843,.F.);
#8843 = EDGE_LOOP('',(#8844,#8845,#8846,#8847));
#8844 = ORIENTED_EDGE('',*,*,#8731,.F.);
#8845 = ORIENTED_EDGE('',*,*,#8801,.T.);
#8846 = ORIENTED_EDGE('',*,*,#8771,.T.);
#8847 = ORIENTED_EDGE('',*,*,#8823,.F.);
#8848 = PLANE('',#8849);
#8849 = AXIS2_PLACEMENT_3D('',#8850,#8851,#8852);
#8850 = CARTESIAN_POINT('',(1.6202E+03,0.,431.));
#8851 = DIRECTION('',(0.,0.,1.));
#8852 = DIRECTION('',(1.,0.,0.));
#8853 = ADVANCED_FACE('',(#8854),#8860,.T.);
#8854 = FACE_BOUND('',#8855,.T.);
#8855 = EDGE_LOOP('',(#8856,#8857,#8858,#8859));
#8856 = ORIENTED_EDGE('',*,*,#8747,.F.);
#8857 = ORIENTED_EDGE('',*,*,#8808,.T.);
#8858 = ORIENTED_EDGE('',*,*,#8787,.T.);
#8859 = ORIENTED_EDGE('',*,*,#8830,.F.);
#8860 = PLANE('',#8861);
#8861 = AXIS2_PLACEMENT_3D('',#8862,#8863,#8864);
#8862 = CARTESIAN_POINT('',(1.6202E+03,0.,611.));
#8863 = DIRECTION('',(0.,0.,1.));
#8864 = DIRECTION('',(1.,0.,0.));
#8865 = MANIFOLD_SOLID_BREP('',#8866);
#8866 = CLOSED_SHELL('',(#8867,#8907,#8947,#8969,#8991,#9003));
#8867 = ADVANCED_FACE('',(#8868),#8902,.F.);
#8868 = FACE_BOUND('',#8869,.F.);
#8869 = EDGE_LOOP('',(#8870,#8880,#8888,#8896));
#8870 = ORIENTED_EDGE('',*,*,#8871,.F.);
#8871 = EDGE_CURVE('',#8872,#8874,#8876,.T.);
#8872 = VERTEX_POINT('',#8873);
#8873 = CARTESIAN_POINT('',(1.6202E+03,482.,431.));
#8874 = VERTEX_POINT('',#8875);
#8875 = CARTESIAN_POINT('',(1.6202E+03,482.,611.));
#8876 = LINE('',#8877,#8878);
#8877 = CARTESIAN_POINT('',(1.6202E+03,482.,431.));
#8878 = VECTOR('',#8879,1.);
#8879 = DIRECTION('',(0.,0.,1.));
#8880 = ORIENTED_EDGE('',*,*,#8881,.T.);
#8881 = EDGE_CURVE('',#8872,#8882,#8884,.T.);
#8882 = VERTEX_POINT('',#8883);
#8883 = CARTESIAN_POINT('',(1.6202E+03,500.,431.));
#8884 = LINE('',#8885,#8886);
#8885 = CARTESIAN_POINT('',(1.6202E+03,482.,431.));
#8886 = VECTOR('',#8887,1.);
#8887 = DIRECTION('',(0.,1.,0.));
#8888 = ORIENTED_EDGE('',*,*,#8889,.T.);
#8889 = EDGE_CURVE('',#8882,#8890,#8892,.T.);
#8890 = VERTEX_POINT('',#8891);
#8891 = CARTESIAN_POINT('',(1.6202E+03,500.,611.));
#8892 = LINE('',#8893,#8894);
#8893 = CARTESIAN_POINT('',(1.6202E+03,500.,431.));
#8894 = VECTOR('',#8895,1.);
#8895 = DIRECTION('',(0.,0.,1.));
#8896 = ORIENTED_EDGE('',*,*,#8897,.F.);
#8897 = EDGE_CURVE('',#8874,#8890,#8898,.T.);
#8898 = LINE('',#8899,#8900);
#8899 = CARTESIAN_POINT('',(1.6202E+03,482.,611.));
#8900 = VECTOR('',#8901,1.);
#8901 = DIRECTION('',(0.,1.,0.));
#8902 = PLANE('',#8903);
#8903 = AXIS2_PLACEMENT_3D('',#8904,#8905,#8906);
#8904 = CARTESIAN_POINT('',(1.6202E+03,482.,431.));
#8905 = DIRECTION('',(1.,0.,0.));
#8906 = DIRECTION('',(0.,0.,1.));
#8907 = ADVANCED_FACE('',(#8908),#8942,.T.);
#8908 = FACE_BOUND('',#8909,.T.);
#8909 = EDGE_LOOP('',(#8910,#8920,#8928,#8936));
#8910 = ORIENTED_EDGE('',*,*,#8911,.F.);
#8911 = EDGE_CURVE('',#8912,#8914,#8916,.T.);
#8912 = VERTEX_POINT('',#8913);
#8913 = CARTESIAN_POINT('',(2.2093E+03,482.,431.));
#8914 = VERTEX_POINT('',#8915);
#8915 = CARTESIAN_POINT('',(2.2093E+03,482.,611.));
#8916 = LINE('',#8917,#8918);
#8917 = CARTESIAN_POINT('',(2.2093E+03,482.,431.));
#8918 = VECTOR('',#8919,1.);
#8919 = DIRECTION('',(0.,0.,1.));
#8920 = ORIENTED_EDGE('',*,*,#8921,.T.);
#8921 = EDGE_CURVE('',#8912,#8922,#8924,.T.);
#8922 = VERTEX_POINT('',#8923);
#8923 = CARTESIAN_POINT('',(2.2093E+03,500.,431.));
#8924 = LINE('',#8925,#8926);
#8925 = CARTESIAN_POINT('',(2.2093E+03,482.,431.));
#8926 = VECTOR('',#8927,1.);
#8927 = DIRECTION('',(0.,1.,0.));
#8928 = ORIENTED_EDGE('',*,*,#8929,.T.);
#8929 = EDGE_CURVE('',#8922,#8930,#8932,.T.);
#8930 = VERTEX_POINT('',#8931);
#8931 = CARTESIAN_POINT('',(2.2093E+03,500.,611.));
#8932 = LINE('',#8933,#8934);
#8933 = CARTESIAN_POINT('',(2.2093E+03,500.,431.));
#8934 = VECTOR('',#8935,1.);
#8935 = DIRECTION('',(0.,0.,1.));
#8936 = ORIENTED_EDGE('',*,*,#8937,.F.);
#8937 = EDGE_CURVE('',#8914,#8930,#8938,.T.);
#8938 = LINE('',#8939,#8940);
#8939 = CARTESIAN_POINT('',(2.2093E+03,482.,611.));
#8940 = VECTOR('',#8941,1.);
#8941 = DIRECTION('',(0.,1.,0.));
#8942 = PLANE('',#8943);
#8943 = AXIS2_PLACEMENT_3D('',#8944,#8945,#8946);
#8944 = CARTESIAN_POINT('',(2.2093E+03,482.,431.));
#8945 = DIRECTION('',(1.,0.,0.));
#8946 = DIRECTION('',(0.,0.,1.));
#8947 = ADVANCED_FACE('',(#8948),#8964,.F.);
#8948 = FACE_BOUND('',#8949,.F.);
#8949 = EDGE_LOOP('',(#8950,#8956,#8957,#8963));
#8950 = ORIENTED_EDGE('',*,*,#8951,.F.);
#8951 = EDGE_CURVE('',#8872,#8912,#8952,.T.);
#8952 = LINE('',#8953,#8954);
#8953 = CARTESIAN_POINT('',(1.6202E+03,482.,431.));
#8954 = VECTOR('',#8955,1.);
#8955 = DIRECTION('',(1.,0.,0.));
#8956 = ORIENTED_EDGE('',*,*,#8871,.T.);
#8957 = ORIENTED_EDGE('',*,*,#8958,.T.);
#8958 = EDGE_CURVE('',#8874,#8914,#8959,.T.);
#8959 = LINE('',#8960,#8961);
#8960 = CARTESIAN_POINT('',(1.6202E+03,482.,611.));
#8961 = VECTOR('',#8962,1.);
#8962 = DIRECTION('',(1.,0.,0.));
#8963 = ORIENTED_EDGE('',*,*,#8911,.F.);
#8964 = PLANE('',#8965);
#8965 = AXIS2_PLACEMENT_3D('',#8966,#8967,#8968);
#8966 = CARTESIAN_POINT('',(1.6202E+03,482.,431.));
#8967 = DIRECTION('',(0.,1.,0.));
#8968 = DIRECTION('',(0.,0.,1.));
#8969 = ADVANCED_FACE('',(#8970),#8986,.T.);
#8970 = FACE_BOUND('',#8971,.T.);
#8971 = EDGE_LOOP('',(#8972,#8978,#8979,#8985));
#8972 = ORIENTED_EDGE('',*,*,#8973,.F.);
#8973 = EDGE_CURVE('',#8882,#8922,#8974,.T.);
#8974 = LINE('',#8975,#8976);
#8975 = CARTESIAN_POINT('',(1.6202E+03,500.,431.));
#8976 = VECTOR('',#8977,1.);
#8977 = DIRECTION('',(1.,0.,0.));
#8978 = ORIENTED_EDGE('',*,*,#8889,.T.);
#8979 = ORIENTED_EDGE('',*,*,#8980,.T.);
#8980 = EDGE_CURVE('',#8890,#8930,#8981,.T.);
#8981 = LINE('',#8982,#8983);
#8982 = CARTESIAN_POINT('',(1.6202E+03,500.,611.));
#8983 = VECTOR('',#8984,1.);
#8984 = DIRECTION('',(1.,0.,0.));
#8985 = ORIENTED_EDGE('',*,*,#8929,.F.);
#8986 = PLANE('',#8987);
#8987 = AXIS2_PLACEMENT_3D('',#8988,#8989,#8990);
#8988 = CARTESIAN_POINT('',(1.6202E+03,500.,431.));
#8989 = DIRECTION('',(0.,1.,0.));
#8990 = DIRECTION('',(0.,0.,1.));
#8991 = ADVANCED_FACE('',(#8992),#8998,.F.);
#8992 = FACE_BOUND('',#8993,.F.);
#8993 = EDGE_LOOP('',(#8994,#8995,#8996,#8997));
#8994 = ORIENTED_EDGE('',*,*,#8881,.F.);
#8995 = ORIENTED_EDGE('',*,*,#8951,.T.);
#8996 = ORIENTED_EDGE('',*,*,#8921,.T.);
#8997 = ORIENTED_EDGE('',*,*,#8973,.F.);
#8998 = PLANE('',#8999);
#8999 = AXIS2_PLACEMENT_3D('',#9000,#9001,#9002);
#9000 = CARTESIAN_POINT('',(1.6202E+03,482.,431.));
#9001 = DIRECTION('',(0.,0.,1.));
#9002 = DIRECTION('',(1.,0.,0.));
#9003 = ADVANCED_FACE('',(#9004),#9010,.T.);
#9004 = FACE_BOUND('',#9005,.T.);
#9005 = EDGE_LOOP('',(#9006,#9007,#9008,#9009));
#9006 = ORIENTED_EDGE('',*,*,#8897,.F.);
#9007 = ORIENTED_EDGE('',*,*,#8958,.T.);
#9008 = ORIENTED_EDGE('',*,*,#8937,.T.);
#9009 = ORIENTED_EDGE('',*,*,#8980,.F.);
#9010 = PLANE('',#9011);
#9011 = AXIS2_PLACEMENT_3D('',#9012,#9013,#9014);
#9012 = CARTESIAN_POINT('',(1.6202E+03,482.,611.));
#9013 = DIRECTION('',(0.,0.,1.));
#9014 = DIRECTION('',(1.,0.,0.));
#9015 = MANIFOLD_SOLID_BREP('',#9016);
#9016 = CLOSED_SHELL('',(#9017,#9057,#9097,#9119,#9141,#9153));
#9017 = ADVANCED_FACE('',(#9018),#9052,.F.);
#9018 = FACE_BOUND('',#9019,.F.);
#9019 = EDGE_LOOP('',(#9020,#9030,#9038,#9046));
#9020 = ORIENTED_EDGE('',*,*,#9021,.F.);
#9021 = EDGE_CURVE('',#9022,#9024,#9026,.T.);
#9022 = VERTEX_POINT('',#9023);
#9023 = CARTESIAN_POINT('',(1.6022E+03,0.,425.));
#9024 = VERTEX_POINT('',#9025);
#9025 = CARTESIAN_POINT('',(1.6022E+03,0.,431.));
#9026 = LINE('',#9027,#9028);
#9027 = CARTESIAN_POINT('',(1.6022E+03,0.,425.));
#9028 = VECTOR('',#9029,1.);
#9029 = DIRECTION('',(0.,0.,1.));
#9030 = ORIENTED_EDGE('',*,*,#9031,.T.);
#9031 = EDGE_CURVE('',#9022,#9032,#9034,.T.);
#9032 = VERTEX_POINT('',#9033);
#9033 = CARTESIAN_POINT('',(1.6022E+03,500.,425.));
#9034 = LINE('',#9035,#9036);
#9035 = CARTESIAN_POINT('',(1.6022E+03,0.,425.));
#9036 = VECTOR('',#9037,1.);
#9037 = DIRECTION('',(0.,1.,0.));
#9038 = ORIENTED_EDGE('',*,*,#9039,.T.);
#9039 = EDGE_CURVE('',#9032,#9040,#9042,.T.);
#9040 = VERTEX_POINT('',#9041);
#9041 = CARTESIAN_POINT('',(1.6022E+03,500.,431.));
#9042 = LINE('',#9043,#9044);
#9043 = CARTESIAN_POINT('',(1.6022E+03,500.,425.));
#9044 = VECTOR('',#9045,1.);
#9045 = DIRECTION('',(0.,0.,1.));
#9046 = ORIENTED_EDGE('',*,*,#9047,.F.);
#9047 = EDGE_CURVE('',#9024,#9040,#9048,.T.);
#9048 = LINE('',#9049,#9050);
#9049 = CARTESIAN_POINT('',(1.6022E+03,0.,431.));
#9050 = VECTOR('',#9051,1.);
#9051 = DIRECTION('',(0.,1.,0.));
#9052 = PLANE('',#9053);
#9053 = AXIS2_PLACEMENT_3D('',#9054,#9055,#9056);
#9054 = CARTESIAN_POINT('',(1.6022E+03,0.,425.));
#9055 = DIRECTION('',(1.,0.,0.));
#9056 = DIRECTION('',(0.,0.,1.));
#9057 = ADVANCED_FACE('',(#9058),#9092,.T.);
#9058 = FACE_BOUND('',#9059,.T.);
#9059 = EDGE_LOOP('',(#9060,#9070,#9078,#9086));
#9060 = ORIENTED_EDGE('',*,*,#9061,.F.);
#9061 = EDGE_CURVE('',#9062,#9064,#9066,.T.);
#9062 = VERTEX_POINT('',#9063);
#9063 = CARTESIAN_POINT('',(2.2273E+03,0.,425.));
#9064 = VERTEX_POINT('',#9065);
#9065 = CARTESIAN_POINT('',(2.2273E+03,0.,431.));
#9066 = LINE('',#9067,#9068);
#9067 = CARTESIAN_POINT('',(2.2273E+03,0.,425.));
#9068 = VECTOR('',#9069,1.);
#9069 = DIRECTION('',(0.,0.,1.));
#9070 = ORIENTED_EDGE('',*,*,#9071,.T.);
#9071 = EDGE_CURVE('',#9062,#9072,#9074,.T.);
#9072 = VERTEX_POINT('',#9073);
#9073 = CARTESIAN_POINT('',(2.2273E+03,500.,425.));
#9074 = LINE('',#9075,#9076);
#9075 = CARTESIAN_POINT('',(2.2273E+03,0.,425.));
#9076 = VECTOR('',#9077,1.);
#9077 = DIRECTION('',(0.,1.,0.));
#9078 = ORIENTED_EDGE('',*,*,#9079,.T.);
#9079 = EDGE_CURVE('',#9072,#9080,#9082,.T.);
#9080 = VERTEX_POINT('',#9081);
#9081 = CARTESIAN_POINT('',(2.2273E+03,500.,431.));
#9082 = LINE('',#9083,#9084);
#9083 = CARTESIAN_POINT('',(2.2273E+03,500.,425.));
#9084 = VECTOR('',#9085,1.);
#9085 = DIRECTION('',(0.,0.,1.));
#9086 = ORIENTED_EDGE('',*,*,#9087,.F.);
#9087 = EDGE_CURVE('',#9064,#9080,#9088,.T.);
#9088 = LINE('',#9089,#9090);
#9089 = CARTESIAN_POINT('',(2.2273E+03,0.,431.));
#9090 = VECTOR('',#9091,1.);
#9091 = DIRECTION('',(0.,1.,0.));
#9092 = PLANE('',#9093);
#9093 = AXIS2_PLACEMENT_3D('',#9094,#9095,#9096);
#9094 = CARTESIAN_POINT('',(2.2273E+03,0.,425.));
#9095 = DIRECTION('',(1.,0.,0.));
#9096 = DIRECTION('',(0.,0.,1.));
#9097 = ADVANCED_FACE('',(#9098),#9114,.F.);
#9098 = FACE_BOUND('',#9099,.F.);
#9099 = EDGE_LOOP('',(#9100,#9106,#9107,#9113));
#9100 = ORIENTED_EDGE('',*,*,#9101,.F.);
#9101 = EDGE_CURVE('',#9022,#9062,#9102,.T.);
#9102 = LINE('',#9103,#9104);
#9103 = CARTESIAN_POINT('',(1.6022E+03,0.,425.));
#9104 = VECTOR('',#9105,1.);
#9105 = DIRECTION('',(1.,0.,0.));
#9106 = ORIENTED_EDGE('',*,*,#9021,.T.);
#9107 = ORIENTED_EDGE('',*,*,#9108,.T.);
#9108 = EDGE_CURVE('',#9024,#9064,#9109,.T.);
#9109 = LINE('',#9110,#9111);
#9110 = CARTESIAN_POINT('',(1.6022E+03,0.,431.));
#9111 = VECTOR('',#9112,1.);
#9112 = DIRECTION('',(1.,0.,0.));
#9113 = ORIENTED_EDGE('',*,*,#9061,.F.);
#9114 = PLANE('',#9115);
#9115 = AXIS2_PLACEMENT_3D('',#9116,#9117,#9118);
#9116 = CARTESIAN_POINT('',(1.6022E+03,0.,425.));
#9117 = DIRECTION('',(0.,1.,0.));
#9118 = DIRECTION('',(0.,0.,1.));
#9119 = ADVANCED_FACE('',(#9120),#9136,.T.);
#9120 = FACE_BOUND('',#9121,.T.);
#9121 = EDGE_LOOP('',(#9122,#9128,#9129,#9135));
#9122 = ORIENTED_EDGE('',*,*,#9123,.F.);
#9123 = EDGE_CURVE('',#9032,#9072,#9124,.T.);
#9124 = LINE('',#9125,#9126);
#9125 = CARTESIAN_POINT('',(1.6022E+03,500.,425.));
#9126 = VECTOR('',#9127,1.);
#9127 = DIRECTION('',(1.,0.,0.));
#9128 = ORIENTED_EDGE('',*,*,#9039,.T.);
#9129 = ORIENTED_EDGE('',*,*,#9130,.T.);
#9130 = EDGE_CURVE('',#9040,#9080,#9131,.T.);
#9131 = LINE('',#9132,#9133);
#9132 = CARTESIAN_POINT('',(1.6022E+03,500.,431.));
#9133 = VECTOR('',#9134,1.);
#9134 = DIRECTION('',(1.,0.,0.));
#9135 = ORIENTED_EDGE('',*,*,#9079,.F.);
#9136 = PLANE('',#9137);
#9137 = AXIS2_PLACEMENT_3D('',#9138,#9139,#9140);
#9138 = CARTESIAN_POINT('',(1.6022E+03,500.,425.));
#9139 = DIRECTION('',(0.,1.,0.));
#9140 = DIRECTION('',(0.,0.,1.));
#9141 = ADVANCED_FACE('',(#9142),#9148,.F.);
#9142 = FACE_BOUND('',#9143,.F.);
#9143 = EDGE_LOOP('',(#9144,#9145,#9146,#9147));
#9144 = ORIENTED_EDGE('',*,*,#9031,.F.);
#9145 = ORIENTED_EDGE('',*,*,#9101,.T.);
#9146 = ORIENTED_EDGE('',*,*,#9071,.T.);
#9147 = ORIENTED_EDGE('',*,*,#9123,.F.);
#9148 = PLANE('',#9149);
#9149 = AXIS2_PLACEMENT_3D('',#9150,#9151,#9152);
#9150 = CARTESIAN_POINT('',(1.6022E+03,0.,425.));
#9151 = DIRECTION('',(0.,0.,1.));
#9152 = DIRECTION('',(1.,0.,0.));
#9153 = ADVANCED_FACE('',(#9154),#9160,.T.);
#9154 = FACE_BOUND('',#9155,.T.);
#9155 = EDGE_LOOP('',(#9156,#9157,#9158,#9159));
#9156 = ORIENTED_EDGE('',*,*,#9047,.F.);
#9157 = ORIENTED_EDGE('',*,*,#9108,.T.);
#9158 = ORIENTED_EDGE('',*,*,#9087,.T.);
#9159 = ORIENTED_EDGE('',*,*,#9130,.F.);
#9160 = PLANE('',#9161);
#9161 = AXIS2_PLACEMENT_3D('',#9162,#9163,#9164);
#9162 = CARTESIAN_POINT('',(1.6022E+03,0.,431.));
#9163 = DIRECTION('',(0.,0.,1.));
#9164 = DIRECTION('',(1.,0.,0.));
#9165 = MANIFOLD_SOLID_BREP('',#9166);
#9166 = CLOSED_SHELL('',(#9167,#9207,#9247,#9269,#9291,#9303));
#9167 = ADVANCED_FACE('',(#9168),#9202,.F.);
#9168 = FACE_BOUND('',#9169,.F.);
#9169 = EDGE_LOOP('',(#9170,#9180,#9188,#9196));
#9170 = ORIENTED_EDGE('',*,*,#9171,.F.);
#9171 = EDGE_CURVE('',#9172,#9174,#9176,.T.);
#9172 = VERTEX_POINT('',#9173);
#9173 = CARTESIAN_POINT('',(933.7,0.,102.));
#9174 = VERTEX_POINT('',#9175);
#9175 = CARTESIAN_POINT('',(933.7,0.,282.));
#9176 = LINE('',#9177,#9178);
#9177 = CARTESIAN_POINT('',(933.7,0.,102.));
#9178 = VECTOR('',#9179,1.);
#9179 = DIRECTION('',(0.,0.,1.));
#9180 = ORIENTED_EDGE('',*,*,#9181,.T.);
#9181 = EDGE_CURVE('',#9172,#9182,#9184,.T.);
#9182 = VERTEX_POINT('',#9183);
#9183 = CARTESIAN_POINT('',(933.7,500.,102.));
#9184 = LINE('',#9185,#9186);
#9185 = CARTESIAN_POINT('',(933.7,0.,102.));
#9186 = VECTOR('',#9187,1.);
#9187 = DIRECTION('',(0.,1.,0.));
#9188 = ORIENTED_EDGE('',*,*,#9189,.T.);
#9189 = EDGE_CURVE('',#9182,#9190,#9192,.T.);
#9190 = VERTEX_POINT('',#9191);
#9191 = CARTESIAN_POINT('',(933.7,500.,282.));
#9192 = LINE('',#9193,#9194);
#9193 = CARTESIAN_POINT('',(933.7,500.,102.));
#9194 = VECTOR('',#9195,1.);
#9195 = DIRECTION('',(0.,0.,1.));
#9196 = ORIENTED_EDGE('',*,*,#9197,.F.);
#9197 = EDGE_CURVE('',#9174,#9190,#9198,.T.);
#9198 = LINE('',#9199,#9200);
#9199 = CARTESIAN_POINT('',(933.7,0.,282.));
#9200 = VECTOR('',#9201,1.);
#9201 = DIRECTION('',(0.,1.,0.));
#9202 = PLANE('',#9203);
#9203 = AXIS2_PLACEMENT_3D('',#9204,#9205,#9206);
#9204 = CARTESIAN_POINT('',(933.7,0.,102.));
#9205 = DIRECTION('',(1.,0.,0.));
#9206 = DIRECTION('',(0.,0.,1.));
#9207 = ADVANCED_FACE('',(#9208),#9242,.T.);
#9208 = FACE_BOUND('',#9209,.T.);
#9209 = EDGE_LOOP('',(#9210,#9220,#9228,#9236));
#9210 = ORIENTED_EDGE('',*,*,#9211,.F.);
#9211 = EDGE_CURVE('',#9212,#9214,#9216,.T.);
#9212 = VERTEX_POINT('',#9213);
#9213 = CARTESIAN_POINT('',(951.7,0.,102.));
#9214 = VERTEX_POINT('',#9215);
#9215 = CARTESIAN_POINT('',(951.7,0.,282.));
#9216 = LINE('',#9217,#9218);
#9217 = CARTESIAN_POINT('',(951.7,0.,102.));
#9218 = VECTOR('',#9219,1.);
#9219 = DIRECTION('',(0.,0.,1.));
#9220 = ORIENTED_EDGE('',*,*,#9221,.T.);
#9221 = EDGE_CURVE('',#9212,#9222,#9224,.T.);
#9222 = VERTEX_POINT('',#9223);
#9223 = CARTESIAN_POINT('',(951.7,500.,102.));
#9224 = LINE('',#9225,#9226);
#9225 = CARTESIAN_POINT('',(951.7,0.,102.));
#9226 = VECTOR('',#9227,1.);
#9227 = DIRECTION('',(0.,1.,0.));
#9228 = ORIENTED_EDGE('',*,*,#9229,.T.);
#9229 = EDGE_CURVE('',#9222,#9230,#9232,.T.);
#9230 = VERTEX_POINT('',#9231);
#9231 = CARTESIAN_POINT('',(951.7,500.,282.));
#9232 = LINE('',#9233,#9234);
#9233 = CARTESIAN_POINT('',(951.7,500.,102.));
#9234 = VECTOR('',#9235,1.);
#9235 = DIRECTION('',(0.,0.,1.));
#9236 = ORIENTED_EDGE('',*,*,#9237,.F.);
#9237 = EDGE_CURVE('',#9214,#9230,#9238,.T.);
#9238 = LINE('',#9239,#9240);
#9239 = CARTESIAN_POINT('',(951.7,0.,282.));
#9240 = VECTOR('',#9241,1.);
#9241 = DIRECTION('',(0.,1.,0.));
#9242 = PLANE('',#9243);
#9243 = AXIS2_PLACEMENT_3D('',#9244,#9245,#9246);
#9244 = CARTESIAN_POINT('',(951.7,0.,102.));
#9245 = DIRECTION('',(1.,0.,0.));
#9246 = DIRECTION('',(0.,0.,1.));
#9247 = ADVANCED_FACE('',(#9248),#9264,.F.);
#9248 = FACE_BOUND('',#9249,.F.);
#9249 = EDGE_LOOP('',(#9250,#9256,#9257,#9263));
#9250 = ORIENTED_EDGE('',*,*,#9251,.F.);
#9251 = EDGE_CURVE('',#9172,#9212,#9252,.T.);
#9252 = LINE('',#9253,#9254);
#9253 = CARTESIAN_POINT('',(933.7,0.,102.));
#9254 = VECTOR('',#9255,1.);
#9255 = DIRECTION('',(1.,0.,0.));
#9256 = ORIENTED_EDGE('',*,*,#9171,.T.);
#9257 = ORIENTED_EDGE('',*,*,#9258,.T.);
#9258 = EDGE_CURVE('',#9174,#9214,#9259,.T.);
#9259 = LINE('',#9260,#9261);
#9260 = CARTESIAN_POINT('',(933.7,0.,282.));
#9261 = VECTOR('',#9262,1.);
#9262 = DIRECTION('',(1.,0.,0.));
#9263 = ORIENTED_EDGE('',*,*,#9211,.F.);
#9264 = PLANE('',#9265);
#9265 = AXIS2_PLACEMENT_3D('',#9266,#9267,#9268);
#9266 = CARTESIAN_POINT('',(933.7,0.,102.));
#9267 = DIRECTION('',(0.,1.,0.));
#9268 = DIRECTION('',(0.,0.,1.));
#9269 = ADVANCED_FACE('',(#9270),#9286,.T.);
#9270 = FACE_BOUND('',#9271,.T.);
#9271 = EDGE_LOOP('',(#9272,#9278,#9279,#9285));
#9272 = ORIENTED_EDGE('',*,*,#9273,.F.);
#9273 = EDGE_CURVE('',#9182,#9222,#9274,.T.);
#9274 = LINE('',#9275,#9276);
#9275 = CARTESIAN_POINT('',(933.7,500.,102.));
#9276 = VECTOR('',#9277,1.);
#9277 = DIRECTION('',(1.,0.,0.));
#9278 = ORIENTED_EDGE('',*,*,#9189,.T.);
#9279 = ORIENTED_EDGE('',*,*,#9280,.T.);
#9280 = EDGE_CURVE('',#9190,#9230,#9281,.T.);
#9281 = LINE('',#9282,#9283);
#9282 = CARTESIAN_POINT('',(933.7,500.,282.));
#9283 = VECTOR('',#9284,1.);
#9284 = DIRECTION('',(1.,0.,0.));
#9285 = ORIENTED_EDGE('',*,*,#9229,.F.);
#9286 = PLANE('',#9287);
#9287 = AXIS2_PLACEMENT_3D('',#9288,#9289,#9290);
#9288 = CARTESIAN_POINT('',(933.7,500.,102.));
#9289 = DIRECTION('',(0.,1.,0.));
#9290 = DIRECTION('',(0.,0.,1.));
#9291 = ADVANCED_FACE('',(#9292),#9298,.F.);
#9292 = FACE_BOUND('',#9293,.F.);
#9293 = EDGE_LOOP('',(#9294,#9295,#9296,#9297));
#9294 = ORIENTED_EDGE('',*,*,#9181,.F.);
#9295 = ORIENTED_EDGE('',*,*,#9251,.T.);
#9296 = ORIENTED_EDGE('',*,*,#9221,.T.);
#9297 = ORIENTED_EDGE('',*,*,#9273,.F.);
#9298 = PLANE('',#9299);
#9299 = AXIS2_PLACEMENT_3D('',#9300,#9301,#9302);
#9300 = CARTESIAN_POINT('',(933.7,0.,102.));
#9301 = DIRECTION('',(0.,0.,1.));
#9302 = DIRECTION('',(1.,0.,0.));
#9303 = ADVANCED_FACE('',(#9304),#9310,.T.);
#9304 = FACE_BOUND('',#9305,.T.);
#9305 = EDGE_LOOP('',(#9306,#9307,#9308,#9309));
#9306 = ORIENTED_EDGE('',*,*,#9197,.F.);
#9307 = ORIENTED_EDGE('',*,*,#9258,.T.);
#9308 = ORIENTED_EDGE('',*,*,#9237,.T.);
#9309 = ORIENTED_EDGE('',*,*,#9280,.F.);
#9310 = PLANE('',#9311);
#9311 = AXIS2_PLACEMENT_3D('',#9312,#9313,#9314);
#9312 = CARTESIAN_POINT('',(933.7,0.,282.));
#9313 = DIRECTION('',(0.,0.,1.));
#9314 = DIRECTION('',(1.,0.,0.));
#9315 = MANIFOLD_SOLID_BREP('',#9316);
#9316 = CLOSED_SHELL('',(#9317,#9357,#9397,#9419,#9441,#9453));
#9317 = ADVANCED_FACE('',(#9318),#9352,.F.);
#9318 = FACE_BOUND('',#9319,.F.);
#9319 = EDGE_LOOP('',(#9320,#9330,#9338,#9346));
#9320 = ORIENTED_EDGE('',*,*,#9321,.F.);
#9321 = EDGE_CURVE('',#9322,#9324,#9326,.T.);
#9322 = VERTEX_POINT('',#9323);
#9323 = CARTESIAN_POINT('',(1.5408E+03,0.,102.));
#9324 = VERTEX_POINT('',#9325);
#9325 = CARTESIAN_POINT('',(1.5408E+03,0.,282.));
#9326 = LINE('',#9327,#9328);
#9327 = CARTESIAN_POINT('',(1.5408E+03,0.,102.));
#9328 = VECTOR('',#9329,1.);
#9329 = DIRECTION('',(0.,0.,1.));
#9330 = ORIENTED_EDGE('',*,*,#9331,.T.);
#9331 = EDGE_CURVE('',#9322,#9332,#9334,.T.);
#9332 = VERTEX_POINT('',#9333);
#9333 = CARTESIAN_POINT('',(1.5408E+03,500.,102.));
#9334 = LINE('',#9335,#9336);
#9335 = CARTESIAN_POINT('',(1.5408E+03,0.,102.));
#9336 = VECTOR('',#9337,1.);
#9337 = DIRECTION('',(0.,1.,0.));
#9338 = ORIENTED_EDGE('',*,*,#9339,.T.);
#9339 = EDGE_CURVE('',#9332,#9340,#9342,.T.);
#9340 = VERTEX_POINT('',#9341);
#9341 = CARTESIAN_POINT('',(1.5408E+03,500.,282.));
#9342 = LINE('',#9343,#9344);
#9343 = CARTESIAN_POINT('',(1.5408E+03,500.,102.));
#9344 = VECTOR('',#9345,1.);
#9345 = DIRECTION('',(0.,0.,1.));
#9346 = ORIENTED_EDGE('',*,*,#9347,.F.);
#9347 = EDGE_CURVE('',#9324,#9340,#9348,.T.);
#9348 = LINE('',#9349,#9350);
#9349 = CARTESIAN_POINT('',(1.5408E+03,0.,282.));
#9350 = VECTOR('',#9351,1.);
#9351 = DIRECTION('',(0.,1.,0.));
#9352 = PLANE('',#9353);
#9353 = AXIS2_PLACEMENT_3D('',#9354,#9355,#9356);
#9354 = CARTESIAN_POINT('',(1.5408E+03,0.,102.));
#9355 = DIRECTION('',(1.,0.,0.));
#9356 = DIRECTION('',(0.,0.,1.));
#9357 = ADVANCED_FACE('',(#9358),#9392,.T.);
#9358 = FACE_BOUND('',#9359,.T.);
#9359 = EDGE_LOOP('',(#9360,#9370,#9378,#9386));
#9360 = ORIENTED_EDGE('',*,*,#9361,.F.);
#9361 = EDGE_CURVE('',#9362,#9364,#9366,.T.);
#9362 = VERTEX_POINT('',#9363);
#9363 = CARTESIAN_POINT('',(1.5588E+03,0.,102.));
#9364 = VERTEX_POINT('',#9365);
#9365 = CARTESIAN_POINT('',(1.5588E+03,0.,282.));
#9366 = LINE('',#9367,#9368);
#9367 = CARTESIAN_POINT('',(1.5588E+03,0.,102.));
#9368 = VECTOR('',#9369,1.);
#9369 = DIRECTION('',(0.,0.,1.));
#9370 = ORIENTED_EDGE('',*,*,#9371,.T.);
#9371 = EDGE_CURVE('',#9362,#9372,#9374,.T.);
#9372 = VERTEX_POINT('',#9373);
#9373 = CARTESIAN_POINT('',(1.5588E+03,500.,102.));
#9374 = LINE('',#9375,#9376);
#9375 = CARTESIAN_POINT('',(1.5588E+03,0.,102.));
#9376 = VECTOR('',#9377,1.);
#9377 = DIRECTION('',(0.,1.,0.));
#9378 = ORIENTED_EDGE('',*,*,#9379,.T.);
#9379 = EDGE_CURVE('',#9372,#9380,#9382,.T.);
#9380 = VERTEX_POINT('',#9381);
#9381 = CARTESIAN_POINT('',(1.5588E+03,500.,282.));
#9382 = LINE('',#9383,#9384);
#9383 = CARTESIAN_POINT('',(1.5588E+03,500.,102.));
#9384 = VECTOR('',#9385,1.);
#9385 = DIRECTION('',(0.,0.,1.));
#9386 = ORIENTED_EDGE('',*,*,#9387,.F.);
#9387 = EDGE_CURVE('',#9364,#9380,#9388,.T.);
#9388 = LINE('',#9389,#9390);
#9389 = CARTESIAN_POINT('',(1.5588E+03,0.,282.));
#9390 = VECTOR('',#9391,1.);
#9391 = DIRECTION('',(0.,1.,0.));
#9392 = PLANE('',#9393);
#9393 = AXIS2_PLACEMENT_3D('',#9394,#9395,#9396);
#9394 = CARTESIAN_POINT('',(1.5588E+03,0.,102.));
#9395 = DIRECTION('',(1.,0.,0.));
#9396 = DIRECTION('',(0.,0.,1.));
#9397 = ADVANCED_FACE('',(#9398),#9414,.F.);
#9398 = FACE_BOUND('',#9399,.F.);
#9399 = EDGE_LOOP('',(#9400,#9406,#9407,#9413));
#9400 = ORIENTED_EDGE('',*,*,#9401,.F.);
#9401 = EDGE_CURVE('',#9322,#9362,#9402,.T.);
#9402 = LINE('',#9403,#9404);
#9403 = CARTESIAN_POINT('',(1.5408E+03,0.,102.));
#9404 = VECTOR('',#9405,1.);
#9405 = DIRECTION('',(1.,0.,0.));
#9406 = ORIENTED_EDGE('',*,*,#9321,.T.);
#9407 = ORIENTED_EDGE('',*,*,#9408,.T.);
#9408 = EDGE_CURVE('',#9324,#9364,#9409,.T.);
#9409 = LINE('',#9410,#9411);
#9410 = CARTESIAN_POINT('',(1.5408E+03,0.,282.));
#9411 = VECTOR('',#9412,1.);
#9412 = DIRECTION('',(1.,0.,0.));
#9413 = ORIENTED_EDGE('',*,*,#9361,.F.);
#9414 = PLANE('',#9415);
#9415 = AXIS2_PLACEMENT_3D('',#9416,#9417,#9418);
#9416 = CARTESIAN_POINT('',(1.5408E+03,0.,102.));
#9417 = DIRECTION('',(0.,1.,0.));
#9418 = DIRECTION('',(0.,0.,1.));
#9419 = ADVANCED_FACE('',(#9420),#9436,.T.);
#9420 = FACE_BOUND('',#9421,.T.);
#9421 = EDGE_LOOP('',(#9422,#9428,#9429,#9435));
#9422 = ORIENTED_EDGE('',*,*,#9423,.F.);
#9423 = EDGE_CURVE('',#9332,#9372,#9424,.T.);
#9424 = LINE('',#9425,#9426);
#9425 = CARTESIAN_POINT('',(1.5408E+03,500.,102.));
#9426 = VECTOR('',#9427,1.);
#9427 = DIRECTION('',(1.,0.,0.));
#9428 = ORIENTED_EDGE('',*,*,#9339,.T.);
#9429 = ORIENTED_EDGE('',*,*,#9430,.T.);
#9430 = EDGE_CURVE('',#9340,#9380,#9431,.T.);
#9431 = LINE('',#9432,#9433);
#9432 = CARTESIAN_POINT('',(1.5408E+03,500.,282.));
#9433 = VECTOR('',#9434,1.);
#9434 = DIRECTION('',(1.,0.,0.));
#9435 = ORIENTED_EDGE('',*,*,#9379,.F.);
#9436 = PLANE('',#9437);
#9437 = AXIS2_PLACEMENT_3D('',#9438,#9439,#9440);
#9438 = CARTESIAN_POINT('',(1.5408E+03,500.,102.));
#9439 = DIRECTION('',(0.,1.,0.));
#9440 = DIRECTION('',(0.,0.,1.));
#9441 = ADVANCED_FACE('',(#9442),#9448,.F.);
#9442 = FACE_BOUND('',#9443,.F.);
#9443 = EDGE_LOOP('',(#9444,#9445,#9446,#9447));
#9444 = ORIENTED_EDGE('',*,*,#9331,.F.);
#9445 = ORIENTED_EDGE('',*,*,#9401,.T.);
#9446 = ORIENTED_EDGE('',*,*,#9371,.T.);
#9447 = ORIENTED_EDGE('',*,*,#9423,.F.);
#9448 = PLANE('',#9449);
#9449 = AXIS2_PLACEMENT_3D('',#9450,#9451,#9452);
#9450 = CARTESIAN_POINT('',(1.5408E+03,0.,102.));
#9451 = DIRECTION('',(0.,0.,1.));
#9452 = DIRECTION('',(1.,0.,0.));
#9453 = ADVANCED_FACE('',(#9454),#9460,.T.);
#9454 = FACE_BOUND('',#9455,.T.);
#9455 = EDGE_LOOP('',(#9456,#9457,#9458,#9459));
#9456 = ORIENTED_EDGE('',*,*,#9347,.F.);
#9457 = ORIENTED_EDGE('',*,*,#9408,.T.);
#9458 = ORIENTED_EDGE('',*,*,#9387,.T.);
#9459 = ORIENTED_EDGE('',*,*,#9430,.F.);
#9460 = PLANE('',#9461);
#9461 = AXIS2_PLACEMENT_3D('',#9462,#9463,#9464);
#9462 = CARTESIAN_POINT('',(1.5408E+03,0.,282.));
#9463 = DIRECTION('',(0.,0.,1.));
#9464 = DIRECTION('',(1.,0.,0.));
#9465 = MANIFOLD_SOLID_BREP('',#9466);
#9466 = CLOSED_SHELL('',(#9467,#9507,#9547,#9569,#9591,#9603));
#9467 = ADVANCED_FACE('',(#9468),#9502,.F.);
#9468 = FACE_BOUND('',#9469,.F.);
#9469 = EDGE_LOOP('',(#9470,#9480,#9488,#9496));
#9470 = ORIENTED_EDGE('',*,*,#9471,.F.);
#9471 = EDGE_CURVE('',#9472,#9474,#9476,.T.);
#9472 = VERTEX_POINT('',#9473);
#9473 = CARTESIAN_POINT('',(951.7,0.,102.));
#9474 = VERTEX_POINT('',#9475);
#9475 = CARTESIAN_POINT('',(951.7,0.,282.));
#9476 = LINE('',#9477,#9478);
#9477 = CARTESIAN_POINT('',(951.7,0.,102.));
#9478 = VECTOR('',#9479,1.);
#9479 = DIRECTION('',(0.,0.,1.));
#9480 = ORIENTED_EDGE('',*,*,#9481,.T.);
#9481 = EDGE_CURVE('',#9472,#9482,#9484,.T.);
#9482 = VERTEX_POINT('',#9483);
#9483 = CARTESIAN_POINT('',(951.7,18.,102.));
#9484 = LINE('',#9485,#9486);
#9485 = CARTESIAN_POINT('',(951.7,0.,102.));
#9486 = VECTOR('',#9487,1.);
#9487 = DIRECTION('',(0.,1.,0.));
#9488 = ORIENTED_EDGE('',*,*,#9489,.T.);
#9489 = EDGE_CURVE('',#9482,#9490,#9492,.T.);
#9490 = VERTEX_POINT('',#9491);
#9491 = CARTESIAN_POINT('',(951.7,18.,282.));
#9492 = LINE('',#9493,#9494);
#9493 = CARTESIAN_POINT('',(951.7,18.,102.));
#9494 = VECTOR('',#9495,1.);
#9495 = DIRECTION('',(0.,0.,1.));
#9496 = ORIENTED_EDGE('',*,*,#9497,.F.);
#9497 = EDGE_CURVE('',#9474,#9490,#9498,.T.);
#9498 = LINE('',#9499,#9500);
#9499 = CARTESIAN_POINT('',(951.7,0.,282.));
#9500 = VECTOR('',#9501,1.);
#9501 = DIRECTION('',(0.,1.,0.));
#9502 = PLANE('',#9503);
#9503 = AXIS2_PLACEMENT_3D('',#9504,#9505,#9506);
#9504 = CARTESIAN_POINT('',(951.7,0.,102.));
#9505 = DIRECTION('',(1.,0.,0.));
#9506 = DIRECTION('',(0.,0.,1.));
#9507 = ADVANCED_FACE('',(#9508),#9542,.T.);
#9508 = FACE_BOUND('',#9509,.T.);
#9509 = EDGE_LOOP('',(#9510,#9520,#9528,#9536));
#9510 = ORIENTED_EDGE('',*,*,#9511,.F.);
#9511 = EDGE_CURVE('',#9512,#9514,#9516,.T.);
#9512 = VERTEX_POINT('',#9513);
#9513 = CARTESIAN_POINT('',(1.5408E+03,0.,102.));
#9514 = VERTEX_POINT('',#9515);
#9515 = CARTESIAN_POINT('',(1.5408E+03,0.,282.));
#9516 = LINE('',#9517,#9518);
#9517 = CARTESIAN_POINT('',(1.5408E+03,0.,102.));
#9518 = VECTOR('',#9519,1.);
#9519 = DIRECTION('',(0.,0.,1.));
#9520 = ORIENTED_EDGE('',*,*,#9521,.T.);
#9521 = EDGE_CURVE('',#9512,#9522,#9524,.T.);
#9522 = VERTEX_POINT('',#9523);
#9523 = CARTESIAN_POINT('',(1.5408E+03,18.,102.));
#9524 = LINE('',#9525,#9526);
#9525 = CARTESIAN_POINT('',(1.5408E+03,0.,102.));
#9526 = VECTOR('',#9527,1.);
#9527 = DIRECTION('',(0.,1.,0.));
#9528 = ORIENTED_EDGE('',*,*,#9529,.T.);
#9529 = EDGE_CURVE('',#9522,#9530,#9532,.T.);
#9530 = VERTEX_POINT('',#9531);
#9531 = CARTESIAN_POINT('',(1.5408E+03,18.,282.));
#9532 = LINE('',#9533,#9534);
#9533 = CARTESIAN_POINT('',(1.5408E+03,18.,102.));
#9534 = VECTOR('',#9535,1.);
#9535 = DIRECTION('',(0.,0.,1.));
#9536 = ORIENTED_EDGE('',*,*,#9537,.F.);
#9537 = EDGE_CURVE('',#9514,#9530,#9538,.T.);
#9538 = LINE('',#9539,#9540);
#9539 = CARTESIAN_POINT('',(1.5408E+03,0.,282.));
#9540 = VECTOR('',#9541,1.);
#9541 = DIRECTION('',(0.,1.,0.));
#9542 = PLANE('',#9543);
#9543 = AXIS2_PLACEMENT_3D('',#9544,#9545,#9546);
#9544 = CARTESIAN_POINT('',(1.5408E+03,0.,102.));
#9545 = DIRECTION('',(1.,0.,0.));
#9546 = DIRECTION('',(0.,0.,1.));
#9547 = ADVANCED_FACE('',(#9548),#9564,.F.);
#9548 = FACE_BOUND('',#9549,.F.);
#9549 = EDGE_LOOP('',(#9550,#9556,#9557,#9563));
#9550 = ORIENTED_EDGE('',*,*,#9551,.F.);
#9551 = EDGE_CURVE('',#9472,#9512,#9552,.T.);
#9552 = LINE('',#9553,#9554);
#9553 = CARTESIAN_POINT('',(951.7,0.,102.));
#9554 = VECTOR('',#9555,1.);
#9555 = DIRECTION('',(1.,0.,0.));
#9556 = ORIENTED_EDGE('',*,*,#9471,.T.);
#9557 = ORIENTED_EDGE('',*,*,#9558,.T.);
#9558 = EDGE_CURVE('',#9474,#9514,#9559,.T.);
#9559 = LINE('',#9560,#9561);
#9560 = CARTESIAN_POINT('',(951.7,0.,282.));
#9561 = VECTOR('',#9562,1.);
#9562 = DIRECTION('',(1.,0.,0.));
#9563 = ORIENTED_EDGE('',*,*,#9511,.F.);
#9564 = PLANE('',#9565);
#9565 = AXIS2_PLACEMENT_3D('',#9566,#9567,#9568);
#9566 = CARTESIAN_POINT('',(951.7,0.,102.));
#9567 = DIRECTION('',(0.,1.,0.));
#9568 = DIRECTION('',(0.,0.,1.));
#9569 = ADVANCED_FACE('',(#9570),#9586,.T.);
#9570 = FACE_BOUND('',#9571,.T.);
#9571 = EDGE_LOOP('',(#9572,#9578,#9579,#9585));
#9572 = ORIENTED_EDGE('',*,*,#9573,.F.);
#9573 = EDGE_CURVE('',#9482,#9522,#9574,.T.);
#9574 = LINE('',#9575,#9576);
#9575 = CARTESIAN_POINT('',(951.7,18.,102.));
#9576 = VECTOR('',#9577,1.);
#9577 = DIRECTION('',(1.,0.,0.));
#9578 = ORIENTED_EDGE('',*,*,#9489,.T.);
#9579 = ORIENTED_EDGE('',*,*,#9580,.T.);
#9580 = EDGE_CURVE('',#9490,#9530,#9581,.T.);
#9581 = LINE('',#9582,#9583);
#9582 = CARTESIAN_POINT('',(951.7,18.,282.));
#9583 = VECTOR('',#9584,1.);
#9584 = DIRECTION('',(1.,0.,0.));
#9585 = ORIENTED_EDGE('',*,*,#9529,.F.);
#9586 = PLANE('',#9587);
#9587 = AXIS2_PLACEMENT_3D('',#9588,#9589,#9590);
#9588 = CARTESIAN_POINT('',(951.7,18.,102.));
#9589 = DIRECTION('',(0.,1.,0.));
#9590 = DIRECTION('',(0.,0.,1.));
#9591 = ADVANCED_FACE('',(#9592),#9598,.F.);
#9592 = FACE_BOUND('',#9593,.F.);
#9593 = EDGE_LOOP('',(#9594,#9595,#9596,#9597));
#9594 = ORIENTED_EDGE('',*,*,#9481,.F.);
#9595 = ORIENTED_EDGE('',*,*,#9551,.T.);
#9596 = ORIENTED_EDGE('',*,*,#9521,.T.);
#9597 = ORIENTED_EDGE('',*,*,#9573,.F.);
#9598 = PLANE('',#9599);
#9599 = AXIS2_PLACEMENT_3D('',#9600,#9601,#9602);
#9600 = CARTESIAN_POINT('',(951.7,0.,102.));
#9601 = DIRECTION('',(0.,0.,1.));
#9602 = DIRECTION('',(1.,0.,0.));
#9603 = ADVANCED_FACE('',(#9604),#9610,.T.);
#9604 = FACE_BOUND('',#9605,.T.);
#9605 = EDGE_LOOP('',(#9606,#9607,#9608,#9609));
#9606 = ORIENTED_EDGE('',*,*,#9497,.F.);
#9607 = ORIENTED_EDGE('',*,*,#9558,.T.);
#9608 = ORIENTED_EDGE('',*,*,#9537,.T.);
#9609 = ORIENTED_EDGE('',*,*,#9580,.F.);
#9610 = PLANE('',#9611);
#9611 = AXIS2_PLACEMENT_3D('',#9612,#9613,#9614);
#9612 = CARTESIAN_POINT('',(951.7,0.,282.));
#9613 = DIRECTION('',(0.,0.,1.));
#9614 = DIRECTION('',(1.,0.,0.));
#9615 = MANIFOLD_SOLID_BREP('',#9616);
#9616 = CLOSED_SHELL('',(#9617,#9657,#9697,#9719,#9741,#9753));
#9617 = ADVANCED_FACE('',(#9618),#9652,.F.);
#9618 = FACE_BOUND('',#9619,.F.);
#9619 = EDGE_LOOP('',(#9620,#9630,#9638,#9646));
#9620 = ORIENTED_EDGE('',*,*,#9621,.F.);
#9621 = EDGE_CURVE('',#9622,#9624,#9626,.T.);
#9622 = VERTEX_POINT('',#9623);
#9623 = CARTESIAN_POINT('',(951.7,482.,102.));
#9624 = VERTEX_POINT('',#9625);
#9625 = CARTESIAN_POINT('',(951.7,482.,282.));
#9626 = LINE('',#9627,#9628);
#9627 = CARTESIAN_POINT('',(951.7,482.,102.));
#9628 = VECTOR('',#9629,1.);
#9629 = DIRECTION('',(0.,0.,1.));
#9630 = ORIENTED_EDGE('',*,*,#9631,.T.);
#9631 = EDGE_CURVE('',#9622,#9632,#9634,.T.);
#9632 = VERTEX_POINT('',#9633);
#9633 = CARTESIAN_POINT('',(951.7,500.,102.));
#9634 = LINE('',#9635,#9636);
#9635 = CARTESIAN_POINT('',(951.7,482.,102.));
#9636 = VECTOR('',#9637,1.);
#9637 = DIRECTION('',(0.,1.,0.));
#9638 = ORIENTED_EDGE('',*,*,#9639,.T.);
#9639 = EDGE_CURVE('',#9632,#9640,#9642,.T.);
#9640 = VERTEX_POINT('',#9641);
#9641 = CARTESIAN_POINT('',(951.7,500.,282.));
#9642 = LINE('',#9643,#9644);
#9643 = CARTESIAN_POINT('',(951.7,500.,102.));
#9644 = VECTOR('',#9645,1.);
#9645 = DIRECTION('',(0.,0.,1.));
#9646 = ORIENTED_EDGE('',*,*,#9647,.F.);
#9647 = EDGE_CURVE('',#9624,#9640,#9648,.T.);
#9648 = LINE('',#9649,#9650);
#9649 = CARTESIAN_POINT('',(951.7,482.,282.));
#9650 = VECTOR('',#9651,1.);
#9651 = DIRECTION('',(0.,1.,0.));
#9652 = PLANE('',#9653);
#9653 = AXIS2_PLACEMENT_3D('',#9654,#9655,#9656);
#9654 = CARTESIAN_POINT('',(951.7,482.,102.));
#9655 = DIRECTION('',(1.,0.,0.));
#9656 = DIRECTION('',(0.,0.,1.));
#9657 = ADVANCED_FACE('',(#9658),#9692,.T.);
#9658 = FACE_BOUND('',#9659,.T.);
#9659 = EDGE_LOOP('',(#9660,#9670,#9678,#9686));
#9660 = ORIENTED_EDGE('',*,*,#9661,.F.);
#9661 = EDGE_CURVE('',#9662,#9664,#9666,.T.);
#9662 = VERTEX_POINT('',#9663);
#9663 = CARTESIAN_POINT('',(1.5408E+03,482.,102.));
#9664 = VERTEX_POINT('',#9665);
#9665 = CARTESIAN_POINT('',(1.5408E+03,482.,282.));
#9666 = LINE('',#9667,#9668);
#9667 = CARTESIAN_POINT('',(1.5408E+03,482.,102.));
#9668 = VECTOR('',#9669,1.);
#9669 = DIRECTION('',(0.,0.,1.));
#9670 = ORIENTED_EDGE('',*,*,#9671,.T.);
#9671 = EDGE_CURVE('',#9662,#9672,#9674,.T.);
#9672 = VERTEX_POINT('',#9673);
#9673 = CARTESIAN_POINT('',(1.5408E+03,500.,102.));
#9674 = LINE('',#9675,#9676);
#9675 = CARTESIAN_POINT('',(1.5408E+03,482.,102.));
#9676 = VECTOR('',#9677,1.);
#9677 = DIRECTION('',(0.,1.,0.));
#9678 = ORIENTED_EDGE('',*,*,#9679,.T.);
#9679 = EDGE_CURVE('',#9672,#9680,#9682,.T.);
#9680 = VERTEX_POINT('',#9681);
#9681 = CARTESIAN_POINT('',(1.5408E+03,500.,282.));
#9682 = LINE('',#9683,#9684);
#9683 = CARTESIAN_POINT('',(1.5408E+03,500.,102.));
#9684 = VECTOR('',#9685,1.);
#9685 = DIRECTION('',(0.,0.,1.));
#9686 = ORIENTED_EDGE('',*,*,#9687,.F.);
#9687 = EDGE_CURVE('',#9664,#9680,#9688,.T.);
#9688 = LINE('',#9689,#9690);
#9689 = CARTESIAN_POINT('',(1.5408E+03,482.,282.));
#9690 = VECTOR('',#9691,1.);
#9691 = DIRECTION('',(0.,1.,0.));
#9692 = PLANE('',#9693);
#9693 = AXIS2_PLACEMENT_3D('',#9694,#9695,#9696);
#9694 = CARTESIAN_POINT('',(1.5408E+03,482.,102.));
#9695 = DIRECTION('',(1.,0.,0.));
#9696 = DIRECTION('',(0.,0.,1.));
#9697 = ADVANCED_FACE('',(#9698),#9714,.F.);
#9698 = FACE_BOUND('',#9699,.F.);
#9699 = EDGE_LOOP('',(#9700,#9706,#9707,#9713));
#9700 = ORIENTED_EDGE('',*,*,#9701,.F.);
#9701 = EDGE_CURVE('',#9622,#9662,#9702,.T.);
#9702 = LINE('',#9703,#9704);
#9703 = CARTESIAN_POINT('',(951.7,482.,102.));
#9704 = VECTOR('',#9705,1.);
#9705 = DIRECTION('',(1.,0.,0.));
#9706 = ORIENTED_EDGE('',*,*,#9621,.T.);
#9707 = ORIENTED_EDGE('',*,*,#9708,.T.);
#9708 = EDGE_CURVE('',#9624,#9664,#9709,.T.);
#9709 = LINE('',#9710,#9711);
#9710 = CARTESIAN_POINT('',(951.7,482.,282.));
#9711 = VECTOR('',#9712,1.);
#9712 = DIRECTION('',(1.,0.,0.));
#9713 = ORIENTED_EDGE('',*,*,#9661,.F.);
#9714 = PLANE('',#9715);
#9715 = AXIS2_PLACEMENT_3D('',#9716,#9717,#9718);
#9716 = CARTESIAN_POINT('',(951.7,482.,102.));
#9717 = DIRECTION('',(0.,1.,0.));
#9718 = DIRECTION('',(0.,0.,1.));
#9719 = ADVANCED_FACE('',(#9720),#9736,.T.);
#9720 = FACE_BOUND('',#9721,.T.);
#9721 = EDGE_LOOP('',(#9722,#9728,#9729,#9735));
#9722 = ORIENTED_EDGE('',*,*,#9723,.F.);
#9723 = EDGE_CURVE('',#9632,#9672,#9724,.T.);
#9724 = LINE('',#9725,#9726);
#9725 = CARTESIAN_POINT('',(951.7,500.,102.));
#9726 = VECTOR('',#9727,1.);
#9727 = DIRECTION('',(1.,0.,0.));
#9728 = ORIENTED_EDGE('',*,*,#9639,.T.);
#9729 = ORIENTED_EDGE('',*,*,#9730,.T.);
#9730 = EDGE_CURVE('',#9640,#9680,#9731,.T.);
#9731 = LINE('',#9732,#9733);
#9732 = CARTESIAN_POINT('',(951.7,500.,282.));
#9733 = VECTOR('',#9734,1.);
#9734 = DIRECTION('',(1.,0.,0.));
#9735 = ORIENTED_EDGE('',*,*,#9679,.F.);
#9736 = PLANE('',#9737);
#9737 = AXIS2_PLACEMENT_3D('',#9738,#9739,#9740);
#9738 = CARTESIAN_POINT('',(951.7,500.,102.));
#9739 = DIRECTION('',(0.,1.,0.));
#9740 = DIRECTION('',(0.,0.,1.));
#9741 = ADVANCED_FACE('',(#9742),#9748,.F.);
#9742 = FACE_BOUND('',#9743,.F.);
#9743 = EDGE_LOOP('',(#9744,#9745,#9746,#9747));
#9744 = ORIENTED_EDGE('',*,*,#9631,.F.);
#9745 = ORIENTED_EDGE('',*,*,#9701,.T.);
#9746 = ORIENTED_EDGE('',*,*,#9671,.T.);
#9747 = ORIENTED_EDGE('',*,*,#9723,.F.);
#9748 = PLANE('',#9749);
#9749 = AXIS2_PLACEMENT_3D('',#9750,#9751,#9752);
#9750 = CARTESIAN_POINT('',(951.7,482.,102.));
#9751 = DIRECTION('',(0.,0.,1.));
#9752 = DIRECTION('',(1.,0.,0.));
#9753 = ADVANCED_FACE('',(#9754),#9760,.T.);
#9754 = FACE_BOUND('',#9755,.T.);
#9755 = EDGE_LOOP('',(#9756,#9757,#9758,#9759));
#9756 = ORIENTED_EDGE('',*,*,#9647,.F.);
#9757 = ORIENTED_EDGE('',*,*,#9708,.T.);
#9758 = ORIENTED_EDGE('',*,*,#9687,.T.);
#9759 = ORIENTED_EDGE('',*,*,#9730,.F.);
#9760 = PLANE('',#9761);
#9761 = AXIS2_PLACEMENT_3D('',#9762,#9763,#9764);
#9762 = CARTESIAN_POINT('',(951.7,482.,282.));
#9763 = DIRECTION('',(0.,0.,1.));
#9764 = DIRECTION('',(1.,0.,0.));
#9765 = MANIFOLD_SOLID_BREP('',#9766);
#9766 = CLOSED_SHELL('',(#9767,#9807,#9847,#9869,#9891,#9903));
#9767 = ADVANCED_FACE('',(#9768),#9802,.F.);
#9768 = FACE_BOUND('',#9769,.F.);
#9769 = EDGE_LOOP('',(#9770,#9780,#9788,#9796));
#9770 = ORIENTED_EDGE('',*,*,#9771,.F.);
#9771 = EDGE_CURVE('',#9772,#9774,#9776,.T.);
#9772 = VERTEX_POINT('',#9773);
#9773 = CARTESIAN_POINT('',(933.7,0.,96.));
#9774 = VERTEX_POINT('',#9775);
#9775 = CARTESIAN_POINT('',(933.7,0.,102.));
#9776 = LINE('',#9777,#9778);
#9777 = CARTESIAN_POINT('',(933.7,0.,96.));
#9778 = VECTOR('',#9779,1.);
#9779 = DIRECTION('',(0.,0.,1.));
#9780 = ORIENTED_EDGE('',*,*,#9781,.T.);
#9781 = EDGE_CURVE('',#9772,#9782,#9784,.T.);
#9782 = VERTEX_POINT('',#9783);
#9783 = CARTESIAN_POINT('',(933.7,500.,96.));
#9784 = LINE('',#9785,#9786);
#9785 = CARTESIAN_POINT('',(933.7,0.,96.));
#9786 = VECTOR('',#9787,1.);
#9787 = DIRECTION('',(0.,1.,0.));
#9788 = ORIENTED_EDGE('',*,*,#9789,.T.);
#9789 = EDGE_CURVE('',#9782,#9790,#9792,.T.);
#9790 = VERTEX_POINT('',#9791);
#9791 = CARTESIAN_POINT('',(933.7,500.,102.));
#9792 = LINE('',#9793,#9794);
#9793 = CARTESIAN_POINT('',(933.7,500.,96.));
#9794 = VECTOR('',#9795,1.);
#9795 = DIRECTION('',(0.,0.,1.));
#9796 = ORIENTED_EDGE('',*,*,#9797,.F.);
#9797 = EDGE_CURVE('',#9774,#9790,#9798,.T.);
#9798 = LINE('',#9799,#9800);
#9799 = CARTESIAN_POINT('',(933.7,0.,102.));
#9800 = VECTOR('',#9801,1.);
#9801 = DIRECTION('',(0.,1.,0.));
#9802 = PLANE('',#9803);
#9803 = AXIS2_PLACEMENT_3D('',#9804,#9805,#9806);
#9804 = CARTESIAN_POINT('',(933.7,0.,96.));
#9805 = DIRECTION('',(1.,0.,0.));
#9806 = DIRECTION('',(0.,0.,1.));
#9807 = ADVANCED_FACE('',(#9808),#9842,.T.);
#9808 = FACE_BOUND('',#9809,.T.);
#9809 = EDGE_LOOP('',(#9810,#9820,#9828,#9836));
#9810 = ORIENTED_EDGE('',*,*,#9811,.F.);
#9811 = EDGE_CURVE('',#9812,#9814,#9816,.T.);
#9812 = VERTEX_POINT('',#9813);
#9813 = CARTESIAN_POINT('',(1.5588E+03,0.,96.));
#9814 = VERTEX_POINT('',#9815);
#9815 = CARTESIAN_POINT('',(1.5588E+03,0.,102.));
#9816 = LINE('',#9817,#9818);
#9817 = CARTESIAN_POINT('',(1.5588E+03,0.,96.));
#9818 = VECTOR('',#9819,1.);
#9819 = DIRECTION('',(0.,0.,1.));
#9820 = ORIENTED_EDGE('',*,*,#9821,.T.);
#9821 = EDGE_CURVE('',#9812,#9822,#9824,.T.);
#9822 = VERTEX_POINT('',#9823);
#9823 = CARTESIAN_POINT('',(1.5588E+03,500.,96.));
#9824 = LINE('',#9825,#9826);
#9825 = CARTESIAN_POINT('',(1.5588E+03,0.,96.));
#9826 = VECTOR('',#9827,1.);
#9827 = DIRECTION('',(0.,1.,0.));
#9828 = ORIENTED_EDGE('',*,*,#9829,.T.);
#9829 = EDGE_CURVE('',#9822,#9830,#9832,.T.);
#9830 = VERTEX_POINT('',#9831);
#9831 = CARTESIAN_POINT('',(1.5588E+03,500.,102.));
#9832 = LINE('',#9833,#9834);
#9833 = CARTESIAN_POINT('',(1.5588E+03,500.,96.));
#9834 = VECTOR('',#9835,1.);
#9835 = DIRECTION('',(0.,0.,1.));
#9836 = ORIENTED_EDGE('',*,*,#9837,.F.);
#9837 = EDGE_CURVE('',#9814,#9830,#9838,.T.);
#9838 = LINE('',#9839,#9840);
#9839 = CARTESIAN_POINT('',(1.5588E+03,0.,102.));
#9840 = VECTOR('',#9841,1.);
#9841 = DIRECTION('',(0.,1.,0.));
#9842 = PLANE('',#9843);
#9843 = AXIS2_PLACEMENT_3D('',#9844,#9845,#9846);
#9844 = CARTESIAN_POINT('',(1.5588E+03,0.,96.));
#9845 = DIRECTION('',(1.,0.,0.));
#9846 = DIRECTION('',(0.,0.,1.));
#9847 = ADVANCED_FACE('',(#9848),#9864,.F.);
#9848 = FACE_BOUND('',#9849,.F.);
#9849 = EDGE_LOOP('',(#9850,#9856,#9857,#9863));
#9850 = ORIENTED_EDGE('',*,*,#9851,.F.);
#9851 = EDGE_CURVE('',#9772,#9812,#9852,.T.);
#9852 = LINE('',#9853,#9854);
#9853 = CARTESIAN_POINT('',(933.7,0.,96.));
#9854 = VECTOR('',#9855,1.);
#9855 = DIRECTION('',(1.,0.,0.));
#9856 = ORIENTED_EDGE('',*,*,#9771,.T.);
#9857 = ORIENTED_EDGE('',*,*,#9858,.T.);
#9858 = EDGE_CURVE('',#9774,#9814,#9859,.T.);
#9859 = LINE('',#9860,#9861);
#9860 = CARTESIAN_POINT('',(933.7,0.,102.));
#9861 = VECTOR('',#9862,1.);
#9862 = DIRECTION('',(1.,0.,0.));
#9863 = ORIENTED_EDGE('',*,*,#9811,.F.);
#9864 = PLANE('',#9865);
#9865 = AXIS2_PLACEMENT_3D('',#9866,#9867,#9868);
#9866 = CARTESIAN_POINT('',(933.7,0.,96.));
#9867 = DIRECTION('',(0.,1.,0.));
#9868 = DIRECTION('',(0.,0.,1.));
#9869 = ADVANCED_FACE('',(#9870),#9886,.T.);
#9870 = FACE_BOUND('',#9871,.T.);
#9871 = EDGE_LOOP('',(#9872,#9878,#9879,#9885));
#9872 = ORIENTED_EDGE('',*,*,#9873,.F.);
#9873 = EDGE_CURVE('',#9782,#9822,#9874,.T.);
#9874 = LINE('',#9875,#9876);
#9875 = CARTESIAN_POINT('',(933.7,500.,96.));
#9876 = VECTOR('',#9877,1.);
#9877 = DIRECTION('',(1.,0.,0.));
#9878 = ORIENTED_EDGE('',*,*,#9789,.T.);
#9879 = ORIENTED_EDGE('',*,*,#9880,.T.);
#9880 = EDGE_CURVE('',#9790,#9830,#9881,.T.);
#9881 = LINE('',#9882,#9883);
#9882 = CARTESIAN_POINT('',(933.7,500.,102.));
#9883 = VECTOR('',#9884,1.);
#9884 = DIRECTION('',(1.,0.,0.));
#9885 = ORIENTED_EDGE('',*,*,#9829,.F.);
#9886 = PLANE('',#9887);
#9887 = AXIS2_PLACEMENT_3D('',#9888,#9889,#9890);
#9888 = CARTESIAN_POINT('',(933.7,500.,96.));
#9889 = DIRECTION('',(0.,1.,0.));
#9890 = DIRECTION('',(0.,0.,1.));
#9891 = ADVANCED_FACE('',(#9892),#9898,.F.);
#9892 = FACE_BOUND('',#9893,.F.);
#9893 = EDGE_LOOP('',(#9894,#9895,#9896,#9897));
#9894 = ORIENTED_EDGE('',*,*,#9781,.F.);
#9895 = ORIENTED_EDGE('',*,*,#9851,.T.);
#9896 = ORIENTED_EDGE('',*,*,#9821,.T.);
#9897 = ORIENTED_EDGE('',*,*,#9873,.F.);
#9898 = PLANE('',#9899);
#9899 = AXIS2_PLACEMENT_3D('',#9900,#9901,#9902);
#9900 = CARTESIAN_POINT('',(933.7,0.,96.));
#9901 = DIRECTION('',(0.,0.,1.));
#9902 = DIRECTION('',(1.,0.,0.));
#9903 = ADVANCED_FACE('',(#9904),#9910,.T.);
#9904 = FACE_BOUND('',#9905,.T.);
#9905 = EDGE_LOOP('',(#9906,#9907,#9908,#9909));
#9906 = ORIENTED_EDGE('',*,*,#9797,.F.);
#9907 = ORIENTED_EDGE('',*,*,#9858,.T.);
#9908 = ORIENTED_EDGE('',*,*,#9837,.T.);
#9909 = ORIENTED_EDGE('',*,*,#9880,.F.);
#9910 = PLANE('',#9911);
#9911 = AXIS2_PLACEMENT_3D('',#9912,#9913,#9914);
#9912 = CARTESIAN_POINT('',(933.7,0.,102.));
#9913 = DIRECTION('',(0.,0.,1.));
#9914 = DIRECTION('',(1.,0.,0.));
#9915 = MANIFOLD_SOLID_BREP('',#9916);
#9916 = CLOSED_SHELL('',(#9917,#9957,#9997,#10019,#10041,#10053));
#9917 = ADVANCED_FACE('',(#9918),#9952,.F.);
#9918 = FACE_BOUND('',#9919,.F.);
#9919 = EDGE_LOOP('',(#9920,#9930,#9938,#9946));
#9920 = ORIENTED_EDGE('',*,*,#9921,.F.);
#9921 = EDGE_CURVE('',#9922,#9924,#9926,.T.);
#9922 = VERTEX_POINT('',#9923);
#9923 = CARTESIAN_POINT('',(1.6022E+03,0.,102.));
#9924 = VERTEX_POINT('',#9925);
#9925 = CARTESIAN_POINT('',(1.6022E+03,0.,282.));
#9926 = LINE('',#9927,#9928);
#9927 = CARTESIAN_POINT('',(1.6022E+03,0.,102.));
#9928 = VECTOR('',#9929,1.);
#9929 = DIRECTION('',(0.,0.,1.));
#9930 = ORIENTED_EDGE('',*,*,#9931,.T.);
#9931 = EDGE_CURVE('',#9922,#9932,#9934,.T.);
#9932 = VERTEX_POINT('',#9933);
#9933 = CARTESIAN_POINT('',(1.6022E+03,500.,102.));
#9934 = LINE('',#9935,#9936);
#9935 = CARTESIAN_POINT('',(1.6022E+03,0.,102.));
#9936 = VECTOR('',#9937,1.);
#9937 = DIRECTION('',(0.,1.,0.));
#9938 = ORIENTED_EDGE('',*,*,#9939,.T.);
#9939 = EDGE_CURVE('',#9932,#9940,#9942,.T.);
#9940 = VERTEX_POINT('',#9941);
#9941 = CARTESIAN_POINT('',(1.6022E+03,500.,282.));
#9942 = LINE('',#9943,#9944);
#9943 = CARTESIAN_POINT('',(1.6022E+03,500.,102.));
#9944 = VECTOR('',#9945,1.);
#9945 = DIRECTION('',(0.,0.,1.));
#9946 = ORIENTED_EDGE('',*,*,#9947,.F.);
#9947 = EDGE_CURVE('',#9924,#9940,#9948,.T.);
#9948 = LINE('',#9949,#9950);
#9949 = CARTESIAN_POINT('',(1.6022E+03,0.,282.));
#9950 = VECTOR('',#9951,1.);
#9951 = DIRECTION('',(0.,1.,0.));
#9952 = PLANE('',#9953);
#9953 = AXIS2_PLACEMENT_3D('',#9954,#9955,#9956);
#9954 = CARTESIAN_POINT('',(1.6022E+03,0.,102.));
#9955 = DIRECTION('',(1.,0.,0.));
#9956 = DIRECTION('',(0.,0.,1.));
#9957 = ADVANCED_FACE('',(#9958),#9992,.T.);
#9958 = FACE_BOUND('',#9959,.T.);
#9959 = EDGE_LOOP('',(#9960,#9970,#9978,#9986));
#9960 = ORIENTED_EDGE('',*,*,#9961,.F.);
#9961 = EDGE_CURVE('',#9962,#9964,#9966,.T.);
#9962 = VERTEX_POINT('',#9963);
#9963 = CARTESIAN_POINT('',(1.6202E+03,0.,102.));
#9964 = VERTEX_POINT('',#9965);
#9965 = CARTESIAN_POINT('',(1.6202E+03,0.,282.));
#9966 = LINE('',#9967,#9968);
#9967 = CARTESIAN_POINT('',(1.6202E+03,0.,102.));
#9968 = VECTOR('',#9969,1.);
#9969 = DIRECTION('',(0.,0.,1.));
#9970 = ORIENTED_EDGE('',*,*,#9971,.T.);
#9971 = EDGE_CURVE('',#9962,#9972,#9974,.T.);
#9972 = VERTEX_POINT('',#9973);
#9973 = CARTESIAN_POINT('',(1.6202E+03,500.,102.));
#9974 = LINE('',#9975,#9976);
#9975 = CARTESIAN_POINT('',(1.6202E+03,0.,102.));
#9976 = VECTOR('',#9977,1.);
#9977 = DIRECTION('',(0.,1.,0.));
#9978 = ORIENTED_EDGE('',*,*,#9979,.T.);
#9979 = EDGE_CURVE('',#9972,#9980,#9982,.T.);
#9980 = VERTEX_POINT('',#9981);
#9981 = CARTESIAN_POINT('',(1.6202E+03,500.,282.));
#9982 = LINE('',#9983,#9984);
#9983 = CARTESIAN_POINT('',(1.6202E+03,500.,102.));
#9984 = VECTOR('',#9985,1.);
#9985 = DIRECTION('',(0.,0.,1.));
#9986 = ORIENTED_EDGE('',*,*,#9987,.F.);
#9987 = EDGE_CURVE('',#9964,#9980,#9988,.T.);
#9988 = LINE('',#9989,#9990);
#9989 = CARTESIAN_POINT('',(1.6202E+03,0.,282.));
#9990 = VECTOR('',#9991,1.);
#9991 = DIRECTION('',(0.,1.,0.));
#9992 = PLANE('',#9993);
#9993 = AXIS2_PLACEMENT_3D('',#9994,#9995,#9996);
#9994 = CARTESIAN_POINT('',(1.6202E+03,0.,102.));
#9995 = DIRECTION('',(1.,0.,0.));
#9996 = DIRECTION('',(0.,0.,1.));
#9997 = ADVANCED_FACE('',(#9998),#10014,.F.);
#9998 = FACE_BOUND('',#9999,.F.);
#9999 = EDGE_LOOP('',(#10000,#10006,#10007,#10013));
#10000 = ORIENTED_EDGE('',*,*,#10001,.F.);
#10001 = EDGE_CURVE('',#9922,#9962,#10002,.T.);
#10002 = LINE('',#10003,#10004);
#10003 = CARTESIAN_POINT('',(1.6022E+03,0.,102.));
#10004 = VECTOR('',#10005,1.);
#10005 = DIRECTION('',(1.,0.,0.));
#10006 = ORIENTED_EDGE('',*,*,#9921,.T.);
#10007 = ORIENTED_EDGE('',*,*,#10008,.T.);
#10008 = EDGE_CURVE('',#9924,#9964,#10009,.T.);
#10009 = LINE('',#10010,#10011);
#10010 = CARTESIAN_POINT('',(1.6022E+03,0.,282.));
#10011 = VECTOR('',#10012,1.);
#10012 = DIRECTION('',(1.,0.,0.));
#10013 = ORIENTED_EDGE('',*,*,#9961,.F.);
#10014 = PLANE('',#10015);
#10015 = AXIS2_PLACEMENT_3D('',#10016,#10017,#10018);
#10016 = CARTESIAN_POINT('',(1.6022E+03,0.,102.));
#10017 = DIRECTION('',(0.,1.,0.));
#10018 = DIRECTION('',(0.,0.,1.));
#10019 = ADVANCED_FACE('',(#10020),#10036,.T.);
#10020 = FACE_BOUND('',#10021,.T.);
#10021 = EDGE_LOOP('',(#10022,#10028,#10029,#10035));
#10022 = ORIENTED_EDGE('',*,*,#10023,.F.);
#10023 = EDGE_CURVE('',#9932,#9972,#10024,.T.);
#10024 = LINE('',#10025,#10026);
#10025 = CARTESIAN_POINT('',(1.6022E+03,500.,102.));
#10026 = VECTOR('',#10027,1.);
#10027 = DIRECTION('',(1.,0.,0.));
#10028 = ORIENTED_EDGE('',*,*,#9939,.T.);
#10029 = ORIENTED_EDGE('',*,*,#10030,.T.);
#10030 = EDGE_CURVE('',#9940,#9980,#10031,.T.);
#10031 = LINE('',#10032,#10033);
#10032 = CARTESIAN_POINT('',(1.6022E+03,500.,282.));
#10033 = VECTOR('',#10034,1.);
#10034 = DIRECTION('',(1.,0.,0.));
#10035 = ORIENTED_EDGE('',*,*,#9979,.F.);
#10036 = PLANE('',#10037);
#10037 = AXIS2_PLACEMENT_3D('',#10038,#10039,#10040);
#10038 = CARTESIAN_POINT('',(1.6022E+03,500.,102.));
#10039 = DIRECTION('',(0.,1.,0.));
#10040 = DIRECTION('',(0.,0.,1.));
#10041 = ADVANCED_FACE('',(#10042),#10048,.F.);
#10042 = FACE_BOUND('',#10043,.F.);
#10043 = EDGE_LOOP('',(#10044,#10045,#10046,#10047));
#10044 = ORIENTED_EDGE('',*,*,#9931,.F.);
#10045 = ORIENTED_EDGE('',*,*,#10001,.T.);
#10046 = ORIENTED_EDGE('',*,*,#9971,.T.);
#10047 = ORIENTED_EDGE('',*,*,#10023,.F.);
#10048 = PLANE('',#10049);
#10049 = AXIS2_PLACEMENT_3D('',#10050,#10051,#10052);
#10050 = CARTESIAN_POINT('',(1.6022E+03,0.,102.));
#10051 = DIRECTION('',(0.,0.,1.));
#10052 = DIRECTION('',(1.,0.,0.));
#10053 = ADVANCED_FACE('',(#10054),#10060,.T.);
#10054 = FACE_BOUND('',#10055,.T.);
#10055 = EDGE_LOOP('',(#10056,#10057,#10058,#10059));
#10056 = ORIENTED_EDGE('',*,*,#9947,.F.);
#10057 = ORIENTED_EDGE('',*,*,#10008,.T.);
#10058 = ORIENTED_EDGE('',*,*,#9987,.T.);
#10059 = ORIENTED_EDGE('',*,*,#10030,.F.);
#10060 = PLANE('',#10061);
#10061 = AXIS2_PLACEMENT_3D('',#10062,#10063,#10064);
#10062 = CARTESIAN_POINT('',(1.6022E+03,0.,282.));
#10063 = DIRECTION('',(0.,0.,1.));
#10064 = DIRECTION('',(1.,0.,0.));
#10065 = MANIFOLD_SOLID_BREP('',#10066);
#10066 = CLOSED_SHELL('',(#10067,#10107,#10147,#10169,#10191,#10203));
#10067 = ADVANCED_FACE('',(#10068),#10102,.F.);
#10068 = FACE_BOUND('',#10069,.F.);
#10069 = EDGE_LOOP('',(#10070,#10080,#10088,#10096));
#10070 = ORIENTED_EDGE('',*,*,#10071,.F.);
#10071 = EDGE_CURVE('',#10072,#10074,#10076,.T.);
#10072 = VERTEX_POINT('',#10073);
#10073 = CARTESIAN_POINT('',(2.2093E+03,0.,102.));
#10074 = VERTEX_POINT('',#10075);
#10075 = CARTESIAN_POINT('',(2.2093E+03,0.,282.));
#10076 = LINE('',#10077,#10078);
#10077 = CARTESIAN_POINT('',(2.2093E+03,0.,102.));
#10078 = VECTOR('',#10079,1.);
#10079 = DIRECTION('',(0.,0.,1.));
#10080 = ORIENTED_EDGE('',*,*,#10081,.T.);
#10081 = EDGE_CURVE('',#10072,#10082,#10084,.T.);
#10082 = VERTEX_POINT('',#10083);
#10083 = CARTESIAN_POINT('',(2.2093E+03,500.,102.));
#10084 = LINE('',#10085,#10086);
#10085 = CARTESIAN_POINT('',(2.2093E+03,0.,102.));
#10086 = VECTOR('',#10087,1.);
#10087 = DIRECTION('',(0.,1.,0.));
#10088 = ORIENTED_EDGE('',*,*,#10089,.T.);
#10089 = EDGE_CURVE('',#10082,#10090,#10092,.T.);
#10090 = VERTEX_POINT('',#10091);
#10091 = CARTESIAN_POINT('',(2.2093E+03,500.,282.));
#10092 = LINE('',#10093,#10094);
#10093 = CARTESIAN_POINT('',(2.2093E+03,500.,102.));
#10094 = VECTOR('',#10095,1.);
#10095 = DIRECTION('',(0.,0.,1.));
#10096 = ORIENTED_EDGE('',*,*,#10097,.F.);
#10097 = EDGE_CURVE('',#10074,#10090,#10098,.T.);
#10098 = LINE('',#10099,#10100);
#10099 = CARTESIAN_POINT('',(2.2093E+03,0.,282.));
#10100 = VECTOR('',#10101,1.);
#10101 = DIRECTION('',(0.,1.,0.));
#10102 = PLANE('',#10103);
#10103 = AXIS2_PLACEMENT_3D('',#10104,#10105,#10106);
#10104 = CARTESIAN_POINT('',(2.2093E+03,0.,102.));
#10105 = DIRECTION('',(1.,0.,0.));
#10106 = DIRECTION('',(0.,0.,1.));
#10107 = ADVANCED_FACE('',(#10108),#10142,.T.);
#10108 = FACE_BOUND('',#10109,.T.);
#10109 = EDGE_LOOP('',(#10110,#10120,#10128,#10136));
#10110 = ORIENTED_EDGE('',*,*,#10111,.F.);
#10111 = EDGE_CURVE('',#10112,#10114,#10116,.T.);
#10112 = VERTEX_POINT('',#10113);
#10113 = CARTESIAN_POINT('',(2.2273E+03,0.,102.));
#10114 = VERTEX_POINT('',#10115);
#10115 = CARTESIAN_POINT('',(2.2273E+03,0.,282.));
#10116 = LINE('',#10117,#10118);
#10117 = CARTESIAN_POINT('',(2.2273E+03,0.,102.));
#10118 = VECTOR('',#10119,1.);
#10119 = DIRECTION('',(0.,0.,1.));
#10120 = ORIENTED_EDGE('',*,*,#10121,.T.);
#10121 = EDGE_CURVE('',#10112,#10122,#10124,.T.);
#10122 = VERTEX_POINT('',#10123);
#10123 = CARTESIAN_POINT('',(2.2273E+03,500.,102.));
#10124 = LINE('',#10125,#10126);
#10125 = CARTESIAN_POINT('',(2.2273E+03,0.,102.));
#10126 = VECTOR('',#10127,1.);
#10127 = DIRECTION('',(0.,1.,0.));
#10128 = ORIENTED_EDGE('',*,*,#10129,.T.);
#10129 = EDGE_CURVE('',#10122,#10130,#10132,.T.);
#10130 = VERTEX_POINT('',#10131);
#10131 = CARTESIAN_POINT('',(2.2273E+03,500.,282.));
#10132 = LINE('',#10133,#10134);
#10133 = CARTESIAN_POINT('',(2.2273E+03,500.,102.));
#10134 = VECTOR('',#10135,1.);
#10135 = DIRECTION('',(0.,0.,1.));
#10136 = ORIENTED_EDGE('',*,*,#10137,.F.);
#10137 = EDGE_CURVE('',#10114,#10130,#10138,.T.);
#10138 = LINE('',#10139,#10140);
#10139 = CARTESIAN_POINT('',(2.2273E+03,0.,282.));
#10140 = VECTOR('',#10141,1.);
#10141 = DIRECTION('',(0.,1.,0.));
#10142 = PLANE('',#10143);
#10143 = AXIS2_PLACEMENT_3D('',#10144,#10145,#10146);
#10144 = CARTESIAN_POINT('',(2.2273E+03,0.,102.));
#10145 = DIRECTION('',(1.,0.,0.));
#10146 = DIRECTION('',(0.,0.,1.));
#10147 = ADVANCED_FACE('',(#10148),#10164,.F.);
#10148 = FACE_BOUND('',#10149,.F.);
#10149 = EDGE_LOOP('',(#10150,#10156,#10157,#10163));
#10150 = ORIENTED_EDGE('',*,*,#10151,.F.);
#10151 = EDGE_CURVE('',#10072,#10112,#10152,.T.);
#10152 = LINE('',#10153,#10154);
#10153 = CARTESIAN_POINT('',(2.2093E+03,0.,102.));
#10154 = VECTOR('',#10155,1.);
#10155 = DIRECTION('',(1.,0.,0.));
#10156 = ORIENTED_EDGE('',*,*,#10071,.T.);
#10157 = ORIENTED_EDGE('',*,*,#10158,.T.);
#10158 = EDGE_CURVE('',#10074,#10114,#10159,.T.);
#10159 = LINE('',#10160,#10161);
#10160 = CARTESIAN_POINT('',(2.2093E+03,0.,282.));
#10161 = VECTOR('',#10162,1.);
#10162 = DIRECTION('',(1.,0.,0.));
#10163 = ORIENTED_EDGE('',*,*,#10111,.F.);
#10164 = PLANE('',#10165);
#10165 = AXIS2_PLACEMENT_3D('',#10166,#10167,#10168);
#10166 = CARTESIAN_POINT('',(2.2093E+03,0.,102.));
#10167 = DIRECTION('',(0.,1.,0.));
#10168 = DIRECTION('',(0.,0.,1.));
#10169 = ADVANCED_FACE('',(#10170),#10186,.T.);
#10170 = FACE_BOUND('',#10171,.T.);
#10171 = EDGE_LOOP('',(#10172,#10178,#10179,#10185));
#10172 = ORIENTED_EDGE('',*,*,#10173,.F.);
#10173 = EDGE_CURVE('',#10082,#10122,#10174,.T.);
#10174 = LINE('',#10175,#10176);
#10175 = CARTESIAN_POINT('',(2.2093E+03,500.,102.));
#10176 = VECTOR('',#10177,1.);
#10177 = DIRECTION('',(1.,0.,0.));
#10178 = ORIENTED_EDGE('',*,*,#10089,.T.);
#10179 = ORIENTED_EDGE('',*,*,#10180,.T.);
#10180 = EDGE_CURVE('',#10090,#10130,#10181,.T.);
#10181 = LINE('',#10182,#10183);
#10182 = CARTESIAN_POINT('',(2.2093E+03,500.,282.));
#10183 = VECTOR('',#10184,1.);
#10184 = DIRECTION('',(1.,0.,0.));
#10185 = ORIENTED_EDGE('',*,*,#10129,.F.);
#10186 = PLANE('',#10187);
#10187 = AXIS2_PLACEMENT_3D('',#10188,#10189,#10190);
#10188 = CARTESIAN_POINT('',(2.2093E+03,500.,102.));
#10189 = DIRECTION('',(0.,1.,0.));
#10190 = DIRECTION('',(0.,0.,1.));
#10191 = ADVANCED_FACE('',(#10192),#10198,.F.);
#10192 = FACE_BOUND('',#10193,.F.);
#10193 = EDGE_LOOP('',(#10194,#10195,#10196,#10197));
#10194 = ORIENTED_EDGE('',*,*,#10081,.F.);
#10195 = ORIENTED_EDGE('',*,*,#10151,.T.);
#10196 = ORIENTED_EDGE('',*,*,#10121,.T.);
#10197 = ORIENTED_EDGE('',*,*,#10173,.F.);
#10198 = PLANE('',#10199);
#10199 = AXIS2_PLACEMENT_3D('',#10200,#10201,#10202);
#10200 = CARTESIAN_POINT('',(2.2093E+03,0.,102.));
#10201 = DIRECTION('',(0.,0.,1.));
#10202 = DIRECTION('',(1.,0.,0.));
#10203 = ADVANCED_FACE('',(#10204),#10210,.T.);
#10204 = FACE_BOUND('',#10205,.T.);
#10205 = EDGE_LOOP('',(#10206,#10207,#10208,#10209));
#10206 = ORIENTED_EDGE('',*,*,#10097,.F.);
#10207 = ORIENTED_EDGE('',*,*,#10158,.T.);
#10208 = ORIENTED_EDGE('',*,*,#10137,.T.);
#10209 = ORIENTED_EDGE('',*,*,#10180,.F.);
#10210 = PLANE('',#10211);
#10211 = AXIS2_PLACEMENT_3D('',#10212,#10213,#10214);
#10212 = CARTESIAN_POINT('',(2.2093E+03,0.,282.));
#10213 = DIRECTION('',(0.,0.,1.));
#10214 = DIRECTION('',(1.,0.,0.));
#10215 = MANIFOLD_SOLID_BREP('',#10216);
#10216 = CLOSED_SHELL('',(#10217,#10257,#10297,#10319,#10341,#10353));
#10217 = ADVANCED_FACE('',(#10218),#10252,.F.);
#10218 = FACE_BOUND('',#10219,.F.);
#10219 = EDGE_LOOP('',(#10220,#10230,#10238,#10246));
#10220 = ORIENTED_EDGE('',*,*,#10221,.F.);
#10221 = EDGE_CURVE('',#10222,#10224,#10226,.T.);
#10222 = VERTEX_POINT('',#10223);
#10223 = CARTESIAN_POINT('',(1.6202E+03,0.,102.));
#10224 = VERTEX_POINT('',#10225);
#10225 = CARTESIAN_POINT('',(1.6202E+03,0.,282.));
#10226 = LINE('',#10227,#10228);
#10227 = CARTESIAN_POINT('',(1.6202E+03,0.,102.));
#10228 = VECTOR('',#10229,1.);
#10229 = DIRECTION('',(0.,0.,1.));
#10230 = ORIENTED_EDGE('',*,*,#10231,.T.);
#10231 = EDGE_CURVE('',#10222,#10232,#10234,.T.);
#10232 = VERTEX_POINT('',#10233);
#10233 = CARTESIAN_POINT('',(1.6202E+03,18.,102.));
#10234 = LINE('',#10235,#10236);
#10235 = CARTESIAN_POINT('',(1.6202E+03,0.,102.));
#10236 = VECTOR('',#10237,1.);
#10237 = DIRECTION('',(0.,1.,0.));
#10238 = ORIENTED_EDGE('',*,*,#10239,.T.);
#10239 = EDGE_CURVE('',#10232,#10240,#10242,.T.);
#10240 = VERTEX_POINT('',#10241);
#10241 = CARTESIAN_POINT('',(1.6202E+03,18.,282.));
#10242 = LINE('',#10243,#10244);
#10243 = CARTESIAN_POINT('',(1.6202E+03,18.,102.));
#10244 = VECTOR('',#10245,1.);
#10245 = DIRECTION('',(0.,0.,1.));
#10246 = ORIENTED_EDGE('',*,*,#10247,.F.);
#10247 = EDGE_CURVE('',#10224,#10240,#10248,.T.);
#10248 = LINE('',#10249,#10250);
#10249 = CARTESIAN_POINT('',(1.6202E+03,0.,282.));
#10250 = VECTOR('',#10251,1.);
#10251 = DIRECTION('',(0.,1.,0.));
#10252 = PLANE('',#10253);
#10253 = AXIS2_PLACEMENT_3D('',#10254,#10255,#10256);
#10254 = CARTESIAN_POINT('',(1.6202E+03,0.,102.));
#10255 = DIRECTION('',(1.,0.,0.));
#10256 = DIRECTION('',(0.,0.,1.));
#10257 = ADVANCED_FACE('',(#10258),#10292,.T.);
#10258 = FACE_BOUND('',#10259,.T.);
#10259 = EDGE_LOOP('',(#10260,#10270,#10278,#10286));
#10260 = ORIENTED_EDGE('',*,*,#10261,.F.);
#10261 = EDGE_CURVE('',#10262,#10264,#10266,.T.);
#10262 = VERTEX_POINT('',#10263);
#10263 = CARTESIAN_POINT('',(2.2093E+03,0.,102.));
#10264 = VERTEX_POINT('',#10265);
#10265 = CARTESIAN_POINT('',(2.2093E+03,0.,282.));
#10266 = LINE('',#10267,#10268);
#10267 = CARTESIAN_POINT('',(2.2093E+03,0.,102.));
#10268 = VECTOR('',#10269,1.);
#10269 = DIRECTION('',(0.,0.,1.));
#10270 = ORIENTED_EDGE('',*,*,#10271,.T.);
#10271 = EDGE_CURVE('',#10262,#10272,#10274,.T.);
#10272 = VERTEX_POINT('',#10273);
#10273 = CARTESIAN_POINT('',(2.2093E+03,18.,102.));
#10274 = LINE('',#10275,#10276);
#10275 = CARTESIAN_POINT('',(2.2093E+03,0.,102.));
#10276 = VECTOR('',#10277,1.);
#10277 = DIRECTION('',(0.,1.,0.));
#10278 = ORIENTED_EDGE('',*,*,#10279,.T.);
#10279 = EDGE_CURVE('',#10272,#10280,#10282,.T.);
#10280 = VERTEX_POINT('',#10281);
#10281 = CARTESIAN_POINT('',(2.2093E+03,18.,282.));
#10282 = LINE('',#10283,#10284);
#10283 = CARTESIAN_POINT('',(2.2093E+03,18.,102.));
#10284 = VECTOR('',#10285,1.);
#10285 = DIRECTION('',(0.,0.,1.));
#10286 = ORIENTED_EDGE('',*,*,#10287,.F.);
#10287 = EDGE_CURVE('',#10264,#10280,#10288,.T.);
#10288 = LINE('',#10289,#10290);
#10289 = CARTESIAN_POINT('',(2.2093E+03,0.,282.));
#10290 = VECTOR('',#10291,1.);
#10291 = DIRECTION('',(0.,1.,0.));
#10292 = PLANE('',#10293);
#10293 = AXIS2_PLACEMENT_3D('',#10294,#10295,#10296);
#10294 = CARTESIAN_POINT('',(2.2093E+03,0.,102.));
#10295 = DIRECTION('',(1.,0.,0.));
#10296 = DIRECTION('',(0.,0.,1.));
#10297 = ADVANCED_FACE('',(#10298),#10314,.F.);
#10298 = FACE_BOUND('',#10299,.F.);
#10299 = EDGE_LOOP('',(#10300,#10306,#10307,#10313));
#10300 = ORIENTED_EDGE('',*,*,#10301,.F.);
#10301 = EDGE_CURVE('',#10222,#10262,#10302,.T.);
#10302 = LINE('',#10303,#10304);
#10303 = CARTESIAN_POINT('',(1.6202E+03,0.,102.));
#10304 = VECTOR('',#10305,1.);
#10305 = DIRECTION('',(1.,0.,0.));
#10306 = ORIENTED_EDGE('',*,*,#10221,.T.);
#10307 = ORIENTED_EDGE('',*,*,#10308,.T.);
#10308 = EDGE_CURVE('',#10224,#10264,#10309,.T.);
#10309 = LINE('',#10310,#10311);
#10310 = CARTESIAN_POINT('',(1.6202E+03,0.,282.));
#10311 = VECTOR('',#10312,1.);
#10312 = DIRECTION('',(1.,0.,0.));
#10313 = ORIENTED_EDGE('',*,*,#10261,.F.);
#10314 = PLANE('',#10315);
#10315 = AXIS2_PLACEMENT_3D('',#10316,#10317,#10318);
#10316 = CARTESIAN_POINT('',(1.6202E+03,0.,102.));
#10317 = DIRECTION('',(0.,1.,0.));
#10318 = DIRECTION('',(0.,0.,1.));
#10319 = ADVANCED_FACE('',(#10320),#10336,.T.);
#10320 = FACE_BOUND('',#10321,.T.);
#10321 = EDGE_LOOP('',(#10322,#10328,#10329,#10335));
#10322 = ORIENTED_EDGE('',*,*,#10323,.F.);
#10323 = EDGE_CURVE('',#10232,#10272,#10324,.T.);
#10324 = LINE('',#10325,#10326);
#10325 = CARTESIAN_POINT('',(1.6202E+03,18.,102.));
#10326 = VECTOR('',#10327,1.);
#10327 = DIRECTION('',(1.,0.,0.));
#10328 = ORIENTED_EDGE('',*,*,#10239,.T.);
#10329 = ORIENTED_EDGE('',*,*,#10330,.T.);
#10330 = EDGE_CURVE('',#10240,#10280,#10331,.T.);
#10331 = LINE('',#10332,#10333);
#10332 = CARTESIAN_POINT('',(1.6202E+03,18.,282.));
#10333 = VECTOR('',#10334,1.);
#10334 = DIRECTION('',(1.,0.,0.));
#10335 = ORIENTED_EDGE('',*,*,#10279,.F.);
#10336 = PLANE('',#10337);
#10337 = AXIS2_PLACEMENT_3D('',#10338,#10339,#10340);
#10338 = CARTESIAN_POINT('',(1.6202E+03,18.,102.));
#10339 = DIRECTION('',(0.,1.,0.));
#10340 = DIRECTION('',(0.,0.,1.));
#10341 = ADVANCED_FACE('',(#10342),#10348,.F.);
#10342 = FACE_BOUND('',#10343,.F.);
#10343 = EDGE_LOOP('',(#10344,#10345,#10346,#10347));
#10344 = ORIENTED_EDGE('',*,*,#10231,.F.);
#10345 = ORIENTED_EDGE('',*,*,#10301,.T.);
#10346 = ORIENTED_EDGE('',*,*,#10271,.T.);
#10347 = ORIENTED_EDGE('',*,*,#10323,.F.);
#10348 = PLANE('',#10349);
#10349 = AXIS2_PLACEMENT_3D('',#10350,#10351,#10352);
#10350 = CARTESIAN_POINT('',(1.6202E+03,0.,102.));
#10351 = DIRECTION('',(0.,0.,1.));
#10352 = DIRECTION('',(1.,0.,0.));
#10353 = ADVANCED_FACE('',(#10354),#10360,.T.);
#10354 = FACE_BOUND('',#10355,.T.);
#10355 = EDGE_LOOP('',(#10356,#10357,#10358,#10359));
#10356 = ORIENTED_EDGE('',*,*,#10247,.F.);
#10357 = ORIENTED_EDGE('',*,*,#10308,.T.);
#10358 = ORIENTED_EDGE('',*,*,#10287,.T.);
#10359 = ORIENTED_EDGE('',*,*,#10330,.F.);
#10360 = PLANE('',#10361);
#10361 = AXIS2_PLACEMENT_3D('',#10362,#10363,#10364);
#10362 = CARTESIAN_POINT('',(1.6202E+03,0.,282.));
#10363 = DIRECTION('',(0.,0.,1.));
#10364 = DIRECTION('',(1.,0.,0.));
#10365 = MANIFOLD_SOLID_BREP('',#10366);
#10366 = CLOSED_SHELL('',(#10367,#10407,#10447,#10469,#10491,#10503));
#10367 = ADVANCED_FACE('',(#10368),#10402,.F.);
#10368 = FACE_BOUND('',#10369,.F.);
#10369 = EDGE_LOOP('',(#10370,#10380,#10388,#10396));
#10370 = ORIENTED_EDGE('',*,*,#10371,.F.);
#10371 = EDGE_CURVE('',#10372,#10374,#10376,.T.);
#10372 = VERTEX_POINT('',#10373);
#10373 = CARTESIAN_POINT('',(1.6202E+03,482.,102.));
#10374 = VERTEX_POINT('',#10375);
#10375 = CARTESIAN_POINT('',(1.6202E+03,482.,282.));
#10376 = LINE('',#10377,#10378);
#10377 = CARTESIAN_POINT('',(1.6202E+03,482.,102.));
#10378 = VECTOR('',#10379,1.);
#10379 = DIRECTION('',(0.,0.,1.));
#10380 = ORIENTED_EDGE('',*,*,#10381,.T.);
#10381 = EDGE_CURVE('',#10372,#10382,#10384,.T.);
#10382 = VERTEX_POINT('',#10383);
#10383 = CARTESIAN_POINT('',(1.6202E+03,500.,102.));
#10384 = LINE('',#10385,#10386);
#10385 = CARTESIAN_POINT('',(1.6202E+03,482.,102.));
#10386 = VECTOR('',#10387,1.);
#10387 = DIRECTION('',(0.,1.,0.));
#10388 = ORIENTED_EDGE('',*,*,#10389,.T.);
#10389 = EDGE_CURVE('',#10382,#10390,#10392,.T.);
#10390 = VERTEX_POINT('',#10391);
#10391 = CARTESIAN_POINT('',(1.6202E+03,500.,282.));
#10392 = LINE('',#10393,#10394);
#10393 = CARTESIAN_POINT('',(1.6202E+03,500.,102.));
#10394 = VECTOR('',#10395,1.);
#10395 = DIRECTION('',(0.,0.,1.));
#10396 = ORIENTED_EDGE('',*,*,#10397,.F.);
#10397 = EDGE_CURVE('',#10374,#10390,#10398,.T.);
#10398 = LINE('',#10399,#10400);
#10399 = CARTESIAN_POINT('',(1.6202E+03,482.,282.));
#10400 = VECTOR('',#10401,1.);
#10401 = DIRECTION('',(0.,1.,0.));
#10402 = PLANE('',#10403);
#10403 = AXIS2_PLACEMENT_3D('',#10404,#10405,#10406);
#10404 = CARTESIAN_POINT('',(1.6202E+03,482.,102.));
#10405 = DIRECTION('',(1.,0.,0.));
#10406 = DIRECTION('',(0.,0.,1.));
#10407 = ADVANCED_FACE('',(#10408),#10442,.T.);
#10408 = FACE_BOUND('',#10409,.T.);
#10409 = EDGE_LOOP('',(#10410,#10420,#10428,#10436));
#10410 = ORIENTED_EDGE('',*,*,#10411,.F.);
#10411 = EDGE_CURVE('',#10412,#10414,#10416,.T.);
#10412 = VERTEX_POINT('',#10413);
#10413 = CARTESIAN_POINT('',(2.2093E+03,482.,102.));
#10414 = VERTEX_POINT('',#10415);
#10415 = CARTESIAN_POINT('',(2.2093E+03,482.,282.));
#10416 = LINE('',#10417,#10418);
#10417 = CARTESIAN_POINT('',(2.2093E+03,482.,102.));
#10418 = VECTOR('',#10419,1.);
#10419 = DIRECTION('',(0.,0.,1.));
#10420 = ORIENTED_EDGE('',*,*,#10421,.T.);
#10421 = EDGE_CURVE('',#10412,#10422,#10424,.T.);
#10422 = VERTEX_POINT('',#10423);
#10423 = CARTESIAN_POINT('',(2.2093E+03,500.,102.));
#10424 = LINE('',#10425,#10426);
#10425 = CARTESIAN_POINT('',(2.2093E+03,482.,102.));
#10426 = VECTOR('',#10427,1.);
#10427 = DIRECTION('',(0.,1.,0.));
#10428 = ORIENTED_EDGE('',*,*,#10429,.T.);
#10429 = EDGE_CURVE('',#10422,#10430,#10432,.T.);
#10430 = VERTEX_POINT('',#10431);
#10431 = CARTESIAN_POINT('',(2.2093E+03,500.,282.));
#10432 = LINE('',#10433,#10434);
#10433 = CARTESIAN_POINT('',(2.2093E+03,500.,102.));
#10434 = VECTOR('',#10435,1.);
#10435 = DIRECTION('',(0.,0.,1.));
#10436 = ORIENTED_EDGE('',*,*,#10437,.F.);
#10437 = EDGE_CURVE('',#10414,#10430,#10438,.T.);
#10438 = LINE('',#10439,#10440);
#10439 = CARTESIAN_POINT('',(2.2093E+03,482.,282.));
#10440 = VECTOR('',#10441,1.);
#10441 = DIRECTION('',(0.,1.,0.));
#10442 = PLANE('',#10443);
#10443 = AXIS2_PLACEMENT_3D('',#10444,#10445,#10446);
#10444 = CARTESIAN_POINT('',(2.2093E+03,482.,102.));
#10445 = DIRECTION('',(1.,0.,0.));
#10446 = DIRECTION('',(0.,0.,1.));
#10447 = ADVANCED_FACE('',(#10448),#10464,.F.);
#10448 = FACE_BOUND('',#10449,.F.);
#10449 = EDGE_LOOP('',(#10450,#10456,#10457,#10463));
#10450 = ORIENTED_EDGE('',*,*,#10451,.F.);
#10451 = EDGE_CURVE('',#10372,#10412,#10452,.T.);
#10452 = LINE('',#10453,#10454);
#10453 = CARTESIAN_POINT('',(1.6202E+03,482.,102.));
#10454 = VECTOR('',#10455,1.);
#10455 = DIRECTION('',(1.,0.,0.));
#10456 = ORIENTED_EDGE('',*,*,#10371,.T.);
#10457 = ORIENTED_EDGE('',*,*,#10458,.T.);
#10458 = EDGE_CURVE('',#10374,#10414,#10459,.T.);
#10459 = LINE('',#10460,#10461);
#10460 = CARTESIAN_POINT('',(1.6202E+03,482.,282.));
#10461 = VECTOR('',#10462,1.);
#10462 = DIRECTION('',(1.,0.,0.));
#10463 = ORIENTED_EDGE('',*,*,#10411,.F.);
#10464 = PLANE('',#10465);
#10465 = AXIS2_PLACEMENT_3D('',#10466,#10467,#10468);
#10466 = CARTESIAN_POINT('',(1.6202E+03,482.,102.));
#10467 = DIRECTION('',(0.,1.,0.));
#10468 = DIRECTION('',(0.,0.,1.));
#10469 = ADVANCED_FACE('',(#10470),#10486,.T.);
#10470 = FACE_BOUND('',#10471,.T.);
#10471 = EDGE_LOOP('',(#10472,#10478,#10479,#10485));
#10472 = ORIENTED_EDGE('',*,*,#10473,.F.);
#10473 = EDGE_CURVE('',#10382,#10422,#10474,.T.);
#10474 = LINE('',#10475,#10476);
#10475 = CARTESIAN_POINT('',(1.6202E+03,500.,102.));
#10476 = VECTOR('',#10477,1.);
#10477 = DIRECTION('',(1.,0.,0.));
#10478 = ORIENTED_EDGE('',*,*,#10389,.T.);
#10479 = ORIENTED_EDGE('',*,*,#10480,.T.);
#10480 = EDGE_CURVE('',#10390,#10430,#10481,.T.);
#10481 = LINE('',#10482,#10483);
#10482 = CARTESIAN_POINT('',(1.6202E+03,500.,282.));
#10483 = VECTOR('',#10484,1.);
#10484 = DIRECTION('',(1.,0.,0.));
#10485 = ORIENTED_EDGE('',*,*,#10429,.F.);
#10486 = PLANE('',#10487);
#10487 = AXIS2_PLACEMENT_3D('',#10488,#10489,#10490);
#10488 = CARTESIAN_POINT('',(1.6202E+03,500.,102.));
#10489 = DIRECTION('',(0.,1.,0.));
#10490 = DIRECTION('',(0.,0.,1.));
#10491 = ADVANCED_FACE('',(#10492),#10498,.F.);
#10492 = FACE_BOUND('',#10493,.F.);
#10493 = EDGE_LOOP('',(#10494,#10495,#10496,#10497));
#10494 = ORIENTED_EDGE('',*,*,#10381,.F.);
#10495 = ORIENTED_EDGE('',*,*,#10451,.T.);
#10496 = ORIENTED_EDGE('',*,*,#10421,.T.);
#10497 = ORIENTED_EDGE('',*,*,#10473,.F.);
#10498 = PLANE('',#10499);
#10499 = AXIS2_PLACEMENT_3D('',#10500,#10501,#10502);
#10500 = CARTESIAN_POINT('',(1.6202E+03,482.,102.));
#10501 = DIRECTION('',(0.,0.,1.));
#10502 = DIRECTION('',(1.,0.,0.));
#10503 = ADVANCED_FACE('',(#10504),#10510,.T.);
#10504 = FACE_BOUND('',#10505,.T.);
#10505 = EDGE_LOOP('',(#10506,#10507,#10508,#10509));
#10506 = ORIENTED_EDGE('',*,*,#10397,.F.);
#10507 = ORIENTED_EDGE('',*,*,#10458,.T.);
#10508 = ORIENTED_EDGE('',*,*,#10437,.T.);
#10509 = ORIENTED_EDGE('',*,*,#10480,.F.);
#10510 = PLANE('',#10511);
#10511 = AXIS2_PLACEMENT_3D('',#10512,#10513,#10514);
#10512 = CARTESIAN_POINT('',(1.6202E+03,482.,282.));
#10513 = DIRECTION('',(0.,0.,1.));
#10514 = DIRECTION('',(1.,0.,0.));
#10515 = MANIFOLD_SOLID_BREP('',#10516);
#10516 = CLOSED_SHELL('',(#10517,#10557,#10597,#10619,#10641,#10653));
#10517 = ADVANCED_FACE('',(#10518),#10552,.F.);
#10518 = FACE_BOUND('',#10519,.F.);
#10519 = EDGE_LOOP('',(#10520,#10530,#10538,#10546));
#10520 = ORIENTED_EDGE('',*,*,#10521,.F.);
#10521 = EDGE_CURVE('',#10522,#10524,#10526,.T.);
#10522 = VERTEX_POINT('',#10523);
#10523 = CARTESIAN_POINT('',(1.6022E+03,0.,96.));
#10524 = VERTEX_POINT('',#10525);
#10525 = CARTESIAN_POINT('',(1.6022E+03,0.,102.));
#10526 = LINE('',#10527,#10528);
#10527 = CARTESIAN_POINT('',(1.6022E+03,0.,96.));
#10528 = VECTOR('',#10529,1.);
#10529 = DIRECTION('',(0.,0.,1.));
#10530 = ORIENTED_EDGE('',*,*,#10531,.T.);
#10531 = EDGE_CURVE('',#10522,#10532,#10534,.T.);
#10532 = VERTEX_POINT('',#10533);
#10533 = CARTESIAN_POINT('',(1.6022E+03,500.,96.));
#10534 = LINE('',#10535,#10536);
#10535 = CARTESIAN_POINT('',(1.6022E+03,0.,96.));
#10536 = VECTOR('',#10537,1.);
#10537 = DIRECTION('',(0.,1.,0.));
#10538 = ORIENTED_EDGE('',*,*,#10539,.T.);
#10539 = EDGE_CURVE('',#10532,#10540,#10542,.T.);
#10540 = VERTEX_POINT('',#10541);
#10541 = CARTESIAN_POINT('',(1.6022E+03,500.,102.));
#10542 = LINE('',#10543,#10544);
#10543 = CARTESIAN_POINT('',(1.6022E+03,500.,96.));
#10544 = VECTOR('',#10545,1.);
#10545 = DIRECTION('',(0.,0.,1.));
#10546 = ORIENTED_EDGE('',*,*,#10547,.F.);
#10547 = EDGE_CURVE('',#10524,#10540,#10548,.T.);
#10548 = LINE('',#10549,#10550);
#10549 = CARTESIAN_POINT('',(1.6022E+03,0.,102.));
#10550 = VECTOR('',#10551,1.);
#10551 = DIRECTION('',(0.,1.,0.));
#10552 = PLANE('',#10553);
#10553 = AXIS2_PLACEMENT_3D('',#10554,#10555,#10556);
#10554 = CARTESIAN_POINT('',(1.6022E+03,0.,96.));
#10555 = DIRECTION('',(1.,0.,0.));
#10556 = DIRECTION('',(0.,0.,1.));
#10557 = ADVANCED_FACE('',(#10558),#10592,.T.);
#10558 = FACE_BOUND('',#10559,.T.);
#10559 = EDGE_LOOP('',(#10560,#10570,#10578,#10586));
#10560 = ORIENTED_EDGE('',*,*,#10561,.F.);
#10561 = EDGE_CURVE('',#10562,#10564,#10566,.T.);
#10562 = VERTEX_POINT('',#10563);
#10563 = CARTESIAN_POINT('',(2.2273E+03,0.,96.));
#10564 = VERTEX_POINT('',#10565);
#10565 = CARTESIAN_POINT('',(2.2273E+03,0.,102.));
#10566 = LINE('',#10567,#10568);
#10567 = CARTESIAN_POINT('',(2.2273E+03,0.,96.));
#10568 = VECTOR('',#10569,1.);
#10569 = DIRECTION('',(0.,0.,1.));
#10570 = ORIENTED_EDGE('',*,*,#10571,.T.);
#10571 = EDGE_CURVE('',#10562,#10572,#10574,.T.);
#10572 = VERTEX_POINT('',#10573);
#10573 = CARTESIAN_POINT('',(2.2273E+03,500.,96.));
#10574 = LINE('',#10575,#10576);
#10575 = CARTESIAN_POINT('',(2.2273E+03,0.,96.));
#10576 = VECTOR('',#10577,1.);
#10577 = DIRECTION('',(0.,1.,0.));
#10578 = ORIENTED_EDGE('',*,*,#10579,.T.);
#10579 = EDGE_CURVE('',#10572,#10580,#10582,.T.);
#10580 = VERTEX_POINT('',#10581);
#10581 = CARTESIAN_POINT('',(2.2273E+03,500.,102.));
#10582 = LINE('',#10583,#10584);
#10583 = CARTESIAN_POINT('',(2.2273E+03,500.,96.));
#10584 = VECTOR('',#10585,1.);
#10585 = DIRECTION('',(0.,0.,1.));
#10586 = ORIENTED_EDGE('',*,*,#10587,.F.);
#10587 = EDGE_CURVE('',#10564,#10580,#10588,.T.);
#10588 = LINE('',#10589,#10590);
#10589 = CARTESIAN_POINT('',(2.2273E+03,0.,102.));
#10590 = VECTOR('',#10591,1.);
#10591 = DIRECTION('',(0.,1.,0.));
#10592 = PLANE('',#10593);
#10593 = AXIS2_PLACEMENT_3D('',#10594,#10595,#10596);
#10594 = CARTESIAN_POINT('',(2.2273E+03,0.,96.));
#10595 = DIRECTION('',(1.,0.,0.));
#10596 = DIRECTION('',(0.,0.,1.));
#10597 = ADVANCED_FACE('',(#10598),#10614,.F.);
#10598 = FACE_BOUND('',#10599,.F.);
#10599 = EDGE_LOOP('',(#10600,#10606,#10607,#10613));
#10600 = ORIENTED_EDGE('',*,*,#10601,.F.);
#10601 = EDGE_CURVE('',#10522,#10562,#10602,.T.);
#10602 = LINE('',#10603,#10604);
#10603 = CARTESIAN_POINT('',(1.6022E+03,0.,96.));
#10604 = VECTOR('',#10605,1.);
#10605 = DIRECTION('',(1.,0.,0.));
#10606 = ORIENTED_EDGE('',*,*,#10521,.T.);
#10607 = ORIENTED_EDGE('',*,*,#10608,.T.);
#10608 = EDGE_CURVE('',#10524,#10564,#10609,.T.);
#10609 = LINE('',#10610,#10611);
#10610 = CARTESIAN_POINT('',(1.6022E+03,0.,102.));
#10611 = VECTOR('',#10612,1.);
#10612 = DIRECTION('',(1.,0.,0.));
#10613 = ORIENTED_EDGE('',*,*,#10561,.F.);
#10614 = PLANE('',#10615);
#10615 = AXIS2_PLACEMENT_3D('',#10616,#10617,#10618);
#10616 = CARTESIAN_POINT('',(1.6022E+03,0.,96.));
#10617 = DIRECTION('',(0.,1.,0.));
#10618 = DIRECTION('',(0.,0.,1.));
#10619 = ADVANCED_FACE('',(#10620),#10636,.T.);
#10620 = FACE_BOUND('',#10621,.T.);
#10621 = EDGE_LOOP('',(#10622,#10628,#10629,#10635));
#10622 = ORIENTED_EDGE('',*,*,#10623,.F.);
#10623 = EDGE_CURVE('',#10532,#10572,#10624,.T.);
#10624 = LINE('',#10625,#10626);
#10625 = CARTESIAN_POINT('',(1.6022E+03,500.,96.));
#10626 = VECTOR('',#10627,1.);
#10627 = DIRECTION('',(1.,0.,0.));
#10628 = ORIENTED_EDGE('',*,*,#10539,.T.);
#10629 = ORIENTED_EDGE('',*,*,#10630,.T.);
#10630 = EDGE_CURVE('',#10540,#10580,#10631,.T.);
#10631 = LINE('',#10632,#10633);
#10632 = CARTESIAN_POINT('',(1.6022E+03,500.,102.));
#10633 = VECTOR('',#10634,1.);
#10634 = DIRECTION('',(1.,0.,0.));
#10635 = ORIENTED_EDGE('',*,*,#10579,.F.);
#10636 = PLANE('',#10637);
#10637 = AXIS2_PLACEMENT_3D('',#10638,#10639,#10640);
#10638 = CARTESIAN_POINT('',(1.6022E+03,500.,96.));
#10639 = DIRECTION('',(0.,1.,0.));
#10640 = DIRECTION('',(0.,0.,1.));
#10641 = ADVANCED_FACE('',(#10642),#10648,.F.);
#10642 = FACE_BOUND('',#10643,.F.);
#10643 = EDGE_LOOP('',(#10644,#10645,#10646,#10647));
#10644 = ORIENTED_EDGE('',*,*,#10531,.F.);
#10645 = ORIENTED_EDGE('',*,*,#10601,.T.);
#10646 = ORIENTED_EDGE('',*,*,#10571,.T.);
#10647 = ORIENTED_EDGE('',*,*,#10623,.F.);
#10648 = PLANE('',#10649);
#10649 = AXIS2_PLACEMENT_3D('',#10650,#10651,#10652);
#10650 = CARTESIAN_POINT('',(1.6022E+03,0.,96.));
#10651 = DIRECTION('',(0.,0.,1.));
#10652 = DIRECTION('',(1.,0.,0.));
#10653 = ADVANCED_FACE('',(#10654),#10660,.T.);
#10654 = FACE_BOUND('',#10655,.T.);
#10655 = EDGE_LOOP('',(#10656,#10657,#10658,#10659));
#10656 = ORIENTED_EDGE('',*,*,#10547,.F.);
#10657 = ORIENTED_EDGE('',*,*,#10608,.T.);
#10658 = ORIENTED_EDGE('',*,*,#10587,.T.);
#10659 = ORIENTED_EDGE('',*,*,#10630,.F.);
#10660 = PLANE('',#10661);
#10661 = AXIS2_PLACEMENT_3D('',#10662,#10663,#10664);
#10662 = CARTESIAN_POINT('',(1.6022E+03,0.,102.));
#10663 = DIRECTION('',(0.,0.,1.));
#10664 = DIRECTION('',(1.,0.,0.));
#10665 = MANIFOLD_SOLID_BREP('',#10666);
#10666 = CLOSED_SHELL('',(#10667,#10707,#10747,#10769,#10791,#10803));
#10667 = ADVANCED_FACE('',(#10668),#10702,.F.);
#10668 = FACE_BOUND('',#10669,.F.);
#10669 = EDGE_LOOP('',(#10670,#10680,#10688,#10696));
#10670 = ORIENTED_EDGE('',*,*,#10671,.F.);
#10671 = EDGE_CURVE('',#10672,#10674,#10676,.T.);
#10672 = VERTEX_POINT('',#10673);
#10673 = CARTESIAN_POINT('',(903.,24.,672.6));
#10674 = VERTEX_POINT('',#10675);
#10675 = CARTESIAN_POINT('',(903.,24.,745.4));
#10676 = LINE('',#10677,#10678);
#10677 = CARTESIAN_POINT('',(903.,24.,672.6));
#10678 = VECTOR('',#10679,1.);
#10679 = DIRECTION('',(0.,0.,1.));
#10680 = ORIENTED_EDGE('',*,*,#10681,.T.);
#10681 = EDGE_CURVE('',#10672,#10682,#10684,.T.);
#10682 = VERTEX_POINT('',#10683);
#10683 = CARTESIAN_POINT('',(903.,26.,672.6));
#10684 = LINE('',#10685,#10686);
#10685 = CARTESIAN_POINT('',(903.,24.,672.6));
#10686 = VECTOR('',#10687,1.);
#10687 = DIRECTION('',(0.,1.,0.));
#10688 = ORIENTED_EDGE('',*,*,#10689,.T.);
#10689 = EDGE_CURVE('',#10682,#10690,#10692,.T.);
#10690 = VERTEX_POINT('',#10691);
#10691 = CARTESIAN_POINT('',(903.,26.,745.4));
#10692 = LINE('',#10693,#10694);
#10693 = CARTESIAN_POINT('',(903.,26.,672.6));
#10694 = VECTOR('',#10695,1.);
#10695 = DIRECTION('',(0.,0.,1.));
#10696 = ORIENTED_EDGE('',*,*,#10697,.F.);
#10697 = EDGE_CURVE('',#10674,#10690,#10698,.T.);
#10698 = LINE('',#10699,#10700);
#10699 = CARTESIAN_POINT('',(903.,24.,745.4));
#10700 = VECTOR('',#10701,1.);
#10701 = DIRECTION('',(0.,1.,0.));
#10702 = PLANE('',#10703);
#10703 = AXIS2_PLACEMENT_3D('',#10704,#10705,#10706);
#10704 = CARTESIAN_POINT('',(903.,24.,672.6));
#10705 = DIRECTION('',(1.,0.,0.));
#10706 = DIRECTION('',(0.,0.,1.));
#10707 = ADVANCED_FACE('',(#10708),#10742,.T.);
#10708 = FACE_BOUND('',#10709,.T.);
#10709 = EDGE_LOOP('',(#10710,#10720,#10728,#10736));
#10710 = ORIENTED_EDGE('',*,*,#10711,.F.);
#10711 = EDGE_CURVE('',#10712,#10714,#10716,.T.);
#10712 = VERTEX_POINT('',#10713);
#10713 = CARTESIAN_POINT('',(2.258E+03,24.,672.6));
#10714 = VERTEX_POINT('',#10715);
#10715 = CARTESIAN_POINT('',(2.258E+03,24.,745.4));
#10716 = LINE('',#10717,#10718);
#10717 = CARTESIAN_POINT('',(2.258E+03,24.,672.6));
#10718 = VECTOR('',#10719,1.);
#10719 = DIRECTION('',(0.,0.,1.));
#10720 = ORIENTED_EDGE('',*,*,#10721,.T.);
#10721 = EDGE_CURVE('',#10712,#10722,#10724,.T.);
#10722 = VERTEX_POINT('',#10723);
#10723 = CARTESIAN_POINT('',(2.258E+03,26.,672.6));
#10724 = LINE('',#10725,#10726);
#10725 = CARTESIAN_POINT('',(2.258E+03,24.,672.6));
#10726 = VECTOR('',#10727,1.);
#10727 = DIRECTION('',(0.,1.,0.));
#10728 = ORIENTED_EDGE('',*,*,#10729,.T.);
#10729 = EDGE_CURVE('',#10722,#10730,#10732,.T.);
#10730 = VERTEX_POINT('',#10731);
#10731 = CARTESIAN_POINT('',(2.258E+03,26.,745.4));
#10732 = LINE('',#10733,#10734);
#10733 = CARTESIAN_POINT('',(2.258E+03,26.,672.6));
#10734 = VECTOR('',#10735,1.);
#10735 = DIRECTION('',(0.,0.,1.));
#10736 = ORIENTED_EDGE('',*,*,#10737,.F.);
#10737 = EDGE_CURVE('',#10714,#10730,#10738,.T.);
#10738 = LINE('',#10739,#10740);
#10739 = CARTESIAN_POINT('',(2.258E+03,24.,745.4));
#10740 = VECTOR('',#10741,1.);
#10741 = DIRECTION('',(0.,1.,0.));
#10742 = PLANE('',#10743);
#10743 = AXIS2_PLACEMENT_3D('',#10744,#10745,#10746);
#10744 = CARTESIAN_POINT('',(2.258E+03,24.,672.6));
#10745 = DIRECTION('',(1.,0.,0.));
#10746 = DIRECTION('',(0.,0.,1.));
#10747 = ADVANCED_FACE('',(#10748),#10764,.F.);
#10748 = FACE_BOUND('',#10749,.F.);
#10749 = EDGE_LOOP('',(#10750,#10756,#10757,#10763));
#10750 = ORIENTED_EDGE('',*,*,#10751,.F.);
#10751 = EDGE_CURVE('',#10672,#10712,#10752,.T.);
#10752 = LINE('',#10753,#10754);
#10753 = CARTESIAN_POINT('',(903.,24.,672.6));
#10754 = VECTOR('',#10755,1.);
#10755 = DIRECTION('',(1.,0.,0.));
#10756 = ORIENTED_EDGE('',*,*,#10671,.T.);
#10757 = ORIENTED_EDGE('',*,*,#10758,.T.);
#10758 = EDGE_CURVE('',#10674,#10714,#10759,.T.);
#10759 = LINE('',#10760,#10761);
#10760 = CARTESIAN_POINT('',(903.,24.,745.4));
#10761 = VECTOR('',#10762,1.);
#10762 = DIRECTION('',(1.,0.,0.));
#10763 = ORIENTED_EDGE('',*,*,#10711,.F.);
#10764 = PLANE('',#10765);
#10765 = AXIS2_PLACEMENT_3D('',#10766,#10767,#10768);
#10766 = CARTESIAN_POINT('',(903.,24.,672.6));
#10767 = DIRECTION('',(0.,1.,0.));
#10768 = DIRECTION('',(0.,0.,1.));
#10769 = ADVANCED_FACE('',(#10770),#10786,.T.);
#10770 = FACE_BOUND('',#10771,.T.);
#10771 = EDGE_LOOP('',(#10772,#10778,#10779,#10785));
#10772 = ORIENTED_EDGE('',*,*,#10773,.F.);
#10773 = EDGE_CURVE('',#10682,#10722,#10774,.T.);
#10774 = LINE('',#10775,#10776);
#10775 = CARTESIAN_POINT('',(903.,26.,672.6));
#10776 = VECTOR('',#10777,1.);
#10777 = DIRECTION('',(1.,0.,0.));
#10778 = ORIENTED_EDGE('',*,*,#10689,.T.);
#10779 = ORIENTED_EDGE('',*,*,#10780,.T.);
#10780 = EDGE_CURVE('',#10690,#10730,#10781,.T.);
#10781 = LINE('',#10782,#10783);
#10782 = CARTESIAN_POINT('',(903.,26.,745.4));
#10783 = VECTOR('',#10784,1.);
#10784 = DIRECTION('',(1.,0.,0.));
#10785 = ORIENTED_EDGE('',*,*,#10729,.F.);
#10786 = PLANE('',#10787);
#10787 = AXIS2_PLACEMENT_3D('',#10788,#10789,#10790);
#10788 = CARTESIAN_POINT('',(903.,26.,672.6));
#10789 = DIRECTION('',(0.,1.,0.));
#10790 = DIRECTION('',(0.,0.,1.));
#10791 = ADVANCED_FACE('',(#10792),#10798,.F.);
#10792 = FACE_BOUND('',#10793,.F.);
#10793 = EDGE_LOOP('',(#10794,#10795,#10796,#10797));
#10794 = ORIENTED_EDGE('',*,*,#10681,.F.);
#10795 = ORIENTED_EDGE('',*,*,#10751,.T.);
#10796 = ORIENTED_EDGE('',*,*,#10721,.T.);
#10797 = ORIENTED_EDGE('',*,*,#10773,.F.);
#10798 = PLANE('',#10799);
#10799 = AXIS2_PLACEMENT_3D('',#10800,#10801,#10802);
#10800 = CARTESIAN_POINT('',(903.,24.,672.6));
#10801 = DIRECTION('',(0.,0.,1.));
#10802 = DIRECTION('',(1.,0.,0.));
#10803 = ADVANCED_FACE('',(#10804),#10810,.T.);
#10804 = FACE_BOUND('',#10805,.T.);
#10805 = EDGE_LOOP('',(#10806,#10807,#10808,#10809));
#10806 = ORIENTED_EDGE('',*,*,#10697,.F.);
#10807 = ORIENTED_EDGE('',*,*,#10758,.T.);
#10808 = ORIENTED_EDGE('',*,*,#10737,.T.);
#10809 = ORIENTED_EDGE('',*,*,#10780,.F.);
#10810 = PLANE('',#10811);
#10811 = AXIS2_PLACEMENT_3D('',#10812,#10813,#10814);
#10812 = CARTESIAN_POINT('',(903.,24.,745.4));
#10813 = DIRECTION('',(0.,0.,1.));
#10814 = DIRECTION('',(1.,0.,0.));
#10815 = MANIFOLD_SOLID_BREP('',#10816);
#10816 = CLOSED_SHELL('',(#10817,#10857,#10897,#10919,#10941,#10953));
#10817 = ADVANCED_FACE('',(#10818),#10852,.F.);
#10818 = FACE_BOUND('',#10819,.F.);
#10819 = EDGE_LOOP('',(#10820,#10830,#10838,#10846));
#10820 = ORIENTED_EDGE('',*,*,#10821,.F.);
#10821 = EDGE_CURVE('',#10822,#10824,#10826,.T.);
#10822 = VERTEX_POINT('',#10823);
#10823 = CARTESIAN_POINT('',(903.,0.,672.6));
#10824 = VERTEX_POINT('',#10825);
#10825 = CARTESIAN_POINT('',(903.,0.,674.6));
#10826 = LINE('',#10827,#10828);
#10827 = CARTESIAN_POINT('',(903.,0.,672.6));
#10828 = VECTOR('',#10829,1.);
#10829 = DIRECTION('',(0.,0.,1.));
#10830 = ORIENTED_EDGE('',*,*,#10831,.T.);
#10831 = EDGE_CURVE('',#10822,#10832,#10834,.T.);
#10832 = VERTEX_POINT('',#10833);
#10833 = CARTESIAN_POINT('',(903.,26.,672.6));
#10834 = LINE('',#10835,#10836);
#10835 = CARTESIAN_POINT('',(903.,0.,672.6));
#10836 = VECTOR('',#10837,1.);
#10837 = DIRECTION('',(0.,1.,0.));
#10838 = ORIENTED_EDGE('',*,*,#10839,.T.);
#10839 = EDGE_CURVE('',#10832,#10840,#10842,.T.);
#10840 = VERTEX_POINT('',#10841);
#10841 = CARTESIAN_POINT('',(903.,26.,674.6));
#10842 = LINE('',#10843,#10844);
#10843 = CARTESIAN_POINT('',(903.,26.,672.6));
#10844 = VECTOR('',#10845,1.);
#10845 = DIRECTION('',(0.,0.,1.));
#10846 = ORIENTED_EDGE('',*,*,#10847,.F.);
#10847 = EDGE_CURVE('',#10824,#10840,#10848,.T.);
#10848 = LINE('',#10849,#10850);
#10849 = CARTESIAN_POINT('',(903.,0.,674.6));
#10850 = VECTOR('',#10851,1.);
#10851 = DIRECTION('',(0.,1.,0.));
#10852 = PLANE('',#10853);
#10853 = AXIS2_PLACEMENT_3D('',#10854,#10855,#10856);
#10854 = CARTESIAN_POINT('',(903.,0.,672.6));
#10855 = DIRECTION('',(1.,0.,0.));
#10856 = DIRECTION('',(0.,0.,1.));
#10857 = ADVANCED_FACE('',(#10858),#10892,.T.);
#10858 = FACE_BOUND('',#10859,.T.);
#10859 = EDGE_LOOP('',(#10860,#10870,#10878,#10886));
#10860 = ORIENTED_EDGE('',*,*,#10861,.F.);
#10861 = EDGE_CURVE('',#10862,#10864,#10866,.T.);
#10862 = VERTEX_POINT('',#10863);
#10863 = CARTESIAN_POINT('',(2.258E+03,0.,672.6));
#10864 = VERTEX_POINT('',#10865);
#10865 = CARTESIAN_POINT('',(2.258E+03,0.,674.6));
#10866 = LINE('',#10867,#10868);
#10867 = CARTESIAN_POINT('',(2.258E+03,0.,672.6));
#10868 = VECTOR('',#10869,1.);
#10869 = DIRECTION('',(0.,0.,1.));
#10870 = ORIENTED_EDGE('',*,*,#10871,.T.);
#10871 = EDGE_CURVE('',#10862,#10872,#10874,.T.);
#10872 = VERTEX_POINT('',#10873);
#10873 = CARTESIAN_POINT('',(2.258E+03,26.,672.6));
#10874 = LINE('',#10875,#10876);
#10875 = CARTESIAN_POINT('',(2.258E+03,0.,672.6));
#10876 = VECTOR('',#10877,1.);
#10877 = DIRECTION('',(0.,1.,0.));
#10878 = ORIENTED_EDGE('',*,*,#10879,.T.);
#10879 = EDGE_CURVE('',#10872,#10880,#10882,.T.);
#10880 = VERTEX_POINT('',#10881);
#10881 = CARTESIAN_POINT('',(2.258E+03,26.,674.6));
#10882 = LINE('',#10883,#10884);
#10883 = CARTESIAN_POINT('',(2.258E+03,26.,672.6));
#10884 = VECTOR('',#10885,1.);
#10885 = DIRECTION('',(0.,0.,1.));
#10886 = ORIENTED_EDGE('',*,*,#10887,.F.);
#10887 = EDGE_CURVE('',#10864,#10880,#10888,.T.);
#10888 = LINE('',#10889,#10890);
#10889 = CARTESIAN_POINT('',(2.258E+03,0.,674.6));
#10890 = VECTOR('',#10891,1.);
#10891 = DIRECTION('',(0.,1.,0.));
#10892 = PLANE('',#10893);
#10893 = AXIS2_PLACEMENT_3D('',#10894,#10895,#10896);
#10894 = CARTESIAN_POINT('',(2.258E+03,0.,672.6));
#10895 = DIRECTION('',(1.,0.,0.));
#10896 = DIRECTION('',(0.,0.,1.));
#10897 = ADVANCED_FACE('',(#10898),#10914,.F.);
#10898 = FACE_BOUND('',#10899,.F.);
#10899 = EDGE_LOOP('',(#10900,#10906,#10907,#10913));
#10900 = ORIENTED_EDGE('',*,*,#10901,.F.);
#10901 = EDGE_CURVE('',#10822,#10862,#10902,.T.);
#10902 = LINE('',#10903,#10904);
#10903 = CARTESIAN_POINT('',(903.,0.,672.6));
#10904 = VECTOR('',#10905,1.);
#10905 = DIRECTION('',(1.,0.,0.));
#10906 = ORIENTED_EDGE('',*,*,#10821,.T.);
#10907 = ORIENTED_EDGE('',*,*,#10908,.T.);
#10908 = EDGE_CURVE('',#10824,#10864,#10909,.T.);
#10909 = LINE('',#10910,#10911);
#10910 = CARTESIAN_POINT('',(903.,0.,674.6));
#10911 = VECTOR('',#10912,1.);
#10912 = DIRECTION('',(1.,0.,0.));
#10913 = ORIENTED_EDGE('',*,*,#10861,.F.);
#10914 = PLANE('',#10915);
#10915 = AXIS2_PLACEMENT_3D('',#10916,#10917,#10918);
#10916 = CARTESIAN_POINT('',(903.,0.,672.6));
#10917 = DIRECTION('',(0.,1.,0.));
#10918 = DIRECTION('',(0.,0.,1.));
#10919 = ADVANCED_FACE('',(#10920),#10936,.T.);
#10920 = FACE_BOUND('',#10921,.T.);
#10921 = EDGE_LOOP('',(#10922,#10928,#10929,#10935));
#10922 = ORIENTED_EDGE('',*,*,#10923,.F.);
#10923 = EDGE_CURVE('',#10832,#10872,#10924,.T.);
#10924 = LINE('',#10925,#10926);
#10925 = CARTESIAN_POINT('',(903.,26.,672.6));
#10926 = VECTOR('',#10927,1.);
#10927 = DIRECTION('',(1.,0.,0.));
#10928 = ORIENTED_EDGE('',*,*,#10839,.T.);
#10929 = ORIENTED_EDGE('',*,*,#10930,.T.);
#10930 = EDGE_CURVE('',#10840,#10880,#10931,.T.);
#10931 = LINE('',#10932,#10933);
#10932 = CARTESIAN_POINT('',(903.,26.,674.6));
#10933 = VECTOR('',#10934,1.);
#10934 = DIRECTION('',(1.,0.,0.));
#10935 = ORIENTED_EDGE('',*,*,#10879,.F.);
#10936 = PLANE('',#10937);
#10937 = AXIS2_PLACEMENT_3D('',#10938,#10939,#10940);
#10938 = CARTESIAN_POINT('',(903.,26.,672.6));
#10939 = DIRECTION('',(0.,1.,0.));
#10940 = DIRECTION('',(0.,0.,1.));
#10941 = ADVANCED_FACE('',(#10942),#10948,.F.);
#10942 = FACE_BOUND('',#10943,.F.);
#10943 = EDGE_LOOP('',(#10944,#10945,#10946,#10947));
#10944 = ORIENTED_EDGE('',*,*,#10831,.F.);
#10945 = ORIENTED_EDGE('',*,*,#10901,.T.);
#10946 = ORIENTED_EDGE('',*,*,#10871,.T.);
#10947 = ORIENTED_EDGE('',*,*,#10923,.F.);
#10948 = PLANE('',#10949);
#10949 = AXIS2_PLACEMENT_3D('',#10950,#10951,#10952);
#10950 = CARTESIAN_POINT('',(903.,0.,672.6));
#10951 = DIRECTION('',(0.,0.,1.));
#10952 = DIRECTION('',(1.,0.,0.));
#10953 = ADVANCED_FACE('',(#10954),#10960,.T.);
#10954 = FACE_BOUND('',#10955,.T.);
#10955 = EDGE_LOOP('',(#10956,#10957,#10958,#10959));
#10956 = ORIENTED_EDGE('',*,*,#10847,.F.);
#10957 = ORIENTED_EDGE('',*,*,#10908,.T.);
#10958 = ORIENTED_EDGE('',*,*,#10887,.T.);
#10959 = ORIENTED_EDGE('',*,*,#10930,.F.);
#10960 = PLANE('',#10961);
#10961 = AXIS2_PLACEMENT_3D('',#10962,#10963,#10964);
#10962 = CARTESIAN_POINT('',(903.,0.,674.6));
#10963 = DIRECTION('',(0.,0.,1.));
#10964 = DIRECTION('',(1.,0.,0.));
#10965 = MANIFOLD_SOLID_BREP('',#10966);
#10966 = CLOSED_SHELL('',(#10967,#11007,#11047,#11069,#11091,#11103));
#10967 = ADVANCED_FACE('',(#10968),#11002,.F.);
#10968 = FACE_BOUND('',#10969,.F.);
#10969 = EDGE_LOOP('',(#10970,#10980,#10988,#10996));
#10970 = ORIENTED_EDGE('',*,*,#10971,.F.);
#10971 = EDGE_CURVE('',#10972,#10974,#10976,.T.);
#10972 = VERTEX_POINT('',#10973);
#10973 = CARTESIAN_POINT('',(903.,0.,743.4));
#10974 = VERTEX_POINT('',#10975);
#10975 = CARTESIAN_POINT('',(903.,0.,745.4));
#10976 = LINE('',#10977,#10978);
#10977 = CARTESIAN_POINT('',(903.,0.,743.4));
#10978 = VECTOR('',#10979,1.);
#10979 = DIRECTION('',(0.,0.,1.));
#10980 = ORIENTED_EDGE('',*,*,#10981,.T.);
#10981 = EDGE_CURVE('',#10972,#10982,#10984,.T.);
#10982 = VERTEX_POINT('',#10983);
#10983 = CARTESIAN_POINT('',(903.,26.,743.4));
#10984 = LINE('',#10985,#10986);
#10985 = CARTESIAN_POINT('',(903.,0.,743.4));
#10986 = VECTOR('',#10987,1.);
#10987 = DIRECTION('',(0.,1.,0.));
#10988 = ORIENTED_EDGE('',*,*,#10989,.T.);
#10989 = EDGE_CURVE('',#10982,#10990,#10992,.T.);
#10990 = VERTEX_POINT('',#10991);
#10991 = CARTESIAN_POINT('',(903.,26.,745.4));
#10992 = LINE('',#10993,#10994);
#10993 = CARTESIAN_POINT('',(903.,26.,743.4));
#10994 = VECTOR('',#10995,1.);
#10995 = DIRECTION('',(0.,0.,1.));
#10996 = ORIENTED_EDGE('',*,*,#10997,.F.);
#10997 = EDGE_CURVE('',#10974,#10990,#10998,.T.);
#10998 = LINE('',#10999,#11000);
#10999 = CARTESIAN_POINT('',(903.,0.,745.4));
#11000 = VECTOR('',#11001,1.);
#11001 = DIRECTION('',(0.,1.,0.));
#11002 = PLANE('',#11003);
#11003 = AXIS2_PLACEMENT_3D('',#11004,#11005,#11006);
#11004 = CARTESIAN_POINT('',(903.,0.,743.4));
#11005 = DIRECTION('',(1.,0.,0.));
#11006 = DIRECTION('',(0.,0.,1.));
#11007 = ADVANCED_FACE('',(#11008),#11042,.T.);
#11008 = FACE_BOUND('',#11009,.T.);
#11009 = EDGE_LOOP('',(#11010,#11020,#11028,#11036));
#11010 = ORIENTED_EDGE('',*,*,#11011,.F.);
#11011 = EDGE_CURVE('',#11012,#11014,#11016,.T.);
#11012 = VERTEX_POINT('',#11013);
#11013 = CARTESIAN_POINT('',(2.258E+03,0.,743.4));
#11014 = VERTEX_POINT('',#11015);
#11015 = CARTESIAN_POINT('',(2.258E+03,0.,745.4));
#11016 = LINE('',#11017,#11018);
#11017 = CARTESIAN_POINT('',(2.258E+03,0.,743.4));
#11018 = VECTOR('',#11019,1.);
#11019 = DIRECTION('',(0.,0.,1.));
#11020 = ORIENTED_EDGE('',*,*,#11021,.T.);
#11021 = EDGE_CURVE('',#11012,#11022,#11024,.T.);
#11022 = VERTEX_POINT('',#11023);
#11023 = CARTESIAN_POINT('',(2.258E+03,26.,743.4));
#11024 = LINE('',#11025,#11026);
#11025 = CARTESIAN_POINT('',(2.258E+03,0.,743.4));
#11026 = VECTOR('',#11027,1.);
#11027 = DIRECTION('',(0.,1.,0.));
#11028 = ORIENTED_EDGE('',*,*,#11029,.T.);
#11029 = EDGE_CURVE('',#11022,#11030,#11032,.T.);
#11030 = VERTEX_POINT('',#11031);
#11031 = CARTESIAN_POINT('',(2.258E+03,26.,745.4));
#11032 = LINE('',#11033,#11034);
#11033 = CARTESIAN_POINT('',(2.258E+03,26.,743.4));
#11034 = VECTOR('',#11035,1.);
#11035 = DIRECTION('',(0.,0.,1.));
#11036 = ORIENTED_EDGE('',*,*,#11037,.F.);
#11037 = EDGE_CURVE('',#11014,#11030,#11038,.T.);
#11038 = LINE('',#11039,#11040);
#11039 = CARTESIAN_POINT('',(2.258E+03,0.,745.4));
#11040 = VECTOR('',#11041,1.);
#11041 = DIRECTION('',(0.,1.,0.));
#11042 = PLANE('',#11043);
#11043 = AXIS2_PLACEMENT_3D('',#11044,#11045,#11046);
#11044 = CARTESIAN_POINT('',(2.258E+03,0.,743.4));
#11045 = DIRECTION('',(1.,0.,0.));
#11046 = DIRECTION('',(0.,0.,1.));
#11047 = ADVANCED_FACE('',(#11048),#11064,.F.);
#11048 = FACE_BOUND('',#11049,.F.);
#11049 = EDGE_LOOP('',(#11050,#11056,#11057,#11063));
#11050 = ORIENTED_EDGE('',*,*,#11051,.F.);
#11051 = EDGE_CURVE('',#10972,#11012,#11052,.T.);
#11052 = LINE('',#11053,#11054);
#11053 = CARTESIAN_POINT('',(903.,0.,743.4));
#11054 = VECTOR('',#11055,1.);
#11055 = DIRECTION('',(1.,0.,0.));
#11056 = ORIENTED_EDGE('',*,*,#10971,.T.);
#11057 = ORIENTED_EDGE('',*,*,#11058,.T.);
#11058 = EDGE_CURVE('',#10974,#11014,#11059,.T.);
#11059 = LINE('',#11060,#11061);
#11060 = CARTESIAN_POINT('',(903.,0.,745.4));
#11061 = VECTOR('',#11062,1.);
#11062 = DIRECTION('',(1.,0.,0.));
#11063 = ORIENTED_EDGE('',*,*,#11011,.F.);
#11064 = PLANE('',#11065);
#11065 = AXIS2_PLACEMENT_3D('',#11066,#11067,#11068);
#11066 = CARTESIAN_POINT('',(903.,0.,743.4));
#11067 = DIRECTION('',(0.,1.,0.));
#11068 = DIRECTION('',(0.,0.,1.));
#11069 = ADVANCED_FACE('',(#11070),#11086,.T.);
#11070 = FACE_BOUND('',#11071,.T.);
#11071 = EDGE_LOOP('',(#11072,#11078,#11079,#11085));
#11072 = ORIENTED_EDGE('',*,*,#11073,.F.);
#11073 = EDGE_CURVE('',#10982,#11022,#11074,.T.);
#11074 = LINE('',#11075,#11076);
#11075 = CARTESIAN_POINT('',(903.,26.,743.4));
#11076 = VECTOR('',#11077,1.);
#11077 = DIRECTION('',(1.,0.,0.));
#11078 = ORIENTED_EDGE('',*,*,#10989,.T.);
#11079 = ORIENTED_EDGE('',*,*,#11080,.T.);
#11080 = EDGE_CURVE('',#10990,#11030,#11081,.T.);
#11081 = LINE('',#11082,#11083);
#11082 = CARTESIAN_POINT('',(903.,26.,745.4));
#11083 = VECTOR('',#11084,1.);
#11084 = DIRECTION('',(1.,0.,0.));
#11085 = ORIENTED_EDGE('',*,*,#11029,.F.);
#11086 = PLANE('',#11087);
#11087 = AXIS2_PLACEMENT_3D('',#11088,#11089,#11090);
#11088 = CARTESIAN_POINT('',(903.,26.,743.4));
#11089 = DIRECTION('',(0.,1.,0.));
#11090 = DIRECTION('',(0.,0.,1.));
#11091 = ADVANCED_FACE('',(#11092),#11098,.F.);
#11092 = FACE_BOUND('',#11093,.F.);
#11093 = EDGE_LOOP('',(#11094,#11095,#11096,#11097));
#11094 = ORIENTED_EDGE('',*,*,#10981,.F.);
#11095 = ORIENTED_EDGE('',*,*,#11051,.T.);
#11096 = ORIENTED_EDGE('',*,*,#11021,.T.);
#11097 = ORIENTED_EDGE('',*,*,#11073,.F.);
#11098 = PLANE('',#11099);
#11099 = AXIS2_PLACEMENT_3D('',#11100,#11101,#11102);
#11100 = CARTESIAN_POINT('',(903.,0.,743.4));
#11101 = DIRECTION('',(0.,0.,1.));
#11102 = DIRECTION('',(1.,0.,0.));
#11103 = ADVANCED_FACE('',(#11104),#11110,.T.);
#11104 = FACE_BOUND('',#11105,.T.);
#11105 = EDGE_LOOP('',(#11106,#11107,#11108,#11109));
#11106 = ORIENTED_EDGE('',*,*,#10997,.F.);
#11107 = ORIENTED_EDGE('',*,*,#11058,.T.);
#11108 = ORIENTED_EDGE('',*,*,#11037,.T.);
#11109 = ORIENTED_EDGE('',*,*,#11080,.F.);
#11110 = PLANE('',#11111);
#11111 = AXIS2_PLACEMENT_3D('',#11112,#11113,#11114);
#11112 = CARTESIAN_POINT('',(903.,0.,745.4));
#11113 = DIRECTION('',(0.,0.,1.));
#11114 = DIRECTION('',(1.,0.,0.));
#11115 = MANIFOLD_SOLID_BREP('',#11116);
#11116 = CLOSED_SHELL('',(#11117,#11157,#11197,#11219,#11241,#11253));
#11117 = ADVANCED_FACE('',(#11118),#11152,.F.);
#11118 = FACE_BOUND('',#11119,.F.);
#11119 = EDGE_LOOP('',(#11120,#11130,#11138,#11146));
#11120 = ORIENTED_EDGE('',*,*,#11121,.F.);
#11121 = EDGE_CURVE('',#11122,#11124,#11126,.T.);
#11122 = VERTEX_POINT('',#11123);
#11123 = CARTESIAN_POINT('',(903.,0.,674.6));
#11124 = VERTEX_POINT('',#11125);
#11125 = CARTESIAN_POINT('',(903.,0.,684.6));
#11126 = LINE('',#11127,#11128);
#11127 = CARTESIAN_POINT('',(903.,0.,674.6));
#11128 = VECTOR('',#11129,1.);
#11129 = DIRECTION('',(0.,0.,1.));
#11130 = ORIENTED_EDGE('',*,*,#11131,.T.);
#11131 = EDGE_CURVE('',#11122,#11132,#11134,.T.);
#11132 = VERTEX_POINT('',#11133);
#11133 = CARTESIAN_POINT('',(903.,2.,674.6));
#11134 = LINE('',#11135,#11136);
#11135 = CARTESIAN_POINT('',(903.,0.,674.6));
#11136 = VECTOR('',#11137,1.);
#11137 = DIRECTION('',(0.,1.,0.));
#11138 = ORIENTED_EDGE('',*,*,#11139,.T.);
#11139 = EDGE_CURVE('',#11132,#11140,#11142,.T.);
#11140 = VERTEX_POINT('',#11141);
#11141 = CARTESIAN_POINT('',(903.,2.,684.6));
#11142 = LINE('',#11143,#11144);
#11143 = CARTESIAN_POINT('',(903.,2.,674.6));
#11144 = VECTOR('',#11145,1.);
#11145 = DIRECTION('',(0.,0.,1.));
#11146 = ORIENTED_EDGE('',*,*,#11147,.F.);
#11147 = EDGE_CURVE('',#11124,#11140,#11148,.T.);
#11148 = LINE('',#11149,#11150);
#11149 = CARTESIAN_POINT('',(903.,0.,684.6));
#11150 = VECTOR('',#11151,1.);
#11151 = DIRECTION('',(0.,1.,0.));
#11152 = PLANE('',#11153);
#11153 = AXIS2_PLACEMENT_3D('',#11154,#11155,#11156);
#11154 = CARTESIAN_POINT('',(903.,0.,674.6));
#11155 = DIRECTION('',(1.,0.,0.));
#11156 = DIRECTION('',(0.,0.,1.));
#11157 = ADVANCED_FACE('',(#11158),#11192,.T.);
#11158 = FACE_BOUND('',#11159,.T.);
#11159 = EDGE_LOOP('',(#11160,#11170,#11178,#11186));
#11160 = ORIENTED_EDGE('',*,*,#11161,.F.);
#11161 = EDGE_CURVE('',#11162,#11164,#11166,.T.);
#11162 = VERTEX_POINT('',#11163);
#11163 = CARTESIAN_POINT('',(2.258E+03,0.,674.6));
#11164 = VERTEX_POINT('',#11165);
#11165 = CARTESIAN_POINT('',(2.258E+03,0.,684.6));
#11166 = LINE('',#11167,#11168);
#11167 = CARTESIAN_POINT('',(2.258E+03,0.,674.6));
#11168 = VECTOR('',#11169,1.);
#11169 = DIRECTION('',(0.,0.,1.));
#11170 = ORIENTED_EDGE('',*,*,#11171,.T.);
#11171 = EDGE_CURVE('',#11162,#11172,#11174,.T.);
#11172 = VERTEX_POINT('',#11173);
#11173 = CARTESIAN_POINT('',(2.258E+03,2.,674.6));
#11174 = LINE('',#11175,#11176);
#11175 = CARTESIAN_POINT('',(2.258E+03,0.,674.6));
#11176 = VECTOR('',#11177,1.);
#11177 = DIRECTION('',(0.,1.,0.));
#11178 = ORIENTED_EDGE('',*,*,#11179,.T.);
#11179 = EDGE_CURVE('',#11172,#11180,#11182,.T.);
#11180 = VERTEX_POINT('',#11181);
#11181 = CARTESIAN_POINT('',(2.258E+03,2.,684.6));
#11182 = LINE('',#11183,#11184);
#11183 = CARTESIAN_POINT('',(2.258E+03,2.,674.6));
#11184 = VECTOR('',#11185,1.);
#11185 = DIRECTION('',(0.,0.,1.));
#11186 = ORIENTED_EDGE('',*,*,#11187,.F.);
#11187 = EDGE_CURVE('',#11164,#11180,#11188,.T.);
#11188 = LINE('',#11189,#11190);
#11189 = CARTESIAN_POINT('',(2.258E+03,0.,684.6));
#11190 = VECTOR('',#11191,1.);
#11191 = DIRECTION('',(0.,1.,0.));
#11192 = PLANE('',#11193);
#11193 = AXIS2_PLACEMENT_3D('',#11194,#11195,#11196);
#11194 = CARTESIAN_POINT('',(2.258E+03,0.,674.6));
#11195 = DIRECTION('',(1.,0.,0.));
#11196 = DIRECTION('',(0.,0.,1.));
#11197 = ADVANCED_FACE('',(#11198),#11214,.F.);
#11198 = FACE_BOUND('',#11199,.F.);
#11199 = EDGE_LOOP('',(#11200,#11206,#11207,#11213));
#11200 = ORIENTED_EDGE('',*,*,#11201,.F.);
#11201 = EDGE_CURVE('',#11122,#11162,#11202,.T.);
#11202 = LINE('',#11203,#11204);
#11203 = CARTESIAN_POINT('',(903.,0.,674.6));
#11204 = VECTOR('',#11205,1.);
#11205 = DIRECTION('',(1.,0.,0.));
#11206 = ORIENTED_EDGE('',*,*,#11121,.T.);
#11207 = ORIENTED_EDGE('',*,*,#11208,.T.);
#11208 = EDGE_CURVE('',#11124,#11164,#11209,.T.);
#11209 = LINE('',#11210,#11211);
#11210 = CARTESIAN_POINT('',(903.,0.,684.6));
#11211 = VECTOR('',#11212,1.);
#11212 = DIRECTION('',(1.,0.,0.));
#11213 = ORIENTED_EDGE('',*,*,#11161,.F.);
#11214 = PLANE('',#11215);
#11215 = AXIS2_PLACEMENT_3D('',#11216,#11217,#11218);
#11216 = CARTESIAN_POINT('',(903.,0.,674.6));
#11217 = DIRECTION('',(0.,1.,0.));
#11218 = DIRECTION('',(0.,0.,1.));
#11219 = ADVANCED_FACE('',(#11220),#11236,.T.);
#11220 = FACE_BOUND('',#11221,.T.);
#11221 = EDGE_LOOP('',(#11222,#11228,#11229,#11235));
#11222 = ORIENTED_EDGE('',*,*,#11223,.F.);
#11223 = EDGE_CURVE('',#11132,#11172,#11224,.T.);
#11224 = LINE('',#11225,#11226);
#11225 = CARTESIAN_POINT('',(903.,2.,674.6));
#11226 = VECTOR('',#11227,1.);
#11227 = DIRECTION('',(1.,0.,0.));
#11228 = ORIENTED_EDGE('',*,*,#11139,.T.);
#11229 = ORIENTED_EDGE('',*,*,#11230,.T.);
#11230 = EDGE_CURVE('',#11140,#11180,#11231,.T.);
#11231 = LINE('',#11232,#11233);
#11232 = CARTESIAN_POINT('',(903.,2.,684.6));
#11233 = VECTOR('',#11234,1.);
#11234 = DIRECTION('',(1.,0.,0.));
#11235 = ORIENTED_EDGE('',*,*,#11179,.F.);
#11236 = PLANE('',#11237);
#11237 = AXIS2_PLACEMENT_3D('',#11238,#11239,#11240);
#11238 = CARTESIAN_POINT('',(903.,2.,674.6));
#11239 = DIRECTION('',(0.,1.,0.));
#11240 = DIRECTION('',(0.,0.,1.));
#11241 = ADVANCED_FACE('',(#11242),#11248,.F.);
#11242 = FACE_BOUND('',#11243,.F.);
#11243 = EDGE_LOOP('',(#11244,#11245,#11246,#11247));
#11244 = ORIENTED_EDGE('',*,*,#11131,.F.);
#11245 = ORIENTED_EDGE('',*,*,#11201,.T.);
#11246 = ORIENTED_EDGE('',*,*,#11171,.T.);
#11247 = ORIENTED_EDGE('',*,*,#11223,.F.);
#11248 = PLANE('',#11249);
#11249 = AXIS2_PLACEMENT_3D('',#11250,#11251,#11252);
#11250 = CARTESIAN_POINT('',(903.,0.,674.6));
#11251 = DIRECTION('',(0.,0.,1.));
#11252 = DIRECTION('',(1.,0.,0.));
#11253 = ADVANCED_FACE('',(#11254),#11260,.T.);
#11254 = FACE_BOUND('',#11255,.T.);
#11255 = EDGE_LOOP('',(#11256,#11257,#11258,#11259));
#11256 = ORIENTED_EDGE('',*,*,#11147,.F.);
#11257 = ORIENTED_EDGE('',*,*,#11208,.T.);
#11258 = ORIENTED_EDGE('',*,*,#11187,.T.);
#11259 = ORIENTED_EDGE('',*,*,#11230,.F.);
#11260 = PLANE('',#11261);
#11261 = AXIS2_PLACEMENT_3D('',#11262,#11263,#11264);
#11262 = CARTESIAN_POINT('',(903.,0.,684.6));
#11263 = DIRECTION('',(0.,0.,1.));
#11264 = DIRECTION('',(1.,0.,0.));
#11265 = MANIFOLD_SOLID_BREP('',#11266);
#11266 = CLOSED_SHELL('',(#11267,#11307,#11347,#11369,#11391,#11403));
#11267 = ADVANCED_FACE('',(#11268),#11302,.F.);
#11268 = FACE_BOUND('',#11269,.F.);
#11269 = EDGE_LOOP('',(#11270,#11280,#11288,#11296));
#11270 = ORIENTED_EDGE('',*,*,#11271,.F.);
#11271 = EDGE_CURVE('',#11272,#11274,#11276,.T.);
#11272 = VERTEX_POINT('',#11273);
#11273 = CARTESIAN_POINT('',(903.,0.,733.4));
#11274 = VERTEX_POINT('',#11275);
#11275 = CARTESIAN_POINT('',(903.,0.,743.4));
#11276 = LINE('',#11277,#11278);
#11277 = CARTESIAN_POINT('',(903.,0.,733.4));
#11278 = VECTOR('',#11279,1.);
#11279 = DIRECTION('',(0.,0.,1.));
#11280 = ORIENTED_EDGE('',*,*,#11281,.T.);
#11281 = EDGE_CURVE('',#11272,#11282,#11284,.T.);
#11282 = VERTEX_POINT('',#11283);
#11283 = CARTESIAN_POINT('',(903.,2.,733.4));
#11284 = LINE('',#11285,#11286);
#11285 = CARTESIAN_POINT('',(903.,0.,733.4));
#11286 = VECTOR('',#11287,1.);
#11287 = DIRECTION('',(0.,1.,0.));
#11288 = ORIENTED_EDGE('',*,*,#11289,.T.);
#11289 = EDGE_CURVE('',#11282,#11290,#11292,.T.);
#11290 = VERTEX_POINT('',#11291);
#11291 = CARTESIAN_POINT('',(903.,2.,743.4));
#11292 = LINE('',#11293,#11294);
#11293 = CARTESIAN_POINT('',(903.,2.,733.4));
#11294 = VECTOR('',#11295,1.);
#11295 = DIRECTION('',(0.,0.,1.));
#11296 = ORIENTED_EDGE('',*,*,#11297,.F.);
#11297 = EDGE_CURVE('',#11274,#11290,#11298,.T.);
#11298 = LINE('',#11299,#11300);
#11299 = CARTESIAN_POINT('',(903.,0.,743.4));
#11300 = VECTOR('',#11301,1.);
#11301 = DIRECTION('',(0.,1.,0.));
#11302 = PLANE('',#11303);
#11303 = AXIS2_PLACEMENT_3D('',#11304,#11305,#11306);
#11304 = CARTESIAN_POINT('',(903.,0.,733.4));
#11305 = DIRECTION('',(1.,0.,0.));
#11306 = DIRECTION('',(0.,0.,1.));
#11307 = ADVANCED_FACE('',(#11308),#11342,.T.);
#11308 = FACE_BOUND('',#11309,.T.);
#11309 = EDGE_LOOP('',(#11310,#11320,#11328,#11336));
#11310 = ORIENTED_EDGE('',*,*,#11311,.F.);
#11311 = EDGE_CURVE('',#11312,#11314,#11316,.T.);
#11312 = VERTEX_POINT('',#11313);
#11313 = CARTESIAN_POINT('',(2.258E+03,0.,733.4));
#11314 = VERTEX_POINT('',#11315);
#11315 = CARTESIAN_POINT('',(2.258E+03,0.,743.4));
#11316 = LINE('',#11317,#11318);
#11317 = CARTESIAN_POINT('',(2.258E+03,0.,733.4));
#11318 = VECTOR('',#11319,1.);
#11319 = DIRECTION('',(0.,0.,1.));
#11320 = ORIENTED_EDGE('',*,*,#11321,.T.);
#11321 = EDGE_CURVE('',#11312,#11322,#11324,.T.);
#11322 = VERTEX_POINT('',#11323);
#11323 = CARTESIAN_POINT('',(2.258E+03,2.,733.4));
#11324 = LINE('',#11325,#11326);
#11325 = CARTESIAN_POINT('',(2.258E+03,0.,733.4));
#11326 = VECTOR('',#11327,1.);
#11327 = DIRECTION('',(0.,1.,0.));
#11328 = ORIENTED_EDGE('',*,*,#11329,.T.);
#11329 = EDGE_CURVE('',#11322,#11330,#11332,.T.);
#11330 = VERTEX_POINT('',#11331);
#11331 = CARTESIAN_POINT('',(2.258E+03,2.,743.4));
#11332 = LINE('',#11333,#11334);
#11333 = CARTESIAN_POINT('',(2.258E+03,2.,733.4));
#11334 = VECTOR('',#11335,1.);
#11335 = DIRECTION('',(0.,0.,1.));
#11336 = ORIENTED_EDGE('',*,*,#11337,.F.);
#11337 = EDGE_CURVE('',#11314,#11330,#11338,.T.);
#11338 = LINE('',#11339,#11340);
#11339 = CARTESIAN_POINT('',(2.258E+03,0.,743.4));
#11340 = VECTOR('',#11341,1.);
#11341 = DIRECTION('',(0.,1.,0.));
#11342 = PLANE('',#11343);
#11343 = AXIS2_PLACEMENT_3D('',#11344,#11345,#11346);
#11344 = CARTESIAN_POINT('',(2.258E+03,0.,733.4));
#11345 = DIRECTION('',(1.,0.,0.));
#11346 = DIRECTION('',(0.,0.,1.));
#11347 = ADVANCED_FACE('',(#11348),#11364,.F.);
#11348 = FACE_BOUND('',#11349,.F.);
#11349 = EDGE_LOOP('',(#11350,#11356,#11357,#11363));
#11350 = ORIENTED_EDGE('',*,*,#11351,.F.);
#11351 = EDGE_CURVE('',#11272,#11312,#11352,.T.);
#11352 = LINE('',#11353,#11354);
#11353 = CARTESIAN_POINT('',(903.,0.,733.4));
#11354 = VECTOR('',#11355,1.);
#11355 = DIRECTION('',(1.,0.,0.));
#11356 = ORIENTED_EDGE('',*,*,#11271,.T.);
#11357 = ORIENTED_EDGE('',*,*,#11358,.T.);
#11358 = EDGE_CURVE('',#11274,#11314,#11359,.T.);
#11359 = LINE('',#11360,#11361);
#11360 = CARTESIAN_POINT('',(903.,0.,743.4));
#11361 = VECTOR('',#11362,1.);
#11362 = DIRECTION('',(1.,0.,0.));
#11363 = ORIENTED_EDGE('',*,*,#11311,.F.);
#11364 = PLANE('',#11365);
#11365 = AXIS2_PLACEMENT_3D('',#11366,#11367,#11368);
#11366 = CARTESIAN_POINT('',(903.,0.,733.4));
#11367 = DIRECTION('',(0.,1.,0.));
#11368 = DIRECTION('',(0.,0.,1.));
#11369 = ADVANCED_FACE('',(#11370),#11386,.T.);
#11370 = FACE_BOUND('',#11371,.T.);
#11371 = EDGE_LOOP('',(#11372,#11378,#11379,#11385));
#11372 = ORIENTED_EDGE('',*,*,#11373,.F.);
#11373 = EDGE_CURVE('',#11282,#11322,#11374,.T.);
#11374 = LINE('',#11375,#11376);
#11375 = CARTESIAN_POINT('',(903.,2.,733.4));
#11376 = VECTOR('',#11377,1.);
#11377 = DIRECTION('',(1.,0.,0.));
#11378 = ORIENTED_EDGE('',*,*,#11289,.T.);
#11379 = ORIENTED_EDGE('',*,*,#11380,.T.);
#11380 = EDGE_CURVE('',#11290,#11330,#11381,.T.);
#11381 = LINE('',#11382,#11383);
#11382 = CARTESIAN_POINT('',(903.,2.,743.4));
#11383 = VECTOR('',#11384,1.);
#11384 = DIRECTION('',(1.,0.,0.));
#11385 = ORIENTED_EDGE('',*,*,#11329,.F.);
#11386 = PLANE('',#11387);
#11387 = AXIS2_PLACEMENT_3D('',#11388,#11389,#11390);
#11388 = CARTESIAN_POINT('',(903.,2.,733.4));
#11389 = DIRECTION('',(0.,1.,0.));
#11390 = DIRECTION('',(0.,0.,1.));
#11391 = ADVANCED_FACE('',(#11392),#11398,.F.);
#11392 = FACE_BOUND('',#11393,.F.);
#11393 = EDGE_LOOP('',(#11394,#11395,#11396,#11397));
#11394 = ORIENTED_EDGE('',*,*,#11281,.F.);
#11395 = ORIENTED_EDGE('',*,*,#11351,.T.);
#11396 = ORIENTED_EDGE('',*,*,#11321,.T.);
#11397 = ORIENTED_EDGE('',*,*,#11373,.F.);
#11398 = PLANE('',#11399);
#11399 = AXIS2_PLACEMENT_3D('',#11400,#11401,#11402);
#11400 = CARTESIAN_POINT('',(903.,0.,733.4));
#11401 = DIRECTION('',(0.,0.,1.));
#11402 = DIRECTION('',(1.,0.,0.));
#11403 = ADVANCED_FACE('',(#11404),#11410,.T.);
#11404 = FACE_BOUND('',#11405,.T.);
#11405 = EDGE_LOOP('',(#11406,#11407,#11408,#11409));
#11406 = ORIENTED_EDGE('',*,*,#11297,.F.);
#11407 = ORIENTED_EDGE('',*,*,#11358,.T.);
#11408 = ORIENTED_EDGE('',*,*,#11337,.T.);
#11409 = ORIENTED_EDGE('',*,*,#11380,.F.);
#11410 = PLANE('',#11411);
#11411 = AXIS2_PLACEMENT_3D('',#11412,#11413,#11414);
#11412 = CARTESIAN_POINT('',(903.,0.,743.4));
#11413 = DIRECTION('',(0.,0.,1.));
#11414 = DIRECTION('',(1.,0.,0.));
#11415 = MANIFOLD_SOLID_BREP('',#11416);
#11416 = CLOSED_SHELL('',(#11417,#11457,#11497,#11519,#11541,#11553));
#11417 = ADVANCED_FACE('',(#11418),#11452,.F.);
#11418 = FACE_BOUND('',#11419,.F.);
#11419 = EDGE_LOOP('',(#11420,#11430,#11438,#11446));
#11420 = ORIENTED_EDGE('',*,*,#11421,.F.);
#11421 = EDGE_CURVE('',#11422,#11424,#11426,.T.);
#11422 = VERTEX_POINT('',#11423);
#11423 = CARTESIAN_POINT('',(903.,22.4,351.));
#11424 = VERTEX_POINT('',#11425);
#11425 = CARTESIAN_POINT('',(903.,22.4,399.));
#11426 = LINE('',#11427,#11428);
#11427 = CARTESIAN_POINT('',(903.,22.4,351.));
#11428 = VECTOR('',#11429,1.);
#11429 = DIRECTION('',(0.,0.,1.));
#11430 = ORIENTED_EDGE('',*,*,#11431,.T.);
#11431 = EDGE_CURVE('',#11422,#11432,#11434,.T.);
#11432 = VERTEX_POINT('',#11433);
#11433 = CARTESIAN_POINT('',(903.,24.4,351.));
#11434 = LINE('',#11435,#11436);
#11435 = CARTESIAN_POINT('',(903.,22.4,351.));
#11436 = VECTOR('',#11437,1.);
#11437 = DIRECTION('',(0.,1.,0.));
#11438 = ORIENTED_EDGE('',*,*,#11439,.T.);
#11439 = EDGE_CURVE('',#11432,#11440,#11442,.T.);
#11440 = VERTEX_POINT('',#11441);
#11441 = CARTESIAN_POINT('',(903.,24.4,399.));
#11442 = LINE('',#11443,#11444);
#11443 = CARTESIAN_POINT('',(903.,24.4,351.));
#11444 = VECTOR('',#11445,1.);
#11445 = DIRECTION('',(0.,0.,1.));
#11446 = ORIENTED_EDGE('',*,*,#11447,.F.);
#11447 = EDGE_CURVE('',#11424,#11440,#11448,.T.);
#11448 = LINE('',#11449,#11450);
#11449 = CARTESIAN_POINT('',(903.,22.4,399.));
#11450 = VECTOR('',#11451,1.);
#11451 = DIRECTION('',(0.,1.,0.));
#11452 = PLANE('',#11453);
#11453 = AXIS2_PLACEMENT_3D('',#11454,#11455,#11456);
#11454 = CARTESIAN_POINT('',(903.,22.4,351.));
#11455 = DIRECTION('',(1.,0.,0.));
#11456 = DIRECTION('',(0.,0.,1.));
#11457 = ADVANCED_FACE('',(#11458),#11492,.T.);
#11458 = FACE_BOUND('',#11459,.T.);
#11459 = EDGE_LOOP('',(#11460,#11470,#11478,#11486));
#11460 = ORIENTED_EDGE('',*,*,#11461,.F.);
#11461 = EDGE_CURVE('',#11462,#11464,#11466,.T.);
#11462 = VERTEX_POINT('',#11463);
#11463 = CARTESIAN_POINT('',(2.258E+03,22.4,351.));
#11464 = VERTEX_POINT('',#11465);
#11465 = CARTESIAN_POINT('',(2.258E+03,22.4,399.));
#11466 = LINE('',#11467,#11468);
#11467 = CARTESIAN_POINT('',(2.258E+03,22.4,351.));
#11468 = VECTOR('',#11469,1.);
#11469 = DIRECTION('',(0.,0.,1.));
#11470 = ORIENTED_EDGE('',*,*,#11471,.T.);
#11471 = EDGE_CURVE('',#11462,#11472,#11474,.T.);
#11472 = VERTEX_POINT('',#11473);
#11473 = CARTESIAN_POINT('',(2.258E+03,24.4,351.));
#11474 = LINE('',#11475,#11476);
#11475 = CARTESIAN_POINT('',(2.258E+03,22.4,351.));
#11476 = VECTOR('',#11477,1.);
#11477 = DIRECTION('',(0.,1.,0.));
#11478 = ORIENTED_EDGE('',*,*,#11479,.T.);
#11479 = EDGE_CURVE('',#11472,#11480,#11482,.T.);
#11480 = VERTEX_POINT('',#11481);
#11481 = CARTESIAN_POINT('',(2.258E+03,24.4,399.));
#11482 = LINE('',#11483,#11484);
#11483 = CARTESIAN_POINT('',(2.258E+03,24.4,351.));
#11484 = VECTOR('',#11485,1.);
#11485 = DIRECTION('',(0.,0.,1.));
#11486 = ORIENTED_EDGE('',*,*,#11487,.F.);
#11487 = EDGE_CURVE('',#11464,#11480,#11488,.T.);
#11488 = LINE('',#11489,#11490);
#11489 = CARTESIAN_POINT('',(2.258E+03,22.4,399.));
#11490 = VECTOR('',#11491,1.);
#11491 = DIRECTION('',(0.,1.,0.));
#11492 = PLANE('',#11493);
#11493 = AXIS2_PLACEMENT_3D('',#11494,#11495,#11496);
#11494 = CARTESIAN_POINT('',(2.258E+03,22.4,351.));
#11495 = DIRECTION('',(1.,0.,0.));
#11496 = DIRECTION('',(0.,0.,1.));
#11497 = ADVANCED_FACE('',(#11498),#11514,.F.);
#11498 = FACE_BOUND('',#11499,.F.);
#11499 = EDGE_LOOP('',(#11500,#11506,#11507,#11513));
#11500 = ORIENTED_EDGE('',*,*,#11501,.F.);
#11501 = EDGE_CURVE('',#11422,#11462,#11502,.T.);
#11502 = LINE('',#11503,#11504);
#11503 = CARTESIAN_POINT('',(903.,22.4,351.));
#11504 = VECTOR('',#11505,1.);
#11505 = DIRECTION('',(1.,0.,0.));
#11506 = ORIENTED_EDGE('',*,*,#11421,.T.);
#11507 = ORIENTED_EDGE('',*,*,#11508,.T.);
#11508 = EDGE_CURVE('',#11424,#11464,#11509,.T.);
#11509 = LINE('',#11510,#11511);
#11510 = CARTESIAN_POINT('',(903.,22.4,399.));
#11511 = VECTOR('',#11512,1.);
#11512 = DIRECTION('',(1.,0.,0.));
#11513 = ORIENTED_EDGE('',*,*,#11461,.F.);
#11514 = PLANE('',#11515);
#11515 = AXIS2_PLACEMENT_3D('',#11516,#11517,#11518);
#11516 = CARTESIAN_POINT('',(903.,22.4,351.));
#11517 = DIRECTION('',(0.,1.,0.));
#11518 = DIRECTION('',(0.,0.,1.));
#11519 = ADVANCED_FACE('',(#11520),#11536,.T.);
#11520 = FACE_BOUND('',#11521,.T.);
#11521 = EDGE_LOOP('',(#11522,#11528,#11529,#11535));
#11522 = ORIENTED_EDGE('',*,*,#11523,.F.);
#11523 = EDGE_CURVE('',#11432,#11472,#11524,.T.);
#11524 = LINE('',#11525,#11526);
#11525 = CARTESIAN_POINT('',(903.,24.4,351.));
#11526 = VECTOR('',#11527,1.);
#11527 = DIRECTION('',(1.,0.,0.));
#11528 = ORIENTED_EDGE('',*,*,#11439,.T.);
#11529 = ORIENTED_EDGE('',*,*,#11530,.T.);
#11530 = EDGE_CURVE('',#11440,#11480,#11531,.T.);
#11531 = LINE('',#11532,#11533);
#11532 = CARTESIAN_POINT('',(903.,24.4,399.));
#11533 = VECTOR('',#11534,1.);
#11534 = DIRECTION('',(1.,0.,0.));
#11535 = ORIENTED_EDGE('',*,*,#11479,.F.);
#11536 = PLANE('',#11537);
#11537 = AXIS2_PLACEMENT_3D('',#11538,#11539,#11540);
#11538 = CARTESIAN_POINT('',(903.,24.4,351.));
#11539 = DIRECTION('',(0.,1.,0.));
#11540 = DIRECTION('',(0.,0.,1.));
#11541 = ADVANCED_FACE('',(#11542),#11548,.F.);
#11542 = FACE_BOUND('',#11543,.F.);
#11543 = EDGE_LOOP('',(#11544,#11545,#11546,#11547));
#11544 = ORIENTED_EDGE('',*,*,#11431,.F.);
#11545 = ORIENTED_EDGE('',*,*,#11501,.T.);
#11546 = ORIENTED_EDGE('',*,*,#11471,.T.);
#11547 = ORIENTED_EDGE('',*,*,#11523,.F.);
#11548 = PLANE('',#11549);
#11549 = AXIS2_PLACEMENT_3D('',#11550,#11551,#11552);
#11550 = CARTESIAN_POINT('',(903.,22.4,351.));
#11551 = DIRECTION('',(0.,0.,1.));
#11552 = DIRECTION('',(1.,0.,0.));
#11553 = ADVANCED_FACE('',(#11554),#11560,.T.);
#11554 = FACE_BOUND('',#11555,.T.);
#11555 = EDGE_LOOP('',(#11556,#11557,#11558,#11559));
#11556 = ORIENTED_EDGE('',*,*,#11447,.F.);
#11557 = ORIENTED_EDGE('',*,*,#11508,.T.);
#11558 = ORIENTED_EDGE('',*,*,#11487,.T.);
#11559 = ORIENTED_EDGE('',*,*,#11530,.F.);
#11560 = PLANE('',#11561);
#11561 = AXIS2_PLACEMENT_3D('',#11562,#11563,#11564);
#11562 = CARTESIAN_POINT('',(903.,22.4,399.));
#11563 = DIRECTION('',(0.,0.,1.));
#11564 = DIRECTION('',(1.,0.,0.));
#11565 = MANIFOLD_SOLID_BREP('',#11566);
#11566 = CLOSED_SHELL('',(#11567,#11607,#11647,#11669,#11691,#11703));
#11567 = ADVANCED_FACE('',(#11568),#11602,.F.);
#11568 = FACE_BOUND('',#11569,.F.);
#11569 = EDGE_LOOP('',(#11570,#11580,#11588,#11596));
#11570 = ORIENTED_EDGE('',*,*,#11571,.F.);
#11571 = EDGE_CURVE('',#11572,#11574,#11576,.T.);
#11572 = VERTEX_POINT('',#11573);
#11573 = CARTESIAN_POINT('',(903.,0.,351.));
#11574 = VERTEX_POINT('',#11575);
#11575 = CARTESIAN_POINT('',(903.,0.,353.));
#11576 = LINE('',#11577,#11578);
#11577 = CARTESIAN_POINT('',(903.,0.,351.));
#11578 = VECTOR('',#11579,1.);
#11579 = DIRECTION('',(0.,0.,1.));
#11580 = ORIENTED_EDGE('',*,*,#11581,.T.);
#11581 = EDGE_CURVE('',#11572,#11582,#11584,.T.);
#11582 = VERTEX_POINT('',#11583);
#11583 = CARTESIAN_POINT('',(903.,24.4,351.));
#11584 = LINE('',#11585,#11586);
#11585 = CARTESIAN_POINT('',(903.,0.,351.));
#11586 = VECTOR('',#11587,1.);
#11587 = DIRECTION('',(0.,1.,0.));
#11588 = ORIENTED_EDGE('',*,*,#11589,.T.);
#11589 = EDGE_CURVE('',#11582,#11590,#11592,.T.);
#11590 = VERTEX_POINT('',#11591);
#11591 = CARTESIAN_POINT('',(903.,24.4,353.));
#11592 = LINE('',#11593,#11594);
#11593 = CARTESIAN_POINT('',(903.,24.4,351.));
#11594 = VECTOR('',#11595,1.);
#11595 = DIRECTION('',(0.,0.,1.));
#11596 = ORIENTED_EDGE('',*,*,#11597,.F.);
#11597 = EDGE_CURVE('',#11574,#11590,#11598,.T.);
#11598 = LINE('',#11599,#11600);
#11599 = CARTESIAN_POINT('',(903.,0.,353.));
#11600 = VECTOR('',#11601,1.);
#11601 = DIRECTION('',(0.,1.,0.));
#11602 = PLANE('',#11603);
#11603 = AXIS2_PLACEMENT_3D('',#11604,#11605,#11606);
#11604 = CARTESIAN_POINT('',(903.,0.,351.));
#11605 = DIRECTION('',(1.,0.,0.));
#11606 = DIRECTION('',(0.,0.,1.));
#11607 = ADVANCED_FACE('',(#11608),#11642,.T.);
#11608 = FACE_BOUND('',#11609,.T.);
#11609 = EDGE_LOOP('',(#11610,#11620,#11628,#11636));
#11610 = ORIENTED_EDGE('',*,*,#11611,.F.);
#11611 = EDGE_CURVE('',#11612,#11614,#11616,.T.);
#11612 = VERTEX_POINT('',#11613);
#11613 = CARTESIAN_POINT('',(2.258E+03,0.,351.));
#11614 = VERTEX_POINT('',#11615);
#11615 = CARTESIAN_POINT('',(2.258E+03,0.,353.));
#11616 = LINE('',#11617,#11618);
#11617 = CARTESIAN_POINT('',(2.258E+03,0.,351.));
#11618 = VECTOR('',#11619,1.);
#11619 = DIRECTION('',(0.,0.,1.));
#11620 = ORIENTED_EDGE('',*,*,#11621,.T.);
#11621 = EDGE_CURVE('',#11612,#11622,#11624,.T.);
#11622 = VERTEX_POINT('',#11623);
#11623 = CARTESIAN_POINT('',(2.258E+03,24.4,351.));
#11624 = LINE('',#11625,#11626);
#11625 = CARTESIAN_POINT('',(2.258E+03,0.,351.));
#11626 = VECTOR('',#11627,1.);
#11627 = DIRECTION('',(0.,1.,0.));
#11628 = ORIENTED_EDGE('',*,*,#11629,.T.);
#11629 = EDGE_CURVE('',#11622,#11630,#11632,.T.);
#11630 = VERTEX_POINT('',#11631);
#11631 = CARTESIAN_POINT('',(2.258E+03,24.4,353.));
#11632 = LINE('',#11633,#11634);
#11633 = CARTESIAN_POINT('',(2.258E+03,24.4,351.));
#11634 = VECTOR('',#11635,1.);
#11635 = DIRECTION('',(0.,0.,1.));
#11636 = ORIENTED_EDGE('',*,*,#11637,.F.);
#11637 = EDGE_CURVE('',#11614,#11630,#11638,.T.);
#11638 = LINE('',#11639,#11640);
#11639 = CARTESIAN_POINT('',(2.258E+03,0.,353.));
#11640 = VECTOR('',#11641,1.);
#11641 = DIRECTION('',(0.,1.,0.));
#11642 = PLANE('',#11643);
#11643 = AXIS2_PLACEMENT_3D('',#11644,#11645,#11646);
#11644 = CARTESIAN_POINT('',(2.258E+03,0.,351.));
#11645 = DIRECTION('',(1.,0.,0.));
#11646 = DIRECTION('',(0.,0.,1.));
#11647 = ADVANCED_FACE('',(#11648),#11664,.F.);
#11648 = FACE_BOUND('',#11649,.F.);
#11649 = EDGE_LOOP('',(#11650,#11656,#11657,#11663));
#11650 = ORIENTED_EDGE('',*,*,#11651,.F.);
#11651 = EDGE_CURVE('',#11572,#11612,#11652,.T.);
#11652 = LINE('',#11653,#11654);
#11653 = CARTESIAN_POINT('',(903.,0.,351.));
#11654 = VECTOR('',#11655,1.);
#11655 = DIRECTION('',(1.,0.,0.));
#11656 = ORIENTED_EDGE('',*,*,#11571,.T.);
#11657 = ORIENTED_EDGE('',*,*,#11658,.T.);
#11658 = EDGE_CURVE('',#11574,#11614,#11659,.T.);
#11659 = LINE('',#11660,#11661);
#11660 = CARTESIAN_POINT('',(903.,0.,353.));
#11661 = VECTOR('',#11662,1.);
#11662 = DIRECTION('',(1.,0.,0.));
#11663 = ORIENTED_EDGE('',*,*,#11611,.F.);
#11664 = PLANE('',#11665);
#11665 = AXIS2_PLACEMENT_3D('',#11666,#11667,#11668);
#11666 = CARTESIAN_POINT('',(903.,0.,351.));
#11667 = DIRECTION('',(0.,1.,0.));
#11668 = DIRECTION('',(0.,0.,1.));
#11669 = ADVANCED_FACE('',(#11670),#11686,.T.);
#11670 = FACE_BOUND('',#11671,.T.);
#11671 = EDGE_LOOP('',(#11672,#11678,#11679,#11685));
#11672 = ORIENTED_EDGE('',*,*,#11673,.F.);
#11673 = EDGE_CURVE('',#11582,#11622,#11674,.T.);
#11674 = LINE('',#11675,#11676);
#11675 = CARTESIAN_POINT('',(903.,24.4,351.));
#11676 = VECTOR('',#11677,1.);
#11677 = DIRECTION('',(1.,0.,0.));
#11678 = ORIENTED_EDGE('',*,*,#11589,.T.);
#11679 = ORIENTED_EDGE('',*,*,#11680,.T.);
#11680 = EDGE_CURVE('',#11590,#11630,#11681,.T.);
#11681 = LINE('',#11682,#11683);
#11682 = CARTESIAN_POINT('',(903.,24.4,353.));
#11683 = VECTOR('',#11684,1.);
#11684 = DIRECTION('',(1.,0.,0.));
#11685 = ORIENTED_EDGE('',*,*,#11629,.F.);
#11686 = PLANE('',#11687);
#11687 = AXIS2_PLACEMENT_3D('',#11688,#11689,#11690);
#11688 = CARTESIAN_POINT('',(903.,24.4,351.));
#11689 = DIRECTION('',(0.,1.,0.));
#11690 = DIRECTION('',(0.,0.,1.));
#11691 = ADVANCED_FACE('',(#11692),#11698,.F.);
#11692 = FACE_BOUND('',#11693,.F.);
#11693 = EDGE_LOOP('',(#11694,#11695,#11696,#11697));
#11694 = ORIENTED_EDGE('',*,*,#11581,.F.);
#11695 = ORIENTED_EDGE('',*,*,#11651,.T.);
#11696 = ORIENTED_EDGE('',*,*,#11621,.T.);
#11697 = ORIENTED_EDGE('',*,*,#11673,.F.);
#11698 = PLANE('',#11699);
#11699 = AXIS2_PLACEMENT_3D('',#11700,#11701,#11702);
#11700 = CARTESIAN_POINT('',(903.,0.,351.));
#11701 = DIRECTION('',(0.,0.,1.));
#11702 = DIRECTION('',(1.,0.,0.));
#11703 = ADVANCED_FACE('',(#11704),#11710,.T.);
#11704 = FACE_BOUND('',#11705,.T.);
#11705 = EDGE_LOOP('',(#11706,#11707,#11708,#11709));
#11706 = ORIENTED_EDGE('',*,*,#11597,.F.);
#11707 = ORIENTED_EDGE('',*,*,#11658,.T.);
#11708 = ORIENTED_EDGE('',*,*,#11637,.T.);
#11709 = ORIENTED_EDGE('',*,*,#11680,.F.);
#11710 = PLANE('',#11711);
#11711 = AXIS2_PLACEMENT_3D('',#11712,#11713,#11714);
#11712 = CARTESIAN_POINT('',(903.,0.,353.));
#11713 = DIRECTION('',(0.,0.,1.));
#11714 = DIRECTION('',(1.,0.,0.));
#11715 = MANIFOLD_SOLID_BREP('',#11716);
#11716 = CLOSED_SHELL('',(#11717,#11757,#11797,#11819,#11841,#11853));
#11717 = ADVANCED_FACE('',(#11718),#11752,.F.);
#11718 = FACE_BOUND('',#11719,.F.);
#11719 = EDGE_LOOP('',(#11720,#11730,#11738,#11746));
#11720 = ORIENTED_EDGE('',*,*,#11721,.F.);
#11721 = EDGE_CURVE('',#11722,#11724,#11726,.T.);
#11722 = VERTEX_POINT('',#11723);
#11723 = CARTESIAN_POINT('',(903.,0.,351.));
#11724 = VERTEX_POINT('',#11725);
#11725 = CARTESIAN_POINT('',(903.,0.,357.));
#11726 = LINE('',#11727,#11728);
#11727 = CARTESIAN_POINT('',(903.,0.,351.));
#11728 = VECTOR('',#11729,1.);
#11729 = DIRECTION('',(0.,0.,1.));
#11730 = ORIENTED_EDGE('',*,*,#11731,.T.);
#11731 = EDGE_CURVE('',#11722,#11732,#11734,.T.);
#11732 = VERTEX_POINT('',#11733);
#11733 = CARTESIAN_POINT('',(903.,2.,351.));
#11734 = LINE('',#11735,#11736);
#11735 = CARTESIAN_POINT('',(903.,0.,351.));
#11736 = VECTOR('',#11737,1.);
#11737 = DIRECTION('',(0.,1.,0.));
#11738 = ORIENTED_EDGE('',*,*,#11739,.T.);
#11739 = EDGE_CURVE('',#11732,#11740,#11742,.T.);
#11740 = VERTEX_POINT('',#11741);
#11741 = CARTESIAN_POINT('',(903.,2.,357.));
#11742 = LINE('',#11743,#11744);
#11743 = CARTESIAN_POINT('',(903.,2.,351.));
#11744 = VECTOR('',#11745,1.);
#11745 = DIRECTION('',(0.,0.,1.));
#11746 = ORIENTED_EDGE('',*,*,#11747,.F.);
#11747 = EDGE_CURVE('',#11724,#11740,#11748,.T.);
#11748 = LINE('',#11749,#11750);
#11749 = CARTESIAN_POINT('',(903.,0.,357.));
#11750 = VECTOR('',#11751,1.);
#11751 = DIRECTION('',(0.,1.,0.));
#11752 = PLANE('',#11753);
#11753 = AXIS2_PLACEMENT_3D('',#11754,#11755,#11756);
#11754 = CARTESIAN_POINT('',(903.,0.,351.));
#11755 = DIRECTION('',(1.,0.,0.));
#11756 = DIRECTION('',(0.,0.,1.));
#11757 = ADVANCED_FACE('',(#11758),#11792,.T.);
#11758 = FACE_BOUND('',#11759,.T.);
#11759 = EDGE_LOOP('',(#11760,#11770,#11778,#11786));
#11760 = ORIENTED_EDGE('',*,*,#11761,.F.);
#11761 = EDGE_CURVE('',#11762,#11764,#11766,.T.);
#11762 = VERTEX_POINT('',#11763);
#11763 = CARTESIAN_POINT('',(2.258E+03,0.,351.));
#11764 = VERTEX_POINT('',#11765);
#11765 = CARTESIAN_POINT('',(2.258E+03,0.,357.));
#11766 = LINE('',#11767,#11768);
#11767 = CARTESIAN_POINT('',(2.258E+03,0.,351.));
#11768 = VECTOR('',#11769,1.);
#11769 = DIRECTION('',(0.,0.,1.));
#11770 = ORIENTED_EDGE('',*,*,#11771,.T.);
#11771 = EDGE_CURVE('',#11762,#11772,#11774,.T.);
#11772 = VERTEX_POINT('',#11773);
#11773 = CARTESIAN_POINT('',(2.258E+03,2.,351.));
#11774 = LINE('',#11775,#11776);
#11775 = CARTESIAN_POINT('',(2.258E+03,0.,351.));
#11776 = VECTOR('',#11777,1.);
#11777 = DIRECTION('',(0.,1.,0.));
#11778 = ORIENTED_EDGE('',*,*,#11779,.T.);
#11779 = EDGE_CURVE('',#11772,#11780,#11782,.T.);
#11780 = VERTEX_POINT('',#11781);
#11781 = CARTESIAN_POINT('',(2.258E+03,2.,357.));
#11782 = LINE('',#11783,#11784);
#11783 = CARTESIAN_POINT('',(2.258E+03,2.,351.));
#11784 = VECTOR('',#11785,1.);
#11785 = DIRECTION('',(0.,0.,1.));
#11786 = ORIENTED_EDGE('',*,*,#11787,.F.);
#11787 = EDGE_CURVE('',#11764,#11780,#11788,.T.);
#11788 = LINE('',#11789,#11790);
#11789 = CARTESIAN_POINT('',(2.258E+03,0.,357.));
#11790 = VECTOR('',#11791,1.);
#11791 = DIRECTION('',(0.,1.,0.));
#11792 = PLANE('',#11793);
#11793 = AXIS2_PLACEMENT_3D('',#11794,#11795,#11796);
#11794 = CARTESIAN_POINT('',(2.258E+03,0.,351.));
#11795 = DIRECTION('',(1.,0.,0.));
#11796 = DIRECTION('',(0.,0.,1.));
#11797 = ADVANCED_FACE('',(#11798),#11814,.F.);
#11798 = FACE_BOUND('',#11799,.F.);
#11799 = EDGE_LOOP('',(#11800,#11806,#11807,#11813));
#11800 = ORIENTED_EDGE('',*,*,#11801,.F.);
#11801 = EDGE_CURVE('',#11722,#11762,#11802,.T.);
#11802 = LINE('',#11803,#11804);
#11803 = CARTESIAN_POINT('',(903.,0.,351.));
#11804 = VECTOR('',#11805,1.);
#11805 = DIRECTION('',(1.,0.,0.));
#11806 = ORIENTED_EDGE('',*,*,#11721,.T.);
#11807 = ORIENTED_EDGE('',*,*,#11808,.T.);
#11808 = EDGE_CURVE('',#11724,#11764,#11809,.T.);
#11809 = LINE('',#11810,#11811);
#11810 = CARTESIAN_POINT('',(903.,0.,357.));
#11811 = VECTOR('',#11812,1.);
#11812 = DIRECTION('',(1.,0.,0.));
#11813 = ORIENTED_EDGE('',*,*,#11761,.F.);
#11814 = PLANE('',#11815);
#11815 = AXIS2_PLACEMENT_3D('',#11816,#11817,#11818);
#11816 = CARTESIAN_POINT('',(903.,0.,351.));
#11817 = DIRECTION('',(0.,1.,0.));
#11818 = DIRECTION('',(0.,0.,1.));
#11819 = ADVANCED_FACE('',(#11820),#11836,.T.);
#11820 = FACE_BOUND('',#11821,.T.);
#11821 = EDGE_LOOP('',(#11822,#11828,#11829,#11835));
#11822 = ORIENTED_EDGE('',*,*,#11823,.F.);
#11823 = EDGE_CURVE('',#11732,#11772,#11824,.T.);
#11824 = LINE('',#11825,#11826);
#11825 = CARTESIAN_POINT('',(903.,2.,351.));
#11826 = VECTOR('',#11827,1.);
#11827 = DIRECTION('',(1.,0.,0.));
#11828 = ORIENTED_EDGE('',*,*,#11739,.T.);
#11829 = ORIENTED_EDGE('',*,*,#11830,.T.);
#11830 = EDGE_CURVE('',#11740,#11780,#11831,.T.);
#11831 = LINE('',#11832,#11833);
#11832 = CARTESIAN_POINT('',(903.,2.,357.));
#11833 = VECTOR('',#11834,1.);
#11834 = DIRECTION('',(1.,0.,0.));
#11835 = ORIENTED_EDGE('',*,*,#11779,.F.);
#11836 = PLANE('',#11837);
#11837 = AXIS2_PLACEMENT_3D('',#11838,#11839,#11840);
#11838 = CARTESIAN_POINT('',(903.,2.,351.));
#11839 = DIRECTION('',(0.,1.,0.));
#11840 = DIRECTION('',(0.,0.,1.));
#11841 = ADVANCED_FACE('',(#11842),#11848,.F.);
#11842 = FACE_BOUND('',#11843,.F.);
#11843 = EDGE_LOOP('',(#11844,#11845,#11846,#11847));
#11844 = ORIENTED_EDGE('',*,*,#11731,.F.);
#11845 = ORIENTED_EDGE('',*,*,#11801,.T.);
#11846 = ORIENTED_EDGE('',*,*,#11771,.T.);
#11847 = ORIENTED_EDGE('',*,*,#11823,.F.);
#11848 = PLANE('',#11849);
#11849 = AXIS2_PLACEMENT_3D('',#11850,#11851,#11852);
#11850 = CARTESIAN_POINT('',(903.,0.,351.));
#11851 = DIRECTION('',(0.,0.,1.));
#11852 = DIRECTION('',(1.,0.,0.));
#11853 = ADVANCED_FACE('',(#11854),#11860,.T.);
#11854 = FACE_BOUND('',#11855,.T.);
#11855 = EDGE_LOOP('',(#11856,#11857,#11858,#11859));
#11856 = ORIENTED_EDGE('',*,*,#11747,.F.);
#11857 = ORIENTED_EDGE('',*,*,#11808,.T.);
#11858 = ORIENTED_EDGE('',*,*,#11787,.T.);
#11859 = ORIENTED_EDGE('',*,*,#11830,.F.);
#11860 = PLANE('',#11861);
#11861 = AXIS2_PLACEMENT_3D('',#11862,#11863,#11864);
#11862 = CARTESIAN_POINT('',(903.,0.,357.));
#11863 = DIRECTION('',(0.,0.,1.));
#11864 = DIRECTION('',(1.,0.,0.));
#11865 = MANIFOLD_SOLID_BREP('',#11866);
#11866 = CLOSED_SHELL('',(#11867,#11907,#11947,#11969,#11991,#12003));
#11867 = ADVANCED_FACE('',(#11868),#11902,.F.);
#11868 = FACE_BOUND('',#11869,.F.);
#11869 = EDGE_LOOP('',(#11870,#11880,#11888,#11896));
#11870 = ORIENTED_EDGE('',*,*,#11871,.F.);
#11871 = EDGE_CURVE('',#11872,#11874,#11876,.T.);
#11872 = VERTEX_POINT('',#11873);
#11873 = CARTESIAN_POINT('',(903.,18.4,353.));
#11874 = VERTEX_POINT('',#11875);
#11875 = CARTESIAN_POINT('',(903.,18.4,355.));
#11876 = LINE('',#11877,#11878);
#11877 = CARTESIAN_POINT('',(903.,18.4,353.));
#11878 = VECTOR('',#11879,1.);
#11879 = DIRECTION('',(0.,0.,1.));
#11880 = ORIENTED_EDGE('',*,*,#11881,.T.);
#11881 = EDGE_CURVE('',#11872,#11882,#11884,.T.);
#11882 = VERTEX_POINT('',#11883);
#11883 = CARTESIAN_POINT('',(903.,24.4,353.));
#11884 = LINE('',#11885,#11886);
#11885 = CARTESIAN_POINT('',(903.,18.4,353.));
#11886 = VECTOR('',#11887,1.);
#11887 = DIRECTION('',(0.,1.,0.));
#11888 = ORIENTED_EDGE('',*,*,#11889,.T.);
#11889 = EDGE_CURVE('',#11882,#11890,#11892,.T.);
#11890 = VERTEX_POINT('',#11891);
#11891 = CARTESIAN_POINT('',(903.,24.4,355.));
#11892 = LINE('',#11893,#11894);
#11893 = CARTESIAN_POINT('',(903.,24.4,353.));
#11894 = VECTOR('',#11895,1.);
#11895 = DIRECTION('',(0.,0.,1.));
#11896 = ORIENTED_EDGE('',*,*,#11897,.F.);
#11897 = EDGE_CURVE('',#11874,#11890,#11898,.T.);
#11898 = LINE('',#11899,#11900);
#11899 = CARTESIAN_POINT('',(903.,18.4,355.));
#11900 = VECTOR('',#11901,1.);
#11901 = DIRECTION('',(0.,1.,0.));
#11902 = PLANE('',#11903);
#11903 = AXIS2_PLACEMENT_3D('',#11904,#11905,#11906);
#11904 = CARTESIAN_POINT('',(903.,18.4,353.));
#11905 = DIRECTION('',(1.,0.,0.));
#11906 = DIRECTION('',(0.,0.,1.));
#11907 = ADVANCED_FACE('',(#11908),#11942,.T.);
#11908 = FACE_BOUND('',#11909,.T.);
#11909 = EDGE_LOOP('',(#11910,#11920,#11928,#11936));
#11910 = ORIENTED_EDGE('',*,*,#11911,.F.);
#11911 = EDGE_CURVE('',#11912,#11914,#11916,.T.);
#11912 = VERTEX_POINT('',#11913);
#11913 = CARTESIAN_POINT('',(2.258E+03,18.4,353.));
#11914 = VERTEX_POINT('',#11915);
#11915 = CARTESIAN_POINT('',(2.258E+03,18.4,355.));
#11916 = LINE('',#11917,#11918);
#11917 = CARTESIAN_POINT('',(2.258E+03,18.4,353.));
#11918 = VECTOR('',#11919,1.);
#11919 = DIRECTION('',(0.,0.,1.));
#11920 = ORIENTED_EDGE('',*,*,#11921,.T.);
#11921 = EDGE_CURVE('',#11912,#11922,#11924,.T.);
#11922 = VERTEX_POINT('',#11923);
#11923 = CARTESIAN_POINT('',(2.258E+03,24.4,353.));
#11924 = LINE('',#11925,#11926);
#11925 = CARTESIAN_POINT('',(2.258E+03,18.4,353.));
#11926 = VECTOR('',#11927,1.);
#11927 = DIRECTION('',(0.,1.,0.));
#11928 = ORIENTED_EDGE('',*,*,#11929,.T.);
#11929 = EDGE_CURVE('',#11922,#11930,#11932,.T.);
#11930 = VERTEX_POINT('',#11931);
#11931 = CARTESIAN_POINT('',(2.258E+03,24.4,355.));
#11932 = LINE('',#11933,#11934);
#11933 = CARTESIAN_POINT('',(2.258E+03,24.4,353.));
#11934 = VECTOR('',#11935,1.);
#11935 = DIRECTION('',(0.,0.,1.));
#11936 = ORIENTED_EDGE('',*,*,#11937,.F.);
#11937 = EDGE_CURVE('',#11914,#11930,#11938,.T.);
#11938 = LINE('',#11939,#11940);
#11939 = CARTESIAN_POINT('',(2.258E+03,18.4,355.));
#11940 = VECTOR('',#11941,1.);
#11941 = DIRECTION('',(0.,1.,0.));
#11942 = PLANE('',#11943);
#11943 = AXIS2_PLACEMENT_3D('',#11944,#11945,#11946);
#11944 = CARTESIAN_POINT('',(2.258E+03,18.4,353.));
#11945 = DIRECTION('',(1.,0.,0.));
#11946 = DIRECTION('',(0.,0.,1.));
#11947 = ADVANCED_FACE('',(#11948),#11964,.F.);
#11948 = FACE_BOUND('',#11949,.F.);
#11949 = EDGE_LOOP('',(#11950,#11956,#11957,#11963));
#11950 = ORIENTED_EDGE('',*,*,#11951,.F.);
#11951 = EDGE_CURVE('',#11872,#11912,#11952,.T.);
#11952 = LINE('',#11953,#11954);
#11953 = CARTESIAN_POINT('',(903.,18.4,353.));
#11954 = VECTOR('',#11955,1.);
#11955 = DIRECTION('',(1.,0.,0.));
#11956 = ORIENTED_EDGE('',*,*,#11871,.T.);
#11957 = ORIENTED_EDGE('',*,*,#11958,.T.);
#11958 = EDGE_CURVE('',#11874,#11914,#11959,.T.);
#11959 = LINE('',#11960,#11961);
#11960 = CARTESIAN_POINT('',(903.,18.4,355.));
#11961 = VECTOR('',#11962,1.);
#11962 = DIRECTION('',(1.,0.,0.));
#11963 = ORIENTED_EDGE('',*,*,#11911,.F.);
#11964 = PLANE('',#11965);
#11965 = AXIS2_PLACEMENT_3D('',#11966,#11967,#11968);
#11966 = CARTESIAN_POINT('',(903.,18.4,353.));
#11967 = DIRECTION('',(0.,1.,0.));
#11968 = DIRECTION('',(0.,0.,1.));
#11969 = ADVANCED_FACE('',(#11970),#11986,.T.);
#11970 = FACE_BOUND('',#11971,.T.);
#11971 = EDGE_LOOP('',(#11972,#11978,#11979,#11985));
#11972 = ORIENTED_EDGE('',*,*,#11973,.F.);
#11973 = EDGE_CURVE('',#11882,#11922,#11974,.T.);
#11974 = LINE('',#11975,#11976);
#11975 = CARTESIAN_POINT('',(903.,24.4,353.));
#11976 = VECTOR('',#11977,1.);
#11977 = DIRECTION('',(1.,0.,0.));
#11978 = ORIENTED_EDGE('',*,*,#11889,.T.);
#11979 = ORIENTED_EDGE('',*,*,#11980,.T.);
#11980 = EDGE_CURVE('',#11890,#11930,#11981,.T.);
#11981 = LINE('',#11982,#11983);
#11982 = CARTESIAN_POINT('',(903.,24.4,355.));
#11983 = VECTOR('',#11984,1.);
#11984 = DIRECTION('',(1.,0.,0.));
#11985 = ORIENTED_EDGE('',*,*,#11929,.F.);
#11986 = PLANE('',#11987);
#11987 = AXIS2_PLACEMENT_3D('',#11988,#11989,#11990);
#11988 = CARTESIAN_POINT('',(903.,24.4,353.));
#11989 = DIRECTION('',(0.,1.,0.));
#11990 = DIRECTION('',(0.,0.,1.));
#11991 = ADVANCED_FACE('',(#11992),#11998,.F.);
#11992 = FACE_BOUND('',#11993,.F.);
#11993 = EDGE_LOOP('',(#11994,#11995,#11996,#11997));
#11994 = ORIENTED_EDGE('',*,*,#11881,.F.);
#11995 = ORIENTED_EDGE('',*,*,#11951,.T.);
#11996 = ORIENTED_EDGE('',*,*,#11921,.T.);
#11997 = ORIENTED_EDGE('',*,*,#11973,.F.);
#11998 = PLANE('',#11999);
#11999 = AXIS2_PLACEMENT_3D('',#12000,#12001,#12002);
#12000 = CARTESIAN_POINT('',(903.,18.4,353.));
#12001 = DIRECTION('',(0.,0.,1.));
#12002 = DIRECTION('',(1.,0.,0.));
#12003 = ADVANCED_FACE('',(#12004),#12010,.T.);
#12004 = FACE_BOUND('',#12005,.T.);
#12005 = EDGE_LOOP('',(#12006,#12007,#12008,#12009));
#12006 = ORIENTED_EDGE('',*,*,#11897,.F.);
#12007 = ORIENTED_EDGE('',*,*,#11958,.T.);
#12008 = ORIENTED_EDGE('',*,*,#11937,.T.);
#12009 = ORIENTED_EDGE('',*,*,#11980,.F.);
#12010 = PLANE('',#12011);
#12011 = AXIS2_PLACEMENT_3D('',#12012,#12013,#12014);
#12012 = CARTESIAN_POINT('',(903.,18.4,355.));
#12013 = DIRECTION('',(0.,0.,1.));
#12014 = DIRECTION('',(1.,0.,0.));
#12015 = MANIFOLD_SOLID_BREP('',#12016);
#12016 = CLOSED_SHELL('',(#12017,#12057,#12097,#12119,#12141,#12153));
#12017 = ADVANCED_FACE('',(#12018),#12052,.F.);
#12018 = FACE_BOUND('',#12019,.F.);
#12019 = EDGE_LOOP('',(#12020,#12030,#12038,#12046));
#12020 = ORIENTED_EDGE('',*,*,#12021,.F.);
#12021 = EDGE_CURVE('',#12022,#12024,#12026,.T.);
#12022 = VERTEX_POINT('',#12023);
#12023 = CARTESIAN_POINT('',(2.258E+03,0.,98.));
#12024 = VERTEX_POINT('',#12025);
#12025 = CARTESIAN_POINT('',(2.258E+03,0.,2.282E+03));
#12026 = LINE('',#12027,#12028);
#12027 = CARTESIAN_POINT('',(2.258E+03,0.,98.));
#12028 = VECTOR('',#12029,1.);
#12029 = DIRECTION('',(0.,0.,1.));
#12030 = ORIENTED_EDGE('',*,*,#12031,.T.);
#12031 = EDGE_CURVE('',#12022,#12032,#12034,.T.);
#12032 = VERTEX_POINT('',#12033);
#12033 = CARTESIAN_POINT('',(2.258E+03,600.,98.));
#12034 = LINE('',#12035,#12036);
#12035 = CARTESIAN_POINT('',(2.258E+03,0.,98.));
#12036 = VECTOR('',#12037,1.);
#12037 = DIRECTION('',(0.,1.,0.));
#12038 = ORIENTED_EDGE('',*,*,#12039,.T.);
#12039 = EDGE_CURVE('',#12032,#12040,#12042,.T.);
#12040 = VERTEX_POINT('',#12041);
#12041 = CARTESIAN_POINT('',(2.258E+03,600.,2.282E+03));
#12042 = LINE('',#12043,#12044);
#12043 = CARTESIAN_POINT('',(2.258E+03,600.,98.));
#12044 = VECTOR('',#12045,1.);
#12045 = DIRECTION('',(0.,0.,1.));
#12046 = ORIENTED_EDGE('',*,*,#12047,.F.);
#12047 = EDGE_CURVE('',#12024,#12040,#12048,.T.);
#12048 = LINE('',#12049,#12050);
#12049 = CARTESIAN_POINT('',(2.258E+03,0.,2.282E+03));
#12050 = VECTOR('',#12051,1.);
#12051 = DIRECTION('',(0.,1.,0.));
#12052 = PLANE('',#12053);
#12053 = AXIS2_PLACEMENT_3D('',#12054,#12055,#12056);
#12054 = CARTESIAN_POINT('',(2.258E+03,0.,98.));
#12055 = DIRECTION('',(1.,0.,0.));
#12056 = DIRECTION('',(0.,0.,1.));
#12057 = ADVANCED_FACE('',(#12058),#12092,.T.);
#12058 = FACE_BOUND('',#12059,.T.);
#12059 = EDGE_LOOP('',(#12060,#12070,#12078,#12086));
#12060 = ORIENTED_EDGE('',*,*,#12061,.F.);
#12061 = EDGE_CURVE('',#12062,#12064,#12066,.T.);
#12062 = VERTEX_POINT('',#12063);
#12063 = CARTESIAN_POINT('',(2.276E+03,0.,98.));
#12064 = VERTEX_POINT('',#12065);
#12065 = CARTESIAN_POINT('',(2.276E+03,0.,2.282E+03));
#12066 = LINE('',#12067,#12068);
#12067 = CARTESIAN_POINT('',(2.276E+03,0.,98.));
#12068 = VECTOR('',#12069,1.);
#12069 = DIRECTION('',(0.,0.,1.));
#12070 = ORIENTED_EDGE('',*,*,#12071,.T.);
#12071 = EDGE_CURVE('',#12062,#12072,#12074,.T.);
#12072 = VERTEX_POINT('',#12073);
#12073 = CARTESIAN_POINT('',(2.276E+03,600.,98.));
#12074 = LINE('',#12075,#12076);
#12075 = CARTESIAN_POINT('',(2.276E+03,0.,98.));
#12076 = VECTOR('',#12077,1.);
#12077 = DIRECTION('',(0.,1.,0.));
#12078 = ORIENTED_EDGE('',*,*,#12079,.T.);
#12079 = EDGE_CURVE('',#12072,#12080,#12082,.T.);
#12080 = VERTEX_POINT('',#12081);
#12081 = CARTESIAN_POINT('',(2.276E+03,600.,2.282E+03));
#12082 = LINE('',#12083,#12084);
#12083 = CARTESIAN_POINT('',(2.276E+03,600.,98.));
#12084 = VECTOR('',#12085,1.);
#12085 = DIRECTION('',(0.,0.,1.));
#12086 = ORIENTED_EDGE('',*,*,#12087,.F.);
#12087 = EDGE_CURVE('',#12064,#12080,#12088,.T.);
#12088 = LINE('',#12089,#12090);
#12089 = CARTESIAN_POINT('',(2.276E+03,0.,2.282E+03));
#12090 = VECTOR('',#12091,1.);
#12091 = DIRECTION('',(0.,1.,0.));
#12092 = PLANE('',#12093);
#12093 = AXIS2_PLACEMENT_3D('',#12094,#12095,#12096);
#12094 = CARTESIAN_POINT('',(2.276E+03,0.,98.));
#12095 = DIRECTION('',(1.,0.,0.));
#12096 = DIRECTION('',(0.,0.,1.));
#12097 = ADVANCED_FACE('',(#12098),#12114,.F.);
#12098 = FACE_BOUND('',#12099,.F.);
#12099 = EDGE_LOOP('',(#12100,#12106,#12107,#12113));
#12100 = ORIENTED_EDGE('',*,*,#12101,.F.);
#12101 = EDGE_CURVE('',#12022,#12062,#12102,.T.);
#12102 = LINE('',#12103,#12104);
#12103 = CARTESIAN_POINT('',(2.258E+03,0.,98.));
#12104 = VECTOR('',#12105,1.);
#12105 = DIRECTION('',(1.,0.,0.));
#12106 = ORIENTED_EDGE('',*,*,#12021,.T.);
#12107 = ORIENTED_EDGE('',*,*,#12108,.T.);
#12108 = EDGE_CURVE('',#12024,#12064,#12109,.T.);
#12109 = LINE('',#12110,#12111);
#12110 = CARTESIAN_POINT('',(2.258E+03,0.,2.282E+03));
#12111 = VECTOR('',#12112,1.);
#12112 = DIRECTION('',(1.,0.,0.));
#12113 = ORIENTED_EDGE('',*,*,#12061,.F.);
#12114 = PLANE('',#12115);
#12115 = AXIS2_PLACEMENT_3D('',#12116,#12117,#12118);
#12116 = CARTESIAN_POINT('',(2.258E+03,0.,98.));
#12117 = DIRECTION('',(0.,1.,0.));
#12118 = DIRECTION('',(0.,0.,1.));
#12119 = ADVANCED_FACE('',(#12120),#12136,.T.);
#12120 = FACE_BOUND('',#12121,.T.);
#12121 = EDGE_LOOP('',(#12122,#12128,#12129,#12135));
#12122 = ORIENTED_EDGE('',*,*,#12123,.F.);
#12123 = EDGE_CURVE('',#12032,#12072,#12124,.T.);
#12124 = LINE('',#12125,#12126);
#12125 = CARTESIAN_POINT('',(2.258E+03,600.,98.));
#12126 = VECTOR('',#12127,1.);
#12127 = DIRECTION('',(1.,0.,0.));
#12128 = ORIENTED_EDGE('',*,*,#12039,.T.);
#12129 = ORIENTED_EDGE('',*,*,#12130,.T.);
#12130 = EDGE_CURVE('',#12040,#12080,#12131,.T.);
#12131 = LINE('',#12132,#12133);
#12132 = CARTESIAN_POINT('',(2.258E+03,600.,2.282E+03));
#12133 = VECTOR('',#12134,1.);
#12134 = DIRECTION('',(1.,0.,0.));
#12135 = ORIENTED_EDGE('',*,*,#12079,.F.);
#12136 = PLANE('',#12137);
#12137 = AXIS2_PLACEMENT_3D('',#12138,#12139,#12140);
#12138 = CARTESIAN_POINT('',(2.258E+03,600.,98.));
#12139 = DIRECTION('',(0.,1.,0.));
#12140 = DIRECTION('',(0.,0.,1.));
#12141 = ADVANCED_FACE('',(#12142),#12148,.F.);
#12142 = FACE_BOUND('',#12143,.F.);
#12143 = EDGE_LOOP('',(#12144,#12145,#12146,#12147));
#12144 = ORIENTED_EDGE('',*,*,#12031,.F.);
#12145 = ORIENTED_EDGE('',*,*,#12101,.T.);
#12146 = ORIENTED_EDGE('',*,*,#12071,.T.);
#12147 = ORIENTED_EDGE('',*,*,#12123,.F.);
#12148 = PLANE('',#12149);
#12149 = AXIS2_PLACEMENT_3D('',#12150,#12151,#12152);
#12150 = CARTESIAN_POINT('',(2.258E+03,0.,98.));
#12151 = DIRECTION('',(0.,0.,1.));
#12152 = DIRECTION('',(1.,0.,0.));
#12153 = ADVANCED_FACE('',(#12154),#12160,.T.);
#12154 = FACE_BOUND('',#12155,.T.);
#12155 = EDGE_LOOP('',(#12156,#12157,#12158,#12159));
#12156 = ORIENTED_EDGE('',*,*,#12047,.F.);
#12157 = ORIENTED_EDGE('',*,*,#12108,.T.);
#12158 = ORIENTED_EDGE('',*,*,#12087,.T.);
#12159 = ORIENTED_EDGE('',*,*,#12130,.F.);
#12160 = PLANE('',#12161);
#12161 = AXIS2_PLACEMENT_3D('',#12162,#12163,#12164);
#12162 = CARTESIAN_POINT('',(2.258E+03,0.,2.282E+03));
#12163 = DIRECTION('',(0.,0.,1.));
#12164 = DIRECTION('',(1.,0.,0.));
#12165 = MANIFOLD_SOLID_BREP('',#12166);
#12166 = CLOSED_SHELL('',(#12167,#12207,#12247,#12269,#12291,#12303));
#12167 = ADVANCED_FACE('',(#12168),#12202,.F.);
#12168 = FACE_BOUND('',#12169,.F.);
#12169 = EDGE_LOOP('',(#12170,#12180,#12188,#12196));
#12170 = ORIENTED_EDGE('',*,*,#12171,.F.);
#12171 = EDGE_CURVE('',#12172,#12174,#12176,.T.);
#12172 = VERTEX_POINT('',#12173);
#12173 = CARTESIAN_POINT('',(2.912E+03,0.,98.));
#12174 = VERTEX_POINT('',#12175);
#12175 = CARTESIAN_POINT('',(2.912E+03,0.,2.282E+03));
#12176 = LINE('',#12177,#12178);
#12177 = CARTESIAN_POINT('',(2.912E+03,0.,98.));
#12178 = VECTOR('',#12179,1.);
#12179 = DIRECTION('',(0.,0.,1.));
#12180 = ORIENTED_EDGE('',*,*,#12181,.T.);
#12181 = EDGE_CURVE('',#12172,#12182,#12184,.T.);
#12182 = VERTEX_POINT('',#12183);
#12183 = CARTESIAN_POINT('',(2.912E+03,600.,98.));
#12184 = LINE('',#12185,#12186);
#12185 = CARTESIAN_POINT('',(2.912E+03,0.,98.));
#12186 = VECTOR('',#12187,1.);
#12187 = DIRECTION('',(0.,1.,0.));
#12188 = ORIENTED_EDGE('',*,*,#12189,.T.);
#12189 = EDGE_CURVE('',#12182,#12190,#12192,.T.);
#12190 = VERTEX_POINT('',#12191);
#12191 = CARTESIAN_POINT('',(2.912E+03,600.,2.282E+03));
#12192 = LINE('',#12193,#12194);
#12193 = CARTESIAN_POINT('',(2.912E+03,600.,98.));
#12194 = VECTOR('',#12195,1.);
#12195 = DIRECTION('',(0.,0.,1.));
#12196 = ORIENTED_EDGE('',*,*,#12197,.F.);
#12197 = EDGE_CURVE('',#12174,#12190,#12198,.T.);
#12198 = LINE('',#12199,#12200);
#12199 = CARTESIAN_POINT('',(2.912E+03,0.,2.282E+03));
#12200 = VECTOR('',#12201,1.);
#12201 = DIRECTION('',(0.,1.,0.));
#12202 = PLANE('',#12203);
#12203 = AXIS2_PLACEMENT_3D('',#12204,#12205,#12206);
#12204 = CARTESIAN_POINT('',(2.912E+03,0.,98.));
#12205 = DIRECTION('',(1.,0.,0.));
#12206 = DIRECTION('',(0.,0.,1.));
#12207 = ADVANCED_FACE('',(#12208),#12242,.T.);
#12208 = FACE_BOUND('',#12209,.T.);
#12209 = EDGE_LOOP('',(#12210,#12220,#12228,#12236));
#12210 = ORIENTED_EDGE('',*,*,#12211,.F.);
#12211 = EDGE_CURVE('',#12212,#12214,#12216,.T.);
#12212 = VERTEX_POINT('',#12213);
#12213 = CARTESIAN_POINT('',(2.93E+03,0.,98.));
#12214 = VERTEX_POINT('',#12215);
#12215 = CARTESIAN_POINT('',(2.93E+03,0.,2.282E+03));
#12216 = LINE('',#12217,#12218);
#12217 = CARTESIAN_POINT('',(2.93E+03,0.,98.));
#12218 = VECTOR('',#12219,1.);
#12219 = DIRECTION('',(0.,0.,1.));
#12220 = ORIENTED_EDGE('',*,*,#12221,.T.);
#12221 = EDGE_CURVE('',#12212,#12222,#12224,.T.);
#12222 = VERTEX_POINT('',#12223);
#12223 = CARTESIAN_POINT('',(2.93E+03,600.,98.));
#12224 = LINE('',#12225,#12226);
#12225 = CARTESIAN_POINT('',(2.93E+03,0.,98.));
#12226 = VECTOR('',#12227,1.);
#12227 = DIRECTION('',(0.,1.,0.));
#12228 = ORIENTED_EDGE('',*,*,#12229,.T.);
#12229 = EDGE_CURVE('',#12222,#12230,#12232,.T.);
#12230 = VERTEX_POINT('',#12231);
#12231 = CARTESIAN_POINT('',(2.93E+03,600.,2.282E+03));
#12232 = LINE('',#12233,#12234);
#12233 = CARTESIAN_POINT('',(2.93E+03,600.,98.));
#12234 = VECTOR('',#12235,1.);
#12235 = DIRECTION('',(0.,0.,1.));
#12236 = ORIENTED_EDGE('',*,*,#12237,.F.);
#12237 = EDGE_CURVE('',#12214,#12230,#12238,.T.);
#12238 = LINE('',#12239,#12240);
#12239 = CARTESIAN_POINT('',(2.93E+03,0.,2.282E+03));
#12240 = VECTOR('',#12241,1.);
#12241 = DIRECTION('',(0.,1.,0.));
#12242 = PLANE('',#12243);
#12243 = AXIS2_PLACEMENT_3D('',#12244,#12245,#12246);
#12244 = CARTESIAN_POINT('',(2.93E+03,0.,98.));
#12245 = DIRECTION('',(1.,0.,0.));
#12246 = DIRECTION('',(0.,0.,1.));
#12247 = ADVANCED_FACE('',(#12248),#12264,.F.);
#12248 = FACE_BOUND('',#12249,.F.);
#12249 = EDGE_LOOP('',(#12250,#12256,#12257,#12263));
#12250 = ORIENTED_EDGE('',*,*,#12251,.F.);
#12251 = EDGE_CURVE('',#12172,#12212,#12252,.T.);
#12252 = LINE('',#12253,#12254);
#12253 = CARTESIAN_POINT('',(2.912E+03,0.,98.));
#12254 = VECTOR('',#12255,1.);
#12255 = DIRECTION('',(1.,0.,0.));
#12256 = ORIENTED_EDGE('',*,*,#12171,.T.);
#12257 = ORIENTED_EDGE('',*,*,#12258,.T.);
#12258 = EDGE_CURVE('',#12174,#12214,#12259,.T.);
#12259 = LINE('',#12260,#12261);
#12260 = CARTESIAN_POINT('',(2.912E+03,0.,2.282E+03));
#12261 = VECTOR('',#12262,1.);
#12262 = DIRECTION('',(1.,0.,0.));
#12263 = ORIENTED_EDGE('',*,*,#12211,.F.);
#12264 = PLANE('',#12265);
#12265 = AXIS2_PLACEMENT_3D('',#12266,#12267,#12268);
#12266 = CARTESIAN_POINT('',(2.912E+03,0.,98.));
#12267 = DIRECTION('',(0.,1.,0.));
#12268 = DIRECTION('',(0.,0.,1.));
#12269 = ADVANCED_FACE('',(#12270),#12286,.T.);
#12270 = FACE_BOUND('',#12271,.T.);
#12271 = EDGE_LOOP('',(#12272,#12278,#12279,#12285));
#12272 = ORIENTED_EDGE('',*,*,#12273,.F.);
#12273 = EDGE_CURVE('',#12182,#12222,#12274,.T.);
#12274 = LINE('',#12275,#12276);
#12275 = CARTESIAN_POINT('',(2.912E+03,600.,98.));
#12276 = VECTOR('',#12277,1.);
#12277 = DIRECTION('',(1.,0.,0.));
#12278 = ORIENTED_EDGE('',*,*,#12189,.T.);
#12279 = ORIENTED_EDGE('',*,*,#12280,.T.);
#12280 = EDGE_CURVE('',#12190,#12230,#12281,.T.);
#12281 = LINE('',#12282,#12283);
#12282 = CARTESIAN_POINT('',(2.912E+03,600.,2.282E+03));
#12283 = VECTOR('',#12284,1.);
#12284 = DIRECTION('',(1.,0.,0.));
#12285 = ORIENTED_EDGE('',*,*,#12229,.F.);
#12286 = PLANE('',#12287);
#12287 = AXIS2_PLACEMENT_3D('',#12288,#12289,#12290);
#12288 = CARTESIAN_POINT('',(2.912E+03,600.,98.));
#12289 = DIRECTION('',(0.,1.,0.));
#12290 = DIRECTION('',(0.,0.,1.));
#12291 = ADVANCED_FACE('',(#12292),#12298,.F.);
#12292 = FACE_BOUND('',#12293,.F.);
#12293 = EDGE_LOOP('',(#12294,#12295,#12296,#12297));
#12294 = ORIENTED_EDGE('',*,*,#12181,.F.);
#12295 = ORIENTED_EDGE('',*,*,#12251,.T.);
#12296 = ORIENTED_EDGE('',*,*,#12221,.T.);
#12297 = ORIENTED_EDGE('',*,*,#12273,.F.);
#12298 = PLANE('',#12299);
#12299 = AXIS2_PLACEMENT_3D('',#12300,#12301,#12302);
#12300 = CARTESIAN_POINT('',(2.912E+03,0.,98.));
#12301 = DIRECTION('',(0.,0.,1.));
#12302 = DIRECTION('',(1.,0.,0.));
#12303 = ADVANCED_FACE('',(#12304),#12310,.T.);
#12304 = FACE_BOUND('',#12305,.T.);
#12305 = EDGE_LOOP('',(#12306,#12307,#12308,#12309));
#12306 = ORIENTED_EDGE('',*,*,#12197,.F.);
#12307 = ORIENTED_EDGE('',*,*,#12258,.T.);
#12308 = ORIENTED_EDGE('',*,*,#12237,.T.);
#12309 = ORIENTED_EDGE('',*,*,#12280,.F.);
#12310 = PLANE('',#12311);
#12311 = AXIS2_PLACEMENT_3D('',#12312,#12313,#12314);
#12312 = CARTESIAN_POINT('',(2.912E+03,0.,2.282E+03));
#12313 = DIRECTION('',(0.,0.,1.));
#12314 = DIRECTION('',(1.,0.,0.));
#12315 = MANIFOLD_SOLID_BREP('',#12316);
#12316 = CLOSED_SHELL('',(#12317,#12357,#12397,#12419,#12441,#12453));
#12317 = ADVANCED_FACE('',(#12318),#12352,.F.);
#12318 = FACE_BOUND('',#12319,.F.);
#12319 = EDGE_LOOP('',(#12320,#12330,#12338,#12346));
#12320 = ORIENTED_EDGE('',*,*,#12321,.F.);
#12321 = EDGE_CURVE('',#12322,#12324,#12326,.T.);
#12322 = VERTEX_POINT('',#12323);
#12323 = CARTESIAN_POINT('',(2.258E+03,0.,80.));
#12324 = VERTEX_POINT('',#12325);
#12325 = CARTESIAN_POINT('',(2.258E+03,0.,98.));
#12326 = LINE('',#12327,#12328);
#12327 = CARTESIAN_POINT('',(2.258E+03,0.,80.));
#12328 = VECTOR('',#12329,1.);
#12329 = DIRECTION('',(0.,0.,1.));
#12330 = ORIENTED_EDGE('',*,*,#12331,.T.);
#12331 = EDGE_CURVE('',#12322,#12332,#12334,.T.);
#12332 = VERTEX_POINT('',#12333);
#12333 = CARTESIAN_POINT('',(2.258E+03,600.,80.));
#12334 = LINE('',#12335,#12336);
#12335 = CARTESIAN_POINT('',(2.258E+03,0.,80.));
#12336 = VECTOR('',#12337,1.);
#12337 = DIRECTION('',(0.,1.,0.));
#12338 = ORIENTED_EDGE('',*,*,#12339,.T.);
#12339 = EDGE_CURVE('',#12332,#12340,#12342,.T.);
#12340 = VERTEX_POINT('',#12341);
#12341 = CARTESIAN_POINT('',(2.258E+03,600.,98.));
#12342 = LINE('',#12343,#12344);
#12343 = CARTESIAN_POINT('',(2.258E+03,600.,80.));
#12344 = VECTOR('',#12345,1.);
#12345 = DIRECTION('',(0.,0.,1.));
#12346 = ORIENTED_EDGE('',*,*,#12347,.F.);
#12347 = EDGE_CURVE('',#12324,#12340,#12348,.T.);
#12348 = LINE('',#12349,#12350);
#12349 = CARTESIAN_POINT('',(2.258E+03,0.,98.));
#12350 = VECTOR('',#12351,1.);
#12351 = DIRECTION('',(0.,1.,0.));
#12352 = PLANE('',#12353);
#12353 = AXIS2_PLACEMENT_3D('',#12354,#12355,#12356);
#12354 = CARTESIAN_POINT('',(2.258E+03,0.,80.));
#12355 = DIRECTION('',(1.,0.,0.));
#12356 = DIRECTION('',(0.,0.,1.));
#12357 = ADVANCED_FACE('',(#12358),#12392,.T.);
#12358 = FACE_BOUND('',#12359,.T.);
#12359 = EDGE_LOOP('',(#12360,#12370,#12378,#12386));
#12360 = ORIENTED_EDGE('',*,*,#12361,.F.);
#12361 = EDGE_CURVE('',#12362,#12364,#12366,.T.);
#12362 = VERTEX_POINT('',#12363);
#12363 = CARTESIAN_POINT('',(2.93E+03,0.,80.));
#12364 = VERTEX_POINT('',#12365);
#12365 = CARTESIAN_POINT('',(2.93E+03,0.,98.));
#12366 = LINE('',#12367,#12368);
#12367 = CARTESIAN_POINT('',(2.93E+03,0.,80.));
#12368 = VECTOR('',#12369,1.);
#12369 = DIRECTION('',(0.,0.,1.));
#12370 = ORIENTED_EDGE('',*,*,#12371,.T.);
#12371 = EDGE_CURVE('',#12362,#12372,#12374,.T.);
#12372 = VERTEX_POINT('',#12373);
#12373 = CARTESIAN_POINT('',(2.93E+03,600.,80.));
#12374 = LINE('',#12375,#12376);
#12375 = CARTESIAN_POINT('',(2.93E+03,0.,80.));
#12376 = VECTOR('',#12377,1.);
#12377 = DIRECTION('',(0.,1.,0.));
#12378 = ORIENTED_EDGE('',*,*,#12379,.T.);
#12379 = EDGE_CURVE('',#12372,#12380,#12382,.T.);
#12380 = VERTEX_POINT('',#12381);
#12381 = CARTESIAN_POINT('',(2.93E+03,600.,98.));
#12382 = LINE('',#12383,#12384);
#12383 = CARTESIAN_POINT('',(2.93E+03,600.,80.));
#12384 = VECTOR('',#12385,1.);
#12385 = DIRECTION('',(0.,0.,1.));
#12386 = ORIENTED_EDGE('',*,*,#12387,.F.);
#12387 = EDGE_CURVE('',#12364,#12380,#12388,.T.);
#12388 = LINE('',#12389,#12390);
#12389 = CARTESIAN_POINT('',(2.93E+03,0.,98.));
#12390 = VECTOR('',#12391,1.);
#12391 = DIRECTION('',(0.,1.,0.));
#12392 = PLANE('',#12393);
#12393 = AXIS2_PLACEMENT_3D('',#12394,#12395,#12396);
#12394 = CARTESIAN_POINT('',(2.93E+03,0.,80.));
#12395 = DIRECTION('',(1.,0.,0.));
#12396 = DIRECTION('',(0.,0.,1.));
#12397 = ADVANCED_FACE('',(#12398),#12414,.F.);
#12398 = FACE_BOUND('',#12399,.F.);
#12399 = EDGE_LOOP('',(#12400,#12406,#12407,#12413));
#12400 = ORIENTED_EDGE('',*,*,#12401,.F.);
#12401 = EDGE_CURVE('',#12322,#12362,#12402,.T.);
#12402 = LINE('',#12403,#12404);
#12403 = CARTESIAN_POINT('',(2.258E+03,0.,80.));
#12404 = VECTOR('',#12405,1.);
#12405 = DIRECTION('',(1.,0.,0.));
#12406 = ORIENTED_EDGE('',*,*,#12321,.T.);
#12407 = ORIENTED_EDGE('',*,*,#12408,.T.);
#12408 = EDGE_CURVE('',#12324,#12364,#12409,.T.);
#12409 = LINE('',#12410,#12411);
#12410 = CARTESIAN_POINT('',(2.258E+03,0.,98.));
#12411 = VECTOR('',#12412,1.);
#12412 = DIRECTION('',(1.,0.,0.));
#12413 = ORIENTED_EDGE('',*,*,#12361,.F.);
#12414 = PLANE('',#12415);
#12415 = AXIS2_PLACEMENT_3D('',#12416,#12417,#12418);
#12416 = CARTESIAN_POINT('',(2.258E+03,0.,80.));
#12417 = DIRECTION('',(0.,1.,0.));
#12418 = DIRECTION('',(0.,0.,1.));
#12419 = ADVANCED_FACE('',(#12420),#12436,.T.);
#12420 = FACE_BOUND('',#12421,.T.);
#12421 = EDGE_LOOP('',(#12422,#12428,#12429,#12435));
#12422 = ORIENTED_EDGE('',*,*,#12423,.F.);
#12423 = EDGE_CURVE('',#12332,#12372,#12424,.T.);
#12424 = LINE('',#12425,#12426);
#12425 = CARTESIAN_POINT('',(2.258E+03,600.,80.));
#12426 = VECTOR('',#12427,1.);
#12427 = DIRECTION('',(1.,0.,0.));
#12428 = ORIENTED_EDGE('',*,*,#12339,.T.);
#12429 = ORIENTED_EDGE('',*,*,#12430,.T.);
#12430 = EDGE_CURVE('',#12340,#12380,#12431,.T.);
#12431 = LINE('',#12432,#12433);
#12432 = CARTESIAN_POINT('',(2.258E+03,600.,98.));
#12433 = VECTOR('',#12434,1.);
#12434 = DIRECTION('',(1.,0.,0.));
#12435 = ORIENTED_EDGE('',*,*,#12379,.F.);
#12436 = PLANE('',#12437);
#12437 = AXIS2_PLACEMENT_3D('',#12438,#12439,#12440);
#12438 = CARTESIAN_POINT('',(2.258E+03,600.,80.));
#12439 = DIRECTION('',(0.,1.,0.));
#12440 = DIRECTION('',(0.,0.,1.));
#12441 = ADVANCED_FACE('',(#12442),#12448,.F.);
#12442 = FACE_BOUND('',#12443,.F.);
#12443 = EDGE_LOOP('',(#12444,#12445,#12446,#12447));
#12444 = ORIENTED_EDGE('',*,*,#12331,.F.);
#12445 = ORIENTED_EDGE('',*,*,#12401,.T.);
#12446 = ORIENTED_EDGE('',*,*,#12371,.T.);
#12447 = ORIENTED_EDGE('',*,*,#12423,.F.);
#12448 = PLANE('',#12449);
#12449 = AXIS2_PLACEMENT_3D('',#12450,#12451,#12452);
#12450 = CARTESIAN_POINT('',(2.258E+03,0.,80.));
#12451 = DIRECTION('',(0.,0.,1.));
#12452 = DIRECTION('',(1.,0.,0.));
#12453 = ADVANCED_FACE('',(#12454),#12460,.T.);
#12454 = FACE_BOUND('',#12455,.T.);
#12455 = EDGE_LOOP('',(#12456,#12457,#12458,#12459));
#12456 = ORIENTED_EDGE('',*,*,#12347,.F.);
#12457 = ORIENTED_EDGE('',*,*,#12408,.T.);
#12458 = ORIENTED_EDGE('',*,*,#12387,.T.);
#12459 = ORIENTED_EDGE('',*,*,#12430,.F.);
#12460 = PLANE('',#12461);
#12461 = AXIS2_PLACEMENT_3D('',#12462,#12463,#12464);
#12462 = CARTESIAN_POINT('',(2.258E+03,0.,98.));
#12463 = DIRECTION('',(0.,0.,1.));
#12464 = DIRECTION('',(1.,0.,0.));
#12465 = MANIFOLD_SOLID_BREP('',#12466);
#12466 = CLOSED_SHELL('',(#12467,#12507,#12547,#12569,#12591,#12603));
#12467 = ADVANCED_FACE('',(#12468),#12502,.F.);
#12468 = FACE_BOUND('',#12469,.F.);
#12469 = EDGE_LOOP('',(#12470,#12480,#12488,#12496));
#12470 = ORIENTED_EDGE('',*,*,#12471,.F.);
#12471 = EDGE_CURVE('',#12472,#12474,#12476,.T.);
#12472 = VERTEX_POINT('',#12473);
#12473 = CARTESIAN_POINT('',(2.288E+03,30.,0.));
#12474 = VERTEX_POINT('',#12475);
#12475 = CARTESIAN_POINT('',(2.288E+03,30.,80.));
#12476 = LINE('',#12477,#12478);
#12477 = CARTESIAN_POINT('',(2.288E+03,30.,0.));
#12478 = VECTOR('',#12479,1.);
#12479 = DIRECTION('',(0.,0.,1.));
#12480 = ORIENTED_EDGE('',*,*,#12481,.T.);
#12481 = EDGE_CURVE('',#12472,#12482,#12484,.T.);
#12482 = VERTEX_POINT('',#12483);
#12483 = CARTESIAN_POINT('',(2.288E+03,70.,0.));
#12484 = LINE('',#12485,#12486);
#12485 = CARTESIAN_POINT('',(2.288E+03,30.,0.));
#12486 = VECTOR('',#12487,1.);
#12487 = DIRECTION('',(0.,1.,0.));
#12488 = ORIENTED_EDGE('',*,*,#12489,.T.);
#12489 = EDGE_CURVE('',#12482,#12490,#12492,.T.);
#12490 = VERTEX_POINT('',#12491);
#12491 = CARTESIAN_POINT('',(2.288E+03,70.,80.));
#12492 = LINE('',#12493,#12494);
#12493 = CARTESIAN_POINT('',(2.288E+03,70.,0.));
#12494 = VECTOR('',#12495,1.);
#12495 = DIRECTION('',(0.,0.,1.));
#12496 = ORIENTED_EDGE('',*,*,#12497,.F.);
#12497 = EDGE_CURVE('',#12474,#12490,#12498,.T.);
#12498 = LINE('',#12499,#12500);
#12499 = CARTESIAN_POINT('',(2.288E+03,30.,80.));
#12500 = VECTOR('',#12501,1.);
#12501 = DIRECTION('',(0.,1.,0.));
#12502 = PLANE('',#12503);
#12503 = AXIS2_PLACEMENT_3D('',#12504,#12505,#12506);
#12504 = CARTESIAN_POINT('',(2.288E+03,30.,0.));
#12505 = DIRECTION('',(1.,0.,0.));
#12506 = DIRECTION('',(0.,0.,1.));
#12507 = ADVANCED_FACE('',(#12508),#12542,.T.);
#12508 = FACE_BOUND('',#12509,.T.);
#12509 = EDGE_LOOP('',(#12510,#12520,#12528,#12536));
#12510 = ORIENTED_EDGE('',*,*,#12511,.F.);
#12511 = EDGE_CURVE('',#12512,#12514,#12516,.T.);
#12512 = VERTEX_POINT('',#12513);
#12513 = CARTESIAN_POINT('',(2.328E+03,30.,0.));
#12514 = VERTEX_POINT('',#12515);
#12515 = CARTESIAN_POINT('',(2.328E+03,30.,80.));
#12516 = LINE('',#12517,#12518);
#12517 = CARTESIAN_POINT('',(2.328E+03,30.,0.));
#12518 = VECTOR('',#12519,1.);
#12519 = DIRECTION('',(0.,0.,1.));
#12520 = ORIENTED_EDGE('',*,*,#12521,.T.);
#12521 = EDGE_CURVE('',#12512,#12522,#12524,.T.);
#12522 = VERTEX_POINT('',#12523);
#12523 = CARTESIAN_POINT('',(2.328E+03,70.,0.));
#12524 = LINE('',#12525,#12526);
#12525 = CARTESIAN_POINT('',(2.328E+03,30.,0.));
#12526 = VECTOR('',#12527,1.);
#12527 = DIRECTION('',(0.,1.,0.));
#12528 = ORIENTED_EDGE('',*,*,#12529,.T.);
#12529 = EDGE_CURVE('',#12522,#12530,#12532,.T.);
#12530 = VERTEX_POINT('',#12531);
#12531 = CARTESIAN_POINT('',(2.328E+03,70.,80.));
#12532 = LINE('',#12533,#12534);
#12533 = CARTESIAN_POINT('',(2.328E+03,70.,0.));
#12534 = VECTOR('',#12535,1.);
#12535 = DIRECTION('',(0.,0.,1.));
#12536 = ORIENTED_EDGE('',*,*,#12537,.F.);
#12537 = EDGE_CURVE('',#12514,#12530,#12538,.T.);
#12538 = LINE('',#12539,#12540);
#12539 = CARTESIAN_POINT('',(2.328E+03,30.,80.));
#12540 = VECTOR('',#12541,1.);
#12541 = DIRECTION('',(0.,1.,0.));
#12542 = PLANE('',#12543);
#12543 = AXIS2_PLACEMENT_3D('',#12544,#12545,#12546);
#12544 = CARTESIAN_POINT('',(2.328E+03,30.,0.));
#12545 = DIRECTION('',(1.,0.,0.));
#12546 = DIRECTION('',(0.,0.,1.));
#12547 = ADVANCED_FACE('',(#12548),#12564,.F.);
#12548 = FACE_BOUND('',#12549,.F.);
#12549 = EDGE_LOOP('',(#12550,#12556,#12557,#12563));
#12550 = ORIENTED_EDGE('',*,*,#12551,.F.);
#12551 = EDGE_CURVE('',#12472,#12512,#12552,.T.);
#12552 = LINE('',#12553,#12554);
#12553 = CARTESIAN_POINT('',(2.288E+03,30.,0.));
#12554 = VECTOR('',#12555,1.);
#12555 = DIRECTION('',(1.,0.,0.));
#12556 = ORIENTED_EDGE('',*,*,#12471,.T.);
#12557 = ORIENTED_EDGE('',*,*,#12558,.T.);
#12558 = EDGE_CURVE('',#12474,#12514,#12559,.T.);
#12559 = LINE('',#12560,#12561);
#12560 = CARTESIAN_POINT('',(2.288E+03,30.,80.));
#12561 = VECTOR('',#12562,1.);
#12562 = DIRECTION('',(1.,0.,0.));
#12563 = ORIENTED_EDGE('',*,*,#12511,.F.);
#12564 = PLANE('',#12565);
#12565 = AXIS2_PLACEMENT_3D('',#12566,#12567,#12568);
#12566 = CARTESIAN_POINT('',(2.288E+03,30.,0.));
#12567 = DIRECTION('',(0.,1.,0.));
#12568 = DIRECTION('',(0.,0.,1.));
#12569 = ADVANCED_FACE('',(#12570),#12586,.T.);
#12570 = FACE_BOUND('',#12571,.T.);
#12571 = EDGE_LOOP('',(#12572,#12578,#12579,#12585));
#12572 = ORIENTED_EDGE('',*,*,#12573,.F.);
#12573 = EDGE_CURVE('',#12482,#12522,#12574,.T.);
#12574 = LINE('',#12575,#12576);
#12575 = CARTESIAN_POINT('',(2.288E+03,70.,0.));
#12576 = VECTOR('',#12577,1.);
#12577 = DIRECTION('',(1.,0.,0.));
#12578 = ORIENTED_EDGE('',*,*,#12489,.T.);
#12579 = ORIENTED_EDGE('',*,*,#12580,.T.);
#12580 = EDGE_CURVE('',#12490,#12530,#12581,.T.);
#12581 = LINE('',#12582,#12583);
#12582 = CARTESIAN_POINT('',(2.288E+03,70.,80.));
#12583 = VECTOR('',#12584,1.);
#12584 = DIRECTION('',(1.,0.,0.));
#12585 = ORIENTED_EDGE('',*,*,#12529,.F.);
#12586 = PLANE('',#12587);
#12587 = AXIS2_PLACEMENT_3D('',#12588,#12589,#12590);
#12588 = CARTESIAN_POINT('',(2.288E+03,70.,0.));
#12589 = DIRECTION('',(0.,1.,0.));
#12590 = DIRECTION('',(0.,0.,1.));
#12591 = ADVANCED_FACE('',(#12592),#12598,.F.);
#12592 = FACE_BOUND('',#12593,.F.);
#12593 = EDGE_LOOP('',(#12594,#12595,#12596,#12597));
#12594 = ORIENTED_EDGE('',*,*,#12481,.F.);
#12595 = ORIENTED_EDGE('',*,*,#12551,.T.);
#12596 = ORIENTED_EDGE('',*,*,#12521,.T.);
#12597 = ORIENTED_EDGE('',*,*,#12573,.F.);
#12598 = PLANE('',#12599);
#12599 = AXIS2_PLACEMENT_3D('',#12600,#12601,#12602);
#12600 = CARTESIAN_POINT('',(2.288E+03,30.,0.));
#12601 = DIRECTION('',(0.,0.,1.));
#12602 = DIRECTION('',(1.,0.,0.));
#12603 = ADVANCED_FACE('',(#12604),#12610,.T.);
#12604 = FACE_BOUND('',#12605,.T.);
#12605 = EDGE_LOOP('',(#12606,#12607,#12608,#12609));
#12606 = ORIENTED_EDGE('',*,*,#12497,.F.);
#12607 = ORIENTED_EDGE('',*,*,#12558,.T.);
#12608 = ORIENTED_EDGE('',*,*,#12537,.T.);
#12609 = ORIENTED_EDGE('',*,*,#12580,.F.);
#12610 = PLANE('',#12611);
#12611 = AXIS2_PLACEMENT_3D('',#12612,#12613,#12614);
#12612 = CARTESIAN_POINT('',(2.288E+03,30.,80.));
#12613 = DIRECTION('',(0.,0.,1.));
#12614 = DIRECTION('',(1.,0.,0.));
#12615 = MANIFOLD_SOLID_BREP('',#12616);
#12616 = CLOSED_SHELL('',(#12617,#12657,#12697,#12719,#12741,#12753));
#12617 = ADVANCED_FACE('',(#12618),#12652,.F.);
#12618 = FACE_BOUND('',#12619,.F.);
#12619 = EDGE_LOOP('',(#12620,#12630,#12638,#12646));
#12620 = ORIENTED_EDGE('',*,*,#12621,.F.);
#12621 = EDGE_CURVE('',#12622,#12624,#12626,.T.);
#12622 = VERTEX_POINT('',#12623);
#12623 = CARTESIAN_POINT('',(2.86E+03,30.,0.));
#12624 = VERTEX_POINT('',#12625);
#12625 = CARTESIAN_POINT('',(2.86E+03,30.,80.));
#12626 = LINE('',#12627,#12628);
#12627 = CARTESIAN_POINT('',(2.86E+03,30.,0.));
#12628 = VECTOR('',#12629,1.);
#12629 = DIRECTION('',(0.,0.,1.));
#12630 = ORIENTED_EDGE('',*,*,#12631,.T.);
#12631 = EDGE_CURVE('',#12622,#12632,#12634,.T.);
#12632 = VERTEX_POINT('',#12633);
#12633 = CARTESIAN_POINT('',(2.86E+03,70.,0.));
#12634 = LINE('',#12635,#12636);
#12635 = CARTESIAN_POINT('',(2.86E+03,30.,0.));
#12636 = VECTOR('',#12637,1.);
#12637 = DIRECTION('',(0.,1.,0.));
#12638 = ORIENTED_EDGE('',*,*,#12639,.T.);
#12639 = EDGE_CURVE('',#12632,#12640,#12642,.T.);
#12640 = VERTEX_POINT('',#12641);
#12641 = CARTESIAN_POINT('',(2.86E+03,70.,80.));
#12642 = LINE('',#12643,#12644);
#12643 = CARTESIAN_POINT('',(2.86E+03,70.,0.));
#12644 = VECTOR('',#12645,1.);
#12645 = DIRECTION('',(0.,0.,1.));
#12646 = ORIENTED_EDGE('',*,*,#12647,.F.);
#12647 = EDGE_CURVE('',#12624,#12640,#12648,.T.);
#12648 = LINE('',#12649,#12650);
#12649 = CARTESIAN_POINT('',(2.86E+03,30.,80.));
#12650 = VECTOR('',#12651,1.);
#12651 = DIRECTION('',(0.,1.,0.));
#12652 = PLANE('',#12653);
#12653 = AXIS2_PLACEMENT_3D('',#12654,#12655,#12656);
#12654 = CARTESIAN_POINT('',(2.86E+03,30.,0.));
#12655 = DIRECTION('',(1.,0.,0.));
#12656 = DIRECTION('',(0.,0.,1.));
#12657 = ADVANCED_FACE('',(#12658),#12692,.T.);
#12658 = FACE_BOUND('',#12659,.T.);
#12659 = EDGE_LOOP('',(#12660,#12670,#12678,#12686));
#12660 = ORIENTED_EDGE('',*,*,#12661,.F.);
#12661 = EDGE_CURVE('',#12662,#12664,#12666,.T.);
#12662 = VERTEX_POINT('',#12663);
#12663 = CARTESIAN_POINT('',(2.9E+03,30.,0.));
#12664 = VERTEX_POINT('',#12665);
#12665 = CARTESIAN_POINT('',(2.9E+03,30.,80.));
#12666 = LINE('',#12667,#12668);
#12667 = CARTESIAN_POINT('',(2.9E+03,30.,0.));
#12668 = VECTOR('',#12669,1.);
#12669 = DIRECTION('',(0.,0.,1.));
#12670 = ORIENTED_EDGE('',*,*,#12671,.T.);
#12671 = EDGE_CURVE('',#12662,#12672,#12674,.T.);
#12672 = VERTEX_POINT('',#12673);
#12673 = CARTESIAN_POINT('',(2.9E+03,70.,0.));
#12674 = LINE('',#12675,#12676);
#12675 = CARTESIAN_POINT('',(2.9E+03,30.,0.));
#12676 = VECTOR('',#12677,1.);
#12677 = DIRECTION('',(0.,1.,0.));
#12678 = ORIENTED_EDGE('',*,*,#12679,.T.);
#12679 = EDGE_CURVE('',#12672,#12680,#12682,.T.);
#12680 = VERTEX_POINT('',#12681);
#12681 = CARTESIAN_POINT('',(2.9E+03,70.,80.));
#12682 = LINE('',#12683,#12684);
#12683 = CARTESIAN_POINT('',(2.9E+03,70.,0.));
#12684 = VECTOR('',#12685,1.);
#12685 = DIRECTION('',(0.,0.,1.));
#12686 = ORIENTED_EDGE('',*,*,#12687,.F.);
#12687 = EDGE_CURVE('',#12664,#12680,#12688,.T.);
#12688 = LINE('',#12689,#12690);
#12689 = CARTESIAN_POINT('',(2.9E+03,30.,80.));
#12690 = VECTOR('',#12691,1.);
#12691 = DIRECTION('',(0.,1.,0.));
#12692 = PLANE('',#12693);
#12693 = AXIS2_PLACEMENT_3D('',#12694,#12695,#12696);
#12694 = CARTESIAN_POINT('',(2.9E+03,30.,0.));
#12695 = DIRECTION('',(1.,0.,0.));
#12696 = DIRECTION('',(0.,0.,1.));
#12697 = ADVANCED_FACE('',(#12698),#12714,.F.);
#12698 = FACE_BOUND('',#12699,.F.);
#12699 = EDGE_LOOP('',(#12700,#12706,#12707,#12713));
#12700 = ORIENTED_EDGE('',*,*,#12701,.F.);
#12701 = EDGE_CURVE('',#12622,#12662,#12702,.T.);
#12702 = LINE('',#12703,#12704);
#12703 = CARTESIAN_POINT('',(2.86E+03,30.,0.));
#12704 = VECTOR('',#12705,1.);
#12705 = DIRECTION('',(1.,0.,0.));
#12706 = ORIENTED_EDGE('',*,*,#12621,.T.);
#12707 = ORIENTED_EDGE('',*,*,#12708,.T.);
#12708 = EDGE_CURVE('',#12624,#12664,#12709,.T.);
#12709 = LINE('',#12710,#12711);
#12710 = CARTESIAN_POINT('',(2.86E+03,30.,80.));
#12711 = VECTOR('',#12712,1.);
#12712 = DIRECTION('',(1.,0.,0.));
#12713 = ORIENTED_EDGE('',*,*,#12661,.F.);
#12714 = PLANE('',#12715);
#12715 = AXIS2_PLACEMENT_3D('',#12716,#12717,#12718);
#12716 = CARTESIAN_POINT('',(2.86E+03,30.,0.));
#12717 = DIRECTION('',(0.,1.,0.));
#12718 = DIRECTION('',(0.,0.,1.));
#12719 = ADVANCED_FACE('',(#12720),#12736,.T.);
#12720 = FACE_BOUND('',#12721,.T.);
#12721 = EDGE_LOOP('',(#12722,#12728,#12729,#12735));
#12722 = ORIENTED_EDGE('',*,*,#12723,.F.);
#12723 = EDGE_CURVE('',#12632,#12672,#12724,.T.);
#12724 = LINE('',#12725,#12726);
#12725 = CARTESIAN_POINT('',(2.86E+03,70.,0.));
#12726 = VECTOR('',#12727,1.);
#12727 = DIRECTION('',(1.,0.,0.));
#12728 = ORIENTED_EDGE('',*,*,#12639,.T.);
#12729 = ORIENTED_EDGE('',*,*,#12730,.T.);
#12730 = EDGE_CURVE('',#12640,#12680,#12731,.T.);
#12731 = LINE('',#12732,#12733);
#12732 = CARTESIAN_POINT('',(2.86E+03,70.,80.));
#12733 = VECTOR('',#12734,1.);
#12734 = DIRECTION('',(1.,0.,0.));
#12735 = ORIENTED_EDGE('',*,*,#12679,.F.);
#12736 = PLANE('',#12737);
#12737 = AXIS2_PLACEMENT_3D('',#12738,#12739,#12740);
#12738 = CARTESIAN_POINT('',(2.86E+03,70.,0.));
#12739 = DIRECTION('',(0.,1.,0.));
#12740 = DIRECTION('',(0.,0.,1.));
#12741 = ADVANCED_FACE('',(#12742),#12748,.F.);
#12742 = FACE_BOUND('',#12743,.F.);
#12743 = EDGE_LOOP('',(#12744,#12745,#12746,#12747));
#12744 = ORIENTED_EDGE('',*,*,#12631,.F.);
#12745 = ORIENTED_EDGE('',*,*,#12701,.T.);
#12746 = ORIENTED_EDGE('',*,*,#12671,.T.);
#12747 = ORIENTED_EDGE('',*,*,#12723,.F.);
#12748 = PLANE('',#12749);
#12749 = AXIS2_PLACEMENT_3D('',#12750,#12751,#12752);
#12750 = CARTESIAN_POINT('',(2.86E+03,30.,0.));
#12751 = DIRECTION('',(0.,0.,1.));
#12752 = DIRECTION('',(1.,0.,0.));
#12753 = ADVANCED_FACE('',(#12754),#12760,.T.);
#12754 = FACE_BOUND('',#12755,.T.);
#12755 = EDGE_LOOP('',(#12756,#12757,#12758,#12759));
#12756 = ORIENTED_EDGE('',*,*,#12647,.F.);
#12757 = ORIENTED_EDGE('',*,*,#12708,.T.);
#12758 = ORIENTED_EDGE('',*,*,#12687,.T.);
#12759 = ORIENTED_EDGE('',*,*,#12730,.F.);
#12760 = PLANE('',#12761);
#12761 = AXIS2_PLACEMENT_3D('',#12762,#12763,#12764);
#12762 = CARTESIAN_POINT('',(2.86E+03,30.,80.));
#12763 = DIRECTION('',(0.,0.,1.));
#12764 = DIRECTION('',(1.,0.,0.));
#12765 = MANIFOLD_SOLID_BREP('',#12766);
#12766 = CLOSED_SHELL('',(#12767,#12807,#12847,#12869,#12891,#12903));
#12767 = ADVANCED_FACE('',(#12768),#12802,.F.);
#12768 = FACE_BOUND('',#12769,.F.);
#12769 = EDGE_LOOP('',(#12770,#12780,#12788,#12796));
#12770 = ORIENTED_EDGE('',*,*,#12771,.F.);
#12771 = EDGE_CURVE('',#12772,#12774,#12776,.T.);
#12772 = VERTEX_POINT('',#12773);
#12773 = CARTESIAN_POINT('',(2.288E+03,530.,0.));
#12774 = VERTEX_POINT('',#12775);
#12775 = CARTESIAN_POINT('',(2.288E+03,530.,80.));
#12776 = LINE('',#12777,#12778);
#12777 = CARTESIAN_POINT('',(2.288E+03,530.,0.));
#12778 = VECTOR('',#12779,1.);
#12779 = DIRECTION('',(0.,0.,1.));
#12780 = ORIENTED_EDGE('',*,*,#12781,.T.);
#12781 = EDGE_CURVE('',#12772,#12782,#12784,.T.);
#12782 = VERTEX_POINT('',#12783);
#12783 = CARTESIAN_POINT('',(2.288E+03,570.,0.));
#12784 = LINE('',#12785,#12786);
#12785 = CARTESIAN_POINT('',(2.288E+03,530.,0.));
#12786 = VECTOR('',#12787,1.);
#12787 = DIRECTION('',(0.,1.,0.));
#12788 = ORIENTED_EDGE('',*,*,#12789,.T.);
#12789 = EDGE_CURVE('',#12782,#12790,#12792,.T.);
#12790 = VERTEX_POINT('',#12791);
#12791 = CARTESIAN_POINT('',(2.288E+03,570.,80.));
#12792 = LINE('',#12793,#12794);
#12793 = CARTESIAN_POINT('',(2.288E+03,570.,0.));
#12794 = VECTOR('',#12795,1.);
#12795 = DIRECTION('',(0.,0.,1.));
#12796 = ORIENTED_EDGE('',*,*,#12797,.F.);
#12797 = EDGE_CURVE('',#12774,#12790,#12798,.T.);
#12798 = LINE('',#12799,#12800);
#12799 = CARTESIAN_POINT('',(2.288E+03,530.,80.));
#12800 = VECTOR('',#12801,1.);
#12801 = DIRECTION('',(0.,1.,0.));
#12802 = PLANE('',#12803);
#12803 = AXIS2_PLACEMENT_3D('',#12804,#12805,#12806);
#12804 = CARTESIAN_POINT('',(2.288E+03,530.,0.));
#12805 = DIRECTION('',(1.,0.,0.));
#12806 = DIRECTION('',(0.,0.,1.));
#12807 = ADVANCED_FACE('',(#12808),#12842,.T.);
#12808 = FACE_BOUND('',#12809,.T.);
#12809 = EDGE_LOOP('',(#12810,#12820,#12828,#12836));
#12810 = ORIENTED_EDGE('',*,*,#12811,.F.);
#12811 = EDGE_CURVE('',#12812,#12814,#12816,.T.);
#12812 = VERTEX_POINT('',#12813);
#12813 = CARTESIAN_POINT('',(2.328E+03,530.,0.));
#12814 = VERTEX_POINT('',#12815);
#12815 = CARTESIAN_POINT('',(2.328E+03,530.,80.));
#12816 = LINE('',#12817,#12818);
#12817 = CARTESIAN_POINT('',(2.328E+03,530.,0.));
#12818 = VECTOR('',#12819,1.);
#12819 = DIRECTION('',(0.,0.,1.));
#12820 = ORIENTED_EDGE('',*,*,#12821,.T.);
#12821 = EDGE_CURVE('',#12812,#12822,#12824,.T.);
#12822 = VERTEX_POINT('',#12823);
#12823 = CARTESIAN_POINT('',(2.328E+03,570.,0.));
#12824 = LINE('',#12825,#12826);
#12825 = CARTESIAN_POINT('',(2.328E+03,530.,0.));
#12826 = VECTOR('',#12827,1.);
#12827 = DIRECTION('',(0.,1.,0.));
#12828 = ORIENTED_EDGE('',*,*,#12829,.T.);
#12829 = EDGE_CURVE('',#12822,#12830,#12832,.T.);
#12830 = VERTEX_POINT('',#12831);
#12831 = CARTESIAN_POINT('',(2.328E+03,570.,80.));
#12832 = LINE('',#12833,#12834);
#12833 = CARTESIAN_POINT('',(2.328E+03,570.,0.));
#12834 = VECTOR('',#12835,1.);
#12835 = DIRECTION('',(0.,0.,1.));
#12836 = ORIENTED_EDGE('',*,*,#12837,.F.);
#12837 = EDGE_CURVE('',#12814,#12830,#12838,.T.);
#12838 = LINE('',#12839,#12840);
#12839 = CARTESIAN_POINT('',(2.328E+03,530.,80.));
#12840 = VECTOR('',#12841,1.);
#12841 = DIRECTION('',(0.,1.,0.));
#12842 = PLANE('',#12843);
#12843 = AXIS2_PLACEMENT_3D('',#12844,#12845,#12846);
#12844 = CARTESIAN_POINT('',(2.328E+03,530.,0.));
#12845 = DIRECTION('',(1.,0.,0.));
#12846 = DIRECTION('',(0.,0.,1.));
#12847 = ADVANCED_FACE('',(#12848),#12864,.F.);
#12848 = FACE_BOUND('',#12849,.F.);
#12849 = EDGE_LOOP('',(#12850,#12856,#12857,#12863));
#12850 = ORIENTED_EDGE('',*,*,#12851,.F.);
#12851 = EDGE_CURVE('',#12772,#12812,#12852,.T.);
#12852 = LINE('',#12853,#12854);
#12853 = CARTESIAN_POINT('',(2.288E+03,530.,0.));
#12854 = VECTOR('',#12855,1.);
#12855 = DIRECTION('',(1.,0.,0.));
#12856 = ORIENTED_EDGE('',*,*,#12771,.T.);
#12857 = ORIENTED_EDGE('',*,*,#12858,.T.);
#12858 = EDGE_CURVE('',#12774,#12814,#12859,.T.);
#12859 = LINE('',#12860,#12861);
#12860 = CARTESIAN_POINT('',(2.288E+03,530.,80.));
#12861 = VECTOR('',#12862,1.);
#12862 = DIRECTION('',(1.,0.,0.));
#12863 = ORIENTED_EDGE('',*,*,#12811,.F.);
#12864 = PLANE('',#12865);
#12865 = AXIS2_PLACEMENT_3D('',#12866,#12867,#12868);
#12866 = CARTESIAN_POINT('',(2.288E+03,530.,0.));
#12867 = DIRECTION('',(0.,1.,0.));
#12868 = DIRECTION('',(0.,0.,1.));
#12869 = ADVANCED_FACE('',(#12870),#12886,.T.);
#12870 = FACE_BOUND('',#12871,.T.);
#12871 = EDGE_LOOP('',(#12872,#12878,#12879,#12885));
#12872 = ORIENTED_EDGE('',*,*,#12873,.F.);
#12873 = EDGE_CURVE('',#12782,#12822,#12874,.T.);
#12874 = LINE('',#12875,#12876);
#12875 = CARTESIAN_POINT('',(2.288E+03,570.,0.));
#12876 = VECTOR('',#12877,1.);
#12877 = DIRECTION('',(1.,0.,0.));
#12878 = ORIENTED_EDGE('',*,*,#12789,.T.);
#12879 = ORIENTED_EDGE('',*,*,#12880,.T.);
#12880 = EDGE_CURVE('',#12790,#12830,#12881,.T.);
#12881 = LINE('',#12882,#12883);
#12882 = CARTESIAN_POINT('',(2.288E+03,570.,80.));
#12883 = VECTOR('',#12884,1.);
#12884 = DIRECTION('',(1.,0.,0.));
#12885 = ORIENTED_EDGE('',*,*,#12829,.F.);
#12886 = PLANE('',#12887);
#12887 = AXIS2_PLACEMENT_3D('',#12888,#12889,#12890);
#12888 = CARTESIAN_POINT('',(2.288E+03,570.,0.));
#12889 = DIRECTION('',(0.,1.,0.));
#12890 = DIRECTION('',(0.,0.,1.));
#12891 = ADVANCED_FACE('',(#12892),#12898,.F.);
#12892 = FACE_BOUND('',#12893,.F.);
#12893 = EDGE_LOOP('',(#12894,#12895,#12896,#12897));
#12894 = ORIENTED_EDGE('',*,*,#12781,.F.);
#12895 = ORIENTED_EDGE('',*,*,#12851,.T.);
#12896 = ORIENTED_EDGE('',*,*,#12821,.T.);
#12897 = ORIENTED_EDGE('',*,*,#12873,.F.);
#12898 = PLANE('',#12899);
#12899 = AXIS2_PLACEMENT_3D('',#12900,#12901,#12902);
#12900 = CARTESIAN_POINT('',(2.288E+03,530.,0.));
#12901 = DIRECTION('',(0.,0.,1.));
#12902 = DIRECTION('',(1.,0.,0.));
#12903 = ADVANCED_FACE('',(#12904),#12910,.T.);
#12904 = FACE_BOUND('',#12905,.T.);
#12905 = EDGE_LOOP('',(#12906,#12907,#12908,#12909));
#12906 = ORIENTED_EDGE('',*,*,#12797,.F.);
#12907 = ORIENTED_EDGE('',*,*,#12858,.T.);
#12908 = ORIENTED_EDGE('',*,*,#12837,.T.);
#12909 = ORIENTED_EDGE('',*,*,#12880,.F.);
#12910 = PLANE('',#12911);
#12911 = AXIS2_PLACEMENT_3D('',#12912,#12913,#12914);
#12912 = CARTESIAN_POINT('',(2.288E+03,530.,80.));
#12913 = DIRECTION('',(0.,0.,1.));
#12914 = DIRECTION('',(1.,0.,0.));
#12915 = MANIFOLD_SOLID_BREP('',#12916);
#12916 = CLOSED_SHELL('',(#12917,#12957,#12997,#13019,#13041,#13053));
#12917 = ADVANCED_FACE('',(#12918),#12952,.F.);
#12918 = FACE_BOUND('',#12919,.F.);
#12919 = EDGE_LOOP('',(#12920,#12930,#12938,#12946));
#12920 = ORIENTED_EDGE('',*,*,#12921,.F.);
#12921 = EDGE_CURVE('',#12922,#12924,#12926,.T.);
#12922 = VERTEX_POINT('',#12923);
#12923 = CARTESIAN_POINT('',(2.86E+03,530.,0.));
#12924 = VERTEX_POINT('',#12925);
#12925 = CARTESIAN_POINT('',(2.86E+03,530.,80.));
#12926 = LINE('',#12927,#12928);
#12927 = CARTESIAN_POINT('',(2.86E+03,530.,0.));
#12928 = VECTOR('',#12929,1.);
#12929 = DIRECTION('',(0.,0.,1.));
#12930 = ORIENTED_EDGE('',*,*,#12931,.T.);
#12931 = EDGE_CURVE('',#12922,#12932,#12934,.T.);
#12932 = VERTEX_POINT('',#12933);
#12933 = CARTESIAN_POINT('',(2.86E+03,570.,0.));
#12934 = LINE('',#12935,#12936);
#12935 = CARTESIAN_POINT('',(2.86E+03,530.,0.));
#12936 = VECTOR('',#12937,1.);
#12937 = DIRECTION('',(0.,1.,0.));
#12938 = ORIENTED_EDGE('',*,*,#12939,.T.);
#12939 = EDGE_CURVE('',#12932,#12940,#12942,.T.);
#12940 = VERTEX_POINT('',#12941);
#12941 = CARTESIAN_POINT('',(2.86E+03,570.,80.));
#12942 = LINE('',#12943,#12944);
#12943 = CARTESIAN_POINT('',(2.86E+03,570.,0.));
#12944 = VECTOR('',#12945,1.);
#12945 = DIRECTION('',(0.,0.,1.));
#12946 = ORIENTED_EDGE('',*,*,#12947,.F.);
#12947 = EDGE_CURVE('',#12924,#12940,#12948,.T.);
#12948 = LINE('',#12949,#12950);
#12949 = CARTESIAN_POINT('',(2.86E+03,530.,80.));
#12950 = VECTOR('',#12951,1.);
#12951 = DIRECTION('',(0.,1.,0.));
#12952 = PLANE('',#12953);
#12953 = AXIS2_PLACEMENT_3D('',#12954,#12955,#12956);
#12954 = CARTESIAN_POINT('',(2.86E+03,530.,0.));
#12955 = DIRECTION('',(1.,0.,0.));
#12956 = DIRECTION('',(0.,0.,1.));
#12957 = ADVANCED_FACE('',(#12958),#12992,.T.);
#12958 = FACE_BOUND('',#12959,.T.);
#12959 = EDGE_LOOP('',(#12960,#12970,#12978,#12986));
#12960 = ORIENTED_EDGE('',*,*,#12961,.F.);
#12961 = EDGE_CURVE('',#12962,#12964,#12966,.T.);
#12962 = VERTEX_POINT('',#12963);
#12963 = CARTESIAN_POINT('',(2.9E+03,530.,0.));
#12964 = VERTEX_POINT('',#12965);
#12965 = CARTESIAN_POINT('',(2.9E+03,530.,80.));
#12966 = LINE('',#12967,#12968);
#12967 = CARTESIAN_POINT('',(2.9E+03,530.,0.));
#12968 = VECTOR('',#12969,1.);
#12969 = DIRECTION('',(0.,0.,1.));
#12970 = ORIENTED_EDGE('',*,*,#12971,.T.);
#12971 = EDGE_CURVE('',#12962,#12972,#12974,.T.);
#12972 = VERTEX_POINT('',#12973);
#12973 = CARTESIAN_POINT('',(2.9E+03,570.,0.));
#12974 = LINE('',#12975,#12976);
#12975 = CARTESIAN_POINT('',(2.9E+03,530.,0.));
#12976 = VECTOR('',#12977,1.);
#12977 = DIRECTION('',(0.,1.,0.));
#12978 = ORIENTED_EDGE('',*,*,#12979,.T.);
#12979 = EDGE_CURVE('',#12972,#12980,#12982,.T.);
#12980 = VERTEX_POINT('',#12981);
#12981 = CARTESIAN_POINT('',(2.9E+03,570.,80.));
#12982 = LINE('',#12983,#12984);
#12983 = CARTESIAN_POINT('',(2.9E+03,570.,0.));
#12984 = VECTOR('',#12985,1.);
#12985 = DIRECTION('',(0.,0.,1.));
#12986 = ORIENTED_EDGE('',*,*,#12987,.F.);
#12987 = EDGE_CURVE('',#12964,#12980,#12988,.T.);
#12988 = LINE('',#12989,#12990);
#12989 = CARTESIAN_POINT('',(2.9E+03,530.,80.));
#12990 = VECTOR('',#12991,1.);
#12991 = DIRECTION('',(0.,1.,0.));
#12992 = PLANE('',#12993);
#12993 = AXIS2_PLACEMENT_3D('',#12994,#12995,#12996);
#12994 = CARTESIAN_POINT('',(2.9E+03,530.,0.));
#12995 = DIRECTION('',(1.,0.,0.));
#12996 = DIRECTION('',(0.,0.,1.));
#12997 = ADVANCED_FACE('',(#12998),#13014,.F.);
#12998 = FACE_BOUND('',#12999,.F.);
#12999 = EDGE_LOOP('',(#13000,#13006,#13007,#13013));
#13000 = ORIENTED_EDGE('',*,*,#13001,.F.);
#13001 = EDGE_CURVE('',#12922,#12962,#13002,.T.);
#13002 = LINE('',#13003,#13004);
#13003 = CARTESIAN_POINT('',(2.86E+03,530.,0.));
#13004 = VECTOR('',#13005,1.);
#13005 = DIRECTION('',(1.,0.,0.));
#13006 = ORIENTED_EDGE('',*,*,#12921,.T.);
#13007 = ORIENTED_EDGE('',*,*,#13008,.T.);
#13008 = EDGE_CURVE('',#12924,#12964,#13009,.T.);
#13009 = LINE('',#13010,#13011);
#13010 = CARTESIAN_POINT('',(2.86E+03,530.,80.));
#13011 = VECTOR('',#13012,1.);
#13012 = DIRECTION('',(1.,0.,0.));
#13013 = ORIENTED_EDGE('',*,*,#12961,.F.);
#13014 = PLANE('',#13015);
#13015 = AXIS2_PLACEMENT_3D('',#13016,#13017,#13018);
#13016 = CARTESIAN_POINT('',(2.86E+03,530.,0.));
#13017 = DIRECTION('',(0.,1.,0.));
#13018 = DIRECTION('',(0.,0.,1.));
#13019 = ADVANCED_FACE('',(#13020),#13036,.T.);
#13020 = FACE_BOUND('',#13021,.T.);
#13021 = EDGE_LOOP('',(#13022,#13028,#13029,#13035));
#13022 = ORIENTED_EDGE('',*,*,#13023,.F.);
#13023 = EDGE_CURVE('',#12932,#12972,#13024,.T.);
#13024 = LINE('',#13025,#13026);
#13025 = CARTESIAN_POINT('',(2.86E+03,570.,0.));
#13026 = VECTOR('',#13027,1.);
#13027 = DIRECTION('',(1.,0.,0.));
#13028 = ORIENTED_EDGE('',*,*,#12939,.T.);
#13029 = ORIENTED_EDGE('',*,*,#13030,.T.);
#13030 = EDGE_CURVE('',#12940,#12980,#13031,.T.);
#13031 = LINE('',#13032,#13033);
#13032 = CARTESIAN_POINT('',(2.86E+03,570.,80.));
#13033 = VECTOR('',#13034,1.);
#13034 = DIRECTION('',(1.,0.,0.));
#13035 = ORIENTED_EDGE('',*,*,#12979,.F.);
#13036 = PLANE('',#13037);
#13037 = AXIS2_PLACEMENT_3D('',#13038,#13039,#13040);
#13038 = CARTESIAN_POINT('',(2.86E+03,570.,0.));
#13039 = DIRECTION('',(0.,1.,0.));
#13040 = DIRECTION('',(0.,0.,1.));
#13041 = ADVANCED_FACE('',(#13042),#13048,.F.);
#13042 = FACE_BOUND('',#13043,.F.);
#13043 = EDGE_LOOP('',(#13044,#13045,#13046,#13047));
#13044 = ORIENTED_EDGE('',*,*,#12931,.F.);
#13045 = ORIENTED_EDGE('',*,*,#13001,.T.);
#13046 = ORIENTED_EDGE('',*,*,#12971,.T.);
#13047 = ORIENTED_EDGE('',*,*,#13023,.F.);
#13048 = PLANE('',#13049);
#13049 = AXIS2_PLACEMENT_3D('',#13050,#13051,#13052);
#13050 = CARTESIAN_POINT('',(2.86E+03,530.,0.));
#13051 = DIRECTION('',(0.,0.,1.));
#13052 = DIRECTION('',(1.,0.,0.));
#13053 = ADVANCED_FACE('',(#13054),#13060,.T.);
#13054 = FACE_BOUND('',#13055,.T.);
#13055 = EDGE_LOOP('',(#13056,#13057,#13058,#13059));
#13056 = ORIENTED_EDGE('',*,*,#12947,.F.);
#13057 = ORIENTED_EDGE('',*,*,#13008,.T.);
#13058 = ORIENTED_EDGE('',*,*,#12987,.T.);
#13059 = ORIENTED_EDGE('',*,*,#13030,.F.);
#13060 = PLANE('',#13061);
#13061 = AXIS2_PLACEMENT_3D('',#13062,#13063,#13064);
#13062 = CARTESIAN_POINT('',(2.86E+03,530.,80.));
#13063 = DIRECTION('',(0.,0.,1.));
#13064 = DIRECTION('',(1.,0.,0.));
#13065 = MANIFOLD_SOLID_BREP('',#13066);
#13066 = CLOSED_SHELL('',(#13067,#13107,#13147,#13169,#13191,#13203));
#13067 = ADVANCED_FACE('',(#13068),#13102,.F.);
#13068 = FACE_BOUND('',#13069,.F.);
#13069 = EDGE_LOOP('',(#13070,#13080,#13088,#13096));
#13070 = ORIENTED_EDGE('',*,*,#13071,.F.);
#13071 = EDGE_CURVE('',#13072,#13074,#13076,.T.);
#13072 = VERTEX_POINT('',#13073);
#13073 = CARTESIAN_POINT('',(2.258E+03,0.,2.282E+03));
#13074 = VERTEX_POINT('',#13075);
#13075 = CARTESIAN_POINT('',(2.258E+03,0.,2.3E+03));
#13076 = LINE('',#13077,#13078);
#13077 = CARTESIAN_POINT('',(2.258E+03,0.,2.282E+03));
#13078 = VECTOR('',#13079,1.);
#13079 = DIRECTION('',(0.,0.,1.));
#13080 = ORIENTED_EDGE('',*,*,#13081,.T.);
#13081 = EDGE_CURVE('',#13072,#13082,#13084,.T.);
#13082 = VERTEX_POINT('',#13083);
#13083 = CARTESIAN_POINT('',(2.258E+03,600.,2.282E+03));
#13084 = LINE('',#13085,#13086);
#13085 = CARTESIAN_POINT('',(2.258E+03,0.,2.282E+03));
#13086 = VECTOR('',#13087,1.);
#13087 = DIRECTION('',(0.,1.,0.));
#13088 = ORIENTED_EDGE('',*,*,#13089,.T.);
#13089 = EDGE_CURVE('',#13082,#13090,#13092,.T.);
#13090 = VERTEX_POINT('',#13091);
#13091 = CARTESIAN_POINT('',(2.258E+03,600.,2.3E+03));
#13092 = LINE('',#13093,#13094);
#13093 = CARTESIAN_POINT('',(2.258E+03,600.,2.282E+03));
#13094 = VECTOR('',#13095,1.);
#13095 = DIRECTION('',(0.,0.,1.));
#13096 = ORIENTED_EDGE('',*,*,#13097,.F.);
#13097 = EDGE_CURVE('',#13074,#13090,#13098,.T.);
#13098 = LINE('',#13099,#13100);
#13099 = CARTESIAN_POINT('',(2.258E+03,0.,2.3E+03));
#13100 = VECTOR('',#13101,1.);
#13101 = DIRECTION('',(0.,1.,0.));
#13102 = PLANE('',#13103);
#13103 = AXIS2_PLACEMENT_3D('',#13104,#13105,#13106);
#13104 = CARTESIAN_POINT('',(2.258E+03,0.,2.282E+03));
#13105 = DIRECTION('',(1.,0.,0.));
#13106 = DIRECTION('',(0.,0.,1.));
#13107 = ADVANCED_FACE('',(#13108),#13142,.T.);
#13108 = FACE_BOUND('',#13109,.T.);
#13109 = EDGE_LOOP('',(#13110,#13120,#13128,#13136));
#13110 = ORIENTED_EDGE('',*,*,#13111,.F.);
#13111 = EDGE_CURVE('',#13112,#13114,#13116,.T.);
#13112 = VERTEX_POINT('',#13113);
#13113 = CARTESIAN_POINT('',(2.93E+03,0.,2.282E+03));
#13114 = VERTEX_POINT('',#13115);
#13115 = CARTESIAN_POINT('',(2.93E+03,0.,2.3E+03));
#13116 = LINE('',#13117,#13118);
#13117 = CARTESIAN_POINT('',(2.93E+03,0.,2.282E+03));
#13118 = VECTOR('',#13119,1.);
#13119 = DIRECTION('',(0.,0.,1.));
#13120 = ORIENTED_EDGE('',*,*,#13121,.T.);
#13121 = EDGE_CURVE('',#13112,#13122,#13124,.T.);
#13122 = VERTEX_POINT('',#13123);
#13123 = CARTESIAN_POINT('',(2.93E+03,600.,2.282E+03));
#13124 = LINE('',#13125,#13126);
#13125 = CARTESIAN_POINT('',(2.93E+03,0.,2.282E+03));
#13126 = VECTOR('',#13127,1.);
#13127 = DIRECTION('',(0.,1.,0.));
#13128 = ORIENTED_EDGE('',*,*,#13129,.T.);
#13129 = EDGE_CURVE('',#13122,#13130,#13132,.T.);
#13130 = VERTEX_POINT('',#13131);
#13131 = CARTESIAN_POINT('',(2.93E+03,600.,2.3E+03));
#13132 = LINE('',#13133,#13134);
#13133 = CARTESIAN_POINT('',(2.93E+03,600.,2.282E+03));
#13134 = VECTOR('',#13135,1.);
#13135 = DIRECTION('',(0.,0.,1.));
#13136 = ORIENTED_EDGE('',*,*,#13137,.F.);
#13137 = EDGE_CURVE('',#13114,#13130,#13138,.T.);
#13138 = LINE('',#13139,#13140);
#13139 = CARTESIAN_POINT('',(2.93E+03,0.,2.3E+03));
#13140 = VECTOR('',#13141,1.);
#13141 = DIRECTION('',(0.,1.,0.));
#13142 = PLANE('',#13143);
#13143 = AXIS2_PLACEMENT_3D('',#13144,#13145,#13146);
#13144 = CARTESIAN_POINT('',(2.93E+03,0.,2.282E+03));
#13145 = DIRECTION('',(1.,0.,0.));
#13146 = DIRECTION('',(0.,0.,1.));
#13147 = ADVANCED_FACE('',(#13148),#13164,.F.);
#13148 = FACE_BOUND('',#13149,.F.);
#13149 = EDGE_LOOP('',(#13150,#13156,#13157,#13163));
#13150 = ORIENTED_EDGE('',*,*,#13151,.F.);
#13151 = EDGE_CURVE('',#13072,#13112,#13152,.T.);
#13152 = LINE('',#13153,#13154);
#13153 = CARTESIAN_POINT('',(2.258E+03,0.,2.282E+03));
#13154 = VECTOR('',#13155,1.);
#13155 = DIRECTION('',(1.,0.,0.));
#13156 = ORIENTED_EDGE('',*,*,#13071,.T.);
#13157 = ORIENTED_EDGE('',*,*,#13158,.T.);
#13158 = EDGE_CURVE('',#13074,#13114,#13159,.T.);
#13159 = LINE('',#13160,#13161);
#13160 = CARTESIAN_POINT('',(2.258E+03,0.,2.3E+03));
#13161 = VECTOR('',#13162,1.);
#13162 = DIRECTION('',(1.,0.,0.));
#13163 = ORIENTED_EDGE('',*,*,#13111,.F.);
#13164 = PLANE('',#13165);
#13165 = AXIS2_PLACEMENT_3D('',#13166,#13167,#13168);
#13166 = CARTESIAN_POINT('',(2.258E+03,0.,2.282E+03));
#13167 = DIRECTION('',(0.,1.,0.));
#13168 = DIRECTION('',(0.,0.,1.));
#13169 = ADVANCED_FACE('',(#13170),#13186,.T.);
#13170 = FACE_BOUND('',#13171,.T.);
#13171 = EDGE_LOOP('',(#13172,#13178,#13179,#13185));
#13172 = ORIENTED_EDGE('',*,*,#13173,.F.);
#13173 = EDGE_CURVE('',#13082,#13122,#13174,.T.);
#13174 = LINE('',#13175,#13176);
#13175 = CARTESIAN_POINT('',(2.258E+03,600.,2.282E+03));
#13176 = VECTOR('',#13177,1.);
#13177 = DIRECTION('',(1.,0.,0.));
#13178 = ORIENTED_EDGE('',*,*,#13089,.T.);
#13179 = ORIENTED_EDGE('',*,*,#13180,.T.);
#13180 = EDGE_CURVE('',#13090,#13130,#13181,.T.);
#13181 = LINE('',#13182,#13183);
#13182 = CARTESIAN_POINT('',(2.258E+03,600.,2.3E+03));
#13183 = VECTOR('',#13184,1.);
#13184 = DIRECTION('',(1.,0.,0.));
#13185 = ORIENTED_EDGE('',*,*,#13129,.F.);
#13186 = PLANE('',#13187);
#13187 = AXIS2_PLACEMENT_3D('',#13188,#13189,#13190);
#13188 = CARTESIAN_POINT('',(2.258E+03,600.,2.282E+03));
#13189 = DIRECTION('',(0.,1.,0.));
#13190 = DIRECTION('',(0.,0.,1.));
#13191 = ADVANCED_FACE('',(#13192),#13198,.F.);
#13192 = FACE_BOUND('',#13193,.F.);
#13193 = EDGE_LOOP('',(#13194,#13195,#13196,#13197));
#13194 = ORIENTED_EDGE('',*,*,#13081,.F.);
#13195 = ORIENTED_EDGE('',*,*,#13151,.T.);
#13196 = ORIENTED_EDGE('',*,*,#13121,.T.);
#13197 = ORIENTED_EDGE('',*,*,#13173,.F.);
#13198 = PLANE('',#13199);
#13199 = AXIS2_PLACEMENT_3D('',#13200,#13201,#13202);
#13200 = CARTESIAN_POINT('',(2.258E+03,0.,2.282E+03));
#13201 = DIRECTION('',(0.,0.,1.));
#13202 = DIRECTION('',(1.,0.,0.));
#13203 = ADVANCED_FACE('',(#13204),#13210,.T.);
#13204 = FACE_BOUND('',#13205,.T.);
#13205 = EDGE_LOOP('',(#13206,#13207,#13208,#13209));
#13206 = ORIENTED_EDGE('',*,*,#13097,.F.);
#13207 = ORIENTED_EDGE('',*,*,#13158,.T.);
#13208 = ORIENTED_EDGE('',*,*,#13137,.T.);
#13209 = ORIENTED_EDGE('',*,*,#13180,.F.);
#13210 = PLANE('',#13211);
#13211 = AXIS2_PLACEMENT_3D('',#13212,#13213,#13214);
#13212 = CARTESIAN_POINT('',(2.258E+03,0.,2.3E+03));
#13213 = DIRECTION('',(0.,0.,1.));
#13214 = DIRECTION('',(1.,0.,0.));
#13215 = MANIFOLD_SOLID_BREP('',#13216);
#13216 = CLOSED_SHELL('',(#13217,#13257,#13297,#13319,#13341,#13353));
#13217 = ADVANCED_FACE('',(#13218),#13252,.F.);
#13218 = FACE_BOUND('',#13219,.F.);
#13219 = EDGE_LOOP('',(#13220,#13230,#13238,#13246));
#13220 = ORIENTED_EDGE('',*,*,#13221,.F.);
#13221 = EDGE_CURVE('',#13222,#13224,#13226,.T.);
#13222 = VERTEX_POINT('',#13223);
#13223 = CARTESIAN_POINT('',(2.276E+03,597.,98.));
#13224 = VERTEX_POINT('',#13225);
#13225 = CARTESIAN_POINT('',(2.276E+03,597.,2.282E+03));
#13226 = LINE('',#13227,#13228);
#13227 = CARTESIAN_POINT('',(2.276E+03,597.,98.));
#13228 = VECTOR('',#13229,1.);
#13229 = DIRECTION('',(0.,0.,1.));
#13230 = ORIENTED_EDGE('',*,*,#13231,.T.);
#13231 = EDGE_CURVE('',#13222,#13232,#13234,.T.);
#13232 = VERTEX_POINT('',#13233);
#13233 = CARTESIAN_POINT('',(2.276E+03,600.,98.));
#13234 = LINE('',#13235,#13236);
#13235 = CARTESIAN_POINT('',(2.276E+03,597.,98.));
#13236 = VECTOR('',#13237,1.);
#13237 = DIRECTION('',(0.,1.,0.));
#13238 = ORIENTED_EDGE('',*,*,#13239,.T.);
#13239 = EDGE_CURVE('',#13232,#13240,#13242,.T.);
#13240 = VERTEX_POINT('',#13241);
#13241 = CARTESIAN_POINT('',(2.276E+03,600.,2.282E+03));
#13242 = LINE('',#13243,#13244);
#13243 = CARTESIAN_POINT('',(2.276E+03,600.,98.));
#13244 = VECTOR('',#13245,1.);
#13245 = DIRECTION('',(0.,0.,1.));
#13246 = ORIENTED_EDGE('',*,*,#13247,.F.);
#13247 = EDGE_CURVE('',#13224,#13240,#13248,.T.);
#13248 = LINE('',#13249,#13250);
#13249 = CARTESIAN_POINT('',(2.276E+03,597.,2.282E+03));
#13250 = VECTOR('',#13251,1.);
#13251 = DIRECTION('',(0.,1.,0.));
#13252 = PLANE('',#13253);
#13253 = AXIS2_PLACEMENT_3D('',#13254,#13255,#13256);
#13254 = CARTESIAN_POINT('',(2.276E+03,597.,98.));
#13255 = DIRECTION('',(1.,0.,0.));
#13256 = DIRECTION('',(0.,0.,1.));
#13257 = ADVANCED_FACE('',(#13258),#13292,.T.);
#13258 = FACE_BOUND('',#13259,.T.);
#13259 = EDGE_LOOP('',(#13260,#13270,#13278,#13286));
#13260 = ORIENTED_EDGE('',*,*,#13261,.F.);
#13261 = EDGE_CURVE('',#13262,#13264,#13266,.T.);
#13262 = VERTEX_POINT('',#13263);
#13263 = CARTESIAN_POINT('',(2.912E+03,597.,98.));
#13264 = VERTEX_POINT('',#13265);
#13265 = CARTESIAN_POINT('',(2.912E+03,597.,2.282E+03));
#13266 = LINE('',#13267,#13268);
#13267 = CARTESIAN_POINT('',(2.912E+03,597.,98.));
#13268 = VECTOR('',#13269,1.);
#13269 = DIRECTION('',(0.,0.,1.));
#13270 = ORIENTED_EDGE('',*,*,#13271,.T.);
#13271 = EDGE_CURVE('',#13262,#13272,#13274,.T.);
#13272 = VERTEX_POINT('',#13273);
#13273 = CARTESIAN_POINT('',(2.912E+03,600.,98.));
#13274 = LINE('',#13275,#13276);
#13275 = CARTESIAN_POINT('',(2.912E+03,597.,98.));
#13276 = VECTOR('',#13277,1.);
#13277 = DIRECTION('',(0.,1.,0.));
#13278 = ORIENTED_EDGE('',*,*,#13279,.T.);
#13279 = EDGE_CURVE('',#13272,#13280,#13282,.T.);
#13280 = VERTEX_POINT('',#13281);
#13281 = CARTESIAN_POINT('',(2.912E+03,600.,2.282E+03));
#13282 = LINE('',#13283,#13284);
#13283 = CARTESIAN_POINT('',(2.912E+03,600.,98.));
#13284 = VECTOR('',#13285,1.);
#13285 = DIRECTION('',(0.,0.,1.));
#13286 = ORIENTED_EDGE('',*,*,#13287,.F.);
#13287 = EDGE_CURVE('',#13264,#13280,#13288,.T.);
#13288 = LINE('',#13289,#13290);
#13289 = CARTESIAN_POINT('',(2.912E+03,597.,2.282E+03));
#13290 = VECTOR('',#13291,1.);
#13291 = DIRECTION('',(0.,1.,0.));
#13292 = PLANE('',#13293);
#13293 = AXIS2_PLACEMENT_3D('',#13294,#13295,#13296);
#13294 = CARTESIAN_POINT('',(2.912E+03,597.,98.));
#13295 = DIRECTION('',(1.,0.,0.));
#13296 = DIRECTION('',(0.,0.,1.));
#13297 = ADVANCED_FACE('',(#13298),#13314,.F.);
#13298 = FACE_BOUND('',#13299,.F.);
#13299 = EDGE_LOOP('',(#13300,#13306,#13307,#13313));
#13300 = ORIENTED_EDGE('',*,*,#13301,.F.);
#13301 = EDGE_CURVE('',#13222,#13262,#13302,.T.);
#13302 = LINE('',#13303,#13304);
#13303 = CARTESIAN_POINT('',(2.276E+03,597.,98.));
#13304 = VECTOR('',#13305,1.);
#13305 = DIRECTION('',(1.,0.,0.));
#13306 = ORIENTED_EDGE('',*,*,#13221,.T.);
#13307 = ORIENTED_EDGE('',*,*,#13308,.T.);
#13308 = EDGE_CURVE('',#13224,#13264,#13309,.T.);
#13309 = LINE('',#13310,#13311);
#13310 = CARTESIAN_POINT('',(2.276E+03,597.,2.282E+03));
#13311 = VECTOR('',#13312,1.);
#13312 = DIRECTION('',(1.,0.,0.));
#13313 = ORIENTED_EDGE('',*,*,#13261,.F.);
#13314 = PLANE('',#13315);
#13315 = AXIS2_PLACEMENT_3D('',#13316,#13317,#13318);
#13316 = CARTESIAN_POINT('',(2.276E+03,597.,98.));
#13317 = DIRECTION('',(0.,1.,0.));
#13318 = DIRECTION('',(0.,0.,1.));
#13319 = ADVANCED_FACE('',(#13320),#13336,.T.);
#13320 = FACE_BOUND('',#13321,.T.);
#13321 = EDGE_LOOP('',(#13322,#13328,#13329,#13335));
#13322 = ORIENTED_EDGE('',*,*,#13323,.F.);
#13323 = EDGE_CURVE('',#13232,#13272,#13324,.T.);
#13324 = LINE('',#13325,#13326);
#13325 = CARTESIAN_POINT('',(2.276E+03,600.,98.));
#13326 = VECTOR('',#13327,1.);
#13327 = DIRECTION('',(1.,0.,0.));
#13328 = ORIENTED_EDGE('',*,*,#13239,.T.);
#13329 = ORIENTED_EDGE('',*,*,#13330,.T.);
#13330 = EDGE_CURVE('',#13240,#13280,#13331,.T.);
#13331 = LINE('',#13332,#13333);
#13332 = CARTESIAN_POINT('',(2.276E+03,600.,2.282E+03));
#13333 = VECTOR('',#13334,1.);
#13334 = DIRECTION('',(1.,0.,0.));
#13335 = ORIENTED_EDGE('',*,*,#13279,.F.);
#13336 = PLANE('',#13337);
#13337 = AXIS2_PLACEMENT_3D('',#13338,#13339,#13340);
#13338 = CARTESIAN_POINT('',(2.276E+03,600.,98.));
#13339 = DIRECTION('',(0.,1.,0.));
#13340 = DIRECTION('',(0.,0.,1.));
#13341 = ADVANCED_FACE('',(#13342),#13348,.F.);
#13342 = FACE_BOUND('',#13343,.F.);
#13343 = EDGE_LOOP('',(#13344,#13345,#13346,#13347));
#13344 = ORIENTED_EDGE('',*,*,#13231,.F.);
#13345 = ORIENTED_EDGE('',*,*,#13301,.T.);
#13346 = ORIENTED_EDGE('',*,*,#13271,.T.);
#13347 = ORIENTED_EDGE('',*,*,#13323,.F.);
#13348 = PLANE('',#13349);
#13349 = AXIS2_PLACEMENT_3D('',#13350,#13351,#13352);
#13350 = CARTESIAN_POINT('',(2.276E+03,597.,98.));
#13351 = DIRECTION('',(0.,0.,1.));
#13352 = DIRECTION('',(1.,0.,0.));
#13353 = ADVANCED_FACE('',(#13354),#13360,.T.);
#13354 = FACE_BOUND('',#13355,.T.);
#13355 = EDGE_LOOP('',(#13356,#13357,#13358,#13359));
#13356 = ORIENTED_EDGE('',*,*,#13247,.F.);
#13357 = ORIENTED_EDGE('',*,*,#13308,.T.);
#13358 = ORIENTED_EDGE('',*,*,#13287,.T.);
#13359 = ORIENTED_EDGE('',*,*,#13330,.F.);
#13360 = PLANE('',#13361);
#13361 = AXIS2_PLACEMENT_3D('',#13362,#13363,#13364);
#13362 = CARTESIAN_POINT('',(2.276E+03,597.,2.282E+03));
#13363 = DIRECTION('',(0.,0.,1.));
#13364 = DIRECTION('',(1.,0.,0.));
#13365 = MANIFOLD_SOLID_BREP('',#13366);
#13366 = CLOSED_SHELL('',(#13367,#13407,#13447,#13469,#13491,#13503));
#13367 = ADVANCED_FACE('',(#13368),#13402,.F.);
#13368 = FACE_BOUND('',#13369,.F.);
#13369 = EDGE_LOOP('',(#13370,#13380,#13388,#13396));
#13370 = ORIENTED_EDGE('',*,*,#13371,.F.);
#13371 = EDGE_CURVE('',#13372,#13374,#13376,.T.);
#13372 = VERTEX_POINT('',#13373);
#13373 = CARTESIAN_POINT('',(2.276E+03,0.,768.));
#13374 = VERTEX_POINT('',#13375);
#13375 = CARTESIAN_POINT('',(2.276E+03,0.,1.367E+03));
#13376 = LINE('',#13377,#13378);
#13377 = CARTESIAN_POINT('',(2.276E+03,0.,768.));
#13378 = VECTOR('',#13379,1.);
#13379 = DIRECTION('',(0.,0.,1.));
#13380 = ORIENTED_EDGE('',*,*,#13381,.T.);
#13381 = EDGE_CURVE('',#13372,#13382,#13384,.T.);
#13382 = VERTEX_POINT('',#13383);
#13383 = CARTESIAN_POINT('',(2.276E+03,60.,768.));
#13384 = LINE('',#13385,#13386);
#13385 = CARTESIAN_POINT('',(2.276E+03,0.,768.));
#13386 = VECTOR('',#13387,1.);
#13387 = DIRECTION('',(0.,1.,0.));
#13388 = ORIENTED_EDGE('',*,*,#13389,.T.);
#13389 = EDGE_CURVE('',#13382,#13390,#13392,.T.);
#13390 = VERTEX_POINT('',#13391);
#13391 = CARTESIAN_POINT('',(2.276E+03,60.,1.367E+03));
#13392 = LINE('',#13393,#13394);
#13393 = CARTESIAN_POINT('',(2.276E+03,60.,768.));
#13394 = VECTOR('',#13395,1.);
#13395 = DIRECTION('',(0.,0.,1.));
#13396 = ORIENTED_EDGE('',*,*,#13397,.F.);
#13397 = EDGE_CURVE('',#13374,#13390,#13398,.T.);
#13398 = LINE('',#13399,#13400);
#13399 = CARTESIAN_POINT('',(2.276E+03,0.,1.367E+03));
#13400 = VECTOR('',#13401,1.);
#13401 = DIRECTION('',(0.,1.,0.));
#13402 = PLANE('',#13403);
#13403 = AXIS2_PLACEMENT_3D('',#13404,#13405,#13406);
#13404 = CARTESIAN_POINT('',(2.276E+03,0.,768.));
#13405 = DIRECTION('',(1.,0.,0.));
#13406 = DIRECTION('',(0.,0.,1.));
#13407 = ADVANCED_FACE('',(#13408),#13442,.T.);
#13408 = FACE_BOUND('',#13409,.T.);
#13409 = EDGE_LOOP('',(#13410,#13420,#13428,#13436));
#13410 = ORIENTED_EDGE('',*,*,#13411,.F.);
#13411 = EDGE_CURVE('',#13412,#13414,#13416,.T.);
#13412 = VERTEX_POINT('',#13413);
#13413 = CARTESIAN_POINT('',(2.294E+03,0.,768.));
#13414 = VERTEX_POINT('',#13415);
#13415 = CARTESIAN_POINT('',(2.294E+03,0.,1.367E+03));
#13416 = LINE('',#13417,#13418);
#13417 = CARTESIAN_POINT('',(2.294E+03,0.,768.));
#13418 = VECTOR('',#13419,1.);
#13419 = DIRECTION('',(0.,0.,1.));
#13420 = ORIENTED_EDGE('',*,*,#13421,.T.);
#13421 = EDGE_CURVE('',#13412,#13422,#13424,.T.);
#13422 = VERTEX_POINT('',#13423);
#13423 = CARTESIAN_POINT('',(2.294E+03,60.,768.));
#13424 = LINE('',#13425,#13426);
#13425 = CARTESIAN_POINT('',(2.294E+03,0.,768.));
#13426 = VECTOR('',#13427,1.);
#13427 = DIRECTION('',(0.,1.,0.));
#13428 = ORIENTED_EDGE('',*,*,#13429,.T.);
#13429 = EDGE_CURVE('',#13422,#13430,#13432,.T.);
#13430 = VERTEX_POINT('',#13431);
#13431 = CARTESIAN_POINT('',(2.294E+03,60.,1.367E+03));
#13432 = LINE('',#13433,#13434);
#13433 = CARTESIAN_POINT('',(2.294E+03,60.,768.));
#13434 = VECTOR('',#13435,1.);
#13435 = DIRECTION('',(0.,0.,1.));
#13436 = ORIENTED_EDGE('',*,*,#13437,.F.);
#13437 = EDGE_CURVE('',#13414,#13430,#13438,.T.);
#13438 = LINE('',#13439,#13440);
#13439 = CARTESIAN_POINT('',(2.294E+03,0.,1.367E+03));
#13440 = VECTOR('',#13441,1.);
#13441 = DIRECTION('',(0.,1.,0.));
#13442 = PLANE('',#13443);
#13443 = AXIS2_PLACEMENT_3D('',#13444,#13445,#13446);
#13444 = CARTESIAN_POINT('',(2.294E+03,0.,768.));
#13445 = DIRECTION('',(1.,0.,0.));
#13446 = DIRECTION('',(0.,0.,1.));
#13447 = ADVANCED_FACE('',(#13448),#13464,.F.);
#13448 = FACE_BOUND('',#13449,.F.);
#13449 = EDGE_LOOP('',(#13450,#13456,#13457,#13463));
#13450 = ORIENTED_EDGE('',*,*,#13451,.F.);
#13451 = EDGE_CURVE('',#13372,#13412,#13452,.T.);
#13452 = LINE('',#13453,#13454);
#13453 = CARTESIAN_POINT('',(2.276E+03,0.,768.));
#13454 = VECTOR('',#13455,1.);
#13455 = DIRECTION('',(1.,0.,0.));
#13456 = ORIENTED_EDGE('',*,*,#13371,.T.);
#13457 = ORIENTED_EDGE('',*,*,#13458,.T.);
#13458 = EDGE_CURVE('',#13374,#13414,#13459,.T.);
#13459 = LINE('',#13460,#13461);
#13460 = CARTESIAN_POINT('',(2.276E+03,0.,1.367E+03));
#13461 = VECTOR('',#13462,1.);
#13462 = DIRECTION('',(1.,0.,0.));
#13463 = ORIENTED_EDGE('',*,*,#13411,.F.);
#13464 = PLANE('',#13465);
#13465 = AXIS2_PLACEMENT_3D('',#13466,#13467,#13468);
#13466 = CARTESIAN_POINT('',(2.276E+03,0.,768.));
#13467 = DIRECTION('',(0.,1.,0.));
#13468 = DIRECTION('',(0.,0.,1.));
#13469 = ADVANCED_FACE('',(#13470),#13486,.T.);
#13470 = FACE_BOUND('',#13471,.T.);
#13471 = EDGE_LOOP('',(#13472,#13478,#13479,#13485));
#13472 = ORIENTED_EDGE('',*,*,#13473,.F.);
#13473 = EDGE_CURVE('',#13382,#13422,#13474,.T.);
#13474 = LINE('',#13475,#13476);
#13475 = CARTESIAN_POINT('',(2.276E+03,60.,768.));
#13476 = VECTOR('',#13477,1.);
#13477 = DIRECTION('',(1.,0.,0.));
#13478 = ORIENTED_EDGE('',*,*,#13389,.T.);
#13479 = ORIENTED_EDGE('',*,*,#13480,.T.);
#13480 = EDGE_CURVE('',#13390,#13430,#13481,.T.);
#13481 = LINE('',#13482,#13483);
#13482 = CARTESIAN_POINT('',(2.276E+03,60.,1.367E+03));
#13483 = VECTOR('',#13484,1.);
#13484 = DIRECTION('',(1.,0.,0.));
#13485 = ORIENTED_EDGE('',*,*,#13429,.F.);
#13486 = PLANE('',#13487);
#13487 = AXIS2_PLACEMENT_3D('',#13488,#13489,#13490);
#13488 = CARTESIAN_POINT('',(2.276E+03,60.,768.));
#13489 = DIRECTION('',(0.,1.,0.));
#13490 = DIRECTION('',(0.,0.,1.));
#13491 = ADVANCED_FACE('',(#13492),#13498,.F.);
#13492 = FACE_BOUND('',#13493,.F.);
#13493 = EDGE_LOOP('',(#13494,#13495,#13496,#13497));
#13494 = ORIENTED_EDGE('',*,*,#13381,.F.);
#13495 = ORIENTED_EDGE('',*,*,#13451,.T.);
#13496 = ORIENTED_EDGE('',*,*,#13421,.T.);
#13497 = ORIENTED_EDGE('',*,*,#13473,.F.);
#13498 = PLANE('',#13499);
#13499 = AXIS2_PLACEMENT_3D('',#13500,#13501,#13502);
#13500 = CARTESIAN_POINT('',(2.276E+03,0.,768.));
#13501 = DIRECTION('',(0.,0.,1.));
#13502 = DIRECTION('',(1.,0.,0.));
#13503 = ADVANCED_FACE('',(#13504),#13510,.T.);
#13504 = FACE_BOUND('',#13505,.T.);
#13505 = EDGE_LOOP('',(#13506,#13507,#13508,#13509));
#13506 = ORIENTED_EDGE('',*,*,#13397,.F.);
#13507 = ORIENTED_EDGE('',*,*,#13458,.T.);
#13508 = ORIENTED_EDGE('',*,*,#13437,.T.);
#13509 = ORIENTED_EDGE('',*,*,#13480,.F.);
#13510 = PLANE('',#13511);
#13511 = AXIS2_PLACEMENT_3D('',#13512,#13513,#13514);
#13512 = CARTESIAN_POINT('',(2.276E+03,0.,1.367E+03));
#13513 = DIRECTION('',(0.,0.,1.));
#13514 = DIRECTION('',(1.,0.,0.));
#13515 = MANIFOLD_SOLID_BREP('',#13516);
#13516 = CLOSED_SHELL('',(#13517,#13557,#13597,#13619,#13641,#13653));
#13517 = ADVANCED_FACE('',(#13518),#13552,.F.);
#13518 = FACE_BOUND('',#13519,.F.);
#13519 = EDGE_LOOP('',(#13520,#13530,#13538,#13546));
#13520 = ORIENTED_EDGE('',*,*,#13521,.F.);
#13521 = EDGE_CURVE('',#13522,#13524,#13526,.T.);
#13522 = VERTEX_POINT('',#13523);
#13523 = CARTESIAN_POINT('',(2.894E+03,0.,768.));
#13524 = VERTEX_POINT('',#13525);
#13525 = CARTESIAN_POINT('',(2.894E+03,0.,1.367E+03));
#13526 = LINE('',#13527,#13528);
#13527 = CARTESIAN_POINT('',(2.894E+03,0.,768.));
#13528 = VECTOR('',#13529,1.);
#13529 = DIRECTION('',(0.,0.,1.));
#13530 = ORIENTED_EDGE('',*,*,#13531,.T.);
#13531 = EDGE_CURVE('',#13522,#13532,#13534,.T.);
#13532 = VERTEX_POINT('',#13533);
#13533 = CARTESIAN_POINT('',(2.894E+03,60.,768.));
#13534 = LINE('',#13535,#13536);
#13535 = CARTESIAN_POINT('',(2.894E+03,0.,768.));
#13536 = VECTOR('',#13537,1.);
#13537 = DIRECTION('',(0.,1.,0.));
#13538 = ORIENTED_EDGE('',*,*,#13539,.T.);
#13539 = EDGE_CURVE('',#13532,#13540,#13542,.T.);
#13540 = VERTEX_POINT('',#13541);
#13541 = CARTESIAN_POINT('',(2.894E+03,60.,1.367E+03));
#13542 = LINE('',#13543,#13544);
#13543 = CARTESIAN_POINT('',(2.894E+03,60.,768.));
#13544 = VECTOR('',#13545,1.);
#13545 = DIRECTION('',(0.,0.,1.));
#13546 = ORIENTED_EDGE('',*,*,#13547,.F.);
#13547 = EDGE_CURVE('',#13524,#13540,#13548,.T.);
#13548 = LINE('',#13549,#13550);
#13549 = CARTESIAN_POINT('',(2.894E+03,0.,1.367E+03));
#13550 = VECTOR('',#13551,1.);
#13551 = DIRECTION('',(0.,1.,0.));
#13552 = PLANE('',#13553);
#13553 = AXIS2_PLACEMENT_3D('',#13554,#13555,#13556);
#13554 = CARTESIAN_POINT('',(2.894E+03,0.,768.));
#13555 = DIRECTION('',(1.,0.,0.));
#13556 = DIRECTION('',(0.,0.,1.));
#13557 = ADVANCED_FACE('',(#13558),#13592,.T.);
#13558 = FACE_BOUND('',#13559,.T.);
#13559 = EDGE_LOOP('',(#13560,#13570,#13578,#13586));
#13560 = ORIENTED_EDGE('',*,*,#13561,.F.);
#13561 = EDGE_CURVE('',#13562,#13564,#13566,.T.);
#13562 = VERTEX_POINT('',#13563);
#13563 = CARTESIAN_POINT('',(2.912E+03,0.,768.));
#13564 = VERTEX_POINT('',#13565);
#13565 = CARTESIAN_POINT('',(2.912E+03,0.,1.367E+03));
#13566 = LINE('',#13567,#13568);
#13567 = CARTESIAN_POINT('',(2.912E+03,0.,768.));
#13568 = VECTOR('',#13569,1.);
#13569 = DIRECTION('',(0.,0.,1.));
#13570 = ORIENTED_EDGE('',*,*,#13571,.T.);
#13571 = EDGE_CURVE('',#13562,#13572,#13574,.T.);
#13572 = VERTEX_POINT('',#13573);
#13573 = CARTESIAN_POINT('',(2.912E+03,60.,768.));
#13574 = LINE('',#13575,#13576);
#13575 = CARTESIAN_POINT('',(2.912E+03,0.,768.));
#13576 = VECTOR('',#13577,1.);
#13577 = DIRECTION('',(0.,1.,0.));
#13578 = ORIENTED_EDGE('',*,*,#13579,.T.);
#13579 = EDGE_CURVE('',#13572,#13580,#13582,.T.);
#13580 = VERTEX_POINT('',#13581);
#13581 = CARTESIAN_POINT('',(2.912E+03,60.,1.367E+03));
#13582 = LINE('',#13583,#13584);
#13583 = CARTESIAN_POINT('',(2.912E+03,60.,768.));
#13584 = VECTOR('',#13585,1.);
#13585 = DIRECTION('',(0.,0.,1.));
#13586 = ORIENTED_EDGE('',*,*,#13587,.F.);
#13587 = EDGE_CURVE('',#13564,#13580,#13588,.T.);
#13588 = LINE('',#13589,#13590);
#13589 = CARTESIAN_POINT('',(2.912E+03,0.,1.367E+03));
#13590 = VECTOR('',#13591,1.);
#13591 = DIRECTION('',(0.,1.,0.));
#13592 = PLANE('',#13593);
#13593 = AXIS2_PLACEMENT_3D('',#13594,#13595,#13596);
#13594 = CARTESIAN_POINT('',(2.912E+03,0.,768.));
#13595 = DIRECTION('',(1.,0.,0.));
#13596 = DIRECTION('',(0.,0.,1.));
#13597 = ADVANCED_FACE('',(#13598),#13614,.F.);
#13598 = FACE_BOUND('',#13599,.F.);
#13599 = EDGE_LOOP('',(#13600,#13606,#13607,#13613));
#13600 = ORIENTED_EDGE('',*,*,#13601,.F.);
#13601 = EDGE_CURVE('',#13522,#13562,#13602,.T.);
#13602 = LINE('',#13603,#13604);
#13603 = CARTESIAN_POINT('',(2.894E+03,0.,768.));
#13604 = VECTOR('',#13605,1.);
#13605 = DIRECTION('',(1.,0.,0.));
#13606 = ORIENTED_EDGE('',*,*,#13521,.T.);
#13607 = ORIENTED_EDGE('',*,*,#13608,.T.);
#13608 = EDGE_CURVE('',#13524,#13564,#13609,.T.);
#13609 = LINE('',#13610,#13611);
#13610 = CARTESIAN_POINT('',(2.894E+03,0.,1.367E+03));
#13611 = VECTOR('',#13612,1.);
#13612 = DIRECTION('',(1.,0.,0.));
#13613 = ORIENTED_EDGE('',*,*,#13561,.F.);
#13614 = PLANE('',#13615);
#13615 = AXIS2_PLACEMENT_3D('',#13616,#13617,#13618);
#13616 = CARTESIAN_POINT('',(2.894E+03,0.,768.));
#13617 = DIRECTION('',(0.,1.,0.));
#13618 = DIRECTION('',(0.,0.,1.));
#13619 = ADVANCED_FACE('',(#13620),#13636,.T.);
#13620 = FACE_BOUND('',#13621,.T.);
#13621 = EDGE_LOOP('',(#13622,#13628,#13629,#13635));
#13622 = ORIENTED_EDGE('',*,*,#13623,.F.);
#13623 = EDGE_CURVE('',#13532,#13572,#13624,.T.);
#13624 = LINE('',#13625,#13626);
#13625 = CARTESIAN_POINT('',(2.894E+03,60.,768.));
#13626 = VECTOR('',#13627,1.);
#13627 = DIRECTION('',(1.,0.,0.));
#13628 = ORIENTED_EDGE('',*,*,#13539,.T.);
#13629 = ORIENTED_EDGE('',*,*,#13630,.T.);
#13630 = EDGE_CURVE('',#13540,#13580,#13631,.T.);
#13631 = LINE('',#13632,#13633);
#13632 = CARTESIAN_POINT('',(2.894E+03,60.,1.367E+03));
#13633 = VECTOR('',#13634,1.);
#13634 = DIRECTION('',(1.,0.,0.));
#13635 = ORIENTED_EDGE('',*,*,#13579,.F.);
#13636 = PLANE('',#13637);
#13637 = AXIS2_PLACEMENT_3D('',#13638,#13639,#13640);
#13638 = CARTESIAN_POINT('',(2.894E+03,60.,768.));
#13639 = DIRECTION('',(0.,1.,0.));
#13640 = DIRECTION('',(0.,0.,1.));
#13641 = ADVANCED_FACE('',(#13642),#13648,.F.);
#13642 = FACE_BOUND('',#13643,.F.);
#13643 = EDGE_LOOP('',(#13644,#13645,#13646,#13647));
#13644 = ORIENTED_EDGE('',*,*,#13531,.F.);
#13645 = ORIENTED_EDGE('',*,*,#13601,.T.);
#13646 = ORIENTED_EDGE('',*,*,#13571,.T.);
#13647 = ORIENTED_EDGE('',*,*,#13623,.F.);
#13648 = PLANE('',#13649);
#13649 = AXIS2_PLACEMENT_3D('',#13650,#13651,#13652);
#13650 = CARTESIAN_POINT('',(2.894E+03,0.,768.));
#13651 = DIRECTION('',(0.,0.,1.));
#13652 = DIRECTION('',(1.,0.,0.));
#13653 = ADVANCED_FACE('',(#13654),#13660,.T.);
#13654 = FACE_BOUND('',#13655,.T.);
#13655 = EDGE_LOOP('',(#13656,#13657,#13658,#13659));
#13656 = ORIENTED_EDGE('',*,*,#13547,.F.);
#13657 = ORIENTED_EDGE('',*,*,#13608,.T.);
#13658 = ORIENTED_EDGE('',*,*,#13587,.T.);
#13659 = ORIENTED_EDGE('',*,*,#13630,.F.);
#13660 = PLANE('',#13661);
#13661 = AXIS2_PLACEMENT_3D('',#13662,#13663,#13664);
#13662 = CARTESIAN_POINT('',(2.894E+03,0.,1.367E+03));
#13663 = DIRECTION('',(0.,0.,1.));
#13664 = DIRECTION('',(1.,0.,0.));
#13665 = MANIFOLD_SOLID_BREP('',#13666);
#13666 = CLOSED_SHELL('',(#13667,#13707,#13747,#13769,#13791,#13803));
#13667 = ADVANCED_FACE('',(#13668),#13702,.F.);
#13668 = FACE_BOUND('',#13669,.F.);
#13669 = EDGE_LOOP('',(#13670,#13680,#13688,#13696));
#13670 = ORIENTED_EDGE('',*,*,#13671,.F.);
#13671 = EDGE_CURVE('',#13672,#13674,#13676,.T.);
#13672 = VERTEX_POINT('',#13673);
#13673 = CARTESIAN_POINT('',(2.276E+03,18.,750.));
#13674 = VERTEX_POINT('',#13675);
#13675 = CARTESIAN_POINT('',(2.276E+03,18.,768.));
#13676 = LINE('',#13677,#13678);
#13677 = CARTESIAN_POINT('',(2.276E+03,18.,750.));
#13678 = VECTOR('',#13679,1.);
#13679 = DIRECTION('',(0.,0.,1.));
#13680 = ORIENTED_EDGE('',*,*,#13681,.T.);
#13681 = EDGE_CURVE('',#13672,#13682,#13684,.T.);
#13682 = VERTEX_POINT('',#13683);
#13683 = CARTESIAN_POINT('',(2.276E+03,600.,750.));
#13684 = LINE('',#13685,#13686);
#13685 = CARTESIAN_POINT('',(2.276E+03,18.,750.));
#13686 = VECTOR('',#13687,1.);
#13687 = DIRECTION('',(0.,1.,0.));
#13688 = ORIENTED_EDGE('',*,*,#13689,.T.);
#13689 = EDGE_CURVE('',#13682,#13690,#13692,.T.);
#13690 = VERTEX_POINT('',#13691);
#13691 = CARTESIAN_POINT('',(2.276E+03,600.,768.));
#13692 = LINE('',#13693,#13694);
#13693 = CARTESIAN_POINT('',(2.276E+03,600.,750.));
#13694 = VECTOR('',#13695,1.);
#13695 = DIRECTION('',(0.,0.,1.));
#13696 = ORIENTED_EDGE('',*,*,#13697,.F.);
#13697 = EDGE_CURVE('',#13674,#13690,#13698,.T.);
#13698 = LINE('',#13699,#13700);
#13699 = CARTESIAN_POINT('',(2.276E+03,18.,768.));
#13700 = VECTOR('',#13701,1.);
#13701 = DIRECTION('',(0.,1.,0.));
#13702 = PLANE('',#13703);
#13703 = AXIS2_PLACEMENT_3D('',#13704,#13705,#13706);
#13704 = CARTESIAN_POINT('',(2.276E+03,18.,750.));
#13705 = DIRECTION('',(1.,0.,0.));
#13706 = DIRECTION('',(0.,0.,1.));
#13707 = ADVANCED_FACE('',(#13708),#13742,.T.);
#13708 = FACE_BOUND('',#13709,.T.);
#13709 = EDGE_LOOP('',(#13710,#13720,#13728,#13736));
#13710 = ORIENTED_EDGE('',*,*,#13711,.F.);
#13711 = EDGE_CURVE('',#13712,#13714,#13716,.T.);
#13712 = VERTEX_POINT('',#13713);
#13713 = CARTESIAN_POINT('',(2.912E+03,18.,750.));
#13714 = VERTEX_POINT('',#13715);
#13715 = CARTESIAN_POINT('',(2.912E+03,18.,768.));
#13716 = LINE('',#13717,#13718);
#13717 = CARTESIAN_POINT('',(2.912E+03,18.,750.));
#13718 = VECTOR('',#13719,1.);
#13719 = DIRECTION('',(0.,0.,1.));
#13720 = ORIENTED_EDGE('',*,*,#13721,.T.);
#13721 = EDGE_CURVE('',#13712,#13722,#13724,.T.);
#13722 = VERTEX_POINT('',#13723);
#13723 = CARTESIAN_POINT('',(2.912E+03,600.,750.));
#13724 = LINE('',#13725,#13726);
#13725 = CARTESIAN_POINT('',(2.912E+03,18.,750.));
#13726 = VECTOR('',#13727,1.);
#13727 = DIRECTION('',(0.,1.,0.));
#13728 = ORIENTED_EDGE('',*,*,#13729,.T.);
#13729 = EDGE_CURVE('',#13722,#13730,#13732,.T.);
#13730 = VERTEX_POINT('',#13731);
#13731 = CARTESIAN_POINT('',(2.912E+03,600.,768.));
#13732 = LINE('',#13733,#13734);
#13733 = CARTESIAN_POINT('',(2.912E+03,600.,750.));
#13734 = VECTOR('',#13735,1.);
#13735 = DIRECTION('',(0.,0.,1.));
#13736 = ORIENTED_EDGE('',*,*,#13737,.F.);
#13737 = EDGE_CURVE('',#13714,#13730,#13738,.T.);
#13738 = LINE('',#13739,#13740);
#13739 = CARTESIAN_POINT('',(2.912E+03,18.,768.));
#13740 = VECTOR('',#13741,1.);
#13741 = DIRECTION('',(0.,1.,0.));
#13742 = PLANE('',#13743);
#13743 = AXIS2_PLACEMENT_3D('',#13744,#13745,#13746);
#13744 = CARTESIAN_POINT('',(2.912E+03,18.,750.));
#13745 = DIRECTION('',(1.,0.,0.));
#13746 = DIRECTION('',(0.,0.,1.));
#13747 = ADVANCED_FACE('',(#13748),#13764,.F.);
#13748 = FACE_BOUND('',#13749,.F.);
#13749 = EDGE_LOOP('',(#13750,#13756,#13757,#13763));
#13750 = ORIENTED_EDGE('',*,*,#13751,.F.);
#13751 = EDGE_CURVE('',#13672,#13712,#13752,.T.);
#13752 = LINE('',#13753,#13754);
#13753 = CARTESIAN_POINT('',(2.276E+03,18.,750.));
#13754 = VECTOR('',#13755,1.);
#13755 = DIRECTION('',(1.,0.,0.));
#13756 = ORIENTED_EDGE('',*,*,#13671,.T.);
#13757 = ORIENTED_EDGE('',*,*,#13758,.T.);
#13758 = EDGE_CURVE('',#13674,#13714,#13759,.T.);
#13759 = LINE('',#13760,#13761);
#13760 = CARTESIAN_POINT('',(2.276E+03,18.,768.));
#13761 = VECTOR('',#13762,1.);
#13762 = DIRECTION('',(1.,0.,0.));
#13763 = ORIENTED_EDGE('',*,*,#13711,.F.);
#13764 = PLANE('',#13765);
#13765 = AXIS2_PLACEMENT_3D('',#13766,#13767,#13768);
#13766 = CARTESIAN_POINT('',(2.276E+03,18.,750.));
#13767 = DIRECTION('',(0.,1.,0.));
#13768 = DIRECTION('',(0.,0.,1.));
#13769 = ADVANCED_FACE('',(#13770),#13786,.T.);
#13770 = FACE_BOUND('',#13771,.T.);
#13771 = EDGE_LOOP('',(#13772,#13778,#13779,#13785));
#13772 = ORIENTED_EDGE('',*,*,#13773,.F.);
#13773 = EDGE_CURVE('',#13682,#13722,#13774,.T.);
#13774 = LINE('',#13775,#13776);
#13775 = CARTESIAN_POINT('',(2.276E+03,600.,750.));
#13776 = VECTOR('',#13777,1.);
#13777 = DIRECTION('',(1.,0.,0.));
#13778 = ORIENTED_EDGE('',*,*,#13689,.T.);
#13779 = ORIENTED_EDGE('',*,*,#13780,.T.);
#13780 = EDGE_CURVE('',#13690,#13730,#13781,.T.);
#13781 = LINE('',#13782,#13783);
#13782 = CARTESIAN_POINT('',(2.276E+03,600.,768.));
#13783 = VECTOR('',#13784,1.);
#13784 = DIRECTION('',(1.,0.,0.));
#13785 = ORIENTED_EDGE('',*,*,#13729,.F.);
#13786 = PLANE('',#13787);
#13787 = AXIS2_PLACEMENT_3D('',#13788,#13789,#13790);
#13788 = CARTESIAN_POINT('',(2.276E+03,600.,750.));
#13789 = DIRECTION('',(0.,1.,0.));
#13790 = DIRECTION('',(0.,0.,1.));
#13791 = ADVANCED_FACE('',(#13792),#13798,.F.);
#13792 = FACE_BOUND('',#13793,.F.);
#13793 = EDGE_LOOP('',(#13794,#13795,#13796,#13797));
#13794 = ORIENTED_EDGE('',*,*,#13681,.F.);
#13795 = ORIENTED_EDGE('',*,*,#13751,.T.);
#13796 = ORIENTED_EDGE('',*,*,#13721,.T.);
#13797 = ORIENTED_EDGE('',*,*,#13773,.F.);
#13798 = PLANE('',#13799);
#13799 = AXIS2_PLACEMENT_3D('',#13800,#13801,#13802);
#13800 = CARTESIAN_POINT('',(2.276E+03,18.,750.));
#13801 = DIRECTION('',(0.,0.,1.));
#13802 = DIRECTION('',(1.,0.,0.));
#13803 = ADVANCED_FACE('',(#13804),#13810,.T.);
#13804 = FACE_BOUND('',#13805,.T.);
#13805 = EDGE_LOOP('',(#13806,#13807,#13808,#13809));
#13806 = ORIENTED_EDGE('',*,*,#13697,.F.);
#13807 = ORIENTED_EDGE('',*,*,#13758,.T.);
#13808 = ORIENTED_EDGE('',*,*,#13737,.T.);
#13809 = ORIENTED_EDGE('',*,*,#13780,.F.);
#13810 = PLANE('',#13811);
#13811 = AXIS2_PLACEMENT_3D('',#13812,#13813,#13814);
#13812 = CARTESIAN_POINT('',(2.276E+03,18.,768.));
#13813 = DIRECTION('',(0.,0.,1.));
#13814 = DIRECTION('',(1.,0.,0.));
#13815 = MANIFOLD_SOLID_BREP('',#13816);
#13816 = CLOSED_SHELL('',(#13817,#13857,#13897,#13919,#13941,#13953));
#13817 = ADVANCED_FACE('',(#13818),#13852,.F.);
#13818 = FACE_BOUND('',#13819,.F.);
#13819 = EDGE_LOOP('',(#13820,#13830,#13838,#13846));
#13820 = ORIENTED_EDGE('',*,*,#13821,.F.);
#13821 = EDGE_CURVE('',#13822,#13824,#13826,.T.);
#13822 = VERTEX_POINT('',#13823);
#13823 = CARTESIAN_POINT('',(2.276E+03,18.,1.362E+03));
#13824 = VERTEX_POINT('',#13825);
#13825 = CARTESIAN_POINT('',(2.276E+03,18.,1.38E+03));
#13826 = LINE('',#13827,#13828);
#13827 = CARTESIAN_POINT('',(2.276E+03,18.,1.362E+03));
#13828 = VECTOR('',#13829,1.);
#13829 = DIRECTION('',(0.,0.,1.));
#13830 = ORIENTED_EDGE('',*,*,#13831,.T.);
#13831 = EDGE_CURVE('',#13822,#13832,#13834,.T.);
#13832 = VERTEX_POINT('',#13833);
#13833 = CARTESIAN_POINT('',(2.276E+03,600.,1.362E+03));
#13834 = LINE('',#13835,#13836);
#13835 = CARTESIAN_POINT('',(2.276E+03,18.,1.362E+03));
#13836 = VECTOR('',#13837,1.);
#13837 = DIRECTION('',(0.,1.,0.));
#13838 = ORIENTED_EDGE('',*,*,#13839,.T.);
#13839 = EDGE_CURVE('',#13832,#13840,#13842,.T.);
#13840 = VERTEX_POINT('',#13841);
#13841 = CARTESIAN_POINT('',(2.276E+03,600.,1.38E+03));
#13842 = LINE('',#13843,#13844);
#13843 = CARTESIAN_POINT('',(2.276E+03,600.,1.362E+03));
#13844 = VECTOR('',#13845,1.);
#13845 = DIRECTION('',(0.,0.,1.));
#13846 = ORIENTED_EDGE('',*,*,#13847,.F.);
#13847 = EDGE_CURVE('',#13824,#13840,#13848,.T.);
#13848 = LINE('',#13849,#13850);
#13849 = CARTESIAN_POINT('',(2.276E+03,18.,1.38E+03));
#13850 = VECTOR('',#13851,1.);
#13851 = DIRECTION('',(0.,1.,0.));
#13852 = PLANE('',#13853);
#13853 = AXIS2_PLACEMENT_3D('',#13854,#13855,#13856);
#13854 = CARTESIAN_POINT('',(2.276E+03,18.,1.362E+03));
#13855 = DIRECTION('',(1.,0.,0.));
#13856 = DIRECTION('',(0.,0.,1.));
#13857 = ADVANCED_FACE('',(#13858),#13892,.T.);
#13858 = FACE_BOUND('',#13859,.T.);
#13859 = EDGE_LOOP('',(#13860,#13870,#13878,#13886));
#13860 = ORIENTED_EDGE('',*,*,#13861,.F.);
#13861 = EDGE_CURVE('',#13862,#13864,#13866,.T.);
#13862 = VERTEX_POINT('',#13863);
#13863 = CARTESIAN_POINT('',(2.912E+03,18.,1.362E+03));
#13864 = VERTEX_POINT('',#13865);
#13865 = CARTESIAN_POINT('',(2.912E+03,18.,1.38E+03));
#13866 = LINE('',#13867,#13868);
#13867 = CARTESIAN_POINT('',(2.912E+03,18.,1.362E+03));
#13868 = VECTOR('',#13869,1.);
#13869 = DIRECTION('',(0.,0.,1.));
#13870 = ORIENTED_EDGE('',*,*,#13871,.T.);
#13871 = EDGE_CURVE('',#13862,#13872,#13874,.T.);
#13872 = VERTEX_POINT('',#13873);
#13873 = CARTESIAN_POINT('',(2.912E+03,600.,1.362E+03));
#13874 = LINE('',#13875,#13876);
#13875 = CARTESIAN_POINT('',(2.912E+03,18.,1.362E+03));
#13876 = VECTOR('',#13877,1.);
#13877 = DIRECTION('',(0.,1.,0.));
#13878 = ORIENTED_EDGE('',*,*,#13879,.T.);
#13879 = EDGE_CURVE('',#13872,#13880,#13882,.T.);
#13880 = VERTEX_POINT('',#13881);
#13881 = CARTESIAN_POINT('',(2.912E+03,600.,1.38E+03));
#13882 = LINE('',#13883,#13884);
#13883 = CARTESIAN_POINT('',(2.912E+03,600.,1.362E+03));
#13884 = VECTOR('',#13885,1.);
#13885 = DIRECTION('',(0.,0.,1.));
#13886 = ORIENTED_EDGE('',*,*,#13887,.F.);
#13887 = EDGE_CURVE('',#13864,#13880,#13888,.T.);
#13888 = LINE('',#13889,#13890);
#13889 = CARTESIAN_POINT('',(2.912E+03,18.,1.38E+03));
#13890 = VECTOR('',#13891,1.);
#13891 = DIRECTION('',(0.,1.,0.));
#13892 = PLANE('',#13893);
#13893 = AXIS2_PLACEMENT_3D('',#13894,#13895,#13896);
#13894 = CARTESIAN_POINT('',(2.912E+03,18.,1.362E+03));
#13895 = DIRECTION('',(1.,0.,0.));
#13896 = DIRECTION('',(0.,0.,1.));
#13897 = ADVANCED_FACE('',(#13898),#13914,.F.);
#13898 = FACE_BOUND('',#13899,.F.);
#13899 = EDGE_LOOP('',(#13900,#13906,#13907,#13913));
#13900 = ORIENTED_EDGE('',*,*,#13901,.F.);
#13901 = EDGE_CURVE('',#13822,#13862,#13902,.T.);
#13902 = LINE('',#13903,#13904);
#13903 = CARTESIAN_POINT('',(2.276E+03,18.,1.362E+03));
#13904 = VECTOR('',#13905,1.);
#13905 = DIRECTION('',(1.,0.,0.));
#13906 = ORIENTED_EDGE('',*,*,#13821,.T.);
#13907 = ORIENTED_EDGE('',*,*,#13908,.T.);
#13908 = EDGE_CURVE('',#13824,#13864,#13909,.T.);
#13909 = LINE('',#13910,#13911);
#13910 = CARTESIAN_POINT('',(2.276E+03,18.,1.38E+03));
#13911 = VECTOR('',#13912,1.);
#13912 = DIRECTION('',(1.,0.,0.));
#13913 = ORIENTED_EDGE('',*,*,#13861,.F.);
#13914 = PLANE('',#13915);
#13915 = AXIS2_PLACEMENT_3D('',#13916,#13917,#13918);
#13916 = CARTESIAN_POINT('',(2.276E+03,18.,1.362E+03));
#13917 = DIRECTION('',(0.,1.,0.));
#13918 = DIRECTION('',(0.,0.,1.));
#13919 = ADVANCED_FACE('',(#13920),#13936,.T.);
#13920 = FACE_BOUND('',#13921,.T.);
#13921 = EDGE_LOOP('',(#13922,#13928,#13929,#13935));
#13922 = ORIENTED_EDGE('',*,*,#13923,.F.);
#13923 = EDGE_CURVE('',#13832,#13872,#13924,.T.);
#13924 = LINE('',#13925,#13926);
#13925 = CARTESIAN_POINT('',(2.276E+03,600.,1.362E+03));
#13926 = VECTOR('',#13927,1.);
#13927 = DIRECTION('',(1.,0.,0.));
#13928 = ORIENTED_EDGE('',*,*,#13839,.T.);
#13929 = ORIENTED_EDGE('',*,*,#13930,.T.);
#13930 = EDGE_CURVE('',#13840,#13880,#13931,.T.);
#13931 = LINE('',#13932,#13933);
#13932 = CARTESIAN_POINT('',(2.276E+03,600.,1.38E+03));
#13933 = VECTOR('',#13934,1.);
#13934 = DIRECTION('',(1.,0.,0.));
#13935 = ORIENTED_EDGE('',*,*,#13879,.F.);
#13936 = PLANE('',#13937);
#13937 = AXIS2_PLACEMENT_3D('',#13938,#13939,#13940);
#13938 = CARTESIAN_POINT('',(2.276E+03,600.,1.362E+03));
#13939 = DIRECTION('',(0.,1.,0.));
#13940 = DIRECTION('',(0.,0.,1.));
#13941 = ADVANCED_FACE('',(#13942),#13948,.F.);
#13942 = FACE_BOUND('',#13943,.F.);
#13943 = EDGE_LOOP('',(#13944,#13945,#13946,#13947));
#13944 = ORIENTED_EDGE('',*,*,#13831,.F.);
#13945 = ORIENTED_EDGE('',*,*,#13901,.T.);
#13946 = ORIENTED_EDGE('',*,*,#13871,.T.);
#13947 = ORIENTED_EDGE('',*,*,#13923,.F.);
#13948 = PLANE('',#13949);
#13949 = AXIS2_PLACEMENT_3D('',#13950,#13951,#13952);
#13950 = CARTESIAN_POINT('',(2.276E+03,18.,1.362E+03));
#13951 = DIRECTION('',(0.,0.,1.));
#13952 = DIRECTION('',(1.,0.,0.));
#13953 = ADVANCED_FACE('',(#13954),#13960,.T.);
#13954 = FACE_BOUND('',#13955,.T.);
#13955 = EDGE_LOOP('',(#13956,#13957,#13958,#13959));
#13956 = ORIENTED_EDGE('',*,*,#13847,.F.);
#13957 = ORIENTED_EDGE('',*,*,#13908,.T.);
#13958 = ORIENTED_EDGE('',*,*,#13887,.T.);
#13959 = ORIENTED_EDGE('',*,*,#13930,.F.);
#13960 = PLANE('',#13961);
#13961 = AXIS2_PLACEMENT_3D('',#13962,#13963,#13964);
#13962 = CARTESIAN_POINT('',(2.276E+03,18.,1.38E+03));
#13963 = DIRECTION('',(0.,0.,1.));
#13964 = DIRECTION('',(1.,0.,0.));
#13965 = MANIFOLD_SOLID_BREP('',#13966);
#13966 = CLOSED_SHELL('',(#13967,#14007,#14047,#14069,#14091,#14103));
#13967 = ADVANCED_FACE('',(#13968),#14002,.F.);
#13968 = FACE_BOUND('',#13969,.F.);
#13969 = EDGE_LOOP('',(#13970,#13980,#13988,#13996));
#13970 = ORIENTED_EDGE('',*,*,#13971,.F.);
#13971 = EDGE_CURVE('',#13972,#13974,#13976,.T.);
#13972 = VERTEX_POINT('',#13973);
#13973 = CARTESIAN_POINT('',(2.276E+03,0.,1.809E+03));
#13974 = VERTEX_POINT('',#13975);
#13975 = CARTESIAN_POINT('',(2.276E+03,0.,1.827E+03));
#13976 = LINE('',#13977,#13978);
#13977 = CARTESIAN_POINT('',(2.276E+03,0.,1.809E+03));
#13978 = VECTOR('',#13979,1.);
#13979 = DIRECTION('',(0.,0.,1.));
#13980 = ORIENTED_EDGE('',*,*,#13981,.T.);
#13981 = EDGE_CURVE('',#13972,#13982,#13984,.T.);
#13982 = VERTEX_POINT('',#13983);
#13983 = CARTESIAN_POINT('',(2.276E+03,600.,1.809E+03));
#13984 = LINE('',#13985,#13986);
#13985 = CARTESIAN_POINT('',(2.276E+03,0.,1.809E+03));
#13986 = VECTOR('',#13987,1.);
#13987 = DIRECTION('',(0.,1.,0.));
#13988 = ORIENTED_EDGE('',*,*,#13989,.T.);
#13989 = EDGE_CURVE('',#13982,#13990,#13992,.T.);
#13990 = VERTEX_POINT('',#13991);
#13991 = CARTESIAN_POINT('',(2.276E+03,600.,1.827E+03));
#13992 = LINE('',#13993,#13994);
#13993 = CARTESIAN_POINT('',(2.276E+03,600.,1.809E+03));
#13994 = VECTOR('',#13995,1.);
#13995 = DIRECTION('',(0.,0.,1.));
#13996 = ORIENTED_EDGE('',*,*,#13997,.F.);
#13997 = EDGE_CURVE('',#13974,#13990,#13998,.T.);
#13998 = LINE('',#13999,#14000);
#13999 = CARTESIAN_POINT('',(2.276E+03,0.,1.827E+03));
#14000 = VECTOR('',#14001,1.);
#14001 = DIRECTION('',(0.,1.,0.));
#14002 = PLANE('',#14003);
#14003 = AXIS2_PLACEMENT_3D('',#14004,#14005,#14006);
#14004 = CARTESIAN_POINT('',(2.276E+03,0.,1.809E+03));
#14005 = DIRECTION('',(1.,0.,0.));
#14006 = DIRECTION('',(0.,0.,1.));
#14007 = ADVANCED_FACE('',(#14008),#14042,.T.);
#14008 = FACE_BOUND('',#14009,.T.);
#14009 = EDGE_LOOP('',(#14010,#14020,#14028,#14036));
#14010 = ORIENTED_EDGE('',*,*,#14011,.F.);
#14011 = EDGE_CURVE('',#14012,#14014,#14016,.T.);
#14012 = VERTEX_POINT('',#14013);
#14013 = CARTESIAN_POINT('',(2.912E+03,0.,1.809E+03));
#14014 = VERTEX_POINT('',#14015);
#14015 = CARTESIAN_POINT('',(2.912E+03,0.,1.827E+03));
#14016 = LINE('',#14017,#14018);
#14017 = CARTESIAN_POINT('',(2.912E+03,0.,1.809E+03));
#14018 = VECTOR('',#14019,1.);
#14019 = DIRECTION('',(0.,0.,1.));
#14020 = ORIENTED_EDGE('',*,*,#14021,.T.);
#14021 = EDGE_CURVE('',#14012,#14022,#14024,.T.);
#14022 = VERTEX_POINT('',#14023);
#14023 = CARTESIAN_POINT('',(2.912E+03,600.,1.809E+03));
#14024 = LINE('',#14025,#14026);
#14025 = CARTESIAN_POINT('',(2.912E+03,0.,1.809E+03));
#14026 = VECTOR('',#14027,1.);
#14027 = DIRECTION('',(0.,1.,0.));
#14028 = ORIENTED_EDGE('',*,*,#14029,.T.);
#14029 = EDGE_CURVE('',#14022,#14030,#14032,.T.);
#14030 = VERTEX_POINT('',#14031);
#14031 = CARTESIAN_POINT('',(2.912E+03,600.,1.827E+03));
#14032 = LINE('',#14033,#14034);
#14033 = CARTESIAN_POINT('',(2.912E+03,600.,1.809E+03));
#14034 = VECTOR('',#14035,1.);
#14035 = DIRECTION('',(0.,0.,1.));
#14036 = ORIENTED_EDGE('',*,*,#14037,.F.);
#14037 = EDGE_CURVE('',#14014,#14030,#14038,.T.);
#14038 = LINE('',#14039,#14040);
#14039 = CARTESIAN_POINT('',(2.912E+03,0.,1.827E+03));
#14040 = VECTOR('',#14041,1.);
#14041 = DIRECTION('',(0.,1.,0.));
#14042 = PLANE('',#14043);
#14043 = AXIS2_PLACEMENT_3D('',#14044,#14045,#14046);
#14044 = CARTESIAN_POINT('',(2.912E+03,0.,1.809E+03));
#14045 = DIRECTION('',(1.,0.,0.));
#14046 = DIRECTION('',(0.,0.,1.));
#14047 = ADVANCED_FACE('',(#14048),#14064,.F.);
#14048 = FACE_BOUND('',#14049,.F.);
#14049 = EDGE_LOOP('',(#14050,#14056,#14057,#14063));
#14050 = ORIENTED_EDGE('',*,*,#14051,.F.);
#14051 = EDGE_CURVE('',#13972,#14012,#14052,.T.);
#14052 = LINE('',#14053,#14054);
#14053 = CARTESIAN_POINT('',(2.276E+03,0.,1.809E+03));
#14054 = VECTOR('',#14055,1.);
#14055 = DIRECTION('',(1.,0.,0.));
#14056 = ORIENTED_EDGE('',*,*,#13971,.T.);
#14057 = ORIENTED_EDGE('',*,*,#14058,.T.);
#14058 = EDGE_CURVE('',#13974,#14014,#14059,.T.);
#14059 = LINE('',#14060,#14061);
#14060 = CARTESIAN_POINT('',(2.276E+03,0.,1.827E+03));
#14061 = VECTOR('',#14062,1.);
#14062 = DIRECTION('',(1.,0.,0.));
#14063 = ORIENTED_EDGE('',*,*,#14011,.F.);
#14064 = PLANE('',#14065);
#14065 = AXIS2_PLACEMENT_3D('',#14066,#14067,#14068);
#14066 = CARTESIAN_POINT('',(2.276E+03,0.,1.809E+03));
#14067 = DIRECTION('',(0.,1.,0.));
#14068 = DIRECTION('',(0.,0.,1.));
#14069 = ADVANCED_FACE('',(#14070),#14086,.T.);
#14070 = FACE_BOUND('',#14071,.T.);
#14071 = EDGE_LOOP('',(#14072,#14078,#14079,#14085));
#14072 = ORIENTED_EDGE('',*,*,#14073,.F.);
#14073 = EDGE_CURVE('',#13982,#14022,#14074,.T.);
#14074 = LINE('',#14075,#14076);
#14075 = CARTESIAN_POINT('',(2.276E+03,600.,1.809E+03));
#14076 = VECTOR('',#14077,1.);
#14077 = DIRECTION('',(1.,0.,0.));
#14078 = ORIENTED_EDGE('',*,*,#13989,.T.);
#14079 = ORIENTED_EDGE('',*,*,#14080,.T.);
#14080 = EDGE_CURVE('',#13990,#14030,#14081,.T.);
#14081 = LINE('',#14082,#14083);
#14082 = CARTESIAN_POINT('',(2.276E+03,600.,1.827E+03));
#14083 = VECTOR('',#14084,1.);
#14084 = DIRECTION('',(1.,0.,0.));
#14085 = ORIENTED_EDGE('',*,*,#14029,.F.);
#14086 = PLANE('',#14087);
#14087 = AXIS2_PLACEMENT_3D('',#14088,#14089,#14090);
#14088 = CARTESIAN_POINT('',(2.276E+03,600.,1.809E+03));
#14089 = DIRECTION('',(0.,1.,0.));
#14090 = DIRECTION('',(0.,0.,1.));
#14091 = ADVANCED_FACE('',(#14092),#14098,.F.);
#14092 = FACE_BOUND('',#14093,.F.);
#14093 = EDGE_LOOP('',(#14094,#14095,#14096,#14097));
#14094 = ORIENTED_EDGE('',*,*,#13981,.F.);
#14095 = ORIENTED_EDGE('',*,*,#14051,.T.);
#14096 = ORIENTED_EDGE('',*,*,#14021,.T.);
#14097 = ORIENTED_EDGE('',*,*,#14073,.F.);
#14098 = PLANE('',#14099);
#14099 = AXIS2_PLACEMENT_3D('',#14100,#14101,#14102);
#14100 = CARTESIAN_POINT('',(2.276E+03,0.,1.809E+03));
#14101 = DIRECTION('',(0.,0.,1.));
#14102 = DIRECTION('',(1.,0.,0.));
#14103 = ADVANCED_FACE('',(#14104),#14110,.T.);
#14104 = FACE_BOUND('',#14105,.T.);
#14105 = EDGE_LOOP('',(#14106,#14107,#14108,#14109));
#14106 = ORIENTED_EDGE('',*,*,#13997,.F.);
#14107 = ORIENTED_EDGE('',*,*,#14058,.T.);
#14108 = ORIENTED_EDGE('',*,*,#14037,.T.);
#14109 = ORIENTED_EDGE('',*,*,#14080,.F.);
#14110 = PLANE('',#14111);
#14111 = AXIS2_PLACEMENT_3D('',#14112,#14113,#14114);
#14112 = CARTESIAN_POINT('',(2.276E+03,0.,1.827E+03));
#14113 = DIRECTION('',(0.,0.,1.));
#14114 = DIRECTION('',(1.,0.,0.));
#14115 = MANIFOLD_SOLID_BREP('',#14116);
#14116 = CLOSED_SHELL('',(#14117,#14157,#14197,#14219,#14241,#14253));
#14117 = ADVANCED_FACE('',(#14118),#14152,.F.);
#14118 = FACE_BOUND('',#14119,.F.);
#14119 = EDGE_LOOP('',(#14120,#14130,#14138,#14146));
#14120 = ORIENTED_EDGE('',*,*,#14121,.F.);
#14121 = EDGE_CURVE('',#14122,#14124,#14126,.T.);
#14122 = VERTEX_POINT('',#14123);
#14123 = CARTESIAN_POINT('',(2.276E+03,0.,390.));
#14124 = VERTEX_POINT('',#14125);
#14125 = CARTESIAN_POINT('',(2.276E+03,0.,408.));
#14126 = LINE('',#14127,#14128);
#14127 = CARTESIAN_POINT('',(2.276E+03,0.,390.));
#14128 = VECTOR('',#14129,1.);
#14129 = DIRECTION('',(0.,0.,1.));
#14130 = ORIENTED_EDGE('',*,*,#14131,.T.);
#14131 = EDGE_CURVE('',#14122,#14132,#14134,.T.);
#14132 = VERTEX_POINT('',#14133);
#14133 = CARTESIAN_POINT('',(2.276E+03,600.,390.));
#14134 = LINE('',#14135,#14136);
#14135 = CARTESIAN_POINT('',(2.276E+03,0.,390.));
#14136 = VECTOR('',#14137,1.);
#14137 = DIRECTION('',(0.,1.,0.));
#14138 = ORIENTED_EDGE('',*,*,#14139,.T.);
#14139 = EDGE_CURVE('',#14132,#14140,#14142,.T.);
#14140 = VERTEX_POINT('',#14141);
#14141 = CARTESIAN_POINT('',(2.276E+03,600.,408.));
#14142 = LINE('',#14143,#14144);
#14143 = CARTESIAN_POINT('',(2.276E+03,600.,390.));
#14144 = VECTOR('',#14145,1.);
#14145 = DIRECTION('',(0.,0.,1.));
#14146 = ORIENTED_EDGE('',*,*,#14147,.F.);
#14147 = EDGE_CURVE('',#14124,#14140,#14148,.T.);
#14148 = LINE('',#14149,#14150);
#14149 = CARTESIAN_POINT('',(2.276E+03,0.,408.));
#14150 = VECTOR('',#14151,1.);
#14151 = DIRECTION('',(0.,1.,0.));
#14152 = PLANE('',#14153);
#14153 = AXIS2_PLACEMENT_3D('',#14154,#14155,#14156);
#14154 = CARTESIAN_POINT('',(2.276E+03,0.,390.));
#14155 = DIRECTION('',(1.,0.,0.));
#14156 = DIRECTION('',(0.,0.,1.));
#14157 = ADVANCED_FACE('',(#14158),#14192,.T.);
#14158 = FACE_BOUND('',#14159,.T.);
#14159 = EDGE_LOOP('',(#14160,#14170,#14178,#14186));
#14160 = ORIENTED_EDGE('',*,*,#14161,.F.);
#14161 = EDGE_CURVE('',#14162,#14164,#14166,.T.);
#14162 = VERTEX_POINT('',#14163);
#14163 = CARTESIAN_POINT('',(2.912E+03,0.,390.));
#14164 = VERTEX_POINT('',#14165);
#14165 = CARTESIAN_POINT('',(2.912E+03,0.,408.));
#14166 = LINE('',#14167,#14168);
#14167 = CARTESIAN_POINT('',(2.912E+03,0.,390.));
#14168 = VECTOR('',#14169,1.);
#14169 = DIRECTION('',(0.,0.,1.));
#14170 = ORIENTED_EDGE('',*,*,#14171,.T.);
#14171 = EDGE_CURVE('',#14162,#14172,#14174,.T.);
#14172 = VERTEX_POINT('',#14173);
#14173 = CARTESIAN_POINT('',(2.912E+03,600.,390.));
#14174 = LINE('',#14175,#14176);
#14175 = CARTESIAN_POINT('',(2.912E+03,0.,390.));
#14176 = VECTOR('',#14177,1.);
#14177 = DIRECTION('',(0.,1.,0.));
#14178 = ORIENTED_EDGE('',*,*,#14179,.T.);
#14179 = EDGE_CURVE('',#14172,#14180,#14182,.T.);
#14180 = VERTEX_POINT('',#14181);
#14181 = CARTESIAN_POINT('',(2.912E+03,600.,408.));
#14182 = LINE('',#14183,#14184);
#14183 = CARTESIAN_POINT('',(2.912E+03,600.,390.));
#14184 = VECTOR('',#14185,1.);
#14185 = DIRECTION('',(0.,0.,1.));
#14186 = ORIENTED_EDGE('',*,*,#14187,.F.);
#14187 = EDGE_CURVE('',#14164,#14180,#14188,.T.);
#14188 = LINE('',#14189,#14190);
#14189 = CARTESIAN_POINT('',(2.912E+03,0.,408.));
#14190 = VECTOR('',#14191,1.);
#14191 = DIRECTION('',(0.,1.,0.));
#14192 = PLANE('',#14193);
#14193 = AXIS2_PLACEMENT_3D('',#14194,#14195,#14196);
#14194 = CARTESIAN_POINT('',(2.912E+03,0.,390.));
#14195 = DIRECTION('',(1.,0.,0.));
#14196 = DIRECTION('',(0.,0.,1.));
#14197 = ADVANCED_FACE('',(#14198),#14214,.F.);
#14198 = FACE_BOUND('',#14199,.F.);
#14199 = EDGE_LOOP('',(#14200,#14206,#14207,#14213));
#14200 = ORIENTED_EDGE('',*,*,#14201,.F.);
#14201 = EDGE_CURVE('',#14122,#14162,#14202,.T.);
#14202 = LINE('',#14203,#14204);
#14203 = CARTESIAN_POINT('',(2.276E+03,0.,390.));
#14204 = VECTOR('',#14205,1.);
#14205 = DIRECTION('',(1.,0.,0.));
#14206 = ORIENTED_EDGE('',*,*,#14121,.T.);
#14207 = ORIENTED_EDGE('',*,*,#14208,.T.);
#14208 = EDGE_CURVE('',#14124,#14164,#14209,.T.);
#14209 = LINE('',#14210,#14211);
#14210 = CARTESIAN_POINT('',(2.276E+03,0.,408.));
#14211 = VECTOR('',#14212,1.);
#14212 = DIRECTION('',(1.,0.,0.));
#14213 = ORIENTED_EDGE('',*,*,#14161,.F.);
#14214 = PLANE('',#14215);
#14215 = AXIS2_PLACEMENT_3D('',#14216,#14217,#14218);
#14216 = CARTESIAN_POINT('',(2.276E+03,0.,390.));
#14217 = DIRECTION('',(0.,1.,0.));
#14218 = DIRECTION('',(0.,0.,1.));
#14219 = ADVANCED_FACE('',(#14220),#14236,.T.);
#14220 = FACE_BOUND('',#14221,.T.);
#14221 = EDGE_LOOP('',(#14222,#14228,#14229,#14235));
#14222 = ORIENTED_EDGE('',*,*,#14223,.F.);
#14223 = EDGE_CURVE('',#14132,#14172,#14224,.T.);
#14224 = LINE('',#14225,#14226);
#14225 = CARTESIAN_POINT('',(2.276E+03,600.,390.));
#14226 = VECTOR('',#14227,1.);
#14227 = DIRECTION('',(1.,0.,0.));
#14228 = ORIENTED_EDGE('',*,*,#14139,.T.);
#14229 = ORIENTED_EDGE('',*,*,#14230,.T.);
#14230 = EDGE_CURVE('',#14140,#14180,#14231,.T.);
#14231 = LINE('',#14232,#14233);
#14232 = CARTESIAN_POINT('',(2.276E+03,600.,408.));
#14233 = VECTOR('',#14234,1.);
#14234 = DIRECTION('',(1.,0.,0.));
#14235 = ORIENTED_EDGE('',*,*,#14179,.F.);
#14236 = PLANE('',#14237);
#14237 = AXIS2_PLACEMENT_3D('',#14238,#14239,#14240);
#14238 = CARTESIAN_POINT('',(2.276E+03,600.,390.));
#14239 = DIRECTION('',(0.,1.,0.));
#14240 = DIRECTION('',(0.,0.,1.));
#14241 = ADVANCED_FACE('',(#14242),#14248,.F.);
#14242 = FACE_BOUND('',#14243,.F.);
#14243 = EDGE_LOOP('',(#14244,#14245,#14246,#14247));
#14244 = ORIENTED_EDGE('',*,*,#14131,.F.);
#14245 = ORIENTED_EDGE('',*,*,#14201,.T.);
#14246 = ORIENTED_EDGE('',*,*,#14171,.T.);
#14247 = ORIENTED_EDGE('',*,*,#14223,.F.);
#14248 = PLANE('',#14249);
#14249 = AXIS2_PLACEMENT_3D('',#14250,#14251,#14252);
#14250 = CARTESIAN_POINT('',(2.276E+03,0.,390.));
#14251 = DIRECTION('',(0.,0.,1.));
#14252 = DIRECTION('',(1.,0.,0.));
#14253 = ADVANCED_FACE('',(#14254),#14260,.T.);
#14254 = FACE_BOUND('',#14255,.T.);
#14255 = EDGE_LOOP('',(#14256,#14257,#14258,#14259));
#14256 = ORIENTED_EDGE('',*,*,#14147,.F.);
#14257 = ORIENTED_EDGE('',*,*,#14208,.T.);
#14258 = ORIENTED_EDGE('',*,*,#14187,.T.);
#14259 = ORIENTED_EDGE('',*,*,#14230,.F.);
#14260 = PLANE('',#14261);
#14261 = AXIS2_PLACEMENT_3D('',#14262,#14263,#14264);
#14262 = CARTESIAN_POINT('',(2.276E+03,0.,408.));
#14263 = DIRECTION('',(0.,0.,1.));
#14264 = DIRECTION('',(1.,0.,0.));
#14265 = MANIFOLD_SOLID_BREP('',#14266);
#14266 = CLOSED_SHELL('',(#14267,#14307,#14347,#14369,#14391,#14403));
#14267 = ADVANCED_FACE('',(#14268),#14302,.F.);
#14268 = FACE_BOUND('',#14269,.F.);
#14269 = EDGE_LOOP('',(#14270,#14280,#14288,#14296));
#14270 = ORIENTED_EDGE('',*,*,#14271,.F.);
#14271 = EDGE_CURVE('',#14272,#14274,#14276,.T.);
#14272 = VERTEX_POINT('',#14273);
#14273 = CARTESIAN_POINT('',(2.276E+03,0.,1.367E+03));
#14274 = VERTEX_POINT('',#14275);
#14275 = CARTESIAN_POINT('',(2.276E+03,0.,1.417E+03));
#14276 = LINE('',#14277,#14278);
#14277 = CARTESIAN_POINT('',(2.276E+03,0.,1.367E+03));
#14278 = VECTOR('',#14279,1.);
#14279 = DIRECTION('',(0.,0.,1.));
#14280 = ORIENTED_EDGE('',*,*,#14281,.T.);
#14281 = EDGE_CURVE('',#14272,#14282,#14284,.T.);
#14282 = VERTEX_POINT('',#14283);
#14283 = CARTESIAN_POINT('',(2.276E+03,18.,1.367E+03));
#14284 = LINE('',#14285,#14286);
#14285 = CARTESIAN_POINT('',(2.276E+03,0.,1.367E+03));
#14286 = VECTOR('',#14287,1.);
#14287 = DIRECTION('',(0.,1.,0.));
#14288 = ORIENTED_EDGE('',*,*,#14289,.T.);
#14289 = EDGE_CURVE('',#14282,#14290,#14292,.T.);
#14290 = VERTEX_POINT('',#14291);
#14291 = CARTESIAN_POINT('',(2.276E+03,18.,1.417E+03));
#14292 = LINE('',#14293,#14294);
#14293 = CARTESIAN_POINT('',(2.276E+03,18.,1.367E+03));
#14294 = VECTOR('',#14295,1.);
#14295 = DIRECTION('',(0.,0.,1.));
#14296 = ORIENTED_EDGE('',*,*,#14297,.F.);
#14297 = EDGE_CURVE('',#14274,#14290,#14298,.T.);
#14298 = LINE('',#14299,#14300);
#14299 = CARTESIAN_POINT('',(2.276E+03,0.,1.417E+03));
#14300 = VECTOR('',#14301,1.);
#14301 = DIRECTION('',(0.,1.,0.));
#14302 = PLANE('',#14303);
#14303 = AXIS2_PLACEMENT_3D('',#14304,#14305,#14306);
#14304 = CARTESIAN_POINT('',(2.276E+03,0.,1.367E+03));
#14305 = DIRECTION('',(1.,0.,0.));
#14306 = DIRECTION('',(0.,0.,1.));
#14307 = ADVANCED_FACE('',(#14308),#14342,.T.);
#14308 = FACE_BOUND('',#14309,.T.);
#14309 = EDGE_LOOP('',(#14310,#14320,#14328,#14336));
#14310 = ORIENTED_EDGE('',*,*,#14311,.F.);
#14311 = EDGE_CURVE('',#14312,#14314,#14316,.T.);
#14312 = VERTEX_POINT('',#14313);
#14313 = CARTESIAN_POINT('',(2.912E+03,0.,1.367E+03));
#14314 = VERTEX_POINT('',#14315);
#14315 = CARTESIAN_POINT('',(2.912E+03,0.,1.417E+03));
#14316 = LINE('',#14317,#14318);
#14317 = CARTESIAN_POINT('',(2.912E+03,0.,1.367E+03));
#14318 = VECTOR('',#14319,1.);
#14319 = DIRECTION('',(0.,0.,1.));
#14320 = ORIENTED_EDGE('',*,*,#14321,.T.);
#14321 = EDGE_CURVE('',#14312,#14322,#14324,.T.);
#14322 = VERTEX_POINT('',#14323);
#14323 = CARTESIAN_POINT('',(2.912E+03,18.,1.367E+03));
#14324 = LINE('',#14325,#14326);
#14325 = CARTESIAN_POINT('',(2.912E+03,0.,1.367E+03));
#14326 = VECTOR('',#14327,1.);
#14327 = DIRECTION('',(0.,1.,0.));
#14328 = ORIENTED_EDGE('',*,*,#14329,.T.);
#14329 = EDGE_CURVE('',#14322,#14330,#14332,.T.);
#14330 = VERTEX_POINT('',#14331);
#14331 = CARTESIAN_POINT('',(2.912E+03,18.,1.417E+03));
#14332 = LINE('',#14333,#14334);
#14333 = CARTESIAN_POINT('',(2.912E+03,18.,1.367E+03));
#14334 = VECTOR('',#14335,1.);
#14335 = DIRECTION('',(0.,0.,1.));
#14336 = ORIENTED_EDGE('',*,*,#14337,.F.);
#14337 = EDGE_CURVE('',#14314,#14330,#14338,.T.);
#14338 = LINE('',#14339,#14340);
#14339 = CARTESIAN_POINT('',(2.912E+03,0.,1.417E+03));
#14340 = VECTOR('',#14341,1.);
#14341 = DIRECTION('',(0.,1.,0.));
#14342 = PLANE('',#14343);
#14343 = AXIS2_PLACEMENT_3D('',#14344,#14345,#14346);
#14344 = CARTESIAN_POINT('',(2.912E+03,0.,1.367E+03));
#14345 = DIRECTION('',(1.,0.,0.));
#14346 = DIRECTION('',(0.,0.,1.));
#14347 = ADVANCED_FACE('',(#14348),#14364,.F.);
#14348 = FACE_BOUND('',#14349,.F.);
#14349 = EDGE_LOOP('',(#14350,#14356,#14357,#14363));
#14350 = ORIENTED_EDGE('',*,*,#14351,.F.);
#14351 = EDGE_CURVE('',#14272,#14312,#14352,.T.);
#14352 = LINE('',#14353,#14354);
#14353 = CARTESIAN_POINT('',(2.276E+03,0.,1.367E+03));
#14354 = VECTOR('',#14355,1.);
#14355 = DIRECTION('',(1.,0.,0.));
#14356 = ORIENTED_EDGE('',*,*,#14271,.T.);
#14357 = ORIENTED_EDGE('',*,*,#14358,.T.);
#14358 = EDGE_CURVE('',#14274,#14314,#14359,.T.);
#14359 = LINE('',#14360,#14361);
#14360 = CARTESIAN_POINT('',(2.276E+03,0.,1.417E+03));
#14361 = VECTOR('',#14362,1.);
#14362 = DIRECTION('',(1.,0.,0.));
#14363 = ORIENTED_EDGE('',*,*,#14311,.F.);
#14364 = PLANE('',#14365);
#14365 = AXIS2_PLACEMENT_3D('',#14366,#14367,#14368);
#14366 = CARTESIAN_POINT('',(2.276E+03,0.,1.367E+03));
#14367 = DIRECTION('',(0.,1.,0.));
#14368 = DIRECTION('',(0.,0.,1.));
#14369 = ADVANCED_FACE('',(#14370),#14386,.T.);
#14370 = FACE_BOUND('',#14371,.T.);
#14371 = EDGE_LOOP('',(#14372,#14378,#14379,#14385));
#14372 = ORIENTED_EDGE('',*,*,#14373,.F.);
#14373 = EDGE_CURVE('',#14282,#14322,#14374,.T.);
#14374 = LINE('',#14375,#14376);
#14375 = CARTESIAN_POINT('',(2.276E+03,18.,1.367E+03));
#14376 = VECTOR('',#14377,1.);
#14377 = DIRECTION('',(1.,0.,0.));
#14378 = ORIENTED_EDGE('',*,*,#14289,.T.);
#14379 = ORIENTED_EDGE('',*,*,#14380,.T.);
#14380 = EDGE_CURVE('',#14290,#14330,#14381,.T.);
#14381 = LINE('',#14382,#14383);
#14382 = CARTESIAN_POINT('',(2.276E+03,18.,1.417E+03));
#14383 = VECTOR('',#14384,1.);
#14384 = DIRECTION('',(1.,0.,0.));
#14385 = ORIENTED_EDGE('',*,*,#14329,.F.);
#14386 = PLANE('',#14387);
#14387 = AXIS2_PLACEMENT_3D('',#14388,#14389,#14390);
#14388 = CARTESIAN_POINT('',(2.276E+03,18.,1.367E+03));
#14389 = DIRECTION('',(0.,1.,0.));
#14390 = DIRECTION('',(0.,0.,1.));
#14391 = ADVANCED_FACE('',(#14392),#14398,.F.);
#14392 = FACE_BOUND('',#14393,.F.);
#14393 = EDGE_LOOP('',(#14394,#14395,#14396,#14397));
#14394 = ORIENTED_EDGE('',*,*,#14281,.F.);
#14395 = ORIENTED_EDGE('',*,*,#14351,.T.);
#14396 = ORIENTED_EDGE('',*,*,#14321,.T.);
#14397 = ORIENTED_EDGE('',*,*,#14373,.F.);
#14398 = PLANE('',#14399);
#14399 = AXIS2_PLACEMENT_3D('',#14400,#14401,#14402);
#14400 = CARTESIAN_POINT('',(2.276E+03,0.,1.367E+03));
#14401 = DIRECTION('',(0.,0.,1.));
#14402 = DIRECTION('',(1.,0.,0.));
#14403 = ADVANCED_FACE('',(#14404),#14410,.T.);
#14404 = FACE_BOUND('',#14405,.T.);
#14405 = EDGE_LOOP('',(#14406,#14407,#14408,#14409));
#14406 = ORIENTED_EDGE('',*,*,#14297,.F.);
#14407 = ORIENTED_EDGE('',*,*,#14358,.T.);
#14408 = ORIENTED_EDGE('',*,*,#14337,.T.);
#14409 = ORIENTED_EDGE('',*,*,#14380,.F.);
#14410 = PLANE('',#14411);
#14411 = AXIS2_PLACEMENT_3D('',#14412,#14413,#14414);
#14412 = CARTESIAN_POINT('',(2.276E+03,0.,1.417E+03));
#14413 = DIRECTION('',(0.,0.,1.));
#14414 = DIRECTION('',(1.,0.,0.));
#14415 = MANIFOLD_SOLID_BREP('',#14416);
#14416 = CLOSED_SHELL('',(#14417,#14457,#14497,#14519,#14541,#14553));
#14417 = ADVANCED_FACE('',(#14418),#14452,.F.);
#14418 = FACE_BOUND('',#14419,.F.);
#14419 = EDGE_LOOP('',(#14420,#14430,#14438,#14446));
#14420 = ORIENTED_EDGE('',*,*,#14421,.F.);
#14421 = EDGE_CURVE('',#14422,#14424,#14426,.T.);
#14422 = VERTEX_POINT('',#14423);
#14423 = CARTESIAN_POINT('',(2.276E+03,0.,718.));
#14424 = VERTEX_POINT('',#14425);
#14425 = CARTESIAN_POINT('',(2.276E+03,0.,768.));
#14426 = LINE('',#14427,#14428);
#14427 = CARTESIAN_POINT('',(2.276E+03,0.,718.));
#14428 = VECTOR('',#14429,1.);
#14429 = DIRECTION('',(0.,0.,1.));
#14430 = ORIENTED_EDGE('',*,*,#14431,.T.);
#14431 = EDGE_CURVE('',#14422,#14432,#14434,.T.);
#14432 = VERTEX_POINT('',#14433);
#14433 = CARTESIAN_POINT('',(2.276E+03,18.,718.));
#14434 = LINE('',#14435,#14436);
#14435 = CARTESIAN_POINT('',(2.276E+03,0.,718.));
#14436 = VECTOR('',#14437,1.);
#14437 = DIRECTION('',(0.,1.,0.));
#14438 = ORIENTED_EDGE('',*,*,#14439,.T.);
#14439 = EDGE_CURVE('',#14432,#14440,#14442,.T.);
#14440 = VERTEX_POINT('',#14441);
#14441 = CARTESIAN_POINT('',(2.276E+03,18.,768.));
#14442 = LINE('',#14443,#14444);
#14443 = CARTESIAN_POINT('',(2.276E+03,18.,718.));
#14444 = VECTOR('',#14445,1.);
#14445 = DIRECTION('',(0.,0.,1.));
#14446 = ORIENTED_EDGE('',*,*,#14447,.F.);
#14447 = EDGE_CURVE('',#14424,#14440,#14448,.T.);
#14448 = LINE('',#14449,#14450);
#14449 = CARTESIAN_POINT('',(2.276E+03,0.,768.));
#14450 = VECTOR('',#14451,1.);
#14451 = DIRECTION('',(0.,1.,0.));
#14452 = PLANE('',#14453);
#14453 = AXIS2_PLACEMENT_3D('',#14454,#14455,#14456);
#14454 = CARTESIAN_POINT('',(2.276E+03,0.,718.));
#14455 = DIRECTION('',(1.,0.,0.));
#14456 = DIRECTION('',(0.,0.,1.));
#14457 = ADVANCED_FACE('',(#14458),#14492,.T.);
#14458 = FACE_BOUND('',#14459,.T.);
#14459 = EDGE_LOOP('',(#14460,#14470,#14478,#14486));
#14460 = ORIENTED_EDGE('',*,*,#14461,.F.);
#14461 = EDGE_CURVE('',#14462,#14464,#14466,.T.);
#14462 = VERTEX_POINT('',#14463);
#14463 = CARTESIAN_POINT('',(2.912E+03,0.,718.));
#14464 = VERTEX_POINT('',#14465);
#14465 = CARTESIAN_POINT('',(2.912E+03,0.,768.));
#14466 = LINE('',#14467,#14468);
#14467 = CARTESIAN_POINT('',(2.912E+03,0.,718.));
#14468 = VECTOR('',#14469,1.);
#14469 = DIRECTION('',(0.,0.,1.));
#14470 = ORIENTED_EDGE('',*,*,#14471,.T.);
#14471 = EDGE_CURVE('',#14462,#14472,#14474,.T.);
#14472 = VERTEX_POINT('',#14473);
#14473 = CARTESIAN_POINT('',(2.912E+03,18.,718.));
#14474 = LINE('',#14475,#14476);
#14475 = CARTESIAN_POINT('',(2.912E+03,0.,718.));
#14476 = VECTOR('',#14477,1.);
#14477 = DIRECTION('',(0.,1.,0.));
#14478 = ORIENTED_EDGE('',*,*,#14479,.T.);
#14479 = EDGE_CURVE('',#14472,#14480,#14482,.T.);
#14480 = VERTEX_POINT('',#14481);
#14481 = CARTESIAN_POINT('',(2.912E+03,18.,768.));
#14482 = LINE('',#14483,#14484);
#14483 = CARTESIAN_POINT('',(2.912E+03,18.,718.));
#14484 = VECTOR('',#14485,1.);
#14485 = DIRECTION('',(0.,0.,1.));
#14486 = ORIENTED_EDGE('',*,*,#14487,.F.);
#14487 = EDGE_CURVE('',#14464,#14480,#14488,.T.);
#14488 = LINE('',#14489,#14490);
#14489 = CARTESIAN_POINT('',(2.912E+03,0.,768.));
#14490 = VECTOR('',#14491,1.);
#14491 = DIRECTION('',(0.,1.,0.));
#14492 = PLANE('',#14493);
#14493 = AXIS2_PLACEMENT_3D('',#14494,#14495,#14496);
#14494 = CARTESIAN_POINT('',(2.912E+03,0.,718.));
#14495 = DIRECTION('',(1.,0.,0.));
#14496 = DIRECTION('',(0.,0.,1.));
#14497 = ADVANCED_FACE('',(#14498),#14514,.F.);
#14498 = FACE_BOUND('',#14499,.F.);
#14499 = EDGE_LOOP('',(#14500,#14506,#14507,#14513));
#14500 = ORIENTED_EDGE('',*,*,#14501,.F.);
#14501 = EDGE_CURVE('',#14422,#14462,#14502,.T.);
#14502 = LINE('',#14503,#14504);
#14503 = CARTESIAN_POINT('',(2.276E+03,0.,718.));
#14504 = VECTOR('',#14505,1.);
#14505 = DIRECTION('',(1.,0.,0.));
#14506 = ORIENTED_EDGE('',*,*,#14421,.T.);
#14507 = ORIENTED_EDGE('',*,*,#14508,.T.);
#14508 = EDGE_CURVE('',#14424,#14464,#14509,.T.);
#14509 = LINE('',#14510,#14511);
#14510 = CARTESIAN_POINT('',(2.276E+03,0.,768.));
#14511 = VECTOR('',#14512,1.);
#14512 = DIRECTION('',(1.,0.,0.));
#14513 = ORIENTED_EDGE('',*,*,#14461,.F.);
#14514 = PLANE('',#14515);
#14515 = AXIS2_PLACEMENT_3D('',#14516,#14517,#14518);
#14516 = CARTESIAN_POINT('',(2.276E+03,0.,718.));
#14517 = DIRECTION('',(0.,1.,0.));
#14518 = DIRECTION('',(0.,0.,1.));
#14519 = ADVANCED_FACE('',(#14520),#14536,.T.);
#14520 = FACE_BOUND('',#14521,.T.);
#14521 = EDGE_LOOP('',(#14522,#14528,#14529,#14535));
#14522 = ORIENTED_EDGE('',*,*,#14523,.F.);
#14523 = EDGE_CURVE('',#14432,#14472,#14524,.T.);
#14524 = LINE('',#14525,#14526);
#14525 = CARTESIAN_POINT('',(2.276E+03,18.,718.));
#14526 = VECTOR('',#14527,1.);
#14527 = DIRECTION('',(1.,0.,0.));
#14528 = ORIENTED_EDGE('',*,*,#14439,.T.);
#14529 = ORIENTED_EDGE('',*,*,#14530,.T.);
#14530 = EDGE_CURVE('',#14440,#14480,#14531,.T.);
#14531 = LINE('',#14532,#14533);
#14532 = CARTESIAN_POINT('',(2.276E+03,18.,768.));
#14533 = VECTOR('',#14534,1.);
#14534 = DIRECTION('',(1.,0.,0.));
#14535 = ORIENTED_EDGE('',*,*,#14479,.F.);
#14536 = PLANE('',#14537);
#14537 = AXIS2_PLACEMENT_3D('',#14538,#14539,#14540);
#14538 = CARTESIAN_POINT('',(2.276E+03,18.,718.));
#14539 = DIRECTION('',(0.,1.,0.));
#14540 = DIRECTION('',(0.,0.,1.));
#14541 = ADVANCED_FACE('',(#14542),#14548,.F.);
#14542 = FACE_BOUND('',#14543,.F.);
#14543 = EDGE_LOOP('',(#14544,#14545,#14546,#14547));
#14544 = ORIENTED_EDGE('',*,*,#14431,.F.);
#14545 = ORIENTED_EDGE('',*,*,#14501,.T.);
#14546 = ORIENTED_EDGE('',*,*,#14471,.T.);
#14547 = ORIENTED_EDGE('',*,*,#14523,.F.);
#14548 = PLANE('',#14549);
#14549 = AXIS2_PLACEMENT_3D('',#14550,#14551,#14552);
#14550 = CARTESIAN_POINT('',(2.276E+03,0.,718.));
#14551 = DIRECTION('',(0.,0.,1.));
#14552 = DIRECTION('',(1.,0.,0.));
#14553 = ADVANCED_FACE('',(#14554),#14560,.T.);
#14554 = FACE_BOUND('',#14555,.T.);
#14555 = EDGE_LOOP('',(#14556,#14557,#14558,#14559));
#14556 = ORIENTED_EDGE('',*,*,#14447,.F.);
#14557 = ORIENTED_EDGE('',*,*,#14508,.T.);
#14558 = ORIENTED_EDGE('',*,*,#14487,.T.);
#14559 = ORIENTED_EDGE('',*,*,#14530,.F.);
#14560 = PLANE('',#14561);
#14561 = AXIS2_PLACEMENT_3D('',#14562,#14563,#14564);
#14562 = CARTESIAN_POINT('',(2.276E+03,0.,768.));
#14563 = DIRECTION('',(0.,0.,1.));
#14564 = DIRECTION('',(1.,0.,0.));
#14565 = MANIFOLD_SOLID_BREP('',#14566);
#14566 = CLOSED_SHELL('',(#14567,#14607,#14647,#14669,#14691,#14703));
#14567 = ADVANCED_FACE('',(#14568),#14602,.F.);
#14568 = FACE_BOUND('',#14569,.F.);
#14569 = EDGE_LOOP('',(#14570,#14580,#14588,#14596));
#14570 = ORIENTED_EDGE('',*,*,#14571,.F.);
#14571 = EDGE_CURVE('',#14572,#14574,#14576,.T.);
#14572 = VERTEX_POINT('',#14573);
#14573 = CARTESIAN_POINT('',(2.276E+03,0.,1.759E+03));
#14574 = VERTEX_POINT('',#14575);
#14575 = CARTESIAN_POINT('',(2.276E+03,0.,1.809E+03));
#14576 = LINE('',#14577,#14578);
#14577 = CARTESIAN_POINT('',(2.276E+03,0.,1.759E+03));
#14578 = VECTOR('',#14579,1.);
#14579 = DIRECTION('',(0.,0.,1.));
#14580 = ORIENTED_EDGE('',*,*,#14581,.T.);
#14581 = EDGE_CURVE('',#14572,#14582,#14584,.T.);
#14582 = VERTEX_POINT('',#14583);
#14583 = CARTESIAN_POINT('',(2.276E+03,18.,1.759E+03));
#14584 = LINE('',#14585,#14586);
#14585 = CARTESIAN_POINT('',(2.276E+03,0.,1.759E+03));
#14586 = VECTOR('',#14587,1.);
#14587 = DIRECTION('',(0.,1.,0.));
#14588 = ORIENTED_EDGE('',*,*,#14589,.T.);
#14589 = EDGE_CURVE('',#14582,#14590,#14592,.T.);
#14590 = VERTEX_POINT('',#14591);
#14591 = CARTESIAN_POINT('',(2.276E+03,18.,1.809E+03));
#14592 = LINE('',#14593,#14594);
#14593 = CARTESIAN_POINT('',(2.276E+03,18.,1.759E+03));
#14594 = VECTOR('',#14595,1.);
#14595 = DIRECTION('',(0.,0.,1.));
#14596 = ORIENTED_EDGE('',*,*,#14597,.F.);
#14597 = EDGE_CURVE('',#14574,#14590,#14598,.T.);
#14598 = LINE('',#14599,#14600);
#14599 = CARTESIAN_POINT('',(2.276E+03,0.,1.809E+03));
#14600 = VECTOR('',#14601,1.);
#14601 = DIRECTION('',(0.,1.,0.));
#14602 = PLANE('',#14603);
#14603 = AXIS2_PLACEMENT_3D('',#14604,#14605,#14606);
#14604 = CARTESIAN_POINT('',(2.276E+03,0.,1.759E+03));
#14605 = DIRECTION('',(1.,0.,0.));
#14606 = DIRECTION('',(0.,0.,1.));
#14607 = ADVANCED_FACE('',(#14608),#14642,.T.);
#14608 = FACE_BOUND('',#14609,.T.);
#14609 = EDGE_LOOP('',(#14610,#14620,#14628,#14636));
#14610 = ORIENTED_EDGE('',*,*,#14611,.F.);
#14611 = EDGE_CURVE('',#14612,#14614,#14616,.T.);
#14612 = VERTEX_POINT('',#14613);
#14613 = CARTESIAN_POINT('',(2.912E+03,0.,1.759E+03));
#14614 = VERTEX_POINT('',#14615);
#14615 = CARTESIAN_POINT('',(2.912E+03,0.,1.809E+03));
#14616 = LINE('',#14617,#14618);
#14617 = CARTESIAN_POINT('',(2.912E+03,0.,1.759E+03));
#14618 = VECTOR('',#14619,1.);
#14619 = DIRECTION('',(0.,0.,1.));
#14620 = ORIENTED_EDGE('',*,*,#14621,.T.);
#14621 = EDGE_CURVE('',#14612,#14622,#14624,.T.);
#14622 = VERTEX_POINT('',#14623);
#14623 = CARTESIAN_POINT('',(2.912E+03,18.,1.759E+03));
#14624 = LINE('',#14625,#14626);
#14625 = CARTESIAN_POINT('',(2.912E+03,0.,1.759E+03));
#14626 = VECTOR('',#14627,1.);
#14627 = DIRECTION('',(0.,1.,0.));
#14628 = ORIENTED_EDGE('',*,*,#14629,.T.);
#14629 = EDGE_CURVE('',#14622,#14630,#14632,.T.);
#14630 = VERTEX_POINT('',#14631);
#14631 = CARTESIAN_POINT('',(2.912E+03,18.,1.809E+03));
#14632 = LINE('',#14633,#14634);
#14633 = CARTESIAN_POINT('',(2.912E+03,18.,1.759E+03));
#14634 = VECTOR('',#14635,1.);
#14635 = DIRECTION('',(0.,0.,1.));
#14636 = ORIENTED_EDGE('',*,*,#14637,.F.);
#14637 = EDGE_CURVE('',#14614,#14630,#14638,.T.);
#14638 = LINE('',#14639,#14640);
#14639 = CARTESIAN_POINT('',(2.912E+03,0.,1.809E+03));
#14640 = VECTOR('',#14641,1.);
#14641 = DIRECTION('',(0.,1.,0.));
#14642 = PLANE('',#14643);
#14643 = AXIS2_PLACEMENT_3D('',#14644,#14645,#14646);
#14644 = CARTESIAN_POINT('',(2.912E+03,0.,1.759E+03));
#14645 = DIRECTION('',(1.,0.,0.));
#14646 = DIRECTION('',(0.,0.,1.));
#14647 = ADVANCED_FACE('',(#14648),#14664,.F.);
#14648 = FACE_BOUND('',#14649,.F.);
#14649 = EDGE_LOOP('',(#14650,#14656,#14657,#14663));
#14650 = ORIENTED_EDGE('',*,*,#14651,.F.);
#14651 = EDGE_CURVE('',#14572,#14612,#14652,.T.);
#14652 = LINE('',#14653,#14654);
#14653 = CARTESIAN_POINT('',(2.276E+03,0.,1.759E+03));
#14654 = VECTOR('',#14655,1.);
#14655 = DIRECTION('',(1.,0.,0.));
#14656 = ORIENTED_EDGE('',*,*,#14571,.T.);
#14657 = ORIENTED_EDGE('',*,*,#14658,.T.);
#14658 = EDGE_CURVE('',#14574,#14614,#14659,.T.);
#14659 = LINE('',#14660,#14661);
#14660 = CARTESIAN_POINT('',(2.276E+03,0.,1.809E+03));
#14661 = VECTOR('',#14662,1.);
#14662 = DIRECTION('',(1.,0.,0.));
#14663 = ORIENTED_EDGE('',*,*,#14611,.F.);
#14664 = PLANE('',#14665);
#14665 = AXIS2_PLACEMENT_3D('',#14666,#14667,#14668);
#14666 = CARTESIAN_POINT('',(2.276E+03,0.,1.759E+03));
#14667 = DIRECTION('',(0.,1.,0.));
#14668 = DIRECTION('',(0.,0.,1.));
#14669 = ADVANCED_FACE('',(#14670),#14686,.T.);
#14670 = FACE_BOUND('',#14671,.T.);
#14671 = EDGE_LOOP('',(#14672,#14678,#14679,#14685));
#14672 = ORIENTED_EDGE('',*,*,#14673,.F.);
#14673 = EDGE_CURVE('',#14582,#14622,#14674,.T.);
#14674 = LINE('',#14675,#14676);
#14675 = CARTESIAN_POINT('',(2.276E+03,18.,1.759E+03));
#14676 = VECTOR('',#14677,1.);
#14677 = DIRECTION('',(1.,0.,0.));
#14678 = ORIENTED_EDGE('',*,*,#14589,.T.);
#14679 = ORIENTED_EDGE('',*,*,#14680,.T.);
#14680 = EDGE_CURVE('',#14590,#14630,#14681,.T.);
#14681 = LINE('',#14682,#14683);
#14682 = CARTESIAN_POINT('',(2.276E+03,18.,1.809E+03));
#14683 = VECTOR('',#14684,1.);
#14684 = DIRECTION('',(1.,0.,0.));
#14685 = ORIENTED_EDGE('',*,*,#14629,.F.);
#14686 = PLANE('',#14687);
#14687 = AXIS2_PLACEMENT_3D('',#14688,#14689,#14690);
#14688 = CARTESIAN_POINT('',(2.276E+03,18.,1.759E+03));
#14689 = DIRECTION('',(0.,1.,0.));
#14690 = DIRECTION('',(0.,0.,1.));
#14691 = ADVANCED_FACE('',(#14692),#14698,.F.);
#14692 = FACE_BOUND('',#14693,.F.);
#14693 = EDGE_LOOP('',(#14694,#14695,#14696,#14697));
#14694 = ORIENTED_EDGE('',*,*,#14581,.F.);
#14695 = ORIENTED_EDGE('',*,*,#14651,.T.);
#14696 = ORIENTED_EDGE('',*,*,#14621,.T.);
#14697 = ORIENTED_EDGE('',*,*,#14673,.F.);
#14698 = PLANE('',#14699);
#14699 = AXIS2_PLACEMENT_3D('',#14700,#14701,#14702);
#14700 = CARTESIAN_POINT('',(2.276E+03,0.,1.759E+03));
#14701 = DIRECTION('',(0.,0.,1.));
#14702 = DIRECTION('',(1.,0.,0.));
#14703 = ADVANCED_FACE('',(#14704),#14710,.T.);
#14704 = FACE_BOUND('',#14705,.T.);
#14705 = EDGE_LOOP('',(#14706,#14707,#14708,#14709));
#14706 = ORIENTED_EDGE('',*,*,#14597,.F.);
#14707 = ORIENTED_EDGE('',*,*,#14658,.T.);
#14708 = ORIENTED_EDGE('',*,*,#14637,.T.);
#14709 = ORIENTED_EDGE('',*,*,#14680,.F.);
#14710 = PLANE('',#14711);
#14711 = AXIS2_PLACEMENT_3D('',#14712,#14713,#14714);
#14712 = CARTESIAN_POINT('',(2.276E+03,0.,1.809E+03));
#14713 = DIRECTION('',(0.,0.,1.));
#14714 = DIRECTION('',(1.,0.,0.));
#14715 = MANIFOLD_SOLID_BREP('',#14716);
#14716 = CLOSED_SHELL('',(#14717,#14757,#14797,#14819,#14841,#14853));
#14717 = ADVANCED_FACE('',(#14718),#14752,.F.);
#14718 = FACE_BOUND('',#14719,.F.);
#14719 = EDGE_LOOP('',(#14720,#14730,#14738,#14746));
#14720 = ORIENTED_EDGE('',*,*,#14721,.F.);
#14721 = EDGE_CURVE('',#14722,#14724,#14726,.T.);
#14722 = VERTEX_POINT('',#14723);
#14723 = CARTESIAN_POINT('',(2.258E+03,-20.,718.));
#14724 = VERTEX_POINT('',#14725);
#14725 = CARTESIAN_POINT('',(2.258E+03,-20.,743.));
#14726 = LINE('',#14727,#14728);
#14727 = CARTESIAN_POINT('',(2.258E+03,-20.,718.));
#14728 = VECTOR('',#14729,1.);
#14729 = DIRECTION('',(0.,0.,1.));
#14730 = ORIENTED_EDGE('',*,*,#14731,.T.);
#14731 = EDGE_CURVE('',#14722,#14732,#14734,.T.);
#14732 = VERTEX_POINT('',#14733);
#14733 = CARTESIAN_POINT('',(2.258E+03,0.,718.));
#14734 = LINE('',#14735,#14736);
#14735 = CARTESIAN_POINT('',(2.258E+03,-20.,718.));
#14736 = VECTOR('',#14737,1.);
#14737 = DIRECTION('',(0.,1.,0.));
#14738 = ORIENTED_EDGE('',*,*,#14739,.T.);
#14739 = EDGE_CURVE('',#14732,#14740,#14742,.T.);
#14740 = VERTEX_POINT('',#14741);
#14741 = CARTESIAN_POINT('',(2.258E+03,0.,743.));
#14742 = LINE('',#14743,#14744);
#14743 = CARTESIAN_POINT('',(2.258E+03,0.,718.));
#14744 = VECTOR('',#14745,1.);
#14745 = DIRECTION('',(0.,0.,1.));
#14746 = ORIENTED_EDGE('',*,*,#14747,.F.);
#14747 = EDGE_CURVE('',#14724,#14740,#14748,.T.);
#14748 = LINE('',#14749,#14750);
#14749 = CARTESIAN_POINT('',(2.258E+03,-20.,743.));
#14750 = VECTOR('',#14751,1.);
#14751 = DIRECTION('',(0.,1.,0.));
#14752 = PLANE('',#14753);
#14753 = AXIS2_PLACEMENT_3D('',#14754,#14755,#14756);
#14754 = CARTESIAN_POINT('',(2.258E+03,-20.,718.));
#14755 = DIRECTION('',(1.,0.,0.));
#14756 = DIRECTION('',(0.,0.,1.));
#14757 = ADVANCED_FACE('',(#14758),#14792,.T.);
#14758 = FACE_BOUND('',#14759,.T.);
#14759 = EDGE_LOOP('',(#14760,#14770,#14778,#14786));
#14760 = ORIENTED_EDGE('',*,*,#14761,.F.);
#14761 = EDGE_CURVE('',#14762,#14764,#14766,.T.);
#14762 = VERTEX_POINT('',#14763);
#14763 = CARTESIAN_POINT('',(2.93E+03,-20.,718.));
#14764 = VERTEX_POINT('',#14765);
#14765 = CARTESIAN_POINT('',(2.93E+03,-20.,743.));
#14766 = LINE('',#14767,#14768);
#14767 = CARTESIAN_POINT('',(2.93E+03,-20.,718.));
#14768 = VECTOR('',#14769,1.);
#14769 = DIRECTION('',(0.,0.,1.));
#14770 = ORIENTED_EDGE('',*,*,#14771,.T.);
#14771 = EDGE_CURVE('',#14762,#14772,#14774,.T.);
#14772 = VERTEX_POINT('',#14773);
#14773 = CARTESIAN_POINT('',(2.93E+03,0.,718.));
#14774 = LINE('',#14775,#14776);
#14775 = CARTESIAN_POINT('',(2.93E+03,-20.,718.));
#14776 = VECTOR('',#14777,1.);
#14777 = DIRECTION('',(0.,1.,0.));
#14778 = ORIENTED_EDGE('',*,*,#14779,.T.);
#14779 = EDGE_CURVE('',#14772,#14780,#14782,.T.);
#14780 = VERTEX_POINT('',#14781);
#14781 = CARTESIAN_POINT('',(2.93E+03,0.,743.));
#14782 = LINE('',#14783,#14784);
#14783 = CARTESIAN_POINT('',(2.93E+03,0.,718.));
#14784 = VECTOR('',#14785,1.);
#14785 = DIRECTION('',(0.,0.,1.));
#14786 = ORIENTED_EDGE('',*,*,#14787,.F.);
#14787 = EDGE_CURVE('',#14764,#14780,#14788,.T.);
#14788 = LINE('',#14789,#14790);
#14789 = CARTESIAN_POINT('',(2.93E+03,-20.,743.));
#14790 = VECTOR('',#14791,1.);
#14791 = DIRECTION('',(0.,1.,0.));
#14792 = PLANE('',#14793);
#14793 = AXIS2_PLACEMENT_3D('',#14794,#14795,#14796);
#14794 = CARTESIAN_POINT('',(2.93E+03,-20.,718.));
#14795 = DIRECTION('',(1.,0.,0.));
#14796 = DIRECTION('',(0.,0.,1.));
#14797 = ADVANCED_FACE('',(#14798),#14814,.F.);
#14798 = FACE_BOUND('',#14799,.F.);
#14799 = EDGE_LOOP('',(#14800,#14806,#14807,#14813));
#14800 = ORIENTED_EDGE('',*,*,#14801,.F.);
#14801 = EDGE_CURVE('',#14722,#14762,#14802,.T.);
#14802 = LINE('',#14803,#14804);
#14803 = CARTESIAN_POINT('',(2.258E+03,-20.,718.));
#14804 = VECTOR('',#14805,1.);
#14805 = DIRECTION('',(1.,0.,0.));
#14806 = ORIENTED_EDGE('',*,*,#14721,.T.);
#14807 = ORIENTED_EDGE('',*,*,#14808,.T.);
#14808 = EDGE_CURVE('',#14724,#14764,#14809,.T.);
#14809 = LINE('',#14810,#14811);
#14810 = CARTESIAN_POINT('',(2.258E+03,-20.,743.));
#14811 = VECTOR('',#14812,1.);
#14812 = DIRECTION('',(1.,0.,0.));
#14813 = ORIENTED_EDGE('',*,*,#14761,.F.);
#14814 = PLANE('',#14815);
#14815 = AXIS2_PLACEMENT_3D('',#14816,#14817,#14818);
#14816 = CARTESIAN_POINT('',(2.258E+03,-20.,718.));
#14817 = DIRECTION('',(0.,1.,0.));
#14818 = DIRECTION('',(0.,0.,1.));
#14819 = ADVANCED_FACE('',(#14820),#14836,.T.);
#14820 = FACE_BOUND('',#14821,.T.);
#14821 = EDGE_LOOP('',(#14822,#14828,#14829,#14835));
#14822 = ORIENTED_EDGE('',*,*,#14823,.F.);
#14823 = EDGE_CURVE('',#14732,#14772,#14824,.T.);
#14824 = LINE('',#14825,#14826);
#14825 = CARTESIAN_POINT('',(2.258E+03,0.,718.));
#14826 = VECTOR('',#14827,1.);
#14827 = DIRECTION('',(1.,0.,0.));
#14828 = ORIENTED_EDGE('',*,*,#14739,.T.);
#14829 = ORIENTED_EDGE('',*,*,#14830,.T.);
#14830 = EDGE_CURVE('',#14740,#14780,#14831,.T.);
#14831 = LINE('',#14832,#14833);
#14832 = CARTESIAN_POINT('',(2.258E+03,0.,743.));
#14833 = VECTOR('',#14834,1.);
#14834 = DIRECTION('',(1.,0.,0.));
#14835 = ORIENTED_EDGE('',*,*,#14779,.F.);
#14836 = PLANE('',#14837);
#14837 = AXIS2_PLACEMENT_3D('',#14838,#14839,#14840);
#14838 = CARTESIAN_POINT('',(2.258E+03,0.,718.));
#14839 = DIRECTION('',(0.,1.,0.));
#14840 = DIRECTION('',(0.,0.,1.));
#14841 = ADVANCED_FACE('',(#14842),#14848,.F.);
#14842 = FACE_BOUND('',#14843,.F.);
#14843 = EDGE_LOOP('',(#14844,#14845,#14846,#14847));
#14844 = ORIENTED_EDGE('',*,*,#14731,.F.);
#14845 = ORIENTED_EDGE('',*,*,#14801,.T.);
#14846 = ORIENTED_EDGE('',*,*,#14771,.T.);
#14847 = ORIENTED_EDGE('',*,*,#14823,.F.);
#14848 = PLANE('',#14849);
#14849 = AXIS2_PLACEMENT_3D('',#14850,#14851,#14852);
#14850 = CARTESIAN_POINT('',(2.258E+03,-20.,718.));
#14851 = DIRECTION('',(0.,0.,1.));
#14852 = DIRECTION('',(1.,0.,0.));
#14853 = ADVANCED_FACE('',(#14854),#14860,.T.);
#14854 = FACE_BOUND('',#14855,.T.);
#14855 = EDGE_LOOP('',(#14856,#14857,#14858,#14859));
#14856 = ORIENTED_EDGE('',*,*,#14747,.F.);
#14857 = ORIENTED_EDGE('',*,*,#14808,.T.);
#14858 = ORIENTED_EDGE('',*,*,#14787,.T.);
#14859 = ORIENTED_EDGE('',*,*,#14830,.F.);
#14860 = PLANE('',#14861);
#14861 = AXIS2_PLACEMENT_3D('',#14862,#14863,#14864);
#14862 = CARTESIAN_POINT('',(2.258E+03,-20.,743.));
#14863 = DIRECTION('',(0.,0.,1.));
#14864 = DIRECTION('',(1.,0.,0.));
#14865 = MANIFOLD_SOLID_BREP('',#14866);
#14866 = CLOSED_SHELL('',(#14867,#14907,#14947,#14969,#14991,#15003));
#14867 = ADVANCED_FACE('',(#14868),#14902,.F.);
#14868 = FACE_BOUND('',#14869,.F.);
#14869 = EDGE_LOOP('',(#14870,#14880,#14888,#14896));
#14870 = ORIENTED_EDGE('',*,*,#14871,.F.);
#14871 = EDGE_CURVE('',#14872,#14874,#14876,.T.);
#14872 = VERTEX_POINT('',#14873);
#14873 = CARTESIAN_POINT('',(2.258E+03,-20.,1.809E+03));
#14874 = VERTEX_POINT('',#14875);
#14875 = CARTESIAN_POINT('',(2.258E+03,-20.,1.834E+03));
#14876 = LINE('',#14877,#14878);
#14877 = CARTESIAN_POINT('',(2.258E+03,-20.,1.809E+03));
#14878 = VECTOR('',#14879,1.);
#14879 = DIRECTION('',(0.,0.,1.));
#14880 = ORIENTED_EDGE('',*,*,#14881,.T.);
#14881 = EDGE_CURVE('',#14872,#14882,#14884,.T.);
#14882 = VERTEX_POINT('',#14883);
#14883 = CARTESIAN_POINT('',(2.258E+03,0.,1.809E+03));
#14884 = LINE('',#14885,#14886);
#14885 = CARTESIAN_POINT('',(2.258E+03,-20.,1.809E+03));
#14886 = VECTOR('',#14887,1.);
#14887 = DIRECTION('',(0.,1.,0.));
#14888 = ORIENTED_EDGE('',*,*,#14889,.T.);
#14889 = EDGE_CURVE('',#14882,#14890,#14892,.T.);
#14890 = VERTEX_POINT('',#14891);
#14891 = CARTESIAN_POINT('',(2.258E+03,0.,1.834E+03));
#14892 = LINE('',#14893,#14894);
#14893 = CARTESIAN_POINT('',(2.258E+03,0.,1.809E+03));
#14894 = VECTOR('',#14895,1.);
#14895 = DIRECTION('',(0.,0.,1.));
#14896 = ORIENTED_EDGE('',*,*,#14897,.F.);
#14897 = EDGE_CURVE('',#14874,#14890,#14898,.T.);
#14898 = LINE('',#14899,#14900);
#14899 = CARTESIAN_POINT('',(2.258E+03,-20.,1.834E+03));
#14900 = VECTOR('',#14901,1.);
#14901 = DIRECTION('',(0.,1.,0.));
#14902 = PLANE('',#14903);
#14903 = AXIS2_PLACEMENT_3D('',#14904,#14905,#14906);
#14904 = CARTESIAN_POINT('',(2.258E+03,-20.,1.809E+03));
#14905 = DIRECTION('',(1.,0.,0.));
#14906 = DIRECTION('',(0.,0.,1.));
#14907 = ADVANCED_FACE('',(#14908),#14942,.T.);
#14908 = FACE_BOUND('',#14909,.T.);
#14909 = EDGE_LOOP('',(#14910,#14920,#14928,#14936));
#14910 = ORIENTED_EDGE('',*,*,#14911,.F.);
#14911 = EDGE_CURVE('',#14912,#14914,#14916,.T.);
#14912 = VERTEX_POINT('',#14913);
#14913 = CARTESIAN_POINT('',(2.93E+03,-20.,1.809E+03));
#14914 = VERTEX_POINT('',#14915);
#14915 = CARTESIAN_POINT('',(2.93E+03,-20.,1.834E+03));
#14916 = LINE('',#14917,#14918);
#14917 = CARTESIAN_POINT('',(2.93E+03,-20.,1.809E+03));
#14918 = VECTOR('',#14919,1.);
#14919 = DIRECTION('',(0.,0.,1.));
#14920 = ORIENTED_EDGE('',*,*,#14921,.T.);
#14921 = EDGE_CURVE('',#14912,#14922,#14924,.T.);
#14922 = VERTEX_POINT('',#14923);
#14923 = CARTESIAN_POINT('',(2.93E+03,0.,1.809E+03));
#14924 = LINE('',#14925,#14926);
#14925 = CARTESIAN_POINT('',(2.93E+03,-20.,1.809E+03));
#14926 = VECTOR('',#14927,1.);
#14927 = DIRECTION('',(0.,1.,0.));
#14928 = ORIENTED_EDGE('',*,*,#14929,.T.);
#14929 = EDGE_CURVE('',#14922,#14930,#14932,.T.);
#14930 = VERTEX_POINT('',#14931);
#14931 = CARTESIAN_POINT('',(2.93E+03,0.,1.834E+03));
#14932 = LINE('',#14933,#14934);
#14933 = CARTESIAN_POINT('',(2.93E+03,0.,1.809E+03));
#14934 = VECTOR('',#14935,1.);
#14935 = DIRECTION('',(0.,0.,1.));
#14936 = ORIENTED_EDGE('',*,*,#14937,.F.);
#14937 = EDGE_CURVE('',#14914,#14930,#14938,.T.);
#14938 = LINE('',#14939,#14940);
#14939 = CARTESIAN_POINT('',(2.93E+03,-20.,1.834E+03));
#14940 = VECTOR('',#14941,1.);
#14941 = DIRECTION('',(0.,1.,0.));
#14942 = PLANE('',#14943);
#14943 = AXIS2_PLACEMENT_3D('',#14944,#14945,#14946);
#14944 = CARTESIAN_POINT('',(2.93E+03,-20.,1.809E+03));
#14945 = DIRECTION('',(1.,0.,0.));
#14946 = DIRECTION('',(0.,0.,1.));
#14947 = ADVANCED_FACE('',(#14948),#14964,.F.);
#14948 = FACE_BOUND('',#14949,.F.);
#14949 = EDGE_LOOP('',(#14950,#14956,#14957,#14963));
#14950 = ORIENTED_EDGE('',*,*,#14951,.F.);
#14951 = EDGE_CURVE('',#14872,#14912,#14952,.T.);
#14952 = LINE('',#14953,#14954);
#14953 = CARTESIAN_POINT('',(2.258E+03,-20.,1.809E+03));
#14954 = VECTOR('',#14955,1.);
#14955 = DIRECTION('',(1.,0.,0.));
#14956 = ORIENTED_EDGE('',*,*,#14871,.T.);
#14957 = ORIENTED_EDGE('',*,*,#14958,.T.);
#14958 = EDGE_CURVE('',#14874,#14914,#14959,.T.);
#14959 = LINE('',#14960,#14961);
#14960 = CARTESIAN_POINT('',(2.258E+03,-20.,1.834E+03));
#14961 = VECTOR('',#14962,1.);
#14962 = DIRECTION('',(1.,0.,0.));
#14963 = ORIENTED_EDGE('',*,*,#14911,.F.);
#14964 = PLANE('',#14965);
#14965 = AXIS2_PLACEMENT_3D('',#14966,#14967,#14968);
#14966 = CARTESIAN_POINT('',(2.258E+03,-20.,1.809E+03));
#14967 = DIRECTION('',(0.,1.,0.));
#14968 = DIRECTION('',(0.,0.,1.));
#14969 = ADVANCED_FACE('',(#14970),#14986,.T.);
#14970 = FACE_BOUND('',#14971,.T.);
#14971 = EDGE_LOOP('',(#14972,#14978,#14979,#14985));
#14972 = ORIENTED_EDGE('',*,*,#14973,.F.);
#14973 = EDGE_CURVE('',#14882,#14922,#14974,.T.);
#14974 = LINE('',#14975,#14976);
#14975 = CARTESIAN_POINT('',(2.258E+03,0.,1.809E+03));
#14976 = VECTOR('',#14977,1.);
#14977 = DIRECTION('',(1.,0.,0.));
#14978 = ORIENTED_EDGE('',*,*,#14889,.T.);
#14979 = ORIENTED_EDGE('',*,*,#14980,.T.);
#14980 = EDGE_CURVE('',#14890,#14930,#14981,.T.);
#14981 = LINE('',#14982,#14983);
#14982 = CARTESIAN_POINT('',(2.258E+03,0.,1.834E+03));
#14983 = VECTOR('',#14984,1.);
#14984 = DIRECTION('',(1.,0.,0.));
#14985 = ORIENTED_EDGE('',*,*,#14929,.F.);
#14986 = PLANE('',#14987);
#14987 = AXIS2_PLACEMENT_3D('',#14988,#14989,#14990);
#14988 = CARTESIAN_POINT('',(2.258E+03,0.,1.809E+03));
#14989 = DIRECTION('',(0.,1.,0.));
#14990 = DIRECTION('',(0.,0.,1.));
#14991 = ADVANCED_FACE('',(#14992),#14998,.F.);
#14992 = FACE_BOUND('',#14993,.F.);
#14993 = EDGE_LOOP('',(#14994,#14995,#14996,#14997));
#14994 = ORIENTED_EDGE('',*,*,#14881,.F.);
#14995 = ORIENTED_EDGE('',*,*,#14951,.T.);
#14996 = ORIENTED_EDGE('',*,*,#14921,.T.);
#14997 = ORIENTED_EDGE('',*,*,#14973,.F.);
#14998 = PLANE('',#14999);
#14999 = AXIS2_PLACEMENT_3D('',#15000,#15001,#15002);
#15000 = CARTESIAN_POINT('',(2.258E+03,-20.,1.809E+03));
#15001 = DIRECTION('',(0.,0.,1.));
#15002 = DIRECTION('',(1.,0.,0.));
#15003 = ADVANCED_FACE('',(#15004),#15010,.T.);
#15004 = FACE_BOUND('',#15005,.T.);
#15005 = EDGE_LOOP('',(#15006,#15007,#15008,#15009));
#15006 = ORIENTED_EDGE('',*,*,#14897,.F.);
#15007 = ORIENTED_EDGE('',*,*,#14958,.T.);
#15008 = ORIENTED_EDGE('',*,*,#14937,.T.);
#15009 = ORIENTED_EDGE('',*,*,#14980,.F.);
#15010 = PLANE('',#15011);
#15011 = AXIS2_PLACEMENT_3D('',#15012,#15013,#15014);
#15012 = CARTESIAN_POINT('',(2.258E+03,-20.,1.834E+03));
#15013 = DIRECTION('',(0.,0.,1.));
#15014 = DIRECTION('',(1.,0.,0.));
#15015 = MANIFOLD_SOLID_BREP('',#15016);
#15016 = CLOSED_SHELL('',(#15017,#15057,#15097,#15119,#15141,#15153));
#15017 = ADVANCED_FACE('',(#15018),#15052,.F.);
#15018 = FACE_BOUND('',#15019,.F.);
#15019 = EDGE_LOOP('',(#15020,#15030,#15038,#15046));
#15020 = ORIENTED_EDGE('',*,*,#15021,.F.);
#15021 = EDGE_CURVE('',#15022,#15024,#15026,.T.);
#15022 = VERTEX_POINT('',#15023);
#15023 = CARTESIAN_POINT('',(2.267E+03,-18.,80.));
#15024 = VERTEX_POINT('',#15025);
#15025 = CARTESIAN_POINT('',(2.267E+03,-18.,718.));
#15026 = LINE('',#15027,#15028);
#15027 = CARTESIAN_POINT('',(2.267E+03,-18.,80.));
#15028 = VECTOR('',#15029,1.);
#15029 = DIRECTION('',(0.,0.,1.));
#15030 = ORIENTED_EDGE('',*,*,#15031,.T.);
#15031 = EDGE_CURVE('',#15022,#15032,#15034,.T.);
#15032 = VERTEX_POINT('',#15033);
#15033 = CARTESIAN_POINT('',(2.267E+03,0.,80.));
#15034 = LINE('',#15035,#15036);
#15035 = CARTESIAN_POINT('',(2.267E+03,-18.,80.));
#15036 = VECTOR('',#15037,1.);
#15037 = DIRECTION('',(0.,1.,0.));
#15038 = ORIENTED_EDGE('',*,*,#15039,.T.);
#15039 = EDGE_CURVE('',#15032,#15040,#15042,.T.);
#15040 = VERTEX_POINT('',#15041);
#15041 = CARTESIAN_POINT('',(2.267E+03,0.,718.));
#15042 = LINE('',#15043,#15044);
#15043 = CARTESIAN_POINT('',(2.267E+03,0.,80.));
#15044 = VECTOR('',#15045,1.);
#15045 = DIRECTION('',(0.,0.,1.));
#15046 = ORIENTED_EDGE('',*,*,#15047,.F.);
#15047 = EDGE_CURVE('',#15024,#15040,#15048,.T.);
#15048 = LINE('',#15049,#15050);
#15049 = CARTESIAN_POINT('',(2.267E+03,-18.,718.));
#15050 = VECTOR('',#15051,1.);
#15051 = DIRECTION('',(0.,1.,0.));
#15052 = PLANE('',#15053);
#15053 = AXIS2_PLACEMENT_3D('',#15054,#15055,#15056);
#15054 = CARTESIAN_POINT('',(2.267E+03,-18.,80.));
#15055 = DIRECTION('',(1.,0.,0.));
#15056 = DIRECTION('',(0.,0.,1.));
#15057 = ADVANCED_FACE('',(#15058),#15092,.T.);
#15058 = FACE_BOUND('',#15059,.T.);
#15059 = EDGE_LOOP('',(#15060,#15070,#15078,#15086));
#15060 = ORIENTED_EDGE('',*,*,#15061,.F.);
#15061 = EDGE_CURVE('',#15062,#15064,#15066,.T.);
#15062 = VERTEX_POINT('',#15063);
#15063 = CARTESIAN_POINT('',(2.921E+03,-18.,80.));
#15064 = VERTEX_POINT('',#15065);
#15065 = CARTESIAN_POINT('',(2.921E+03,-18.,718.));
#15066 = LINE('',#15067,#15068);
#15067 = CARTESIAN_POINT('',(2.921E+03,-18.,80.));
#15068 = VECTOR('',#15069,1.);
#15069 = DIRECTION('',(0.,0.,1.));
#15070 = ORIENTED_EDGE('',*,*,#15071,.T.);
#15071 = EDGE_CURVE('',#15062,#15072,#15074,.T.);
#15072 = VERTEX_POINT('',#15073);
#15073 = CARTESIAN_POINT('',(2.921E+03,0.,80.));
#15074 = LINE('',#15075,#15076);
#15075 = CARTESIAN_POINT('',(2.921E+03,-18.,80.));
#15076 = VECTOR('',#15077,1.);
#15077 = DIRECTION('',(0.,1.,0.));
#15078 = ORIENTED_EDGE('',*,*,#15079,.T.);
#15079 = EDGE_CURVE('',#15072,#15080,#15082,.T.);
#15080 = VERTEX_POINT('',#15081);
#15081 = CARTESIAN_POINT('',(2.921E+03,0.,718.));
#15082 = LINE('',#15083,#15084);
#15083 = CARTESIAN_POINT('',(2.921E+03,0.,80.));
#15084 = VECTOR('',#15085,1.);
#15085 = DIRECTION('',(0.,0.,1.));
#15086 = ORIENTED_EDGE('',*,*,#15087,.F.);
#15087 = EDGE_CURVE('',#15064,#15080,#15088,.T.);
#15088 = LINE('',#15089,#15090);
#15089 = CARTESIAN_POINT('',(2.921E+03,-18.,718.));
#15090 = VECTOR('',#15091,1.);
#15091 = DIRECTION('',(0.,1.,0.));
#15092 = PLANE('',#15093);
#15093 = AXIS2_PLACEMENT_3D('',#15094,#15095,#15096);
#15094 = CARTESIAN_POINT('',(2.921E+03,-18.,80.));
#15095 = DIRECTION('',(1.,0.,0.));
#15096 = DIRECTION('',(0.,0.,1.));
#15097 = ADVANCED_FACE('',(#15098),#15114,.F.);
#15098 = FACE_BOUND('',#15099,.F.);
#15099 = EDGE_LOOP('',(#15100,#15106,#15107,#15113));
#15100 = ORIENTED_EDGE('',*,*,#15101,.F.);
#15101 = EDGE_CURVE('',#15022,#15062,#15102,.T.);
#15102 = LINE('',#15103,#15104);
#15103 = CARTESIAN_POINT('',(2.267E+03,-18.,80.));
#15104 = VECTOR('',#15105,1.);
#15105 = DIRECTION('',(1.,0.,0.));
#15106 = ORIENTED_EDGE('',*,*,#15021,.T.);
#15107 = ORIENTED_EDGE('',*,*,#15108,.T.);
#15108 = EDGE_CURVE('',#15024,#15064,#15109,.T.);
#15109 = LINE('',#15110,#15111);
#15110 = CARTESIAN_POINT('',(2.267E+03,-18.,718.));
#15111 = VECTOR('',#15112,1.);
#15112 = DIRECTION('',(1.,0.,0.));
#15113 = ORIENTED_EDGE('',*,*,#15061,.F.);
#15114 = PLANE('',#15115);
#15115 = AXIS2_PLACEMENT_3D('',#15116,#15117,#15118);
#15116 = CARTESIAN_POINT('',(2.267E+03,-18.,80.));
#15117 = DIRECTION('',(0.,1.,0.));
#15118 = DIRECTION('',(0.,0.,1.));
#15119 = ADVANCED_FACE('',(#15120),#15136,.T.);
#15120 = FACE_BOUND('',#15121,.T.);
#15121 = EDGE_LOOP('',(#15122,#15128,#15129,#15135));
#15122 = ORIENTED_EDGE('',*,*,#15123,.F.);
#15123 = EDGE_CURVE('',#15032,#15072,#15124,.T.);
#15124 = LINE('',#15125,#15126);
#15125 = CARTESIAN_POINT('',(2.267E+03,0.,80.));
#15126 = VECTOR('',#15127,1.);
#15127 = DIRECTION('',(1.,0.,0.));
#15128 = ORIENTED_EDGE('',*,*,#15039,.T.);
#15129 = ORIENTED_EDGE('',*,*,#15130,.T.);
#15130 = EDGE_CURVE('',#15040,#15080,#15131,.T.);
#15131 = LINE('',#15132,#15133);
#15132 = CARTESIAN_POINT('',(2.267E+03,0.,718.));
#15133 = VECTOR('',#15134,1.);
#15134 = DIRECTION('',(1.,0.,0.));
#15135 = ORIENTED_EDGE('',*,*,#15079,.F.);
#15136 = PLANE('',#15137);
#15137 = AXIS2_PLACEMENT_3D('',#15138,#15139,#15140);
#15138 = CARTESIAN_POINT('',(2.267E+03,0.,80.));
#15139 = DIRECTION('',(0.,1.,0.));
#15140 = DIRECTION('',(0.,0.,1.));
#15141 = ADVANCED_FACE('',(#15142),#15148,.F.);
#15142 = FACE_BOUND('',#15143,.F.);
#15143 = EDGE_LOOP('',(#15144,#15145,#15146,#15147));
#15144 = ORIENTED_EDGE('',*,*,#15031,.F.);
#15145 = ORIENTED_EDGE('',*,*,#15101,.T.);
#15146 = ORIENTED_EDGE('',*,*,#15071,.T.);
#15147 = ORIENTED_EDGE('',*,*,#15123,.F.);
#15148 = PLANE('',#15149);
#15149 = AXIS2_PLACEMENT_3D('',#15150,#15151,#15152);
#15150 = CARTESIAN_POINT('',(2.267E+03,-18.,80.));
#15151 = DIRECTION('',(0.,0.,1.));
#15152 = DIRECTION('',(1.,0.,0.));
#15153 = ADVANCED_FACE('',(#15154),#15160,.T.);
#15154 = FACE_BOUND('',#15155,.T.);
#15155 = EDGE_LOOP('',(#15156,#15157,#15158,#15159));
#15156 = ORIENTED_EDGE('',*,*,#15047,.F.);
#15157 = ORIENTED_EDGE('',*,*,#15108,.T.);
#15158 = ORIENTED_EDGE('',*,*,#15087,.T.);
#15159 = ORIENTED_EDGE('',*,*,#15130,.F.);
#15160 = PLANE('',#15161);
#15161 = AXIS2_PLACEMENT_3D('',#15162,#15163,#15164);
#15162 = CARTESIAN_POINT('',(2.267E+03,-18.,718.));
#15163 = DIRECTION('',(0.,0.,1.));
#15164 = DIRECTION('',(1.,0.,0.));
#15165 = MANIFOLD_SOLID_BREP('',#15166);
#15166 = CLOSED_SHELL('',(#15167,#15207,#15247,#15269,#15291,#15303));
#15167 = ADVANCED_FACE('',(#15168),#15202,.F.);
#15168 = FACE_BOUND('',#15169,.F.);
#15169 = EDGE_LOOP('',(#15170,#15180,#15188,#15196));
#15170 = ORIENTED_EDGE('',*,*,#15171,.F.);
#15171 = EDGE_CURVE('',#15172,#15174,#15176,.T.);
#15172 = VERTEX_POINT('',#15173);
#15173 = CARTESIAN_POINT('',(2.267E+03,-18.,1.818E+03));
#15174 = VERTEX_POINT('',#15175);
#15175 = CARTESIAN_POINT('',(2.267E+03,-18.,2.291E+03));
#15176 = LINE('',#15177,#15178);
#15177 = CARTESIAN_POINT('',(2.267E+03,-18.,1.818E+03));
#15178 = VECTOR('',#15179,1.);
#15179 = DIRECTION('',(0.,0.,1.));
#15180 = ORIENTED_EDGE('',*,*,#15181,.T.);
#15181 = EDGE_CURVE('',#15172,#15182,#15184,.T.);
#15182 = VERTEX_POINT('',#15183);
#15183 = CARTESIAN_POINT('',(2.267E+03,0.,1.818E+03));
#15184 = LINE('',#15185,#15186);
#15185 = CARTESIAN_POINT('',(2.267E+03,-18.,1.818E+03));
#15186 = VECTOR('',#15187,1.);
#15187 = DIRECTION('',(0.,1.,0.));
#15188 = ORIENTED_EDGE('',*,*,#15189,.T.);
#15189 = EDGE_CURVE('',#15182,#15190,#15192,.T.);
#15190 = VERTEX_POINT('',#15191);
#15191 = CARTESIAN_POINT('',(2.267E+03,0.,2.291E+03));
#15192 = LINE('',#15193,#15194);
#15193 = CARTESIAN_POINT('',(2.267E+03,0.,1.818E+03));
#15194 = VECTOR('',#15195,1.);
#15195 = DIRECTION('',(0.,0.,1.));
#15196 = ORIENTED_EDGE('',*,*,#15197,.F.);
#15197 = EDGE_CURVE('',#15174,#15190,#15198,.T.);
#15198 = LINE('',#15199,#15200);
#15199 = CARTESIAN_POINT('',(2.267E+03,-18.,2.291E+03));
#15200 = VECTOR('',#15201,1.);
#15201 = DIRECTION('',(0.,1.,0.));
#15202 = PLANE('',#15203);
#15203 = AXIS2_PLACEMENT_3D('',#15204,#15205,#15206);
#15204 = CARTESIAN_POINT('',(2.267E+03,-18.,1.818E+03));
#15205 = DIRECTION('',(1.,0.,0.));
#15206 = DIRECTION('',(0.,0.,1.));
#15207 = ADVANCED_FACE('',(#15208),#15242,.T.);
#15208 = FACE_BOUND('',#15209,.T.);
#15209 = EDGE_LOOP('',(#15210,#15220,#15228,#15236));
#15210 = ORIENTED_EDGE('',*,*,#15211,.F.);
#15211 = EDGE_CURVE('',#15212,#15214,#15216,.T.);
#15212 = VERTEX_POINT('',#15213);
#15213 = CARTESIAN_POINT('',(2.921E+03,-18.,1.818E+03));
#15214 = VERTEX_POINT('',#15215);
#15215 = CARTESIAN_POINT('',(2.921E+03,-18.,2.291E+03));
#15216 = LINE('',#15217,#15218);
#15217 = CARTESIAN_POINT('',(2.921E+03,-18.,1.818E+03));
#15218 = VECTOR('',#15219,1.);
#15219 = DIRECTION('',(0.,0.,1.));
#15220 = ORIENTED_EDGE('',*,*,#15221,.T.);
#15221 = EDGE_CURVE('',#15212,#15222,#15224,.T.);
#15222 = VERTEX_POINT('',#15223);
#15223 = CARTESIAN_POINT('',(2.921E+03,0.,1.818E+03));
#15224 = LINE('',#15225,#15226);
#15225 = CARTESIAN_POINT('',(2.921E+03,-18.,1.818E+03));
#15226 = VECTOR('',#15227,1.);
#15227 = DIRECTION('',(0.,1.,0.));
#15228 = ORIENTED_EDGE('',*,*,#15229,.T.);
#15229 = EDGE_CURVE('',#15222,#15230,#15232,.T.);
#15230 = VERTEX_POINT('',#15231);
#15231 = CARTESIAN_POINT('',(2.921E+03,0.,2.291E+03));
#15232 = LINE('',#15233,#15234);
#15233 = CARTESIAN_POINT('',(2.921E+03,0.,1.818E+03));
#15234 = VECTOR('',#15235,1.);
#15235 = DIRECTION('',(0.,0.,1.));
#15236 = ORIENTED_EDGE('',*,*,#15237,.F.);
#15237 = EDGE_CURVE('',#15214,#15230,#15238,.T.);
#15238 = LINE('',#15239,#15240);
#15239 = CARTESIAN_POINT('',(2.921E+03,-18.,2.291E+03));
#15240 = VECTOR('',#15241,1.);
#15241 = DIRECTION('',(0.,1.,0.));
#15242 = PLANE('',#15243);
#15243 = AXIS2_PLACEMENT_3D('',#15244,#15245,#15246);
#15244 = CARTESIAN_POINT('',(2.921E+03,-18.,1.818E+03));
#15245 = DIRECTION('',(1.,0.,0.));
#15246 = DIRECTION('',(0.,0.,1.));
#15247 = ADVANCED_FACE('',(#15248),#15264,.F.);
#15248 = FACE_BOUND('',#15249,.F.);
#15249 = EDGE_LOOP('',(#15250,#15256,#15257,#15263));
#15250 = ORIENTED_EDGE('',*,*,#15251,.F.);
#15251 = EDGE_CURVE('',#15172,#15212,#15252,.T.);
#15252 = LINE('',#15253,#15254);
#15253 = CARTESIAN_POINT('',(2.267E+03,-18.,1.818E+03));
#15254 = VECTOR('',#15255,1.);
#15255 = DIRECTION('',(1.,0.,0.));
#15256 = ORIENTED_EDGE('',*,*,#15171,.T.);
#15257 = ORIENTED_EDGE('',*,*,#15258,.T.);
#15258 = EDGE_CURVE('',#15174,#15214,#15259,.T.);
#15259 = LINE('',#15260,#15261);
#15260 = CARTESIAN_POINT('',(2.267E+03,-18.,2.291E+03));
#15261 = VECTOR('',#15262,1.);
#15262 = DIRECTION('',(1.,0.,0.));
#15263 = ORIENTED_EDGE('',*,*,#15211,.F.);
#15264 = PLANE('',#15265);
#15265 = AXIS2_PLACEMENT_3D('',#15266,#15267,#15268);
#15266 = CARTESIAN_POINT('',(2.267E+03,-18.,1.818E+03));
#15267 = DIRECTION('',(0.,1.,0.));
#15268 = DIRECTION('',(0.,0.,1.));
#15269 = ADVANCED_FACE('',(#15270),#15286,.T.);
#15270 = FACE_BOUND('',#15271,.T.);
#15271 = EDGE_LOOP('',(#15272,#15278,#15279,#15285));
#15272 = ORIENTED_EDGE('',*,*,#15273,.F.);
#15273 = EDGE_CURVE('',#15182,#15222,#15274,.T.);
#15274 = LINE('',#15275,#15276);
#15275 = CARTESIAN_POINT('',(2.267E+03,0.,1.818E+03));
#15276 = VECTOR('',#15277,1.);
#15277 = DIRECTION('',(1.,0.,0.));
#15278 = ORIENTED_EDGE('',*,*,#15189,.T.);
#15279 = ORIENTED_EDGE('',*,*,#15280,.T.);
#15280 = EDGE_CURVE('',#15190,#15230,#15281,.T.);
#15281 = LINE('',#15282,#15283);
#15282 = CARTESIAN_POINT('',(2.267E+03,0.,2.291E+03));
#15283 = VECTOR('',#15284,1.);
#15284 = DIRECTION('',(1.,0.,0.));
#15285 = ORIENTED_EDGE('',*,*,#15229,.F.);
#15286 = PLANE('',#15287);
#15287 = AXIS2_PLACEMENT_3D('',#15288,#15289,#15290);
#15288 = CARTESIAN_POINT('',(2.267E+03,0.,1.818E+03));
#15289 = DIRECTION('',(0.,1.,0.));
#15290 = DIRECTION('',(0.,0.,1.));
#15291 = ADVANCED_FACE('',(#15292),#15298,.F.);
#15292 = FACE_BOUND('',#15293,.F.);
#15293 = EDGE_LOOP('',(#15294,#15295,#15296,#15297));
#15294 = ORIENTED_EDGE('',*,*,#15181,.F.);
#15295 = ORIENTED_EDGE('',*,*,#15251,.T.);
#15296 = ORIENTED_EDGE('',*,*,#15221,.T.);
#15297 = ORIENTED_EDGE('',*,*,#15273,.F.);
#15298 = PLANE('',#15299);
#15299 = AXIS2_PLACEMENT_3D('',#15300,#15301,#15302);
#15300 = CARTESIAN_POINT('',(2.267E+03,-18.,1.818E+03));
#15301 = DIRECTION('',(0.,0.,1.));
#15302 = DIRECTION('',(1.,0.,0.));
#15303 = ADVANCED_FACE('',(#15304),#15310,.T.);
#15304 = FACE_BOUND('',#15305,.T.);
#15305 = EDGE_LOOP('',(#15306,#15307,#15308,#15309));
#15306 = ORIENTED_EDGE('',*,*,#15197,.F.);
#15307 = ORIENTED_EDGE('',*,*,#15258,.T.);
#15308 = ORIENTED_EDGE('',*,*,#15237,.T.);
#15309 = ORIENTED_EDGE('',*,*,#15280,.F.);
#15310 = PLANE('',#15311);
#15311 = AXIS2_PLACEMENT_3D('',#15312,#15313,#15314);
#15312 = CARTESIAN_POINT('',(2.267E+03,-18.,2.291E+03));
#15313 = DIRECTION('',(0.,0.,1.));
#15314 = DIRECTION('',(1.,0.,0.));
#15315 = MANIFOLD_SOLID_BREP('',#15316);
#15316 = CLOSED_SHELL('',(#15317,#15357,#15397,#15419,#15441,#15453));
#15317 = ADVANCED_FACE('',(#15318),#15352,.F.);
#15318 = FACE_BOUND('',#15319,.F.);
#15319 = EDGE_LOOP('',(#15320,#15330,#15338,#15346));
#15320 = ORIENTED_EDGE('',*,*,#15321,.F.);
#15321 = EDGE_CURVE('',#15322,#15324,#15326,.T.);
#15322 = VERTEX_POINT('',#15323);
#15323 = CARTESIAN_POINT('',(0.,280.,1.608E+03));
#15324 = VERTEX_POINT('',#15325);
#15325 = CARTESIAN_POINT('',(0.,280.,2.282E+03));
#15326 = LINE('',#15327,#15328);
#15327 = CARTESIAN_POINT('',(0.,280.,1.608E+03));
#15328 = VECTOR('',#15329,1.);
#15329 = DIRECTION('',(0.,0.,1.));
#15330 = ORIENTED_EDGE('',*,*,#15331,.T.);
#15331 = EDGE_CURVE('',#15322,#15332,#15334,.T.);
#15332 = VERTEX_POINT('',#15333);
#15333 = CARTESIAN_POINT('',(0.,600.,1.608E+03));
#15334 = LINE('',#15335,#15336);
#15335 = CARTESIAN_POINT('',(0.,280.,1.608E+03));
#15336 = VECTOR('',#15337,1.);
#15337 = DIRECTION('',(0.,1.,0.));
#15338 = ORIENTED_EDGE('',*,*,#15339,.T.);
#15339 = EDGE_CURVE('',#15332,#15340,#15342,.T.);
#15340 = VERTEX_POINT('',#15341);
#15341 = CARTESIAN_POINT('',(0.,600.,2.282E+03));
#15342 = LINE('',#15343,#15344);
#15343 = CARTESIAN_POINT('',(0.,600.,1.608E+03));
#15344 = VECTOR('',#15345,1.);
#15345 = DIRECTION('',(0.,0.,1.));
#15346 = ORIENTED_EDGE('',*,*,#15347,.F.);
#15347 = EDGE_CURVE('',#15324,#15340,#15348,.T.);
#15348 = LINE('',#15349,#15350);
#15349 = CARTESIAN_POINT('',(0.,280.,2.282E+03));
#15350 = VECTOR('',#15351,1.);
#15351 = DIRECTION('',(0.,1.,0.));
#15352 = PLANE('',#15353);
#15353 = AXIS2_PLACEMENT_3D('',#15354,#15355,#15356);
#15354 = CARTESIAN_POINT('',(0.,280.,1.608E+03));
#15355 = DIRECTION('',(1.,0.,0.));
#15356 = DIRECTION('',(0.,0.,1.));
#15357 = ADVANCED_FACE('',(#15358),#15392,.T.);
#15358 = FACE_BOUND('',#15359,.T.);
#15359 = EDGE_LOOP('',(#15360,#15370,#15378,#15386));
#15360 = ORIENTED_EDGE('',*,*,#15361,.F.);
#15361 = EDGE_CURVE('',#15362,#15364,#15366,.T.);
#15362 = VERTEX_POINT('',#15363);
#15363 = CARTESIAN_POINT('',(18.,280.,1.608E+03));
#15364 = VERTEX_POINT('',#15365);
#15365 = CARTESIAN_POINT('',(18.,280.,2.282E+03));
#15366 = LINE('',#15367,#15368);
#15367 = CARTESIAN_POINT('',(18.,280.,1.608E+03));
#15368 = VECTOR('',#15369,1.);
#15369 = DIRECTION('',(0.,0.,1.));
#15370 = ORIENTED_EDGE('',*,*,#15371,.T.);
#15371 = EDGE_CURVE('',#15362,#15372,#15374,.T.);
#15372 = VERTEX_POINT('',#15373);
#15373 = CARTESIAN_POINT('',(18.,600.,1.608E+03));
#15374 = LINE('',#15375,#15376);
#15375 = CARTESIAN_POINT('',(18.,280.,1.608E+03));
#15376 = VECTOR('',#15377,1.);
#15377 = DIRECTION('',(0.,1.,0.));
#15378 = ORIENTED_EDGE('',*,*,#15379,.T.);
#15379 = EDGE_CURVE('',#15372,#15380,#15382,.T.);
#15380 = VERTEX_POINT('',#15381);
#15381 = CARTESIAN_POINT('',(18.,600.,2.282E+03));
#15382 = LINE('',#15383,#15384);
#15383 = CARTESIAN_POINT('',(18.,600.,1.608E+03));
#15384 = VECTOR('',#15385,1.);
#15385 = DIRECTION('',(0.,0.,1.));
#15386 = ORIENTED_EDGE('',*,*,#15387,.F.);
#15387 = EDGE_CURVE('',#15364,#15380,#15388,.T.);
#15388 = LINE('',#15389,#15390);
#15389 = CARTESIAN_POINT('',(18.,280.,2.282E+03));
#15390 = VECTOR('',#15391,1.);
#15391 = DIRECTION('',(0.,1.,0.));
#15392 = PLANE('',#15393);
#15393 = AXIS2_PLACEMENT_3D('',#15394,#15395,#15396);
#15394 = CARTESIAN_POINT('',(18.,280.,1.608E+03));
#15395 = DIRECTION('',(1.,0.,0.));
#15396 = DIRECTION('',(0.,0.,1.));
#15397 = ADVANCED_FACE('',(#15398),#15414,.F.);
#15398 = FACE_BOUND('',#15399,.F.);
#15399 = EDGE_LOOP('',(#15400,#15406,#15407,#15413));
#15400 = ORIENTED_EDGE('',*,*,#15401,.F.);
#15401 = EDGE_CURVE('',#15322,#15362,#15402,.T.);
#15402 = LINE('',#15403,#15404);
#15403 = CARTESIAN_POINT('',(0.,280.,1.608E+03));
#15404 = VECTOR('',#15405,1.);
#15405 = DIRECTION('',(1.,0.,0.));
#15406 = ORIENTED_EDGE('',*,*,#15321,.T.);
#15407 = ORIENTED_EDGE('',*,*,#15408,.T.);
#15408 = EDGE_CURVE('',#15324,#15364,#15409,.T.);
#15409 = LINE('',#15410,#15411);
#15410 = CARTESIAN_POINT('',(0.,280.,2.282E+03));
#15411 = VECTOR('',#15412,1.);
#15412 = DIRECTION('',(1.,0.,0.));
#15413 = ORIENTED_EDGE('',*,*,#15361,.F.);
#15414 = PLANE('',#15415);
#15415 = AXIS2_PLACEMENT_3D('',#15416,#15417,#15418);
#15416 = CARTESIAN_POINT('',(0.,280.,1.608E+03));
#15417 = DIRECTION('',(0.,1.,0.));
#15418 = DIRECTION('',(0.,0.,1.));
#15419 = ADVANCED_FACE('',(#15420),#15436,.T.);
#15420 = FACE_BOUND('',#15421,.T.);
#15421 = EDGE_LOOP('',(#15422,#15428,#15429,#15435));
#15422 = ORIENTED_EDGE('',*,*,#15423,.F.);
#15423 = EDGE_CURVE('',#15332,#15372,#15424,.T.);
#15424 = LINE('',#15425,#15426);
#15425 = CARTESIAN_POINT('',(0.,600.,1.608E+03));
#15426 = VECTOR('',#15427,1.);
#15427 = DIRECTION('',(1.,0.,0.));
#15428 = ORIENTED_EDGE('',*,*,#15339,.T.);
#15429 = ORIENTED_EDGE('',*,*,#15430,.T.);
#15430 = EDGE_CURVE('',#15340,#15380,#15431,.T.);
#15431 = LINE('',#15432,#15433);
#15432 = CARTESIAN_POINT('',(0.,600.,2.282E+03));
#15433 = VECTOR('',#15434,1.);
#15434 = DIRECTION('',(1.,0.,0.));
#15435 = ORIENTED_EDGE('',*,*,#15379,.F.);
#15436 = PLANE('',#15437);
#15437 = AXIS2_PLACEMENT_3D('',#15438,#15439,#15440);
#15438 = CARTESIAN_POINT('',(0.,600.,1.608E+03));
#15439 = DIRECTION('',(0.,1.,0.));
#15440 = DIRECTION('',(0.,0.,1.));
#15441 = ADVANCED_FACE('',(#15442),#15448,.F.);
#15442 = FACE_BOUND('',#15443,.F.);
#15443 = EDGE_LOOP('',(#15444,#15445,#15446,#15447));
#15444 = ORIENTED_EDGE('',*,*,#15331,.F.);
#15445 = ORIENTED_EDGE('',*,*,#15401,.T.);
#15446 = ORIENTED_EDGE('',*,*,#15371,.T.);
#15447 = ORIENTED_EDGE('',*,*,#15423,.F.);
#15448 = PLANE('',#15449);
#15449 = AXIS2_PLACEMENT_3D('',#15450,#15451,#15452);
#15450 = CARTESIAN_POINT('',(0.,280.,1.608E+03));
#15451 = DIRECTION('',(0.,0.,1.));
#15452 = DIRECTION('',(1.,0.,0.));
#15453 = ADVANCED_FACE('',(#15454),#15460,.T.);
#15454 = FACE_BOUND('',#15455,.T.);
#15455 = EDGE_LOOP('',(#15456,#15457,#15458,#15459));
#15456 = ORIENTED_EDGE('',*,*,#15347,.F.);
#15457 = ORIENTED_EDGE('',*,*,#15408,.T.);
#15458 = ORIENTED_EDGE('',*,*,#15387,.T.);
#15459 = ORIENTED_EDGE('',*,*,#15430,.F.);
#15460 = PLANE('',#15461);
#15461 = AXIS2_PLACEMENT_3D('',#15462,#15463,#15464);
#15462 = CARTESIAN_POINT('',(0.,280.,2.282E+03));
#15463 = DIRECTION('',(0.,0.,1.));
#15464 = DIRECTION('',(1.,0.,0.));
#15465 = MANIFOLD_SOLID_BREP('',#15466);
#15466 = CLOSED_SHELL('',(#15467,#15507,#15547,#15569,#15591,#15603));
#15467 = ADVANCED_FACE('',(#15468),#15502,.F.);
#15468 = FACE_BOUND('',#15469,.F.);
#15469 = EDGE_LOOP('',(#15470,#15480,#15488,#15496));
#15470 = ORIENTED_EDGE('',*,*,#15471,.F.);
#15471 = EDGE_CURVE('',#15472,#15474,#15476,.T.);
#15472 = VERTEX_POINT('',#15473);
#15473 = CARTESIAN_POINT('',(885.,280.,1.608E+03));
#15474 = VERTEX_POINT('',#15475);
#15475 = CARTESIAN_POINT('',(885.,280.,2.282E+03));
#15476 = LINE('',#15477,#15478);
#15477 = CARTESIAN_POINT('',(885.,280.,1.608E+03));
#15478 = VECTOR('',#15479,1.);
#15479 = DIRECTION('',(0.,0.,1.));
#15480 = ORIENTED_EDGE('',*,*,#15481,.T.);
#15481 = EDGE_CURVE('',#15472,#15482,#15484,.T.);
#15482 = VERTEX_POINT('',#15483);
#15483 = CARTESIAN_POINT('',(885.,600.,1.608E+03));
#15484 = LINE('',#15485,#15486);
#15485 = CARTESIAN_POINT('',(885.,280.,1.608E+03));
#15486 = VECTOR('',#15487,1.);
#15487 = DIRECTION('',(0.,1.,0.));
#15488 = ORIENTED_EDGE('',*,*,#15489,.T.);
#15489 = EDGE_CURVE('',#15482,#15490,#15492,.T.);
#15490 = VERTEX_POINT('',#15491);
#15491 = CARTESIAN_POINT('',(885.,600.,2.282E+03));
#15492 = LINE('',#15493,#15494);
#15493 = CARTESIAN_POINT('',(885.,600.,1.608E+03));
#15494 = VECTOR('',#15495,1.);
#15495 = DIRECTION('',(0.,0.,1.));
#15496 = ORIENTED_EDGE('',*,*,#15497,.F.);
#15497 = EDGE_CURVE('',#15474,#15490,#15498,.T.);
#15498 = LINE('',#15499,#15500);
#15499 = CARTESIAN_POINT('',(885.,280.,2.282E+03));
#15500 = VECTOR('',#15501,1.);
#15501 = DIRECTION('',(0.,1.,0.));
#15502 = PLANE('',#15503);
#15503 = AXIS2_PLACEMENT_3D('',#15504,#15505,#15506);
#15504 = CARTESIAN_POINT('',(885.,280.,1.608E+03));
#15505 = DIRECTION('',(1.,0.,0.));
#15506 = DIRECTION('',(0.,0.,1.));
#15507 = ADVANCED_FACE('',(#15508),#15542,.T.);
#15508 = FACE_BOUND('',#15509,.T.);
#15509 = EDGE_LOOP('',(#15510,#15520,#15528,#15536));
#15510 = ORIENTED_EDGE('',*,*,#15511,.F.);
#15511 = EDGE_CURVE('',#15512,#15514,#15516,.T.);
#15512 = VERTEX_POINT('',#15513);
#15513 = CARTESIAN_POINT('',(903.,280.,1.608E+03));
#15514 = VERTEX_POINT('',#15515);
#15515 = CARTESIAN_POINT('',(903.,280.,2.282E+03));
#15516 = LINE('',#15517,#15518);
#15517 = CARTESIAN_POINT('',(903.,280.,1.608E+03));
#15518 = VECTOR('',#15519,1.);
#15519 = DIRECTION('',(0.,0.,1.));
#15520 = ORIENTED_EDGE('',*,*,#15521,.T.);
#15521 = EDGE_CURVE('',#15512,#15522,#15524,.T.);
#15522 = VERTEX_POINT('',#15523);
#15523 = CARTESIAN_POINT('',(903.,600.,1.608E+03));
#15524 = LINE('',#15525,#15526);
#15525 = CARTESIAN_POINT('',(903.,280.,1.608E+03));
#15526 = VECTOR('',#15527,1.);
#15527 = DIRECTION('',(0.,1.,0.));
#15528 = ORIENTED_EDGE('',*,*,#15529,.T.);
#15529 = EDGE_CURVE('',#15522,#15530,#15532,.T.);
#15530 = VERTEX_POINT('',#15531);
#15531 = CARTESIAN_POINT('',(903.,600.,2.282E+03));
#15532 = LINE('',#15533,#15534);
#15533 = CARTESIAN_POINT('',(903.,600.,1.608E+03));
#15534 = VECTOR('',#15535,1.);
#15535 = DIRECTION('',(0.,0.,1.));
#15536 = ORIENTED_EDGE('',*,*,#15537,.F.);
#15537 = EDGE_CURVE('',#15514,#15530,#15538,.T.);
#15538 = LINE('',#15539,#15540);
#15539 = CARTESIAN_POINT('',(903.,280.,2.282E+03));
#15540 = VECTOR('',#15541,1.);
#15541 = DIRECTION('',(0.,1.,0.));
#15542 = PLANE('',#15543);
#15543 = AXIS2_PLACEMENT_3D('',#15544,#15545,#15546);
#15544 = CARTESIAN_POINT('',(903.,280.,1.608E+03));
#15545 = DIRECTION('',(1.,0.,0.));
#15546 = DIRECTION('',(0.,0.,1.));
#15547 = ADVANCED_FACE('',(#15548),#15564,.F.);
#15548 = FACE_BOUND('',#15549,.F.);
#15549 = EDGE_LOOP('',(#15550,#15556,#15557,#15563));
#15550 = ORIENTED_EDGE('',*,*,#15551,.F.);
#15551 = EDGE_CURVE('',#15472,#15512,#15552,.T.);
#15552 = LINE('',#15553,#15554);
#15553 = CARTESIAN_POINT('',(885.,280.,1.608E+03));
#15554 = VECTOR('',#15555,1.);
#15555 = DIRECTION('',(1.,0.,0.));
#15556 = ORIENTED_EDGE('',*,*,#15471,.T.);
#15557 = ORIENTED_EDGE('',*,*,#15558,.T.);
#15558 = EDGE_CURVE('',#15474,#15514,#15559,.T.);
#15559 = LINE('',#15560,#15561);
#15560 = CARTESIAN_POINT('',(885.,280.,2.282E+03));
#15561 = VECTOR('',#15562,1.);
#15562 = DIRECTION('',(1.,0.,0.));
#15563 = ORIENTED_EDGE('',*,*,#15511,.F.);
#15564 = PLANE('',#15565);
#15565 = AXIS2_PLACEMENT_3D('',#15566,#15567,#15568);
#15566 = CARTESIAN_POINT('',(885.,280.,1.608E+03));
#15567 = DIRECTION('',(0.,1.,0.));
#15568 = DIRECTION('',(0.,0.,1.));
#15569 = ADVANCED_FACE('',(#15570),#15586,.T.);
#15570 = FACE_BOUND('',#15571,.T.);
#15571 = EDGE_LOOP('',(#15572,#15578,#15579,#15585));
#15572 = ORIENTED_EDGE('',*,*,#15573,.F.);
#15573 = EDGE_CURVE('',#15482,#15522,#15574,.T.);
#15574 = LINE('',#15575,#15576);
#15575 = CARTESIAN_POINT('',(885.,600.,1.608E+03));
#15576 = VECTOR('',#15577,1.);
#15577 = DIRECTION('',(1.,0.,0.));
#15578 = ORIENTED_EDGE('',*,*,#15489,.T.);
#15579 = ORIENTED_EDGE('',*,*,#15580,.T.);
#15580 = EDGE_CURVE('',#15490,#15530,#15581,.T.);
#15581 = LINE('',#15582,#15583);
#15582 = CARTESIAN_POINT('',(885.,600.,2.282E+03));
#15583 = VECTOR('',#15584,1.);
#15584 = DIRECTION('',(1.,0.,0.));
#15585 = ORIENTED_EDGE('',*,*,#15529,.F.);
#15586 = PLANE('',#15587);
#15587 = AXIS2_PLACEMENT_3D('',#15588,#15589,#15590);
#15588 = CARTESIAN_POINT('',(885.,600.,1.608E+03));
#15589 = DIRECTION('',(0.,1.,0.));
#15590 = DIRECTION('',(0.,0.,1.));
#15591 = ADVANCED_FACE('',(#15592),#15598,.F.);
#15592 = FACE_BOUND('',#15593,.F.);
#15593 = EDGE_LOOP('',(#15594,#15595,#15596,#15597));
#15594 = ORIENTED_EDGE('',*,*,#15481,.F.);
#15595 = ORIENTED_EDGE('',*,*,#15551,.T.);
#15596 = ORIENTED_EDGE('',*,*,#15521,.T.);
#15597 = ORIENTED_EDGE('',*,*,#15573,.F.);
#15598 = PLANE('',#15599);
#15599 = AXIS2_PLACEMENT_3D('',#15600,#15601,#15602);
#15600 = CARTESIAN_POINT('',(885.,280.,1.608E+03));
#15601 = DIRECTION('',(0.,0.,1.));
#15602 = DIRECTION('',(1.,0.,0.));
#15603 = ADVANCED_FACE('',(#15604),#15610,.T.);
#15604 = FACE_BOUND('',#15605,.T.);
#15605 = EDGE_LOOP('',(#15606,#15607,#15608,#15609));
#15606 = ORIENTED_EDGE('',*,*,#15497,.F.);
#15607 = ORIENTED_EDGE('',*,*,#15558,.T.);
#15608 = ORIENTED_EDGE('',*,*,#15537,.T.);
#15609 = ORIENTED_EDGE('',*,*,#15580,.F.);
#15610 = PLANE('',#15611);
#15611 = AXIS2_PLACEMENT_3D('',#15612,#15613,#15614);
#15612 = CARTESIAN_POINT('',(885.,280.,2.282E+03));
#15613 = DIRECTION('',(0.,0.,1.));
#15614 = DIRECTION('',(1.,0.,0.));
#15615 = MANIFOLD_SOLID_BREP('',#15616);
#15616 = CLOSED_SHELL('',(#15617,#15657,#15688,#15756,#15780,#15841,
    #15853,#15870,#15887,#15904));
#15617 = ADVANCED_FACE('',(#15618),#15652,.F.);
#15618 = FACE_BOUND('',#15619,.F.);
#15619 = EDGE_LOOP('',(#15620,#15630,#15638,#15646));
#15620 = ORIENTED_EDGE('',*,*,#15621,.F.);
#15621 = EDGE_CURVE('',#15622,#15624,#15626,.T.);
#15622 = VERTEX_POINT('',#15623);
#15623 = CARTESIAN_POINT('',(0.,280.,1.59E+03));
#15624 = VERTEX_POINT('',#15625);
#15625 = CARTESIAN_POINT('',(0.,280.,1.608E+03));
#15626 = LINE('',#15627,#15628);
#15627 = CARTESIAN_POINT('',(0.,280.,1.59E+03));
#15628 = VECTOR('',#15629,1.);
#15629 = DIRECTION('',(0.,0.,1.));
#15630 = ORIENTED_EDGE('',*,*,#15631,.T.);
#15631 = EDGE_CURVE('',#15622,#15632,#15634,.T.);
#15632 = VERTEX_POINT('',#15633);
#15633 = CARTESIAN_POINT('',(0.,600.,1.59E+03));
#15634 = LINE('',#15635,#15636);
#15635 = CARTESIAN_POINT('',(0.,280.,1.59E+03));
#15636 = VECTOR('',#15637,1.);
#15637 = DIRECTION('',(0.,1.,0.));
#15638 = ORIENTED_EDGE('',*,*,#15639,.T.);
#15639 = EDGE_CURVE('',#15632,#15640,#15642,.T.);
#15640 = VERTEX_POINT('',#15641);
#15641 = CARTESIAN_POINT('',(0.,600.,1.608E+03));
#15642 = LINE('',#15643,#15644);
#15643 = CARTESIAN_POINT('',(0.,600.,1.59E+03));
#15644 = VECTOR('',#15645,1.);
#15645 = DIRECTION('',(0.,0.,1.));
#15646 = ORIENTED_EDGE('',*,*,#15647,.F.);
#15647 = EDGE_CURVE('',#15624,#15640,#15648,.T.);
#15648 = LINE('',#15649,#15650);
#15649 = CARTESIAN_POINT('',(0.,280.,1.608E+03));
#15650 = VECTOR('',#15651,1.);
#15651 = DIRECTION('',(0.,1.,0.));
#15652 = PLANE('',#15653);
#15653 = AXIS2_PLACEMENT_3D('',#15654,#15655,#15656);
#15654 = CARTESIAN_POINT('',(0.,280.,1.59E+03));
#15655 = DIRECTION('',(1.,0.,0.));
#15656 = DIRECTION('',(0.,0.,1.));
#15657 = ADVANCED_FACE('',(#15658),#15683,.F.);
#15658 = FACE_BOUND('',#15659,.F.);
#15659 = EDGE_LOOP('',(#15660,#15668,#15669,#15677));
#15660 = ORIENTED_EDGE('',*,*,#15661,.F.);
#15661 = EDGE_CURVE('',#15622,#15662,#15664,.T.);
#15662 = VERTEX_POINT('',#15663);
#15663 = CARTESIAN_POINT('',(903.,280.,1.59E+03));
#15664 = LINE('',#15665,#15666);
#15665 = CARTESIAN_POINT('',(0.,280.,1.59E+03));
#15666 = VECTOR('',#15667,1.);
#15667 = DIRECTION('',(1.,0.,0.));
#15668 = ORIENTED_EDGE('',*,*,#15621,.T.);
#15669 = ORIENTED_EDGE('',*,*,#15670,.T.);
#15670 = EDGE_CURVE('',#15624,#15671,#15673,.T.);
#15671 = VERTEX_POINT('',#15672);
#15672 = CARTESIAN_POINT('',(903.,280.,1.608E+03));
#15673 = LINE('',#15674,#15675);
#15674 = CARTESIAN_POINT('',(0.,280.,1.608E+03));
#15675 = VECTOR('',#15676,1.);
#15676 = DIRECTION('',(1.,0.,0.));
#15677 = ORIENTED_EDGE('',*,*,#15678,.F.);
#15678 = EDGE_CURVE('',#15662,#15671,#15679,.T.);
#15679 = LINE('',#15680,#15681);
#15680 = CARTESIAN_POINT('',(903.,280.,1.59E+03));
#15681 = VECTOR('',#15682,1.);
#15682 = DIRECTION('',(0.,0.,1.));
#15683 = PLANE('',#15684);
#15684 = AXIS2_PLACEMENT_3D('',#15685,#15686,#15687);
#15685 = CARTESIAN_POINT('',(0.,280.,1.59E+03));
#15686 = DIRECTION('',(0.,1.,0.));
#15687 = DIRECTION('',(0.,0.,1.));
#15688 = ADVANCED_FACE('',(#15689,#15707,#15718,#15729,#15740),#15751,
  .T.);
#15689 = FACE_BOUND('',#15690,.T.);
#15690 = EDGE_LOOP('',(#15691,#15692,#15693,#15701));
#15691 = ORIENTED_EDGE('',*,*,#15647,.F.);
#15692 = ORIENTED_EDGE('',*,*,#15670,.T.);
#15693 = ORIENTED_EDGE('',*,*,#15694,.T.);
#15694 = EDGE_CURVE('',#15671,#15695,#15697,.T.);
#15695 = VERTEX_POINT('',#15696);
#15696 = CARTESIAN_POINT('',(903.,600.,1.608E+03));
#15697 = LINE('',#15698,#15699);
#15698 = CARTESIAN_POINT('',(903.,280.,1.608E+03));
#15699 = VECTOR('',#15700,1.);
#15700 = DIRECTION('',(0.,1.,0.));
#15701 = ORIENTED_EDGE('',*,*,#15702,.F.);
#15702 = EDGE_CURVE('',#15640,#15695,#15703,.T.);
#15703 = LINE('',#15704,#15705);
#15704 = CARTESIAN_POINT('',(0.,600.,1.608E+03));
#15705 = VECTOR('',#15706,1.);
#15706 = DIRECTION('',(1.,0.,0.));
#15707 = FACE_BOUND('',#15708,.T.);
#15708 = EDGE_LOOP('',(#15709));
#15709 = ORIENTED_EDGE('',*,*,#15710,.F.);
#15710 = EDGE_CURVE('',#15711,#15711,#15713,.T.);
#15711 = VERTEX_POINT('',#15712);
#15712 = CARTESIAN_POINT('',(172.25,542.,1.608E+03));
#15713 = CIRCLE('',#15714,17.5);
#15714 = AXIS2_PLACEMENT_3D('',#15715,#15716,#15717);
#15715 = CARTESIAN_POINT('',(154.75,542.,1.608E+03));
#15716 = DIRECTION('',(0.,0.,1.));
#15717 = DIRECTION('',(1.,0.,0.));
#15718 = FACE_BOUND('',#15719,.T.);
#15719 = EDGE_LOOP('',(#15720));
#15720 = ORIENTED_EDGE('',*,*,#15721,.F.);
#15721 = EDGE_CURVE('',#15722,#15722,#15724,.T.);
#15722 = VERTEX_POINT('',#15723);
#15723 = CARTESIAN_POINT('',(252.25,542.,1.608E+03));
#15724 = CIRCLE('',#15725,17.5);
#15725 = AXIS2_PLACEMENT_3D('',#15726,#15727,#15728);
#15726 = CARTESIAN_POINT('',(234.75,542.,1.608E+03));
#15727 = DIRECTION('',(0.,0.,1.));
#15728 = DIRECTION('',(1.,0.,0.));
#15729 = FACE_BOUND('',#15730,.T.);
#15730 = EDGE_LOOP('',(#15731));
#15731 = ORIENTED_EDGE('',*,*,#15732,.F.);
#15732 = EDGE_CURVE('',#15733,#15733,#15735,.T.);
#15733 = VERTEX_POINT('',#15734);
#15734 = CARTESIAN_POINT('',(332.25,542.,1.608E+03));
#15735 = CIRCLE('',#15736,17.5);
#15736 = AXIS2_PLACEMENT_3D('',#15737,#15738,#15739);
#15737 = CARTESIAN_POINT('',(314.75,542.,1.608E+03));
#15738 = DIRECTION('',(0.,0.,1.));
#15739 = DIRECTION('',(1.,0.,0.));
#15740 = FACE_BOUND('',#15741,.T.);
#15741 = EDGE_LOOP('',(#15742));
#15742 = ORIENTED_EDGE('',*,*,#15743,.F.);
#15743 = EDGE_CURVE('',#15744,#15744,#15746,.T.);
#15744 = VERTEX_POINT('',#15745);
#15745 = CARTESIAN_POINT('',(688.,497.,1.608E+03));
#15746 = CIRCLE('',#15747,80.);
#15747 = AXIS2_PLACEMENT_3D('',#15748,#15749,#15750);
#15748 = CARTESIAN_POINT('',(608.,497.,1.608E+03));
#15749 = DIRECTION('',(0.,0.,1.));
#15750 = DIRECTION('',(1.,0.,0.));
#15751 = PLANE('',#15752);
#15752 = AXIS2_PLACEMENT_3D('',#15753,#15754,#15755);
#15753 = CARTESIAN_POINT('',(0.,280.,1.608E+03));
#15754 = DIRECTION('',(0.,0.,1.));
#15755 = DIRECTION('',(1.,0.,0.));
#15756 = ADVANCED_FACE('',(#15757),#15775,.T.);
#15757 = FACE_BOUND('',#15758,.T.);
#15758 = EDGE_LOOP('',(#15759,#15767,#15768,#15769));
#15759 = ORIENTED_EDGE('',*,*,#15760,.F.);
#15760 = EDGE_CURVE('',#15632,#15761,#15763,.T.);
#15761 = VERTEX_POINT('',#15762);
#15762 = CARTESIAN_POINT('',(903.,600.,1.59E+03));
#15763 = LINE('',#15764,#15765);
#15764 = CARTESIAN_POINT('',(0.,600.,1.59E+03));
#15765 = VECTOR('',#15766,1.);
#15766 = DIRECTION('',(1.,0.,0.));
#15767 = ORIENTED_EDGE('',*,*,#15639,.T.);
#15768 = ORIENTED_EDGE('',*,*,#15702,.T.);
#15769 = ORIENTED_EDGE('',*,*,#15770,.F.);
#15770 = EDGE_CURVE('',#15761,#15695,#15771,.T.);
#15771 = LINE('',#15772,#15773);
#15772 = CARTESIAN_POINT('',(903.,600.,1.59E+03));
#15773 = VECTOR('',#15774,1.);
#15774 = DIRECTION('',(0.,0.,1.));
#15775 = PLANE('',#15776);
#15776 = AXIS2_PLACEMENT_3D('',#15777,#15778,#15779);
#15777 = CARTESIAN_POINT('',(0.,600.,1.59E+03));
#15778 = DIRECTION('',(0.,1.,0.));
#15779 = DIRECTION('',(0.,0.,1.));
#15780 = ADVANCED_FACE('',(#15781,#15792,#15803,#15814,#15825),#15836,
  .F.);
#15781 = FACE_BOUND('',#15782,.F.);
#15782 = EDGE_LOOP('',(#15783,#15784,#15785,#15791));
#15783 = ORIENTED_EDGE('',*,*,#15631,.F.);
#15784 = ORIENTED_EDGE('',*,*,#15661,.T.);
#15785 = ORIENTED_EDGE('',*,*,#15786,.T.);
#15786 = EDGE_CURVE('',#15662,#15761,#15787,.T.);
#15787 = LINE('',#15788,#15789);
#15788 = CARTESIAN_POINT('',(903.,280.,1.59E+03));
#15789 = VECTOR('',#15790,1.);
#15790 = DIRECTION('',(0.,1.,0.));
#15791 = ORIENTED_EDGE('',*,*,#15760,.F.);
#15792 = FACE_BOUND('',#15793,.F.);
#15793 = EDGE_LOOP('',(#15794));
#15794 = ORIENTED_EDGE('',*,*,#15795,.F.);
#15795 = EDGE_CURVE('',#15796,#15796,#15798,.T.);
#15796 = VERTEX_POINT('',#15797);
#15797 = CARTESIAN_POINT('',(172.25,542.,1.59E+03));
#15798 = CIRCLE('',#15799,17.5);
#15799 = AXIS2_PLACEMENT_3D('',#15800,#15801,#15802);
#15800 = CARTESIAN_POINT('',(154.75,542.,1.59E+03));
#15801 = DIRECTION('',(0.,0.,1.));
#15802 = DIRECTION('',(1.,0.,0.));
#15803 = FACE_BOUND('',#15804,.F.);
#15804 = EDGE_LOOP('',(#15805));
#15805 = ORIENTED_EDGE('',*,*,#15806,.F.);
#15806 = EDGE_CURVE('',#15807,#15807,#15809,.T.);
#15807 = VERTEX_POINT('',#15808);
#15808 = CARTESIAN_POINT('',(252.25,542.,1.59E+03));
#15809 = CIRCLE('',#15810,17.5);
#15810 = AXIS2_PLACEMENT_3D('',#15811,#15812,#15813);
#15811 = CARTESIAN_POINT('',(234.75,542.,1.59E+03));
#15812 = DIRECTION('',(0.,0.,1.));
#15813 = DIRECTION('',(1.,0.,0.));
#15814 = FACE_BOUND('',#15815,.F.);
#15815 = EDGE_LOOP('',(#15816));
#15816 = ORIENTED_EDGE('',*,*,#15817,.F.);
#15817 = EDGE_CURVE('',#15818,#15818,#15820,.T.);
#15818 = VERTEX_POINT('',#15819);
#15819 = CARTESIAN_POINT('',(332.25,542.,1.59E+03));
#15820 = CIRCLE('',#15821,17.5);
#15821 = AXIS2_PLACEMENT_3D('',#15822,#15823,#15824);
#15822 = CARTESIAN_POINT('',(314.75,542.,1.59E+03));
#15823 = DIRECTION('',(0.,0.,1.));
#15824 = DIRECTION('',(1.,0.,0.));
#15825 = FACE_BOUND('',#15826,.F.);
#15826 = EDGE_LOOP('',(#15827));
#15827 = ORIENTED_EDGE('',*,*,#15828,.F.);
#15828 = EDGE_CURVE('',#15829,#15829,#15831,.T.);
#15829 = VERTEX_POINT('',#15830);
#15830 = CARTESIAN_POINT('',(688.,497.,1.59E+03));
#15831 = CIRCLE('',#15832,80.);
#15832 = AXIS2_PLACEMENT_3D('',#15833,#15834,#15835);
#15833 = CARTESIAN_POINT('',(608.,497.,1.59E+03));
#15834 = DIRECTION('',(0.,0.,1.));
#15835 = DIRECTION('',(1.,0.,0.));
#15836 = PLANE('',#15837);
#15837 = AXIS2_PLACEMENT_3D('',#15838,#15839,#15840);
#15838 = CARTESIAN_POINT('',(0.,280.,1.59E+03));
#15839 = DIRECTION('',(0.,0.,1.));
#15840 = DIRECTION('',(1.,0.,0.));
#15841 = ADVANCED_FACE('',(#15842),#15848,.T.);
#15842 = FACE_BOUND('',#15843,.T.);
#15843 = EDGE_LOOP('',(#15844,#15845,#15846,#15847));
#15844 = ORIENTED_EDGE('',*,*,#15678,.F.);
#15845 = ORIENTED_EDGE('',*,*,#15786,.T.);
#15846 = ORIENTED_EDGE('',*,*,#15770,.T.);
#15847 = ORIENTED_EDGE('',*,*,#15694,.F.);
#15848 = PLANE('',#15849);
#15849 = AXIS2_PLACEMENT_3D('',#15850,#15851,#15852);
#15850 = CARTESIAN_POINT('',(903.,280.,1.59E+03));
#15851 = DIRECTION('',(1.,0.,0.));
#15852 = DIRECTION('',(0.,0.,1.));
#15853 = ADVANCED_FACE('',(#15854),#15865,.F.);
#15854 = FACE_BOUND('',#15855,.F.);
#15855 = EDGE_LOOP('',(#15856,#15857,#15863,#15864));
#15856 = ORIENTED_EDGE('',*,*,#15710,.F.);
#15857 = ORIENTED_EDGE('',*,*,#15858,.F.);
#15858 = EDGE_CURVE('',#15796,#15711,#15859,.T.);
#15859 = LINE('',#15860,#15861);
#15860 = CARTESIAN_POINT('',(172.25,542.,1.589E+03));
#15861 = VECTOR('',#15862,1.);
#15862 = DIRECTION('',(0.,0.,1.));
#15863 = ORIENTED_EDGE('',*,*,#15795,.T.);
#15864 = ORIENTED_EDGE('',*,*,#15858,.T.);
#15865 = CYLINDRICAL_SURFACE('',#15866,17.5);
#15866 = AXIS2_PLACEMENT_3D('',#15867,#15868,#15869);
#15867 = CARTESIAN_POINT('',(154.75,542.,1.589E+03));
#15868 = DIRECTION('',(0.,0.,1.));
#15869 = DIRECTION('',(1.,0.,0.));
#15870 = ADVANCED_FACE('',(#15871),#15882,.F.);
#15871 = FACE_BOUND('',#15872,.F.);
#15872 = EDGE_LOOP('',(#15873,#15874,#15880,#15881));
#15873 = ORIENTED_EDGE('',*,*,#15721,.F.);
#15874 = ORIENTED_EDGE('',*,*,#15875,.F.);
#15875 = EDGE_CURVE('',#15807,#15722,#15876,.T.);
#15876 = LINE('',#15877,#15878);
#15877 = CARTESIAN_POINT('',(252.25,542.,1.589E+03));
#15878 = VECTOR('',#15879,1.);
#15879 = DIRECTION('',(0.,0.,1.));
#15880 = ORIENTED_EDGE('',*,*,#15806,.T.);
#15881 = ORIENTED_EDGE('',*,*,#15875,.T.);
#15882 = CYLINDRICAL_SURFACE('',#15883,17.5);
#15883 = AXIS2_PLACEMENT_3D('',#15884,#15885,#15886);
#15884 = CARTESIAN_POINT('',(234.75,542.,1.589E+03));
#15885 = DIRECTION('',(0.,0.,1.));
#15886 = DIRECTION('',(1.,0.,0.));
#15887 = ADVANCED_FACE('',(#15888),#15899,.F.);
#15888 = FACE_BOUND('',#15889,.F.);
#15889 = EDGE_LOOP('',(#15890,#15891,#15897,#15898));
#15890 = ORIENTED_EDGE('',*,*,#15732,.F.);
#15891 = ORIENTED_EDGE('',*,*,#15892,.F.);
#15892 = EDGE_CURVE('',#15818,#15733,#15893,.T.);
#15893 = LINE('',#15894,#15895);
#15894 = CARTESIAN_POINT('',(332.25,542.,1.589E+03));
#15895 = VECTOR('',#15896,1.);
#15896 = DIRECTION('',(0.,0.,1.));
#15897 = ORIENTED_EDGE('',*,*,#15817,.T.);
#15898 = ORIENTED_EDGE('',*,*,#15892,.T.);
#15899 = CYLINDRICAL_SURFACE('',#15900,17.5);
#15900 = AXIS2_PLACEMENT_3D('',#15901,#15902,#15903);
#15901 = CARTESIAN_POINT('',(314.75,542.,1.589E+03));
#15902 = DIRECTION('',(0.,0.,1.));
#15903 = DIRECTION('',(1.,0.,0.));
#15904 = ADVANCED_FACE('',(#15905),#15916,.F.);
#15905 = FACE_BOUND('',#15906,.F.);
#15906 = EDGE_LOOP('',(#15907,#15908,#15914,#15915));
#15907 = ORIENTED_EDGE('',*,*,#15743,.F.);
#15908 = ORIENTED_EDGE('',*,*,#15909,.F.);
#15909 = EDGE_CURVE('',#15829,#15744,#15910,.T.);
#15910 = LINE('',#15911,#15912);
#15911 = CARTESIAN_POINT('',(688.,497.,1.589E+03));
#15912 = VECTOR('',#15913,1.);
#15913 = DIRECTION('',(0.,0.,1.));
#15914 = ORIENTED_EDGE('',*,*,#15828,.T.);
#15915 = ORIENTED_EDGE('',*,*,#15909,.T.);
#15916 = CYLINDRICAL_SURFACE('',#15917,80.);
#15917 = AXIS2_PLACEMENT_3D('',#15918,#15919,#15920);
#15918 = CARTESIAN_POINT('',(608.,497.,1.589E+03));
#15919 = DIRECTION('',(0.,0.,1.));
#15920 = DIRECTION('',(1.,0.,0.));
#15921 = MANIFOLD_SOLID_BREP('',#15922);
#15922 = CLOSED_SHELL('',(#15923,#15963,#15994,#16040,#16064,#16103,
    #16115,#16132));
#15923 = ADVANCED_FACE('',(#15924),#15958,.F.);
#15924 = FACE_BOUND('',#15925,.F.);
#15925 = EDGE_LOOP('',(#15926,#15936,#15944,#15952));
#15926 = ORIENTED_EDGE('',*,*,#15927,.F.);
#15927 = EDGE_CURVE('',#15928,#15930,#15932,.T.);
#15928 = VERTEX_POINT('',#15929);
#15929 = CARTESIAN_POINT('',(0.,280.,2.282E+03));
#15930 = VERTEX_POINT('',#15931);
#15931 = CARTESIAN_POINT('',(0.,280.,2.3E+03));
#15932 = LINE('',#15933,#15934);
#15933 = CARTESIAN_POINT('',(0.,280.,2.282E+03));
#15934 = VECTOR('',#15935,1.);
#15935 = DIRECTION('',(0.,0.,1.));
#15936 = ORIENTED_EDGE('',*,*,#15937,.T.);
#15937 = EDGE_CURVE('',#15928,#15938,#15940,.T.);
#15938 = VERTEX_POINT('',#15939);
#15939 = CARTESIAN_POINT('',(0.,600.,2.282E+03));
#15940 = LINE('',#15941,#15942);
#15941 = CARTESIAN_POINT('',(0.,280.,2.282E+03));
#15942 = VECTOR('',#15943,1.);
#15943 = DIRECTION('',(0.,1.,0.));
#15944 = ORIENTED_EDGE('',*,*,#15945,.T.);
#15945 = EDGE_CURVE('',#15938,#15946,#15948,.T.);
#15946 = VERTEX_POINT('',#15947);
#15947 = CARTESIAN_POINT('',(0.,600.,2.3E+03));
#15948 = LINE('',#15949,#15950);
#15949 = CARTESIAN_POINT('',(0.,600.,2.282E+03));
#15950 = VECTOR('',#15951,1.);
#15951 = DIRECTION('',(0.,0.,1.));
#15952 = ORIENTED_EDGE('',*,*,#15953,.F.);
#15953 = EDGE_CURVE('',#15930,#15946,#15954,.T.);
#15954 = LINE('',#15955,#15956);
#15955 = CARTESIAN_POINT('',(0.,280.,2.3E+03));
#15956 = VECTOR('',#15957,1.);
#15957 = DIRECTION('',(0.,1.,0.));
#15958 = PLANE('',#15959);
#15959 = AXIS2_PLACEMENT_3D('',#15960,#15961,#15962);
#15960 = CARTESIAN_POINT('',(0.,280.,2.282E+03));
#15961 = DIRECTION('',(1.,0.,0.));
#15962 = DIRECTION('',(0.,0.,1.));
#15963 = ADVANCED_FACE('',(#15964),#15989,.F.);
#15964 = FACE_BOUND('',#15965,.F.);
#15965 = EDGE_LOOP('',(#15966,#15974,#15975,#15983));
#15966 = ORIENTED_EDGE('',*,*,#15967,.F.);
#15967 = EDGE_CURVE('',#15928,#15968,#15970,.T.);
#15968 = VERTEX_POINT('',#15969);
#15969 = CARTESIAN_POINT('',(903.,280.,2.282E+03));
#15970 = LINE('',#15971,#15972);
#15971 = CARTESIAN_POINT('',(0.,280.,2.282E+03));
#15972 = VECTOR('',#15973,1.);
#15973 = DIRECTION('',(1.,0.,0.));
#15974 = ORIENTED_EDGE('',*,*,#15927,.T.);
#15975 = ORIENTED_EDGE('',*,*,#15976,.T.);
#15976 = EDGE_CURVE('',#15930,#15977,#15979,.T.);
#15977 = VERTEX_POINT('',#15978);
#15978 = CARTESIAN_POINT('',(903.,280.,2.3E+03));
#15979 = LINE('',#15980,#15981);
#15980 = CARTESIAN_POINT('',(0.,280.,2.3E+03));
#15981 = VECTOR('',#15982,1.);
#15982 = DIRECTION('',(1.,0.,0.));
#15983 = ORIENTED_EDGE('',*,*,#15984,.F.);
#15984 = EDGE_CURVE('',#15968,#15977,#15985,.T.);
#15985 = LINE('',#15986,#15987);
#15986 = CARTESIAN_POINT('',(903.,280.,2.282E+03));
#15987 = VECTOR('',#15988,1.);
#15988 = DIRECTION('',(0.,0.,1.));
#15989 = PLANE('',#15990);
#15990 = AXIS2_PLACEMENT_3D('',#15991,#15992,#15993);
#15991 = CARTESIAN_POINT('',(0.,280.,2.282E+03));
#15992 = DIRECTION('',(0.,1.,0.));
#15993 = DIRECTION('',(0.,0.,1.));
#15994 = ADVANCED_FACE('',(#15995,#16013,#16024),#16035,.T.);
#15995 = FACE_BOUND('',#15996,.T.);
#15996 = EDGE_LOOP('',(#15997,#15998,#15999,#16007));
#15997 = ORIENTED_EDGE('',*,*,#15953,.F.);
#15998 = ORIENTED_EDGE('',*,*,#15976,.T.);
#15999 = ORIENTED_EDGE('',*,*,#16000,.T.);
#16000 = EDGE_CURVE('',#15977,#16001,#16003,.T.);
#16001 = VERTEX_POINT('',#16002);
#16002 = CARTESIAN_POINT('',(903.,600.,2.3E+03));
#16003 = LINE('',#16004,#16005);
#16004 = CARTESIAN_POINT('',(903.,280.,2.3E+03));
#16005 = VECTOR('',#16006,1.);
#16006 = DIRECTION('',(0.,1.,0.));
#16007 = ORIENTED_EDGE('',*,*,#16008,.F.);
#16008 = EDGE_CURVE('',#15946,#16001,#16009,.T.);
#16009 = LINE('',#16010,#16011);
#16010 = CARTESIAN_POINT('',(0.,600.,2.3E+03));
#16011 = VECTOR('',#16012,1.);
#16012 = DIRECTION('',(1.,0.,0.));
#16013 = FACE_BOUND('',#16014,.T.);
#16014 = EDGE_LOOP('',(#16015));
#16015 = ORIENTED_EDGE('',*,*,#16016,.F.);
#16016 = EDGE_CURVE('',#16017,#16017,#16019,.T.);
#16017 = VERTEX_POINT('',#16018);
#16018 = CARTESIAN_POINT('',(314.75,497.,2.3E+03));
#16019 = CIRCLE('',#16020,80.);
#16020 = AXIS2_PLACEMENT_3D('',#16021,#16022,#16023);
#16021 = CARTESIAN_POINT('',(234.75,497.,2.3E+03));
#16022 = DIRECTION('',(0.,0.,1.));
#16023 = DIRECTION('',(1.,0.,0.));
#16024 = FACE_BOUND('',#16025,.T.);
#16025 = EDGE_LOOP('',(#16026));
#16026 = ORIENTED_EDGE('',*,*,#16027,.F.);
#16027 = EDGE_CURVE('',#16028,#16028,#16030,.T.);
#16028 = VERTEX_POINT('',#16029);
#16029 = CARTESIAN_POINT('',(688.,497.,2.3E+03));
#16030 = CIRCLE('',#16031,80.);
#16031 = AXIS2_PLACEMENT_3D('',#16032,#16033,#16034);
#16032 = CARTESIAN_POINT('',(608.,497.,2.3E+03));
#16033 = DIRECTION('',(0.,0.,1.));
#16034 = DIRECTION('',(1.,0.,0.));
#16035 = PLANE('',#16036);
#16036 = AXIS2_PLACEMENT_3D('',#16037,#16038,#16039);
#16037 = CARTESIAN_POINT('',(0.,280.,2.3E+03));
#16038 = DIRECTION('',(0.,0.,1.));
#16039 = DIRECTION('',(1.,0.,0.));
#16040 = ADVANCED_FACE('',(#16041),#16059,.T.);
#16041 = FACE_BOUND('',#16042,.T.);
#16042 = EDGE_LOOP('',(#16043,#16051,#16052,#16053));
#16043 = ORIENTED_EDGE('',*,*,#16044,.F.);
#16044 = EDGE_CURVE('',#15938,#16045,#16047,.T.);
#16045 = VERTEX_POINT('',#16046);
#16046 = CARTESIAN_POINT('',(903.,600.,2.282E+03));
#16047 = LINE('',#16048,#16049);
#16048 = CARTESIAN_POINT('',(0.,600.,2.282E+03));
#16049 = VECTOR('',#16050,1.);
#16050 = DIRECTION('',(1.,0.,0.));
#16051 = ORIENTED_EDGE('',*,*,#15945,.T.);
#16052 = ORIENTED_EDGE('',*,*,#16008,.T.);
#16053 = ORIENTED_EDGE('',*,*,#16054,.F.);
#16054 = EDGE_CURVE('',#16045,#16001,#16055,.T.);
#16055 = LINE('',#16056,#16057);
#16056 = CARTESIAN_POINT('',(903.,600.,2.282E+03));
#16057 = VECTOR('',#16058,1.);
#16058 = DIRECTION('',(0.,0.,1.));
#16059 = PLANE('',#16060);
#16060 = AXIS2_PLACEMENT_3D('',#16061,#16062,#16063);
#16061 = CARTESIAN_POINT('',(0.,600.,2.282E+03));
#16062 = DIRECTION('',(0.,1.,0.));
#16063 = DIRECTION('',(0.,0.,1.));
#16064 = ADVANCED_FACE('',(#16065,#16076,#16087),#16098,.F.);
#16065 = FACE_BOUND('',#16066,.F.);
#16066 = EDGE_LOOP('',(#16067,#16068,#16069,#16075));
#16067 = ORIENTED_EDGE('',*,*,#15937,.F.);
#16068 = ORIENTED_EDGE('',*,*,#15967,.T.);
#16069 = ORIENTED_EDGE('',*,*,#16070,.T.);
#16070 = EDGE_CURVE('',#15968,#16045,#16071,.T.);
#16071 = LINE('',#16072,#16073);
#16072 = CARTESIAN_POINT('',(903.,280.,2.282E+03));
#16073 = VECTOR('',#16074,1.);
#16074 = DIRECTION('',(0.,1.,0.));
#16075 = ORIENTED_EDGE('',*,*,#16044,.F.);
#16076 = FACE_BOUND('',#16077,.F.);
#16077 = EDGE_LOOP('',(#16078));
#16078 = ORIENTED_EDGE('',*,*,#16079,.F.);
#16079 = EDGE_CURVE('',#16080,#16080,#16082,.T.);
#16080 = VERTEX_POINT('',#16081);
#16081 = CARTESIAN_POINT('',(314.75,497.,2.282E+03));
#16082 = CIRCLE('',#16083,80.);
#16083 = AXIS2_PLACEMENT_3D('',#16084,#16085,#16086);
#16084 = CARTESIAN_POINT('',(234.75,497.,2.282E+03));
#16085 = DIRECTION('',(0.,0.,1.));
#16086 = DIRECTION('',(1.,0.,0.));
#16087 = FACE_BOUND('',#16088,.F.);
#16088 = EDGE_LOOP('',(#16089));
#16089 = ORIENTED_EDGE('',*,*,#16090,.F.);
#16090 = EDGE_CURVE('',#16091,#16091,#16093,.T.);
#16091 = VERTEX_POINT('',#16092);
#16092 = CARTESIAN_POINT('',(688.,497.,2.282E+03));
#16093 = CIRCLE('',#16094,80.);
#16094 = AXIS2_PLACEMENT_3D('',#16095,#16096,#16097);
#16095 = CARTESIAN_POINT('',(608.,497.,2.282E+03));
#16096 = DIRECTION('',(0.,0.,1.));
#16097 = DIRECTION('',(1.,0.,0.));
#16098 = PLANE('',#16099);
#16099 = AXIS2_PLACEMENT_3D('',#16100,#16101,#16102);
#16100 = CARTESIAN_POINT('',(0.,280.,2.282E+03));
#16101 = DIRECTION('',(0.,0.,1.));
#16102 = DIRECTION('',(1.,0.,0.));
#16103 = ADVANCED_FACE('',(#16104),#16110,.T.);
#16104 = FACE_BOUND('',#16105,.T.);
#16105 = EDGE_LOOP('',(#16106,#16107,#16108,#16109));
#16106 = ORIENTED_EDGE('',*,*,#15984,.F.);
#16107 = ORIENTED_EDGE('',*,*,#16070,.T.);
#16108 = ORIENTED_EDGE('',*,*,#16054,.T.);
#16109 = ORIENTED_EDGE('',*,*,#16000,.F.);
#16110 = PLANE('',#16111);
#16111 = AXIS2_PLACEMENT_3D('',#16112,#16113,#16114);
#16112 = CARTESIAN_POINT('',(903.,280.,2.282E+03));
#16113 = DIRECTION('',(1.,0.,0.));
#16114 = DIRECTION('',(0.,0.,1.));
#16115 = ADVANCED_FACE('',(#16116),#16127,.F.);
#16116 = FACE_BOUND('',#16117,.F.);
#16117 = EDGE_LOOP('',(#16118,#16119,#16125,#16126));
#16118 = ORIENTED_EDGE('',*,*,#16016,.F.);
#16119 = ORIENTED_EDGE('',*,*,#16120,.F.);
#16120 = EDGE_CURVE('',#16080,#16017,#16121,.T.);
#16121 = LINE('',#16122,#16123);
#16122 = CARTESIAN_POINT('',(314.75,497.,2.281E+03));
#16123 = VECTOR('',#16124,1.);
#16124 = DIRECTION('',(0.,0.,1.));
#16125 = ORIENTED_EDGE('',*,*,#16079,.T.);
#16126 = ORIENTED_EDGE('',*,*,#16120,.T.);
#16127 = CYLINDRICAL_SURFACE('',#16128,80.);
#16128 = AXIS2_PLACEMENT_3D('',#16129,#16130,#16131);
#16129 = CARTESIAN_POINT('',(234.75,497.,2.281E+03));
#16130 = DIRECTION('',(0.,0.,1.));
#16131 = DIRECTION('',(1.,0.,0.));
#16132 = ADVANCED_FACE('',(#16133),#16144,.F.);
#16133 = FACE_BOUND('',#16134,.F.);
#16134 = EDGE_LOOP('',(#16135,#16136,#16142,#16143));
#16135 = ORIENTED_EDGE('',*,*,#16027,.F.);
#16136 = ORIENTED_EDGE('',*,*,#16137,.F.);
#16137 = EDGE_CURVE('',#16091,#16028,#16138,.T.);
#16138 = LINE('',#16139,#16140);
#16139 = CARTESIAN_POINT('',(688.,497.,2.281E+03));
#16140 = VECTOR('',#16141,1.);
#16141 = DIRECTION('',(0.,0.,1.));
#16142 = ORIENTED_EDGE('',*,*,#16090,.T.);
#16143 = ORIENTED_EDGE('',*,*,#16137,.T.);
#16144 = CYLINDRICAL_SURFACE('',#16145,80.);
#16145 = AXIS2_PLACEMENT_3D('',#16146,#16147,#16148);
#16146 = CARTESIAN_POINT('',(608.,497.,2.281E+03));
#16147 = DIRECTION('',(0.,0.,1.));
#16148 = DIRECTION('',(1.,0.,0.));
#16149 = MANIFOLD_SOLID_BREP('',#16150);
#16150 = CLOSED_SHELL('',(#16151,#16191,#16231,#16253,#16275,#16287));
#16151 = ADVANCED_FACE('',(#16152),#16186,.F.);
#16152 = FACE_BOUND('',#16153,.F.);
#16153 = EDGE_LOOP('',(#16154,#16164,#16172,#16180));
#16154 = ORIENTED_EDGE('',*,*,#16155,.F.);
#16155 = EDGE_CURVE('',#16156,#16158,#16160,.T.);
#16156 = VERTEX_POINT('',#16157);
#16157 = CARTESIAN_POINT('',(18.,280.,2.222E+03));
#16158 = VERTEX_POINT('',#16159);
#16159 = CARTESIAN_POINT('',(18.,280.,2.282E+03));
#16160 = LINE('',#16161,#16162);
#16161 = CARTESIAN_POINT('',(18.,280.,2.222E+03));
#16162 = VECTOR('',#16163,1.);
#16163 = DIRECTION('',(0.,0.,1.));
#16164 = ORIENTED_EDGE('',*,*,#16165,.T.);
#16165 = EDGE_CURVE('',#16156,#16166,#16168,.T.);
#16166 = VERTEX_POINT('',#16167);
#16167 = CARTESIAN_POINT('',(18.,298.,2.222E+03));
#16168 = LINE('',#16169,#16170);
#16169 = CARTESIAN_POINT('',(18.,280.,2.222E+03));
#16170 = VECTOR('',#16171,1.);
#16171 = DIRECTION('',(0.,1.,0.));
#16172 = ORIENTED_EDGE('',*,*,#16173,.T.);
#16173 = EDGE_CURVE('',#16166,#16174,#16176,.T.);
#16174 = VERTEX_POINT('',#16175);
#16175 = CARTESIAN_POINT('',(18.,298.,2.282E+03));
#16176 = LINE('',#16177,#16178);
#16177 = CARTESIAN_POINT('',(18.,298.,2.222E+03));
#16178 = VECTOR('',#16179,1.);
#16179 = DIRECTION('',(0.,0.,1.));
#16180 = ORIENTED_EDGE('',*,*,#16181,.F.);
#16181 = EDGE_CURVE('',#16158,#16174,#16182,.T.);
#16182 = LINE('',#16183,#16184);
#16183 = CARTESIAN_POINT('',(18.,280.,2.282E+03));
#16184 = VECTOR('',#16185,1.);
#16185 = DIRECTION('',(0.,1.,0.));
#16186 = PLANE('',#16187);
#16187 = AXIS2_PLACEMENT_3D('',#16188,#16189,#16190);
#16188 = CARTESIAN_POINT('',(18.,280.,2.222E+03));
#16189 = DIRECTION('',(1.,0.,0.));
#16190 = DIRECTION('',(0.,0.,1.));
#16191 = ADVANCED_FACE('',(#16192),#16226,.T.);
#16192 = FACE_BOUND('',#16193,.T.);
#16193 = EDGE_LOOP('',(#16194,#16204,#16212,#16220));
#16194 = ORIENTED_EDGE('',*,*,#16195,.F.);
#16195 = EDGE_CURVE('',#16196,#16198,#16200,.T.);
#16196 = VERTEX_POINT('',#16197);
#16197 = CARTESIAN_POINT('',(885.,280.,2.222E+03));
#16198 = VERTEX_POINT('',#16199);
#16199 = CARTESIAN_POINT('',(885.,280.,2.282E+03));
#16200 = LINE('',#16201,#16202);
#16201 = CARTESIAN_POINT('',(885.,280.,2.222E+03));
#16202 = VECTOR('',#16203,1.);
#16203 = DIRECTION('',(0.,0.,1.));
#16204 = ORIENTED_EDGE('',*,*,#16205,.T.);
#16205 = EDGE_CURVE('',#16196,#16206,#16208,.T.);
#16206 = VERTEX_POINT('',#16207);
#16207 = CARTESIAN_POINT('',(885.,298.,2.222E+03));
#16208 = LINE('',#16209,#16210);
#16209 = CARTESIAN_POINT('',(885.,280.,2.222E+03));
#16210 = VECTOR('',#16211,1.);
#16211 = DIRECTION('',(0.,1.,0.));
#16212 = ORIENTED_EDGE('',*,*,#16213,.T.);
#16213 = EDGE_CURVE('',#16206,#16214,#16216,.T.);
#16214 = VERTEX_POINT('',#16215);
#16215 = CARTESIAN_POINT('',(885.,298.,2.282E+03));
#16216 = LINE('',#16217,#16218);
#16217 = CARTESIAN_POINT('',(885.,298.,2.222E+03));
#16218 = VECTOR('',#16219,1.);
#16219 = DIRECTION('',(0.,0.,1.));
#16220 = ORIENTED_EDGE('',*,*,#16221,.F.);
#16221 = EDGE_CURVE('',#16198,#16214,#16222,.T.);
#16222 = LINE('',#16223,#16224);
#16223 = CARTESIAN_POINT('',(885.,280.,2.282E+03));
#16224 = VECTOR('',#16225,1.);
#16225 = DIRECTION('',(0.,1.,0.));
#16226 = PLANE('',#16227);
#16227 = AXIS2_PLACEMENT_3D('',#16228,#16229,#16230);
#16228 = CARTESIAN_POINT('',(885.,280.,2.222E+03));
#16229 = DIRECTION('',(1.,0.,0.));
#16230 = DIRECTION('',(0.,0.,1.));
#16231 = ADVANCED_FACE('',(#16232),#16248,.F.);
#16232 = FACE_BOUND('',#16233,.F.);
#16233 = EDGE_LOOP('',(#16234,#16240,#16241,#16247));
#16234 = ORIENTED_EDGE('',*,*,#16235,.F.);
#16235 = EDGE_CURVE('',#16156,#16196,#16236,.T.);
#16236 = LINE('',#16237,#16238);
#16237 = CARTESIAN_POINT('',(18.,280.,2.222E+03));
#16238 = VECTOR('',#16239,1.);
#16239 = DIRECTION('',(1.,0.,0.));
#16240 = ORIENTED_EDGE('',*,*,#16155,.T.);
#16241 = ORIENTED_EDGE('',*,*,#16242,.T.);
#16242 = EDGE_CURVE('',#16158,#16198,#16243,.T.);
#16243 = LINE('',#16244,#16245);
#16244 = CARTESIAN_POINT('',(18.,280.,2.282E+03));
#16245 = VECTOR('',#16246,1.);
#16246 = DIRECTION('',(1.,0.,0.));
#16247 = ORIENTED_EDGE('',*,*,#16195,.F.);
#16248 = PLANE('',#16249);
#16249 = AXIS2_PLACEMENT_3D('',#16250,#16251,#16252);
#16250 = CARTESIAN_POINT('',(18.,280.,2.222E+03));
#16251 = DIRECTION('',(0.,1.,0.));
#16252 = DIRECTION('',(0.,0.,1.));
#16253 = ADVANCED_FACE('',(#16254),#16270,.T.);
#16254 = FACE_BOUND('',#16255,.T.);
#16255 = EDGE_LOOP('',(#16256,#16262,#16263,#16269));
#16256 = ORIENTED_EDGE('',*,*,#16257,.F.);
#16257 = EDGE_CURVE('',#16166,#16206,#16258,.T.);
#16258 = LINE('',#16259,#16260);
#16259 = CARTESIAN_POINT('',(18.,298.,2.222E+03));
#16260 = VECTOR('',#16261,1.);
#16261 = DIRECTION('',(1.,0.,0.));
#16262 = ORIENTED_EDGE('',*,*,#16173,.T.);
#16263 = ORIENTED_EDGE('',*,*,#16264,.T.);
#16264 = EDGE_CURVE('',#16174,#16214,#16265,.T.);
#16265 = LINE('',#16266,#16267);
#16266 = CARTESIAN_POINT('',(18.,298.,2.282E+03));
#16267 = VECTOR('',#16268,1.);
#16268 = DIRECTION('',(1.,0.,0.));
#16269 = ORIENTED_EDGE('',*,*,#16213,.F.);
#16270 = PLANE('',#16271);
#16271 = AXIS2_PLACEMENT_3D('',#16272,#16273,#16274);
#16272 = CARTESIAN_POINT('',(18.,298.,2.222E+03));
#16273 = DIRECTION('',(0.,1.,0.));
#16274 = DIRECTION('',(0.,0.,1.));
#16275 = ADVANCED_FACE('',(#16276),#16282,.F.);
#16276 = FACE_BOUND('',#16277,.F.);
#16277 = EDGE_LOOP('',(#16278,#16279,#16280,#16281));
#16278 = ORIENTED_EDGE('',*,*,#16165,.F.);
#16279 = ORIENTED_EDGE('',*,*,#16235,.T.);
#16280 = ORIENTED_EDGE('',*,*,#16205,.T.);
#16281 = ORIENTED_EDGE('',*,*,#16257,.F.);
#16282 = PLANE('',#16283);
#16283 = AXIS2_PLACEMENT_3D('',#16284,#16285,#16286);
#16284 = CARTESIAN_POINT('',(18.,280.,2.222E+03));
#16285 = DIRECTION('',(0.,0.,1.));
#16286 = DIRECTION('',(1.,0.,0.));
#16287 = ADVANCED_FACE('',(#16288),#16294,.T.);
#16288 = FACE_BOUND('',#16289,.T.);
#16289 = EDGE_LOOP('',(#16290,#16291,#16292,#16293));
#16290 = ORIENTED_EDGE('',*,*,#16181,.F.);
#16291 = ORIENTED_EDGE('',*,*,#16242,.T.);
#16292 = ORIENTED_EDGE('',*,*,#16221,.T.);
#16293 = ORIENTED_EDGE('',*,*,#16264,.F.);
#16294 = PLANE('',#16295);
#16295 = AXIS2_PLACEMENT_3D('',#16296,#16297,#16298);
#16296 = CARTESIAN_POINT('',(18.,280.,2.282E+03));
#16297 = DIRECTION('',(0.,0.,1.));
#16298 = DIRECTION('',(1.,0.,0.));
#16299 = MANIFOLD_SOLID_BREP('',#16300);
#16300 = CLOSED_SHELL('',(#16301,#16341,#16381,#16403,#16425,#16437));
#16301 = ADVANCED_FACE('',(#16302),#16336,.F.);
#16302 = FACE_BOUND('',#16303,.F.);
#16303 = EDGE_LOOP('',(#16304,#16314,#16322,#16330));
#16304 = ORIENTED_EDGE('',*,*,#16305,.F.);
#16305 = EDGE_CURVE('',#16306,#16308,#16310,.T.);
#16306 = VERTEX_POINT('',#16307);
#16307 = CARTESIAN_POINT('',(18.,280.,1.608E+03));
#16308 = VERTEX_POINT('',#16309);
#16309 = CARTESIAN_POINT('',(18.,280.,1.668E+03));
#16310 = LINE('',#16311,#16312);
#16311 = CARTESIAN_POINT('',(18.,280.,1.608E+03));
#16312 = VECTOR('',#16313,1.);
#16313 = DIRECTION('',(0.,0.,1.));
#16314 = ORIENTED_EDGE('',*,*,#16315,.T.);
#16315 = EDGE_CURVE('',#16306,#16316,#16318,.T.);
#16316 = VERTEX_POINT('',#16317);
#16317 = CARTESIAN_POINT('',(18.,298.,1.608E+03));
#16318 = LINE('',#16319,#16320);
#16319 = CARTESIAN_POINT('',(18.,280.,1.608E+03));
#16320 = VECTOR('',#16321,1.);
#16321 = DIRECTION('',(0.,1.,0.));
#16322 = ORIENTED_EDGE('',*,*,#16323,.T.);
#16323 = EDGE_CURVE('',#16316,#16324,#16326,.T.);
#16324 = VERTEX_POINT('',#16325);
#16325 = CARTESIAN_POINT('',(18.,298.,1.668E+03));
#16326 = LINE('',#16327,#16328);
#16327 = CARTESIAN_POINT('',(18.,298.,1.608E+03));
#16328 = VECTOR('',#16329,1.);
#16329 = DIRECTION('',(0.,0.,1.));
#16330 = ORIENTED_EDGE('',*,*,#16331,.F.);
#16331 = EDGE_CURVE('',#16308,#16324,#16332,.T.);
#16332 = LINE('',#16333,#16334);
#16333 = CARTESIAN_POINT('',(18.,280.,1.668E+03));
#16334 = VECTOR('',#16335,1.);
#16335 = DIRECTION('',(0.,1.,0.));
#16336 = PLANE('',#16337);
#16337 = AXIS2_PLACEMENT_3D('',#16338,#16339,#16340);
#16338 = CARTESIAN_POINT('',(18.,280.,1.608E+03));
#16339 = DIRECTION('',(1.,0.,0.));
#16340 = DIRECTION('',(0.,0.,1.));
#16341 = ADVANCED_FACE('',(#16342),#16376,.T.);
#16342 = FACE_BOUND('',#16343,.T.);
#16343 = EDGE_LOOP('',(#16344,#16354,#16362,#16370));
#16344 = ORIENTED_EDGE('',*,*,#16345,.F.);
#16345 = EDGE_CURVE('',#16346,#16348,#16350,.T.);
#16346 = VERTEX_POINT('',#16347);
#16347 = CARTESIAN_POINT('',(885.,280.,1.608E+03));
#16348 = VERTEX_POINT('',#16349);
#16349 = CARTESIAN_POINT('',(885.,280.,1.668E+03));
#16350 = LINE('',#16351,#16352);
#16351 = CARTESIAN_POINT('',(885.,280.,1.608E+03));
#16352 = VECTOR('',#16353,1.);
#16353 = DIRECTION('',(0.,0.,1.));
#16354 = ORIENTED_EDGE('',*,*,#16355,.T.);
#16355 = EDGE_CURVE('',#16346,#16356,#16358,.T.);
#16356 = VERTEX_POINT('',#16357);
#16357 = CARTESIAN_POINT('',(885.,298.,1.608E+03));
#16358 = LINE('',#16359,#16360);
#16359 = CARTESIAN_POINT('',(885.,280.,1.608E+03));
#16360 = VECTOR('',#16361,1.);
#16361 = DIRECTION('',(0.,1.,0.));
#16362 = ORIENTED_EDGE('',*,*,#16363,.T.);
#16363 = EDGE_CURVE('',#16356,#16364,#16366,.T.);
#16364 = VERTEX_POINT('',#16365);
#16365 = CARTESIAN_POINT('',(885.,298.,1.668E+03));
#16366 = LINE('',#16367,#16368);
#16367 = CARTESIAN_POINT('',(885.,298.,1.608E+03));
#16368 = VECTOR('',#16369,1.);
#16369 = DIRECTION('',(0.,0.,1.));
#16370 = ORIENTED_EDGE('',*,*,#16371,.F.);
#16371 = EDGE_CURVE('',#16348,#16364,#16372,.T.);
#16372 = LINE('',#16373,#16374);
#16373 = CARTESIAN_POINT('',(885.,280.,1.668E+03));
#16374 = VECTOR('',#16375,1.);
#16375 = DIRECTION('',(0.,1.,0.));
#16376 = PLANE('',#16377);
#16377 = AXIS2_PLACEMENT_3D('',#16378,#16379,#16380);
#16378 = CARTESIAN_POINT('',(885.,280.,1.608E+03));
#16379 = DIRECTION('',(1.,0.,0.));
#16380 = DIRECTION('',(0.,0.,1.));
#16381 = ADVANCED_FACE('',(#16382),#16398,.F.);
#16382 = FACE_BOUND('',#16383,.F.);
#16383 = EDGE_LOOP('',(#16384,#16390,#16391,#16397));
#16384 = ORIENTED_EDGE('',*,*,#16385,.F.);
#16385 = EDGE_CURVE('',#16306,#16346,#16386,.T.);
#16386 = LINE('',#16387,#16388);
#16387 = CARTESIAN_POINT('',(18.,280.,1.608E+03));
#16388 = VECTOR('',#16389,1.);
#16389 = DIRECTION('',(1.,0.,0.));
#16390 = ORIENTED_EDGE('',*,*,#16305,.T.);
#16391 = ORIENTED_EDGE('',*,*,#16392,.T.);
#16392 = EDGE_CURVE('',#16308,#16348,#16393,.T.);
#16393 = LINE('',#16394,#16395);
#16394 = CARTESIAN_POINT('',(18.,280.,1.668E+03));
#16395 = VECTOR('',#16396,1.);
#16396 = DIRECTION('',(1.,0.,0.));
#16397 = ORIENTED_EDGE('',*,*,#16345,.F.);
#16398 = PLANE('',#16399);
#16399 = AXIS2_PLACEMENT_3D('',#16400,#16401,#16402);
#16400 = CARTESIAN_POINT('',(18.,280.,1.608E+03));
#16401 = DIRECTION('',(0.,1.,0.));
#16402 = DIRECTION('',(0.,0.,1.));
#16403 = ADVANCED_FACE('',(#16404),#16420,.T.);
#16404 = FACE_BOUND('',#16405,.T.);
#16405 = EDGE_LOOP('',(#16406,#16412,#16413,#16419));
#16406 = ORIENTED_EDGE('',*,*,#16407,.F.);
#16407 = EDGE_CURVE('',#16316,#16356,#16408,.T.);
#16408 = LINE('',#16409,#16410);
#16409 = CARTESIAN_POINT('',(18.,298.,1.608E+03));
#16410 = VECTOR('',#16411,1.);
#16411 = DIRECTION('',(1.,0.,0.));
#16412 = ORIENTED_EDGE('',*,*,#16323,.T.);
#16413 = ORIENTED_EDGE('',*,*,#16414,.T.);
#16414 = EDGE_CURVE('',#16324,#16364,#16415,.T.);
#16415 = LINE('',#16416,#16417);
#16416 = CARTESIAN_POINT('',(18.,298.,1.668E+03));
#16417 = VECTOR('',#16418,1.);
#16418 = DIRECTION('',(1.,0.,0.));
#16419 = ORIENTED_EDGE('',*,*,#16363,.F.);
#16420 = PLANE('',#16421);
#16421 = AXIS2_PLACEMENT_3D('',#16422,#16423,#16424);
#16422 = CARTESIAN_POINT('',(18.,298.,1.608E+03));
#16423 = DIRECTION('',(0.,1.,0.));
#16424 = DIRECTION('',(0.,0.,1.));
#16425 = ADVANCED_FACE('',(#16426),#16432,.F.);
#16426 = FACE_BOUND('',#16427,.F.);
#16427 = EDGE_LOOP('',(#16428,#16429,#16430,#16431));
#16428 = ORIENTED_EDGE('',*,*,#16315,.F.);
#16429 = ORIENTED_EDGE('',*,*,#16385,.T.);
#16430 = ORIENTED_EDGE('',*,*,#16355,.T.);
#16431 = ORIENTED_EDGE('',*,*,#16407,.F.);
#16432 = PLANE('',#16433);
#16433 = AXIS2_PLACEMENT_3D('',#16434,#16435,#16436);
#16434 = CARTESIAN_POINT('',(18.,280.,1.608E+03));
#16435 = DIRECTION('',(0.,0.,1.));
#16436 = DIRECTION('',(1.,0.,0.));
#16437 = ADVANCED_FACE('',(#16438),#16444,.T.);
#16438 = FACE_BOUND('',#16439,.T.);
#16439 = EDGE_LOOP('',(#16440,#16441,#16442,#16443));
#16440 = ORIENTED_EDGE('',*,*,#16331,.F.);
#16441 = ORIENTED_EDGE('',*,*,#16392,.T.);
#16442 = ORIENTED_EDGE('',*,*,#16371,.T.);
#16443 = ORIENTED_EDGE('',*,*,#16414,.F.);
#16444 = PLANE('',#16445);
#16445 = AXIS2_PLACEMENT_3D('',#16446,#16447,#16448);
#16446 = CARTESIAN_POINT('',(18.,280.,1.668E+03));
#16447 = DIRECTION('',(0.,0.,1.));
#16448 = DIRECTION('',(1.,0.,0.));
#16449 = MANIFOLD_SOLID_BREP('',#16450);
#16450 = CLOSED_SHELL('',(#16451,#16491,#16531,#16553,#16575,#16587));
#16451 = ADVANCED_FACE('',(#16452),#16486,.F.);
#16452 = FACE_BOUND('',#16453,.F.);
#16453 = EDGE_LOOP('',(#16454,#16464,#16472,#16480));
#16454 = ORIENTED_EDGE('',*,*,#16455,.F.);
#16455 = EDGE_CURVE('',#16456,#16458,#16460,.T.);
#16456 = VERTEX_POINT('',#16457);
#16457 = CARTESIAN_POINT('',(18.,597.,1.608E+03));
#16458 = VERTEX_POINT('',#16459);
#16459 = CARTESIAN_POINT('',(18.,597.,2.282E+03));
#16460 = LINE('',#16461,#16462);
#16461 = CARTESIAN_POINT('',(18.,597.,1.608E+03));
#16462 = VECTOR('',#16463,1.);
#16463 = DIRECTION('',(0.,0.,1.));
#16464 = ORIENTED_EDGE('',*,*,#16465,.T.);
#16465 = EDGE_CURVE('',#16456,#16466,#16468,.T.);
#16466 = VERTEX_POINT('',#16467);
#16467 = CARTESIAN_POINT('',(18.,600.,1.608E+03));
#16468 = LINE('',#16469,#16470);
#16469 = CARTESIAN_POINT('',(18.,597.,1.608E+03));
#16470 = VECTOR('',#16471,1.);
#16471 = DIRECTION('',(0.,1.,0.));
#16472 = ORIENTED_EDGE('',*,*,#16473,.T.);
#16473 = EDGE_CURVE('',#16466,#16474,#16476,.T.);
#16474 = VERTEX_POINT('',#16475);
#16475 = CARTESIAN_POINT('',(18.,600.,2.282E+03));
#16476 = LINE('',#16477,#16478);
#16477 = CARTESIAN_POINT('',(18.,600.,1.608E+03));
#16478 = VECTOR('',#16479,1.);
#16479 = DIRECTION('',(0.,0.,1.));
#16480 = ORIENTED_EDGE('',*,*,#16481,.F.);
#16481 = EDGE_CURVE('',#16458,#16474,#16482,.T.);
#16482 = LINE('',#16483,#16484);
#16483 = CARTESIAN_POINT('',(18.,597.,2.282E+03));
#16484 = VECTOR('',#16485,1.);
#16485 = DIRECTION('',(0.,1.,0.));
#16486 = PLANE('',#16487);
#16487 = AXIS2_PLACEMENT_3D('',#16488,#16489,#16490);
#16488 = CARTESIAN_POINT('',(18.,597.,1.608E+03));
#16489 = DIRECTION('',(1.,0.,0.));
#16490 = DIRECTION('',(0.,0.,1.));
#16491 = ADVANCED_FACE('',(#16492),#16526,.T.);
#16492 = FACE_BOUND('',#16493,.T.);
#16493 = EDGE_LOOP('',(#16494,#16504,#16512,#16520));
#16494 = ORIENTED_EDGE('',*,*,#16495,.F.);
#16495 = EDGE_CURVE('',#16496,#16498,#16500,.T.);
#16496 = VERTEX_POINT('',#16497);
#16497 = CARTESIAN_POINT('',(885.,597.,1.608E+03));
#16498 = VERTEX_POINT('',#16499);
#16499 = CARTESIAN_POINT('',(885.,597.,2.282E+03));
#16500 = LINE('',#16501,#16502);
#16501 = CARTESIAN_POINT('',(885.,597.,1.608E+03));
#16502 = VECTOR('',#16503,1.);
#16503 = DIRECTION('',(0.,0.,1.));
#16504 = ORIENTED_EDGE('',*,*,#16505,.T.);
#16505 = EDGE_CURVE('',#16496,#16506,#16508,.T.);
#16506 = VERTEX_POINT('',#16507);
#16507 = CARTESIAN_POINT('',(885.,600.,1.608E+03));
#16508 = LINE('',#16509,#16510);
#16509 = CARTESIAN_POINT('',(885.,597.,1.608E+03));
#16510 = VECTOR('',#16511,1.);
#16511 = DIRECTION('',(0.,1.,0.));
#16512 = ORIENTED_EDGE('',*,*,#16513,.T.);
#16513 = EDGE_CURVE('',#16506,#16514,#16516,.T.);
#16514 = VERTEX_POINT('',#16515);
#16515 = CARTESIAN_POINT('',(885.,600.,2.282E+03));
#16516 = LINE('',#16517,#16518);
#16517 = CARTESIAN_POINT('',(885.,600.,1.608E+03));
#16518 = VECTOR('',#16519,1.);
#16519 = DIRECTION('',(0.,0.,1.));
#16520 = ORIENTED_EDGE('',*,*,#16521,.F.);
#16521 = EDGE_CURVE('',#16498,#16514,#16522,.T.);
#16522 = LINE('',#16523,#16524);
#16523 = CARTESIAN_POINT('',(885.,597.,2.282E+03));
#16524 = VECTOR('',#16525,1.);
#16525 = DIRECTION('',(0.,1.,0.));
#16526 = PLANE('',#16527);
#16527 = AXIS2_PLACEMENT_3D('',#16528,#16529,#16530);
#16528 = CARTESIAN_POINT('',(885.,597.,1.608E+03));
#16529 = DIRECTION('',(1.,0.,0.));
#16530 = DIRECTION('',(0.,0.,1.));
#16531 = ADVANCED_FACE('',(#16532),#16548,.F.);
#16532 = FACE_BOUND('',#16533,.F.);
#16533 = EDGE_LOOP('',(#16534,#16540,#16541,#16547));
#16534 = ORIENTED_EDGE('',*,*,#16535,.F.);
#16535 = EDGE_CURVE('',#16456,#16496,#16536,.T.);
#16536 = LINE('',#16537,#16538);
#16537 = CARTESIAN_POINT('',(18.,597.,1.608E+03));
#16538 = VECTOR('',#16539,1.);
#16539 = DIRECTION('',(1.,0.,0.));
#16540 = ORIENTED_EDGE('',*,*,#16455,.T.);
#16541 = ORIENTED_EDGE('',*,*,#16542,.T.);
#16542 = EDGE_CURVE('',#16458,#16498,#16543,.T.);
#16543 = LINE('',#16544,#16545);
#16544 = CARTESIAN_POINT('',(18.,597.,2.282E+03));
#16545 = VECTOR('',#16546,1.);
#16546 = DIRECTION('',(1.,0.,0.));
#16547 = ORIENTED_EDGE('',*,*,#16495,.F.);
#16548 = PLANE('',#16549);
#16549 = AXIS2_PLACEMENT_3D('',#16550,#16551,#16552);
#16550 = CARTESIAN_POINT('',(18.,597.,1.608E+03));
#16551 = DIRECTION('',(0.,1.,0.));
#16552 = DIRECTION('',(0.,0.,1.));
#16553 = ADVANCED_FACE('',(#16554),#16570,.T.);
#16554 = FACE_BOUND('',#16555,.T.);
#16555 = EDGE_LOOP('',(#16556,#16562,#16563,#16569));
#16556 = ORIENTED_EDGE('',*,*,#16557,.F.);
#16557 = EDGE_CURVE('',#16466,#16506,#16558,.T.);
#16558 = LINE('',#16559,#16560);
#16559 = CARTESIAN_POINT('',(18.,600.,1.608E+03));
#16560 = VECTOR('',#16561,1.);
#16561 = DIRECTION('',(1.,0.,0.));
#16562 = ORIENTED_EDGE('',*,*,#16473,.T.);
#16563 = ORIENTED_EDGE('',*,*,#16564,.T.);
#16564 = EDGE_CURVE('',#16474,#16514,#16565,.T.);
#16565 = LINE('',#16566,#16567);
#16566 = CARTESIAN_POINT('',(18.,600.,2.282E+03));
#16567 = VECTOR('',#16568,1.);
#16568 = DIRECTION('',(1.,0.,0.));
#16569 = ORIENTED_EDGE('',*,*,#16513,.F.);
#16570 = PLANE('',#16571);
#16571 = AXIS2_PLACEMENT_3D('',#16572,#16573,#16574);
#16572 = CARTESIAN_POINT('',(18.,600.,1.608E+03));
#16573 = DIRECTION('',(0.,1.,0.));
#16574 = DIRECTION('',(0.,0.,1.));
#16575 = ADVANCED_FACE('',(#16576),#16582,.F.);
#16576 = FACE_BOUND('',#16577,.F.);
#16577 = EDGE_LOOP('',(#16578,#16579,#16580,#16581));
#16578 = ORIENTED_EDGE('',*,*,#16465,.F.);
#16579 = ORIENTED_EDGE('',*,*,#16535,.T.);
#16580 = ORIENTED_EDGE('',*,*,#16505,.T.);
#16581 = ORIENTED_EDGE('',*,*,#16557,.F.);
#16582 = PLANE('',#16583);
#16583 = AXIS2_PLACEMENT_3D('',#16584,#16585,#16586);
#16584 = CARTESIAN_POINT('',(18.,597.,1.608E+03));
#16585 = DIRECTION('',(0.,0.,1.));
#16586 = DIRECTION('',(1.,0.,0.));
#16587 = ADVANCED_FACE('',(#16588),#16594,.T.);
#16588 = FACE_BOUND('',#16589,.T.);
#16589 = EDGE_LOOP('',(#16590,#16591,#16592,#16593));
#16590 = ORIENTED_EDGE('',*,*,#16481,.F.);
#16591 = ORIENTED_EDGE('',*,*,#16542,.T.);
#16592 = ORIENTED_EDGE('',*,*,#16521,.T.);
#16593 = ORIENTED_EDGE('',*,*,#16564,.F.);
#16594 = PLANE('',#16595);
#16595 = AXIS2_PLACEMENT_3D('',#16596,#16597,#16598);
#16596 = CARTESIAN_POINT('',(18.,597.,2.282E+03));
#16597 = DIRECTION('',(0.,0.,1.));
#16598 = DIRECTION('',(1.,0.,0.));
#16599 = MANIFOLD_SOLID_BREP('',#16600);
#16600 = CLOSED_SHELL('',(#16601,#16641,#16681,#16703,#16725,#16737));
#16601 = ADVANCED_FACE('',(#16602),#16636,.F.);
#16602 = FACE_BOUND('',#16603,.F.);
#16603 = EDGE_LOOP('',(#16604,#16614,#16622,#16630));
#16604 = ORIENTED_EDGE('',*,*,#16605,.F.);
#16605 = EDGE_CURVE('',#16606,#16608,#16610,.T.);
#16606 = VERTEX_POINT('',#16607);
#16607 = CARTESIAN_POINT('',(9.,262.,1.599E+03));
#16608 = VERTEX_POINT('',#16609);
#16609 = CARTESIAN_POINT('',(9.,262.,2.291E+03));
#16610 = LINE('',#16611,#16612);
#16611 = CARTESIAN_POINT('',(9.,262.,1.599E+03));
#16612 = VECTOR('',#16613,1.);
#16613 = DIRECTION('',(0.,0.,1.));
#16614 = ORIENTED_EDGE('',*,*,#16615,.T.);
#16615 = EDGE_CURVE('',#16606,#16616,#16618,.T.);
#16616 = VERTEX_POINT('',#16617);
#16617 = CARTESIAN_POINT('',(9.,280.,1.599E+03));
#16618 = LINE('',#16619,#16620);
#16619 = CARTESIAN_POINT('',(9.,262.,1.599E+03));
#16620 = VECTOR('',#16621,1.);
#16621 = DIRECTION('',(0.,1.,0.));
#16622 = ORIENTED_EDGE('',*,*,#16623,.T.);
#16623 = EDGE_CURVE('',#16616,#16624,#16626,.T.);
#16624 = VERTEX_POINT('',#16625);
#16625 = CARTESIAN_POINT('',(9.,280.,2.291E+03));
#16626 = LINE('',#16627,#16628);
#16627 = CARTESIAN_POINT('',(9.,280.,1.599E+03));
#16628 = VECTOR('',#16629,1.);
#16629 = DIRECTION('',(0.,0.,1.));
#16630 = ORIENTED_EDGE('',*,*,#16631,.F.);
#16631 = EDGE_CURVE('',#16608,#16624,#16632,.T.);
#16632 = LINE('',#16633,#16634);
#16633 = CARTESIAN_POINT('',(9.,262.,2.291E+03));
#16634 = VECTOR('',#16635,1.);
#16635 = DIRECTION('',(0.,1.,0.));
#16636 = PLANE('',#16637);
#16637 = AXIS2_PLACEMENT_3D('',#16638,#16639,#16640);
#16638 = CARTESIAN_POINT('',(9.,262.,1.599E+03));
#16639 = DIRECTION('',(1.,0.,0.));
#16640 = DIRECTION('',(0.,0.,1.));
#16641 = ADVANCED_FACE('',(#16642),#16676,.T.);
#16642 = FACE_BOUND('',#16643,.T.);
#16643 = EDGE_LOOP('',(#16644,#16654,#16662,#16670));
#16644 = ORIENTED_EDGE('',*,*,#16645,.F.);
#16645 = EDGE_CURVE('',#16646,#16648,#16650,.T.);
#16646 = VERTEX_POINT('',#16647);
#16647 = CARTESIAN_POINT('',(450.5,262.,1.599E+03));
#16648 = VERTEX_POINT('',#16649);
#16649 = CARTESIAN_POINT('',(450.5,262.,2.291E+03));
#16650 = LINE('',#16651,#16652);
#16651 = CARTESIAN_POINT('',(450.5,262.,1.599E+03));
#16652 = VECTOR('',#16653,1.);
#16653 = DIRECTION('',(0.,0.,1.));
#16654 = ORIENTED_EDGE('',*,*,#16655,.T.);
#16655 = EDGE_CURVE('',#16646,#16656,#16658,.T.);
#16656 = VERTEX_POINT('',#16657);
#16657 = CARTESIAN_POINT('',(450.5,280.,1.599E+03));
#16658 = LINE('',#16659,#16660);
#16659 = CARTESIAN_POINT('',(450.5,262.,1.599E+03));
#16660 = VECTOR('',#16661,1.);
#16661 = DIRECTION('',(0.,1.,0.));
#16662 = ORIENTED_EDGE('',*,*,#16663,.T.);
#16663 = EDGE_CURVE('',#16656,#16664,#16666,.T.);
#16664 = VERTEX_POINT('',#16665);
#16665 = CARTESIAN_POINT('',(450.5,280.,2.291E+03));
#16666 = LINE('',#16667,#16668);
#16667 = CARTESIAN_POINT('',(450.5,280.,1.599E+03));
#16668 = VECTOR('',#16669,1.);
#16669 = DIRECTION('',(0.,0.,1.));
#16670 = ORIENTED_EDGE('',*,*,#16671,.F.);
#16671 = EDGE_CURVE('',#16648,#16664,#16672,.T.);
#16672 = LINE('',#16673,#16674);
#16673 = CARTESIAN_POINT('',(450.5,262.,2.291E+03));
#16674 = VECTOR('',#16675,1.);
#16675 = DIRECTION('',(0.,1.,0.));
#16676 = PLANE('',#16677);
#16677 = AXIS2_PLACEMENT_3D('',#16678,#16679,#16680);
#16678 = CARTESIAN_POINT('',(450.5,262.,1.599E+03));
#16679 = DIRECTION('',(1.,0.,0.));
#16680 = DIRECTION('',(0.,0.,1.));
#16681 = ADVANCED_FACE('',(#16682),#16698,.F.);
#16682 = FACE_BOUND('',#16683,.F.);
#16683 = EDGE_LOOP('',(#16684,#16690,#16691,#16697));
#16684 = ORIENTED_EDGE('',*,*,#16685,.F.);
#16685 = EDGE_CURVE('',#16606,#16646,#16686,.T.);
#16686 = LINE('',#16687,#16688);
#16687 = CARTESIAN_POINT('',(9.,262.,1.599E+03));
#16688 = VECTOR('',#16689,1.);
#16689 = DIRECTION('',(1.,0.,0.));
#16690 = ORIENTED_EDGE('',*,*,#16605,.T.);
#16691 = ORIENTED_EDGE('',*,*,#16692,.T.);
#16692 = EDGE_CURVE('',#16608,#16648,#16693,.T.);
#16693 = LINE('',#16694,#16695);
#16694 = CARTESIAN_POINT('',(9.,262.,2.291E+03));
#16695 = VECTOR('',#16696,1.);
#16696 = DIRECTION('',(1.,0.,0.));
#16697 = ORIENTED_EDGE('',*,*,#16645,.F.);
#16698 = PLANE('',#16699);
#16699 = AXIS2_PLACEMENT_3D('',#16700,#16701,#16702);
#16700 = CARTESIAN_POINT('',(9.,262.,1.599E+03));
#16701 = DIRECTION('',(0.,1.,0.));
#16702 = DIRECTION('',(0.,0.,1.));
#16703 = ADVANCED_FACE('',(#16704),#16720,.T.);
#16704 = FACE_BOUND('',#16705,.T.);
#16705 = EDGE_LOOP('',(#16706,#16712,#16713,#16719));
#16706 = ORIENTED_EDGE('',*,*,#16707,.F.);
#16707 = EDGE_CURVE('',#16616,#16656,#16708,.T.);
#16708 = LINE('',#16709,#16710);
#16709 = CARTESIAN_POINT('',(9.,280.,1.599E+03));
#16710 = VECTOR('',#16711,1.);
#16711 = DIRECTION('',(1.,0.,0.));
#16712 = ORIENTED_EDGE('',*,*,#16623,.T.);
#16713 = ORIENTED_EDGE('',*,*,#16714,.T.);
#16714 = EDGE_CURVE('',#16624,#16664,#16715,.T.);
#16715 = LINE('',#16716,#16717);
#16716 = CARTESIAN_POINT('',(9.,280.,2.291E+03));
#16717 = VECTOR('',#16718,1.);
#16718 = DIRECTION('',(1.,0.,0.));
#16719 = ORIENTED_EDGE('',*,*,#16663,.F.);
#16720 = PLANE('',#16721);
#16721 = AXIS2_PLACEMENT_3D('',#16722,#16723,#16724);
#16722 = CARTESIAN_POINT('',(9.,280.,1.599E+03));
#16723 = DIRECTION('',(0.,1.,0.));
#16724 = DIRECTION('',(0.,0.,1.));
#16725 = ADVANCED_FACE('',(#16726),#16732,.F.);
#16726 = FACE_BOUND('',#16727,.F.);
#16727 = EDGE_LOOP('',(#16728,#16729,#16730,#16731));
#16728 = ORIENTED_EDGE('',*,*,#16615,.F.);
#16729 = ORIENTED_EDGE('',*,*,#16685,.T.);
#16730 = ORIENTED_EDGE('',*,*,#16655,.T.);
#16731 = ORIENTED_EDGE('',*,*,#16707,.F.);
#16732 = PLANE('',#16733);
#16733 = AXIS2_PLACEMENT_3D('',#16734,#16735,#16736);
#16734 = CARTESIAN_POINT('',(9.,262.,1.599E+03));
#16735 = DIRECTION('',(0.,0.,1.));
#16736 = DIRECTION('',(1.,0.,0.));
#16737 = ADVANCED_FACE('',(#16738),#16744,.T.);
#16738 = FACE_BOUND('',#16739,.T.);
#16739 = EDGE_LOOP('',(#16740,#16741,#16742,#16743));
#16740 = ORIENTED_EDGE('',*,*,#16631,.F.);
#16741 = ORIENTED_EDGE('',*,*,#16692,.T.);
#16742 = ORIENTED_EDGE('',*,*,#16671,.T.);
#16743 = ORIENTED_EDGE('',*,*,#16714,.F.);
#16744 = PLANE('',#16745);
#16745 = AXIS2_PLACEMENT_3D('',#16746,#16747,#16748);
#16746 = CARTESIAN_POINT('',(9.,262.,2.291E+03));
#16747 = DIRECTION('',(0.,0.,1.));
#16748 = DIRECTION('',(1.,0.,0.));
#16749 = MANIFOLD_SOLID_BREP('',#16750);
#16750 = CLOSED_SHELL('',(#16751,#16791,#16831,#16853,#16875,#16887));
#16751 = ADVANCED_FACE('',(#16752),#16786,.F.);
#16752 = FACE_BOUND('',#16753,.F.);
#16753 = EDGE_LOOP('',(#16754,#16764,#16772,#16780));
#16754 = ORIENTED_EDGE('',*,*,#16755,.F.);
#16755 = EDGE_CURVE('',#16756,#16758,#16760,.T.);
#16756 = VERTEX_POINT('',#16757);
#16757 = CARTESIAN_POINT('',(452.5,262.,1.599E+03));
#16758 = VERTEX_POINT('',#16759);
#16759 = CARTESIAN_POINT('',(452.5,262.,2.291E+03));
#16760 = LINE('',#16761,#16762);
#16761 = CARTESIAN_POINT('',(452.5,262.,1.599E+03));
#16762 = VECTOR('',#16763,1.);
#16763 = DIRECTION('',(0.,0.,1.));
#16764 = ORIENTED_EDGE('',*,*,#16765,.T.);
#16765 = EDGE_CURVE('',#16756,#16766,#16768,.T.);
#16766 = VERTEX_POINT('',#16767);
#16767 = CARTESIAN_POINT('',(452.5,280.,1.599E+03));
#16768 = LINE('',#16769,#16770);
#16769 = CARTESIAN_POINT('',(452.5,262.,1.599E+03));
#16770 = VECTOR('',#16771,1.);
#16771 = DIRECTION('',(0.,1.,0.));
#16772 = ORIENTED_EDGE('',*,*,#16773,.T.);
#16773 = EDGE_CURVE('',#16766,#16774,#16776,.T.);
#16774 = VERTEX_POINT('',#16775);
#16775 = CARTESIAN_POINT('',(452.5,280.,2.291E+03));
#16776 = LINE('',#16777,#16778);
#16777 = CARTESIAN_POINT('',(452.5,280.,1.599E+03));
#16778 = VECTOR('',#16779,1.);
#16779 = DIRECTION('',(0.,0.,1.));
#16780 = ORIENTED_EDGE('',*,*,#16781,.F.);
#16781 = EDGE_CURVE('',#16758,#16774,#16782,.T.);
#16782 = LINE('',#16783,#16784);
#16783 = CARTESIAN_POINT('',(452.5,262.,2.291E+03));
#16784 = VECTOR('',#16785,1.);
#16785 = DIRECTION('',(0.,1.,0.));
#16786 = PLANE('',#16787);
#16787 = AXIS2_PLACEMENT_3D('',#16788,#16789,#16790);
#16788 = CARTESIAN_POINT('',(452.5,262.,1.599E+03));
#16789 = DIRECTION('',(1.,0.,0.));
#16790 = DIRECTION('',(0.,0.,1.));
#16791 = ADVANCED_FACE('',(#16792),#16826,.T.);
#16792 = FACE_BOUND('',#16793,.T.);
#16793 = EDGE_LOOP('',(#16794,#16804,#16812,#16820));
#16794 = ORIENTED_EDGE('',*,*,#16795,.F.);
#16795 = EDGE_CURVE('',#16796,#16798,#16800,.T.);
#16796 = VERTEX_POINT('',#16797);
#16797 = CARTESIAN_POINT('',(894.,262.,1.599E+03));
#16798 = VERTEX_POINT('',#16799);
#16799 = CARTESIAN_POINT('',(894.,262.,2.291E+03));
#16800 = LINE('',#16801,#16802);
#16801 = CARTESIAN_POINT('',(894.,262.,1.599E+03));
#16802 = VECTOR('',#16803,1.);
#16803 = DIRECTION('',(0.,0.,1.));
#16804 = ORIENTED_EDGE('',*,*,#16805,.T.);
#16805 = EDGE_CURVE('',#16796,#16806,#16808,.T.);
#16806 = VERTEX_POINT('',#16807);
#16807 = CARTESIAN_POINT('',(894.,280.,1.599E+03));
#16808 = LINE('',#16809,#16810);
#16809 = CARTESIAN_POINT('',(894.,262.,1.599E+03));
#16810 = VECTOR('',#16811,1.);
#16811 = DIRECTION('',(0.,1.,0.));
#16812 = ORIENTED_EDGE('',*,*,#16813,.T.);
#16813 = EDGE_CURVE('',#16806,#16814,#16816,.T.);
#16814 = VERTEX_POINT('',#16815);
#16815 = CARTESIAN_POINT('',(894.,280.,2.291E+03));
#16816 = LINE('',#16817,#16818);
#16817 = CARTESIAN_POINT('',(894.,280.,1.599E+03));
#16818 = VECTOR('',#16819,1.);
#16819 = DIRECTION('',(0.,0.,1.));
#16820 = ORIENTED_EDGE('',*,*,#16821,.F.);
#16821 = EDGE_CURVE('',#16798,#16814,#16822,.T.);
#16822 = LINE('',#16823,#16824);
#16823 = CARTESIAN_POINT('',(894.,262.,2.291E+03));
#16824 = VECTOR('',#16825,1.);
#16825 = DIRECTION('',(0.,1.,0.));
#16826 = PLANE('',#16827);
#16827 = AXIS2_PLACEMENT_3D('',#16828,#16829,#16830);
#16828 = CARTESIAN_POINT('',(894.,262.,1.599E+03));
#16829 = DIRECTION('',(1.,0.,0.));
#16830 = DIRECTION('',(0.,0.,1.));
#16831 = ADVANCED_FACE('',(#16832),#16848,.F.);
#16832 = FACE_BOUND('',#16833,.F.);
#16833 = EDGE_LOOP('',(#16834,#16840,#16841,#16847));
#16834 = ORIENTED_EDGE('',*,*,#16835,.F.);
#16835 = EDGE_CURVE('',#16756,#16796,#16836,.T.);
#16836 = LINE('',#16837,#16838);
#16837 = CARTESIAN_POINT('',(452.5,262.,1.599E+03));
#16838 = VECTOR('',#16839,1.);
#16839 = DIRECTION('',(1.,0.,0.));
#16840 = ORIENTED_EDGE('',*,*,#16755,.T.);
#16841 = ORIENTED_EDGE('',*,*,#16842,.T.);
#16842 = EDGE_CURVE('',#16758,#16798,#16843,.T.);
#16843 = LINE('',#16844,#16845);
#16844 = CARTESIAN_POINT('',(452.5,262.,2.291E+03));
#16845 = VECTOR('',#16846,1.);
#16846 = DIRECTION('',(1.,0.,0.));
#16847 = ORIENTED_EDGE('',*,*,#16795,.F.);
#16848 = PLANE('',#16849);
#16849 = AXIS2_PLACEMENT_3D('',#16850,#16851,#16852);
#16850 = CARTESIAN_POINT('',(452.5,262.,1.599E+03));
#16851 = DIRECTION('',(0.,1.,0.));
#16852 = DIRECTION('',(0.,0.,1.));
#16853 = ADVANCED_FACE('',(#16854),#16870,.T.);
#16854 = FACE_BOUND('',#16855,.T.);
#16855 = EDGE_LOOP('',(#16856,#16862,#16863,#16869));
#16856 = ORIENTED_EDGE('',*,*,#16857,.F.);
#16857 = EDGE_CURVE('',#16766,#16806,#16858,.T.);
#16858 = LINE('',#16859,#16860);
#16859 = CARTESIAN_POINT('',(452.5,280.,1.599E+03));
#16860 = VECTOR('',#16861,1.);
#16861 = DIRECTION('',(1.,0.,0.));
#16862 = ORIENTED_EDGE('',*,*,#16773,.T.);
#16863 = ORIENTED_EDGE('',*,*,#16864,.T.);
#16864 = EDGE_CURVE('',#16774,#16814,#16865,.T.);
#16865 = LINE('',#16866,#16867);
#16866 = CARTESIAN_POINT('',(452.5,280.,2.291E+03));
#16867 = VECTOR('',#16868,1.);
#16868 = DIRECTION('',(1.,0.,0.));
#16869 = ORIENTED_EDGE('',*,*,#16813,.F.);
#16870 = PLANE('',#16871);
#16871 = AXIS2_PLACEMENT_3D('',#16872,#16873,#16874);
#16872 = CARTESIAN_POINT('',(452.5,280.,1.599E+03));
#16873 = DIRECTION('',(0.,1.,0.));
#16874 = DIRECTION('',(0.,0.,1.));
#16875 = ADVANCED_FACE('',(#16876),#16882,.F.);
#16876 = FACE_BOUND('',#16877,.F.);
#16877 = EDGE_LOOP('',(#16878,#16879,#16880,#16881));
#16878 = ORIENTED_EDGE('',*,*,#16765,.F.);
#16879 = ORIENTED_EDGE('',*,*,#16835,.T.);
#16880 = ORIENTED_EDGE('',*,*,#16805,.T.);
#16881 = ORIENTED_EDGE('',*,*,#16857,.F.);
#16882 = PLANE('',#16883);
#16883 = AXIS2_PLACEMENT_3D('',#16884,#16885,#16886);
#16884 = CARTESIAN_POINT('',(452.5,262.,1.599E+03));
#16885 = DIRECTION('',(0.,0.,1.));
#16886 = DIRECTION('',(1.,0.,0.));
#16887 = ADVANCED_FACE('',(#16888),#16894,.T.);
#16888 = FACE_BOUND('',#16889,.T.);
#16889 = EDGE_LOOP('',(#16890,#16891,#16892,#16893));
#16890 = ORIENTED_EDGE('',*,*,#16781,.F.);
#16891 = ORIENTED_EDGE('',*,*,#16842,.T.);
#16892 = ORIENTED_EDGE('',*,*,#16821,.T.);
#16893 = ORIENTED_EDGE('',*,*,#16864,.F.);
#16894 = PLANE('',#16895);
#16895 = AXIS2_PLACEMENT_3D('',#16896,#16897,#16898);
#16896 = CARTESIAN_POINT('',(452.5,262.,2.291E+03));
#16897 = DIRECTION('',(0.,0.,1.));
#16898 = DIRECTION('',(1.,0.,0.));
#16899 = MANIFOLD_SOLID_BREP('',#16900);
#16900 = CLOSED_SHELL('',(#16901,#16941,#16981,#17003,#17025,#17037));
#16901 = ADVANCED_FACE('',(#16902),#16936,.F.);
#16902 = FACE_BOUND('',#16903,.F.);
#16903 = EDGE_LOOP('',(#16904,#16914,#16922,#16930));
#16904 = ORIENTED_EDGE('',*,*,#16905,.F.);
#16905 = EDGE_CURVE('',#16906,#16908,#16910,.T.);
#16906 = VERTEX_POINT('',#16907);
#16907 = CARTESIAN_POINT('',(0.,260.,1.59E+03));
#16908 = VERTEX_POINT('',#16909);
#16909 = CARTESIAN_POINT('',(0.,260.,1.615E+03));
#16910 = LINE('',#16911,#16912);
#16911 = CARTESIAN_POINT('',(0.,260.,1.59E+03));
#16912 = VECTOR('',#16913,1.);
#16913 = DIRECTION('',(0.,0.,1.));
#16914 = ORIENTED_EDGE('',*,*,#16915,.T.);
#16915 = EDGE_CURVE('',#16906,#16916,#16918,.T.);
#16916 = VERTEX_POINT('',#16917);
#16917 = CARTESIAN_POINT('',(0.,280.,1.59E+03));
#16918 = LINE('',#16919,#16920);
#16919 = CARTESIAN_POINT('',(0.,260.,1.59E+03));
#16920 = VECTOR('',#16921,1.);
#16921 = DIRECTION('',(0.,1.,0.));
#16922 = ORIENTED_EDGE('',*,*,#16923,.T.);
#16923 = EDGE_CURVE('',#16916,#16924,#16926,.T.);
#16924 = VERTEX_POINT('',#16925);
#16925 = CARTESIAN_POINT('',(0.,280.,1.615E+03));
#16926 = LINE('',#16927,#16928);
#16927 = CARTESIAN_POINT('',(0.,280.,1.59E+03));
#16928 = VECTOR('',#16929,1.);
#16929 = DIRECTION('',(0.,0.,1.));
#16930 = ORIENTED_EDGE('',*,*,#16931,.F.);
#16931 = EDGE_CURVE('',#16908,#16924,#16932,.T.);
#16932 = LINE('',#16933,#16934);
#16933 = CARTESIAN_POINT('',(0.,260.,1.615E+03));
#16934 = VECTOR('',#16935,1.);
#16935 = DIRECTION('',(0.,1.,0.));
#16936 = PLANE('',#16937);
#16937 = AXIS2_PLACEMENT_3D('',#16938,#16939,#16940);
#16938 = CARTESIAN_POINT('',(0.,260.,1.59E+03));
#16939 = DIRECTION('',(1.,0.,0.));
#16940 = DIRECTION('',(0.,0.,1.));
#16941 = ADVANCED_FACE('',(#16942),#16976,.T.);
#16942 = FACE_BOUND('',#16943,.T.);
#16943 = EDGE_LOOP('',(#16944,#16954,#16962,#16970));
#16944 = ORIENTED_EDGE('',*,*,#16945,.F.);
#16945 = EDGE_CURVE('',#16946,#16948,#16950,.T.);
#16946 = VERTEX_POINT('',#16947);
#16947 = CARTESIAN_POINT('',(903.,260.,1.59E+03));
#16948 = VERTEX_POINT('',#16949);
#16949 = CARTESIAN_POINT('',(903.,260.,1.615E+03));
#16950 = LINE('',#16951,#16952);
#16951 = CARTESIAN_POINT('',(903.,260.,1.59E+03));
#16952 = VECTOR('',#16953,1.);
#16953 = DIRECTION('',(0.,0.,1.));
#16954 = ORIENTED_EDGE('',*,*,#16955,.T.);
#16955 = EDGE_CURVE('',#16946,#16956,#16958,.T.);
#16956 = VERTEX_POINT('',#16957);
#16957 = CARTESIAN_POINT('',(903.,280.,1.59E+03));
#16958 = LINE('',#16959,#16960);
#16959 = CARTESIAN_POINT('',(903.,260.,1.59E+03));
#16960 = VECTOR('',#16961,1.);
#16961 = DIRECTION('',(0.,1.,0.));
#16962 = ORIENTED_EDGE('',*,*,#16963,.T.);
#16963 = EDGE_CURVE('',#16956,#16964,#16966,.T.);
#16964 = VERTEX_POINT('',#16965);
#16965 = CARTESIAN_POINT('',(903.,280.,1.615E+03));
#16966 = LINE('',#16967,#16968);
#16967 = CARTESIAN_POINT('',(903.,280.,1.59E+03));
#16968 = VECTOR('',#16969,1.);
#16969 = DIRECTION('',(0.,0.,1.));
#16970 = ORIENTED_EDGE('',*,*,#16971,.F.);
#16971 = EDGE_CURVE('',#16948,#16964,#16972,.T.);
#16972 = LINE('',#16973,#16974);
#16973 = CARTESIAN_POINT('',(903.,260.,1.615E+03));
#16974 = VECTOR('',#16975,1.);
#16975 = DIRECTION('',(0.,1.,0.));
#16976 = PLANE('',#16977);
#16977 = AXIS2_PLACEMENT_3D('',#16978,#16979,#16980);
#16978 = CARTESIAN_POINT('',(903.,260.,1.59E+03));
#16979 = DIRECTION('',(1.,0.,0.));
#16980 = DIRECTION('',(0.,0.,1.));
#16981 = ADVANCED_FACE('',(#16982),#16998,.F.);
#16982 = FACE_BOUND('',#16983,.F.);
#16983 = EDGE_LOOP('',(#16984,#16990,#16991,#16997));
#16984 = ORIENTED_EDGE('',*,*,#16985,.F.);
#16985 = EDGE_CURVE('',#16906,#16946,#16986,.T.);
#16986 = LINE('',#16987,#16988);
#16987 = CARTESIAN_POINT('',(0.,260.,1.59E+03));
#16988 = VECTOR('',#16989,1.);
#16989 = DIRECTION('',(1.,0.,0.));
#16990 = ORIENTED_EDGE('',*,*,#16905,.T.);
#16991 = ORIENTED_EDGE('',*,*,#16992,.T.);
#16992 = EDGE_CURVE('',#16908,#16948,#16993,.T.);
#16993 = LINE('',#16994,#16995);
#16994 = CARTESIAN_POINT('',(0.,260.,1.615E+03));
#16995 = VECTOR('',#16996,1.);
#16996 = DIRECTION('',(1.,0.,0.));
#16997 = ORIENTED_EDGE('',*,*,#16945,.F.);
#16998 = PLANE('',#16999);
#16999 = AXIS2_PLACEMENT_3D('',#17000,#17001,#17002);
#17000 = CARTESIAN_POINT('',(0.,260.,1.59E+03));
#17001 = DIRECTION('',(0.,1.,0.));
#17002 = DIRECTION('',(0.,0.,1.));
#17003 = ADVANCED_FACE('',(#17004),#17020,.T.);
#17004 = FACE_BOUND('',#17005,.T.);
#17005 = EDGE_LOOP('',(#17006,#17012,#17013,#17019));
#17006 = ORIENTED_EDGE('',*,*,#17007,.F.);
#17007 = EDGE_CURVE('',#16916,#16956,#17008,.T.);
#17008 = LINE('',#17009,#17010);
#17009 = CARTESIAN_POINT('',(0.,280.,1.59E+03));
#17010 = VECTOR('',#17011,1.);
#17011 = DIRECTION('',(1.,0.,0.));
#17012 = ORIENTED_EDGE('',*,*,#16923,.T.);
#17013 = ORIENTED_EDGE('',*,*,#17014,.T.);
#17014 = EDGE_CURVE('',#16924,#16964,#17015,.T.);
#17015 = LINE('',#17016,#17017);
#17016 = CARTESIAN_POINT('',(0.,280.,1.615E+03));
#17017 = VECTOR('',#17018,1.);
#17018 = DIRECTION('',(1.,0.,0.));
#17019 = ORIENTED_EDGE('',*,*,#16963,.F.);
#17020 = PLANE('',#17021);
#17021 = AXIS2_PLACEMENT_3D('',#17022,#17023,#17024);
#17022 = CARTESIAN_POINT('',(0.,280.,1.59E+03));
#17023 = DIRECTION('',(0.,1.,0.));
#17024 = DIRECTION('',(0.,0.,1.));
#17025 = ADVANCED_FACE('',(#17026),#17032,.F.);
#17026 = FACE_BOUND('',#17027,.F.);
#17027 = EDGE_LOOP('',(#17028,#17029,#17030,#17031));
#17028 = ORIENTED_EDGE('',*,*,#16915,.F.);
#17029 = ORIENTED_EDGE('',*,*,#16985,.T.);
#17030 = ORIENTED_EDGE('',*,*,#16955,.T.);
#17031 = ORIENTED_EDGE('',*,*,#17007,.F.);
#17032 = PLANE('',#17033);
#17033 = AXIS2_PLACEMENT_3D('',#17034,#17035,#17036);
#17034 = CARTESIAN_POINT('',(0.,260.,1.59E+03));
#17035 = DIRECTION('',(0.,0.,1.));
#17036 = DIRECTION('',(1.,0.,0.));
#17037 = ADVANCED_FACE('',(#17038),#17044,.T.);
#17038 = FACE_BOUND('',#17039,.T.);
#17039 = EDGE_LOOP('',(#17040,#17041,#17042,#17043));
#17040 = ORIENTED_EDGE('',*,*,#16931,.F.);
#17041 = ORIENTED_EDGE('',*,*,#16992,.T.);
#17042 = ORIENTED_EDGE('',*,*,#16971,.T.);
#17043 = ORIENTED_EDGE('',*,*,#17014,.F.);
#17044 = PLANE('',#17045);
#17045 = AXIS2_PLACEMENT_3D('',#17046,#17047,#17048);
#17046 = CARTESIAN_POINT('',(0.,260.,1.615E+03));
#17047 = DIRECTION('',(0.,0.,1.));
#17048 = DIRECTION('',(1.,0.,0.));
#17049 = MANIFOLD_SOLID_BREP('',#17050);
#17050 = CLOSED_SHELL('',(#17051,#17091,#17131,#17153,#17175,#17187));
#17051 = ADVANCED_FACE('',(#17052),#17086,.F.);
#17052 = FACE_BOUND('',#17053,.F.);
#17053 = EDGE_LOOP('',(#17054,#17064,#17072,#17080));
#17054 = ORIENTED_EDGE('',*,*,#17055,.F.);
#17055 = EDGE_CURVE('',#17056,#17058,#17060,.T.);
#17056 = VERTEX_POINT('',#17057);
#17057 = CARTESIAN_POINT('',(9.,262.,1.5E+03));
#17058 = VERTEX_POINT('',#17059);
#17059 = CARTESIAN_POINT('',(9.,262.,1.59E+03));
#17060 = LINE('',#17061,#17062);
#17061 = CARTESIAN_POINT('',(9.,262.,1.5E+03));
#17062 = VECTOR('',#17063,1.);
#17063 = DIRECTION('',(0.,0.,1.));
#17064 = ORIENTED_EDGE('',*,*,#17065,.T.);
#17065 = EDGE_CURVE('',#17056,#17066,#17068,.T.);
#17066 = VERTEX_POINT('',#17067);
#17067 = CARTESIAN_POINT('',(9.,280.,1.5E+03));
#17068 = LINE('',#17069,#17070);
#17069 = CARTESIAN_POINT('',(9.,262.,1.5E+03));
#17070 = VECTOR('',#17071,1.);
#17071 = DIRECTION('',(0.,1.,0.));
#17072 = ORIENTED_EDGE('',*,*,#17073,.T.);
#17073 = EDGE_CURVE('',#17066,#17074,#17076,.T.);
#17074 = VERTEX_POINT('',#17075);
#17075 = CARTESIAN_POINT('',(9.,280.,1.59E+03));
#17076 = LINE('',#17077,#17078);
#17077 = CARTESIAN_POINT('',(9.,280.,1.5E+03));
#17078 = VECTOR('',#17079,1.);
#17079 = DIRECTION('',(0.,0.,1.));
#17080 = ORIENTED_EDGE('',*,*,#17081,.F.);
#17081 = EDGE_CURVE('',#17058,#17074,#17082,.T.);
#17082 = LINE('',#17083,#17084);
#17083 = CARTESIAN_POINT('',(9.,262.,1.59E+03));
#17084 = VECTOR('',#17085,1.);
#17085 = DIRECTION('',(0.,1.,0.));
#17086 = PLANE('',#17087);
#17087 = AXIS2_PLACEMENT_3D('',#17088,#17089,#17090);
#17088 = CARTESIAN_POINT('',(9.,262.,1.5E+03));
#17089 = DIRECTION('',(1.,0.,0.));
#17090 = DIRECTION('',(0.,0.,1.));
#17091 = ADVANCED_FACE('',(#17092),#17126,.T.);
#17092 = FACE_BOUND('',#17093,.T.);
#17093 = EDGE_LOOP('',(#17094,#17104,#17112,#17120));
#17094 = ORIENTED_EDGE('',*,*,#17095,.F.);
#17095 = EDGE_CURVE('',#17096,#17098,#17100,.T.);
#17096 = VERTEX_POINT('',#17097);
#17097 = CARTESIAN_POINT('',(894.,262.,1.5E+03));
#17098 = VERTEX_POINT('',#17099);
#17099 = CARTESIAN_POINT('',(894.,262.,1.59E+03));
#17100 = LINE('',#17101,#17102);
#17101 = CARTESIAN_POINT('',(894.,262.,1.5E+03));
#17102 = VECTOR('',#17103,1.);
#17103 = DIRECTION('',(0.,0.,1.));
#17104 = ORIENTED_EDGE('',*,*,#17105,.T.);
#17105 = EDGE_CURVE('',#17096,#17106,#17108,.T.);
#17106 = VERTEX_POINT('',#17107);
#17107 = CARTESIAN_POINT('',(894.,280.,1.5E+03));
#17108 = LINE('',#17109,#17110);
#17109 = CARTESIAN_POINT('',(894.,262.,1.5E+03));
#17110 = VECTOR('',#17111,1.);
#17111 = DIRECTION('',(0.,1.,0.));
#17112 = ORIENTED_EDGE('',*,*,#17113,.T.);
#17113 = EDGE_CURVE('',#17106,#17114,#17116,.T.);
#17114 = VERTEX_POINT('',#17115);
#17115 = CARTESIAN_POINT('',(894.,280.,1.59E+03));
#17116 = LINE('',#17117,#17118);
#17117 = CARTESIAN_POINT('',(894.,280.,1.5E+03));
#17118 = VECTOR('',#17119,1.);
#17119 = DIRECTION('',(0.,0.,1.));
#17120 = ORIENTED_EDGE('',*,*,#17121,.F.);
#17121 = EDGE_CURVE('',#17098,#17114,#17122,.T.);
#17122 = LINE('',#17123,#17124);
#17123 = CARTESIAN_POINT('',(894.,262.,1.59E+03));
#17124 = VECTOR('',#17125,1.);
#17125 = DIRECTION('',(0.,1.,0.));
#17126 = PLANE('',#17127);
#17127 = AXIS2_PLACEMENT_3D('',#17128,#17129,#17130);
#17128 = CARTESIAN_POINT('',(894.,262.,1.5E+03));
#17129 = DIRECTION('',(1.,0.,0.));
#17130 = DIRECTION('',(0.,0.,1.));
#17131 = ADVANCED_FACE('',(#17132),#17148,.F.);
#17132 = FACE_BOUND('',#17133,.F.);
#17133 = EDGE_LOOP('',(#17134,#17140,#17141,#17147));
#17134 = ORIENTED_EDGE('',*,*,#17135,.F.);
#17135 = EDGE_CURVE('',#17056,#17096,#17136,.T.);
#17136 = LINE('',#17137,#17138);
#17137 = CARTESIAN_POINT('',(9.,262.,1.5E+03));
#17138 = VECTOR('',#17139,1.);
#17139 = DIRECTION('',(1.,0.,0.));
#17140 = ORIENTED_EDGE('',*,*,#17055,.T.);
#17141 = ORIENTED_EDGE('',*,*,#17142,.T.);
#17142 = EDGE_CURVE('',#17058,#17098,#17143,.T.);
#17143 = LINE('',#17144,#17145);
#17144 = CARTESIAN_POINT('',(9.,262.,1.59E+03));
#17145 = VECTOR('',#17146,1.);
#17146 = DIRECTION('',(1.,0.,0.));
#17147 = ORIENTED_EDGE('',*,*,#17095,.F.);
#17148 = PLANE('',#17149);
#17149 = AXIS2_PLACEMENT_3D('',#17150,#17151,#17152);
#17150 = CARTESIAN_POINT('',(9.,262.,1.5E+03));
#17151 = DIRECTION('',(0.,1.,0.));
#17152 = DIRECTION('',(0.,0.,1.));
#17153 = ADVANCED_FACE('',(#17154),#17170,.T.);
#17154 = FACE_BOUND('',#17155,.T.);
#17155 = EDGE_LOOP('',(#17156,#17162,#17163,#17169));
#17156 = ORIENTED_EDGE('',*,*,#17157,.F.);
#17157 = EDGE_CURVE('',#17066,#17106,#17158,.T.);
#17158 = LINE('',#17159,#17160);
#17159 = CARTESIAN_POINT('',(9.,280.,1.5E+03));
#17160 = VECTOR('',#17161,1.);
#17161 = DIRECTION('',(1.,0.,0.));
#17162 = ORIENTED_EDGE('',*,*,#17073,.T.);
#17163 = ORIENTED_EDGE('',*,*,#17164,.T.);
#17164 = EDGE_CURVE('',#17074,#17114,#17165,.T.);
#17165 = LINE('',#17166,#17167);
#17166 = CARTESIAN_POINT('',(9.,280.,1.59E+03));
#17167 = VECTOR('',#17168,1.);
#17168 = DIRECTION('',(1.,0.,0.));
#17169 = ORIENTED_EDGE('',*,*,#17113,.F.);
#17170 = PLANE('',#17171);
#17171 = AXIS2_PLACEMENT_3D('',#17172,#17173,#17174);
#17172 = CARTESIAN_POINT('',(9.,280.,1.5E+03));
#17173 = DIRECTION('',(0.,1.,0.));
#17174 = DIRECTION('',(0.,0.,1.));
#17175 = ADVANCED_FACE('',(#17176),#17182,.F.);
#17176 = FACE_BOUND('',#17177,.F.);
#17177 = EDGE_LOOP('',(#17178,#17179,#17180,#17181));
#17178 = ORIENTED_EDGE('',*,*,#17065,.F.);
#17179 = ORIENTED_EDGE('',*,*,#17135,.T.);
#17180 = ORIENTED_EDGE('',*,*,#17105,.T.);
#17181 = ORIENTED_EDGE('',*,*,#17157,.F.);
#17182 = PLANE('',#17183);
#17183 = AXIS2_PLACEMENT_3D('',#17184,#17185,#17186);
#17184 = CARTESIAN_POINT('',(9.,262.,1.5E+03));
#17185 = DIRECTION('',(0.,0.,1.));
#17186 = DIRECTION('',(1.,0.,0.));
#17187 = ADVANCED_FACE('',(#17188),#17194,.T.);
#17188 = FACE_BOUND('',#17189,.T.);
#17189 = EDGE_LOOP('',(#17190,#17191,#17192,#17193));
#17190 = ORIENTED_EDGE('',*,*,#17081,.F.);
#17191 = ORIENTED_EDGE('',*,*,#17142,.T.);
#17192 = ORIENTED_EDGE('',*,*,#17121,.T.);
#17193 = ORIENTED_EDGE('',*,*,#17164,.F.);
#17194 = PLANE('',#17195);
#17195 = AXIS2_PLACEMENT_3D('',#17196,#17197,#17198);
#17196 = CARTESIAN_POINT('',(9.,262.,1.59E+03));
#17197 = DIRECTION('',(0.,0.,1.));
#17198 = DIRECTION('',(1.,0.,0.));
#17199 = MANIFOLD_SOLID_BREP('',#17200);
#17200 = CLOSED_SHELL('',(#17201,#17249,#17280,#17304,#17328,#17352,
    #17369));
#17201 = ADVANCED_FACE('',(#17202),#17244,.F.);
#17202 = FACE_BOUND('',#17203,.F.);
#17203 = EDGE_LOOP('',(#17204,#17214,#17222,#17230,#17238));
#17204 = ORIENTED_EDGE('',*,*,#17205,.F.);
#17205 = EDGE_CURVE('',#17206,#17208,#17210,.T.);
#17206 = VERTEX_POINT('',#17207);
#17207 = CARTESIAN_POINT('',(313.,130.,1.5E+03));
#17208 = VERTEX_POINT('',#17209);
#17209 = CARTESIAN_POINT('',(313.,130.,1.55E+03));
#17210 = LINE('',#17211,#17212);
#17211 = CARTESIAN_POINT('',(313.,130.,1.5E+03));
#17212 = VECTOR('',#17213,1.);
#17213 = DIRECTION('',(0.,0.,1.));
#17214 = ORIENTED_EDGE('',*,*,#17215,.T.);
#17215 = EDGE_CURVE('',#17206,#17216,#17218,.T.);
#17216 = VERTEX_POINT('',#17217);
#17217 = CARTESIAN_POINT('',(313.,600.,1.5E+03));
#17218 = LINE('',#17219,#17220);
#17219 = CARTESIAN_POINT('',(313.,130.,1.5E+03));
#17220 = VECTOR('',#17221,1.);
#17221 = DIRECTION('',(0.,1.,0.));
#17222 = ORIENTED_EDGE('',*,*,#17223,.T.);
#17223 = EDGE_CURVE('',#17216,#17224,#17226,.T.);
#17224 = VERTEX_POINT('',#17225);
#17225 = CARTESIAN_POINT('',(313.,600.,1.59E+03));
#17226 = LINE('',#17227,#17228);
#17227 = CARTESIAN_POINT('',(313.,600.,1.5E+03));
#17228 = VECTOR('',#17229,1.);
#17229 = DIRECTION('',(0.,0.,1.));
#17230 = ORIENTED_EDGE('',*,*,#17231,.F.);
#17231 = EDGE_CURVE('',#17232,#17224,#17234,.T.);
#17232 = VERTEX_POINT('',#17233);
#17233 = CARTESIAN_POINT('',(313.,250.,1.59E+03));
#17234 = LINE('',#17235,#17236);
#17235 = CARTESIAN_POINT('',(313.,130.,1.59E+03));
#17236 = VECTOR('',#17237,1.);
#17237 = DIRECTION('',(0.,1.,0.));
#17238 = ORIENTED_EDGE('',*,*,#17239,.T.);
#17239 = EDGE_CURVE('',#17232,#17208,#17240,.T.);
#17240 = LINE('',#17241,#17242);
#17241 = CARTESIAN_POINT('',(313.,250.,1.59E+03));
#17242 = VECTOR('',#17243,1.);
#17243 = DIRECTION('',(0.,-0.948683298051,-0.316227766017));
#17244 = PLANE('',#17245);
#17245 = AXIS2_PLACEMENT_3D('',#17246,#17247,#17248);
#17246 = CARTESIAN_POINT('',(313.,130.,1.5E+03));
#17247 = DIRECTION('',(1.,0.,0.));
#17248 = DIRECTION('',(0.,0.,1.));
#17249 = ADVANCED_FACE('',(#17250),#17275,.F.);
#17250 = FACE_BOUND('',#17251,.F.);
#17251 = EDGE_LOOP('',(#17252,#17262,#17268,#17269));
#17252 = ORIENTED_EDGE('',*,*,#17253,.F.);
#17253 = EDGE_CURVE('',#17254,#17256,#17258,.T.);
#17254 = VERTEX_POINT('',#17255);
#17255 = CARTESIAN_POINT('',(903.,130.,1.5E+03));
#17256 = VERTEX_POINT('',#17257);
#17257 = CARTESIAN_POINT('',(903.,130.,1.55E+03));
#17258 = LINE('',#17259,#17260);
#17259 = CARTESIAN_POINT('',(903.,130.,1.5E+03));
#17260 = VECTOR('',#17261,1.);
#17261 = DIRECTION('',(0.,0.,1.));
#17262 = ORIENTED_EDGE('',*,*,#17263,.F.);
#17263 = EDGE_CURVE('',#17206,#17254,#17264,.T.);
#17264 = LINE('',#17265,#17266);
#17265 = CARTESIAN_POINT('',(313.,130.,1.5E+03));
#17266 = VECTOR('',#17267,1.);
#17267 = DIRECTION('',(1.,0.,0.));
#17268 = ORIENTED_EDGE('',*,*,#17205,.T.);
#17269 = ORIENTED_EDGE('',*,*,#17270,.T.);
#17270 = EDGE_CURVE('',#17208,#17256,#17271,.T.);
#17271 = LINE('',#17272,#17273);
#17272 = CARTESIAN_POINT('',(313.,130.,1.55E+03));
#17273 = VECTOR('',#17274,1.);
#17274 = DIRECTION('',(1.,0.,0.));
#17275 = PLANE('',#17276);
#17276 = AXIS2_PLACEMENT_3D('',#17277,#17278,#17279);
#17277 = CARTESIAN_POINT('',(313.,130.,1.5E+03));
#17278 = DIRECTION('',(0.,1.,0.));
#17279 = DIRECTION('',(0.,0.,1.));
#17280 = ADVANCED_FACE('',(#17281),#17299,.F.);
#17281 = FACE_BOUND('',#17282,.F.);
#17282 = EDGE_LOOP('',(#17283,#17291,#17297,#17298));
#17283 = ORIENTED_EDGE('',*,*,#17284,.T.);
#17284 = EDGE_CURVE('',#17232,#17285,#17287,.T.);
#17285 = VERTEX_POINT('',#17286);
#17286 = CARTESIAN_POINT('',(903.,250.,1.59E+03));
#17287 = LINE('',#17288,#17289);
#17288 = CARTESIAN_POINT('',(313.,250.,1.59E+03));
#17289 = VECTOR('',#17290,1.);
#17290 = DIRECTION('',(1.,0.,0.));
#17291 = ORIENTED_EDGE('',*,*,#17292,.T.);
#17292 = EDGE_CURVE('',#17285,#17256,#17293,.T.);
#17293 = LINE('',#17294,#17295);
#17294 = CARTESIAN_POINT('',(903.,250.,1.59E+03));
#17295 = VECTOR('',#17296,1.);
#17296 = DIRECTION('',(0.,-0.948683298051,-0.316227766017));
#17297 = ORIENTED_EDGE('',*,*,#17270,.F.);
#17298 = ORIENTED_EDGE('',*,*,#17239,.F.);
#17299 = PLANE('',#17300);
#17300 = AXIS2_PLACEMENT_3D('',#17301,#17302,#17303);
#17301 = CARTESIAN_POINT('',(313.,250.,1.59E+03));
#17302 = DIRECTION('',(0.,0.316227766017,-0.948683298051));
#17303 = DIRECTION('',(0.,-0.948683298051,-0.316227766017));
#17304 = ADVANCED_FACE('',(#17305),#17323,.T.);
#17305 = FACE_BOUND('',#17306,.T.);
#17306 = EDGE_LOOP('',(#17307,#17308,#17309,#17317));
#17307 = ORIENTED_EDGE('',*,*,#17231,.F.);
#17308 = ORIENTED_EDGE('',*,*,#17284,.T.);
#17309 = ORIENTED_EDGE('',*,*,#17310,.T.);
#17310 = EDGE_CURVE('',#17285,#17311,#17313,.T.);
#17311 = VERTEX_POINT('',#17312);
#17312 = CARTESIAN_POINT('',(903.,600.,1.59E+03));
#17313 = LINE('',#17314,#17315);
#17314 = CARTESIAN_POINT('',(903.,130.,1.59E+03));
#17315 = VECTOR('',#17316,1.);
#17316 = DIRECTION('',(0.,1.,0.));
#17317 = ORIENTED_EDGE('',*,*,#17318,.F.);
#17318 = EDGE_CURVE('',#17224,#17311,#17319,.T.);
#17319 = LINE('',#17320,#17321);
#17320 = CARTESIAN_POINT('',(313.,600.,1.59E+03));
#17321 = VECTOR('',#17322,1.);
#17322 = DIRECTION('',(1.,0.,0.));
#17323 = PLANE('',#17324);
#17324 = AXIS2_PLACEMENT_3D('',#17325,#17326,#17327);
#17325 = CARTESIAN_POINT('',(313.,130.,1.59E+03));
#17326 = DIRECTION('',(0.,0.,1.));
#17327 = DIRECTION('',(1.,0.,0.));
#17328 = ADVANCED_FACE('',(#17329),#17347,.T.);
#17329 = FACE_BOUND('',#17330,.T.);
#17330 = EDGE_LOOP('',(#17331,#17339,#17340,#17341));
#17331 = ORIENTED_EDGE('',*,*,#17332,.F.);
#17332 = EDGE_CURVE('',#17216,#17333,#17335,.T.);
#17333 = VERTEX_POINT('',#17334);
#17334 = CARTESIAN_POINT('',(903.,600.,1.5E+03));
#17335 = LINE('',#17336,#17337);
#17336 = CARTESIAN_POINT('',(313.,600.,1.5E+03));
#17337 = VECTOR('',#17338,1.);
#17338 = DIRECTION('',(1.,0.,0.));
#17339 = ORIENTED_EDGE('',*,*,#17223,.T.);
#17340 = ORIENTED_EDGE('',*,*,#17318,.T.);
#17341 = ORIENTED_EDGE('',*,*,#17342,.F.);
#17342 = EDGE_CURVE('',#17333,#17311,#17343,.T.);
#17343 = LINE('',#17344,#17345);
#17344 = CARTESIAN_POINT('',(903.,600.,1.5E+03));
#17345 = VECTOR('',#17346,1.);
#17346 = DIRECTION('',(0.,0.,1.));
#17347 = PLANE('',#17348);
#17348 = AXIS2_PLACEMENT_3D('',#17349,#17350,#17351);
#17349 = CARTESIAN_POINT('',(313.,600.,1.5E+03));
#17350 = DIRECTION('',(0.,1.,0.));
#17351 = DIRECTION('',(0.,0.,1.));
#17352 = ADVANCED_FACE('',(#17353),#17364,.F.);
#17353 = FACE_BOUND('',#17354,.F.);
#17354 = EDGE_LOOP('',(#17355,#17356,#17357,#17363));
#17355 = ORIENTED_EDGE('',*,*,#17215,.F.);
#17356 = ORIENTED_EDGE('',*,*,#17263,.T.);
#17357 = ORIENTED_EDGE('',*,*,#17358,.T.);
#17358 = EDGE_CURVE('',#17254,#17333,#17359,.T.);
#17359 = LINE('',#17360,#17361);
#17360 = CARTESIAN_POINT('',(903.,130.,1.5E+03));
#17361 = VECTOR('',#17362,1.);
#17362 = DIRECTION('',(0.,1.,0.));
#17363 = ORIENTED_EDGE('',*,*,#17332,.F.);
#17364 = PLANE('',#17365);
#17365 = AXIS2_PLACEMENT_3D('',#17366,#17367,#17368);
#17366 = CARTESIAN_POINT('',(313.,130.,1.5E+03));
#17367 = DIRECTION('',(0.,0.,1.));
#17368 = DIRECTION('',(1.,0.,0.));
#17369 = ADVANCED_FACE('',(#17370),#17377,.T.);
#17370 = FACE_BOUND('',#17371,.T.);
#17371 = EDGE_LOOP('',(#17372,#17373,#17374,#17375,#17376));
#17372 = ORIENTED_EDGE('',*,*,#17253,.F.);
#17373 = ORIENTED_EDGE('',*,*,#17358,.T.);
#17374 = ORIENTED_EDGE('',*,*,#17342,.T.);
#17375 = ORIENTED_EDGE('',*,*,#17310,.F.);
#17376 = ORIENTED_EDGE('',*,*,#17292,.T.);
#17377 = PLANE('',#17378);
#17378 = AXIS2_PLACEMENT_3D('',#17379,#17380,#17381);
#17379 = CARTESIAN_POINT('',(903.,130.,1.5E+03));
#17380 = DIRECTION('',(1.,0.,0.));
#17381 = DIRECTION('',(0.,0.,1.));
#17382 = MANIFOLD_SOLID_BREP('',#17383);
#17383 = CLOSED_SHELL('',(#17384,#17424,#17464,#17486,#17508,#17520));
#17384 = ADVANCED_FACE('',(#17385),#17419,.F.);
#17385 = FACE_BOUND('',#17386,.F.);
#17386 = EDGE_LOOP('',(#17387,#17397,#17405,#17413));
#17387 = ORIENTED_EDGE('',*,*,#17388,.F.);
#17388 = EDGE_CURVE('',#17389,#17391,#17393,.T.);
#17389 = VERTEX_POINT('',#17390);
#17390 = CARTESIAN_POINT('',(903.,280.,1.518E+03));
#17391 = VERTEX_POINT('',#17392);
#17392 = CARTESIAN_POINT('',(903.,280.,1.791E+03));
#17393 = LINE('',#17394,#17395);
#17394 = CARTESIAN_POINT('',(903.,280.,1.518E+03));
#17395 = VECTOR('',#17396,1.);
#17396 = DIRECTION('',(0.,0.,1.));
#17397 = ORIENTED_EDGE('',*,*,#17398,.T.);
#17398 = EDGE_CURVE('',#17389,#17399,#17401,.T.);
#17399 = VERTEX_POINT('',#17400);
#17400 = CARTESIAN_POINT('',(903.,600.,1.518E+03));
#17401 = LINE('',#17402,#17403);
#17402 = CARTESIAN_POINT('',(903.,280.,1.518E+03));
#17403 = VECTOR('',#17404,1.);
#17404 = DIRECTION('',(0.,1.,0.));
#17405 = ORIENTED_EDGE('',*,*,#17406,.T.);
#17406 = EDGE_CURVE('',#17399,#17407,#17409,.T.);
#17407 = VERTEX_POINT('',#17408);
#17408 = CARTESIAN_POINT('',(903.,600.,1.791E+03));
#17409 = LINE('',#17410,#17411);
#17410 = CARTESIAN_POINT('',(903.,600.,1.518E+03));
#17411 = VECTOR('',#17412,1.);
#17412 = DIRECTION('',(0.,0.,1.));
#17413 = ORIENTED_EDGE('',*,*,#17414,.F.);
#17414 = EDGE_CURVE('',#17391,#17407,#17415,.T.);
#17415 = LINE('',#17416,#17417);
#17416 = CARTESIAN_POINT('',(903.,280.,1.791E+03));
#17417 = VECTOR('',#17418,1.);
#17418 = DIRECTION('',(0.,1.,0.));
#17419 = PLANE('',#17420);
#17420 = AXIS2_PLACEMENT_3D('',#17421,#17422,#17423);
#17421 = CARTESIAN_POINT('',(903.,280.,1.518E+03));
#17422 = DIRECTION('',(1.,0.,0.));
#17423 = DIRECTION('',(0.,0.,1.));
#17424 = ADVANCED_FACE('',(#17425),#17459,.T.);
#17425 = FACE_BOUND('',#17426,.T.);
#17426 = EDGE_LOOP('',(#17427,#17437,#17445,#17453));
#17427 = ORIENTED_EDGE('',*,*,#17428,.F.);
#17428 = EDGE_CURVE('',#17429,#17431,#17433,.T.);
#17429 = VERTEX_POINT('',#17430);
#17430 = CARTESIAN_POINT('',(921.,280.,1.518E+03));
#17431 = VERTEX_POINT('',#17432);
#17432 = CARTESIAN_POINT('',(921.,280.,1.791E+03));
#17433 = LINE('',#17434,#17435);
#17434 = CARTESIAN_POINT('',(921.,280.,1.518E+03));
#17435 = VECTOR('',#17436,1.);
#17436 = DIRECTION('',(0.,0.,1.));
#17437 = ORIENTED_EDGE('',*,*,#17438,.T.);
#17438 = EDGE_CURVE('',#17429,#17439,#17441,.T.);
#17439 = VERTEX_POINT('',#17440);
#17440 = CARTESIAN_POINT('',(921.,600.,1.518E+03));
#17441 = LINE('',#17442,#17443);
#17442 = CARTESIAN_POINT('',(921.,280.,1.518E+03));
#17443 = VECTOR('',#17444,1.);
#17444 = DIRECTION('',(0.,1.,0.));
#17445 = ORIENTED_EDGE('',*,*,#17446,.T.);
#17446 = EDGE_CURVE('',#17439,#17447,#17449,.T.);
#17447 = VERTEX_POINT('',#17448);
#17448 = CARTESIAN_POINT('',(921.,600.,1.791E+03));
#17449 = LINE('',#17450,#17451);
#17450 = CARTESIAN_POINT('',(921.,600.,1.518E+03));
#17451 = VECTOR('',#17452,1.);
#17452 = DIRECTION('',(0.,0.,1.));
#17453 = ORIENTED_EDGE('',*,*,#17454,.F.);
#17454 = EDGE_CURVE('',#17431,#17447,#17455,.T.);
#17455 = LINE('',#17456,#17457);
#17456 = CARTESIAN_POINT('',(921.,280.,1.791E+03));
#17457 = VECTOR('',#17458,1.);
#17458 = DIRECTION('',(0.,1.,0.));
#17459 = PLANE('',#17460);
#17460 = AXIS2_PLACEMENT_3D('',#17461,#17462,#17463);
#17461 = CARTESIAN_POINT('',(921.,280.,1.518E+03));
#17462 = DIRECTION('',(1.,0.,0.));
#17463 = DIRECTION('',(0.,0.,1.));
#17464 = ADVANCED_FACE('',(#17465),#17481,.F.);
#17465 = FACE_BOUND('',#17466,.F.);
#17466 = EDGE_LOOP('',(#17467,#17473,#17474,#17480));
#17467 = ORIENTED_EDGE('',*,*,#17468,.F.);
#17468 = EDGE_CURVE('',#17389,#17429,#17469,.T.);
#17469 = LINE('',#17470,#17471);
#17470 = CARTESIAN_POINT('',(903.,280.,1.518E+03));
#17471 = VECTOR('',#17472,1.);
#17472 = DIRECTION('',(1.,0.,0.));
#17473 = ORIENTED_EDGE('',*,*,#17388,.T.);
#17474 = ORIENTED_EDGE('',*,*,#17475,.T.);
#17475 = EDGE_CURVE('',#17391,#17431,#17476,.T.);
#17476 = LINE('',#17477,#17478);
#17477 = CARTESIAN_POINT('',(903.,280.,1.791E+03));
#17478 = VECTOR('',#17479,1.);
#17479 = DIRECTION('',(1.,0.,0.));
#17480 = ORIENTED_EDGE('',*,*,#17428,.F.);
#17481 = PLANE('',#17482);
#17482 = AXIS2_PLACEMENT_3D('',#17483,#17484,#17485);
#17483 = CARTESIAN_POINT('',(903.,280.,1.518E+03));
#17484 = DIRECTION('',(0.,1.,0.));
#17485 = DIRECTION('',(0.,0.,1.));
#17486 = ADVANCED_FACE('',(#17487),#17503,.T.);
#17487 = FACE_BOUND('',#17488,.T.);
#17488 = EDGE_LOOP('',(#17489,#17495,#17496,#17502));
#17489 = ORIENTED_EDGE('',*,*,#17490,.F.);
#17490 = EDGE_CURVE('',#17399,#17439,#17491,.T.);
#17491 = LINE('',#17492,#17493);
#17492 = CARTESIAN_POINT('',(903.,600.,1.518E+03));
#17493 = VECTOR('',#17494,1.);
#17494 = DIRECTION('',(1.,0.,0.));
#17495 = ORIENTED_EDGE('',*,*,#17406,.T.);
#17496 = ORIENTED_EDGE('',*,*,#17497,.T.);
#17497 = EDGE_CURVE('',#17407,#17447,#17498,.T.);
#17498 = LINE('',#17499,#17500);
#17499 = CARTESIAN_POINT('',(903.,600.,1.791E+03));
#17500 = VECTOR('',#17501,1.);
#17501 = DIRECTION('',(1.,0.,0.));
#17502 = ORIENTED_EDGE('',*,*,#17446,.F.);
#17503 = PLANE('',#17504);
#17504 = AXIS2_PLACEMENT_3D('',#17505,#17506,#17507);
#17505 = CARTESIAN_POINT('',(903.,600.,1.518E+03));
#17506 = DIRECTION('',(0.,1.,0.));
#17507 = DIRECTION('',(0.,0.,1.));
#17508 = ADVANCED_FACE('',(#17509),#17515,.F.);
#17509 = FACE_BOUND('',#17510,.F.);
#17510 = EDGE_LOOP('',(#17511,#17512,#17513,#17514));
#17511 = ORIENTED_EDGE('',*,*,#17398,.F.);
#17512 = ORIENTED_EDGE('',*,*,#17468,.T.);
#17513 = ORIENTED_EDGE('',*,*,#17438,.T.);
#17514 = ORIENTED_EDGE('',*,*,#17490,.F.);
#17515 = PLANE('',#17516);
#17516 = AXIS2_PLACEMENT_3D('',#17517,#17518,#17519);
#17517 = CARTESIAN_POINT('',(903.,280.,1.518E+03));
#17518 = DIRECTION('',(0.,0.,1.));
#17519 = DIRECTION('',(1.,0.,0.));
#17520 = ADVANCED_FACE('',(#17521),#17527,.T.);
#17521 = FACE_BOUND('',#17522,.T.);
#17522 = EDGE_LOOP('',(#17523,#17524,#17525,#17526));
#17523 = ORIENTED_EDGE('',*,*,#17414,.F.);
#17524 = ORIENTED_EDGE('',*,*,#17475,.T.);
#17525 = ORIENTED_EDGE('',*,*,#17454,.T.);
#17526 = ORIENTED_EDGE('',*,*,#17497,.F.);
#17527 = PLANE('',#17528);
#17528 = AXIS2_PLACEMENT_3D('',#17529,#17530,#17531);
#17529 = CARTESIAN_POINT('',(903.,280.,1.791E+03));
#17530 = DIRECTION('',(0.,0.,1.));
#17531 = DIRECTION('',(1.,0.,0.));
#17532 = MANIFOLD_SOLID_BREP('',#17533);
#17533 = CLOSED_SHELL('',(#17534,#17574,#17614,#17636,#17658,#17670));
#17534 = ADVANCED_FACE('',(#17535),#17569,.F.);
#17535 = FACE_BOUND('',#17536,.F.);
#17536 = EDGE_LOOP('',(#17537,#17547,#17555,#17563));
#17537 = ORIENTED_EDGE('',*,*,#17538,.F.);
#17538 = EDGE_CURVE('',#17539,#17541,#17543,.T.);
#17539 = VERTEX_POINT('',#17540);
#17540 = CARTESIAN_POINT('',(2.24E+03,280.,1.518E+03));
#17541 = VERTEX_POINT('',#17542);
#17542 = CARTESIAN_POINT('',(2.24E+03,280.,1.791E+03));
#17543 = LINE('',#17544,#17545);
#17544 = CARTESIAN_POINT('',(2.24E+03,280.,1.518E+03));
#17545 = VECTOR('',#17546,1.);
#17546 = DIRECTION('',(0.,0.,1.));
#17547 = ORIENTED_EDGE('',*,*,#17548,.T.);
#17548 = EDGE_CURVE('',#17539,#17549,#17551,.T.);
#17549 = VERTEX_POINT('',#17550);
#17550 = CARTESIAN_POINT('',(2.24E+03,600.,1.518E+03));
#17551 = LINE('',#17552,#17553);
#17552 = CARTESIAN_POINT('',(2.24E+03,280.,1.518E+03));
#17553 = VECTOR('',#17554,1.);
#17554 = DIRECTION('',(0.,1.,0.));
#17555 = ORIENTED_EDGE('',*,*,#17556,.T.);
#17556 = EDGE_CURVE('',#17549,#17557,#17559,.T.);
#17557 = VERTEX_POINT('',#17558);
#17558 = CARTESIAN_POINT('',(2.24E+03,600.,1.791E+03));
#17559 = LINE('',#17560,#17561);
#17560 = CARTESIAN_POINT('',(2.24E+03,600.,1.518E+03));
#17561 = VECTOR('',#17562,1.);
#17562 = DIRECTION('',(0.,0.,1.));
#17563 = ORIENTED_EDGE('',*,*,#17564,.F.);
#17564 = EDGE_CURVE('',#17541,#17557,#17565,.T.);
#17565 = LINE('',#17566,#17567);
#17566 = CARTESIAN_POINT('',(2.24E+03,280.,1.791E+03));
#17567 = VECTOR('',#17568,1.);
#17568 = DIRECTION('',(0.,1.,0.));
#17569 = PLANE('',#17570);
#17570 = AXIS2_PLACEMENT_3D('',#17571,#17572,#17573);
#17571 = CARTESIAN_POINT('',(2.24E+03,280.,1.518E+03));
#17572 = DIRECTION('',(1.,0.,0.));
#17573 = DIRECTION('',(0.,0.,1.));
#17574 = ADVANCED_FACE('',(#17575),#17609,.T.);
#17575 = FACE_BOUND('',#17576,.T.);
#17576 = EDGE_LOOP('',(#17577,#17587,#17595,#17603));
#17577 = ORIENTED_EDGE('',*,*,#17578,.F.);
#17578 = EDGE_CURVE('',#17579,#17581,#17583,.T.);
#17579 = VERTEX_POINT('',#17580);
#17580 = CARTESIAN_POINT('',(2.258E+03,280.,1.518E+03));
#17581 = VERTEX_POINT('',#17582);
#17582 = CARTESIAN_POINT('',(2.258E+03,280.,1.791E+03));
#17583 = LINE('',#17584,#17585);
#17584 = CARTESIAN_POINT('',(2.258E+03,280.,1.518E+03));
#17585 = VECTOR('',#17586,1.);
#17586 = DIRECTION('',(0.,0.,1.));
#17587 = ORIENTED_EDGE('',*,*,#17588,.T.);
#17588 = EDGE_CURVE('',#17579,#17589,#17591,.T.);
#17589 = VERTEX_POINT('',#17590);
#17590 = CARTESIAN_POINT('',(2.258E+03,600.,1.518E+03));
#17591 = LINE('',#17592,#17593);
#17592 = CARTESIAN_POINT('',(2.258E+03,280.,1.518E+03));
#17593 = VECTOR('',#17594,1.);
#17594 = DIRECTION('',(0.,1.,0.));
#17595 = ORIENTED_EDGE('',*,*,#17596,.T.);
#17596 = EDGE_CURVE('',#17589,#17597,#17599,.T.);
#17597 = VERTEX_POINT('',#17598);
#17598 = CARTESIAN_POINT('',(2.258E+03,600.,1.791E+03));
#17599 = LINE('',#17600,#17601);
#17600 = CARTESIAN_POINT('',(2.258E+03,600.,1.518E+03));
#17601 = VECTOR('',#17602,1.);
#17602 = DIRECTION('',(0.,0.,1.));
#17603 = ORIENTED_EDGE('',*,*,#17604,.F.);
#17604 = EDGE_CURVE('',#17581,#17597,#17605,.T.);
#17605 = LINE('',#17606,#17607);
#17606 = CARTESIAN_POINT('',(2.258E+03,280.,1.791E+03));
#17607 = VECTOR('',#17608,1.);
#17608 = DIRECTION('',(0.,1.,0.));
#17609 = PLANE('',#17610);
#17610 = AXIS2_PLACEMENT_3D('',#17611,#17612,#17613);
#17611 = CARTESIAN_POINT('',(2.258E+03,280.,1.518E+03));
#17612 = DIRECTION('',(1.,0.,0.));
#17613 = DIRECTION('',(0.,0.,1.));
#17614 = ADVANCED_FACE('',(#17615),#17631,.F.);
#17615 = FACE_BOUND('',#17616,.F.);
#17616 = EDGE_LOOP('',(#17617,#17623,#17624,#17630));
#17617 = ORIENTED_EDGE('',*,*,#17618,.F.);
#17618 = EDGE_CURVE('',#17539,#17579,#17619,.T.);
#17619 = LINE('',#17620,#17621);
#17620 = CARTESIAN_POINT('',(2.24E+03,280.,1.518E+03));
#17621 = VECTOR('',#17622,1.);
#17622 = DIRECTION('',(1.,0.,0.));
#17623 = ORIENTED_EDGE('',*,*,#17538,.T.);
#17624 = ORIENTED_EDGE('',*,*,#17625,.T.);
#17625 = EDGE_CURVE('',#17541,#17581,#17626,.T.);
#17626 = LINE('',#17627,#17628);
#17627 = CARTESIAN_POINT('',(2.24E+03,280.,1.791E+03));
#17628 = VECTOR('',#17629,1.);
#17629 = DIRECTION('',(1.,0.,0.));
#17630 = ORIENTED_EDGE('',*,*,#17578,.F.);
#17631 = PLANE('',#17632);
#17632 = AXIS2_PLACEMENT_3D('',#17633,#17634,#17635);
#17633 = CARTESIAN_POINT('',(2.24E+03,280.,1.518E+03));
#17634 = DIRECTION('',(0.,1.,0.));
#17635 = DIRECTION('',(0.,0.,1.));
#17636 = ADVANCED_FACE('',(#17637),#17653,.T.);
#17637 = FACE_BOUND('',#17638,.T.);
#17638 = EDGE_LOOP('',(#17639,#17645,#17646,#17652));
#17639 = ORIENTED_EDGE('',*,*,#17640,.F.);
#17640 = EDGE_CURVE('',#17549,#17589,#17641,.T.);
#17641 = LINE('',#17642,#17643);
#17642 = CARTESIAN_POINT('',(2.24E+03,600.,1.518E+03));
#17643 = VECTOR('',#17644,1.);
#17644 = DIRECTION('',(1.,0.,0.));
#17645 = ORIENTED_EDGE('',*,*,#17556,.T.);
#17646 = ORIENTED_EDGE('',*,*,#17647,.T.);
#17647 = EDGE_CURVE('',#17557,#17597,#17648,.T.);
#17648 = LINE('',#17649,#17650);
#17649 = CARTESIAN_POINT('',(2.24E+03,600.,1.791E+03));
#17650 = VECTOR('',#17651,1.);
#17651 = DIRECTION('',(1.,0.,0.));
#17652 = ORIENTED_EDGE('',*,*,#17596,.F.);
#17653 = PLANE('',#17654);
#17654 = AXIS2_PLACEMENT_3D('',#17655,#17656,#17657);
#17655 = CARTESIAN_POINT('',(2.24E+03,600.,1.518E+03));
#17656 = DIRECTION('',(0.,1.,0.));
#17657 = DIRECTION('',(0.,0.,1.));
#17658 = ADVANCED_FACE('',(#17659),#17665,.F.);
#17659 = FACE_BOUND('',#17660,.F.);
#17660 = EDGE_LOOP('',(#17661,#17662,#17663,#17664));
#17661 = ORIENTED_EDGE('',*,*,#17548,.F.);
#17662 = ORIENTED_EDGE('',*,*,#17618,.T.);
#17663 = ORIENTED_EDGE('',*,*,#17588,.T.);
#17664 = ORIENTED_EDGE('',*,*,#17640,.F.);
#17665 = PLANE('',#17666);
#17666 = AXIS2_PLACEMENT_3D('',#17667,#17668,#17669);
#17667 = CARTESIAN_POINT('',(2.24E+03,280.,1.518E+03));
#17668 = DIRECTION('',(0.,0.,1.));
#17669 = DIRECTION('',(1.,0.,0.));
#17670 = ADVANCED_FACE('',(#17671),#17677,.T.);
#17671 = FACE_BOUND('',#17672,.T.);
#17672 = EDGE_LOOP('',(#17673,#17674,#17675,#17676));
#17673 = ORIENTED_EDGE('',*,*,#17564,.F.);
#17674 = ORIENTED_EDGE('',*,*,#17625,.T.);
#17675 = ORIENTED_EDGE('',*,*,#17604,.T.);
#17676 = ORIENTED_EDGE('',*,*,#17647,.F.);
#17677 = PLANE('',#17678);
#17678 = AXIS2_PLACEMENT_3D('',#17679,#17680,#17681);
#17679 = CARTESIAN_POINT('',(2.24E+03,280.,1.791E+03));
#17680 = DIRECTION('',(0.,0.,1.));
#17681 = DIRECTION('',(1.,0.,0.));
#17682 = MANIFOLD_SOLID_BREP('',#17683);
#17683 = CLOSED_SHELL('',(#17684,#17724,#17764,#17786,#17808,#17820));
#17684 = ADVANCED_FACE('',(#17685),#17719,.F.);
#17685 = FACE_BOUND('',#17686,.F.);
#17686 = EDGE_LOOP('',(#17687,#17697,#17705,#17713));
#17687 = ORIENTED_EDGE('',*,*,#17688,.F.);
#17688 = EDGE_CURVE('',#17689,#17691,#17693,.T.);
#17689 = VERTEX_POINT('',#17690);
#17690 = CARTESIAN_POINT('',(903.,280.,1.5E+03));
#17691 = VERTEX_POINT('',#17692);
#17692 = CARTESIAN_POINT('',(903.,280.,1.518E+03));
#17693 = LINE('',#17694,#17695);
#17694 = CARTESIAN_POINT('',(903.,280.,1.5E+03));
#17695 = VECTOR('',#17696,1.);
#17696 = DIRECTION('',(0.,0.,1.));
#17697 = ORIENTED_EDGE('',*,*,#17698,.T.);
#17698 = EDGE_CURVE('',#17689,#17699,#17701,.T.);
#17699 = VERTEX_POINT('',#17700);
#17700 = CARTESIAN_POINT('',(903.,600.,1.5E+03));
#17701 = LINE('',#17702,#17703);
#17702 = CARTESIAN_POINT('',(903.,280.,1.5E+03));
#17703 = VECTOR('',#17704,1.);
#17704 = DIRECTION('',(0.,1.,0.));
#17705 = ORIENTED_EDGE('',*,*,#17706,.T.);
#17706 = EDGE_CURVE('',#17699,#17707,#17709,.T.);
#17707 = VERTEX_POINT('',#17708);
#17708 = CARTESIAN_POINT('',(903.,600.,1.518E+03));
#17709 = LINE('',#17710,#17711);
#17710 = CARTESIAN_POINT('',(903.,600.,1.5E+03));
#17711 = VECTOR('',#17712,1.);
#17712 = DIRECTION('',(0.,0.,1.));
#17713 = ORIENTED_EDGE('',*,*,#17714,.F.);
#17714 = EDGE_CURVE('',#17691,#17707,#17715,.T.);
#17715 = LINE('',#17716,#17717);
#17716 = CARTESIAN_POINT('',(903.,280.,1.518E+03));
#17717 = VECTOR('',#17718,1.);
#17718 = DIRECTION('',(0.,1.,0.));
#17719 = PLANE('',#17720);
#17720 = AXIS2_PLACEMENT_3D('',#17721,#17722,#17723);
#17721 = CARTESIAN_POINT('',(903.,280.,1.5E+03));
#17722 = DIRECTION('',(1.,0.,0.));
#17723 = DIRECTION('',(0.,0.,1.));
#17724 = ADVANCED_FACE('',(#17725),#17759,.T.);
#17725 = FACE_BOUND('',#17726,.T.);
#17726 = EDGE_LOOP('',(#17727,#17737,#17745,#17753));
#17727 = ORIENTED_EDGE('',*,*,#17728,.F.);
#17728 = EDGE_CURVE('',#17729,#17731,#17733,.T.);
#17729 = VERTEX_POINT('',#17730);
#17730 = CARTESIAN_POINT('',(2.258E+03,280.,1.5E+03));
#17731 = VERTEX_POINT('',#17732);
#17732 = CARTESIAN_POINT('',(2.258E+03,280.,1.518E+03));
#17733 = LINE('',#17734,#17735);
#17734 = CARTESIAN_POINT('',(2.258E+03,280.,1.5E+03));
#17735 = VECTOR('',#17736,1.);
#17736 = DIRECTION('',(0.,0.,1.));
#17737 = ORIENTED_EDGE('',*,*,#17738,.T.);
#17738 = EDGE_CURVE('',#17729,#17739,#17741,.T.);
#17739 = VERTEX_POINT('',#17740);
#17740 = CARTESIAN_POINT('',(2.258E+03,600.,1.5E+03));
#17741 = LINE('',#17742,#17743);
#17742 = CARTESIAN_POINT('',(2.258E+03,280.,1.5E+03));
#17743 = VECTOR('',#17744,1.);
#17744 = DIRECTION('',(0.,1.,0.));
#17745 = ORIENTED_EDGE('',*,*,#17746,.T.);
#17746 = EDGE_CURVE('',#17739,#17747,#17749,.T.);
#17747 = VERTEX_POINT('',#17748);
#17748 = CARTESIAN_POINT('',(2.258E+03,600.,1.518E+03));
#17749 = LINE('',#17750,#17751);
#17750 = CARTESIAN_POINT('',(2.258E+03,600.,1.5E+03));
#17751 = VECTOR('',#17752,1.);
#17752 = DIRECTION('',(0.,0.,1.));
#17753 = ORIENTED_EDGE('',*,*,#17754,.F.);
#17754 = EDGE_CURVE('',#17731,#17747,#17755,.T.);
#17755 = LINE('',#17756,#17757);
#17756 = CARTESIAN_POINT('',(2.258E+03,280.,1.518E+03));
#17757 = VECTOR('',#17758,1.);
#17758 = DIRECTION('',(0.,1.,0.));
#17759 = PLANE('',#17760);
#17760 = AXIS2_PLACEMENT_3D('',#17761,#17762,#17763);
#17761 = CARTESIAN_POINT('',(2.258E+03,280.,1.5E+03));
#17762 = DIRECTION('',(1.,0.,0.));
#17763 = DIRECTION('',(0.,0.,1.));
#17764 = ADVANCED_FACE('',(#17765),#17781,.F.);
#17765 = FACE_BOUND('',#17766,.F.);
#17766 = EDGE_LOOP('',(#17767,#17773,#17774,#17780));
#17767 = ORIENTED_EDGE('',*,*,#17768,.F.);
#17768 = EDGE_CURVE('',#17689,#17729,#17769,.T.);
#17769 = LINE('',#17770,#17771);
#17770 = CARTESIAN_POINT('',(903.,280.,1.5E+03));
#17771 = VECTOR('',#17772,1.);
#17772 = DIRECTION('',(1.,0.,0.));
#17773 = ORIENTED_EDGE('',*,*,#17688,.T.);
#17774 = ORIENTED_EDGE('',*,*,#17775,.T.);
#17775 = EDGE_CURVE('',#17691,#17731,#17776,.T.);
#17776 = LINE('',#17777,#17778);
#17777 = CARTESIAN_POINT('',(903.,280.,1.518E+03));
#17778 = VECTOR('',#17779,1.);
#17779 = DIRECTION('',(1.,0.,0.));
#17780 = ORIENTED_EDGE('',*,*,#17728,.F.);
#17781 = PLANE('',#17782);
#17782 = AXIS2_PLACEMENT_3D('',#17783,#17784,#17785);
#17783 = CARTESIAN_POINT('',(903.,280.,1.5E+03));
#17784 = DIRECTION('',(0.,1.,0.));
#17785 = DIRECTION('',(0.,0.,1.));
#17786 = ADVANCED_FACE('',(#17787),#17803,.T.);
#17787 = FACE_BOUND('',#17788,.T.);
#17788 = EDGE_LOOP('',(#17789,#17795,#17796,#17802));
#17789 = ORIENTED_EDGE('',*,*,#17790,.F.);
#17790 = EDGE_CURVE('',#17699,#17739,#17791,.T.);
#17791 = LINE('',#17792,#17793);
#17792 = CARTESIAN_POINT('',(903.,600.,1.5E+03));
#17793 = VECTOR('',#17794,1.);
#17794 = DIRECTION('',(1.,0.,0.));
#17795 = ORIENTED_EDGE('',*,*,#17706,.T.);
#17796 = ORIENTED_EDGE('',*,*,#17797,.T.);
#17797 = EDGE_CURVE('',#17707,#17747,#17798,.T.);
#17798 = LINE('',#17799,#17800);
#17799 = CARTESIAN_POINT('',(903.,600.,1.518E+03));
#17800 = VECTOR('',#17801,1.);
#17801 = DIRECTION('',(1.,0.,0.));
#17802 = ORIENTED_EDGE('',*,*,#17746,.F.);
#17803 = PLANE('',#17804);
#17804 = AXIS2_PLACEMENT_3D('',#17805,#17806,#17807);
#17805 = CARTESIAN_POINT('',(903.,600.,1.5E+03));
#17806 = DIRECTION('',(0.,1.,0.));
#17807 = DIRECTION('',(0.,0.,1.));
#17808 = ADVANCED_FACE('',(#17809),#17815,.F.);
#17809 = FACE_BOUND('',#17810,.F.);
#17810 = EDGE_LOOP('',(#17811,#17812,#17813,#17814));
#17811 = ORIENTED_EDGE('',*,*,#17698,.F.);
#17812 = ORIENTED_EDGE('',*,*,#17768,.T.);
#17813 = ORIENTED_EDGE('',*,*,#17738,.T.);
#17814 = ORIENTED_EDGE('',*,*,#17790,.F.);
#17815 = PLANE('',#17816);
#17816 = AXIS2_PLACEMENT_3D('',#17817,#17818,#17819);
#17817 = CARTESIAN_POINT('',(903.,280.,1.5E+03));
#17818 = DIRECTION('',(0.,0.,1.));
#17819 = DIRECTION('',(1.,0.,0.));
#17820 = ADVANCED_FACE('',(#17821),#17827,.T.);
#17821 = FACE_BOUND('',#17822,.T.);
#17822 = EDGE_LOOP('',(#17823,#17824,#17825,#17826));
#17823 = ORIENTED_EDGE('',*,*,#17714,.F.);
#17824 = ORIENTED_EDGE('',*,*,#17775,.T.);
#17825 = ORIENTED_EDGE('',*,*,#17754,.T.);
#17826 = ORIENTED_EDGE('',*,*,#17797,.F.);
#17827 = PLANE('',#17828);
#17828 = AXIS2_PLACEMENT_3D('',#17829,#17830,#17831);
#17829 = CARTESIAN_POINT('',(903.,280.,1.518E+03));
#17830 = DIRECTION('',(0.,0.,1.));
#17831 = DIRECTION('',(1.,0.,0.));
#17832 = MANIFOLD_SOLID_BREP('',#17833);
#17833 = CLOSED_SHELL('',(#17834,#17874,#17914,#17936,#17958,#17970));
#17834 = ADVANCED_FACE('',(#17835),#17869,.F.);
#17835 = FACE_BOUND('',#17836,.F.);
#17836 = EDGE_LOOP('',(#17837,#17847,#17855,#17863));
#17837 = ORIENTED_EDGE('',*,*,#17838,.F.);
#17838 = EDGE_CURVE('',#17839,#17841,#17843,.T.);
#17839 = VERTEX_POINT('',#17840);
#17840 = CARTESIAN_POINT('',(903.,280.,1.791E+03));
#17841 = VERTEX_POINT('',#17842);
#17842 = CARTESIAN_POINT('',(903.,280.,1.809E+03));
#17843 = LINE('',#17844,#17845);
#17844 = CARTESIAN_POINT('',(903.,280.,1.791E+03));
#17845 = VECTOR('',#17846,1.);
#17846 = DIRECTION('',(0.,0.,1.));
#17847 = ORIENTED_EDGE('',*,*,#17848,.T.);
#17848 = EDGE_CURVE('',#17839,#17849,#17851,.T.);
#17849 = VERTEX_POINT('',#17850);
#17850 = CARTESIAN_POINT('',(903.,600.,1.791E+03));
#17851 = LINE('',#17852,#17853);
#17852 = CARTESIAN_POINT('',(903.,280.,1.791E+03));
#17853 = VECTOR('',#17854,1.);
#17854 = DIRECTION('',(0.,1.,0.));
#17855 = ORIENTED_EDGE('',*,*,#17856,.T.);
#17856 = EDGE_CURVE('',#17849,#17857,#17859,.T.);
#17857 = VERTEX_POINT('',#17858);
#17858 = CARTESIAN_POINT('',(903.,600.,1.809E+03));
#17859 = LINE('',#17860,#17861);
#17860 = CARTESIAN_POINT('',(903.,600.,1.791E+03));
#17861 = VECTOR('',#17862,1.);
#17862 = DIRECTION('',(0.,0.,1.));
#17863 = ORIENTED_EDGE('',*,*,#17864,.F.);
#17864 = EDGE_CURVE('',#17841,#17857,#17865,.T.);
#17865 = LINE('',#17866,#17867);
#17866 = CARTESIAN_POINT('',(903.,280.,1.809E+03));
#17867 = VECTOR('',#17868,1.);
#17868 = DIRECTION('',(0.,1.,0.));
#17869 = PLANE('',#17870);
#17870 = AXIS2_PLACEMENT_3D('',#17871,#17872,#17873);
#17871 = CARTESIAN_POINT('',(903.,280.,1.791E+03));
#17872 = DIRECTION('',(1.,0.,0.));
#17873 = DIRECTION('',(0.,0.,1.));
#17874 = ADVANCED_FACE('',(#17875),#17909,.T.);
#17875 = FACE_BOUND('',#17876,.T.);
#17876 = EDGE_LOOP('',(#17877,#17887,#17895,#17903));
#17877 = ORIENTED_EDGE('',*,*,#17878,.F.);
#17878 = EDGE_CURVE('',#17879,#17881,#17883,.T.);
#17879 = VERTEX_POINT('',#17880);
#17880 = CARTESIAN_POINT('',(2.258E+03,280.,1.791E+03));
#17881 = VERTEX_POINT('',#17882);
#17882 = CARTESIAN_POINT('',(2.258E+03,280.,1.809E+03));
#17883 = LINE('',#17884,#17885);
#17884 = CARTESIAN_POINT('',(2.258E+03,280.,1.791E+03));
#17885 = VECTOR('',#17886,1.);
#17886 = DIRECTION('',(0.,0.,1.));
#17887 = ORIENTED_EDGE('',*,*,#17888,.T.);
#17888 = EDGE_CURVE('',#17879,#17889,#17891,.T.);
#17889 = VERTEX_POINT('',#17890);
#17890 = CARTESIAN_POINT('',(2.258E+03,600.,1.791E+03));
#17891 = LINE('',#17892,#17893);
#17892 = CARTESIAN_POINT('',(2.258E+03,280.,1.791E+03));
#17893 = VECTOR('',#17894,1.);
#17894 = DIRECTION('',(0.,1.,0.));
#17895 = ORIENTED_EDGE('',*,*,#17896,.T.);
#17896 = EDGE_CURVE('',#17889,#17897,#17899,.T.);
#17897 = VERTEX_POINT('',#17898);
#17898 = CARTESIAN_POINT('',(2.258E+03,600.,1.809E+03));
#17899 = LINE('',#17900,#17901);
#17900 = CARTESIAN_POINT('',(2.258E+03,600.,1.791E+03));
#17901 = VECTOR('',#17902,1.);
#17902 = DIRECTION('',(0.,0.,1.));
#17903 = ORIENTED_EDGE('',*,*,#17904,.F.);
#17904 = EDGE_CURVE('',#17881,#17897,#17905,.T.);
#17905 = LINE('',#17906,#17907);
#17906 = CARTESIAN_POINT('',(2.258E+03,280.,1.809E+03));
#17907 = VECTOR('',#17908,1.);
#17908 = DIRECTION('',(0.,1.,0.));
#17909 = PLANE('',#17910);
#17910 = AXIS2_PLACEMENT_3D('',#17911,#17912,#17913);
#17911 = CARTESIAN_POINT('',(2.258E+03,280.,1.791E+03));
#17912 = DIRECTION('',(1.,0.,0.));
#17913 = DIRECTION('',(0.,0.,1.));
#17914 = ADVANCED_FACE('',(#17915),#17931,.F.);
#17915 = FACE_BOUND('',#17916,.F.);
#17916 = EDGE_LOOP('',(#17917,#17923,#17924,#17930));
#17917 = ORIENTED_EDGE('',*,*,#17918,.F.);
#17918 = EDGE_CURVE('',#17839,#17879,#17919,.T.);
#17919 = LINE('',#17920,#17921);
#17920 = CARTESIAN_POINT('',(903.,280.,1.791E+03));
#17921 = VECTOR('',#17922,1.);
#17922 = DIRECTION('',(1.,0.,0.));
#17923 = ORIENTED_EDGE('',*,*,#17838,.T.);
#17924 = ORIENTED_EDGE('',*,*,#17925,.T.);
#17925 = EDGE_CURVE('',#17841,#17881,#17926,.T.);
#17926 = LINE('',#17927,#17928);
#17927 = CARTESIAN_POINT('',(903.,280.,1.809E+03));
#17928 = VECTOR('',#17929,1.);
#17929 = DIRECTION('',(1.,0.,0.));
#17930 = ORIENTED_EDGE('',*,*,#17878,.F.);
#17931 = PLANE('',#17932);
#17932 = AXIS2_PLACEMENT_3D('',#17933,#17934,#17935);
#17933 = CARTESIAN_POINT('',(903.,280.,1.791E+03));
#17934 = DIRECTION('',(0.,1.,0.));
#17935 = DIRECTION('',(0.,0.,1.));
#17936 = ADVANCED_FACE('',(#17937),#17953,.T.);
#17937 = FACE_BOUND('',#17938,.T.);
#17938 = EDGE_LOOP('',(#17939,#17945,#17946,#17952));
#17939 = ORIENTED_EDGE('',*,*,#17940,.F.);
#17940 = EDGE_CURVE('',#17849,#17889,#17941,.T.);
#17941 = LINE('',#17942,#17943);
#17942 = CARTESIAN_POINT('',(903.,600.,1.791E+03));
#17943 = VECTOR('',#17944,1.);
#17944 = DIRECTION('',(1.,0.,0.));
#17945 = ORIENTED_EDGE('',*,*,#17856,.T.);
#17946 = ORIENTED_EDGE('',*,*,#17947,.T.);
#17947 = EDGE_CURVE('',#17857,#17897,#17948,.T.);
#17948 = LINE('',#17949,#17950);
#17949 = CARTESIAN_POINT('',(903.,600.,1.809E+03));
#17950 = VECTOR('',#17951,1.);
#17951 = DIRECTION('',(1.,0.,0.));
#17952 = ORIENTED_EDGE('',*,*,#17896,.F.);
#17953 = PLANE('',#17954);
#17954 = AXIS2_PLACEMENT_3D('',#17955,#17956,#17957);
#17955 = CARTESIAN_POINT('',(903.,600.,1.791E+03));
#17956 = DIRECTION('',(0.,1.,0.));
#17957 = DIRECTION('',(0.,0.,1.));
#17958 = ADVANCED_FACE('',(#17959),#17965,.F.);
#17959 = FACE_BOUND('',#17960,.F.);
#17960 = EDGE_LOOP('',(#17961,#17962,#17963,#17964));
#17961 = ORIENTED_EDGE('',*,*,#17848,.F.);
#17962 = ORIENTED_EDGE('',*,*,#17918,.T.);
#17963 = ORIENTED_EDGE('',*,*,#17888,.T.);
#17964 = ORIENTED_EDGE('',*,*,#17940,.F.);
#17965 = PLANE('',#17966);
#17966 = AXIS2_PLACEMENT_3D('',#17967,#17968,#17969);
#17967 = CARTESIAN_POINT('',(903.,280.,1.791E+03));
#17968 = DIRECTION('',(0.,0.,1.));
#17969 = DIRECTION('',(1.,0.,0.));
#17970 = ADVANCED_FACE('',(#17971),#17977,.T.);
#17971 = FACE_BOUND('',#17972,.T.);
#17972 = EDGE_LOOP('',(#17973,#17974,#17975,#17976));
#17973 = ORIENTED_EDGE('',*,*,#17864,.F.);
#17974 = ORIENTED_EDGE('',*,*,#17925,.T.);
#17975 = ORIENTED_EDGE('',*,*,#17904,.T.);
#17976 = ORIENTED_EDGE('',*,*,#17947,.F.);
#17977 = PLANE('',#17978);
#17978 = AXIS2_PLACEMENT_3D('',#17979,#17980,#17981);
#17979 = CARTESIAN_POINT('',(903.,280.,1.809E+03));
#17980 = DIRECTION('',(0.,0.,1.));
#17981 = DIRECTION('',(1.,0.,0.));
#17982 = MANIFOLD_SOLID_BREP('',#17983);
#17983 = CLOSED_SHELL('',(#17984,#18024,#18064,#18086,#18108,#18120));
#17984 = ADVANCED_FACE('',(#17985),#18019,.F.);
#17985 = FACE_BOUND('',#17986,.F.);
#17986 = EDGE_LOOP('',(#17987,#17997,#18005,#18013));
#17987 = ORIENTED_EDGE('',*,*,#17988,.F.);
#17988 = EDGE_CURVE('',#17989,#17991,#17993,.T.);
#17989 = VERTEX_POINT('',#17990);
#17990 = CARTESIAN_POINT('',(921.,280.,1.518E+03));
#17991 = VERTEX_POINT('',#17992);
#17992 = CARTESIAN_POINT('',(921.,280.,1.791E+03));
#17993 = LINE('',#17994,#17995);
#17994 = CARTESIAN_POINT('',(921.,280.,1.518E+03));
#17995 = VECTOR('',#17996,1.);
#17996 = DIRECTION('',(0.,0.,1.));
#17997 = ORIENTED_EDGE('',*,*,#17998,.T.);
#17998 = EDGE_CURVE('',#17989,#17999,#18001,.T.);
#17999 = VERTEX_POINT('',#18000);
#18000 = CARTESIAN_POINT('',(921.,600.,1.518E+03));
#18001 = LINE('',#18002,#18003);
#18002 = CARTESIAN_POINT('',(921.,280.,1.518E+03));
#18003 = VECTOR('',#18004,1.);
#18004 = DIRECTION('',(0.,1.,0.));
#18005 = ORIENTED_EDGE('',*,*,#18006,.T.);
#18006 = EDGE_CURVE('',#17999,#18007,#18009,.T.);
#18007 = VERTEX_POINT('',#18008);
#18008 = CARTESIAN_POINT('',(921.,600.,1.791E+03));
#18009 = LINE('',#18010,#18011);
#18010 = CARTESIAN_POINT('',(921.,600.,1.518E+03));
#18011 = VECTOR('',#18012,1.);
#18012 = DIRECTION('',(0.,0.,1.));
#18013 = ORIENTED_EDGE('',*,*,#18014,.F.);
#18014 = EDGE_CURVE('',#17991,#18007,#18015,.T.);
#18015 = LINE('',#18016,#18017);
#18016 = CARTESIAN_POINT('',(921.,280.,1.791E+03));
#18017 = VECTOR('',#18018,1.);
#18018 = DIRECTION('',(0.,1.,0.));
#18019 = PLANE('',#18020);
#18020 = AXIS2_PLACEMENT_3D('',#18021,#18022,#18023);
#18021 = CARTESIAN_POINT('',(921.,280.,1.518E+03));
#18022 = DIRECTION('',(1.,0.,0.));
#18023 = DIRECTION('',(0.,0.,1.));
#18024 = ADVANCED_FACE('',(#18025),#18059,.T.);
#18025 = FACE_BOUND('',#18026,.T.);
#18026 = EDGE_LOOP('',(#18027,#18037,#18045,#18053));
#18027 = ORIENTED_EDGE('',*,*,#18028,.F.);
#18028 = EDGE_CURVE('',#18029,#18031,#18033,.T.);
#18029 = VERTEX_POINT('',#18030);
#18030 = CARTESIAN_POINT('',(939.,280.,1.518E+03));
#18031 = VERTEX_POINT('',#18032);
#18032 = CARTESIAN_POINT('',(939.,280.,1.791E+03));
#18033 = LINE('',#18034,#18035);
#18034 = CARTESIAN_POINT('',(939.,280.,1.518E+03));
#18035 = VECTOR('',#18036,1.);
#18036 = DIRECTION('',(0.,0.,1.));
#18037 = ORIENTED_EDGE('',*,*,#18038,.T.);
#18038 = EDGE_CURVE('',#18029,#18039,#18041,.T.);
#18039 = VERTEX_POINT('',#18040);
#18040 = CARTESIAN_POINT('',(939.,600.,1.518E+03));
#18041 = LINE('',#18042,#18043);
#18042 = CARTESIAN_POINT('',(939.,280.,1.518E+03));
#18043 = VECTOR('',#18044,1.);
#18044 = DIRECTION('',(0.,1.,0.));
#18045 = ORIENTED_EDGE('',*,*,#18046,.T.);
#18046 = EDGE_CURVE('',#18039,#18047,#18049,.T.);
#18047 = VERTEX_POINT('',#18048);
#18048 = CARTESIAN_POINT('',(939.,600.,1.791E+03));
#18049 = LINE('',#18050,#18051);
#18050 = CARTESIAN_POINT('',(939.,600.,1.518E+03));
#18051 = VECTOR('',#18052,1.);
#18052 = DIRECTION('',(0.,0.,1.));
#18053 = ORIENTED_EDGE('',*,*,#18054,.F.);
#18054 = EDGE_CURVE('',#18031,#18047,#18055,.T.);
#18055 = LINE('',#18056,#18057);
#18056 = CARTESIAN_POINT('',(939.,280.,1.791E+03));
#18057 = VECTOR('',#18058,1.);
#18058 = DIRECTION('',(0.,1.,0.));
#18059 = PLANE('',#18060);
#18060 = AXIS2_PLACEMENT_3D('',#18061,#18062,#18063);
#18061 = CARTESIAN_POINT('',(939.,280.,1.518E+03));
#18062 = DIRECTION('',(1.,0.,0.));
#18063 = DIRECTION('',(0.,0.,1.));
#18064 = ADVANCED_FACE('',(#18065),#18081,.F.);
#18065 = FACE_BOUND('',#18066,.F.);
#18066 = EDGE_LOOP('',(#18067,#18073,#18074,#18080));
#18067 = ORIENTED_EDGE('',*,*,#18068,.F.);
#18068 = EDGE_CURVE('',#17989,#18029,#18069,.T.);
#18069 = LINE('',#18070,#18071);
#18070 = CARTESIAN_POINT('',(921.,280.,1.518E+03));
#18071 = VECTOR('',#18072,1.);
#18072 = DIRECTION('',(1.,0.,0.));
#18073 = ORIENTED_EDGE('',*,*,#17988,.T.);
#18074 = ORIENTED_EDGE('',*,*,#18075,.T.);
#18075 = EDGE_CURVE('',#17991,#18031,#18076,.T.);
#18076 = LINE('',#18077,#18078);
#18077 = CARTESIAN_POINT('',(921.,280.,1.791E+03));
#18078 = VECTOR('',#18079,1.);
#18079 = DIRECTION('',(1.,0.,0.));
#18080 = ORIENTED_EDGE('',*,*,#18028,.F.);
#18081 = PLANE('',#18082);
#18082 = AXIS2_PLACEMENT_3D('',#18083,#18084,#18085);
#18083 = CARTESIAN_POINT('',(921.,280.,1.518E+03));
#18084 = DIRECTION('',(0.,1.,0.));
#18085 = DIRECTION('',(0.,0.,1.));
#18086 = ADVANCED_FACE('',(#18087),#18103,.T.);
#18087 = FACE_BOUND('',#18088,.T.);
#18088 = EDGE_LOOP('',(#18089,#18095,#18096,#18102));
#18089 = ORIENTED_EDGE('',*,*,#18090,.F.);
#18090 = EDGE_CURVE('',#17999,#18039,#18091,.T.);
#18091 = LINE('',#18092,#18093);
#18092 = CARTESIAN_POINT('',(921.,600.,1.518E+03));
#18093 = VECTOR('',#18094,1.);
#18094 = DIRECTION('',(1.,0.,0.));
#18095 = ORIENTED_EDGE('',*,*,#18006,.T.);
#18096 = ORIENTED_EDGE('',*,*,#18097,.T.);
#18097 = EDGE_CURVE('',#18007,#18047,#18098,.T.);
#18098 = LINE('',#18099,#18100);
#18099 = CARTESIAN_POINT('',(921.,600.,1.791E+03));
#18100 = VECTOR('',#18101,1.);
#18101 = DIRECTION('',(1.,0.,0.));
#18102 = ORIENTED_EDGE('',*,*,#18046,.F.);
#18103 = PLANE('',#18104);
#18104 = AXIS2_PLACEMENT_3D('',#18105,#18106,#18107);
#18105 = CARTESIAN_POINT('',(921.,600.,1.518E+03));
#18106 = DIRECTION('',(0.,1.,0.));
#18107 = DIRECTION('',(0.,0.,1.));
#18108 = ADVANCED_FACE('',(#18109),#18115,.F.);
#18109 = FACE_BOUND('',#18110,.F.);
#18110 = EDGE_LOOP('',(#18111,#18112,#18113,#18114));
#18111 = ORIENTED_EDGE('',*,*,#17998,.F.);
#18112 = ORIENTED_EDGE('',*,*,#18068,.T.);
#18113 = ORIENTED_EDGE('',*,*,#18038,.T.);
#18114 = ORIENTED_EDGE('',*,*,#18090,.F.);
#18115 = PLANE('',#18116);
#18116 = AXIS2_PLACEMENT_3D('',#18117,#18118,#18119);
#18117 = CARTESIAN_POINT('',(921.,280.,1.518E+03));
#18118 = DIRECTION('',(0.,0.,1.));
#18119 = DIRECTION('',(1.,0.,0.));
#18120 = ADVANCED_FACE('',(#18121),#18127,.T.);
#18121 = FACE_BOUND('',#18122,.T.);
#18122 = EDGE_LOOP('',(#18123,#18124,#18125,#18126));
#18123 = ORIENTED_EDGE('',*,*,#18014,.F.);
#18124 = ORIENTED_EDGE('',*,*,#18075,.T.);
#18125 = ORIENTED_EDGE('',*,*,#18054,.T.);
#18126 = ORIENTED_EDGE('',*,*,#18097,.F.);
#18127 = PLANE('',#18128);
#18128 = AXIS2_PLACEMENT_3D('',#18129,#18130,#18131);
#18129 = CARTESIAN_POINT('',(921.,280.,1.791E+03));
#18130 = DIRECTION('',(0.,0.,1.));
#18131 = DIRECTION('',(1.,0.,0.));
#18132 = MANIFOLD_SOLID_BREP('',#18133);
#18133 = CLOSED_SHELL('',(#18134,#18174,#18214,#18236,#18258,#18270));
#18134 = ADVANCED_FACE('',(#18135),#18169,.F.);
#18135 = FACE_BOUND('',#18136,.F.);
#18136 = EDGE_LOOP('',(#18137,#18147,#18155,#18163));
#18137 = ORIENTED_EDGE('',*,*,#18138,.F.);
#18138 = EDGE_CURVE('',#18139,#18141,#18143,.T.);
#18139 = VERTEX_POINT('',#18140);
#18140 = CARTESIAN_POINT('',(2.222E+03,280.,1.518E+03));
#18141 = VERTEX_POINT('',#18142);
#18142 = CARTESIAN_POINT('',(2.222E+03,280.,1.791E+03));
#18143 = LINE('',#18144,#18145);
#18144 = CARTESIAN_POINT('',(2.222E+03,280.,1.518E+03));
#18145 = VECTOR('',#18146,1.);
#18146 = DIRECTION('',(0.,0.,1.));
#18147 = ORIENTED_EDGE('',*,*,#18148,.T.);
#18148 = EDGE_CURVE('',#18139,#18149,#18151,.T.);
#18149 = VERTEX_POINT('',#18150);
#18150 = CARTESIAN_POINT('',(2.222E+03,600.,1.518E+03));
#18151 = LINE('',#18152,#18153);
#18152 = CARTESIAN_POINT('',(2.222E+03,280.,1.518E+03));
#18153 = VECTOR('',#18154,1.);
#18154 = DIRECTION('',(0.,1.,0.));
#18155 = ORIENTED_EDGE('',*,*,#18156,.T.);
#18156 = EDGE_CURVE('',#18149,#18157,#18159,.T.);
#18157 = VERTEX_POINT('',#18158);
#18158 = CARTESIAN_POINT('',(2.222E+03,600.,1.791E+03));
#18159 = LINE('',#18160,#18161);
#18160 = CARTESIAN_POINT('',(2.222E+03,600.,1.518E+03));
#18161 = VECTOR('',#18162,1.);
#18162 = DIRECTION('',(0.,0.,1.));
#18163 = ORIENTED_EDGE('',*,*,#18164,.F.);
#18164 = EDGE_CURVE('',#18141,#18157,#18165,.T.);
#18165 = LINE('',#18166,#18167);
#18166 = CARTESIAN_POINT('',(2.222E+03,280.,1.791E+03));
#18167 = VECTOR('',#18168,1.);
#18168 = DIRECTION('',(0.,1.,0.));
#18169 = PLANE('',#18170);
#18170 = AXIS2_PLACEMENT_3D('',#18171,#18172,#18173);
#18171 = CARTESIAN_POINT('',(2.222E+03,280.,1.518E+03));
#18172 = DIRECTION('',(1.,0.,0.));
#18173 = DIRECTION('',(0.,0.,1.));
#18174 = ADVANCED_FACE('',(#18175),#18209,.T.);
#18175 = FACE_BOUND('',#18176,.T.);
#18176 = EDGE_LOOP('',(#18177,#18187,#18195,#18203));
#18177 = ORIENTED_EDGE('',*,*,#18178,.F.);
#18178 = EDGE_CURVE('',#18179,#18181,#18183,.T.);
#18179 = VERTEX_POINT('',#18180);
#18180 = CARTESIAN_POINT('',(2.24E+03,280.,1.518E+03));
#18181 = VERTEX_POINT('',#18182);
#18182 = CARTESIAN_POINT('',(2.24E+03,280.,1.791E+03));
#18183 = LINE('',#18184,#18185);
#18184 = CARTESIAN_POINT('',(2.24E+03,280.,1.518E+03));
#18185 = VECTOR('',#18186,1.);
#18186 = DIRECTION('',(0.,0.,1.));
#18187 = ORIENTED_EDGE('',*,*,#18188,.T.);
#18188 = EDGE_CURVE('',#18179,#18189,#18191,.T.);
#18189 = VERTEX_POINT('',#18190);
#18190 = CARTESIAN_POINT('',(2.24E+03,600.,1.518E+03));
#18191 = LINE('',#18192,#18193);
#18192 = CARTESIAN_POINT('',(2.24E+03,280.,1.518E+03));
#18193 = VECTOR('',#18194,1.);
#18194 = DIRECTION('',(0.,1.,0.));
#18195 = ORIENTED_EDGE('',*,*,#18196,.T.);
#18196 = EDGE_CURVE('',#18189,#18197,#18199,.T.);
#18197 = VERTEX_POINT('',#18198);
#18198 = CARTESIAN_POINT('',(2.24E+03,600.,1.791E+03));
#18199 = LINE('',#18200,#18201);
#18200 = CARTESIAN_POINT('',(2.24E+03,600.,1.518E+03));
#18201 = VECTOR('',#18202,1.);
#18202 = DIRECTION('',(0.,0.,1.));
#18203 = ORIENTED_EDGE('',*,*,#18204,.F.);
#18204 = EDGE_CURVE('',#18181,#18197,#18205,.T.);
#18205 = LINE('',#18206,#18207);
#18206 = CARTESIAN_POINT('',(2.24E+03,280.,1.791E+03));
#18207 = VECTOR('',#18208,1.);
#18208 = DIRECTION('',(0.,1.,0.));
#18209 = PLANE('',#18210);
#18210 = AXIS2_PLACEMENT_3D('',#18211,#18212,#18213);
#18211 = CARTESIAN_POINT('',(2.24E+03,280.,1.518E+03));
#18212 = DIRECTION('',(1.,0.,0.));
#18213 = DIRECTION('',(0.,0.,1.));
#18214 = ADVANCED_FACE('',(#18215),#18231,.F.);
#18215 = FACE_BOUND('',#18216,.F.);
#18216 = EDGE_LOOP('',(#18217,#18223,#18224,#18230));
#18217 = ORIENTED_EDGE('',*,*,#18218,.F.);
#18218 = EDGE_CURVE('',#18139,#18179,#18219,.T.);
#18219 = LINE('',#18220,#18221);
#18220 = CARTESIAN_POINT('',(2.222E+03,280.,1.518E+03));
#18221 = VECTOR('',#18222,1.);
#18222 = DIRECTION('',(1.,0.,0.));
#18223 = ORIENTED_EDGE('',*,*,#18138,.T.);
#18224 = ORIENTED_EDGE('',*,*,#18225,.T.);
#18225 = EDGE_CURVE('',#18141,#18181,#18226,.T.);
#18226 = LINE('',#18227,#18228);
#18227 = CARTESIAN_POINT('',(2.222E+03,280.,1.791E+03));
#18228 = VECTOR('',#18229,1.);
#18229 = DIRECTION('',(1.,0.,0.));
#18230 = ORIENTED_EDGE('',*,*,#18178,.F.);
#18231 = PLANE('',#18232);
#18232 = AXIS2_PLACEMENT_3D('',#18233,#18234,#18235);
#18233 = CARTESIAN_POINT('',(2.222E+03,280.,1.518E+03));
#18234 = DIRECTION('',(0.,1.,0.));
#18235 = DIRECTION('',(0.,0.,1.));
#18236 = ADVANCED_FACE('',(#18237),#18253,.T.);
#18237 = FACE_BOUND('',#18238,.T.);
#18238 = EDGE_LOOP('',(#18239,#18245,#18246,#18252));
#18239 = ORIENTED_EDGE('',*,*,#18240,.F.);
#18240 = EDGE_CURVE('',#18149,#18189,#18241,.T.);
#18241 = LINE('',#18242,#18243);
#18242 = CARTESIAN_POINT('',(2.222E+03,600.,1.518E+03));
#18243 = VECTOR('',#18244,1.);
#18244 = DIRECTION('',(1.,0.,0.));
#18245 = ORIENTED_EDGE('',*,*,#18156,.T.);
#18246 = ORIENTED_EDGE('',*,*,#18247,.T.);
#18247 = EDGE_CURVE('',#18157,#18197,#18248,.T.);
#18248 = LINE('',#18249,#18250);
#18249 = CARTESIAN_POINT('',(2.222E+03,600.,1.791E+03));
#18250 = VECTOR('',#18251,1.);
#18251 = DIRECTION('',(1.,0.,0.));
#18252 = ORIENTED_EDGE('',*,*,#18196,.F.);
#18253 = PLANE('',#18254);
#18254 = AXIS2_PLACEMENT_3D('',#18255,#18256,#18257);
#18255 = CARTESIAN_POINT('',(2.222E+03,600.,1.518E+03));
#18256 = DIRECTION('',(0.,1.,0.));
#18257 = DIRECTION('',(0.,0.,1.));
#18258 = ADVANCED_FACE('',(#18259),#18265,.F.);
#18259 = FACE_BOUND('',#18260,.F.);
#18260 = EDGE_LOOP('',(#18261,#18262,#18263,#18264));
#18261 = ORIENTED_EDGE('',*,*,#18148,.F.);
#18262 = ORIENTED_EDGE('',*,*,#18218,.T.);
#18263 = ORIENTED_EDGE('',*,*,#18188,.T.);
#18264 = ORIENTED_EDGE('',*,*,#18240,.F.);
#18265 = PLANE('',#18266);
#18266 = AXIS2_PLACEMENT_3D('',#18267,#18268,#18269);
#18267 = CARTESIAN_POINT('',(2.222E+03,280.,1.518E+03));
#18268 = DIRECTION('',(0.,0.,1.));
#18269 = DIRECTION('',(1.,0.,0.));
#18270 = ADVANCED_FACE('',(#18271),#18277,.T.);
#18271 = FACE_BOUND('',#18272,.T.);
#18272 = EDGE_LOOP('',(#18273,#18274,#18275,#18276));
#18273 = ORIENTED_EDGE('',*,*,#18164,.F.);
#18274 = ORIENTED_EDGE('',*,*,#18225,.T.);
#18275 = ORIENTED_EDGE('',*,*,#18204,.T.);
#18276 = ORIENTED_EDGE('',*,*,#18247,.F.);
#18277 = PLANE('',#18278);
#18278 = AXIS2_PLACEMENT_3D('',#18279,#18280,#18281);
#18279 = CARTESIAN_POINT('',(2.222E+03,280.,1.791E+03));
#18280 = DIRECTION('',(0.,0.,1.));
#18281 = DIRECTION('',(1.,0.,0.));
#18282 = MANIFOLD_SOLID_BREP('',#18283);
#18283 = CLOSED_SHELL('',(#18284,#18324,#18364,#18386,#18408,#18420));
#18284 = ADVANCED_FACE('',(#18285),#18319,.F.);
#18285 = FACE_BOUND('',#18286,.F.);
#18286 = EDGE_LOOP('',(#18287,#18297,#18305,#18313));
#18287 = ORIENTED_EDGE('',*,*,#18288,.F.);
#18288 = EDGE_CURVE('',#18289,#18291,#18293,.T.);
#18289 = VERTEX_POINT('',#18290);
#18290 = CARTESIAN_POINT('',(939.,280.,1.518E+03));
#18291 = VERTEX_POINT('',#18292);
#18292 = CARTESIAN_POINT('',(939.,280.,1.536E+03));
#18293 = LINE('',#18294,#18295);
#18294 = CARTESIAN_POINT('',(939.,280.,1.518E+03));
#18295 = VECTOR('',#18296,1.);
#18296 = DIRECTION('',(0.,0.,1.));
#18297 = ORIENTED_EDGE('',*,*,#18298,.T.);
#18298 = EDGE_CURVE('',#18289,#18299,#18301,.T.);
#18299 = VERTEX_POINT('',#18300);
#18300 = CARTESIAN_POINT('',(939.,600.,1.518E+03));
#18301 = LINE('',#18302,#18303);
#18302 = CARTESIAN_POINT('',(939.,280.,1.518E+03));
#18303 = VECTOR('',#18304,1.);
#18304 = DIRECTION('',(0.,1.,0.));
#18305 = ORIENTED_EDGE('',*,*,#18306,.T.);
#18306 = EDGE_CURVE('',#18299,#18307,#18309,.T.);
#18307 = VERTEX_POINT('',#18308);
#18308 = CARTESIAN_POINT('',(939.,600.,1.536E+03));
#18309 = LINE('',#18310,#18311);
#18310 = CARTESIAN_POINT('',(939.,600.,1.518E+03));
#18311 = VECTOR('',#18312,1.);
#18312 = DIRECTION('',(0.,0.,1.));
#18313 = ORIENTED_EDGE('',*,*,#18314,.F.);
#18314 = EDGE_CURVE('',#18291,#18307,#18315,.T.);
#18315 = LINE('',#18316,#18317);
#18316 = CARTESIAN_POINT('',(939.,280.,1.536E+03));
#18317 = VECTOR('',#18318,1.);
#18318 = DIRECTION('',(0.,1.,0.));
#18319 = PLANE('',#18320);
#18320 = AXIS2_PLACEMENT_3D('',#18321,#18322,#18323);
#18321 = CARTESIAN_POINT('',(939.,280.,1.518E+03));
#18322 = DIRECTION('',(1.,0.,0.));
#18323 = DIRECTION('',(0.,0.,1.));
#18324 = ADVANCED_FACE('',(#18325),#18359,.T.);
#18325 = FACE_BOUND('',#18326,.T.);
#18326 = EDGE_LOOP('',(#18327,#18337,#18345,#18353));
#18327 = ORIENTED_EDGE('',*,*,#18328,.F.);
#18328 = EDGE_CURVE('',#18329,#18331,#18333,.T.);
#18329 = VERTEX_POINT('',#18330);
#18330 = CARTESIAN_POINT('',(2.222E+03,280.,1.518E+03));
#18331 = VERTEX_POINT('',#18332);
#18332 = CARTESIAN_POINT('',(2.222E+03,280.,1.536E+03));
#18333 = LINE('',#18334,#18335);
#18334 = CARTESIAN_POINT('',(2.222E+03,280.,1.518E+03));
#18335 = VECTOR('',#18336,1.);
#18336 = DIRECTION('',(0.,0.,1.));
#18337 = ORIENTED_EDGE('',*,*,#18338,.T.);
#18338 = EDGE_CURVE('',#18329,#18339,#18341,.T.);
#18339 = VERTEX_POINT('',#18340);
#18340 = CARTESIAN_POINT('',(2.222E+03,600.,1.518E+03));
#18341 = LINE('',#18342,#18343);
#18342 = CARTESIAN_POINT('',(2.222E+03,280.,1.518E+03));
#18343 = VECTOR('',#18344,1.);
#18344 = DIRECTION('',(0.,1.,0.));
#18345 = ORIENTED_EDGE('',*,*,#18346,.T.);
#18346 = EDGE_CURVE('',#18339,#18347,#18349,.T.);
#18347 = VERTEX_POINT('',#18348);
#18348 = CARTESIAN_POINT('',(2.222E+03,600.,1.536E+03));
#18349 = LINE('',#18350,#18351);
#18350 = CARTESIAN_POINT('',(2.222E+03,600.,1.518E+03));
#18351 = VECTOR('',#18352,1.);
#18352 = DIRECTION('',(0.,0.,1.));
#18353 = ORIENTED_EDGE('',*,*,#18354,.F.);
#18354 = EDGE_CURVE('',#18331,#18347,#18355,.T.);
#18355 = LINE('',#18356,#18357);
#18356 = CARTESIAN_POINT('',(2.222E+03,280.,1.536E+03));
#18357 = VECTOR('',#18358,1.);
#18358 = DIRECTION('',(0.,1.,0.));
#18359 = PLANE('',#18360);
#18360 = AXIS2_PLACEMENT_3D('',#18361,#18362,#18363);
#18361 = CARTESIAN_POINT('',(2.222E+03,280.,1.518E+03));
#18362 = DIRECTION('',(1.,0.,0.));
#18363 = DIRECTION('',(0.,0.,1.));
#18364 = ADVANCED_FACE('',(#18365),#18381,.F.);
#18365 = FACE_BOUND('',#18366,.F.);
#18366 = EDGE_LOOP('',(#18367,#18373,#18374,#18380));
#18367 = ORIENTED_EDGE('',*,*,#18368,.F.);
#18368 = EDGE_CURVE('',#18289,#18329,#18369,.T.);
#18369 = LINE('',#18370,#18371);
#18370 = CARTESIAN_POINT('',(939.,280.,1.518E+03));
#18371 = VECTOR('',#18372,1.);
#18372 = DIRECTION('',(1.,0.,0.));
#18373 = ORIENTED_EDGE('',*,*,#18288,.T.);
#18374 = ORIENTED_EDGE('',*,*,#18375,.T.);
#18375 = EDGE_CURVE('',#18291,#18331,#18376,.T.);
#18376 = LINE('',#18377,#18378);
#18377 = CARTESIAN_POINT('',(939.,280.,1.536E+03));
#18378 = VECTOR('',#18379,1.);
#18379 = DIRECTION('',(1.,0.,0.));
#18380 = ORIENTED_EDGE('',*,*,#18328,.F.);
#18381 = PLANE('',#18382);
#18382 = AXIS2_PLACEMENT_3D('',#18383,#18384,#18385);
#18383 = CARTESIAN_POINT('',(939.,280.,1.518E+03));
#18384 = DIRECTION('',(0.,1.,0.));
#18385 = DIRECTION('',(0.,0.,1.));
#18386 = ADVANCED_FACE('',(#18387),#18403,.T.);
#18387 = FACE_BOUND('',#18388,.T.);
#18388 = EDGE_LOOP('',(#18389,#18395,#18396,#18402));
#18389 = ORIENTED_EDGE('',*,*,#18390,.F.);
#18390 = EDGE_CURVE('',#18299,#18339,#18391,.T.);
#18391 = LINE('',#18392,#18393);
#18392 = CARTESIAN_POINT('',(939.,600.,1.518E+03));
#18393 = VECTOR('',#18394,1.);
#18394 = DIRECTION('',(1.,0.,0.));
#18395 = ORIENTED_EDGE('',*,*,#18306,.T.);
#18396 = ORIENTED_EDGE('',*,*,#18397,.T.);
#18397 = EDGE_CURVE('',#18307,#18347,#18398,.T.);
#18398 = LINE('',#18399,#18400);
#18399 = CARTESIAN_POINT('',(939.,600.,1.536E+03));
#18400 = VECTOR('',#18401,1.);
#18401 = DIRECTION('',(1.,0.,0.));
#18402 = ORIENTED_EDGE('',*,*,#18346,.F.);
#18403 = PLANE('',#18404);
#18404 = AXIS2_PLACEMENT_3D('',#18405,#18406,#18407);
#18405 = CARTESIAN_POINT('',(939.,600.,1.518E+03));
#18406 = DIRECTION('',(0.,1.,0.));
#18407 = DIRECTION('',(0.,0.,1.));
#18408 = ADVANCED_FACE('',(#18409),#18415,.F.);
#18409 = FACE_BOUND('',#18410,.F.);
#18410 = EDGE_LOOP('',(#18411,#18412,#18413,#18414));
#18411 = ORIENTED_EDGE('',*,*,#18298,.F.);
#18412 = ORIENTED_EDGE('',*,*,#18368,.T.);
#18413 = ORIENTED_EDGE('',*,*,#18338,.T.);
#18414 = ORIENTED_EDGE('',*,*,#18390,.F.);
#18415 = PLANE('',#18416);
#18416 = AXIS2_PLACEMENT_3D('',#18417,#18418,#18419);
#18417 = CARTESIAN_POINT('',(939.,280.,1.518E+03));
#18418 = DIRECTION('',(0.,0.,1.));
#18419 = DIRECTION('',(1.,0.,0.));
#18420 = ADVANCED_FACE('',(#18421),#18427,.T.);
#18421 = FACE_BOUND('',#18422,.T.);
#18422 = EDGE_LOOP('',(#18423,#18424,#18425,#18426));
#18423 = ORIENTED_EDGE('',*,*,#18314,.F.);
#18424 = ORIENTED_EDGE('',*,*,#18375,.T.);
#18425 = ORIENTED_EDGE('',*,*,#18354,.T.);
#18426 = ORIENTED_EDGE('',*,*,#18397,.F.);
#18427 = PLANE('',#18428);
#18428 = AXIS2_PLACEMENT_3D('',#18429,#18430,#18431);
#18429 = CARTESIAN_POINT('',(939.,280.,1.536E+03));
#18430 = DIRECTION('',(0.,0.,1.));
#18431 = DIRECTION('',(1.,0.,0.));
#18432 = MANIFOLD_SOLID_BREP('',#18433);
#18433 = CLOSED_SHELL('',(#18434,#18474,#18514,#18536,#18558,#18570));
#18434 = ADVANCED_FACE('',(#18435),#18469,.F.);
#18435 = FACE_BOUND('',#18436,.F.);
#18436 = EDGE_LOOP('',(#18437,#18447,#18455,#18463));
#18437 = ORIENTED_EDGE('',*,*,#18438,.F.);
#18438 = EDGE_CURVE('',#18439,#18441,#18443,.T.);
#18439 = VERTEX_POINT('',#18440);
#18440 = CARTESIAN_POINT('',(939.,280.,1.773E+03));
#18441 = VERTEX_POINT('',#18442);
#18442 = CARTESIAN_POINT('',(939.,280.,1.791E+03));
#18443 = LINE('',#18444,#18445);
#18444 = CARTESIAN_POINT('',(939.,280.,1.773E+03));
#18445 = VECTOR('',#18446,1.);
#18446 = DIRECTION('',(0.,0.,1.));
#18447 = ORIENTED_EDGE('',*,*,#18448,.T.);
#18448 = EDGE_CURVE('',#18439,#18449,#18451,.T.);
#18449 = VERTEX_POINT('',#18450);
#18450 = CARTESIAN_POINT('',(939.,600.,1.773E+03));
#18451 = LINE('',#18452,#18453);
#18452 = CARTESIAN_POINT('',(939.,280.,1.773E+03));
#18453 = VECTOR('',#18454,1.);
#18454 = DIRECTION('',(0.,1.,0.));
#18455 = ORIENTED_EDGE('',*,*,#18456,.T.);
#18456 = EDGE_CURVE('',#18449,#18457,#18459,.T.);
#18457 = VERTEX_POINT('',#18458);
#18458 = CARTESIAN_POINT('',(939.,600.,1.791E+03));
#18459 = LINE('',#18460,#18461);
#18460 = CARTESIAN_POINT('',(939.,600.,1.773E+03));
#18461 = VECTOR('',#18462,1.);
#18462 = DIRECTION('',(0.,0.,1.));
#18463 = ORIENTED_EDGE('',*,*,#18464,.F.);
#18464 = EDGE_CURVE('',#18441,#18457,#18465,.T.);
#18465 = LINE('',#18466,#18467);
#18466 = CARTESIAN_POINT('',(939.,280.,1.791E+03));
#18467 = VECTOR('',#18468,1.);
#18468 = DIRECTION('',(0.,1.,0.));
#18469 = PLANE('',#18470);
#18470 = AXIS2_PLACEMENT_3D('',#18471,#18472,#18473);
#18471 = CARTESIAN_POINT('',(939.,280.,1.773E+03));
#18472 = DIRECTION('',(1.,0.,0.));
#18473 = DIRECTION('',(0.,0.,1.));
#18474 = ADVANCED_FACE('',(#18475),#18509,.T.);
#18475 = FACE_BOUND('',#18476,.T.);
#18476 = EDGE_LOOP('',(#18477,#18487,#18495,#18503));
#18477 = ORIENTED_EDGE('',*,*,#18478,.F.);
#18478 = EDGE_CURVE('',#18479,#18481,#18483,.T.);
#18479 = VERTEX_POINT('',#18480);
#18480 = CARTESIAN_POINT('',(2.222E+03,280.,1.773E+03));
#18481 = VERTEX_POINT('',#18482);
#18482 = CARTESIAN_POINT('',(2.222E+03,280.,1.791E+03));
#18483 = LINE('',#18484,#18485);
#18484 = CARTESIAN_POINT('',(2.222E+03,280.,1.773E+03));
#18485 = VECTOR('',#18486,1.);
#18486 = DIRECTION('',(0.,0.,1.));
#18487 = ORIENTED_EDGE('',*,*,#18488,.T.);
#18488 = EDGE_CURVE('',#18479,#18489,#18491,.T.);
#18489 = VERTEX_POINT('',#18490);
#18490 = CARTESIAN_POINT('',(2.222E+03,600.,1.773E+03));
#18491 = LINE('',#18492,#18493);
#18492 = CARTESIAN_POINT('',(2.222E+03,280.,1.773E+03));
#18493 = VECTOR('',#18494,1.);
#18494 = DIRECTION('',(0.,1.,0.));
#18495 = ORIENTED_EDGE('',*,*,#18496,.T.);
#18496 = EDGE_CURVE('',#18489,#18497,#18499,.T.);
#18497 = VERTEX_POINT('',#18498);
#18498 = CARTESIAN_POINT('',(2.222E+03,600.,1.791E+03));
#18499 = LINE('',#18500,#18501);
#18500 = CARTESIAN_POINT('',(2.222E+03,600.,1.773E+03));
#18501 = VECTOR('',#18502,1.);
#18502 = DIRECTION('',(0.,0.,1.));
#18503 = ORIENTED_EDGE('',*,*,#18504,.F.);
#18504 = EDGE_CURVE('',#18481,#18497,#18505,.T.);
#18505 = LINE('',#18506,#18507);
#18506 = CARTESIAN_POINT('',(2.222E+03,280.,1.791E+03));
#18507 = VECTOR('',#18508,1.);
#18508 = DIRECTION('',(0.,1.,0.));
#18509 = PLANE('',#18510);
#18510 = AXIS2_PLACEMENT_3D('',#18511,#18512,#18513);
#18511 = CARTESIAN_POINT('',(2.222E+03,280.,1.773E+03));
#18512 = DIRECTION('',(1.,0.,0.));
#18513 = DIRECTION('',(0.,0.,1.));
#18514 = ADVANCED_FACE('',(#18515),#18531,.F.);
#18515 = FACE_BOUND('',#18516,.F.);
#18516 = EDGE_LOOP('',(#18517,#18523,#18524,#18530));
#18517 = ORIENTED_EDGE('',*,*,#18518,.F.);
#18518 = EDGE_CURVE('',#18439,#18479,#18519,.T.);
#18519 = LINE('',#18520,#18521);
#18520 = CARTESIAN_POINT('',(939.,280.,1.773E+03));
#18521 = VECTOR('',#18522,1.);
#18522 = DIRECTION('',(1.,0.,0.));
#18523 = ORIENTED_EDGE('',*,*,#18438,.T.);
#18524 = ORIENTED_EDGE('',*,*,#18525,.T.);
#18525 = EDGE_CURVE('',#18441,#18481,#18526,.T.);
#18526 = LINE('',#18527,#18528);
#18527 = CARTESIAN_POINT('',(939.,280.,1.791E+03));
#18528 = VECTOR('',#18529,1.);
#18529 = DIRECTION('',(1.,0.,0.));
#18530 = ORIENTED_EDGE('',*,*,#18478,.F.);
#18531 = PLANE('',#18532);
#18532 = AXIS2_PLACEMENT_3D('',#18533,#18534,#18535);
#18533 = CARTESIAN_POINT('',(939.,280.,1.773E+03));
#18534 = DIRECTION('',(0.,1.,0.));
#18535 = DIRECTION('',(0.,0.,1.));
#18536 = ADVANCED_FACE('',(#18537),#18553,.T.);
#18537 = FACE_BOUND('',#18538,.T.);
#18538 = EDGE_LOOP('',(#18539,#18545,#18546,#18552));
#18539 = ORIENTED_EDGE('',*,*,#18540,.F.);
#18540 = EDGE_CURVE('',#18449,#18489,#18541,.T.);
#18541 = LINE('',#18542,#18543);
#18542 = CARTESIAN_POINT('',(939.,600.,1.773E+03));
#18543 = VECTOR('',#18544,1.);
#18544 = DIRECTION('',(1.,0.,0.));
#18545 = ORIENTED_EDGE('',*,*,#18456,.T.);
#18546 = ORIENTED_EDGE('',*,*,#18547,.T.);
#18547 = EDGE_CURVE('',#18457,#18497,#18548,.T.);
#18548 = LINE('',#18549,#18550);
#18549 = CARTESIAN_POINT('',(939.,600.,1.791E+03));
#18550 = VECTOR('',#18551,1.);
#18551 = DIRECTION('',(1.,0.,0.));
#18552 = ORIENTED_EDGE('',*,*,#18496,.F.);
#18553 = PLANE('',#18554);
#18554 = AXIS2_PLACEMENT_3D('',#18555,#18556,#18557);
#18555 = CARTESIAN_POINT('',(939.,600.,1.773E+03));
#18556 = DIRECTION('',(0.,1.,0.));
#18557 = DIRECTION('',(0.,0.,1.));
#18558 = ADVANCED_FACE('',(#18559),#18565,.F.);
#18559 = FACE_BOUND('',#18560,.F.);
#18560 = EDGE_LOOP('',(#18561,#18562,#18563,#18564));
#18561 = ORIENTED_EDGE('',*,*,#18448,.F.);
#18562 = ORIENTED_EDGE('',*,*,#18518,.T.);
#18563 = ORIENTED_EDGE('',*,*,#18488,.T.);
#18564 = ORIENTED_EDGE('',*,*,#18540,.F.);
#18565 = PLANE('',#18566);
#18566 = AXIS2_PLACEMENT_3D('',#18567,#18568,#18569);
#18567 = CARTESIAN_POINT('',(939.,280.,1.773E+03));
#18568 = DIRECTION('',(0.,0.,1.));
#18569 = DIRECTION('',(1.,0.,0.));
#18570 = ADVANCED_FACE('',(#18571),#18577,.T.);
#18571 = FACE_BOUND('',#18572,.T.);
#18572 = EDGE_LOOP('',(#18573,#18574,#18575,#18576));
#18573 = ORIENTED_EDGE('',*,*,#18464,.F.);
#18574 = ORIENTED_EDGE('',*,*,#18525,.T.);
#18575 = ORIENTED_EDGE('',*,*,#18504,.T.);
#18576 = ORIENTED_EDGE('',*,*,#18547,.F.);
#18577 = PLANE('',#18578);
#18578 = AXIS2_PLACEMENT_3D('',#18579,#18580,#18581);
#18579 = CARTESIAN_POINT('',(939.,280.,1.791E+03));
#18580 = DIRECTION('',(0.,0.,1.));
#18581 = DIRECTION('',(1.,0.,0.));
#18582 = MANIFOLD_SOLID_BREP('',#18583);
#18583 = CLOSED_SHELL('',(#18584,#18624,#18664,#18686,#18708,#18720));
#18584 = ADVANCED_FACE('',(#18585),#18619,.F.);
#18585 = FACE_BOUND('',#18586,.F.);
#18586 = EDGE_LOOP('',(#18587,#18597,#18605,#18613));
#18587 = ORIENTED_EDGE('',*,*,#18588,.F.);
#18588 = EDGE_CURVE('',#18589,#18591,#18593,.T.);
#18589 = VERTEX_POINT('',#18590);
#18590 = CARTESIAN_POINT('',(939.,582.,1.518E+03));
#18591 = VERTEX_POINT('',#18592);
#18592 = CARTESIAN_POINT('',(939.,582.,1.791E+03));
#18593 = LINE('',#18594,#18595);
#18594 = CARTESIAN_POINT('',(939.,582.,1.518E+03));
#18595 = VECTOR('',#18596,1.);
#18596 = DIRECTION('',(0.,0.,1.));
#18597 = ORIENTED_EDGE('',*,*,#18598,.T.);
#18598 = EDGE_CURVE('',#18589,#18599,#18601,.T.);
#18599 = VERTEX_POINT('',#18600);
#18600 = CARTESIAN_POINT('',(939.,600.,1.518E+03));
#18601 = LINE('',#18602,#18603);
#18602 = CARTESIAN_POINT('',(939.,582.,1.518E+03));
#18603 = VECTOR('',#18604,1.);
#18604 = DIRECTION('',(0.,1.,0.));
#18605 = ORIENTED_EDGE('',*,*,#18606,.T.);
#18606 = EDGE_CURVE('',#18599,#18607,#18609,.T.);
#18607 = VERTEX_POINT('',#18608);
#18608 = CARTESIAN_POINT('',(939.,600.,1.791E+03));
#18609 = LINE('',#18610,#18611);
#18610 = CARTESIAN_POINT('',(939.,600.,1.518E+03));
#18611 = VECTOR('',#18612,1.);
#18612 = DIRECTION('',(0.,0.,1.));
#18613 = ORIENTED_EDGE('',*,*,#18614,.F.);
#18614 = EDGE_CURVE('',#18591,#18607,#18615,.T.);
#18615 = LINE('',#18616,#18617);
#18616 = CARTESIAN_POINT('',(939.,582.,1.791E+03));
#18617 = VECTOR('',#18618,1.);
#18618 = DIRECTION('',(0.,1.,0.));
#18619 = PLANE('',#18620);
#18620 = AXIS2_PLACEMENT_3D('',#18621,#18622,#18623);
#18621 = CARTESIAN_POINT('',(939.,582.,1.518E+03));
#18622 = DIRECTION('',(1.,0.,0.));
#18623 = DIRECTION('',(0.,0.,1.));
#18624 = ADVANCED_FACE('',(#18625),#18659,.T.);
#18625 = FACE_BOUND('',#18626,.T.);
#18626 = EDGE_LOOP('',(#18627,#18637,#18645,#18653));
#18627 = ORIENTED_EDGE('',*,*,#18628,.F.);
#18628 = EDGE_CURVE('',#18629,#18631,#18633,.T.);
#18629 = VERTEX_POINT('',#18630);
#18630 = CARTESIAN_POINT('',(2.222E+03,582.,1.518E+03));
#18631 = VERTEX_POINT('',#18632);
#18632 = CARTESIAN_POINT('',(2.222E+03,582.,1.791E+03));
#18633 = LINE('',#18634,#18635);
#18634 = CARTESIAN_POINT('',(2.222E+03,582.,1.518E+03));
#18635 = VECTOR('',#18636,1.);
#18636 = DIRECTION('',(0.,0.,1.));
#18637 = ORIENTED_EDGE('',*,*,#18638,.T.);
#18638 = EDGE_CURVE('',#18629,#18639,#18641,.T.);
#18639 = VERTEX_POINT('',#18640);
#18640 = CARTESIAN_POINT('',(2.222E+03,600.,1.518E+03));
#18641 = LINE('',#18642,#18643);
#18642 = CARTESIAN_POINT('',(2.222E+03,582.,1.518E+03));
#18643 = VECTOR('',#18644,1.);
#18644 = DIRECTION('',(0.,1.,0.));
#18645 = ORIENTED_EDGE('',*,*,#18646,.T.);
#18646 = EDGE_CURVE('',#18639,#18647,#18649,.T.);
#18647 = VERTEX_POINT('',#18648);
#18648 = CARTESIAN_POINT('',(2.222E+03,600.,1.791E+03));
#18649 = LINE('',#18650,#18651);
#18650 = CARTESIAN_POINT('',(2.222E+03,600.,1.518E+03));
#18651 = VECTOR('',#18652,1.);
#18652 = DIRECTION('',(0.,0.,1.));
#18653 = ORIENTED_EDGE('',*,*,#18654,.F.);
#18654 = EDGE_CURVE('',#18631,#18647,#18655,.T.);
#18655 = LINE('',#18656,#18657);
#18656 = CARTESIAN_POINT('',(2.222E+03,582.,1.791E+03));
#18657 = VECTOR('',#18658,1.);
#18658 = DIRECTION('',(0.,1.,0.));
#18659 = PLANE('',#18660);
#18660 = AXIS2_PLACEMENT_3D('',#18661,#18662,#18663);
#18661 = CARTESIAN_POINT('',(2.222E+03,582.,1.518E+03));
#18662 = DIRECTION('',(1.,0.,0.));
#18663 = DIRECTION('',(0.,0.,1.));
#18664 = ADVANCED_FACE('',(#18665),#18681,.F.);
#18665 = FACE_BOUND('',#18666,.F.);
#18666 = EDGE_LOOP('',(#18667,#18673,#18674,#18680));
#18667 = ORIENTED_EDGE('',*,*,#18668,.F.);
#18668 = EDGE_CURVE('',#18589,#18629,#18669,.T.);
#18669 = LINE('',#18670,#18671);
#18670 = CARTESIAN_POINT('',(939.,582.,1.518E+03));
#18671 = VECTOR('',#18672,1.);
#18672 = DIRECTION('',(1.,0.,0.));
#18673 = ORIENTED_EDGE('',*,*,#18588,.T.);
#18674 = ORIENTED_EDGE('',*,*,#18675,.T.);
#18675 = EDGE_CURVE('',#18591,#18631,#18676,.T.);
#18676 = LINE('',#18677,#18678);
#18677 = CARTESIAN_POINT('',(939.,582.,1.791E+03));
#18678 = VECTOR('',#18679,1.);
#18679 = DIRECTION('',(1.,0.,0.));
#18680 = ORIENTED_EDGE('',*,*,#18628,.F.);
#18681 = PLANE('',#18682);
#18682 = AXIS2_PLACEMENT_3D('',#18683,#18684,#18685);
#18683 = CARTESIAN_POINT('',(939.,582.,1.518E+03));
#18684 = DIRECTION('',(0.,1.,0.));
#18685 = DIRECTION('',(0.,0.,1.));
#18686 = ADVANCED_FACE('',(#18687),#18703,.T.);
#18687 = FACE_BOUND('',#18688,.T.);
#18688 = EDGE_LOOP('',(#18689,#18695,#18696,#18702));
#18689 = ORIENTED_EDGE('',*,*,#18690,.F.);
#18690 = EDGE_CURVE('',#18599,#18639,#18691,.T.);
#18691 = LINE('',#18692,#18693);
#18692 = CARTESIAN_POINT('',(939.,600.,1.518E+03));
#18693 = VECTOR('',#18694,1.);
#18694 = DIRECTION('',(1.,0.,0.));
#18695 = ORIENTED_EDGE('',*,*,#18606,.T.);
#18696 = ORIENTED_EDGE('',*,*,#18697,.T.);
#18697 = EDGE_CURVE('',#18607,#18647,#18698,.T.);
#18698 = LINE('',#18699,#18700);
#18699 = CARTESIAN_POINT('',(939.,600.,1.791E+03));
#18700 = VECTOR('',#18701,1.);
#18701 = DIRECTION('',(1.,0.,0.));
#18702 = ORIENTED_EDGE('',*,*,#18646,.F.);
#18703 = PLANE('',#18704);
#18704 = AXIS2_PLACEMENT_3D('',#18705,#18706,#18707);
#18705 = CARTESIAN_POINT('',(939.,600.,1.518E+03));
#18706 = DIRECTION('',(0.,1.,0.));
#18707 = DIRECTION('',(0.,0.,1.));
#18708 = ADVANCED_FACE('',(#18709),#18715,.F.);
#18709 = FACE_BOUND('',#18710,.F.);
#18710 = EDGE_LOOP('',(#18711,#18712,#18713,#18714));
#18711 = ORIENTED_EDGE('',*,*,#18598,.F.);
#18712 = ORIENTED_EDGE('',*,*,#18668,.T.);
#18713 = ORIENTED_EDGE('',*,*,#18638,.T.);
#18714 = ORIENTED_EDGE('',*,*,#18690,.F.);
#18715 = PLANE('',#18716);
#18716 = AXIS2_PLACEMENT_3D('',#18717,#18718,#18719);
#18717 = CARTESIAN_POINT('',(939.,582.,1.518E+03));
#18718 = DIRECTION('',(0.,0.,1.));
#18719 = DIRECTION('',(1.,0.,0.));
#18720 = ADVANCED_FACE('',(#18721),#18727,.T.);
#18721 = FACE_BOUND('',#18722,.T.);
#18722 = EDGE_LOOP('',(#18723,#18724,#18725,#18726));
#18723 = ORIENTED_EDGE('',*,*,#18614,.F.);
#18724 = ORIENTED_EDGE('',*,*,#18675,.T.);
#18725 = ORIENTED_EDGE('',*,*,#18654,.T.);
#18726 = ORIENTED_EDGE('',*,*,#18697,.F.);
#18727 = PLANE('',#18728);
#18728 = AXIS2_PLACEMENT_3D('',#18729,#18730,#18731);
#18729 = CARTESIAN_POINT('',(939.,582.,1.791E+03));
#18730 = DIRECTION('',(0.,0.,1.));
#18731 = DIRECTION('',(1.,0.,0.));
#18732 = MANIFOLD_SOLID_BREP('',#18733);
#18733 = CLOSED_SHELL('',(#18734,#18774,#18814,#18836,#18858,#18870));
#18734 = ADVANCED_FACE('',(#18735),#18769,.F.);
#18735 = FACE_BOUND('',#18736,.F.);
#18736 = EDGE_LOOP('',(#18737,#18747,#18755,#18763));
#18737 = ORIENTED_EDGE('',*,*,#18738,.F.);
#18738 = EDGE_CURVE('',#18739,#18741,#18743,.T.);
#18739 = VERTEX_POINT('',#18740);
#18740 = CARTESIAN_POINT('',(903.,280.,1.827E+03));
#18741 = VERTEX_POINT('',#18742);
#18742 = CARTESIAN_POINT('',(903.,280.,2.282E+03));
#18743 = LINE('',#18744,#18745);
#18744 = CARTESIAN_POINT('',(903.,280.,1.827E+03));
#18745 = VECTOR('',#18746,1.);
#18746 = DIRECTION('',(0.,0.,1.));
#18747 = ORIENTED_EDGE('',*,*,#18748,.T.);
#18748 = EDGE_CURVE('',#18739,#18749,#18751,.T.);
#18749 = VERTEX_POINT('',#18750);
#18750 = CARTESIAN_POINT('',(903.,600.,1.827E+03));
#18751 = LINE('',#18752,#18753);
#18752 = CARTESIAN_POINT('',(903.,280.,1.827E+03));
#18753 = VECTOR('',#18754,1.);
#18754 = DIRECTION('',(0.,1.,0.));
#18755 = ORIENTED_EDGE('',*,*,#18756,.T.);
#18756 = EDGE_CURVE('',#18749,#18757,#18759,.T.);
#18757 = VERTEX_POINT('',#18758);
#18758 = CARTESIAN_POINT('',(903.,600.,2.282E+03));
#18759 = LINE('',#18760,#18761);
#18760 = CARTESIAN_POINT('',(903.,600.,1.827E+03));
#18761 = VECTOR('',#18762,1.);
#18762 = DIRECTION('',(0.,0.,1.));
#18763 = ORIENTED_EDGE('',*,*,#18764,.F.);
#18764 = EDGE_CURVE('',#18741,#18757,#18765,.T.);
#18765 = LINE('',#18766,#18767);
#18766 = CARTESIAN_POINT('',(903.,280.,2.282E+03));
#18767 = VECTOR('',#18768,1.);
#18768 = DIRECTION('',(0.,1.,0.));
#18769 = PLANE('',#18770);
#18770 = AXIS2_PLACEMENT_3D('',#18771,#18772,#18773);
#18771 = CARTESIAN_POINT('',(903.,280.,1.827E+03));
#18772 = DIRECTION('',(1.,0.,0.));
#18773 = DIRECTION('',(0.,0.,1.));
#18774 = ADVANCED_FACE('',(#18775),#18809,.T.);
#18775 = FACE_BOUND('',#18776,.T.);
#18776 = EDGE_LOOP('',(#18777,#18787,#18795,#18803));
#18777 = ORIENTED_EDGE('',*,*,#18778,.F.);
#18778 = EDGE_CURVE('',#18779,#18781,#18783,.T.);
#18779 = VERTEX_POINT('',#18780);
#18780 = CARTESIAN_POINT('',(921.,280.,1.827E+03));
#18781 = VERTEX_POINT('',#18782);
#18782 = CARTESIAN_POINT('',(921.,280.,2.282E+03));
#18783 = LINE('',#18784,#18785);
#18784 = CARTESIAN_POINT('',(921.,280.,1.827E+03));
#18785 = VECTOR('',#18786,1.);
#18786 = DIRECTION('',(0.,0.,1.));
#18787 = ORIENTED_EDGE('',*,*,#18788,.T.);
#18788 = EDGE_CURVE('',#18779,#18789,#18791,.T.);
#18789 = VERTEX_POINT('',#18790);
#18790 = CARTESIAN_POINT('',(921.,600.,1.827E+03));
#18791 = LINE('',#18792,#18793);
#18792 = CARTESIAN_POINT('',(921.,280.,1.827E+03));
#18793 = VECTOR('',#18794,1.);
#18794 = DIRECTION('',(0.,1.,0.));
#18795 = ORIENTED_EDGE('',*,*,#18796,.T.);
#18796 = EDGE_CURVE('',#18789,#18797,#18799,.T.);
#18797 = VERTEX_POINT('',#18798);
#18798 = CARTESIAN_POINT('',(921.,600.,2.282E+03));
#18799 = LINE('',#18800,#18801);
#18800 = CARTESIAN_POINT('',(921.,600.,1.827E+03));
#18801 = VECTOR('',#18802,1.);
#18802 = DIRECTION('',(0.,0.,1.));
#18803 = ORIENTED_EDGE('',*,*,#18804,.F.);
#18804 = EDGE_CURVE('',#18781,#18797,#18805,.T.);
#18805 = LINE('',#18806,#18807);
#18806 = CARTESIAN_POINT('',(921.,280.,2.282E+03));
#18807 = VECTOR('',#18808,1.);
#18808 = DIRECTION('',(0.,1.,0.));
#18809 = PLANE('',#18810);
#18810 = AXIS2_PLACEMENT_3D('',#18811,#18812,#18813);
#18811 = CARTESIAN_POINT('',(921.,280.,1.827E+03));
#18812 = DIRECTION('',(1.,0.,0.));
#18813 = DIRECTION('',(0.,0.,1.));
#18814 = ADVANCED_FACE('',(#18815),#18831,.F.);
#18815 = FACE_BOUND('',#18816,.F.);
#18816 = EDGE_LOOP('',(#18817,#18823,#18824,#18830));
#18817 = ORIENTED_EDGE('',*,*,#18818,.F.);
#18818 = EDGE_CURVE('',#18739,#18779,#18819,.T.);
#18819 = LINE('',#18820,#18821);
#18820 = CARTESIAN_POINT('',(903.,280.,1.827E+03));
#18821 = VECTOR('',#18822,1.);
#18822 = DIRECTION('',(1.,0.,0.));
#18823 = ORIENTED_EDGE('',*,*,#18738,.T.);
#18824 = ORIENTED_EDGE('',*,*,#18825,.T.);
#18825 = EDGE_CURVE('',#18741,#18781,#18826,.T.);
#18826 = LINE('',#18827,#18828);
#18827 = CARTESIAN_POINT('',(903.,280.,2.282E+03));
#18828 = VECTOR('',#18829,1.);
#18829 = DIRECTION('',(1.,0.,0.));
#18830 = ORIENTED_EDGE('',*,*,#18778,.F.);
#18831 = PLANE('',#18832);
#18832 = AXIS2_PLACEMENT_3D('',#18833,#18834,#18835);
#18833 = CARTESIAN_POINT('',(903.,280.,1.827E+03));
#18834 = DIRECTION('',(0.,1.,0.));
#18835 = DIRECTION('',(0.,0.,1.));
#18836 = ADVANCED_FACE('',(#18837),#18853,.T.);
#18837 = FACE_BOUND('',#18838,.T.);
#18838 = EDGE_LOOP('',(#18839,#18845,#18846,#18852));
#18839 = ORIENTED_EDGE('',*,*,#18840,.F.);
#18840 = EDGE_CURVE('',#18749,#18789,#18841,.T.);
#18841 = LINE('',#18842,#18843);
#18842 = CARTESIAN_POINT('',(903.,600.,1.827E+03));
#18843 = VECTOR('',#18844,1.);
#18844 = DIRECTION('',(1.,0.,0.));
#18845 = ORIENTED_EDGE('',*,*,#18756,.T.);
#18846 = ORIENTED_EDGE('',*,*,#18847,.T.);
#18847 = EDGE_CURVE('',#18757,#18797,#18848,.T.);
#18848 = LINE('',#18849,#18850);
#18849 = CARTESIAN_POINT('',(903.,600.,2.282E+03));
#18850 = VECTOR('',#18851,1.);
#18851 = DIRECTION('',(1.,0.,0.));
#18852 = ORIENTED_EDGE('',*,*,#18796,.F.);
#18853 = PLANE('',#18854);
#18854 = AXIS2_PLACEMENT_3D('',#18855,#18856,#18857);
#18855 = CARTESIAN_POINT('',(903.,600.,1.827E+03));
#18856 = DIRECTION('',(0.,1.,0.));
#18857 = DIRECTION('',(0.,0.,1.));
#18858 = ADVANCED_FACE('',(#18859),#18865,.F.);
#18859 = FACE_BOUND('',#18860,.F.);
#18860 = EDGE_LOOP('',(#18861,#18862,#18863,#18864));
#18861 = ORIENTED_EDGE('',*,*,#18748,.F.);
#18862 = ORIENTED_EDGE('',*,*,#18818,.T.);
#18863 = ORIENTED_EDGE('',*,*,#18788,.T.);
#18864 = ORIENTED_EDGE('',*,*,#18840,.F.);
#18865 = PLANE('',#18866);
#18866 = AXIS2_PLACEMENT_3D('',#18867,#18868,#18869);
#18867 = CARTESIAN_POINT('',(903.,280.,1.827E+03));
#18868 = DIRECTION('',(0.,0.,1.));
#18869 = DIRECTION('',(1.,0.,0.));
#18870 = ADVANCED_FACE('',(#18871),#18877,.T.);
#18871 = FACE_BOUND('',#18872,.T.);
#18872 = EDGE_LOOP('',(#18873,#18874,#18875,#18876));
#18873 = ORIENTED_EDGE('',*,*,#18764,.F.);
#18874 = ORIENTED_EDGE('',*,*,#18825,.T.);
#18875 = ORIENTED_EDGE('',*,*,#18804,.T.);
#18876 = ORIENTED_EDGE('',*,*,#18847,.F.);
#18877 = PLANE('',#18878);
#18878 = AXIS2_PLACEMENT_3D('',#18879,#18880,#18881);
#18879 = CARTESIAN_POINT('',(903.,280.,2.282E+03));
#18880 = DIRECTION('',(0.,0.,1.));
#18881 = DIRECTION('',(1.,0.,0.));
#18882 = MANIFOLD_SOLID_BREP('',#18883);
#18883 = CLOSED_SHELL('',(#18884,#18924,#18964,#18986,#19008,#19020));
#18884 = ADVANCED_FACE('',(#18885),#18919,.F.);
#18885 = FACE_BOUND('',#18886,.F.);
#18886 = EDGE_LOOP('',(#18887,#18897,#18905,#18913));
#18887 = ORIENTED_EDGE('',*,*,#18888,.F.);
#18888 = EDGE_CURVE('',#18889,#18891,#18893,.T.);
#18889 = VERTEX_POINT('',#18890);
#18890 = CARTESIAN_POINT('',(2.24E+03,280.,1.827E+03));
#18891 = VERTEX_POINT('',#18892);
#18892 = CARTESIAN_POINT('',(2.24E+03,280.,2.282E+03));
#18893 = LINE('',#18894,#18895);
#18894 = CARTESIAN_POINT('',(2.24E+03,280.,1.827E+03));
#18895 = VECTOR('',#18896,1.);
#18896 = DIRECTION('',(0.,0.,1.));
#18897 = ORIENTED_EDGE('',*,*,#18898,.T.);
#18898 = EDGE_CURVE('',#18889,#18899,#18901,.T.);
#18899 = VERTEX_POINT('',#18900);
#18900 = CARTESIAN_POINT('',(2.24E+03,600.,1.827E+03));
#18901 = LINE('',#18902,#18903);
#18902 = CARTESIAN_POINT('',(2.24E+03,280.,1.827E+03));
#18903 = VECTOR('',#18904,1.);
#18904 = DIRECTION('',(0.,1.,0.));
#18905 = ORIENTED_EDGE('',*,*,#18906,.T.);
#18906 = EDGE_CURVE('',#18899,#18907,#18909,.T.);
#18907 = VERTEX_POINT('',#18908);
#18908 = CARTESIAN_POINT('',(2.24E+03,600.,2.282E+03));
#18909 = LINE('',#18910,#18911);
#18910 = CARTESIAN_POINT('',(2.24E+03,600.,1.827E+03));
#18911 = VECTOR('',#18912,1.);
#18912 = DIRECTION('',(0.,0.,1.));
#18913 = ORIENTED_EDGE('',*,*,#18914,.F.);
#18914 = EDGE_CURVE('',#18891,#18907,#18915,.T.);
#18915 = LINE('',#18916,#18917);
#18916 = CARTESIAN_POINT('',(2.24E+03,280.,2.282E+03));
#18917 = VECTOR('',#18918,1.);
#18918 = DIRECTION('',(0.,1.,0.));
#18919 = PLANE('',#18920);
#18920 = AXIS2_PLACEMENT_3D('',#18921,#18922,#18923);
#18921 = CARTESIAN_POINT('',(2.24E+03,280.,1.827E+03));
#18922 = DIRECTION('',(1.,0.,0.));
#18923 = DIRECTION('',(0.,0.,1.));
#18924 = ADVANCED_FACE('',(#18925),#18959,.T.);
#18925 = FACE_BOUND('',#18926,.T.);
#18926 = EDGE_LOOP('',(#18927,#18937,#18945,#18953));
#18927 = ORIENTED_EDGE('',*,*,#18928,.F.);
#18928 = EDGE_CURVE('',#18929,#18931,#18933,.T.);
#18929 = VERTEX_POINT('',#18930);
#18930 = CARTESIAN_POINT('',(2.258E+03,280.,1.827E+03));
#18931 = VERTEX_POINT('',#18932);
#18932 = CARTESIAN_POINT('',(2.258E+03,280.,2.282E+03));
#18933 = LINE('',#18934,#18935);
#18934 = CARTESIAN_POINT('',(2.258E+03,280.,1.827E+03));
#18935 = VECTOR('',#18936,1.);
#18936 = DIRECTION('',(0.,0.,1.));
#18937 = ORIENTED_EDGE('',*,*,#18938,.T.);
#18938 = EDGE_CURVE('',#18929,#18939,#18941,.T.);
#18939 = VERTEX_POINT('',#18940);
#18940 = CARTESIAN_POINT('',(2.258E+03,600.,1.827E+03));
#18941 = LINE('',#18942,#18943);
#18942 = CARTESIAN_POINT('',(2.258E+03,280.,1.827E+03));
#18943 = VECTOR('',#18944,1.);
#18944 = DIRECTION('',(0.,1.,0.));
#18945 = ORIENTED_EDGE('',*,*,#18946,.T.);
#18946 = EDGE_CURVE('',#18939,#18947,#18949,.T.);
#18947 = VERTEX_POINT('',#18948);
#18948 = CARTESIAN_POINT('',(2.258E+03,600.,2.282E+03));
#18949 = LINE('',#18950,#18951);
#18950 = CARTESIAN_POINT('',(2.258E+03,600.,1.827E+03));
#18951 = VECTOR('',#18952,1.);
#18952 = DIRECTION('',(0.,0.,1.));
#18953 = ORIENTED_EDGE('',*,*,#18954,.F.);
#18954 = EDGE_CURVE('',#18931,#18947,#18955,.T.);
#18955 = LINE('',#18956,#18957);
#18956 = CARTESIAN_POINT('',(2.258E+03,280.,2.282E+03));
#18957 = VECTOR('',#18958,1.);
#18958 = DIRECTION('',(0.,1.,0.));
#18959 = PLANE('',#18960);
#18960 = AXIS2_PLACEMENT_3D('',#18961,#18962,#18963);
#18961 = CARTESIAN_POINT('',(2.258E+03,280.,1.827E+03));
#18962 = DIRECTION('',(1.,0.,0.));
#18963 = DIRECTION('',(0.,0.,1.));
#18964 = ADVANCED_FACE('',(#18965),#18981,.F.);
#18965 = FACE_BOUND('',#18966,.F.);
#18966 = EDGE_LOOP('',(#18967,#18973,#18974,#18980));
#18967 = ORIENTED_EDGE('',*,*,#18968,.F.);
#18968 = EDGE_CURVE('',#18889,#18929,#18969,.T.);
#18969 = LINE('',#18970,#18971);
#18970 = CARTESIAN_POINT('',(2.24E+03,280.,1.827E+03));
#18971 = VECTOR('',#18972,1.);
#18972 = DIRECTION('',(1.,0.,0.));
#18973 = ORIENTED_EDGE('',*,*,#18888,.T.);
#18974 = ORIENTED_EDGE('',*,*,#18975,.T.);
#18975 = EDGE_CURVE('',#18891,#18931,#18976,.T.);
#18976 = LINE('',#18977,#18978);
#18977 = CARTESIAN_POINT('',(2.24E+03,280.,2.282E+03));
#18978 = VECTOR('',#18979,1.);
#18979 = DIRECTION('',(1.,0.,0.));
#18980 = ORIENTED_EDGE('',*,*,#18928,.F.);
#18981 = PLANE('',#18982);
#18982 = AXIS2_PLACEMENT_3D('',#18983,#18984,#18985);
#18983 = CARTESIAN_POINT('',(2.24E+03,280.,1.827E+03));
#18984 = DIRECTION('',(0.,1.,0.));
#18985 = DIRECTION('',(0.,0.,1.));
#18986 = ADVANCED_FACE('',(#18987),#19003,.T.);
#18987 = FACE_BOUND('',#18988,.T.);
#18988 = EDGE_LOOP('',(#18989,#18995,#18996,#19002));
#18989 = ORIENTED_EDGE('',*,*,#18990,.F.);
#18990 = EDGE_CURVE('',#18899,#18939,#18991,.T.);
#18991 = LINE('',#18992,#18993);
#18992 = CARTESIAN_POINT('',(2.24E+03,600.,1.827E+03));
#18993 = VECTOR('',#18994,1.);
#18994 = DIRECTION('',(1.,0.,0.));
#18995 = ORIENTED_EDGE('',*,*,#18906,.T.);
#18996 = ORIENTED_EDGE('',*,*,#18997,.T.);
#18997 = EDGE_CURVE('',#18907,#18947,#18998,.T.);
#18998 = LINE('',#18999,#19000);
#18999 = CARTESIAN_POINT('',(2.24E+03,600.,2.282E+03));
#19000 = VECTOR('',#19001,1.);
#19001 = DIRECTION('',(1.,0.,0.));
#19002 = ORIENTED_EDGE('',*,*,#18946,.F.);
#19003 = PLANE('',#19004);
#19004 = AXIS2_PLACEMENT_3D('',#19005,#19006,#19007);
#19005 = CARTESIAN_POINT('',(2.24E+03,600.,1.827E+03));
#19006 = DIRECTION('',(0.,1.,0.));
#19007 = DIRECTION('',(0.,0.,1.));
#19008 = ADVANCED_FACE('',(#19009),#19015,.F.);
#19009 = FACE_BOUND('',#19010,.F.);
#19010 = EDGE_LOOP('',(#19011,#19012,#19013,#19014));
#19011 = ORIENTED_EDGE('',*,*,#18898,.F.);
#19012 = ORIENTED_EDGE('',*,*,#18968,.T.);
#19013 = ORIENTED_EDGE('',*,*,#18938,.T.);
#19014 = ORIENTED_EDGE('',*,*,#18990,.F.);
#19015 = PLANE('',#19016);
#19016 = AXIS2_PLACEMENT_3D('',#19017,#19018,#19019);
#19017 = CARTESIAN_POINT('',(2.24E+03,280.,1.827E+03));
#19018 = DIRECTION('',(0.,0.,1.));
#19019 = DIRECTION('',(1.,0.,0.));
#19020 = ADVANCED_FACE('',(#19021),#19027,.T.);
#19021 = FACE_BOUND('',#19022,.T.);
#19022 = EDGE_LOOP('',(#19023,#19024,#19025,#19026));
#19023 = ORIENTED_EDGE('',*,*,#18914,.F.);
#19024 = ORIENTED_EDGE('',*,*,#18975,.T.);
#19025 = ORIENTED_EDGE('',*,*,#18954,.T.);
#19026 = ORIENTED_EDGE('',*,*,#18997,.F.);
#19027 = PLANE('',#19028);
#19028 = AXIS2_PLACEMENT_3D('',#19029,#19030,#19031);
#19029 = CARTESIAN_POINT('',(2.24E+03,280.,2.282E+03));
#19030 = DIRECTION('',(0.,0.,1.));
#19031 = DIRECTION('',(1.,0.,0.));
#19032 = MANIFOLD_SOLID_BREP('',#19033);
#19033 = CLOSED_SHELL('',(#19034,#19074,#19114,#19136,#19158,#19170));
#19034 = ADVANCED_FACE('',(#19035),#19069,.F.);
#19035 = FACE_BOUND('',#19036,.F.);
#19036 = EDGE_LOOP('',(#19037,#19047,#19055,#19063));
#19037 = ORIENTED_EDGE('',*,*,#19038,.F.);
#19038 = EDGE_CURVE('',#19039,#19041,#19043,.T.);
#19039 = VERTEX_POINT('',#19040);
#19040 = CARTESIAN_POINT('',(903.,280.,1.809E+03));
#19041 = VERTEX_POINT('',#19042);
#19042 = CARTESIAN_POINT('',(903.,280.,1.827E+03));
#19043 = LINE('',#19044,#19045);
#19044 = CARTESIAN_POINT('',(903.,280.,1.809E+03));
#19045 = VECTOR('',#19046,1.);
#19046 = DIRECTION('',(0.,0.,1.));
#19047 = ORIENTED_EDGE('',*,*,#19048,.T.);
#19048 = EDGE_CURVE('',#19039,#19049,#19051,.T.);
#19049 = VERTEX_POINT('',#19050);
#19050 = CARTESIAN_POINT('',(903.,600.,1.809E+03));
#19051 = LINE('',#19052,#19053);
#19052 = CARTESIAN_POINT('',(903.,280.,1.809E+03));
#19053 = VECTOR('',#19054,1.);
#19054 = DIRECTION('',(0.,1.,0.));
#19055 = ORIENTED_EDGE('',*,*,#19056,.T.);
#19056 = EDGE_CURVE('',#19049,#19057,#19059,.T.);
#19057 = VERTEX_POINT('',#19058);
#19058 = CARTESIAN_POINT('',(903.,600.,1.827E+03));
#19059 = LINE('',#19060,#19061);
#19060 = CARTESIAN_POINT('',(903.,600.,1.809E+03));
#19061 = VECTOR('',#19062,1.);
#19062 = DIRECTION('',(0.,0.,1.));
#19063 = ORIENTED_EDGE('',*,*,#19064,.F.);
#19064 = EDGE_CURVE('',#19041,#19057,#19065,.T.);
#19065 = LINE('',#19066,#19067);
#19066 = CARTESIAN_POINT('',(903.,280.,1.827E+03));
#19067 = VECTOR('',#19068,1.);
#19068 = DIRECTION('',(0.,1.,0.));
#19069 = PLANE('',#19070);
#19070 = AXIS2_PLACEMENT_3D('',#19071,#19072,#19073);
#19071 = CARTESIAN_POINT('',(903.,280.,1.809E+03));
#19072 = DIRECTION('',(1.,0.,0.));
#19073 = DIRECTION('',(0.,0.,1.));
#19074 = ADVANCED_FACE('',(#19075),#19109,.T.);
#19075 = FACE_BOUND('',#19076,.T.);
#19076 = EDGE_LOOP('',(#19077,#19087,#19095,#19103));
#19077 = ORIENTED_EDGE('',*,*,#19078,.F.);
#19078 = EDGE_CURVE('',#19079,#19081,#19083,.T.);
#19079 = VERTEX_POINT('',#19080);
#19080 = CARTESIAN_POINT('',(2.258E+03,280.,1.809E+03));
#19081 = VERTEX_POINT('',#19082);
#19082 = CARTESIAN_POINT('',(2.258E+03,280.,1.827E+03));
#19083 = LINE('',#19084,#19085);
#19084 = CARTESIAN_POINT('',(2.258E+03,280.,1.809E+03));
#19085 = VECTOR('',#19086,1.);
#19086 = DIRECTION('',(0.,0.,1.));
#19087 = ORIENTED_EDGE('',*,*,#19088,.T.);
#19088 = EDGE_CURVE('',#19079,#19089,#19091,.T.);
#19089 = VERTEX_POINT('',#19090);
#19090 = CARTESIAN_POINT('',(2.258E+03,600.,1.809E+03));
#19091 = LINE('',#19092,#19093);
#19092 = CARTESIAN_POINT('',(2.258E+03,280.,1.809E+03));
#19093 = VECTOR('',#19094,1.);
#19094 = DIRECTION('',(0.,1.,0.));
#19095 = ORIENTED_EDGE('',*,*,#19096,.T.);
#19096 = EDGE_CURVE('',#19089,#19097,#19099,.T.);
#19097 = VERTEX_POINT('',#19098);
#19098 = CARTESIAN_POINT('',(2.258E+03,600.,1.827E+03));
#19099 = LINE('',#19100,#19101);
#19100 = CARTESIAN_POINT('',(2.258E+03,600.,1.809E+03));
#19101 = VECTOR('',#19102,1.);
#19102 = DIRECTION('',(0.,0.,1.));
#19103 = ORIENTED_EDGE('',*,*,#19104,.F.);
#19104 = EDGE_CURVE('',#19081,#19097,#19105,.T.);
#19105 = LINE('',#19106,#19107);
#19106 = CARTESIAN_POINT('',(2.258E+03,280.,1.827E+03));
#19107 = VECTOR('',#19108,1.);
#19108 = DIRECTION('',(0.,1.,0.));
#19109 = PLANE('',#19110);
#19110 = AXIS2_PLACEMENT_3D('',#19111,#19112,#19113);
#19111 = CARTESIAN_POINT('',(2.258E+03,280.,1.809E+03));
#19112 = DIRECTION('',(1.,0.,0.));
#19113 = DIRECTION('',(0.,0.,1.));
#19114 = ADVANCED_FACE('',(#19115),#19131,.F.);
#19115 = FACE_BOUND('',#19116,.F.);
#19116 = EDGE_LOOP('',(#19117,#19123,#19124,#19130));
#19117 = ORIENTED_EDGE('',*,*,#19118,.F.);
#19118 = EDGE_CURVE('',#19039,#19079,#19119,.T.);
#19119 = LINE('',#19120,#19121);
#19120 = CARTESIAN_POINT('',(903.,280.,1.809E+03));
#19121 = VECTOR('',#19122,1.);
#19122 = DIRECTION('',(1.,0.,0.));
#19123 = ORIENTED_EDGE('',*,*,#19038,.T.);
#19124 = ORIENTED_EDGE('',*,*,#19125,.T.);
#19125 = EDGE_CURVE('',#19041,#19081,#19126,.T.);
#19126 = LINE('',#19127,#19128);
#19127 = CARTESIAN_POINT('',(903.,280.,1.827E+03));
#19128 = VECTOR('',#19129,1.);
#19129 = DIRECTION('',(1.,0.,0.));
#19130 = ORIENTED_EDGE('',*,*,#19078,.F.);
#19131 = PLANE('',#19132);
#19132 = AXIS2_PLACEMENT_3D('',#19133,#19134,#19135);
#19133 = CARTESIAN_POINT('',(903.,280.,1.809E+03));
#19134 = DIRECTION('',(0.,1.,0.));
#19135 = DIRECTION('',(0.,0.,1.));
#19136 = ADVANCED_FACE('',(#19137),#19153,.T.);
#19137 = FACE_BOUND('',#19138,.T.);
#19138 = EDGE_LOOP('',(#19139,#19145,#19146,#19152));
#19139 = ORIENTED_EDGE('',*,*,#19140,.F.);
#19140 = EDGE_CURVE('',#19049,#19089,#19141,.T.);
#19141 = LINE('',#19142,#19143);
#19142 = CARTESIAN_POINT('',(903.,600.,1.809E+03));
#19143 = VECTOR('',#19144,1.);
#19144 = DIRECTION('',(1.,0.,0.));
#19145 = ORIENTED_EDGE('',*,*,#19056,.T.);
#19146 = ORIENTED_EDGE('',*,*,#19147,.T.);
#19147 = EDGE_CURVE('',#19057,#19097,#19148,.T.);
#19148 = LINE('',#19149,#19150);
#19149 = CARTESIAN_POINT('',(903.,600.,1.827E+03));
#19150 = VECTOR('',#19151,1.);
#19151 = DIRECTION('',(1.,0.,0.));
#19152 = ORIENTED_EDGE('',*,*,#19096,.F.);
#19153 = PLANE('',#19154);
#19154 = AXIS2_PLACEMENT_3D('',#19155,#19156,#19157);
#19155 = CARTESIAN_POINT('',(903.,600.,1.809E+03));
#19156 = DIRECTION('',(0.,1.,0.));
#19157 = DIRECTION('',(0.,0.,1.));
#19158 = ADVANCED_FACE('',(#19159),#19165,.F.);
#19159 = FACE_BOUND('',#19160,.F.);
#19160 = EDGE_LOOP('',(#19161,#19162,#19163,#19164));
#19161 = ORIENTED_EDGE('',*,*,#19048,.F.);
#19162 = ORIENTED_EDGE('',*,*,#19118,.T.);
#19163 = ORIENTED_EDGE('',*,*,#19088,.T.);
#19164 = ORIENTED_EDGE('',*,*,#19140,.F.);
#19165 = PLANE('',#19166);
#19166 = AXIS2_PLACEMENT_3D('',#19167,#19168,#19169);
#19167 = CARTESIAN_POINT('',(903.,280.,1.809E+03));
#19168 = DIRECTION('',(0.,0.,1.));
#19169 = DIRECTION('',(1.,0.,0.));
#19170 = ADVANCED_FACE('',(#19171),#19177,.T.);
#19171 = FACE_BOUND('',#19172,.T.);
#19172 = EDGE_LOOP('',(#19173,#19174,#19175,#19176));
#19173 = ORIENTED_EDGE('',*,*,#19064,.F.);
#19174 = ORIENTED_EDGE('',*,*,#19125,.T.);
#19175 = ORIENTED_EDGE('',*,*,#19104,.T.);
#19176 = ORIENTED_EDGE('',*,*,#19147,.F.);
#19177 = PLANE('',#19178);
#19178 = AXIS2_PLACEMENT_3D('',#19179,#19180,#19181);
#19179 = CARTESIAN_POINT('',(903.,280.,1.827E+03));
#19180 = DIRECTION('',(0.,0.,1.));
#19181 = DIRECTION('',(1.,0.,0.));
#19182 = MANIFOLD_SOLID_BREP('',#19183);
#19183 = CLOSED_SHELL('',(#19184,#19224,#19264,#19286,#19308,#19320));
#19184 = ADVANCED_FACE('',(#19185),#19219,.F.);
#19185 = FACE_BOUND('',#19186,.F.);
#19186 = EDGE_LOOP('',(#19187,#19197,#19205,#19213));
#19187 = ORIENTED_EDGE('',*,*,#19188,.F.);
#19188 = EDGE_CURVE('',#19189,#19191,#19193,.T.);
#19189 = VERTEX_POINT('',#19190);
#19190 = CARTESIAN_POINT('',(903.,280.,2.282E+03));
#19191 = VERTEX_POINT('',#19192);
#19192 = CARTESIAN_POINT('',(903.,280.,2.3E+03));
#19193 = LINE('',#19194,#19195);
#19194 = CARTESIAN_POINT('',(903.,280.,2.282E+03));
#19195 = VECTOR('',#19196,1.);
#19196 = DIRECTION('',(0.,0.,1.));
#19197 = ORIENTED_EDGE('',*,*,#19198,.T.);
#19198 = EDGE_CURVE('',#19189,#19199,#19201,.T.);
#19199 = VERTEX_POINT('',#19200);
#19200 = CARTESIAN_POINT('',(903.,600.,2.282E+03));
#19201 = LINE('',#19202,#19203);
#19202 = CARTESIAN_POINT('',(903.,280.,2.282E+03));
#19203 = VECTOR('',#19204,1.);
#19204 = DIRECTION('',(0.,1.,0.));
#19205 = ORIENTED_EDGE('',*,*,#19206,.T.);
#19206 = EDGE_CURVE('',#19199,#19207,#19209,.T.);
#19207 = VERTEX_POINT('',#19208);
#19208 = CARTESIAN_POINT('',(903.,600.,2.3E+03));
#19209 = LINE('',#19210,#19211);
#19210 = CARTESIAN_POINT('',(903.,600.,2.282E+03));
#19211 = VECTOR('',#19212,1.);
#19212 = DIRECTION('',(0.,0.,1.));
#19213 = ORIENTED_EDGE('',*,*,#19214,.F.);
#19214 = EDGE_CURVE('',#19191,#19207,#19215,.T.);
#19215 = LINE('',#19216,#19217);
#19216 = CARTESIAN_POINT('',(903.,280.,2.3E+03));
#19217 = VECTOR('',#19218,1.);
#19218 = DIRECTION('',(0.,1.,0.));
#19219 = PLANE('',#19220);
#19220 = AXIS2_PLACEMENT_3D('',#19221,#19222,#19223);
#19221 = CARTESIAN_POINT('',(903.,280.,2.282E+03));
#19222 = DIRECTION('',(1.,0.,0.));
#19223 = DIRECTION('',(0.,0.,1.));
#19224 = ADVANCED_FACE('',(#19225),#19259,.T.);
#19225 = FACE_BOUND('',#19226,.T.);
#19226 = EDGE_LOOP('',(#19227,#19237,#19245,#19253));
#19227 = ORIENTED_EDGE('',*,*,#19228,.F.);
#19228 = EDGE_CURVE('',#19229,#19231,#19233,.T.);
#19229 = VERTEX_POINT('',#19230);
#19230 = CARTESIAN_POINT('',(2.258E+03,280.,2.282E+03));
#19231 = VERTEX_POINT('',#19232);
#19232 = CARTESIAN_POINT('',(2.258E+03,280.,2.3E+03));
#19233 = LINE('',#19234,#19235);
#19234 = CARTESIAN_POINT('',(2.258E+03,280.,2.282E+03));
#19235 = VECTOR('',#19236,1.);
#19236 = DIRECTION('',(0.,0.,1.));
#19237 = ORIENTED_EDGE('',*,*,#19238,.T.);
#19238 = EDGE_CURVE('',#19229,#19239,#19241,.T.);
#19239 = VERTEX_POINT('',#19240);
#19240 = CARTESIAN_POINT('',(2.258E+03,600.,2.282E+03));
#19241 = LINE('',#19242,#19243);
#19242 = CARTESIAN_POINT('',(2.258E+03,280.,2.282E+03));
#19243 = VECTOR('',#19244,1.);
#19244 = DIRECTION('',(0.,1.,0.));
#19245 = ORIENTED_EDGE('',*,*,#19246,.T.);
#19246 = EDGE_CURVE('',#19239,#19247,#19249,.T.);
#19247 = VERTEX_POINT('',#19248);
#19248 = CARTESIAN_POINT('',(2.258E+03,600.,2.3E+03));
#19249 = LINE('',#19250,#19251);
#19250 = CARTESIAN_POINT('',(2.258E+03,600.,2.282E+03));
#19251 = VECTOR('',#19252,1.);
#19252 = DIRECTION('',(0.,0.,1.));
#19253 = ORIENTED_EDGE('',*,*,#19254,.F.);
#19254 = EDGE_CURVE('',#19231,#19247,#19255,.T.);
#19255 = LINE('',#19256,#19257);
#19256 = CARTESIAN_POINT('',(2.258E+03,280.,2.3E+03));
#19257 = VECTOR('',#19258,1.);
#19258 = DIRECTION('',(0.,1.,0.));
#19259 = PLANE('',#19260);
#19260 = AXIS2_PLACEMENT_3D('',#19261,#19262,#19263);
#19261 = CARTESIAN_POINT('',(2.258E+03,280.,2.282E+03));
#19262 = DIRECTION('',(1.,0.,0.));
#19263 = DIRECTION('',(0.,0.,1.));
#19264 = ADVANCED_FACE('',(#19265),#19281,.F.);
#19265 = FACE_BOUND('',#19266,.F.);
#19266 = EDGE_LOOP('',(#19267,#19273,#19274,#19280));
#19267 = ORIENTED_EDGE('',*,*,#19268,.F.);
#19268 = EDGE_CURVE('',#19189,#19229,#19269,.T.);
#19269 = LINE('',#19270,#19271);
#19270 = CARTESIAN_POINT('',(903.,280.,2.282E+03));
#19271 = VECTOR('',#19272,1.);
#19272 = DIRECTION('',(1.,0.,0.));
#19273 = ORIENTED_EDGE('',*,*,#19188,.T.);
#19274 = ORIENTED_EDGE('',*,*,#19275,.T.);
#19275 = EDGE_CURVE('',#19191,#19231,#19276,.T.);
#19276 = LINE('',#19277,#19278);
#19277 = CARTESIAN_POINT('',(903.,280.,2.3E+03));
#19278 = VECTOR('',#19279,1.);
#19279 = DIRECTION('',(1.,0.,0.));
#19280 = ORIENTED_EDGE('',*,*,#19228,.F.);
#19281 = PLANE('',#19282);
#19282 = AXIS2_PLACEMENT_3D('',#19283,#19284,#19285);
#19283 = CARTESIAN_POINT('',(903.,280.,2.282E+03));
#19284 = DIRECTION('',(0.,1.,0.));
#19285 = DIRECTION('',(0.,0.,1.));
#19286 = ADVANCED_FACE('',(#19287),#19303,.T.);
#19287 = FACE_BOUND('',#19288,.T.);
#19288 = EDGE_LOOP('',(#19289,#19295,#19296,#19302));
#19289 = ORIENTED_EDGE('',*,*,#19290,.F.);
#19290 = EDGE_CURVE('',#19199,#19239,#19291,.T.);
#19291 = LINE('',#19292,#19293);
#19292 = CARTESIAN_POINT('',(903.,600.,2.282E+03));
#19293 = VECTOR('',#19294,1.);
#19294 = DIRECTION('',(1.,0.,0.));
#19295 = ORIENTED_EDGE('',*,*,#19206,.T.);
#19296 = ORIENTED_EDGE('',*,*,#19297,.T.);
#19297 = EDGE_CURVE('',#19207,#19247,#19298,.T.);
#19298 = LINE('',#19299,#19300);
#19299 = CARTESIAN_POINT('',(903.,600.,2.3E+03));
#19300 = VECTOR('',#19301,1.);
#19301 = DIRECTION('',(1.,0.,0.));
#19302 = ORIENTED_EDGE('',*,*,#19246,.F.);
#19303 = PLANE('',#19304);
#19304 = AXIS2_PLACEMENT_3D('',#19305,#19306,#19307);
#19305 = CARTESIAN_POINT('',(903.,600.,2.282E+03));
#19306 = DIRECTION('',(0.,1.,0.));
#19307 = DIRECTION('',(0.,0.,1.));
#19308 = ADVANCED_FACE('',(#19309),#19315,.F.);
#19309 = FACE_BOUND('',#19310,.F.);
#19310 = EDGE_LOOP('',(#19311,#19312,#19313,#19314));
#19311 = ORIENTED_EDGE('',*,*,#19198,.F.);
#19312 = ORIENTED_EDGE('',*,*,#19268,.T.);
#19313 = ORIENTED_EDGE('',*,*,#19238,.T.);
#19314 = ORIENTED_EDGE('',*,*,#19290,.F.);
#19315 = PLANE('',#19316);
#19316 = AXIS2_PLACEMENT_3D('',#19317,#19318,#19319);
#19317 = CARTESIAN_POINT('',(903.,280.,2.282E+03));
#19318 = DIRECTION('',(0.,0.,1.));
#19319 = DIRECTION('',(1.,0.,0.));
#19320 = ADVANCED_FACE('',(#19321),#19327,.T.);
#19321 = FACE_BOUND('',#19322,.T.);
#19322 = EDGE_LOOP('',(#19323,#19324,#19325,#19326));
#19323 = ORIENTED_EDGE('',*,*,#19214,.F.);
#19324 = ORIENTED_EDGE('',*,*,#19275,.T.);
#19325 = ORIENTED_EDGE('',*,*,#19254,.T.);
#19326 = ORIENTED_EDGE('',*,*,#19297,.F.);
#19327 = PLANE('',#19328);
#19328 = AXIS2_PLACEMENT_3D('',#19329,#19330,#19331);
#19329 = CARTESIAN_POINT('',(903.,280.,2.3E+03));
#19330 = DIRECTION('',(0.,0.,1.));
#19331 = DIRECTION('',(1.,0.,0.));
#19332 = MANIFOLD_SOLID_BREP('',#19333);
#19333 = CLOSED_SHELL('',(#19334,#19374,#19414,#19436,#19458,#19470));
#19334 = ADVANCED_FACE('',(#19335),#19369,.F.);
#19335 = FACE_BOUND('',#19336,.F.);
#19336 = EDGE_LOOP('',(#19337,#19347,#19355,#19363));
#19337 = ORIENTED_EDGE('',*,*,#19338,.F.);
#19338 = EDGE_CURVE('',#19339,#19341,#19343,.T.);
#19339 = VERTEX_POINT('',#19340);
#19340 = CARTESIAN_POINT('',(921.,597.,1.827E+03));
#19341 = VERTEX_POINT('',#19342);
#19342 = CARTESIAN_POINT('',(921.,597.,2.282E+03));
#19343 = LINE('',#19344,#19345);
#19344 = CARTESIAN_POINT('',(921.,597.,1.827E+03));
#19345 = VECTOR('',#19346,1.);
#19346 = DIRECTION('',(0.,0.,1.));
#19347 = ORIENTED_EDGE('',*,*,#19348,.T.);
#19348 = EDGE_CURVE('',#19339,#19349,#19351,.T.);
#19349 = VERTEX_POINT('',#19350);
#19350 = CARTESIAN_POINT('',(921.,600.,1.827E+03));
#19351 = LINE('',#19352,#19353);
#19352 = CARTESIAN_POINT('',(921.,597.,1.827E+03));
#19353 = VECTOR('',#19354,1.);
#19354 = DIRECTION('',(0.,1.,0.));
#19355 = ORIENTED_EDGE('',*,*,#19356,.T.);
#19356 = EDGE_CURVE('',#19349,#19357,#19359,.T.);
#19357 = VERTEX_POINT('',#19358);
#19358 = CARTESIAN_POINT('',(921.,600.,2.282E+03));
#19359 = LINE('',#19360,#19361);
#19360 = CARTESIAN_POINT('',(921.,600.,1.827E+03));
#19361 = VECTOR('',#19362,1.);
#19362 = DIRECTION('',(0.,0.,1.));
#19363 = ORIENTED_EDGE('',*,*,#19364,.F.);
#19364 = EDGE_CURVE('',#19341,#19357,#19365,.T.);
#19365 = LINE('',#19366,#19367);
#19366 = CARTESIAN_POINT('',(921.,597.,2.282E+03));
#19367 = VECTOR('',#19368,1.);
#19368 = DIRECTION('',(0.,1.,0.));
#19369 = PLANE('',#19370);
#19370 = AXIS2_PLACEMENT_3D('',#19371,#19372,#19373);
#19371 = CARTESIAN_POINT('',(921.,597.,1.827E+03));
#19372 = DIRECTION('',(1.,0.,0.));
#19373 = DIRECTION('',(0.,0.,1.));
#19374 = ADVANCED_FACE('',(#19375),#19409,.T.);
#19375 = FACE_BOUND('',#19376,.T.);
#19376 = EDGE_LOOP('',(#19377,#19387,#19395,#19403));
#19377 = ORIENTED_EDGE('',*,*,#19378,.F.);
#19378 = EDGE_CURVE('',#19379,#19381,#19383,.T.);
#19379 = VERTEX_POINT('',#19380);
#19380 = CARTESIAN_POINT('',(2.24E+03,597.,1.827E+03));
#19381 = VERTEX_POINT('',#19382);
#19382 = CARTESIAN_POINT('',(2.24E+03,597.,2.282E+03));
#19383 = LINE('',#19384,#19385);
#19384 = CARTESIAN_POINT('',(2.24E+03,597.,1.827E+03));
#19385 = VECTOR('',#19386,1.);
#19386 = DIRECTION('',(0.,0.,1.));
#19387 = ORIENTED_EDGE('',*,*,#19388,.T.);
#19388 = EDGE_CURVE('',#19379,#19389,#19391,.T.);
#19389 = VERTEX_POINT('',#19390);
#19390 = CARTESIAN_POINT('',(2.24E+03,600.,1.827E+03));
#19391 = LINE('',#19392,#19393);
#19392 = CARTESIAN_POINT('',(2.24E+03,597.,1.827E+03));
#19393 = VECTOR('',#19394,1.);
#19394 = DIRECTION('',(0.,1.,0.));
#19395 = ORIENTED_EDGE('',*,*,#19396,.T.);
#19396 = EDGE_CURVE('',#19389,#19397,#19399,.T.);
#19397 = VERTEX_POINT('',#19398);
#19398 = CARTESIAN_POINT('',(2.24E+03,600.,2.282E+03));
#19399 = LINE('',#19400,#19401);
#19400 = CARTESIAN_POINT('',(2.24E+03,600.,1.827E+03));
#19401 = VECTOR('',#19402,1.);
#19402 = DIRECTION('',(0.,0.,1.));
#19403 = ORIENTED_EDGE('',*,*,#19404,.F.);
#19404 = EDGE_CURVE('',#19381,#19397,#19405,.T.);
#19405 = LINE('',#19406,#19407);
#19406 = CARTESIAN_POINT('',(2.24E+03,597.,2.282E+03));
#19407 = VECTOR('',#19408,1.);
#19408 = DIRECTION('',(0.,1.,0.));
#19409 = PLANE('',#19410);
#19410 = AXIS2_PLACEMENT_3D('',#19411,#19412,#19413);
#19411 = CARTESIAN_POINT('',(2.24E+03,597.,1.827E+03));
#19412 = DIRECTION('',(1.,0.,0.));
#19413 = DIRECTION('',(0.,0.,1.));
#19414 = ADVANCED_FACE('',(#19415),#19431,.F.);
#19415 = FACE_BOUND('',#19416,.F.);
#19416 = EDGE_LOOP('',(#19417,#19423,#19424,#19430));
#19417 = ORIENTED_EDGE('',*,*,#19418,.F.);
#19418 = EDGE_CURVE('',#19339,#19379,#19419,.T.);
#19419 = LINE('',#19420,#19421);
#19420 = CARTESIAN_POINT('',(921.,597.,1.827E+03));
#19421 = VECTOR('',#19422,1.);
#19422 = DIRECTION('',(1.,0.,0.));
#19423 = ORIENTED_EDGE('',*,*,#19338,.T.);
#19424 = ORIENTED_EDGE('',*,*,#19425,.T.);
#19425 = EDGE_CURVE('',#19341,#19381,#19426,.T.);
#19426 = LINE('',#19427,#19428);
#19427 = CARTESIAN_POINT('',(921.,597.,2.282E+03));
#19428 = VECTOR('',#19429,1.);
#19429 = DIRECTION('',(1.,0.,0.));
#19430 = ORIENTED_EDGE('',*,*,#19378,.F.);
#19431 = PLANE('',#19432);
#19432 = AXIS2_PLACEMENT_3D('',#19433,#19434,#19435);
#19433 = CARTESIAN_POINT('',(921.,597.,1.827E+03));
#19434 = DIRECTION('',(0.,1.,0.));
#19435 = DIRECTION('',(0.,0.,1.));
#19436 = ADVANCED_FACE('',(#19437),#19453,.T.);
#19437 = FACE_BOUND('',#19438,.T.);
#19438 = EDGE_LOOP('',(#19439,#19445,#19446,#19452));
#19439 = ORIENTED_EDGE('',*,*,#19440,.F.);
#19440 = EDGE_CURVE('',#19349,#19389,#19441,.T.);
#19441 = LINE('',#19442,#19443);
#19442 = CARTESIAN_POINT('',(921.,600.,1.827E+03));
#19443 = VECTOR('',#19444,1.);
#19444 = DIRECTION('',(1.,0.,0.));
#19445 = ORIENTED_EDGE('',*,*,#19356,.T.);
#19446 = ORIENTED_EDGE('',*,*,#19447,.T.);
#19447 = EDGE_CURVE('',#19357,#19397,#19448,.T.);
#19448 = LINE('',#19449,#19450);
#19449 = CARTESIAN_POINT('',(921.,600.,2.282E+03));
#19450 = VECTOR('',#19451,1.);
#19451 = DIRECTION('',(1.,0.,0.));
#19452 = ORIENTED_EDGE('',*,*,#19396,.F.);
#19453 = PLANE('',#19454);
#19454 = AXIS2_PLACEMENT_3D('',#19455,#19456,#19457);
#19455 = CARTESIAN_POINT('',(921.,600.,1.827E+03));
#19456 = DIRECTION('',(0.,1.,0.));
#19457 = DIRECTION('',(0.,0.,1.));
#19458 = ADVANCED_FACE('',(#19459),#19465,.F.);
#19459 = FACE_BOUND('',#19460,.F.);
#19460 = EDGE_LOOP('',(#19461,#19462,#19463,#19464));
#19461 = ORIENTED_EDGE('',*,*,#19348,.F.);
#19462 = ORIENTED_EDGE('',*,*,#19418,.T.);
#19463 = ORIENTED_EDGE('',*,*,#19388,.T.);
#19464 = ORIENTED_EDGE('',*,*,#19440,.F.);
#19465 = PLANE('',#19466);
#19466 = AXIS2_PLACEMENT_3D('',#19467,#19468,#19469);
#19467 = CARTESIAN_POINT('',(921.,597.,1.827E+03));
#19468 = DIRECTION('',(0.,0.,1.));
#19469 = DIRECTION('',(1.,0.,0.));
#19470 = ADVANCED_FACE('',(#19471),#19477,.T.);
#19471 = FACE_BOUND('',#19472,.T.);
#19472 = EDGE_LOOP('',(#19473,#19474,#19475,#19476));
#19473 = ORIENTED_EDGE('',*,*,#19364,.F.);
#19474 = ORIENTED_EDGE('',*,*,#19425,.T.);
#19475 = ORIENTED_EDGE('',*,*,#19404,.T.);
#19476 = ORIENTED_EDGE('',*,*,#19447,.F.);
#19477 = PLANE('',#19478);
#19478 = AXIS2_PLACEMENT_3D('',#19479,#19480,#19481);
#19479 = CARTESIAN_POINT('',(921.,597.,2.282E+03));
#19480 = DIRECTION('',(0.,0.,1.));
#19481 = DIRECTION('',(1.,0.,0.));
#19482 = MANIFOLD_SOLID_BREP('',#19483);
#19483 = CLOSED_SHELL('',(#19484,#19524,#19564,#19586,#19608,#19620));
#19484 = ADVANCED_FACE('',(#19485),#19519,.F.);
#19485 = FACE_BOUND('',#19486,.F.);
#19486 = EDGE_LOOP('',(#19487,#19497,#19505,#19513));
#19487 = ORIENTED_EDGE('',*,*,#19488,.F.);
#19488 = EDGE_CURVE('',#19489,#19491,#19493,.T.);
#19489 = VERTEX_POINT('',#19490);
#19490 = CARTESIAN_POINT('',(912.,262.,1.818E+03));
#19491 = VERTEX_POINT('',#19492);
#19492 = CARTESIAN_POINT('',(912.,262.,2.291E+03));
#19493 = LINE('',#19494,#19495);
#19494 = CARTESIAN_POINT('',(912.,262.,1.818E+03));
#19495 = VECTOR('',#19496,1.);
#19496 = DIRECTION('',(0.,0.,1.));
#19497 = ORIENTED_EDGE('',*,*,#19498,.T.);
#19498 = EDGE_CURVE('',#19489,#19499,#19501,.T.);
#19499 = VERTEX_POINT('',#19500);
#19500 = CARTESIAN_POINT('',(912.,280.,1.818E+03));
#19501 = LINE('',#19502,#19503);
#19502 = CARTESIAN_POINT('',(912.,262.,1.818E+03));
#19503 = VECTOR('',#19504,1.);
#19504 = DIRECTION('',(0.,1.,0.));
#19505 = ORIENTED_EDGE('',*,*,#19506,.T.);
#19506 = EDGE_CURVE('',#19499,#19507,#19509,.T.);
#19507 = VERTEX_POINT('',#19508);
#19508 = CARTESIAN_POINT('',(912.,280.,2.291E+03));
#19509 = LINE('',#19510,#19511);
#19510 = CARTESIAN_POINT('',(912.,280.,1.818E+03));
#19511 = VECTOR('',#19512,1.);
#19512 = DIRECTION('',(0.,0.,1.));
#19513 = ORIENTED_EDGE('',*,*,#19514,.F.);
#19514 = EDGE_CURVE('',#19491,#19507,#19515,.T.);
#19515 = LINE('',#19516,#19517);
#19516 = CARTESIAN_POINT('',(912.,262.,2.291E+03));
#19517 = VECTOR('',#19518,1.);
#19518 = DIRECTION('',(0.,1.,0.));
#19519 = PLANE('',#19520);
#19520 = AXIS2_PLACEMENT_3D('',#19521,#19522,#19523);
#19521 = CARTESIAN_POINT('',(912.,262.,1.818E+03));
#19522 = DIRECTION('',(1.,0.,0.));
#19523 = DIRECTION('',(0.,0.,1.));
#19524 = ADVANCED_FACE('',(#19525),#19559,.T.);
#19525 = FACE_BOUND('',#19526,.T.);
#19526 = EDGE_LOOP('',(#19527,#19537,#19545,#19553));
#19527 = ORIENTED_EDGE('',*,*,#19528,.F.);
#19528 = EDGE_CURVE('',#19529,#19531,#19533,.T.);
#19529 = VERTEX_POINT('',#19530);
#19530 = CARTESIAN_POINT('',(1.356333333333E+03,262.,1.818E+03));
#19531 = VERTEX_POINT('',#19532);
#19532 = CARTESIAN_POINT('',(1.356333333333E+03,262.,2.291E+03));
#19533 = LINE('',#19534,#19535);
#19534 = CARTESIAN_POINT('',(1.356333333333E+03,262.,1.818E+03));
#19535 = VECTOR('',#19536,1.);
#19536 = DIRECTION('',(0.,0.,1.));
#19537 = ORIENTED_EDGE('',*,*,#19538,.T.);
#19538 = EDGE_CURVE('',#19529,#19539,#19541,.T.);
#19539 = VERTEX_POINT('',#19540);
#19540 = CARTESIAN_POINT('',(1.356333333333E+03,280.,1.818E+03));
#19541 = LINE('',#19542,#19543);
#19542 = CARTESIAN_POINT('',(1.356333333333E+03,262.,1.818E+03));
#19543 = VECTOR('',#19544,1.);
#19544 = DIRECTION('',(0.,1.,0.));
#19545 = ORIENTED_EDGE('',*,*,#19546,.T.);
#19546 = EDGE_CURVE('',#19539,#19547,#19549,.T.);
#19547 = VERTEX_POINT('',#19548);
#19548 = CARTESIAN_POINT('',(1.356333333333E+03,280.,2.291E+03));
#19549 = LINE('',#19550,#19551);
#19550 = CARTESIAN_POINT('',(1.356333333333E+03,280.,1.818E+03));
#19551 = VECTOR('',#19552,1.);
#19552 = DIRECTION('',(0.,0.,1.));
#19553 = ORIENTED_EDGE('',*,*,#19554,.F.);
#19554 = EDGE_CURVE('',#19531,#19547,#19555,.T.);
#19555 = LINE('',#19556,#19557);
#19556 = CARTESIAN_POINT('',(1.356333333333E+03,262.,2.291E+03));
#19557 = VECTOR('',#19558,1.);
#19558 = DIRECTION('',(0.,1.,0.));
#19559 = PLANE('',#19560);
#19560 = AXIS2_PLACEMENT_3D('',#19561,#19562,#19563);
#19561 = CARTESIAN_POINT('',(1.356333333333E+03,262.,1.818E+03));
#19562 = DIRECTION('',(1.,0.,0.));
#19563 = DIRECTION('',(0.,0.,1.));
#19564 = ADVANCED_FACE('',(#19565),#19581,.F.);
#19565 = FACE_BOUND('',#19566,.F.);
#19566 = EDGE_LOOP('',(#19567,#19573,#19574,#19580));
#19567 = ORIENTED_EDGE('',*,*,#19568,.F.);
#19568 = EDGE_CURVE('',#19489,#19529,#19569,.T.);
#19569 = LINE('',#19570,#19571);
#19570 = CARTESIAN_POINT('',(912.,262.,1.818E+03));
#19571 = VECTOR('',#19572,1.);
#19572 = DIRECTION('',(1.,0.,0.));
#19573 = ORIENTED_EDGE('',*,*,#19488,.T.);
#19574 = ORIENTED_EDGE('',*,*,#19575,.T.);
#19575 = EDGE_CURVE('',#19491,#19531,#19576,.T.);
#19576 = LINE('',#19577,#19578);
#19577 = CARTESIAN_POINT('',(912.,262.,2.291E+03));
#19578 = VECTOR('',#19579,1.);
#19579 = DIRECTION('',(1.,0.,0.));
#19580 = ORIENTED_EDGE('',*,*,#19528,.F.);
#19581 = PLANE('',#19582);
#19582 = AXIS2_PLACEMENT_3D('',#19583,#19584,#19585);
#19583 = CARTESIAN_POINT('',(912.,262.,1.818E+03));
#19584 = DIRECTION('',(0.,1.,0.));
#19585 = DIRECTION('',(0.,0.,1.));
#19586 = ADVANCED_FACE('',(#19587),#19603,.T.);
#19587 = FACE_BOUND('',#19588,.T.);
#19588 = EDGE_LOOP('',(#19589,#19595,#19596,#19602));
#19589 = ORIENTED_EDGE('',*,*,#19590,.F.);
#19590 = EDGE_CURVE('',#19499,#19539,#19591,.T.);
#19591 = LINE('',#19592,#19593);
#19592 = CARTESIAN_POINT('',(912.,280.,1.818E+03));
#19593 = VECTOR('',#19594,1.);
#19594 = DIRECTION('',(1.,0.,0.));
#19595 = ORIENTED_EDGE('',*,*,#19506,.T.);
#19596 = ORIENTED_EDGE('',*,*,#19597,.T.);
#19597 = EDGE_CURVE('',#19507,#19547,#19598,.T.);
#19598 = LINE('',#19599,#19600);
#19599 = CARTESIAN_POINT('',(912.,280.,2.291E+03));
#19600 = VECTOR('',#19601,1.);
#19601 = DIRECTION('',(1.,0.,0.));
#19602 = ORIENTED_EDGE('',*,*,#19546,.F.);
#19603 = PLANE('',#19604);
#19604 = AXIS2_PLACEMENT_3D('',#19605,#19606,#19607);
#19605 = CARTESIAN_POINT('',(912.,280.,1.818E+03));
#19606 = DIRECTION('',(0.,1.,0.));
#19607 = DIRECTION('',(0.,0.,1.));
#19608 = ADVANCED_FACE('',(#19609),#19615,.F.);
#19609 = FACE_BOUND('',#19610,.F.);
#19610 = EDGE_LOOP('',(#19611,#19612,#19613,#19614));
#19611 = ORIENTED_EDGE('',*,*,#19498,.F.);
#19612 = ORIENTED_EDGE('',*,*,#19568,.T.);
#19613 = ORIENTED_EDGE('',*,*,#19538,.T.);
#19614 = ORIENTED_EDGE('',*,*,#19590,.F.);
#19615 = PLANE('',#19616);
#19616 = AXIS2_PLACEMENT_3D('',#19617,#19618,#19619);
#19617 = CARTESIAN_POINT('',(912.,262.,1.818E+03));
#19618 = DIRECTION('',(0.,0.,1.));
#19619 = DIRECTION('',(1.,0.,0.));
#19620 = ADVANCED_FACE('',(#19621),#19627,.T.);
#19621 = FACE_BOUND('',#19622,.T.);
#19622 = EDGE_LOOP('',(#19623,#19624,#19625,#19626));
#19623 = ORIENTED_EDGE('',*,*,#19514,.F.);
#19624 = ORIENTED_EDGE('',*,*,#19575,.T.);
#19625 = ORIENTED_EDGE('',*,*,#19554,.T.);
#19626 = ORIENTED_EDGE('',*,*,#19597,.F.);
#19627 = PLANE('',#19628);
#19628 = AXIS2_PLACEMENT_3D('',#19629,#19630,#19631);
#19629 = CARTESIAN_POINT('',(912.,262.,2.291E+03));
#19630 = DIRECTION('',(0.,0.,1.));
#19631 = DIRECTION('',(1.,0.,0.));
#19632 = MANIFOLD_SOLID_BREP('',#19633);
#19633 = CLOSED_SHELL('',(#19634,#19674,#19714,#19736,#19758,#19770));
#19634 = ADVANCED_FACE('',(#19635),#19669,.F.);
#19635 = FACE_BOUND('',#19636,.F.);
#19636 = EDGE_LOOP('',(#19637,#19647,#19655,#19663));
#19637 = ORIENTED_EDGE('',*,*,#19638,.F.);
#19638 = EDGE_CURVE('',#19639,#19641,#19643,.T.);
#19639 = VERTEX_POINT('',#19640);
#19640 = CARTESIAN_POINT('',(1.358333333333E+03,262.,1.818E+03));
#19641 = VERTEX_POINT('',#19642);
#19642 = CARTESIAN_POINT('',(1.358333333333E+03,262.,2.291E+03));
#19643 = LINE('',#19644,#19645);
#19644 = CARTESIAN_POINT('',(1.358333333333E+03,262.,1.818E+03));
#19645 = VECTOR('',#19646,1.);
#19646 = DIRECTION('',(0.,0.,1.));
#19647 = ORIENTED_EDGE('',*,*,#19648,.T.);
#19648 = EDGE_CURVE('',#19639,#19649,#19651,.T.);
#19649 = VERTEX_POINT('',#19650);
#19650 = CARTESIAN_POINT('',(1.358333333333E+03,280.,1.818E+03));
#19651 = LINE('',#19652,#19653);
#19652 = CARTESIAN_POINT('',(1.358333333333E+03,262.,1.818E+03));
#19653 = VECTOR('',#19654,1.);
#19654 = DIRECTION('',(0.,1.,0.));
#19655 = ORIENTED_EDGE('',*,*,#19656,.T.);
#19656 = EDGE_CURVE('',#19649,#19657,#19659,.T.);
#19657 = VERTEX_POINT('',#19658);
#19658 = CARTESIAN_POINT('',(1.358333333333E+03,280.,2.291E+03));
#19659 = LINE('',#19660,#19661);
#19660 = CARTESIAN_POINT('',(1.358333333333E+03,280.,1.818E+03));
#19661 = VECTOR('',#19662,1.);
#19662 = DIRECTION('',(0.,0.,1.));
#19663 = ORIENTED_EDGE('',*,*,#19664,.F.);
#19664 = EDGE_CURVE('',#19641,#19657,#19665,.T.);
#19665 = LINE('',#19666,#19667);
#19666 = CARTESIAN_POINT('',(1.358333333333E+03,262.,2.291E+03));
#19667 = VECTOR('',#19668,1.);
#19668 = DIRECTION('',(0.,1.,0.));
#19669 = PLANE('',#19670);
#19670 = AXIS2_PLACEMENT_3D('',#19671,#19672,#19673);
#19671 = CARTESIAN_POINT('',(1.358333333333E+03,262.,1.818E+03));
#19672 = DIRECTION('',(1.,0.,0.));
#19673 = DIRECTION('',(0.,0.,1.));
#19674 = ADVANCED_FACE('',(#19675),#19709,.T.);
#19675 = FACE_BOUND('',#19676,.T.);
#19676 = EDGE_LOOP('',(#19677,#19687,#19695,#19703));
#19677 = ORIENTED_EDGE('',*,*,#19678,.F.);
#19678 = EDGE_CURVE('',#19679,#19681,#19683,.T.);
#19679 = VERTEX_POINT('',#19680);
#19680 = CARTESIAN_POINT('',(1.802666666667E+03,262.,1.818E+03));
#19681 = VERTEX_POINT('',#19682);
#19682 = CARTESIAN_POINT('',(1.802666666667E+03,262.,2.291E+03));
#19683 = LINE('',#19684,#19685);
#19684 = CARTESIAN_POINT('',(1.802666666667E+03,262.,1.818E+03));
#19685 = VECTOR('',#19686,1.);
#19686 = DIRECTION('',(0.,0.,1.));
#19687 = ORIENTED_EDGE('',*,*,#19688,.T.);
#19688 = EDGE_CURVE('',#19679,#19689,#19691,.T.);
#19689 = VERTEX_POINT('',#19690);
#19690 = CARTESIAN_POINT('',(1.802666666667E+03,280.,1.818E+03));
#19691 = LINE('',#19692,#19693);
#19692 = CARTESIAN_POINT('',(1.802666666667E+03,262.,1.818E+03));
#19693 = VECTOR('',#19694,1.);
#19694 = DIRECTION('',(0.,1.,0.));
#19695 = ORIENTED_EDGE('',*,*,#19696,.T.);
#19696 = EDGE_CURVE('',#19689,#19697,#19699,.T.);
#19697 = VERTEX_POINT('',#19698);
#19698 = CARTESIAN_POINT('',(1.802666666667E+03,280.,2.291E+03));
#19699 = LINE('',#19700,#19701);
#19700 = CARTESIAN_POINT('',(1.802666666667E+03,280.,1.818E+03));
#19701 = VECTOR('',#19702,1.);
#19702 = DIRECTION('',(0.,0.,1.));
#19703 = ORIENTED_EDGE('',*,*,#19704,.F.);
#19704 = EDGE_CURVE('',#19681,#19697,#19705,.T.);
#19705 = LINE('',#19706,#19707);
#19706 = CARTESIAN_POINT('',(1.802666666667E+03,262.,2.291E+03));
#19707 = VECTOR('',#19708,1.);
#19708 = DIRECTION('',(0.,1.,0.));
#19709 = PLANE('',#19710);
#19710 = AXIS2_PLACEMENT_3D('',#19711,#19712,#19713);
#19711 = CARTESIAN_POINT('',(1.802666666667E+03,262.,1.818E+03));
#19712 = DIRECTION('',(1.,0.,0.));
#19713 = DIRECTION('',(0.,0.,1.));
#19714 = ADVANCED_FACE('',(#19715),#19731,.F.);
#19715 = FACE_BOUND('',#19716,.F.);
#19716 = EDGE_LOOP('',(#19717,#19723,#19724,#19730));
#19717 = ORIENTED_EDGE('',*,*,#19718,.F.);
#19718 = EDGE_CURVE('',#19639,#19679,#19719,.T.);
#19719 = LINE('',#19720,#19721);
#19720 = CARTESIAN_POINT('',(1.358333333333E+03,262.,1.818E+03));
#19721 = VECTOR('',#19722,1.);
#19722 = DIRECTION('',(1.,0.,0.));
#19723 = ORIENTED_EDGE('',*,*,#19638,.T.);
#19724 = ORIENTED_EDGE('',*,*,#19725,.T.);
#19725 = EDGE_CURVE('',#19641,#19681,#19726,.T.);
#19726 = LINE('',#19727,#19728);
#19727 = CARTESIAN_POINT('',(1.358333333333E+03,262.,2.291E+03));
#19728 = VECTOR('',#19729,1.);
#19729 = DIRECTION('',(1.,0.,0.));
#19730 = ORIENTED_EDGE('',*,*,#19678,.F.);
#19731 = PLANE('',#19732);
#19732 = AXIS2_PLACEMENT_3D('',#19733,#19734,#19735);
#19733 = CARTESIAN_POINT('',(1.358333333333E+03,262.,1.818E+03));
#19734 = DIRECTION('',(0.,1.,0.));
#19735 = DIRECTION('',(0.,0.,1.));
#19736 = ADVANCED_FACE('',(#19737),#19753,.T.);
#19737 = FACE_BOUND('',#19738,.T.);
#19738 = EDGE_LOOP('',(#19739,#19745,#19746,#19752));
#19739 = ORIENTED_EDGE('',*,*,#19740,.F.);
#19740 = EDGE_CURVE('',#19649,#19689,#19741,.T.);
#19741 = LINE('',#19742,#19743);
#19742 = CARTESIAN_POINT('',(1.358333333333E+03,280.,1.818E+03));
#19743 = VECTOR('',#19744,1.);
#19744 = DIRECTION('',(1.,0.,0.));
#19745 = ORIENTED_EDGE('',*,*,#19656,.T.);
#19746 = ORIENTED_EDGE('',*,*,#19747,.T.);
#19747 = EDGE_CURVE('',#19657,#19697,#19748,.T.);
#19748 = LINE('',#19749,#19750);
#19749 = CARTESIAN_POINT('',(1.358333333333E+03,280.,2.291E+03));
#19750 = VECTOR('',#19751,1.);
#19751 = DIRECTION('',(1.,0.,0.));
#19752 = ORIENTED_EDGE('',*,*,#19696,.F.);
#19753 = PLANE('',#19754);
#19754 = AXIS2_PLACEMENT_3D('',#19755,#19756,#19757);
#19755 = CARTESIAN_POINT('',(1.358333333333E+03,280.,1.818E+03));
#19756 = DIRECTION('',(0.,1.,0.));
#19757 = DIRECTION('',(0.,0.,1.));
#19758 = ADVANCED_FACE('',(#19759),#19765,.F.);
#19759 = FACE_BOUND('',#19760,.F.);
#19760 = EDGE_LOOP('',(#19761,#19762,#19763,#19764));
#19761 = ORIENTED_EDGE('',*,*,#19648,.F.);
#19762 = ORIENTED_EDGE('',*,*,#19718,.T.);
#19763 = ORIENTED_EDGE('',*,*,#19688,.T.);
#19764 = ORIENTED_EDGE('',*,*,#19740,.F.);
#19765 = PLANE('',#19766);
#19766 = AXIS2_PLACEMENT_3D('',#19767,#19768,#19769);
#19767 = CARTESIAN_POINT('',(1.358333333333E+03,262.,1.818E+03));
#19768 = DIRECTION('',(0.,0.,1.));
#19769 = DIRECTION('',(1.,0.,0.));
#19770 = ADVANCED_FACE('',(#19771),#19777,.T.);
#19771 = FACE_BOUND('',#19772,.T.);
#19772 = EDGE_LOOP('',(#19773,#19774,#19775,#19776));
#19773 = ORIENTED_EDGE('',*,*,#19664,.F.);
#19774 = ORIENTED_EDGE('',*,*,#19725,.T.);
#19775 = ORIENTED_EDGE('',*,*,#19704,.T.);
#19776 = ORIENTED_EDGE('',*,*,#19747,.F.);
#19777 = PLANE('',#19778);
#19778 = AXIS2_PLACEMENT_3D('',#19779,#19780,#19781);
#19779 = CARTESIAN_POINT('',(1.358333333333E+03,262.,2.291E+03));
#19780 = DIRECTION('',(0.,0.,1.));
#19781 = DIRECTION('',(1.,0.,0.));
#19782 = MANIFOLD_SOLID_BREP('',#19783);
#19783 = CLOSED_SHELL('',(#19784,#19824,#19864,#19886,#19908,#19920));
#19784 = ADVANCED_FACE('',(#19785),#19819,.F.);
#19785 = FACE_BOUND('',#19786,.F.);
#19786 = EDGE_LOOP('',(#19787,#19797,#19805,#19813));
#19787 = ORIENTED_EDGE('',*,*,#19788,.F.);
#19788 = EDGE_CURVE('',#19789,#19791,#19793,.T.);
#19789 = VERTEX_POINT('',#19790);
#19790 = CARTESIAN_POINT('',(1.804666666667E+03,262.,1.818E+03));
#19791 = VERTEX_POINT('',#19792);
#19792 = CARTESIAN_POINT('',(1.804666666667E+03,262.,2.291E+03));
#19793 = LINE('',#19794,#19795);
#19794 = CARTESIAN_POINT('',(1.804666666667E+03,262.,1.818E+03));
#19795 = VECTOR('',#19796,1.);
#19796 = DIRECTION('',(0.,0.,1.));
#19797 = ORIENTED_EDGE('',*,*,#19798,.T.);
#19798 = EDGE_CURVE('',#19789,#19799,#19801,.T.);
#19799 = VERTEX_POINT('',#19800);
#19800 = CARTESIAN_POINT('',(1.804666666667E+03,280.,1.818E+03));
#19801 = LINE('',#19802,#19803);
#19802 = CARTESIAN_POINT('',(1.804666666667E+03,262.,1.818E+03));
#19803 = VECTOR('',#19804,1.);
#19804 = DIRECTION('',(0.,1.,0.));
#19805 = ORIENTED_EDGE('',*,*,#19806,.T.);
#19806 = EDGE_CURVE('',#19799,#19807,#19809,.T.);
#19807 = VERTEX_POINT('',#19808);
#19808 = CARTESIAN_POINT('',(1.804666666667E+03,280.,2.291E+03));
#19809 = LINE('',#19810,#19811);
#19810 = CARTESIAN_POINT('',(1.804666666667E+03,280.,1.818E+03));
#19811 = VECTOR('',#19812,1.);
#19812 = DIRECTION('',(0.,0.,1.));
#19813 = ORIENTED_EDGE('',*,*,#19814,.F.);
#19814 = EDGE_CURVE('',#19791,#19807,#19815,.T.);
#19815 = LINE('',#19816,#19817);
#19816 = CARTESIAN_POINT('',(1.804666666667E+03,262.,2.291E+03));
#19817 = VECTOR('',#19818,1.);
#19818 = DIRECTION('',(0.,1.,0.));
#19819 = PLANE('',#19820);
#19820 = AXIS2_PLACEMENT_3D('',#19821,#19822,#19823);
#19821 = CARTESIAN_POINT('',(1.804666666667E+03,262.,1.818E+03));
#19822 = DIRECTION('',(1.,0.,0.));
#19823 = DIRECTION('',(0.,0.,1.));
#19824 = ADVANCED_FACE('',(#19825),#19859,.T.);
#19825 = FACE_BOUND('',#19826,.T.);
#19826 = EDGE_LOOP('',(#19827,#19837,#19845,#19853));
#19827 = ORIENTED_EDGE('',*,*,#19828,.F.);
#19828 = EDGE_CURVE('',#19829,#19831,#19833,.T.);
#19829 = VERTEX_POINT('',#19830);
#19830 = CARTESIAN_POINT('',(2.249E+03,262.,1.818E+03));
#19831 = VERTEX_POINT('',#19832);
#19832 = CARTESIAN_POINT('',(2.249E+03,262.,2.291E+03));
#19833 = LINE('',#19834,#19835);
#19834 = CARTESIAN_POINT('',(2.249E+03,262.,1.818E+03));
#19835 = VECTOR('',#19836,1.);
#19836 = DIRECTION('',(0.,0.,1.));
#19837 = ORIENTED_EDGE('',*,*,#19838,.T.);
#19838 = EDGE_CURVE('',#19829,#19839,#19841,.T.);
#19839 = VERTEX_POINT('',#19840);
#19840 = CARTESIAN_POINT('',(2.249E+03,280.,1.818E+03));
#19841 = LINE('',#19842,#19843);
#19842 = CARTESIAN_POINT('',(2.249E+03,262.,1.818E+03));
#19843 = VECTOR('',#19844,1.);
#19844 = DIRECTION('',(0.,1.,0.));
#19845 = ORIENTED_EDGE('',*,*,#19846,.T.);
#19846 = EDGE_CURVE('',#19839,#19847,#19849,.T.);
#19847 = VERTEX_POINT('',#19848);
#19848 = CARTESIAN_POINT('',(2.249E+03,280.,2.291E+03));
#19849 = LINE('',#19850,#19851);
#19850 = CARTESIAN_POINT('',(2.249E+03,280.,1.818E+03));
#19851 = VECTOR('',#19852,1.);
#19852 = DIRECTION('',(0.,0.,1.));
#19853 = ORIENTED_EDGE('',*,*,#19854,.F.);
#19854 = EDGE_CURVE('',#19831,#19847,#19855,.T.);
#19855 = LINE('',#19856,#19857);
#19856 = CARTESIAN_POINT('',(2.249E+03,262.,2.291E+03));
#19857 = VECTOR('',#19858,1.);
#19858 = DIRECTION('',(0.,1.,0.));
#19859 = PLANE('',#19860);
#19860 = AXIS2_PLACEMENT_3D('',#19861,#19862,#19863);
#19861 = CARTESIAN_POINT('',(2.249E+03,262.,1.818E+03));
#19862 = DIRECTION('',(1.,0.,0.));
#19863 = DIRECTION('',(0.,0.,1.));
#19864 = ADVANCED_FACE('',(#19865),#19881,.F.);
#19865 = FACE_BOUND('',#19866,.F.);
#19866 = EDGE_LOOP('',(#19867,#19873,#19874,#19880));
#19867 = ORIENTED_EDGE('',*,*,#19868,.F.);
#19868 = EDGE_CURVE('',#19789,#19829,#19869,.T.);
#19869 = LINE('',#19870,#19871);
#19870 = CARTESIAN_POINT('',(1.804666666667E+03,262.,1.818E+03));
#19871 = VECTOR('',#19872,1.);
#19872 = DIRECTION('',(1.,0.,0.));
#19873 = ORIENTED_EDGE('',*,*,#19788,.T.);
#19874 = ORIENTED_EDGE('',*,*,#19875,.T.);
#19875 = EDGE_CURVE('',#19791,#19831,#19876,.T.);
#19876 = LINE('',#19877,#19878);
#19877 = CARTESIAN_POINT('',(1.804666666667E+03,262.,2.291E+03));
#19878 = VECTOR('',#19879,1.);
#19879 = DIRECTION('',(1.,0.,0.));
#19880 = ORIENTED_EDGE('',*,*,#19828,.F.);
#19881 = PLANE('',#19882);
#19882 = AXIS2_PLACEMENT_3D('',#19883,#19884,#19885);
#19883 = CARTESIAN_POINT('',(1.804666666667E+03,262.,1.818E+03));
#19884 = DIRECTION('',(0.,1.,0.));
#19885 = DIRECTION('',(0.,0.,1.));
#19886 = ADVANCED_FACE('',(#19887),#19903,.T.);
#19887 = FACE_BOUND('',#19888,.T.);
#19888 = EDGE_LOOP('',(#19889,#19895,#19896,#19902));
#19889 = ORIENTED_EDGE('',*,*,#19890,.F.);
#19890 = EDGE_CURVE('',#19799,#19839,#19891,.T.);
#19891 = LINE('',#19892,#19893);
#19892 = CARTESIAN_POINT('',(1.804666666667E+03,280.,1.818E+03));
#19893 = VECTOR('',#19894,1.);
#19894 = DIRECTION('',(1.,0.,0.));
#19895 = ORIENTED_EDGE('',*,*,#19806,.T.);
#19896 = ORIENTED_EDGE('',*,*,#19897,.T.);
#19897 = EDGE_CURVE('',#19807,#19847,#19898,.T.);
#19898 = LINE('',#19899,#19900);
#19899 = CARTESIAN_POINT('',(1.804666666667E+03,280.,2.291E+03));
#19900 = VECTOR('',#19901,1.);
#19901 = DIRECTION('',(1.,0.,0.));
#19902 = ORIENTED_EDGE('',*,*,#19846,.F.);
#19903 = PLANE('',#19904);
#19904 = AXIS2_PLACEMENT_3D('',#19905,#19906,#19907);
#19905 = CARTESIAN_POINT('',(1.804666666667E+03,280.,1.818E+03));
#19906 = DIRECTION('',(0.,1.,0.));
#19907 = DIRECTION('',(0.,0.,1.));
#19908 = ADVANCED_FACE('',(#19909),#19915,.F.);
#19909 = FACE_BOUND('',#19910,.F.);
#19910 = EDGE_LOOP('',(#19911,#19912,#19913,#19914));
#19911 = ORIENTED_EDGE('',*,*,#19798,.F.);
#19912 = ORIENTED_EDGE('',*,*,#19868,.T.);
#19913 = ORIENTED_EDGE('',*,*,#19838,.T.);
#19914 = ORIENTED_EDGE('',*,*,#19890,.F.);
#19915 = PLANE('',#19916);
#19916 = AXIS2_PLACEMENT_3D('',#19917,#19918,#19919);
#19917 = CARTESIAN_POINT('',(1.804666666667E+03,262.,1.818E+03));
#19918 = DIRECTION('',(0.,0.,1.));
#19919 = DIRECTION('',(1.,0.,0.));
#19920 = ADVANCED_FACE('',(#19921),#19927,.T.);
#19921 = FACE_BOUND('',#19922,.T.);
#19922 = EDGE_LOOP('',(#19923,#19924,#19925,#19926));
#19923 = ORIENTED_EDGE('',*,*,#19814,.F.);
#19924 = ORIENTED_EDGE('',*,*,#19875,.T.);
#19925 = ORIENTED_EDGE('',*,*,#19854,.T.);
#19926 = ORIENTED_EDGE('',*,*,#19897,.F.);
#19927 = PLANE('',#19928);
#19928 = AXIS2_PLACEMENT_3D('',#19929,#19930,#19931);
#19929 = CARTESIAN_POINT('',(1.804666666667E+03,262.,2.291E+03));
#19930 = DIRECTION('',(0.,0.,1.));
#19931 = DIRECTION('',(1.,0.,0.));
#19932 = MANIFOLD_SOLID_BREP('',#19933);
#19933 = CLOSED_SHELL('',(#19934,#19974,#20014,#20036,#20058,#20070));
#19934 = ADVANCED_FACE('',(#19935),#19969,.F.);
#19935 = FACE_BOUND('',#19936,.F.);
#19936 = EDGE_LOOP('',(#19937,#19947,#19955,#19963));
#19937 = ORIENTED_EDGE('',*,*,#19938,.F.);
#19938 = EDGE_CURVE('',#19939,#19941,#19943,.T.);
#19939 = VERTEX_POINT('',#19940);
#19940 = CARTESIAN_POINT('',(903.,260.,1.809E+03));
#19941 = VERTEX_POINT('',#19942);
#19942 = CARTESIAN_POINT('',(903.,260.,1.834E+03));
#19943 = LINE('',#19944,#19945);
#19944 = CARTESIAN_POINT('',(903.,260.,1.809E+03));
#19945 = VECTOR('',#19946,1.);
#19946 = DIRECTION('',(0.,0.,1.));
#19947 = ORIENTED_EDGE('',*,*,#19948,.T.);
#19948 = EDGE_CURVE('',#19939,#19949,#19951,.T.);
#19949 = VERTEX_POINT('',#19950);
#19950 = CARTESIAN_POINT('',(903.,280.,1.809E+03));
#19951 = LINE('',#19952,#19953);
#19952 = CARTESIAN_POINT('',(903.,260.,1.809E+03));
#19953 = VECTOR('',#19954,1.);
#19954 = DIRECTION('',(0.,1.,0.));
#19955 = ORIENTED_EDGE('',*,*,#19956,.T.);
#19956 = EDGE_CURVE('',#19949,#19957,#19959,.T.);
#19957 = VERTEX_POINT('',#19958);
#19958 = CARTESIAN_POINT('',(903.,280.,1.834E+03));
#19959 = LINE('',#19960,#19961);
#19960 = CARTESIAN_POINT('',(903.,280.,1.809E+03));
#19961 = VECTOR('',#19962,1.);
#19962 = DIRECTION('',(0.,0.,1.));
#19963 = ORIENTED_EDGE('',*,*,#19964,.F.);
#19964 = EDGE_CURVE('',#19941,#19957,#19965,.T.);
#19965 = LINE('',#19966,#19967);
#19966 = CARTESIAN_POINT('',(903.,260.,1.834E+03));
#19967 = VECTOR('',#19968,1.);
#19968 = DIRECTION('',(0.,1.,0.));
#19969 = PLANE('',#19970);
#19970 = AXIS2_PLACEMENT_3D('',#19971,#19972,#19973);
#19971 = CARTESIAN_POINT('',(903.,260.,1.809E+03));
#19972 = DIRECTION('',(1.,0.,0.));
#19973 = DIRECTION('',(0.,0.,1.));
#19974 = ADVANCED_FACE('',(#19975),#20009,.T.);
#19975 = FACE_BOUND('',#19976,.T.);
#19976 = EDGE_LOOP('',(#19977,#19987,#19995,#20003));
#19977 = ORIENTED_EDGE('',*,*,#19978,.F.);
#19978 = EDGE_CURVE('',#19979,#19981,#19983,.T.);
#19979 = VERTEX_POINT('',#19980);
#19980 = CARTESIAN_POINT('',(2.258E+03,260.,1.809E+03));
#19981 = VERTEX_POINT('',#19982);
#19982 = CARTESIAN_POINT('',(2.258E+03,260.,1.834E+03));
#19983 = LINE('',#19984,#19985);
#19984 = CARTESIAN_POINT('',(2.258E+03,260.,1.809E+03));
#19985 = VECTOR('',#19986,1.);
#19986 = DIRECTION('',(0.,0.,1.));
#19987 = ORIENTED_EDGE('',*,*,#19988,.T.);
#19988 = EDGE_CURVE('',#19979,#19989,#19991,.T.);
#19989 = VERTEX_POINT('',#19990);
#19990 = CARTESIAN_POINT('',(2.258E+03,280.,1.809E+03));
#19991 = LINE('',#19992,#19993);
#19992 = CARTESIAN_POINT('',(2.258E+03,260.,1.809E+03));
#19993 = VECTOR('',#19994,1.);
#19994 = DIRECTION('',(0.,1.,0.));
#19995 = ORIENTED_EDGE('',*,*,#19996,.T.);
#19996 = EDGE_CURVE('',#19989,#19997,#19999,.T.);
#19997 = VERTEX_POINT('',#19998);
#19998 = CARTESIAN_POINT('',(2.258E+03,280.,1.834E+03));
#19999 = LINE('',#20000,#20001);
#20000 = CARTESIAN_POINT('',(2.258E+03,280.,1.809E+03));
#20001 = VECTOR('',#20002,1.);
#20002 = DIRECTION('',(0.,0.,1.));
#20003 = ORIENTED_EDGE('',*,*,#20004,.F.);
#20004 = EDGE_CURVE('',#19981,#19997,#20005,.T.);
#20005 = LINE('',#20006,#20007);
#20006 = CARTESIAN_POINT('',(2.258E+03,260.,1.834E+03));
#20007 = VECTOR('',#20008,1.);
#20008 = DIRECTION('',(0.,1.,0.));
#20009 = PLANE('',#20010);
#20010 = AXIS2_PLACEMENT_3D('',#20011,#20012,#20013);
#20011 = CARTESIAN_POINT('',(2.258E+03,260.,1.809E+03));
#20012 = DIRECTION('',(1.,0.,0.));
#20013 = DIRECTION('',(0.,0.,1.));
#20014 = ADVANCED_FACE('',(#20015),#20031,.F.);
#20015 = FACE_BOUND('',#20016,.F.);
#20016 = EDGE_LOOP('',(#20017,#20023,#20024,#20030));
#20017 = ORIENTED_EDGE('',*,*,#20018,.F.);
#20018 = EDGE_CURVE('',#19939,#19979,#20019,.T.);
#20019 = LINE('',#20020,#20021);
#20020 = CARTESIAN_POINT('',(903.,260.,1.809E+03));
#20021 = VECTOR('',#20022,1.);
#20022 = DIRECTION('',(1.,0.,0.));
#20023 = ORIENTED_EDGE('',*,*,#19938,.T.);
#20024 = ORIENTED_EDGE('',*,*,#20025,.T.);
#20025 = EDGE_CURVE('',#19941,#19981,#20026,.T.);
#20026 = LINE('',#20027,#20028);
#20027 = CARTESIAN_POINT('',(903.,260.,1.834E+03));
#20028 = VECTOR('',#20029,1.);
#20029 = DIRECTION('',(1.,0.,0.));
#20030 = ORIENTED_EDGE('',*,*,#19978,.F.);
#20031 = PLANE('',#20032);
#20032 = AXIS2_PLACEMENT_3D('',#20033,#20034,#20035);
#20033 = CARTESIAN_POINT('',(903.,260.,1.809E+03));
#20034 = DIRECTION('',(0.,1.,0.));
#20035 = DIRECTION('',(0.,0.,1.));
#20036 = ADVANCED_FACE('',(#20037),#20053,.T.);
#20037 = FACE_BOUND('',#20038,.T.);
#20038 = EDGE_LOOP('',(#20039,#20045,#20046,#20052));
#20039 = ORIENTED_EDGE('',*,*,#20040,.F.);
#20040 = EDGE_CURVE('',#19949,#19989,#20041,.T.);
#20041 = LINE('',#20042,#20043);
#20042 = CARTESIAN_POINT('',(903.,280.,1.809E+03));
#20043 = VECTOR('',#20044,1.);
#20044 = DIRECTION('',(1.,0.,0.));
#20045 = ORIENTED_EDGE('',*,*,#19956,.T.);
#20046 = ORIENTED_EDGE('',*,*,#20047,.T.);
#20047 = EDGE_CURVE('',#19957,#19997,#20048,.T.);
#20048 = LINE('',#20049,#20050);
#20049 = CARTESIAN_POINT('',(903.,280.,1.834E+03));
#20050 = VECTOR('',#20051,1.);
#20051 = DIRECTION('',(1.,0.,0.));
#20052 = ORIENTED_EDGE('',*,*,#19996,.F.);
#20053 = PLANE('',#20054);
#20054 = AXIS2_PLACEMENT_3D('',#20055,#20056,#20057);
#20055 = CARTESIAN_POINT('',(903.,280.,1.809E+03));
#20056 = DIRECTION('',(0.,1.,0.));
#20057 = DIRECTION('',(0.,0.,1.));
#20058 = ADVANCED_FACE('',(#20059),#20065,.F.);
#20059 = FACE_BOUND('',#20060,.F.);
#20060 = EDGE_LOOP('',(#20061,#20062,#20063,#20064));
#20061 = ORIENTED_EDGE('',*,*,#19948,.F.);
#20062 = ORIENTED_EDGE('',*,*,#20018,.T.);
#20063 = ORIENTED_EDGE('',*,*,#19988,.T.);
#20064 = ORIENTED_EDGE('',*,*,#20040,.F.);
#20065 = PLANE('',#20066);
#20066 = AXIS2_PLACEMENT_3D('',#20067,#20068,#20069);
#20067 = CARTESIAN_POINT('',(903.,260.,1.809E+03));
#20068 = DIRECTION('',(0.,0.,1.));
#20069 = DIRECTION('',(1.,0.,0.));
#20070 = ADVANCED_FACE('',(#20071),#20077,.T.);
#20071 = FACE_BOUND('',#20072,.T.);
#20072 = EDGE_LOOP('',(#20073,#20074,#20075,#20076));
#20073 = ORIENTED_EDGE('',*,*,#19964,.F.);
#20074 = ORIENTED_EDGE('',*,*,#20025,.T.);
#20075 = ORIENTED_EDGE('',*,*,#20004,.T.);
#20076 = ORIENTED_EDGE('',*,*,#20047,.F.);
#20077 = PLANE('',#20078);
#20078 = AXIS2_PLACEMENT_3D('',#20079,#20080,#20081);
#20079 = CARTESIAN_POINT('',(903.,260.,1.834E+03));
#20080 = DIRECTION('',(0.,0.,1.));
#20081 = DIRECTION('',(1.,0.,0.));
#20082 = MANIFOLD_SOLID_BREP('',#20083);
#20083 = CLOSED_SHELL('',(#20084,#20124,#20155,#20213,#20237,#20288,
    #20300,#20322,#20339,#20356));
#20084 = ADVANCED_FACE('',(#20085),#20119,.F.);
#20085 = FACE_BOUND('',#20086,.F.);
#20086 = EDGE_LOOP('',(#20087,#20097,#20105,#20113));
#20087 = ORIENTED_EDGE('',*,*,#20088,.F.);
#20088 = EDGE_CURVE('',#20089,#20091,#20093,.T.);
#20089 = VERTEX_POINT('',#20090);
#20090 = CARTESIAN_POINT('',(0.,-48.,870.));
#20091 = VERTEX_POINT('',#20092);
#20092 = CARTESIAN_POINT('',(0.,-48.,900.));
#20093 = LINE('',#20094,#20095);
#20094 = CARTESIAN_POINT('',(0.,-48.,870.));
#20095 = VECTOR('',#20096,1.);
#20096 = DIRECTION('',(0.,0.,1.));
#20097 = ORIENTED_EDGE('',*,*,#20098,.T.);
#20098 = EDGE_CURVE('',#20089,#20099,#20101,.T.);
#20099 = VERTEX_POINT('',#20100);
#20100 = CARTESIAN_POINT('',(0.,600.,870.));
#20101 = LINE('',#20102,#20103);
#20102 = CARTESIAN_POINT('',(0.,-48.,870.));
#20103 = VECTOR('',#20104,1.);
#20104 = DIRECTION('',(0.,1.,0.));
#20105 = ORIENTED_EDGE('',*,*,#20106,.T.);
#20106 = EDGE_CURVE('',#20099,#20107,#20109,.T.);
#20107 = VERTEX_POINT('',#20108);
#20108 = CARTESIAN_POINT('',(0.,600.,900.));
#20109 = LINE('',#20110,#20111);
#20110 = CARTESIAN_POINT('',(0.,600.,870.));
#20111 = VECTOR('',#20112,1.);
#20112 = DIRECTION('',(0.,0.,1.));
#20113 = ORIENTED_EDGE('',*,*,#20114,.F.);
#20114 = EDGE_CURVE('',#20091,#20107,#20115,.T.);
#20115 = LINE('',#20116,#20117);
#20116 = CARTESIAN_POINT('',(0.,-48.,900.));
#20117 = VECTOR('',#20118,1.);
#20118 = DIRECTION('',(0.,1.,0.));
#20119 = PLANE('',#20120);
#20120 = AXIS2_PLACEMENT_3D('',#20121,#20122,#20123);
#20121 = CARTESIAN_POINT('',(0.,-48.,870.));
#20122 = DIRECTION('',(1.,0.,0.));
#20123 = DIRECTION('',(0.,0.,1.));
#20124 = ADVANCED_FACE('',(#20125),#20150,.F.);
#20125 = FACE_BOUND('',#20126,.F.);
#20126 = EDGE_LOOP('',(#20127,#20135,#20136,#20144));
#20127 = ORIENTED_EDGE('',*,*,#20128,.F.);
#20128 = EDGE_CURVE('',#20089,#20129,#20131,.T.);
#20129 = VERTEX_POINT('',#20130);
#20130 = CARTESIAN_POINT('',(2.258E+03,-48.,870.));
#20131 = LINE('',#20132,#20133);
#20132 = CARTESIAN_POINT('',(0.,-48.,870.));
#20133 = VECTOR('',#20134,1.);
#20134 = DIRECTION('',(1.,0.,0.));
#20135 = ORIENTED_EDGE('',*,*,#20088,.T.);
#20136 = ORIENTED_EDGE('',*,*,#20137,.T.);
#20137 = EDGE_CURVE('',#20091,#20138,#20140,.T.);
#20138 = VERTEX_POINT('',#20139);
#20139 = CARTESIAN_POINT('',(2.258E+03,-48.,900.));
#20140 = LINE('',#20141,#20142);
#20141 = CARTESIAN_POINT('',(0.,-48.,900.));
#20142 = VECTOR('',#20143,1.);
#20143 = DIRECTION('',(1.,0.,0.));
#20144 = ORIENTED_EDGE('',*,*,#20145,.F.);
#20145 = EDGE_CURVE('',#20129,#20138,#20146,.T.);
#20146 = LINE('',#20147,#20148);
#20147 = CARTESIAN_POINT('',(2.258E+03,-48.,870.));
#20148 = VECTOR('',#20149,1.);
#20149 = DIRECTION('',(0.,0.,1.));
#20150 = PLANE('',#20151);
#20151 = AXIS2_PLACEMENT_3D('',#20152,#20153,#20154);
#20152 = CARTESIAN_POINT('',(0.,-48.,870.));
#20153 = DIRECTION('',(0.,1.,0.));
#20154 = DIRECTION('',(0.,0.,1.));
#20155 = ADVANCED_FACE('',(#20156,#20174),#20208,.T.);
#20156 = FACE_BOUND('',#20157,.T.);
#20157 = EDGE_LOOP('',(#20158,#20159,#20160,#20168));
#20158 = ORIENTED_EDGE('',*,*,#20114,.F.);
#20159 = ORIENTED_EDGE('',*,*,#20137,.T.);
#20160 = ORIENTED_EDGE('',*,*,#20161,.T.);
#20161 = EDGE_CURVE('',#20138,#20162,#20164,.T.);
#20162 = VERTEX_POINT('',#20163);
#20163 = CARTESIAN_POINT('',(2.258E+03,600.,900.));
#20164 = LINE('',#20165,#20166);
#20165 = CARTESIAN_POINT('',(2.258E+03,-48.,900.));
#20166 = VECTOR('',#20167,1.);
#20167 = DIRECTION('',(0.,1.,0.));
#20168 = ORIENTED_EDGE('',*,*,#20169,.F.);
#20169 = EDGE_CURVE('',#20107,#20162,#20170,.T.);
#20170 = LINE('',#20171,#20172);
#20171 = CARTESIAN_POINT('',(0.,600.,900.));
#20172 = VECTOR('',#20173,1.);
#20173 = DIRECTION('',(1.,0.,0.));
#20174 = FACE_BOUND('',#20175,.T.);
#20175 = EDGE_LOOP('',(#20176,#20186,#20194,#20202));
#20176 = ORIENTED_EDGE('',*,*,#20177,.T.);
#20177 = EDGE_CURVE('',#20178,#20180,#20182,.T.);
#20178 = VERTEX_POINT('',#20179);
#20179 = CARTESIAN_POINT('',(908.,22.5,900.));
#20180 = VERTEX_POINT('',#20181);
#20181 = CARTESIAN_POINT('',(308.,22.5,900.));
#20182 = LINE('',#20183,#20184);
#20183 = CARTESIAN_POINT('',(154.,22.5,900.));
#20184 = VECTOR('',#20185,1.);
#20185 = DIRECTION('',(-1.,0.,0.));
#20186 = ORIENTED_EDGE('',*,*,#20187,.T.);
#20187 = EDGE_CURVE('',#20180,#20188,#20190,.T.);
#20188 = VERTEX_POINT('',#20189);
#20189 = CARTESIAN_POINT('',(308.,577.5,900.));
#20190 = LINE('',#20191,#20192);
#20191 = CARTESIAN_POINT('',(308.,-12.75,900.));
#20192 = VECTOR('',#20193,1.);
#20193 = DIRECTION('',(0.,1.,0.));
#20194 = ORIENTED_EDGE('',*,*,#20195,.F.);
#20195 = EDGE_CURVE('',#20196,#20188,#20198,.T.);
#20196 = VERTEX_POINT('',#20197);
#20197 = CARTESIAN_POINT('',(908.,577.5,900.));
#20198 = LINE('',#20199,#20200);
#20199 = CARTESIAN_POINT('',(154.,577.5,900.));
#20200 = VECTOR('',#20201,1.);
#20201 = DIRECTION('',(-1.,0.,0.));
#20202 = ORIENTED_EDGE('',*,*,#20203,.F.);
#20203 = EDGE_CURVE('',#20178,#20196,#20204,.T.);
#20204 = LINE('',#20205,#20206);
#20205 = CARTESIAN_POINT('',(908.,-12.75,900.));
#20206 = VECTOR('',#20207,1.);
#20207 = DIRECTION('',(0.,1.,0.));
#20208 = PLANE('',#20209);
#20209 = AXIS2_PLACEMENT_3D('',#20210,#20211,#20212);
#20210 = CARTESIAN_POINT('',(0.,-48.,900.));
#20211 = DIRECTION('',(0.,0.,1.));
#20212 = DIRECTION('',(1.,0.,0.));
#20213 = ADVANCED_FACE('',(#20214),#20232,.T.);
#20214 = FACE_BOUND('',#20215,.T.);
#20215 = EDGE_LOOP('',(#20216,#20224,#20225,#20226));
#20216 = ORIENTED_EDGE('',*,*,#20217,.F.);
#20217 = EDGE_CURVE('',#20099,#20218,#20220,.T.);
#20218 = VERTEX_POINT('',#20219);
#20219 = CARTESIAN_POINT('',(2.258E+03,600.,870.));
#20220 = LINE('',#20221,#20222);
#20221 = CARTESIAN_POINT('',(0.,600.,870.));
#20222 = VECTOR('',#20223,1.);
#20223 = DIRECTION('',(1.,0.,0.));
#20224 = ORIENTED_EDGE('',*,*,#20106,.T.);
#20225 = ORIENTED_EDGE('',*,*,#20169,.T.);
#20226 = ORIENTED_EDGE('',*,*,#20227,.F.);
#20227 = EDGE_CURVE('',#20218,#20162,#20228,.T.);
#20228 = LINE('',#20229,#20230);
#20229 = CARTESIAN_POINT('',(2.258E+03,600.,870.));
#20230 = VECTOR('',#20231,1.);
#20231 = DIRECTION('',(0.,0.,1.));
#20232 = PLANE('',#20233);
#20233 = AXIS2_PLACEMENT_3D('',#20234,#20235,#20236);
#20234 = CARTESIAN_POINT('',(0.,600.,870.));
#20235 = DIRECTION('',(0.,1.,0.));
#20236 = DIRECTION('',(0.,0.,1.));
#20237 = ADVANCED_FACE('',(#20238,#20249),#20283,.F.);
#20238 = FACE_BOUND('',#20239,.F.);
#20239 = EDGE_LOOP('',(#20240,#20241,#20242,#20248));
#20240 = ORIENTED_EDGE('',*,*,#20098,.F.);
#20241 = ORIENTED_EDGE('',*,*,#20128,.T.);
#20242 = ORIENTED_EDGE('',*,*,#20243,.T.);
#20243 = EDGE_CURVE('',#20129,#20218,#20244,.T.);
#20244 = LINE('',#20245,#20246);
#20245 = CARTESIAN_POINT('',(2.258E+03,-48.,870.));
#20246 = VECTOR('',#20247,1.);
#20247 = DIRECTION('',(0.,1.,0.));
#20248 = ORIENTED_EDGE('',*,*,#20217,.F.);
#20249 = FACE_BOUND('',#20250,.F.);
#20250 = EDGE_LOOP('',(#20251,#20261,#20269,#20277));
#20251 = ORIENTED_EDGE('',*,*,#20252,.T.);
#20252 = EDGE_CURVE('',#20253,#20255,#20257,.T.);
#20253 = VERTEX_POINT('',#20254);
#20254 = CARTESIAN_POINT('',(908.,22.5,870.));
#20255 = VERTEX_POINT('',#20256);
#20256 = CARTESIAN_POINT('',(308.,22.5,870.));
#20257 = LINE('',#20258,#20259);
#20258 = CARTESIAN_POINT('',(154.,22.5,870.));
#20259 = VECTOR('',#20260,1.);
#20260 = DIRECTION('',(-1.,0.,0.));
#20261 = ORIENTED_EDGE('',*,*,#20262,.T.);
#20262 = EDGE_CURVE('',#20255,#20263,#20265,.T.);
#20263 = VERTEX_POINT('',#20264);
#20264 = CARTESIAN_POINT('',(308.,577.5,870.));
#20265 = LINE('',#20266,#20267);
#20266 = CARTESIAN_POINT('',(308.,-12.75,870.));
#20267 = VECTOR('',#20268,1.);
#20268 = DIRECTION('',(0.,1.,0.));
#20269 = ORIENTED_EDGE('',*,*,#20270,.F.);
#20270 = EDGE_CURVE('',#20271,#20263,#20273,.T.);
#20271 = VERTEX_POINT('',#20272);
#20272 = CARTESIAN_POINT('',(908.,577.5,870.));
#20273 = LINE('',#20274,#20275);
#20274 = CARTESIAN_POINT('',(154.,577.5,870.));
#20275 = VECTOR('',#20276,1.);
#20276 = DIRECTION('',(-1.,0.,0.));
#20277 = ORIENTED_EDGE('',*,*,#20278,.F.);
#20278 = EDGE_CURVE('',#20253,#20271,#20279,.T.);
#20279 = LINE('',#20280,#20281);
#20280 = CARTESIAN_POINT('',(908.,-12.75,870.));
#20281 = VECTOR('',#20282,1.);
#20282 = DIRECTION('',(0.,1.,0.));
#20283 = PLANE('',#20284);
#20284 = AXIS2_PLACEMENT_3D('',#20285,#20286,#20287);
#20285 = CARTESIAN_POINT('',(0.,-48.,870.));
#20286 = DIRECTION('',(0.,0.,1.));
#20287 = DIRECTION('',(1.,0.,0.));
#20288 = ADVANCED_FACE('',(#20289),#20295,.T.);
#20289 = FACE_BOUND('',#20290,.T.);
#20290 = EDGE_LOOP('',(#20291,#20292,#20293,#20294));
#20291 = ORIENTED_EDGE('',*,*,#20145,.F.);
#20292 = ORIENTED_EDGE('',*,*,#20243,.T.);
#20293 = ORIENTED_EDGE('',*,*,#20227,.T.);
#20294 = ORIENTED_EDGE('',*,*,#20161,.F.);
#20295 = PLANE('',#20296);
#20296 = AXIS2_PLACEMENT_3D('',#20297,#20298,#20299);
#20297 = CARTESIAN_POINT('',(2.258E+03,-48.,870.));
#20298 = DIRECTION('',(1.,0.,0.));
#20299 = DIRECTION('',(0.,0.,1.));
#20300 = ADVANCED_FACE('',(#20301),#20317,.T.);
#20301 = FACE_BOUND('',#20302,.T.);
#20302 = EDGE_LOOP('',(#20303,#20309,#20310,#20316));
#20303 = ORIENTED_EDGE('',*,*,#20304,.F.);
#20304 = EDGE_CURVE('',#20253,#20178,#20305,.T.);
#20305 = LINE('',#20306,#20307);
#20306 = CARTESIAN_POINT('',(908.,22.5,869.));
#20307 = VECTOR('',#20308,1.);
#20308 = DIRECTION('',(0.,0.,1.));
#20309 = ORIENTED_EDGE('',*,*,#20252,.T.);
#20310 = ORIENTED_EDGE('',*,*,#20311,.T.);
#20311 = EDGE_CURVE('',#20255,#20180,#20312,.T.);
#20312 = LINE('',#20313,#20314);
#20313 = CARTESIAN_POINT('',(308.,22.5,869.));
#20314 = VECTOR('',#20315,1.);
#20315 = DIRECTION('',(0.,0.,1.));
#20316 = ORIENTED_EDGE('',*,*,#20177,.F.);
#20317 = PLANE('',#20318);
#20318 = AXIS2_PLACEMENT_3D('',#20319,#20320,#20321);
#20319 = CARTESIAN_POINT('',(308.,22.5,869.));
#20320 = DIRECTION('',(0.,1.,0.));
#20321 = DIRECTION('',(0.,0.,1.));
#20322 = ADVANCED_FACE('',(#20323),#20334,.F.);
#20323 = FACE_BOUND('',#20324,.F.);
#20324 = EDGE_LOOP('',(#20325,#20326,#20327,#20333));
#20325 = ORIENTED_EDGE('',*,*,#20304,.F.);
#20326 = ORIENTED_EDGE('',*,*,#20278,.T.);
#20327 = ORIENTED_EDGE('',*,*,#20328,.T.);
#20328 = EDGE_CURVE('',#20271,#20196,#20329,.T.);
#20329 = LINE('',#20330,#20331);
#20330 = CARTESIAN_POINT('',(908.,577.5,869.));
#20331 = VECTOR('',#20332,1.);
#20332 = DIRECTION('',(0.,0.,1.));
#20333 = ORIENTED_EDGE('',*,*,#20203,.F.);
#20334 = PLANE('',#20335);
#20335 = AXIS2_PLACEMENT_3D('',#20336,#20337,#20338);
#20336 = CARTESIAN_POINT('',(908.,22.5,869.));
#20337 = DIRECTION('',(1.,0.,0.));
#20338 = DIRECTION('',(0.,0.,1.));
#20339 = ADVANCED_FACE('',(#20340),#20351,.F.);
#20340 = FACE_BOUND('',#20341,.F.);
#20341 = EDGE_LOOP('',(#20342,#20343,#20344,#20350));
#20342 = ORIENTED_EDGE('',*,*,#20328,.F.);
#20343 = ORIENTED_EDGE('',*,*,#20270,.T.);
#20344 = ORIENTED_EDGE('',*,*,#20345,.T.);
#20345 = EDGE_CURVE('',#20263,#20188,#20346,.T.);
#20346 = LINE('',#20347,#20348);
#20347 = CARTESIAN_POINT('',(308.,577.5,869.));
#20348 = VECTOR('',#20349,1.);
#20349 = DIRECTION('',(0.,0.,1.));
#20350 = ORIENTED_EDGE('',*,*,#20195,.F.);
#20351 = PLANE('',#20352);
#20352 = AXIS2_PLACEMENT_3D('',#20353,#20354,#20355);
#20353 = CARTESIAN_POINT('',(308.,577.5,869.));
#20354 = DIRECTION('',(0.,1.,0.));
#20355 = DIRECTION('',(0.,0.,1.));
#20356 = ADVANCED_FACE('',(#20357),#20363,.T.);
#20357 = FACE_BOUND('',#20358,.T.);
#20358 = EDGE_LOOP('',(#20359,#20360,#20361,#20362));
#20359 = ORIENTED_EDGE('',*,*,#20311,.F.);
#20360 = ORIENTED_EDGE('',*,*,#20262,.T.);
#20361 = ORIENTED_EDGE('',*,*,#20345,.T.);
#20362 = ORIENTED_EDGE('',*,*,#20187,.F.);
#20363 = PLANE('',#20364);
#20364 = AXIS2_PLACEMENT_3D('',#20365,#20366,#20367);
#20365 = CARTESIAN_POINT('',(308.,22.5,869.));
#20366 = DIRECTION('',(1.,0.,0.));
#20367 = DIRECTION('',(0.,0.,1.));
#20368 = MANIFOLD_SOLID_BREP('',#20369);
#20369 = CLOSED_SHELL('',(#20370,#20410,#20450,#20472,#20494,#20506));
#20370 = ADVANCED_FACE('',(#20371),#20405,.F.);
#20371 = FACE_BOUND('',#20372,.F.);
#20372 = EDGE_LOOP('',(#20373,#20383,#20391,#20399));
#20373 = ORIENTED_EDGE('',*,*,#20374,.F.);
#20374 = EDGE_CURVE('',#20375,#20377,#20379,.T.);
#20375 = VERTEX_POINT('',#20376);
#20376 = CARTESIAN_POINT('',(2.93E+03,435.,80.));
#20377 = VERTEX_POINT('',#20378);
#20378 = CARTESIAN_POINT('',(2.93E+03,435.,2.282E+03));
#20379 = LINE('',#20380,#20381);
#20380 = CARTESIAN_POINT('',(2.93E+03,435.,80.));
#20381 = VECTOR('',#20382,1.);
#20382 = DIRECTION('',(0.,0.,1.));
#20383 = ORIENTED_EDGE('',*,*,#20384,.T.);
#20384 = EDGE_CURVE('',#20375,#20385,#20387,.T.);
#20385 = VERTEX_POINT('',#20386);
#20386 = CARTESIAN_POINT('',(2.93E+03,585.,80.));
#20387 = LINE('',#20388,#20389);
#20388 = CARTESIAN_POINT('',(2.93E+03,435.,80.));
#20389 = VECTOR('',#20390,1.);
#20390 = DIRECTION('',(0.,1.,0.));
#20391 = ORIENTED_EDGE('',*,*,#20392,.T.);
#20392 = EDGE_CURVE('',#20385,#20393,#20395,.T.);
#20393 = VERTEX_POINT('',#20394);
#20394 = CARTESIAN_POINT('',(2.93E+03,585.,2.282E+03));
#20395 = LINE('',#20396,#20397);
#20396 = CARTESIAN_POINT('',(2.93E+03,585.,80.));
#20397 = VECTOR('',#20398,1.);
#20398 = DIRECTION('',(0.,0.,1.));
#20399 = ORIENTED_EDGE('',*,*,#20400,.F.);
#20400 = EDGE_CURVE('',#20377,#20393,#20401,.T.);
#20401 = LINE('',#20402,#20403);
#20402 = CARTESIAN_POINT('',(2.93E+03,435.,2.282E+03));
#20403 = VECTOR('',#20404,1.);
#20404 = DIRECTION('',(0.,1.,0.));
#20405 = PLANE('',#20406);
#20406 = AXIS2_PLACEMENT_3D('',#20407,#20408,#20409);
#20407 = CARTESIAN_POINT('',(2.93E+03,435.,80.));
#20408 = DIRECTION('',(1.,0.,0.));
#20409 = DIRECTION('',(0.,0.,1.));
#20410 = ADVANCED_FACE('',(#20411),#20445,.T.);
#20411 = FACE_BOUND('',#20412,.T.);
#20412 = EDGE_LOOP('',(#20413,#20423,#20431,#20439));
#20413 = ORIENTED_EDGE('',*,*,#20414,.F.);
#20414 = EDGE_CURVE('',#20415,#20417,#20419,.T.);
#20415 = VERTEX_POINT('',#20416);
#20416 = CARTESIAN_POINT('',(2.948E+03,435.,80.));
#20417 = VERTEX_POINT('',#20418);
#20418 = CARTESIAN_POINT('',(2.948E+03,435.,2.282E+03));
#20419 = LINE('',#20420,#20421);
#20420 = CARTESIAN_POINT('',(2.948E+03,435.,80.));
#20421 = VECTOR('',#20422,1.);
#20422 = DIRECTION('',(0.,0.,1.));
#20423 = ORIENTED_EDGE('',*,*,#20424,.T.);
#20424 = EDGE_CURVE('',#20415,#20425,#20427,.T.);
#20425 = VERTEX_POINT('',#20426);
#20426 = CARTESIAN_POINT('',(2.948E+03,585.,80.));
#20427 = LINE('',#20428,#20429);
#20428 = CARTESIAN_POINT('',(2.948E+03,435.,80.));
#20429 = VECTOR('',#20430,1.);
#20430 = DIRECTION('',(0.,1.,0.));
#20431 = ORIENTED_EDGE('',*,*,#20432,.T.);
#20432 = EDGE_CURVE('',#20425,#20433,#20435,.T.);
#20433 = VERTEX_POINT('',#20434);
#20434 = CARTESIAN_POINT('',(2.948E+03,585.,2.282E+03));
#20435 = LINE('',#20436,#20437);
#20436 = CARTESIAN_POINT('',(2.948E+03,585.,80.));
#20437 = VECTOR('',#20438,1.);
#20438 = DIRECTION('',(0.,0.,1.));
#20439 = ORIENTED_EDGE('',*,*,#20440,.F.);
#20440 = EDGE_CURVE('',#20417,#20433,#20441,.T.);
#20441 = LINE('',#20442,#20443);
#20442 = CARTESIAN_POINT('',(2.948E+03,435.,2.282E+03));
#20443 = VECTOR('',#20444,1.);
#20444 = DIRECTION('',(0.,1.,0.));
#20445 = PLANE('',#20446);
#20446 = AXIS2_PLACEMENT_3D('',#20447,#20448,#20449);
#20447 = CARTESIAN_POINT('',(2.948E+03,435.,80.));
#20448 = DIRECTION('',(1.,0.,0.));
#20449 = DIRECTION('',(0.,0.,1.));
#20450 = ADVANCED_FACE('',(#20451),#20467,.F.);
#20451 = FACE_BOUND('',#20452,.F.);
#20452 = EDGE_LOOP('',(#20453,#20459,#20460,#20466));
#20453 = ORIENTED_EDGE('',*,*,#20454,.F.);
#20454 = EDGE_CURVE('',#20375,#20415,#20455,.T.);
#20455 = LINE('',#20456,#20457);
#20456 = CARTESIAN_POINT('',(2.93E+03,435.,80.));
#20457 = VECTOR('',#20458,1.);
#20458 = DIRECTION('',(1.,0.,0.));
#20459 = ORIENTED_EDGE('',*,*,#20374,.T.);
#20460 = ORIENTED_EDGE('',*,*,#20461,.T.);
#20461 = EDGE_CURVE('',#20377,#20417,#20462,.T.);
#20462 = LINE('',#20463,#20464);
#20463 = CARTESIAN_POINT('',(2.93E+03,435.,2.282E+03));
#20464 = VECTOR('',#20465,1.);
#20465 = DIRECTION('',(1.,0.,0.));
#20466 = ORIENTED_EDGE('',*,*,#20414,.F.);
#20467 = PLANE('',#20468);
#20468 = AXIS2_PLACEMENT_3D('',#20469,#20470,#20471);
#20469 = CARTESIAN_POINT('',(2.93E+03,435.,80.));
#20470 = DIRECTION('',(0.,1.,0.));
#20471 = DIRECTION('',(0.,0.,1.));
#20472 = ADVANCED_FACE('',(#20473),#20489,.T.);
#20473 = FACE_BOUND('',#20474,.T.);
#20474 = EDGE_LOOP('',(#20475,#20481,#20482,#20488));
#20475 = ORIENTED_EDGE('',*,*,#20476,.F.);
#20476 = EDGE_CURVE('',#20385,#20425,#20477,.T.);
#20477 = LINE('',#20478,#20479);
#20478 = CARTESIAN_POINT('',(2.93E+03,585.,80.));
#20479 = VECTOR('',#20480,1.);
#20480 = DIRECTION('',(1.,0.,0.));
#20481 = ORIENTED_EDGE('',*,*,#20392,.T.);
#20482 = ORIENTED_EDGE('',*,*,#20483,.T.);
#20483 = EDGE_CURVE('',#20393,#20433,#20484,.T.);
#20484 = LINE('',#20485,#20486);
#20485 = CARTESIAN_POINT('',(2.93E+03,585.,2.282E+03));
#20486 = VECTOR('',#20487,1.);
#20487 = DIRECTION('',(1.,0.,0.));
#20488 = ORIENTED_EDGE('',*,*,#20432,.F.);
#20489 = PLANE('',#20490);
#20490 = AXIS2_PLACEMENT_3D('',#20491,#20492,#20493);
#20491 = CARTESIAN_POINT('',(2.93E+03,585.,80.));
#20492 = DIRECTION('',(0.,1.,0.));
#20493 = DIRECTION('',(0.,0.,1.));
#20494 = ADVANCED_FACE('',(#20495),#20501,.F.);
#20495 = FACE_BOUND('',#20496,.F.);
#20496 = EDGE_LOOP('',(#20497,#20498,#20499,#20500));
#20497 = ORIENTED_EDGE('',*,*,#20384,.F.);
#20498 = ORIENTED_EDGE('',*,*,#20454,.T.);
#20499 = ORIENTED_EDGE('',*,*,#20424,.T.);
#20500 = ORIENTED_EDGE('',*,*,#20476,.F.);
#20501 = PLANE('',#20502);
#20502 = AXIS2_PLACEMENT_3D('',#20503,#20504,#20505);
#20503 = CARTESIAN_POINT('',(2.93E+03,435.,80.));
#20504 = DIRECTION('',(0.,0.,1.));
#20505 = DIRECTION('',(1.,0.,0.));
#20506 = ADVANCED_FACE('',(#20507),#20513,.T.);
#20507 = FACE_BOUND('',#20508,.T.);
#20508 = EDGE_LOOP('',(#20509,#20510,#20511,#20512));
#20509 = ORIENTED_EDGE('',*,*,#20400,.F.);
#20510 = ORIENTED_EDGE('',*,*,#20461,.T.);
#20511 = ORIENTED_EDGE('',*,*,#20440,.T.);
#20512 = ORIENTED_EDGE('',*,*,#20483,.F.);
#20513 = PLANE('',#20514);
#20514 = AXIS2_PLACEMENT_3D('',#20515,#20516,#20517);
#20515 = CARTESIAN_POINT('',(2.93E+03,435.,2.282E+03));
#20516 = DIRECTION('',(0.,0.,1.));
#20517 = DIRECTION('',(1.,0.,0.));
#20518 = MANIFOLD_SOLID_BREP('',#20519);
#20519 = CLOSED_SHELL('',(#20520,#20560,#20600,#20622,#20644,#20656));
#20520 = ADVANCED_FACE('',(#20521),#20555,.F.);
#20521 = FACE_BOUND('',#20522,.F.);
#20522 = EDGE_LOOP('',(#20523,#20533,#20541,#20549));
#20523 = ORIENTED_EDGE('',*,*,#20524,.F.);
#20524 = EDGE_CURVE('',#20525,#20527,#20529,.T.);
#20525 = VERTEX_POINT('',#20526);
#20526 = CARTESIAN_POINT('',(3.802E+03,435.,80.));
#20527 = VERTEX_POINT('',#20528);
#20528 = CARTESIAN_POINT('',(3.802E+03,435.,2.282E+03));
#20529 = LINE('',#20530,#20531);
#20530 = CARTESIAN_POINT('',(3.802E+03,435.,80.));
#20531 = VECTOR('',#20532,1.);
#20532 = DIRECTION('',(0.,0.,1.));
#20533 = ORIENTED_EDGE('',*,*,#20534,.T.);
#20534 = EDGE_CURVE('',#20525,#20535,#20537,.T.);
#20535 = VERTEX_POINT('',#20536);
#20536 = CARTESIAN_POINT('',(3.802E+03,585.,80.));
#20537 = LINE('',#20538,#20539);
#20538 = CARTESIAN_POINT('',(3.802E+03,435.,80.));
#20539 = VECTOR('',#20540,1.);
#20540 = DIRECTION('',(0.,1.,0.));
#20541 = ORIENTED_EDGE('',*,*,#20542,.T.);
#20542 = EDGE_CURVE('',#20535,#20543,#20545,.T.);
#20543 = VERTEX_POINT('',#20544);
#20544 = CARTESIAN_POINT('',(3.802E+03,585.,2.282E+03));
#20545 = LINE('',#20546,#20547);
#20546 = CARTESIAN_POINT('',(3.802E+03,585.,80.));
#20547 = VECTOR('',#20548,1.);
#20548 = DIRECTION('',(0.,0.,1.));
#20549 = ORIENTED_EDGE('',*,*,#20550,.F.);
#20550 = EDGE_CURVE('',#20527,#20543,#20551,.T.);
#20551 = LINE('',#20552,#20553);
#20552 = CARTESIAN_POINT('',(3.802E+03,435.,2.282E+03));
#20553 = VECTOR('',#20554,1.);
#20554 = DIRECTION('',(0.,1.,0.));
#20555 = PLANE('',#20556);
#20556 = AXIS2_PLACEMENT_3D('',#20557,#20558,#20559);
#20557 = CARTESIAN_POINT('',(3.802E+03,435.,80.));
#20558 = DIRECTION('',(1.,0.,0.));
#20559 = DIRECTION('',(0.,0.,1.));
#20560 = ADVANCED_FACE('',(#20561),#20595,.T.);
#20561 = FACE_BOUND('',#20562,.T.);
#20562 = EDGE_LOOP('',(#20563,#20573,#20581,#20589));
#20563 = ORIENTED_EDGE('',*,*,#20564,.F.);
#20564 = EDGE_CURVE('',#20565,#20567,#20569,.T.);
#20565 = VERTEX_POINT('',#20566);
#20566 = CARTESIAN_POINT('',(3.82E+03,435.,80.));
#20567 = VERTEX_POINT('',#20568);
#20568 = CARTESIAN_POINT('',(3.82E+03,435.,2.282E+03));
#20569 = LINE('',#20570,#20571);
#20570 = CARTESIAN_POINT('',(3.82E+03,435.,80.));
#20571 = VECTOR('',#20572,1.);
#20572 = DIRECTION('',(0.,0.,1.));
#20573 = ORIENTED_EDGE('',*,*,#20574,.T.);
#20574 = EDGE_CURVE('',#20565,#20575,#20577,.T.);
#20575 = VERTEX_POINT('',#20576);
#20576 = CARTESIAN_POINT('',(3.82E+03,585.,80.));
#20577 = LINE('',#20578,#20579);
#20578 = CARTESIAN_POINT('',(3.82E+03,435.,80.));
#20579 = VECTOR('',#20580,1.);
#20580 = DIRECTION('',(0.,1.,0.));
#20581 = ORIENTED_EDGE('',*,*,#20582,.T.);
#20582 = EDGE_CURVE('',#20575,#20583,#20585,.T.);
#20583 = VERTEX_POINT('',#20584);
#20584 = CARTESIAN_POINT('',(3.82E+03,585.,2.282E+03));
#20585 = LINE('',#20586,#20587);
#20586 = CARTESIAN_POINT('',(3.82E+03,585.,80.));
#20587 = VECTOR('',#20588,1.);
#20588 = DIRECTION('',(0.,0.,1.));
#20589 = ORIENTED_EDGE('',*,*,#20590,.F.);
#20590 = EDGE_CURVE('',#20567,#20583,#20591,.T.);
#20591 = LINE('',#20592,#20593);
#20592 = CARTESIAN_POINT('',(3.82E+03,435.,2.282E+03));
#20593 = VECTOR('',#20594,1.);
#20594 = DIRECTION('',(0.,1.,0.));
#20595 = PLANE('',#20596);
#20596 = AXIS2_PLACEMENT_3D('',#20597,#20598,#20599);
#20597 = CARTESIAN_POINT('',(3.82E+03,435.,80.));
#20598 = DIRECTION('',(1.,0.,0.));
#20599 = DIRECTION('',(0.,0.,1.));
#20600 = ADVANCED_FACE('',(#20601),#20617,.F.);
#20601 = FACE_BOUND('',#20602,.F.);
#20602 = EDGE_LOOP('',(#20603,#20609,#20610,#20616));
#20603 = ORIENTED_EDGE('',*,*,#20604,.F.);
#20604 = EDGE_CURVE('',#20525,#20565,#20605,.T.);
#20605 = LINE('',#20606,#20607);
#20606 = CARTESIAN_POINT('',(3.802E+03,435.,80.));
#20607 = VECTOR('',#20608,1.);
#20608 = DIRECTION('',(1.,0.,0.));
#20609 = ORIENTED_EDGE('',*,*,#20524,.T.);
#20610 = ORIENTED_EDGE('',*,*,#20611,.T.);
#20611 = EDGE_CURVE('',#20527,#20567,#20612,.T.);
#20612 = LINE('',#20613,#20614);
#20613 = CARTESIAN_POINT('',(3.802E+03,435.,2.282E+03));
#20614 = VECTOR('',#20615,1.);
#20615 = DIRECTION('',(1.,0.,0.));
#20616 = ORIENTED_EDGE('',*,*,#20564,.F.);
#20617 = PLANE('',#20618);
#20618 = AXIS2_PLACEMENT_3D('',#20619,#20620,#20621);
#20619 = CARTESIAN_POINT('',(3.802E+03,435.,80.));
#20620 = DIRECTION('',(0.,1.,0.));
#20621 = DIRECTION('',(0.,0.,1.));
#20622 = ADVANCED_FACE('',(#20623),#20639,.T.);
#20623 = FACE_BOUND('',#20624,.T.);
#20624 = EDGE_LOOP('',(#20625,#20631,#20632,#20638));
#20625 = ORIENTED_EDGE('',*,*,#20626,.F.);
#20626 = EDGE_CURVE('',#20535,#20575,#20627,.T.);
#20627 = LINE('',#20628,#20629);
#20628 = CARTESIAN_POINT('',(3.802E+03,585.,80.));
#20629 = VECTOR('',#20630,1.);
#20630 = DIRECTION('',(1.,0.,0.));
#20631 = ORIENTED_EDGE('',*,*,#20542,.T.);
#20632 = ORIENTED_EDGE('',*,*,#20633,.T.);
#20633 = EDGE_CURVE('',#20543,#20583,#20634,.T.);
#20634 = LINE('',#20635,#20636);
#20635 = CARTESIAN_POINT('',(3.802E+03,585.,2.282E+03));
#20636 = VECTOR('',#20637,1.);
#20637 = DIRECTION('',(1.,0.,0.));
#20638 = ORIENTED_EDGE('',*,*,#20582,.F.);
#20639 = PLANE('',#20640);
#20640 = AXIS2_PLACEMENT_3D('',#20641,#20642,#20643);
#20641 = CARTESIAN_POINT('',(3.802E+03,585.,80.));
#20642 = DIRECTION('',(0.,1.,0.));
#20643 = DIRECTION('',(0.,0.,1.));
#20644 = ADVANCED_FACE('',(#20645),#20651,.F.);
#20645 = FACE_BOUND('',#20646,.F.);
#20646 = EDGE_LOOP('',(#20647,#20648,#20649,#20650));
#20647 = ORIENTED_EDGE('',*,*,#20534,.F.);
#20648 = ORIENTED_EDGE('',*,*,#20604,.T.);
#20649 = ORIENTED_EDGE('',*,*,#20574,.T.);
#20650 = ORIENTED_EDGE('',*,*,#20626,.F.);
#20651 = PLANE('',#20652);
#20652 = AXIS2_PLACEMENT_3D('',#20653,#20654,#20655);
#20653 = CARTESIAN_POINT('',(3.802E+03,435.,80.));
#20654 = DIRECTION('',(0.,0.,1.));
#20655 = DIRECTION('',(1.,0.,0.));
#20656 = ADVANCED_FACE('',(#20657),#20663,.T.);
#20657 = FACE_BOUND('',#20658,.T.);
#20658 = EDGE_LOOP('',(#20659,#20660,#20661,#20662));
#20659 = ORIENTED_EDGE('',*,*,#20550,.F.);
#20660 = ORIENTED_EDGE('',*,*,#20611,.T.);
#20661 = ORIENTED_EDGE('',*,*,#20590,.T.);
#20662 = ORIENTED_EDGE('',*,*,#20633,.F.);
#20663 = PLANE('',#20664);
#20664 = AXIS2_PLACEMENT_3D('',#20665,#20666,#20667);
#20665 = CARTESIAN_POINT('',(3.802E+03,435.,2.282E+03));
#20666 = DIRECTION('',(0.,0.,1.));
#20667 = DIRECTION('',(1.,0.,0.));
#20668 = MANIFOLD_SOLID_BREP('',#20669);
#20669 = CLOSED_SHELL('',(#20670,#20710,#20750,#20772,#20794,#20806));
#20670 = ADVANCED_FACE('',(#20671),#20705,.F.);
#20671 = FACE_BOUND('',#20672,.F.);
#20672 = EDGE_LOOP('',(#20673,#20683,#20691,#20699));
#20673 = ORIENTED_EDGE('',*,*,#20674,.F.);
#20674 = EDGE_CURVE('',#20675,#20677,#20679,.T.);
#20675 = VERTEX_POINT('',#20676);
#20676 = CARTESIAN_POINT('',(2.93E+03,1.045E+03,80.));
#20677 = VERTEX_POINT('',#20678);
#20678 = CARTESIAN_POINT('',(2.93E+03,1.045E+03,2.282E+03));
#20679 = LINE('',#20680,#20681);
#20680 = CARTESIAN_POINT('',(2.93E+03,1.045E+03,80.));
#20681 = VECTOR('',#20682,1.);
#20682 = DIRECTION('',(0.,0.,1.));
#20683 = ORIENTED_EDGE('',*,*,#20684,.T.);
#20684 = EDGE_CURVE('',#20675,#20685,#20687,.T.);
#20685 = VERTEX_POINT('',#20686);
#20686 = CARTESIAN_POINT('',(2.93E+03,1.195E+03,80.));
#20687 = LINE('',#20688,#20689);
#20688 = CARTESIAN_POINT('',(2.93E+03,1.045E+03,80.));
#20689 = VECTOR('',#20690,1.);
#20690 = DIRECTION('',(0.,1.,0.));
#20691 = ORIENTED_EDGE('',*,*,#20692,.T.);
#20692 = EDGE_CURVE('',#20685,#20693,#20695,.T.);
#20693 = VERTEX_POINT('',#20694);
#20694 = CARTESIAN_POINT('',(2.93E+03,1.195E+03,2.282E+03));
#20695 = LINE('',#20696,#20697);
#20696 = CARTESIAN_POINT('',(2.93E+03,1.195E+03,80.));
#20697 = VECTOR('',#20698,1.);
#20698 = DIRECTION('',(0.,0.,1.));
#20699 = ORIENTED_EDGE('',*,*,#20700,.F.);
#20700 = EDGE_CURVE('',#20677,#20693,#20701,.T.);
#20701 = LINE('',#20702,#20703);
#20702 = CARTESIAN_POINT('',(2.93E+03,1.045E+03,2.282E+03));
#20703 = VECTOR('',#20704,1.);
#20704 = DIRECTION('',(0.,1.,0.));
#20705 = PLANE('',#20706);
#20706 = AXIS2_PLACEMENT_3D('',#20707,#20708,#20709);
#20707 = CARTESIAN_POINT('',(2.93E+03,1.045E+03,80.));
#20708 = DIRECTION('',(1.,0.,0.));
#20709 = DIRECTION('',(0.,0.,1.));
#20710 = ADVANCED_FACE('',(#20711),#20745,.T.);
#20711 = FACE_BOUND('',#20712,.T.);
#20712 = EDGE_LOOP('',(#20713,#20723,#20731,#20739));
#20713 = ORIENTED_EDGE('',*,*,#20714,.F.);
#20714 = EDGE_CURVE('',#20715,#20717,#20719,.T.);
#20715 = VERTEX_POINT('',#20716);
#20716 = CARTESIAN_POINT('',(2.948E+03,1.045E+03,80.));
#20717 = VERTEX_POINT('',#20718);
#20718 = CARTESIAN_POINT('',(2.948E+03,1.045E+03,2.282E+03));
#20719 = LINE('',#20720,#20721);
#20720 = CARTESIAN_POINT('',(2.948E+03,1.045E+03,80.));
#20721 = VECTOR('',#20722,1.);
#20722 = DIRECTION('',(0.,0.,1.));
#20723 = ORIENTED_EDGE('',*,*,#20724,.T.);
#20724 = EDGE_CURVE('',#20715,#20725,#20727,.T.);
#20725 = VERTEX_POINT('',#20726);
#20726 = CARTESIAN_POINT('',(2.948E+03,1.195E+03,80.));
#20727 = LINE('',#20728,#20729);
#20728 = CARTESIAN_POINT('',(2.948E+03,1.045E+03,80.));
#20729 = VECTOR('',#20730,1.);
#20730 = DIRECTION('',(0.,1.,0.));
#20731 = ORIENTED_EDGE('',*,*,#20732,.T.);
#20732 = EDGE_CURVE('',#20725,#20733,#20735,.T.);
#20733 = VERTEX_POINT('',#20734);
#20734 = CARTESIAN_POINT('',(2.948E+03,1.195E+03,2.282E+03));
#20735 = LINE('',#20736,#20737);
#20736 = CARTESIAN_POINT('',(2.948E+03,1.195E+03,80.));
#20737 = VECTOR('',#20738,1.);
#20738 = DIRECTION('',(0.,0.,1.));
#20739 = ORIENTED_EDGE('',*,*,#20740,.F.);
#20740 = EDGE_CURVE('',#20717,#20733,#20741,.T.);
#20741 = LINE('',#20742,#20743);
#20742 = CARTESIAN_POINT('',(2.948E+03,1.045E+03,2.282E+03));
#20743 = VECTOR('',#20744,1.);
#20744 = DIRECTION('',(0.,1.,0.));
#20745 = PLANE('',#20746);
#20746 = AXIS2_PLACEMENT_3D('',#20747,#20748,#20749);
#20747 = CARTESIAN_POINT('',(2.948E+03,1.045E+03,80.));
#20748 = DIRECTION('',(1.,0.,0.));
#20749 = DIRECTION('',(0.,0.,1.));
#20750 = ADVANCED_FACE('',(#20751),#20767,.F.);
#20751 = FACE_BOUND('',#20752,.F.);
#20752 = EDGE_LOOP('',(#20753,#20759,#20760,#20766));
#20753 = ORIENTED_EDGE('',*,*,#20754,.F.);
#20754 = EDGE_CURVE('',#20675,#20715,#20755,.T.);
#20755 = LINE('',#20756,#20757);
#20756 = CARTESIAN_POINT('',(2.93E+03,1.045E+03,80.));
#20757 = VECTOR('',#20758,1.);
#20758 = DIRECTION('',(1.,0.,0.));
#20759 = ORIENTED_EDGE('',*,*,#20674,.T.);
#20760 = ORIENTED_EDGE('',*,*,#20761,.T.);
#20761 = EDGE_CURVE('',#20677,#20717,#20762,.T.);
#20762 = LINE('',#20763,#20764);
#20763 = CARTESIAN_POINT('',(2.93E+03,1.045E+03,2.282E+03));
#20764 = VECTOR('',#20765,1.);
#20765 = DIRECTION('',(1.,0.,0.));
#20766 = ORIENTED_EDGE('',*,*,#20714,.F.);
#20767 = PLANE('',#20768);
#20768 = AXIS2_PLACEMENT_3D('',#20769,#20770,#20771);
#20769 = CARTESIAN_POINT('',(2.93E+03,1.045E+03,80.));
#20770 = DIRECTION('',(0.,1.,0.));
#20771 = DIRECTION('',(0.,0.,1.));
#20772 = ADVANCED_FACE('',(#20773),#20789,.T.);
#20773 = FACE_BOUND('',#20774,.T.);
#20774 = EDGE_LOOP('',(#20775,#20781,#20782,#20788));
#20775 = ORIENTED_EDGE('',*,*,#20776,.F.);
#20776 = EDGE_CURVE('',#20685,#20725,#20777,.T.);
#20777 = LINE('',#20778,#20779);
#20778 = CARTESIAN_POINT('',(2.93E+03,1.195E+03,80.));
#20779 = VECTOR('',#20780,1.);
#20780 = DIRECTION('',(1.,0.,0.));
#20781 = ORIENTED_EDGE('',*,*,#20692,.T.);
#20782 = ORIENTED_EDGE('',*,*,#20783,.T.);
#20783 = EDGE_CURVE('',#20693,#20733,#20784,.T.);
#20784 = LINE('',#20785,#20786);
#20785 = CARTESIAN_POINT('',(2.93E+03,1.195E+03,2.282E+03));
#20786 = VECTOR('',#20787,1.);
#20787 = DIRECTION('',(1.,0.,0.));
#20788 = ORIENTED_EDGE('',*,*,#20732,.F.);
#20789 = PLANE('',#20790);
#20790 = AXIS2_PLACEMENT_3D('',#20791,#20792,#20793);
#20791 = CARTESIAN_POINT('',(2.93E+03,1.195E+03,80.));
#20792 = DIRECTION('',(0.,1.,0.));
#20793 = DIRECTION('',(0.,0.,1.));
#20794 = ADVANCED_FACE('',(#20795),#20801,.F.);
#20795 = FACE_BOUND('',#20796,.F.);
#20796 = EDGE_LOOP('',(#20797,#20798,#20799,#20800));
#20797 = ORIENTED_EDGE('',*,*,#20684,.F.);
#20798 = ORIENTED_EDGE('',*,*,#20754,.T.);
#20799 = ORIENTED_EDGE('',*,*,#20724,.T.);
#20800 = ORIENTED_EDGE('',*,*,#20776,.F.);
#20801 = PLANE('',#20802);
#20802 = AXIS2_PLACEMENT_3D('',#20803,#20804,#20805);
#20803 = CARTESIAN_POINT('',(2.93E+03,1.045E+03,80.));
#20804 = DIRECTION('',(0.,0.,1.));
#20805 = DIRECTION('',(1.,0.,0.));
#20806 = ADVANCED_FACE('',(#20807),#20813,.T.);
#20807 = FACE_BOUND('',#20808,.T.);
#20808 = EDGE_LOOP('',(#20809,#20810,#20811,#20812));
#20809 = ORIENTED_EDGE('',*,*,#20700,.F.);
#20810 = ORIENTED_EDGE('',*,*,#20761,.T.);
#20811 = ORIENTED_EDGE('',*,*,#20740,.T.);
#20812 = ORIENTED_EDGE('',*,*,#20783,.F.);
#20813 = PLANE('',#20814);
#20814 = AXIS2_PLACEMENT_3D('',#20815,#20816,#20817);
#20815 = CARTESIAN_POINT('',(2.93E+03,1.045E+03,2.282E+03));
#20816 = DIRECTION('',(0.,0.,1.));
#20817 = DIRECTION('',(1.,0.,0.));
#20818 = MANIFOLD_SOLID_BREP('',#20819);
#20819 = CLOSED_SHELL('',(#20820,#20860,#20900,#20922,#20944,#20956));
#20820 = ADVANCED_FACE('',(#20821),#20855,.F.);
#20821 = FACE_BOUND('',#20822,.F.);
#20822 = EDGE_LOOP('',(#20823,#20833,#20841,#20849));
#20823 = ORIENTED_EDGE('',*,*,#20824,.F.);
#20824 = EDGE_CURVE('',#20825,#20827,#20829,.T.);
#20825 = VERTEX_POINT('',#20826);
#20826 = CARTESIAN_POINT('',(3.802E+03,1.045E+03,80.));
#20827 = VERTEX_POINT('',#20828);
#20828 = CARTESIAN_POINT('',(3.802E+03,1.045E+03,2.282E+03));
#20829 = LINE('',#20830,#20831);
#20830 = CARTESIAN_POINT('',(3.802E+03,1.045E+03,80.));
#20831 = VECTOR('',#20832,1.);
#20832 = DIRECTION('',(0.,0.,1.));
#20833 = ORIENTED_EDGE('',*,*,#20834,.T.);
#20834 = EDGE_CURVE('',#20825,#20835,#20837,.T.);
#20835 = VERTEX_POINT('',#20836);
#20836 = CARTESIAN_POINT('',(3.802E+03,1.195E+03,80.));
#20837 = LINE('',#20838,#20839);
#20838 = CARTESIAN_POINT('',(3.802E+03,1.045E+03,80.));
#20839 = VECTOR('',#20840,1.);
#20840 = DIRECTION('',(0.,1.,0.));
#20841 = ORIENTED_EDGE('',*,*,#20842,.T.);
#20842 = EDGE_CURVE('',#20835,#20843,#20845,.T.);
#20843 = VERTEX_POINT('',#20844);
#20844 = CARTESIAN_POINT('',(3.802E+03,1.195E+03,2.282E+03));
#20845 = LINE('',#20846,#20847);
#20846 = CARTESIAN_POINT('',(3.802E+03,1.195E+03,80.));
#20847 = VECTOR('',#20848,1.);
#20848 = DIRECTION('',(0.,0.,1.));
#20849 = ORIENTED_EDGE('',*,*,#20850,.F.);
#20850 = EDGE_CURVE('',#20827,#20843,#20851,.T.);
#20851 = LINE('',#20852,#20853);
#20852 = CARTESIAN_POINT('',(3.802E+03,1.045E+03,2.282E+03));
#20853 = VECTOR('',#20854,1.);
#20854 = DIRECTION('',(0.,1.,0.));
#20855 = PLANE('',#20856);
#20856 = AXIS2_PLACEMENT_3D('',#20857,#20858,#20859);
#20857 = CARTESIAN_POINT('',(3.802E+03,1.045E+03,80.));
#20858 = DIRECTION('',(1.,0.,0.));
#20859 = DIRECTION('',(0.,0.,1.));
#20860 = ADVANCED_FACE('',(#20861),#20895,.T.);
#20861 = FACE_BOUND('',#20862,.T.);
#20862 = EDGE_LOOP('',(#20863,#20873,#20881,#20889));
#20863 = ORIENTED_EDGE('',*,*,#20864,.F.);
#20864 = EDGE_CURVE('',#20865,#20867,#20869,.T.);
#20865 = VERTEX_POINT('',#20866);
#20866 = CARTESIAN_POINT('',(3.82E+03,1.045E+03,80.));
#20867 = VERTEX_POINT('',#20868);
#20868 = CARTESIAN_POINT('',(3.82E+03,1.045E+03,2.282E+03));
#20869 = LINE('',#20870,#20871);
#20870 = CARTESIAN_POINT('',(3.82E+03,1.045E+03,80.));
#20871 = VECTOR('',#20872,1.);
#20872 = DIRECTION('',(0.,0.,1.));
#20873 = ORIENTED_EDGE('',*,*,#20874,.T.);
#20874 = EDGE_CURVE('',#20865,#20875,#20877,.T.);
#20875 = VERTEX_POINT('',#20876);
#20876 = CARTESIAN_POINT('',(3.82E+03,1.195E+03,80.));
#20877 = LINE('',#20878,#20879);
#20878 = CARTESIAN_POINT('',(3.82E+03,1.045E+03,80.));
#20879 = VECTOR('',#20880,1.);
#20880 = DIRECTION('',(0.,1.,0.));
#20881 = ORIENTED_EDGE('',*,*,#20882,.T.);
#20882 = EDGE_CURVE('',#20875,#20883,#20885,.T.);
#20883 = VERTEX_POINT('',#20884);
#20884 = CARTESIAN_POINT('',(3.82E+03,1.195E+03,2.282E+03));
#20885 = LINE('',#20886,#20887);
#20886 = CARTESIAN_POINT('',(3.82E+03,1.195E+03,80.));
#20887 = VECTOR('',#20888,1.);
#20888 = DIRECTION('',(0.,0.,1.));
#20889 = ORIENTED_EDGE('',*,*,#20890,.F.);
#20890 = EDGE_CURVE('',#20867,#20883,#20891,.T.);
#20891 = LINE('',#20892,#20893);
#20892 = CARTESIAN_POINT('',(3.82E+03,1.045E+03,2.282E+03));
#20893 = VECTOR('',#20894,1.);
#20894 = DIRECTION('',(0.,1.,0.));
#20895 = PLANE('',#20896);
#20896 = AXIS2_PLACEMENT_3D('',#20897,#20898,#20899);
#20897 = CARTESIAN_POINT('',(3.82E+03,1.045E+03,80.));
#20898 = DIRECTION('',(1.,0.,0.));
#20899 = DIRECTION('',(0.,0.,1.));
#20900 = ADVANCED_FACE('',(#20901),#20917,.F.);
#20901 = FACE_BOUND('',#20902,.F.);
#20902 = EDGE_LOOP('',(#20903,#20909,#20910,#20916));
#20903 = ORIENTED_EDGE('',*,*,#20904,.F.);
#20904 = EDGE_CURVE('',#20825,#20865,#20905,.T.);
#20905 = LINE('',#20906,#20907);
#20906 = CARTESIAN_POINT('',(3.802E+03,1.045E+03,80.));
#20907 = VECTOR('',#20908,1.);
#20908 = DIRECTION('',(1.,0.,0.));
#20909 = ORIENTED_EDGE('',*,*,#20824,.T.);
#20910 = ORIENTED_EDGE('',*,*,#20911,.T.);
#20911 = EDGE_CURVE('',#20827,#20867,#20912,.T.);
#20912 = LINE('',#20913,#20914);
#20913 = CARTESIAN_POINT('',(3.802E+03,1.045E+03,2.282E+03));
#20914 = VECTOR('',#20915,1.);
#20915 = DIRECTION('',(1.,0.,0.));
#20916 = ORIENTED_EDGE('',*,*,#20864,.F.);
#20917 = PLANE('',#20918);
#20918 = AXIS2_PLACEMENT_3D('',#20919,#20920,#20921);
#20919 = CARTESIAN_POINT('',(3.802E+03,1.045E+03,80.));
#20920 = DIRECTION('',(0.,1.,0.));
#20921 = DIRECTION('',(0.,0.,1.));
#20922 = ADVANCED_FACE('',(#20923),#20939,.T.);
#20923 = FACE_BOUND('',#20924,.T.);
#20924 = EDGE_LOOP('',(#20925,#20931,#20932,#20938));
#20925 = ORIENTED_EDGE('',*,*,#20926,.F.);
#20926 = EDGE_CURVE('',#20835,#20875,#20927,.T.);
#20927 = LINE('',#20928,#20929);
#20928 = CARTESIAN_POINT('',(3.802E+03,1.195E+03,80.));
#20929 = VECTOR('',#20930,1.);
#20930 = DIRECTION('',(1.,0.,0.));
#20931 = ORIENTED_EDGE('',*,*,#20842,.T.);
#20932 = ORIENTED_EDGE('',*,*,#20933,.T.);
#20933 = EDGE_CURVE('',#20843,#20883,#20934,.T.);
#20934 = LINE('',#20935,#20936);
#20935 = CARTESIAN_POINT('',(3.802E+03,1.195E+03,2.282E+03));
#20936 = VECTOR('',#20937,1.);
#20937 = DIRECTION('',(1.,0.,0.));
#20938 = ORIENTED_EDGE('',*,*,#20882,.F.);
#20939 = PLANE('',#20940);
#20940 = AXIS2_PLACEMENT_3D('',#20941,#20942,#20943);
#20941 = CARTESIAN_POINT('',(3.802E+03,1.195E+03,80.));
#20942 = DIRECTION('',(0.,1.,0.));
#20943 = DIRECTION('',(0.,0.,1.));
#20944 = ADVANCED_FACE('',(#20945),#20951,.F.);
#20945 = FACE_BOUND('',#20946,.F.);
#20946 = EDGE_LOOP('',(#20947,#20948,#20949,#20950));
#20947 = ORIENTED_EDGE('',*,*,#20834,.F.);
#20948 = ORIENTED_EDGE('',*,*,#20904,.T.);
#20949 = ORIENTED_EDGE('',*,*,#20874,.T.);
#20950 = ORIENTED_EDGE('',*,*,#20926,.F.);
#20951 = PLANE('',#20952);
#20952 = AXIS2_PLACEMENT_3D('',#20953,#20954,#20955);
#20953 = CARTESIAN_POINT('',(3.802E+03,1.045E+03,80.));
#20954 = DIRECTION('',(0.,0.,1.));
#20955 = DIRECTION('',(1.,0.,0.));
#20956 = ADVANCED_FACE('',(#20957),#20963,.T.);
#20957 = FACE_BOUND('',#20958,.T.);
#20958 = EDGE_LOOP('',(#20959,#20960,#20961,#20962));
#20959 = ORIENTED_EDGE('',*,*,#20850,.F.);
#20960 = ORIENTED_EDGE('',*,*,#20911,.T.);
#20961 = ORIENTED_EDGE('',*,*,#20890,.T.);
#20962 = ORIENTED_EDGE('',*,*,#20933,.F.);
#20963 = PLANE('',#20964);
#20964 = AXIS2_PLACEMENT_3D('',#20965,#20966,#20967);
#20965 = CARTESIAN_POINT('',(3.802E+03,1.045E+03,2.282E+03));
#20966 = DIRECTION('',(0.,0.,1.));
#20967 = DIRECTION('',(1.,0.,0.));
#20968 = MANIFOLD_SOLID_BREP('',#20969);
#20969 = CLOSED_SHELL('',(#20970,#21010,#21050,#21072,#21094,#21106));
#20970 = ADVANCED_FACE('',(#20971),#21005,.F.);
#20971 = FACE_BOUND('',#20972,.F.);
#20972 = EDGE_LOOP('',(#20973,#20983,#20991,#20999));
#20973 = ORIENTED_EDGE('',*,*,#20974,.F.);
#20974 = EDGE_CURVE('',#20975,#20977,#20979,.T.);
#20975 = VERTEX_POINT('',#20976);
#20976 = CARTESIAN_POINT('',(2.96E+03,465.,0.));
#20977 = VERTEX_POINT('',#20978);
#20978 = CARTESIAN_POINT('',(2.96E+03,465.,80.));
#20979 = LINE('',#20980,#20981);
#20980 = CARTESIAN_POINT('',(2.96E+03,465.,0.));
#20981 = VECTOR('',#20982,1.);
#20982 = DIRECTION('',(0.,0.,1.));
#20983 = ORIENTED_EDGE('',*,*,#20984,.T.);
#20984 = EDGE_CURVE('',#20975,#20985,#20987,.T.);
#20985 = VERTEX_POINT('',#20986);
#20986 = CARTESIAN_POINT('',(2.96E+03,505.,0.));
#20987 = LINE('',#20988,#20989);
#20988 = CARTESIAN_POINT('',(2.96E+03,465.,0.));
#20989 = VECTOR('',#20990,1.);
#20990 = DIRECTION('',(0.,1.,0.));
#20991 = ORIENTED_EDGE('',*,*,#20992,.T.);
#20992 = EDGE_CURVE('',#20985,#20993,#20995,.T.);
#20993 = VERTEX_POINT('',#20994);
#20994 = CARTESIAN_POINT('',(2.96E+03,505.,80.));
#20995 = LINE('',#20996,#20997);
#20996 = CARTESIAN_POINT('',(2.96E+03,505.,0.));
#20997 = VECTOR('',#20998,1.);
#20998 = DIRECTION('',(0.,0.,1.));
#20999 = ORIENTED_EDGE('',*,*,#21000,.F.);
#21000 = EDGE_CURVE('',#20977,#20993,#21001,.T.);
#21001 = LINE('',#21002,#21003);
#21002 = CARTESIAN_POINT('',(2.96E+03,465.,80.));
#21003 = VECTOR('',#21004,1.);
#21004 = DIRECTION('',(0.,1.,0.));
#21005 = PLANE('',#21006);
#21006 = AXIS2_PLACEMENT_3D('',#21007,#21008,#21009);
#21007 = CARTESIAN_POINT('',(2.96E+03,465.,0.));
#21008 = DIRECTION('',(1.,0.,0.));
#21009 = DIRECTION('',(0.,0.,1.));
#21010 = ADVANCED_FACE('',(#21011),#21045,.T.);
#21011 = FACE_BOUND('',#21012,.T.);
#21012 = EDGE_LOOP('',(#21013,#21023,#21031,#21039));
#21013 = ORIENTED_EDGE('',*,*,#21014,.F.);
#21014 = EDGE_CURVE('',#21015,#21017,#21019,.T.);
#21015 = VERTEX_POINT('',#21016);
#21016 = CARTESIAN_POINT('',(3.E+03,465.,0.));
#21017 = VERTEX_POINT('',#21018);
#21018 = CARTESIAN_POINT('',(3.E+03,465.,80.));
#21019 = LINE('',#21020,#21021);
#21020 = CARTESIAN_POINT('',(3.E+03,465.,0.));
#21021 = VECTOR('',#21022,1.);
#21022 = DIRECTION('',(0.,0.,1.));
#21023 = ORIENTED_EDGE('',*,*,#21024,.T.);
#21024 = EDGE_CURVE('',#21015,#21025,#21027,.T.);
#21025 = VERTEX_POINT('',#21026);
#21026 = CARTESIAN_POINT('',(3.E+03,505.,0.));
#21027 = LINE('',#21028,#21029);
#21028 = CARTESIAN_POINT('',(3.E+03,465.,0.));
#21029 = VECTOR('',#21030,1.);
#21030 = DIRECTION('',(0.,1.,0.));
#21031 = ORIENTED_EDGE('',*,*,#21032,.T.);
#21032 = EDGE_CURVE('',#21025,#21033,#21035,.T.);
#21033 = VERTEX_POINT('',#21034);
#21034 = CARTESIAN_POINT('',(3.E+03,505.,80.));
#21035 = LINE('',#21036,#21037);
#21036 = CARTESIAN_POINT('',(3.E+03,505.,0.));
#21037 = VECTOR('',#21038,1.);
#21038 = DIRECTION('',(0.,0.,1.));
#21039 = ORIENTED_EDGE('',*,*,#21040,.F.);
#21040 = EDGE_CURVE('',#21017,#21033,#21041,.T.);
#21041 = LINE('',#21042,#21043);
#21042 = CARTESIAN_POINT('',(3.E+03,465.,80.));
#21043 = VECTOR('',#21044,1.);
#21044 = DIRECTION('',(0.,1.,0.));
#21045 = PLANE('',#21046);
#21046 = AXIS2_PLACEMENT_3D('',#21047,#21048,#21049);
#21047 = CARTESIAN_POINT('',(3.E+03,465.,0.));
#21048 = DIRECTION('',(1.,0.,0.));
#21049 = DIRECTION('',(0.,0.,1.));
#21050 = ADVANCED_FACE('',(#21051),#21067,.F.);
#21051 = FACE_BOUND('',#21052,.F.);
#21052 = EDGE_LOOP('',(#21053,#21059,#21060,#21066));
#21053 = ORIENTED_EDGE('',*,*,#21054,.F.);
#21054 = EDGE_CURVE('',#20975,#21015,#21055,.T.);
#21055 = LINE('',#21056,#21057);
#21056 = CARTESIAN_POINT('',(2.96E+03,465.,0.));
#21057 = VECTOR('',#21058,1.);
#21058 = DIRECTION('',(1.,0.,0.));
#21059 = ORIENTED_EDGE('',*,*,#20974,.T.);
#21060 = ORIENTED_EDGE('',*,*,#21061,.T.);
#21061 = EDGE_CURVE('',#20977,#21017,#21062,.T.);
#21062 = LINE('',#21063,#21064);
#21063 = CARTESIAN_POINT('',(2.96E+03,465.,80.));
#21064 = VECTOR('',#21065,1.);
#21065 = DIRECTION('',(1.,0.,0.));
#21066 = ORIENTED_EDGE('',*,*,#21014,.F.);
#21067 = PLANE('',#21068);
#21068 = AXIS2_PLACEMENT_3D('',#21069,#21070,#21071);
#21069 = CARTESIAN_POINT('',(2.96E+03,465.,0.));
#21070 = DIRECTION('',(0.,1.,0.));
#21071 = DIRECTION('',(0.,0.,1.));
#21072 = ADVANCED_FACE('',(#21073),#21089,.T.);
#21073 = FACE_BOUND('',#21074,.T.);
#21074 = EDGE_LOOP('',(#21075,#21081,#21082,#21088));
#21075 = ORIENTED_EDGE('',*,*,#21076,.F.);
#21076 = EDGE_CURVE('',#20985,#21025,#21077,.T.);
#21077 = LINE('',#21078,#21079);
#21078 = CARTESIAN_POINT('',(2.96E+03,505.,0.));
#21079 = VECTOR('',#21080,1.);
#21080 = DIRECTION('',(1.,0.,0.));
#21081 = ORIENTED_EDGE('',*,*,#20992,.T.);
#21082 = ORIENTED_EDGE('',*,*,#21083,.T.);
#21083 = EDGE_CURVE('',#20993,#21033,#21084,.T.);
#21084 = LINE('',#21085,#21086);
#21085 = CARTESIAN_POINT('',(2.96E+03,505.,80.));
#21086 = VECTOR('',#21087,1.);
#21087 = DIRECTION('',(1.,0.,0.));
#21088 = ORIENTED_EDGE('',*,*,#21032,.F.);
#21089 = PLANE('',#21090);
#21090 = AXIS2_PLACEMENT_3D('',#21091,#21092,#21093);
#21091 = CARTESIAN_POINT('',(2.96E+03,505.,0.));
#21092 = DIRECTION('',(0.,1.,0.));
#21093 = DIRECTION('',(0.,0.,1.));
#21094 = ADVANCED_FACE('',(#21095),#21101,.F.);
#21095 = FACE_BOUND('',#21096,.F.);
#21096 = EDGE_LOOP('',(#21097,#21098,#21099,#21100));
#21097 = ORIENTED_EDGE('',*,*,#20984,.F.);
#21098 = ORIENTED_EDGE('',*,*,#21054,.T.);
#21099 = ORIENTED_EDGE('',*,*,#21024,.T.);
#21100 = ORIENTED_EDGE('',*,*,#21076,.F.);
#21101 = PLANE('',#21102);
#21102 = AXIS2_PLACEMENT_3D('',#21103,#21104,#21105);
#21103 = CARTESIAN_POINT('',(2.96E+03,465.,0.));
#21104 = DIRECTION('',(0.,0.,1.));
#21105 = DIRECTION('',(1.,0.,0.));
#21106 = ADVANCED_FACE('',(#21107),#21113,.T.);
#21107 = FACE_BOUND('',#21108,.T.);
#21108 = EDGE_LOOP('',(#21109,#21110,#21111,#21112));
#21109 = ORIENTED_EDGE('',*,*,#21000,.F.);
#21110 = ORIENTED_EDGE('',*,*,#21061,.T.);
#21111 = ORIENTED_EDGE('',*,*,#21040,.T.);
#21112 = ORIENTED_EDGE('',*,*,#21083,.F.);
#21113 = PLANE('',#21114);
#21114 = AXIS2_PLACEMENT_3D('',#21115,#21116,#21117);
#21115 = CARTESIAN_POINT('',(2.96E+03,465.,80.));
#21116 = DIRECTION('',(0.,0.,1.));
#21117 = DIRECTION('',(1.,0.,0.));
#21118 = MANIFOLD_SOLID_BREP('',#21119);
#21119 = CLOSED_SHELL('',(#21120,#21160,#21200,#21222,#21244,#21256));
#21120 = ADVANCED_FACE('',(#21121),#21155,.F.);
#21121 = FACE_BOUND('',#21122,.F.);
#21122 = EDGE_LOOP('',(#21123,#21133,#21141,#21149));
#21123 = ORIENTED_EDGE('',*,*,#21124,.F.);
#21124 = EDGE_CURVE('',#21125,#21127,#21129,.T.);
#21125 = VERTEX_POINT('',#21126);
#21126 = CARTESIAN_POINT('',(3.75E+03,465.,0.));
#21127 = VERTEX_POINT('',#21128);
#21128 = CARTESIAN_POINT('',(3.75E+03,465.,80.));
#21129 = LINE('',#21130,#21131);
#21130 = CARTESIAN_POINT('',(3.75E+03,465.,0.));
#21131 = VECTOR('',#21132,1.);
#21132 = DIRECTION('',(0.,0.,1.));
#21133 = ORIENTED_EDGE('',*,*,#21134,.T.);
#21134 = EDGE_CURVE('',#21125,#21135,#21137,.T.);
#21135 = VERTEX_POINT('',#21136);
#21136 = CARTESIAN_POINT('',(3.75E+03,505.,0.));
#21137 = LINE('',#21138,#21139);
#21138 = CARTESIAN_POINT('',(3.75E+03,465.,0.));
#21139 = VECTOR('',#21140,1.);
#21140 = DIRECTION('',(0.,1.,0.));
#21141 = ORIENTED_EDGE('',*,*,#21142,.T.);
#21142 = EDGE_CURVE('',#21135,#21143,#21145,.T.);
#21143 = VERTEX_POINT('',#21144);
#21144 = CARTESIAN_POINT('',(3.75E+03,505.,80.));
#21145 = LINE('',#21146,#21147);
#21146 = CARTESIAN_POINT('',(3.75E+03,505.,0.));
#21147 = VECTOR('',#21148,1.);
#21148 = DIRECTION('',(0.,0.,1.));
#21149 = ORIENTED_EDGE('',*,*,#21150,.F.);
#21150 = EDGE_CURVE('',#21127,#21143,#21151,.T.);
#21151 = LINE('',#21152,#21153);
#21152 = CARTESIAN_POINT('',(3.75E+03,465.,80.));
#21153 = VECTOR('',#21154,1.);
#21154 = DIRECTION('',(0.,1.,0.));
#21155 = PLANE('',#21156);
#21156 = AXIS2_PLACEMENT_3D('',#21157,#21158,#21159);
#21157 = CARTESIAN_POINT('',(3.75E+03,465.,0.));
#21158 = DIRECTION('',(1.,0.,0.));
#21159 = DIRECTION('',(0.,0.,1.));
#21160 = ADVANCED_FACE('',(#21161),#21195,.T.);
#21161 = FACE_BOUND('',#21162,.T.);
#21162 = EDGE_LOOP('',(#21163,#21173,#21181,#21189));
#21163 = ORIENTED_EDGE('',*,*,#21164,.F.);
#21164 = EDGE_CURVE('',#21165,#21167,#21169,.T.);
#21165 = VERTEX_POINT('',#21166);
#21166 = CARTESIAN_POINT('',(3.79E+03,465.,0.));
#21167 = VERTEX_POINT('',#21168);
#21168 = CARTESIAN_POINT('',(3.79E+03,465.,80.));
#21169 = LINE('',#21170,#21171);
#21170 = CARTESIAN_POINT('',(3.79E+03,465.,0.));
#21171 = VECTOR('',#21172,1.);
#21172 = DIRECTION('',(0.,0.,1.));
#21173 = ORIENTED_EDGE('',*,*,#21174,.T.);
#21174 = EDGE_CURVE('',#21165,#21175,#21177,.T.);
#21175 = VERTEX_POINT('',#21176);
#21176 = CARTESIAN_POINT('',(3.79E+03,505.,0.));
#21177 = LINE('',#21178,#21179);
#21178 = CARTESIAN_POINT('',(3.79E+03,465.,0.));
#21179 = VECTOR('',#21180,1.);
#21180 = DIRECTION('',(0.,1.,0.));
#21181 = ORIENTED_EDGE('',*,*,#21182,.T.);
#21182 = EDGE_CURVE('',#21175,#21183,#21185,.T.);
#21183 = VERTEX_POINT('',#21184);
#21184 = CARTESIAN_POINT('',(3.79E+03,505.,80.));
#21185 = LINE('',#21186,#21187);
#21186 = CARTESIAN_POINT('',(3.79E+03,505.,0.));
#21187 = VECTOR('',#21188,1.);
#21188 = DIRECTION('',(0.,0.,1.));
#21189 = ORIENTED_EDGE('',*,*,#21190,.F.);
#21190 = EDGE_CURVE('',#21167,#21183,#21191,.T.);
#21191 = LINE('',#21192,#21193);
#21192 = CARTESIAN_POINT('',(3.79E+03,465.,80.));
#21193 = VECTOR('',#21194,1.);
#21194 = DIRECTION('',(0.,1.,0.));
#21195 = PLANE('',#21196);
#21196 = AXIS2_PLACEMENT_3D('',#21197,#21198,#21199);
#21197 = CARTESIAN_POINT('',(3.79E+03,465.,0.));
#21198 = DIRECTION('',(1.,0.,0.));
#21199 = DIRECTION('',(0.,0.,1.));
#21200 = ADVANCED_FACE('',(#21201),#21217,.F.);
#21201 = FACE_BOUND('',#21202,.F.);
#21202 = EDGE_LOOP('',(#21203,#21209,#21210,#21216));
#21203 = ORIENTED_EDGE('',*,*,#21204,.F.);
#21204 = EDGE_CURVE('',#21125,#21165,#21205,.T.);
#21205 = LINE('',#21206,#21207);
#21206 = CARTESIAN_POINT('',(3.75E+03,465.,0.));
#21207 = VECTOR('',#21208,1.);
#21208 = DIRECTION('',(1.,0.,0.));
#21209 = ORIENTED_EDGE('',*,*,#21124,.T.);
#21210 = ORIENTED_EDGE('',*,*,#21211,.T.);
#21211 = EDGE_CURVE('',#21127,#21167,#21212,.T.);
#21212 = LINE('',#21213,#21214);
#21213 = CARTESIAN_POINT('',(3.75E+03,465.,80.));
#21214 = VECTOR('',#21215,1.);
#21215 = DIRECTION('',(1.,0.,0.));
#21216 = ORIENTED_EDGE('',*,*,#21164,.F.);
#21217 = PLANE('',#21218);
#21218 = AXIS2_PLACEMENT_3D('',#21219,#21220,#21221);
#21219 = CARTESIAN_POINT('',(3.75E+03,465.,0.));
#21220 = DIRECTION('',(0.,1.,0.));
#21221 = DIRECTION('',(0.,0.,1.));
#21222 = ADVANCED_FACE('',(#21223),#21239,.T.);
#21223 = FACE_BOUND('',#21224,.T.);
#21224 = EDGE_LOOP('',(#21225,#21231,#21232,#21238));
#21225 = ORIENTED_EDGE('',*,*,#21226,.F.);
#21226 = EDGE_CURVE('',#21135,#21175,#21227,.T.);
#21227 = LINE('',#21228,#21229);
#21228 = CARTESIAN_POINT('',(3.75E+03,505.,0.));
#21229 = VECTOR('',#21230,1.);
#21230 = DIRECTION('',(1.,0.,0.));
#21231 = ORIENTED_EDGE('',*,*,#21142,.T.);
#21232 = ORIENTED_EDGE('',*,*,#21233,.T.);
#21233 = EDGE_CURVE('',#21143,#21183,#21234,.T.);
#21234 = LINE('',#21235,#21236);
#21235 = CARTESIAN_POINT('',(3.75E+03,505.,80.));
#21236 = VECTOR('',#21237,1.);
#21237 = DIRECTION('',(1.,0.,0.));
#21238 = ORIENTED_EDGE('',*,*,#21182,.F.);
#21239 = PLANE('',#21240);
#21240 = AXIS2_PLACEMENT_3D('',#21241,#21242,#21243);
#21241 = CARTESIAN_POINT('',(3.75E+03,505.,0.));
#21242 = DIRECTION('',(0.,1.,0.));
#21243 = DIRECTION('',(0.,0.,1.));
#21244 = ADVANCED_FACE('',(#21245),#21251,.F.);
#21245 = FACE_BOUND('',#21246,.F.);
#21246 = EDGE_LOOP('',(#21247,#21248,#21249,#21250));
#21247 = ORIENTED_EDGE('',*,*,#21134,.F.);
#21248 = ORIENTED_EDGE('',*,*,#21204,.T.);
#21249 = ORIENTED_EDGE('',*,*,#21174,.T.);
#21250 = ORIENTED_EDGE('',*,*,#21226,.F.);
#21251 = PLANE('',#21252);
#21252 = AXIS2_PLACEMENT_3D('',#21253,#21254,#21255);
#21253 = CARTESIAN_POINT('',(3.75E+03,465.,0.));
#21254 = DIRECTION('',(0.,0.,1.));
#21255 = DIRECTION('',(1.,0.,0.));
#21256 = ADVANCED_FACE('',(#21257),#21263,.T.);
#21257 = FACE_BOUND('',#21258,.T.);
#21258 = EDGE_LOOP('',(#21259,#21260,#21261,#21262));
#21259 = ORIENTED_EDGE('',*,*,#21150,.F.);
#21260 = ORIENTED_EDGE('',*,*,#21211,.T.);
#21261 = ORIENTED_EDGE('',*,*,#21190,.T.);
#21262 = ORIENTED_EDGE('',*,*,#21233,.F.);
#21263 = PLANE('',#21264);
#21264 = AXIS2_PLACEMENT_3D('',#21265,#21266,#21267);
#21265 = CARTESIAN_POINT('',(3.75E+03,465.,80.));
#21266 = DIRECTION('',(0.,0.,1.));
#21267 = DIRECTION('',(1.,0.,0.));
#21268 = MANIFOLD_SOLID_BREP('',#21269);
#21269 = CLOSED_SHELL('',(#21270,#21310,#21350,#21372,#21394,#21406));
#21270 = ADVANCED_FACE('',(#21271),#21305,.F.);
#21271 = FACE_BOUND('',#21272,.F.);
#21272 = EDGE_LOOP('',(#21273,#21283,#21291,#21299));
#21273 = ORIENTED_EDGE('',*,*,#21274,.F.);
#21274 = EDGE_CURVE('',#21275,#21277,#21279,.T.);
#21275 = VERTEX_POINT('',#21276);
#21276 = CARTESIAN_POINT('',(2.96E+03,1.125E+03,0.));
#21277 = VERTEX_POINT('',#21278);
#21278 = CARTESIAN_POINT('',(2.96E+03,1.125E+03,80.));
#21279 = LINE('',#21280,#21281);
#21280 = CARTESIAN_POINT('',(2.96E+03,1.125E+03,0.));
#21281 = VECTOR('',#21282,1.);
#21282 = DIRECTION('',(0.,0.,1.));
#21283 = ORIENTED_EDGE('',*,*,#21284,.T.);
#21284 = EDGE_CURVE('',#21275,#21285,#21287,.T.);
#21285 = VERTEX_POINT('',#21286);
#21286 = CARTESIAN_POINT('',(2.96E+03,1.165E+03,0.));
#21287 = LINE('',#21288,#21289);
#21288 = CARTESIAN_POINT('',(2.96E+03,1.125E+03,0.));
#21289 = VECTOR('',#21290,1.);
#21290 = DIRECTION('',(0.,1.,0.));
#21291 = ORIENTED_EDGE('',*,*,#21292,.T.);
#21292 = EDGE_CURVE('',#21285,#21293,#21295,.T.);
#21293 = VERTEX_POINT('',#21294);
#21294 = CARTESIAN_POINT('',(2.96E+03,1.165E+03,80.));
#21295 = LINE('',#21296,#21297);
#21296 = CARTESIAN_POINT('',(2.96E+03,1.165E+03,0.));
#21297 = VECTOR('',#21298,1.);
#21298 = DIRECTION('',(0.,0.,1.));
#21299 = ORIENTED_EDGE('',*,*,#21300,.F.);
#21300 = EDGE_CURVE('',#21277,#21293,#21301,.T.);
#21301 = LINE('',#21302,#21303);
#21302 = CARTESIAN_POINT('',(2.96E+03,1.125E+03,80.));
#21303 = VECTOR('',#21304,1.);
#21304 = DIRECTION('',(0.,1.,0.));
#21305 = PLANE('',#21306);
#21306 = AXIS2_PLACEMENT_3D('',#21307,#21308,#21309);
#21307 = CARTESIAN_POINT('',(2.96E+03,1.125E+03,0.));
#21308 = DIRECTION('',(1.,0.,0.));
#21309 = DIRECTION('',(0.,0.,1.));
#21310 = ADVANCED_FACE('',(#21311),#21345,.T.);
#21311 = FACE_BOUND('',#21312,.T.);
#21312 = EDGE_LOOP('',(#21313,#21323,#21331,#21339));
#21313 = ORIENTED_EDGE('',*,*,#21314,.F.);
#21314 = EDGE_CURVE('',#21315,#21317,#21319,.T.);
#21315 = VERTEX_POINT('',#21316);
#21316 = CARTESIAN_POINT('',(3.E+03,1.125E+03,0.));
#21317 = VERTEX_POINT('',#21318);
#21318 = CARTESIAN_POINT('',(3.E+03,1.125E+03,80.));
#21319 = LINE('',#21320,#21321);
#21320 = CARTESIAN_POINT('',(3.E+03,1.125E+03,0.));
#21321 = VECTOR('',#21322,1.);
#21322 = DIRECTION('',(0.,0.,1.));
#21323 = ORIENTED_EDGE('',*,*,#21324,.T.);
#21324 = EDGE_CURVE('',#21315,#21325,#21327,.T.);
#21325 = VERTEX_POINT('',#21326);
#21326 = CARTESIAN_POINT('',(3.E+03,1.165E+03,0.));
#21327 = LINE('',#21328,#21329);
#21328 = CARTESIAN_POINT('',(3.E+03,1.125E+03,0.));
#21329 = VECTOR('',#21330,1.);
#21330 = DIRECTION('',(0.,1.,0.));
#21331 = ORIENTED_EDGE('',*,*,#21332,.T.);
#21332 = EDGE_CURVE('',#21325,#21333,#21335,.T.);
#21333 = VERTEX_POINT('',#21334);
#21334 = CARTESIAN_POINT('',(3.E+03,1.165E+03,80.));
#21335 = LINE('',#21336,#21337);
#21336 = CARTESIAN_POINT('',(3.E+03,1.165E+03,0.));
#21337 = VECTOR('',#21338,1.);
#21338 = DIRECTION('',(0.,0.,1.));
#21339 = ORIENTED_EDGE('',*,*,#21340,.F.);
#21340 = EDGE_CURVE('',#21317,#21333,#21341,.T.);
#21341 = LINE('',#21342,#21343);
#21342 = CARTESIAN_POINT('',(3.E+03,1.125E+03,80.));
#21343 = VECTOR('',#21344,1.);
#21344 = DIRECTION('',(0.,1.,0.));
#21345 = PLANE('',#21346);
#21346 = AXIS2_PLACEMENT_3D('',#21347,#21348,#21349);
#21347 = CARTESIAN_POINT('',(3.E+03,1.125E+03,0.));
#21348 = DIRECTION('',(1.,0.,0.));
#21349 = DIRECTION('',(0.,0.,1.));
#21350 = ADVANCED_FACE('',(#21351),#21367,.F.);
#21351 = FACE_BOUND('',#21352,.F.);
#21352 = EDGE_LOOP('',(#21353,#21359,#21360,#21366));
#21353 = ORIENTED_EDGE('',*,*,#21354,.F.);
#21354 = EDGE_CURVE('',#21275,#21315,#21355,.T.);
#21355 = LINE('',#21356,#21357);
#21356 = CARTESIAN_POINT('',(2.96E+03,1.125E+03,0.));
#21357 = VECTOR('',#21358,1.);
#21358 = DIRECTION('',(1.,0.,0.));
#21359 = ORIENTED_EDGE('',*,*,#21274,.T.);
#21360 = ORIENTED_EDGE('',*,*,#21361,.T.);
#21361 = EDGE_CURVE('',#21277,#21317,#21362,.T.);
#21362 = LINE('',#21363,#21364);
#21363 = CARTESIAN_POINT('',(2.96E+03,1.125E+03,80.));
#21364 = VECTOR('',#21365,1.);
#21365 = DIRECTION('',(1.,0.,0.));
#21366 = ORIENTED_EDGE('',*,*,#21314,.F.);
#21367 = PLANE('',#21368);
#21368 = AXIS2_PLACEMENT_3D('',#21369,#21370,#21371);
#21369 = CARTESIAN_POINT('',(2.96E+03,1.125E+03,0.));
#21370 = DIRECTION('',(0.,1.,0.));
#21371 = DIRECTION('',(0.,0.,1.));
#21372 = ADVANCED_FACE('',(#21373),#21389,.T.);
#21373 = FACE_BOUND('',#21374,.T.);
#21374 = EDGE_LOOP('',(#21375,#21381,#21382,#21388));
#21375 = ORIENTED_EDGE('',*,*,#21376,.F.);
#21376 = EDGE_CURVE('',#21285,#21325,#21377,.T.);
#21377 = LINE('',#21378,#21379);
#21378 = CARTESIAN_POINT('',(2.96E+03,1.165E+03,0.));
#21379 = VECTOR('',#21380,1.);
#21380 = DIRECTION('',(1.,0.,0.));
#21381 = ORIENTED_EDGE('',*,*,#21292,.T.);
#21382 = ORIENTED_EDGE('',*,*,#21383,.T.);
#21383 = EDGE_CURVE('',#21293,#21333,#21384,.T.);
#21384 = LINE('',#21385,#21386);
#21385 = CARTESIAN_POINT('',(2.96E+03,1.165E+03,80.));
#21386 = VECTOR('',#21387,1.);
#21387 = DIRECTION('',(1.,0.,0.));
#21388 = ORIENTED_EDGE('',*,*,#21332,.F.);
#21389 = PLANE('',#21390);
#21390 = AXIS2_PLACEMENT_3D('',#21391,#21392,#21393);
#21391 = CARTESIAN_POINT('',(2.96E+03,1.165E+03,0.));
#21392 = DIRECTION('',(0.,1.,0.));
#21393 = DIRECTION('',(0.,0.,1.));
#21394 = ADVANCED_FACE('',(#21395),#21401,.F.);
#21395 = FACE_BOUND('',#21396,.F.);
#21396 = EDGE_LOOP('',(#21397,#21398,#21399,#21400));
#21397 = ORIENTED_EDGE('',*,*,#21284,.F.);
#21398 = ORIENTED_EDGE('',*,*,#21354,.T.);
#21399 = ORIENTED_EDGE('',*,*,#21324,.T.);
#21400 = ORIENTED_EDGE('',*,*,#21376,.F.);
#21401 = PLANE('',#21402);
#21402 = AXIS2_PLACEMENT_3D('',#21403,#21404,#21405);
#21403 = CARTESIAN_POINT('',(2.96E+03,1.125E+03,0.));
#21404 = DIRECTION('',(0.,0.,1.));
#21405 = DIRECTION('',(1.,0.,0.));
#21406 = ADVANCED_FACE('',(#21407),#21413,.T.);
#21407 = FACE_BOUND('',#21408,.T.);
#21408 = EDGE_LOOP('',(#21409,#21410,#21411,#21412));
#21409 = ORIENTED_EDGE('',*,*,#21300,.F.);
#21410 = ORIENTED_EDGE('',*,*,#21361,.T.);
#21411 = ORIENTED_EDGE('',*,*,#21340,.T.);
#21412 = ORIENTED_EDGE('',*,*,#21383,.F.);
#21413 = PLANE('',#21414);
#21414 = AXIS2_PLACEMENT_3D('',#21415,#21416,#21417);
#21415 = CARTESIAN_POINT('',(2.96E+03,1.125E+03,80.));
#21416 = DIRECTION('',(0.,0.,1.));
#21417 = DIRECTION('',(1.,0.,0.));
#21418 = MANIFOLD_SOLID_BREP('',#21419);
#21419 = CLOSED_SHELL('',(#21420,#21460,#21500,#21522,#21544,#21556));
#21420 = ADVANCED_FACE('',(#21421),#21455,.F.);
#21421 = FACE_BOUND('',#21422,.F.);
#21422 = EDGE_LOOP('',(#21423,#21433,#21441,#21449));
#21423 = ORIENTED_EDGE('',*,*,#21424,.F.);
#21424 = EDGE_CURVE('',#21425,#21427,#21429,.T.);
#21425 = VERTEX_POINT('',#21426);
#21426 = CARTESIAN_POINT('',(3.75E+03,1.125E+03,0.));
#21427 = VERTEX_POINT('',#21428);
#21428 = CARTESIAN_POINT('',(3.75E+03,1.125E+03,80.));
#21429 = LINE('',#21430,#21431);
#21430 = CARTESIAN_POINT('',(3.75E+03,1.125E+03,0.));
#21431 = VECTOR('',#21432,1.);
#21432 = DIRECTION('',(0.,0.,1.));
#21433 = ORIENTED_EDGE('',*,*,#21434,.T.);
#21434 = EDGE_CURVE('',#21425,#21435,#21437,.T.);
#21435 = VERTEX_POINT('',#21436);
#21436 = CARTESIAN_POINT('',(3.75E+03,1.165E+03,0.));
#21437 = LINE('',#21438,#21439);
#21438 = CARTESIAN_POINT('',(3.75E+03,1.125E+03,0.));
#21439 = VECTOR('',#21440,1.);
#21440 = DIRECTION('',(0.,1.,0.));
#21441 = ORIENTED_EDGE('',*,*,#21442,.T.);
#21442 = EDGE_CURVE('',#21435,#21443,#21445,.T.);
#21443 = VERTEX_POINT('',#21444);
#21444 = CARTESIAN_POINT('',(3.75E+03,1.165E+03,80.));
#21445 = LINE('',#21446,#21447);
#21446 = CARTESIAN_POINT('',(3.75E+03,1.165E+03,0.));
#21447 = VECTOR('',#21448,1.);
#21448 = DIRECTION('',(0.,0.,1.));
#21449 = ORIENTED_EDGE('',*,*,#21450,.F.);
#21450 = EDGE_CURVE('',#21427,#21443,#21451,.T.);
#21451 = LINE('',#21452,#21453);
#21452 = CARTESIAN_POINT('',(3.75E+03,1.125E+03,80.));
#21453 = VECTOR('',#21454,1.);
#21454 = DIRECTION('',(0.,1.,0.));
#21455 = PLANE('',#21456);
#21456 = AXIS2_PLACEMENT_3D('',#21457,#21458,#21459);
#21457 = CARTESIAN_POINT('',(3.75E+03,1.125E+03,0.));
#21458 = DIRECTION('',(1.,0.,0.));
#21459 = DIRECTION('',(0.,0.,1.));
#21460 = ADVANCED_FACE('',(#21461),#21495,.T.);
#21461 = FACE_BOUND('',#21462,.T.);
#21462 = EDGE_LOOP('',(#21463,#21473,#21481,#21489));
#21463 = ORIENTED_EDGE('',*,*,#21464,.F.);
#21464 = EDGE_CURVE('',#21465,#21467,#21469,.T.);
#21465 = VERTEX_POINT('',#21466);
#21466 = CARTESIAN_POINT('',(3.79E+03,1.125E+03,0.));
#21467 = VERTEX_POINT('',#21468);
#21468 = CARTESIAN_POINT('',(3.79E+03,1.125E+03,80.));
#21469 = LINE('',#21470,#21471);
#21470 = CARTESIAN_POINT('',(3.79E+03,1.125E+03,0.));
#21471 = VECTOR('',#21472,1.);
#21472 = DIRECTION('',(0.,0.,1.));
#21473 = ORIENTED_EDGE('',*,*,#21474,.T.);
#21474 = EDGE_CURVE('',#21465,#21475,#21477,.T.);
#21475 = VERTEX_POINT('',#21476);
#21476 = CARTESIAN_POINT('',(3.79E+03,1.165E+03,0.));
#21477 = LINE('',#21478,#21479);
#21478 = CARTESIAN_POINT('',(3.79E+03,1.125E+03,0.));
#21479 = VECTOR('',#21480,1.);
#21480 = DIRECTION('',(0.,1.,0.));
#21481 = ORIENTED_EDGE('',*,*,#21482,.T.);
#21482 = EDGE_CURVE('',#21475,#21483,#21485,.T.);
#21483 = VERTEX_POINT('',#21484);
#21484 = CARTESIAN_POINT('',(3.79E+03,1.165E+03,80.));
#21485 = LINE('',#21486,#21487);
#21486 = CARTESIAN_POINT('',(3.79E+03,1.165E+03,0.));
#21487 = VECTOR('',#21488,1.);
#21488 = DIRECTION('',(0.,0.,1.));
#21489 = ORIENTED_EDGE('',*,*,#21490,.F.);
#21490 = EDGE_CURVE('',#21467,#21483,#21491,.T.);
#21491 = LINE('',#21492,#21493);
#21492 = CARTESIAN_POINT('',(3.79E+03,1.125E+03,80.));
#21493 = VECTOR('',#21494,1.);
#21494 = DIRECTION('',(0.,1.,0.));
#21495 = PLANE('',#21496);
#21496 = AXIS2_PLACEMENT_3D('',#21497,#21498,#21499);
#21497 = CARTESIAN_POINT('',(3.79E+03,1.125E+03,0.));
#21498 = DIRECTION('',(1.,0.,0.));
#21499 = DIRECTION('',(0.,0.,1.));
#21500 = ADVANCED_FACE('',(#21501),#21517,.F.);
#21501 = FACE_BOUND('',#21502,.F.);
#21502 = EDGE_LOOP('',(#21503,#21509,#21510,#21516));
#21503 = ORIENTED_EDGE('',*,*,#21504,.F.);
#21504 = EDGE_CURVE('',#21425,#21465,#21505,.T.);
#21505 = LINE('',#21506,#21507);
#21506 = CARTESIAN_POINT('',(3.75E+03,1.125E+03,0.));
#21507 = VECTOR('',#21508,1.);
#21508 = DIRECTION('',(1.,0.,0.));
#21509 = ORIENTED_EDGE('',*,*,#21424,.T.);
#21510 = ORIENTED_EDGE('',*,*,#21511,.T.);
#21511 = EDGE_CURVE('',#21427,#21467,#21512,.T.);
#21512 = LINE('',#21513,#21514);
#21513 = CARTESIAN_POINT('',(3.75E+03,1.125E+03,80.));
#21514 = VECTOR('',#21515,1.);
#21515 = DIRECTION('',(1.,0.,0.));
#21516 = ORIENTED_EDGE('',*,*,#21464,.F.);
#21517 = PLANE('',#21518);
#21518 = AXIS2_PLACEMENT_3D('',#21519,#21520,#21521);
#21519 = CARTESIAN_POINT('',(3.75E+03,1.125E+03,0.));
#21520 = DIRECTION('',(0.,1.,0.));
#21521 = DIRECTION('',(0.,0.,1.));
#21522 = ADVANCED_FACE('',(#21523),#21539,.T.);
#21523 = FACE_BOUND('',#21524,.T.);
#21524 = EDGE_LOOP('',(#21525,#21531,#21532,#21538));
#21525 = ORIENTED_EDGE('',*,*,#21526,.F.);
#21526 = EDGE_CURVE('',#21435,#21475,#21527,.T.);
#21527 = LINE('',#21528,#21529);
#21528 = CARTESIAN_POINT('',(3.75E+03,1.165E+03,0.));
#21529 = VECTOR('',#21530,1.);
#21530 = DIRECTION('',(1.,0.,0.));
#21531 = ORIENTED_EDGE('',*,*,#21442,.T.);
#21532 = ORIENTED_EDGE('',*,*,#21533,.T.);
#21533 = EDGE_CURVE('',#21443,#21483,#21534,.T.);
#21534 = LINE('',#21535,#21536);
#21535 = CARTESIAN_POINT('',(3.75E+03,1.165E+03,80.));
#21536 = VECTOR('',#21537,1.);
#21537 = DIRECTION('',(1.,0.,0.));
#21538 = ORIENTED_EDGE('',*,*,#21482,.F.);
#21539 = PLANE('',#21540);
#21540 = AXIS2_PLACEMENT_3D('',#21541,#21542,#21543);
#21541 = CARTESIAN_POINT('',(3.75E+03,1.165E+03,0.));
#21542 = DIRECTION('',(0.,1.,0.));
#21543 = DIRECTION('',(0.,0.,1.));
#21544 = ADVANCED_FACE('',(#21545),#21551,.F.);
#21545 = FACE_BOUND('',#21546,.F.);
#21546 = EDGE_LOOP('',(#21547,#21548,#21549,#21550));
#21547 = ORIENTED_EDGE('',*,*,#21434,.F.);
#21548 = ORIENTED_EDGE('',*,*,#21504,.T.);
#21549 = ORIENTED_EDGE('',*,*,#21474,.T.);
#21550 = ORIENTED_EDGE('',*,*,#21526,.F.);
#21551 = PLANE('',#21552);
#21552 = AXIS2_PLACEMENT_3D('',#21553,#21554,#21555);
#21553 = CARTESIAN_POINT('',(3.75E+03,1.125E+03,0.));
#21554 = DIRECTION('',(0.,0.,1.));
#21555 = DIRECTION('',(1.,0.,0.));
#21556 = ADVANCED_FACE('',(#21557),#21563,.T.);
#21557 = FACE_BOUND('',#21558,.T.);
#21558 = EDGE_LOOP('',(#21559,#21560,#21561,#21562));
#21559 = ORIENTED_EDGE('',*,*,#21450,.F.);
#21560 = ORIENTED_EDGE('',*,*,#21511,.T.);
#21561 = ORIENTED_EDGE('',*,*,#21490,.T.);
#21562 = ORIENTED_EDGE('',*,*,#21533,.F.);
#21563 = PLANE('',#21564);
#21564 = AXIS2_PLACEMENT_3D('',#21565,#21566,#21567);
#21565 = CARTESIAN_POINT('',(3.75E+03,1.125E+03,80.));
#21566 = DIRECTION('',(0.,0.,1.));
#21567 = DIRECTION('',(1.,0.,0.));
#21568 = MANIFOLD_SOLID_BREP('',#21569);
#21569 = CLOSED_SHELL('',(#21570,#21610,#21650,#21672,#21694,#21706));
#21570 = ADVANCED_FACE('',(#21571),#21605,.F.);
#21571 = FACE_BOUND('',#21572,.F.);
#21572 = EDGE_LOOP('',(#21573,#21583,#21591,#21599));
#21573 = ORIENTED_EDGE('',*,*,#21574,.F.);
#21574 = EDGE_CURVE('',#21575,#21577,#21579,.T.);
#21575 = VERTEX_POINT('',#21576);
#21576 = CARTESIAN_POINT('',(2.93E+03,435.,2.282E+03));
#21577 = VERTEX_POINT('',#21578);
#21578 = CARTESIAN_POINT('',(2.93E+03,435.,2.3E+03));
#21579 = LINE('',#21580,#21581);
#21580 = CARTESIAN_POINT('',(2.93E+03,435.,2.282E+03));
#21581 = VECTOR('',#21582,1.);
#21582 = DIRECTION('',(0.,0.,1.));
#21583 = ORIENTED_EDGE('',*,*,#21584,.T.);
#21584 = EDGE_CURVE('',#21575,#21585,#21587,.T.);
#21585 = VERTEX_POINT('',#21586);
#21586 = CARTESIAN_POINT('',(2.93E+03,1.195E+03,2.282E+03));
#21587 = LINE('',#21588,#21589);
#21588 = CARTESIAN_POINT('',(2.93E+03,435.,2.282E+03));
#21589 = VECTOR('',#21590,1.);
#21590 = DIRECTION('',(0.,1.,0.));
#21591 = ORIENTED_EDGE('',*,*,#21592,.T.);
#21592 = EDGE_CURVE('',#21585,#21593,#21595,.T.);
#21593 = VERTEX_POINT('',#21594);
#21594 = CARTESIAN_POINT('',(2.93E+03,1.195E+03,2.3E+03));
#21595 = LINE('',#21596,#21597);
#21596 = CARTESIAN_POINT('',(2.93E+03,1.195E+03,2.282E+03));
#21597 = VECTOR('',#21598,1.);
#21598 = DIRECTION('',(0.,0.,1.));
#21599 = ORIENTED_EDGE('',*,*,#21600,.F.);
#21600 = EDGE_CURVE('',#21577,#21593,#21601,.T.);
#21601 = LINE('',#21602,#21603);
#21602 = CARTESIAN_POINT('',(2.93E+03,435.,2.3E+03));
#21603 = VECTOR('',#21604,1.);
#21604 = DIRECTION('',(0.,1.,0.));
#21605 = PLANE('',#21606);
#21606 = AXIS2_PLACEMENT_3D('',#21607,#21608,#21609);
#21607 = CARTESIAN_POINT('',(2.93E+03,435.,2.282E+03));
#21608 = DIRECTION('',(1.,0.,0.));
#21609 = DIRECTION('',(0.,0.,1.));
#21610 = ADVANCED_FACE('',(#21611),#21645,.T.);
#21611 = FACE_BOUND('',#21612,.T.);
#21612 = EDGE_LOOP('',(#21613,#21623,#21631,#21639));
#21613 = ORIENTED_EDGE('',*,*,#21614,.F.);
#21614 = EDGE_CURVE('',#21615,#21617,#21619,.T.);
#21615 = VERTEX_POINT('',#21616);
#21616 = CARTESIAN_POINT('',(3.82E+03,435.,2.282E+03));
#21617 = VERTEX_POINT('',#21618);
#21618 = CARTESIAN_POINT('',(3.82E+03,435.,2.3E+03));
#21619 = LINE('',#21620,#21621);
#21620 = CARTESIAN_POINT('',(3.82E+03,435.,2.282E+03));
#21621 = VECTOR('',#21622,1.);
#21622 = DIRECTION('',(0.,0.,1.));
#21623 = ORIENTED_EDGE('',*,*,#21624,.T.);
#21624 = EDGE_CURVE('',#21615,#21625,#21627,.T.);
#21625 = VERTEX_POINT('',#21626);
#21626 = CARTESIAN_POINT('',(3.82E+03,1.195E+03,2.282E+03));
#21627 = LINE('',#21628,#21629);
#21628 = CARTESIAN_POINT('',(3.82E+03,435.,2.282E+03));
#21629 = VECTOR('',#21630,1.);
#21630 = DIRECTION('',(0.,1.,0.));
#21631 = ORIENTED_EDGE('',*,*,#21632,.T.);
#21632 = EDGE_CURVE('',#21625,#21633,#21635,.T.);
#21633 = VERTEX_POINT('',#21634);
#21634 = CARTESIAN_POINT('',(3.82E+03,1.195E+03,2.3E+03));
#21635 = LINE('',#21636,#21637);
#21636 = CARTESIAN_POINT('',(3.82E+03,1.195E+03,2.282E+03));
#21637 = VECTOR('',#21638,1.);
#21638 = DIRECTION('',(0.,0.,1.));
#21639 = ORIENTED_EDGE('',*,*,#21640,.F.);
#21640 = EDGE_CURVE('',#21617,#21633,#21641,.T.);
#21641 = LINE('',#21642,#21643);
#21642 = CARTESIAN_POINT('',(3.82E+03,435.,2.3E+03));
#21643 = VECTOR('',#21644,1.);
#21644 = DIRECTION('',(0.,1.,0.));
#21645 = PLANE('',#21646);
#21646 = AXIS2_PLACEMENT_3D('',#21647,#21648,#21649);
#21647 = CARTESIAN_POINT('',(3.82E+03,435.,2.282E+03));
#21648 = DIRECTION('',(1.,0.,0.));
#21649 = DIRECTION('',(0.,0.,1.));
#21650 = ADVANCED_FACE('',(#21651),#21667,.F.);
#21651 = FACE_BOUND('',#21652,.F.);
#21652 = EDGE_LOOP('',(#21653,#21659,#21660,#21666));
#21653 = ORIENTED_EDGE('',*,*,#21654,.F.);
#21654 = EDGE_CURVE('',#21575,#21615,#21655,.T.);
#21655 = LINE('',#21656,#21657);
#21656 = CARTESIAN_POINT('',(2.93E+03,435.,2.282E+03));
#21657 = VECTOR('',#21658,1.);
#21658 = DIRECTION('',(1.,0.,0.));
#21659 = ORIENTED_EDGE('',*,*,#21574,.T.);
#21660 = ORIENTED_EDGE('',*,*,#21661,.T.);
#21661 = EDGE_CURVE('',#21577,#21617,#21662,.T.);
#21662 = LINE('',#21663,#21664);
#21663 = CARTESIAN_POINT('',(2.93E+03,435.,2.3E+03));
#21664 = VECTOR('',#21665,1.);
#21665 = DIRECTION('',(1.,0.,0.));
#21666 = ORIENTED_EDGE('',*,*,#21614,.F.);
#21667 = PLANE('',#21668);
#21668 = AXIS2_PLACEMENT_3D('',#21669,#21670,#21671);
#21669 = CARTESIAN_POINT('',(2.93E+03,435.,2.282E+03));
#21670 = DIRECTION('',(0.,1.,0.));
#21671 = DIRECTION('',(0.,0.,1.));
#21672 = ADVANCED_FACE('',(#21673),#21689,.T.);
#21673 = FACE_BOUND('',#21674,.T.);
#21674 = EDGE_LOOP('',(#21675,#21681,#21682,#21688));
#21675 = ORIENTED_EDGE('',*,*,#21676,.F.);
#21676 = EDGE_CURVE('',#21585,#21625,#21677,.T.);
#21677 = LINE('',#21678,#21679);
#21678 = CARTESIAN_POINT('',(2.93E+03,1.195E+03,2.282E+03));
#21679 = VECTOR('',#21680,1.);
#21680 = DIRECTION('',(1.,0.,0.));
#21681 = ORIENTED_EDGE('',*,*,#21592,.T.);
#21682 = ORIENTED_EDGE('',*,*,#21683,.T.);
#21683 = EDGE_CURVE('',#21593,#21633,#21684,.T.);
#21684 = LINE('',#21685,#21686);
#21685 = CARTESIAN_POINT('',(2.93E+03,1.195E+03,2.3E+03));
#21686 = VECTOR('',#21687,1.);
#21687 = DIRECTION('',(1.,0.,0.));
#21688 = ORIENTED_EDGE('',*,*,#21632,.F.);
#21689 = PLANE('',#21690);
#21690 = AXIS2_PLACEMENT_3D('',#21691,#21692,#21693);
#21691 = CARTESIAN_POINT('',(2.93E+03,1.195E+03,2.282E+03));
#21692 = DIRECTION('',(0.,1.,0.));
#21693 = DIRECTION('',(0.,0.,1.));
#21694 = ADVANCED_FACE('',(#21695),#21701,.F.);
#21695 = FACE_BOUND('',#21696,.F.);
#21696 = EDGE_LOOP('',(#21697,#21698,#21699,#21700));
#21697 = ORIENTED_EDGE('',*,*,#21584,.F.);
#21698 = ORIENTED_EDGE('',*,*,#21654,.T.);
#21699 = ORIENTED_EDGE('',*,*,#21624,.T.);
#21700 = ORIENTED_EDGE('',*,*,#21676,.F.);
#21701 = PLANE('',#21702);
#21702 = AXIS2_PLACEMENT_3D('',#21703,#21704,#21705);
#21703 = CARTESIAN_POINT('',(2.93E+03,435.,2.282E+03));
#21704 = DIRECTION('',(0.,0.,1.));
#21705 = DIRECTION('',(1.,0.,0.));
#21706 = ADVANCED_FACE('',(#21707),#21713,.T.);
#21707 = FACE_BOUND('',#21708,.T.);
#21708 = EDGE_LOOP('',(#21709,#21710,#21711,#21712));
#21709 = ORIENTED_EDGE('',*,*,#21600,.F.);
#21710 = ORIENTED_EDGE('',*,*,#21661,.T.);
#21711 = ORIENTED_EDGE('',*,*,#21640,.T.);
#21712 = ORIENTED_EDGE('',*,*,#21683,.F.);
#21713 = PLANE('',#21714);
#21714 = AXIS2_PLACEMENT_3D('',#21715,#21716,#21717);
#21715 = CARTESIAN_POINT('',(2.93E+03,435.,2.3E+03));
#21716 = DIRECTION('',(0.,0.,1.));
#21717 = DIRECTION('',(1.,0.,0.));
#21718 = MANIFOLD_SOLID_BREP('',#21719);
#21719 = CLOSED_SHELL('',(#21720,#21760,#21800,#21822,#21844,#21856));
#21720 = ADVANCED_FACE('',(#21721),#21755,.F.);
#21721 = FACE_BOUND('',#21722,.F.);
#21722 = EDGE_LOOP('',(#21723,#21733,#21741,#21749));
#21723 = ORIENTED_EDGE('',*,*,#21724,.F.);
#21724 = EDGE_CURVE('',#21725,#21727,#21729,.T.);
#21725 = VERTEX_POINT('',#21726);
#21726 = CARTESIAN_POINT('',(2.948E+03,1.192E+03,80.));
#21727 = VERTEX_POINT('',#21728);
#21728 = CARTESIAN_POINT('',(2.948E+03,1.192E+03,2.282E+03));
#21729 = LINE('',#21730,#21731);
#21730 = CARTESIAN_POINT('',(2.948E+03,1.192E+03,80.));
#21731 = VECTOR('',#21732,1.);
#21732 = DIRECTION('',(0.,0.,1.));
#21733 = ORIENTED_EDGE('',*,*,#21734,.T.);
#21734 = EDGE_CURVE('',#21725,#21735,#21737,.T.);
#21735 = VERTEX_POINT('',#21736);
#21736 = CARTESIAN_POINT('',(2.948E+03,1.195E+03,80.));
#21737 = LINE('',#21738,#21739);
#21738 = CARTESIAN_POINT('',(2.948E+03,1.192E+03,80.));
#21739 = VECTOR('',#21740,1.);
#21740 = DIRECTION('',(0.,1.,0.));
#21741 = ORIENTED_EDGE('',*,*,#21742,.T.);
#21742 = EDGE_CURVE('',#21735,#21743,#21745,.T.);
#21743 = VERTEX_POINT('',#21744);
#21744 = CARTESIAN_POINT('',(2.948E+03,1.195E+03,2.282E+03));
#21745 = LINE('',#21746,#21747);
#21746 = CARTESIAN_POINT('',(2.948E+03,1.195E+03,80.));
#21747 = VECTOR('',#21748,1.);
#21748 = DIRECTION('',(0.,0.,1.));
#21749 = ORIENTED_EDGE('',*,*,#21750,.F.);
#21750 = EDGE_CURVE('',#21727,#21743,#21751,.T.);
#21751 = LINE('',#21752,#21753);
#21752 = CARTESIAN_POINT('',(2.948E+03,1.192E+03,2.282E+03));
#21753 = VECTOR('',#21754,1.);
#21754 = DIRECTION('',(0.,1.,0.));
#21755 = PLANE('',#21756);
#21756 = AXIS2_PLACEMENT_3D('',#21757,#21758,#21759);
#21757 = CARTESIAN_POINT('',(2.948E+03,1.192E+03,80.));
#21758 = DIRECTION('',(1.,0.,0.));
#21759 = DIRECTION('',(0.,0.,1.));
#21760 = ADVANCED_FACE('',(#21761),#21795,.T.);
#21761 = FACE_BOUND('',#21762,.T.);
#21762 = EDGE_LOOP('',(#21763,#21773,#21781,#21789));
#21763 = ORIENTED_EDGE('',*,*,#21764,.F.);
#21764 = EDGE_CURVE('',#21765,#21767,#21769,.T.);
#21765 = VERTEX_POINT('',#21766);
#21766 = CARTESIAN_POINT('',(3.802E+03,1.192E+03,80.));
#21767 = VERTEX_POINT('',#21768);
#21768 = CARTESIAN_POINT('',(3.802E+03,1.192E+03,2.282E+03));
#21769 = LINE('',#21770,#21771);
#21770 = CARTESIAN_POINT('',(3.802E+03,1.192E+03,80.));
#21771 = VECTOR('',#21772,1.);
#21772 = DIRECTION('',(0.,0.,1.));
#21773 = ORIENTED_EDGE('',*,*,#21774,.T.);
#21774 = EDGE_CURVE('',#21765,#21775,#21777,.T.);
#21775 = VERTEX_POINT('',#21776);
#21776 = CARTESIAN_POINT('',(3.802E+03,1.195E+03,80.));
#21777 = LINE('',#21778,#21779);
#21778 = CARTESIAN_POINT('',(3.802E+03,1.192E+03,80.));
#21779 = VECTOR('',#21780,1.);
#21780 = DIRECTION('',(0.,1.,0.));
#21781 = ORIENTED_EDGE('',*,*,#21782,.T.);
#21782 = EDGE_CURVE('',#21775,#21783,#21785,.T.);
#21783 = VERTEX_POINT('',#21784);
#21784 = CARTESIAN_POINT('',(3.802E+03,1.195E+03,2.282E+03));
#21785 = LINE('',#21786,#21787);
#21786 = CARTESIAN_POINT('',(3.802E+03,1.195E+03,80.));
#21787 = VECTOR('',#21788,1.);
#21788 = DIRECTION('',(0.,0.,1.));
#21789 = ORIENTED_EDGE('',*,*,#21790,.F.);
#21790 = EDGE_CURVE('',#21767,#21783,#21791,.T.);
#21791 = LINE('',#21792,#21793);
#21792 = CARTESIAN_POINT('',(3.802E+03,1.192E+03,2.282E+03));
#21793 = VECTOR('',#21794,1.);
#21794 = DIRECTION('',(0.,1.,0.));
#21795 = PLANE('',#21796);
#21796 = AXIS2_PLACEMENT_3D('',#21797,#21798,#21799);
#21797 = CARTESIAN_POINT('',(3.802E+03,1.192E+03,80.));
#21798 = DIRECTION('',(1.,0.,0.));
#21799 = DIRECTION('',(0.,0.,1.));
#21800 = ADVANCED_FACE('',(#21801),#21817,.F.);
#21801 = FACE_BOUND('',#21802,.F.);
#21802 = EDGE_LOOP('',(#21803,#21809,#21810,#21816));
#21803 = ORIENTED_EDGE('',*,*,#21804,.F.);
#21804 = EDGE_CURVE('',#21725,#21765,#21805,.T.);
#21805 = LINE('',#21806,#21807);
#21806 = CARTESIAN_POINT('',(2.948E+03,1.192E+03,80.));
#21807 = VECTOR('',#21808,1.);
#21808 = DIRECTION('',(1.,0.,0.));
#21809 = ORIENTED_EDGE('',*,*,#21724,.T.);
#21810 = ORIENTED_EDGE('',*,*,#21811,.T.);
#21811 = EDGE_CURVE('',#21727,#21767,#21812,.T.);
#21812 = LINE('',#21813,#21814);
#21813 = CARTESIAN_POINT('',(2.948E+03,1.192E+03,2.282E+03));
#21814 = VECTOR('',#21815,1.);
#21815 = DIRECTION('',(1.,0.,0.));
#21816 = ORIENTED_EDGE('',*,*,#21764,.F.);
#21817 = PLANE('',#21818);
#21818 = AXIS2_PLACEMENT_3D('',#21819,#21820,#21821);
#21819 = CARTESIAN_POINT('',(2.948E+03,1.192E+03,80.));
#21820 = DIRECTION('',(0.,1.,0.));
#21821 = DIRECTION('',(0.,0.,1.));
#21822 = ADVANCED_FACE('',(#21823),#21839,.T.);
#21823 = FACE_BOUND('',#21824,.T.);
#21824 = EDGE_LOOP('',(#21825,#21831,#21832,#21838));
#21825 = ORIENTED_EDGE('',*,*,#21826,.F.);
#21826 = EDGE_CURVE('',#21735,#21775,#21827,.T.);
#21827 = LINE('',#21828,#21829);
#21828 = CARTESIAN_POINT('',(2.948E+03,1.195E+03,80.));
#21829 = VECTOR('',#21830,1.);
#21830 = DIRECTION('',(1.,0.,0.));
#21831 = ORIENTED_EDGE('',*,*,#21742,.T.);
#21832 = ORIENTED_EDGE('',*,*,#21833,.T.);
#21833 = EDGE_CURVE('',#21743,#21783,#21834,.T.);
#21834 = LINE('',#21835,#21836);
#21835 = CARTESIAN_POINT('',(2.948E+03,1.195E+03,2.282E+03));
#21836 = VECTOR('',#21837,1.);
#21837 = DIRECTION('',(1.,0.,0.));
#21838 = ORIENTED_EDGE('',*,*,#21782,.F.);
#21839 = PLANE('',#21840);
#21840 = AXIS2_PLACEMENT_3D('',#21841,#21842,#21843);
#21841 = CARTESIAN_POINT('',(2.948E+03,1.195E+03,80.));
#21842 = DIRECTION('',(0.,1.,0.));
#21843 = DIRECTION('',(0.,0.,1.));
#21844 = ADVANCED_FACE('',(#21845),#21851,.F.);
#21845 = FACE_BOUND('',#21846,.F.);
#21846 = EDGE_LOOP('',(#21847,#21848,#21849,#21850));
#21847 = ORIENTED_EDGE('',*,*,#21734,.F.);
#21848 = ORIENTED_EDGE('',*,*,#21804,.T.);
#21849 = ORIENTED_EDGE('',*,*,#21774,.T.);
#21850 = ORIENTED_EDGE('',*,*,#21826,.F.);
#21851 = PLANE('',#21852);
#21852 = AXIS2_PLACEMENT_3D('',#21853,#21854,#21855);
#21853 = CARTESIAN_POINT('',(2.948E+03,1.192E+03,80.));
#21854 = DIRECTION('',(0.,0.,1.));
#21855 = DIRECTION('',(1.,0.,0.));
#21856 = ADVANCED_FACE('',(#21857),#21863,.T.);
#21857 = FACE_BOUND('',#21858,.T.);
#21858 = EDGE_LOOP('',(#21859,#21860,#21861,#21862));
#21859 = ORIENTED_EDGE('',*,*,#21750,.F.);
#21860 = ORIENTED_EDGE('',*,*,#21811,.T.);
#21861 = ORIENTED_EDGE('',*,*,#21790,.T.);
#21862 = ORIENTED_EDGE('',*,*,#21833,.F.);
#21863 = PLANE('',#21864);
#21864 = AXIS2_PLACEMENT_3D('',#21865,#21866,#21867);
#21865 = CARTESIAN_POINT('',(2.948E+03,1.192E+03,2.282E+03));
#21866 = DIRECTION('',(0.,0.,1.));
#21867 = DIRECTION('',(1.,0.,0.));
#21868 = MANIFOLD_SOLID_BREP('',#21869);
#21869 = CLOSED_SHELL('',(#21870,#21910,#21950,#21972,#21994,#22006));
#21870 = ADVANCED_FACE('',(#21871),#21905,.F.);
#21871 = FACE_BOUND('',#21872,.F.);
#21872 = EDGE_LOOP('',(#21873,#21883,#21891,#21899));
#21873 = ORIENTED_EDGE('',*,*,#21874,.F.);
#21874 = EDGE_CURVE('',#21875,#21877,#21879,.T.);
#21875 = VERTEX_POINT('',#21876);
#21876 = CARTESIAN_POINT('',(3.154E+03,435.,80.));
#21877 = VERTEX_POINT('',#21878);
#21878 = CARTESIAN_POINT('',(3.154E+03,435.,1.809E+03));
#21879 = LINE('',#21880,#21881);
#21880 = CARTESIAN_POINT('',(3.154E+03,435.,80.));
#21881 = VECTOR('',#21882,1.);
#21882 = DIRECTION('',(0.,0.,1.));
#21883 = ORIENTED_EDGE('',*,*,#21884,.T.);
#21884 = EDGE_CURVE('',#21875,#21885,#21887,.T.);
#21885 = VERTEX_POINT('',#21886);
#21886 = CARTESIAN_POINT('',(3.154E+03,1.195E+03,80.));
#21887 = LINE('',#21888,#21889);
#21888 = CARTESIAN_POINT('',(3.154E+03,435.,80.));
#21889 = VECTOR('',#21890,1.);
#21890 = DIRECTION('',(0.,1.,0.));
#21891 = ORIENTED_EDGE('',*,*,#21892,.T.);
#21892 = EDGE_CURVE('',#21885,#21893,#21895,.T.);
#21893 = VERTEX_POINT('',#21894);
#21894 = CARTESIAN_POINT('',(3.154E+03,1.195E+03,1.809E+03));
#21895 = LINE('',#21896,#21897);
#21896 = CARTESIAN_POINT('',(3.154E+03,1.195E+03,80.));
#21897 = VECTOR('',#21898,1.);
#21898 = DIRECTION('',(0.,0.,1.));
#21899 = ORIENTED_EDGE('',*,*,#21900,.F.);
#21900 = EDGE_CURVE('',#21877,#21893,#21901,.T.);
#21901 = LINE('',#21902,#21903);
#21902 = CARTESIAN_POINT('',(3.154E+03,435.,1.809E+03));
#21903 = VECTOR('',#21904,1.);
#21904 = DIRECTION('',(0.,1.,0.));
#21905 = PLANE('',#21906);
#21906 = AXIS2_PLACEMENT_3D('',#21907,#21908,#21909);
#21907 = CARTESIAN_POINT('',(3.154E+03,435.,80.));
#21908 = DIRECTION('',(1.,0.,0.));
#21909 = DIRECTION('',(0.,0.,1.));
#21910 = ADVANCED_FACE('',(#21911),#21945,.T.);
#21911 = FACE_BOUND('',#21912,.T.);
#21912 = EDGE_LOOP('',(#21913,#21923,#21931,#21939));
#21913 = ORIENTED_EDGE('',*,*,#21914,.F.);
#21914 = EDGE_CURVE('',#21915,#21917,#21919,.T.);
#21915 = VERTEX_POINT('',#21916);
#21916 = CARTESIAN_POINT('',(3.172E+03,435.,80.));
#21917 = VERTEX_POINT('',#21918);
#21918 = CARTESIAN_POINT('',(3.172E+03,435.,1.809E+03));
#21919 = LINE('',#21920,#21921);
#21920 = CARTESIAN_POINT('',(3.172E+03,435.,80.));
#21921 = VECTOR('',#21922,1.);
#21922 = DIRECTION('',(0.,0.,1.));
#21923 = ORIENTED_EDGE('',*,*,#21924,.T.);
#21924 = EDGE_CURVE('',#21915,#21925,#21927,.T.);
#21925 = VERTEX_POINT('',#21926);
#21926 = CARTESIAN_POINT('',(3.172E+03,1.195E+03,80.));
#21927 = LINE('',#21928,#21929);
#21928 = CARTESIAN_POINT('',(3.172E+03,435.,80.));
#21929 = VECTOR('',#21930,1.);
#21930 = DIRECTION('',(0.,1.,0.));
#21931 = ORIENTED_EDGE('',*,*,#21932,.T.);
#21932 = EDGE_CURVE('',#21925,#21933,#21935,.T.);
#21933 = VERTEX_POINT('',#21934);
#21934 = CARTESIAN_POINT('',(3.172E+03,1.195E+03,1.809E+03));
#21935 = LINE('',#21936,#21937);
#21936 = CARTESIAN_POINT('',(3.172E+03,1.195E+03,80.));
#21937 = VECTOR('',#21938,1.);
#21938 = DIRECTION('',(0.,0.,1.));
#21939 = ORIENTED_EDGE('',*,*,#21940,.F.);
#21940 = EDGE_CURVE('',#21917,#21933,#21941,.T.);
#21941 = LINE('',#21942,#21943);
#21942 = CARTESIAN_POINT('',(3.172E+03,435.,1.809E+03));
#21943 = VECTOR('',#21944,1.);
#21944 = DIRECTION('',(0.,1.,0.));
#21945 = PLANE('',#21946);
#21946 = AXIS2_PLACEMENT_3D('',#21947,#21948,#21949);
#21947 = CARTESIAN_POINT('',(3.172E+03,435.,80.));
#21948 = DIRECTION('',(1.,0.,0.));
#21949 = DIRECTION('',(0.,0.,1.));
#21950 = ADVANCED_FACE('',(#21951),#21967,.F.);
#21951 = FACE_BOUND('',#21952,.F.);
#21952 = EDGE_LOOP('',(#21953,#21959,#21960,#21966));
#21953 = ORIENTED_EDGE('',*,*,#21954,.F.);
#21954 = EDGE_CURVE('',#21875,#21915,#21955,.T.);
#21955 = LINE('',#21956,#21957);
#21956 = CARTESIAN_POINT('',(3.154E+03,435.,80.));
#21957 = VECTOR('',#21958,1.);
#21958 = DIRECTION('',(1.,0.,0.));
#21959 = ORIENTED_EDGE('',*,*,#21874,.T.);
#21960 = ORIENTED_EDGE('',*,*,#21961,.T.);
#21961 = EDGE_CURVE('',#21877,#21917,#21962,.T.);
#21962 = LINE('',#21963,#21964);
#21963 = CARTESIAN_POINT('',(3.154E+03,435.,1.809E+03));
#21964 = VECTOR('',#21965,1.);
#21965 = DIRECTION('',(1.,0.,0.));
#21966 = ORIENTED_EDGE('',*,*,#21914,.F.);
#21967 = PLANE('',#21968);
#21968 = AXIS2_PLACEMENT_3D('',#21969,#21970,#21971);
#21969 = CARTESIAN_POINT('',(3.154E+03,435.,80.));
#21970 = DIRECTION('',(0.,1.,0.));
#21971 = DIRECTION('',(0.,0.,1.));
#21972 = ADVANCED_FACE('',(#21973),#21989,.T.);
#21973 = FACE_BOUND('',#21974,.T.);
#21974 = EDGE_LOOP('',(#21975,#21981,#21982,#21988));
#21975 = ORIENTED_EDGE('',*,*,#21976,.F.);
#21976 = EDGE_CURVE('',#21885,#21925,#21977,.T.);
#21977 = LINE('',#21978,#21979);
#21978 = CARTESIAN_POINT('',(3.154E+03,1.195E+03,80.));
#21979 = VECTOR('',#21980,1.);
#21980 = DIRECTION('',(1.,0.,0.));
#21981 = ORIENTED_EDGE('',*,*,#21892,.T.);
#21982 = ORIENTED_EDGE('',*,*,#21983,.T.);
#21983 = EDGE_CURVE('',#21893,#21933,#21984,.T.);
#21984 = LINE('',#21985,#21986);
#21985 = CARTESIAN_POINT('',(3.154E+03,1.195E+03,1.809E+03));
#21986 = VECTOR('',#21987,1.);
#21987 = DIRECTION('',(1.,0.,0.));
#21988 = ORIENTED_EDGE('',*,*,#21932,.F.);
#21989 = PLANE('',#21990);
#21990 = AXIS2_PLACEMENT_3D('',#21991,#21992,#21993);
#21991 = CARTESIAN_POINT('',(3.154E+03,1.195E+03,80.));
#21992 = DIRECTION('',(0.,1.,0.));
#21993 = DIRECTION('',(0.,0.,1.));
#21994 = ADVANCED_FACE('',(#21995),#22001,.F.);
#21995 = FACE_BOUND('',#21996,.F.);
#21996 = EDGE_LOOP('',(#21997,#21998,#21999,#22000));
#21997 = ORIENTED_EDGE('',*,*,#21884,.F.);
#21998 = ORIENTED_EDGE('',*,*,#21954,.T.);
#21999 = ORIENTED_EDGE('',*,*,#21924,.T.);
#22000 = ORIENTED_EDGE('',*,*,#21976,.F.);
#22001 = PLANE('',#22002);
#22002 = AXIS2_PLACEMENT_3D('',#22003,#22004,#22005);
#22003 = CARTESIAN_POINT('',(3.154E+03,435.,80.));
#22004 = DIRECTION('',(0.,0.,1.));
#22005 = DIRECTION('',(1.,0.,0.));
#22006 = ADVANCED_FACE('',(#22007),#22013,.T.);
#22007 = FACE_BOUND('',#22008,.T.);
#22008 = EDGE_LOOP('',(#22009,#22010,#22011,#22012));
#22009 = ORIENTED_EDGE('',*,*,#21900,.F.);
#22010 = ORIENTED_EDGE('',*,*,#21961,.T.);
#22011 = ORIENTED_EDGE('',*,*,#21940,.T.);
#22012 = ORIENTED_EDGE('',*,*,#21983,.F.);
#22013 = PLANE('',#22014);
#22014 = AXIS2_PLACEMENT_3D('',#22015,#22016,#22017);
#22015 = CARTESIAN_POINT('',(3.154E+03,435.,1.809E+03));
#22016 = DIRECTION('',(0.,0.,1.));
#22017 = DIRECTION('',(1.,0.,0.));
#22018 = MANIFOLD_SOLID_BREP('',#22019);
#22019 = CLOSED_SHELL('',(#22020,#22060,#22100,#22122,#22144,#22156));
#22020 = ADVANCED_FACE('',(#22021),#22055,.F.);
#22021 = FACE_BOUND('',#22022,.F.);
#22022 = EDGE_LOOP('',(#22023,#22033,#22041,#22049));
#22023 = ORIENTED_EDGE('',*,*,#22024,.F.);
#22024 = EDGE_CURVE('',#22025,#22027,#22029,.T.);
#22025 = VERTEX_POINT('',#22026);
#22026 = CARTESIAN_POINT('',(3.172E+03,435.,960.));
#22027 = VERTEX_POINT('',#22028);
#22028 = CARTESIAN_POINT('',(3.172E+03,435.,978.));
#22029 = LINE('',#22030,#22031);
#22030 = CARTESIAN_POINT('',(3.172E+03,435.,960.));
#22031 = VECTOR('',#22032,1.);
#22032 = DIRECTION('',(0.,0.,1.));
#22033 = ORIENTED_EDGE('',*,*,#22034,.T.);
#22034 = EDGE_CURVE('',#22025,#22035,#22037,.T.);
#22035 = VERTEX_POINT('',#22036);
#22036 = CARTESIAN_POINT('',(3.172E+03,1.195E+03,960.));
#22037 = LINE('',#22038,#22039);
#22038 = CARTESIAN_POINT('',(3.172E+03,435.,960.));
#22039 = VECTOR('',#22040,1.);
#22040 = DIRECTION('',(0.,1.,0.));
#22041 = ORIENTED_EDGE('',*,*,#22042,.T.);
#22042 = EDGE_CURVE('',#22035,#22043,#22045,.T.);
#22043 = VERTEX_POINT('',#22044);
#22044 = CARTESIAN_POINT('',(3.172E+03,1.195E+03,978.));
#22045 = LINE('',#22046,#22047);
#22046 = CARTESIAN_POINT('',(3.172E+03,1.195E+03,960.));
#22047 = VECTOR('',#22048,1.);
#22048 = DIRECTION('',(0.,0.,1.));
#22049 = ORIENTED_EDGE('',*,*,#22050,.F.);
#22050 = EDGE_CURVE('',#22027,#22043,#22051,.T.);
#22051 = LINE('',#22052,#22053);
#22052 = CARTESIAN_POINT('',(3.172E+03,435.,978.));
#22053 = VECTOR('',#22054,1.);
#22054 = DIRECTION('',(0.,1.,0.));
#22055 = PLANE('',#22056);
#22056 = AXIS2_PLACEMENT_3D('',#22057,#22058,#22059);
#22057 = CARTESIAN_POINT('',(3.172E+03,435.,960.));
#22058 = DIRECTION('',(1.,0.,0.));
#22059 = DIRECTION('',(0.,0.,1.));
#22060 = ADVANCED_FACE('',(#22061),#22095,.T.);
#22061 = FACE_BOUND('',#22062,.T.);
#22062 = EDGE_LOOP('',(#22063,#22073,#22081,#22089));
#22063 = ORIENTED_EDGE('',*,*,#22064,.F.);
#22064 = EDGE_CURVE('',#22065,#22067,#22069,.T.);
#22065 = VERTEX_POINT('',#22066);
#22066 = CARTESIAN_POINT('',(3.802E+03,435.,960.));
#22067 = VERTEX_POINT('',#22068);
#22068 = CARTESIAN_POINT('',(3.802E+03,435.,978.));
#22069 = LINE('',#22070,#22071);
#22070 = CARTESIAN_POINT('',(3.802E+03,435.,960.));
#22071 = VECTOR('',#22072,1.);
#22072 = DIRECTION('',(0.,0.,1.));
#22073 = ORIENTED_EDGE('',*,*,#22074,.T.);
#22074 = EDGE_CURVE('',#22065,#22075,#22077,.T.);
#22075 = VERTEX_POINT('',#22076);
#22076 = CARTESIAN_POINT('',(3.802E+03,1.195E+03,960.));
#22077 = LINE('',#22078,#22079);
#22078 = CARTESIAN_POINT('',(3.802E+03,435.,960.));
#22079 = VECTOR('',#22080,1.);
#22080 = DIRECTION('',(0.,1.,0.));
#22081 = ORIENTED_EDGE('',*,*,#22082,.T.);
#22082 = EDGE_CURVE('',#22075,#22083,#22085,.T.);
#22083 = VERTEX_POINT('',#22084);
#22084 = CARTESIAN_POINT('',(3.802E+03,1.195E+03,978.));
#22085 = LINE('',#22086,#22087);
#22086 = CARTESIAN_POINT('',(3.802E+03,1.195E+03,960.));
#22087 = VECTOR('',#22088,1.);
#22088 = DIRECTION('',(0.,0.,1.));
#22089 = ORIENTED_EDGE('',*,*,#22090,.F.);
#22090 = EDGE_CURVE('',#22067,#22083,#22091,.T.);
#22091 = LINE('',#22092,#22093);
#22092 = CARTESIAN_POINT('',(3.802E+03,435.,978.));
#22093 = VECTOR('',#22094,1.);
#22094 = DIRECTION('',(0.,1.,0.));
#22095 = PLANE('',#22096);
#22096 = AXIS2_PLACEMENT_3D('',#22097,#22098,#22099);
#22097 = CARTESIAN_POINT('',(3.802E+03,435.,960.));
#22098 = DIRECTION('',(1.,0.,0.));
#22099 = DIRECTION('',(0.,0.,1.));
#22100 = ADVANCED_FACE('',(#22101),#22117,.F.);
#22101 = FACE_BOUND('',#22102,.F.);
#22102 = EDGE_LOOP('',(#22103,#22109,#22110,#22116));
#22103 = ORIENTED_EDGE('',*,*,#22104,.F.);
#22104 = EDGE_CURVE('',#22025,#22065,#22105,.T.);
#22105 = LINE('',#22106,#22107);
#22106 = CARTESIAN_POINT('',(3.172E+03,435.,960.));
#22107 = VECTOR('',#22108,1.);
#22108 = DIRECTION('',(1.,0.,0.));
#22109 = ORIENTED_EDGE('',*,*,#22024,.T.);
#22110 = ORIENTED_EDGE('',*,*,#22111,.T.);
#22111 = EDGE_CURVE('',#22027,#22067,#22112,.T.);
#22112 = LINE('',#22113,#22114);
#22113 = CARTESIAN_POINT('',(3.172E+03,435.,978.));
#22114 = VECTOR('',#22115,1.);
#22115 = DIRECTION('',(1.,0.,0.));
#22116 = ORIENTED_EDGE('',*,*,#22064,.F.);
#22117 = PLANE('',#22118);
#22118 = AXIS2_PLACEMENT_3D('',#22119,#22120,#22121);
#22119 = CARTESIAN_POINT('',(3.172E+03,435.,960.));
#22120 = DIRECTION('',(0.,1.,0.));
#22121 = DIRECTION('',(0.,0.,1.));
#22122 = ADVANCED_FACE('',(#22123),#22139,.T.);
#22123 = FACE_BOUND('',#22124,.T.);
#22124 = EDGE_LOOP('',(#22125,#22131,#22132,#22138));
#22125 = ORIENTED_EDGE('',*,*,#22126,.F.);
#22126 = EDGE_CURVE('',#22035,#22075,#22127,.T.);
#22127 = LINE('',#22128,#22129);
#22128 = CARTESIAN_POINT('',(3.172E+03,1.195E+03,960.));
#22129 = VECTOR('',#22130,1.);
#22130 = DIRECTION('',(1.,0.,0.));
#22131 = ORIENTED_EDGE('',*,*,#22042,.T.);
#22132 = ORIENTED_EDGE('',*,*,#22133,.T.);
#22133 = EDGE_CURVE('',#22043,#22083,#22134,.T.);
#22134 = LINE('',#22135,#22136);
#22135 = CARTESIAN_POINT('',(3.172E+03,1.195E+03,978.));
#22136 = VECTOR('',#22137,1.);
#22137 = DIRECTION('',(1.,0.,0.));
#22138 = ORIENTED_EDGE('',*,*,#22082,.F.);
#22139 = PLANE('',#22140);
#22140 = AXIS2_PLACEMENT_3D('',#22141,#22142,#22143);
#22141 = CARTESIAN_POINT('',(3.172E+03,1.195E+03,960.));
#22142 = DIRECTION('',(0.,1.,0.));
#22143 = DIRECTION('',(0.,0.,1.));
#22144 = ADVANCED_FACE('',(#22145),#22151,.F.);
#22145 = FACE_BOUND('',#22146,.F.);
#22146 = EDGE_LOOP('',(#22147,#22148,#22149,#22150));
#22147 = ORIENTED_EDGE('',*,*,#22034,.F.);
#22148 = ORIENTED_EDGE('',*,*,#22104,.T.);
#22149 = ORIENTED_EDGE('',*,*,#22074,.T.);
#22150 = ORIENTED_EDGE('',*,*,#22126,.F.);
#22151 = PLANE('',#22152);
#22152 = AXIS2_PLACEMENT_3D('',#22153,#22154,#22155);
#22153 = CARTESIAN_POINT('',(3.172E+03,435.,960.));
#22154 = DIRECTION('',(0.,0.,1.));
#22155 = DIRECTION('',(1.,0.,0.));
#22156 = ADVANCED_FACE('',(#22157),#22163,.T.);
#22157 = FACE_BOUND('',#22158,.T.);
#22158 = EDGE_LOOP('',(#22159,#22160,#22161,#22162));
#22159 = ORIENTED_EDGE('',*,*,#22050,.F.);
#22160 = ORIENTED_EDGE('',*,*,#22111,.T.);
#22161 = ORIENTED_EDGE('',*,*,#22090,.T.);
#22162 = ORIENTED_EDGE('',*,*,#22133,.F.);
#22163 = PLANE('',#22164);
#22164 = AXIS2_PLACEMENT_3D('',#22165,#22166,#22167);
#22165 = CARTESIAN_POINT('',(3.172E+03,435.,978.));
#22166 = DIRECTION('',(0.,0.,1.));
#22167 = DIRECTION('',(1.,0.,0.));
#22168 = MANIFOLD_SOLID_BREP('',#22169);
#22169 = CLOSED_SHELL('',(#22170,#22210,#22250,#22272,#22294,#22306));
#22170 = ADVANCED_FACE('',(#22171),#22205,.F.);
#22171 = FACE_BOUND('',#22172,.F.);
#22172 = EDGE_LOOP('',(#22173,#22183,#22191,#22199));
#22173 = ORIENTED_EDGE('',*,*,#22174,.F.);
#22174 = EDGE_CURVE('',#22175,#22177,#22179,.T.);
#22175 = VERTEX_POINT('',#22176);
#22176 = CARTESIAN_POINT('',(3.172E+03,435.,900.));
#22177 = VERTEX_POINT('',#22178);
#22178 = CARTESIAN_POINT('',(3.172E+03,435.,960.));
#22179 = LINE('',#22180,#22181);
#22180 = CARTESIAN_POINT('',(3.172E+03,435.,900.));
#22181 = VECTOR('',#22182,1.);
#22182 = DIRECTION('',(0.,0.,1.));
#22183 = ORIENTED_EDGE('',*,*,#22184,.T.);
#22184 = EDGE_CURVE('',#22175,#22185,#22187,.T.);
#22185 = VERTEX_POINT('',#22186);
#22186 = CARTESIAN_POINT('',(3.172E+03,453.,900.));
#22187 = LINE('',#22188,#22189);
#22188 = CARTESIAN_POINT('',(3.172E+03,435.,900.));
#22189 = VECTOR('',#22190,1.);
#22190 = DIRECTION('',(0.,1.,0.));
#22191 = ORIENTED_EDGE('',*,*,#22192,.T.);
#22192 = EDGE_CURVE('',#22185,#22193,#22195,.T.);
#22193 = VERTEX_POINT('',#22194);
#22194 = CARTESIAN_POINT('',(3.172E+03,453.,960.));
#22195 = LINE('',#22196,#22197);
#22196 = CARTESIAN_POINT('',(3.172E+03,453.,900.));
#22197 = VECTOR('',#22198,1.);
#22198 = DIRECTION('',(0.,0.,1.));
#22199 = ORIENTED_EDGE('',*,*,#22200,.F.);
#22200 = EDGE_CURVE('',#22177,#22193,#22201,.T.);
#22201 = LINE('',#22202,#22203);
#22202 = CARTESIAN_POINT('',(3.172E+03,435.,960.));
#22203 = VECTOR('',#22204,1.);
#22204 = DIRECTION('',(0.,1.,0.));
#22205 = PLANE('',#22206);
#22206 = AXIS2_PLACEMENT_3D('',#22207,#22208,#22209);
#22207 = CARTESIAN_POINT('',(3.172E+03,435.,900.));
#22208 = DIRECTION('',(1.,0.,0.));
#22209 = DIRECTION('',(0.,0.,1.));
#22210 = ADVANCED_FACE('',(#22211),#22245,.T.);
#22211 = FACE_BOUND('',#22212,.T.);
#22212 = EDGE_LOOP('',(#22213,#22223,#22231,#22239));
#22213 = ORIENTED_EDGE('',*,*,#22214,.F.);
#22214 = EDGE_CURVE('',#22215,#22217,#22219,.T.);
#22215 = VERTEX_POINT('',#22216);
#22216 = CARTESIAN_POINT('',(3.802E+03,435.,900.));
#22217 = VERTEX_POINT('',#22218);
#22218 = CARTESIAN_POINT('',(3.802E+03,435.,960.));
#22219 = LINE('',#22220,#22221);
#22220 = CARTESIAN_POINT('',(3.802E+03,435.,900.));
#22221 = VECTOR('',#22222,1.);
#22222 = DIRECTION('',(0.,0.,1.));
#22223 = ORIENTED_EDGE('',*,*,#22224,.T.);
#22224 = EDGE_CURVE('',#22215,#22225,#22227,.T.);
#22225 = VERTEX_POINT('',#22226);
#22226 = CARTESIAN_POINT('',(3.802E+03,453.,900.));
#22227 = LINE('',#22228,#22229);
#22228 = CARTESIAN_POINT('',(3.802E+03,435.,900.));
#22229 = VECTOR('',#22230,1.);
#22230 = DIRECTION('',(0.,1.,0.));
#22231 = ORIENTED_EDGE('',*,*,#22232,.T.);
#22232 = EDGE_CURVE('',#22225,#22233,#22235,.T.);
#22233 = VERTEX_POINT('',#22234);
#22234 = CARTESIAN_POINT('',(3.802E+03,453.,960.));
#22235 = LINE('',#22236,#22237);
#22236 = CARTESIAN_POINT('',(3.802E+03,453.,900.));
#22237 = VECTOR('',#22238,1.);
#22238 = DIRECTION('',(0.,0.,1.));
#22239 = ORIENTED_EDGE('',*,*,#22240,.F.);
#22240 = EDGE_CURVE('',#22217,#22233,#22241,.T.);
#22241 = LINE('',#22242,#22243);
#22242 = CARTESIAN_POINT('',(3.802E+03,435.,960.));
#22243 = VECTOR('',#22244,1.);
#22244 = DIRECTION('',(0.,1.,0.));
#22245 = PLANE('',#22246);
#22246 = AXIS2_PLACEMENT_3D('',#22247,#22248,#22249);
#22247 = CARTESIAN_POINT('',(3.802E+03,435.,900.));
#22248 = DIRECTION('',(1.,0.,0.));
#22249 = DIRECTION('',(0.,0.,1.));
#22250 = ADVANCED_FACE('',(#22251),#22267,.F.);
#22251 = FACE_BOUND('',#22252,.F.);
#22252 = EDGE_LOOP('',(#22253,#22259,#22260,#22266));
#22253 = ORIENTED_EDGE('',*,*,#22254,.F.);
#22254 = EDGE_CURVE('',#22175,#22215,#22255,.T.);
#22255 = LINE('',#22256,#22257);
#22256 = CARTESIAN_POINT('',(3.172E+03,435.,900.));
#22257 = VECTOR('',#22258,1.);
#22258 = DIRECTION('',(1.,0.,0.));
#22259 = ORIENTED_EDGE('',*,*,#22174,.T.);
#22260 = ORIENTED_EDGE('',*,*,#22261,.T.);
#22261 = EDGE_CURVE('',#22177,#22217,#22262,.T.);
#22262 = LINE('',#22263,#22264);
#22263 = CARTESIAN_POINT('',(3.172E+03,435.,960.));
#22264 = VECTOR('',#22265,1.);
#22265 = DIRECTION('',(1.,0.,0.));
#22266 = ORIENTED_EDGE('',*,*,#22214,.F.);
#22267 = PLANE('',#22268);
#22268 = AXIS2_PLACEMENT_3D('',#22269,#22270,#22271);
#22269 = CARTESIAN_POINT('',(3.172E+03,435.,900.));
#22270 = DIRECTION('',(0.,1.,0.));
#22271 = DIRECTION('',(0.,0.,1.));
#22272 = ADVANCED_FACE('',(#22273),#22289,.T.);
#22273 = FACE_BOUND('',#22274,.T.);
#22274 = EDGE_LOOP('',(#22275,#22281,#22282,#22288));
#22275 = ORIENTED_EDGE('',*,*,#22276,.F.);
#22276 = EDGE_CURVE('',#22185,#22225,#22277,.T.);
#22277 = LINE('',#22278,#22279);
#22278 = CARTESIAN_POINT('',(3.172E+03,453.,900.));
#22279 = VECTOR('',#22280,1.);
#22280 = DIRECTION('',(1.,0.,0.));
#22281 = ORIENTED_EDGE('',*,*,#22192,.T.);
#22282 = ORIENTED_EDGE('',*,*,#22283,.T.);
#22283 = EDGE_CURVE('',#22193,#22233,#22284,.T.);
#22284 = LINE('',#22285,#22286);
#22285 = CARTESIAN_POINT('',(3.172E+03,453.,960.));
#22286 = VECTOR('',#22287,1.);
#22287 = DIRECTION('',(1.,0.,0.));
#22288 = ORIENTED_EDGE('',*,*,#22232,.F.);
#22289 = PLANE('',#22290);
#22290 = AXIS2_PLACEMENT_3D('',#22291,#22292,#22293);
#22291 = CARTESIAN_POINT('',(3.172E+03,453.,900.));
#22292 = DIRECTION('',(0.,1.,0.));
#22293 = DIRECTION('',(0.,0.,1.));
#22294 = ADVANCED_FACE('',(#22295),#22301,.F.);
#22295 = FACE_BOUND('',#22296,.F.);
#22296 = EDGE_LOOP('',(#22297,#22298,#22299,#22300));
#22297 = ORIENTED_EDGE('',*,*,#22184,.F.);
#22298 = ORIENTED_EDGE('',*,*,#22254,.T.);
#22299 = ORIENTED_EDGE('',*,*,#22224,.T.);
#22300 = ORIENTED_EDGE('',*,*,#22276,.F.);
#22301 = PLANE('',#22302);
#22302 = AXIS2_PLACEMENT_3D('',#22303,#22304,#22305);
#22303 = CARTESIAN_POINT('',(3.172E+03,435.,900.));
#22304 = DIRECTION('',(0.,0.,1.));
#22305 = DIRECTION('',(1.,0.,0.));
#22306 = ADVANCED_FACE('',(#22307),#22313,.T.);
#22307 = FACE_BOUND('',#22308,.T.);
#22308 = EDGE_LOOP('',(#22309,#22310,#22311,#22312));
#22309 = ORIENTED_EDGE('',*,*,#22200,.F.);
#22310 = ORIENTED_EDGE('',*,*,#22261,.T.);
#22311 = ORIENTED_EDGE('',*,*,#22240,.T.);
#22312 = ORIENTED_EDGE('',*,*,#22283,.F.);
#22313 = PLANE('',#22314);
#22314 = AXIS2_PLACEMENT_3D('',#22315,#22316,#22317);
#22315 = CARTESIAN_POINT('',(3.172E+03,435.,960.));
#22316 = DIRECTION('',(0.,0.,1.));
#22317 = DIRECTION('',(1.,0.,0.));
#22318 = MANIFOLD_SOLID_BREP('',#22319);
#22319 = CLOSED_SHELL('',(#22320,#22360,#22400,#22422,#22444,#22456));
#22320 = ADVANCED_FACE('',(#22321),#22355,.F.);
#22321 = FACE_BOUND('',#22322,.F.);
#22322 = EDGE_LOOP('',(#22323,#22333,#22341,#22349));
#22323 = ORIENTED_EDGE('',*,*,#22324,.F.);
#22324 = EDGE_CURVE('',#22325,#22327,#22329,.T.);
#22325 = VERTEX_POINT('',#22326);
#22326 = CARTESIAN_POINT('',(2.93E+03,435.,1.809E+03));
#22327 = VERTEX_POINT('',#22328);
#22328 = CARTESIAN_POINT('',(2.93E+03,435.,1.827E+03));
#22329 = LINE('',#22330,#22331);
#22330 = CARTESIAN_POINT('',(2.93E+03,435.,1.809E+03));
#22331 = VECTOR('',#22332,1.);
#22332 = DIRECTION('',(0.,0.,1.));
#22333 = ORIENTED_EDGE('',*,*,#22334,.T.);
#22334 = EDGE_CURVE('',#22325,#22335,#22337,.T.);
#22335 = VERTEX_POINT('',#22336);
#22336 = CARTESIAN_POINT('',(2.93E+03,1.195E+03,1.809E+03));
#22337 = LINE('',#22338,#22339);
#22338 = CARTESIAN_POINT('',(2.93E+03,435.,1.809E+03));
#22339 = VECTOR('',#22340,1.);
#22340 = DIRECTION('',(0.,1.,0.));
#22341 = ORIENTED_EDGE('',*,*,#22342,.T.);
#22342 = EDGE_CURVE('',#22335,#22343,#22345,.T.);
#22343 = VERTEX_POINT('',#22344);
#22344 = CARTESIAN_POINT('',(2.93E+03,1.195E+03,1.827E+03));
#22345 = LINE('',#22346,#22347);
#22346 = CARTESIAN_POINT('',(2.93E+03,1.195E+03,1.809E+03));
#22347 = VECTOR('',#22348,1.);
#22348 = DIRECTION('',(0.,0.,1.));
#22349 = ORIENTED_EDGE('',*,*,#22350,.F.);
#22350 = EDGE_CURVE('',#22327,#22343,#22351,.T.);
#22351 = LINE('',#22352,#22353);
#22352 = CARTESIAN_POINT('',(2.93E+03,435.,1.827E+03));
#22353 = VECTOR('',#22354,1.);
#22354 = DIRECTION('',(0.,1.,0.));
#22355 = PLANE('',#22356);
#22356 = AXIS2_PLACEMENT_3D('',#22357,#22358,#22359);
#22357 = CARTESIAN_POINT('',(2.93E+03,435.,1.809E+03));
#22358 = DIRECTION('',(1.,0.,0.));
#22359 = DIRECTION('',(0.,0.,1.));
#22360 = ADVANCED_FACE('',(#22361),#22395,.T.);
#22361 = FACE_BOUND('',#22362,.T.);
#22362 = EDGE_LOOP('',(#22363,#22373,#22381,#22389));
#22363 = ORIENTED_EDGE('',*,*,#22364,.F.);
#22364 = EDGE_CURVE('',#22365,#22367,#22369,.T.);
#22365 = VERTEX_POINT('',#22366);
#22366 = CARTESIAN_POINT('',(3.82E+03,435.,1.809E+03));
#22367 = VERTEX_POINT('',#22368);
#22368 = CARTESIAN_POINT('',(3.82E+03,435.,1.827E+03));
#22369 = LINE('',#22370,#22371);
#22370 = CARTESIAN_POINT('',(3.82E+03,435.,1.809E+03));
#22371 = VECTOR('',#22372,1.);
#22372 = DIRECTION('',(0.,0.,1.));
#22373 = ORIENTED_EDGE('',*,*,#22374,.T.);
#22374 = EDGE_CURVE('',#22365,#22375,#22377,.T.);
#22375 = VERTEX_POINT('',#22376);
#22376 = CARTESIAN_POINT('',(3.82E+03,1.195E+03,1.809E+03));
#22377 = LINE('',#22378,#22379);
#22378 = CARTESIAN_POINT('',(3.82E+03,435.,1.809E+03));
#22379 = VECTOR('',#22380,1.);
#22380 = DIRECTION('',(0.,1.,0.));
#22381 = ORIENTED_EDGE('',*,*,#22382,.T.);
#22382 = EDGE_CURVE('',#22375,#22383,#22385,.T.);
#22383 = VERTEX_POINT('',#22384);
#22384 = CARTESIAN_POINT('',(3.82E+03,1.195E+03,1.827E+03));
#22385 = LINE('',#22386,#22387);
#22386 = CARTESIAN_POINT('',(3.82E+03,1.195E+03,1.809E+03));
#22387 = VECTOR('',#22388,1.);
#22388 = DIRECTION('',(0.,0.,1.));
#22389 = ORIENTED_EDGE('',*,*,#22390,.F.);
#22390 = EDGE_CURVE('',#22367,#22383,#22391,.T.);
#22391 = LINE('',#22392,#22393);
#22392 = CARTESIAN_POINT('',(3.82E+03,435.,1.827E+03));
#22393 = VECTOR('',#22394,1.);
#22394 = DIRECTION('',(0.,1.,0.));
#22395 = PLANE('',#22396);
#22396 = AXIS2_PLACEMENT_3D('',#22397,#22398,#22399);
#22397 = CARTESIAN_POINT('',(3.82E+03,435.,1.809E+03));
#22398 = DIRECTION('',(1.,0.,0.));
#22399 = DIRECTION('',(0.,0.,1.));
#22400 = ADVANCED_FACE('',(#22401),#22417,.F.);
#22401 = FACE_BOUND('',#22402,.F.);
#22402 = EDGE_LOOP('',(#22403,#22409,#22410,#22416));
#22403 = ORIENTED_EDGE('',*,*,#22404,.F.);
#22404 = EDGE_CURVE('',#22325,#22365,#22405,.T.);
#22405 = LINE('',#22406,#22407);
#22406 = CARTESIAN_POINT('',(2.93E+03,435.,1.809E+03));
#22407 = VECTOR('',#22408,1.);
#22408 = DIRECTION('',(1.,0.,0.));
#22409 = ORIENTED_EDGE('',*,*,#22324,.T.);
#22410 = ORIENTED_EDGE('',*,*,#22411,.T.);
#22411 = EDGE_CURVE('',#22327,#22367,#22412,.T.);
#22412 = LINE('',#22413,#22414);
#22413 = CARTESIAN_POINT('',(2.93E+03,435.,1.827E+03));
#22414 = VECTOR('',#22415,1.);
#22415 = DIRECTION('',(1.,0.,0.));
#22416 = ORIENTED_EDGE('',*,*,#22364,.F.);
#22417 = PLANE('',#22418);
#22418 = AXIS2_PLACEMENT_3D('',#22419,#22420,#22421);
#22419 = CARTESIAN_POINT('',(2.93E+03,435.,1.809E+03));
#22420 = DIRECTION('',(0.,1.,0.));
#22421 = DIRECTION('',(0.,0.,1.));
#22422 = ADVANCED_FACE('',(#22423),#22439,.T.);
#22423 = FACE_BOUND('',#22424,.T.);
#22424 = EDGE_LOOP('',(#22425,#22431,#22432,#22438));
#22425 = ORIENTED_EDGE('',*,*,#22426,.F.);
#22426 = EDGE_CURVE('',#22335,#22375,#22427,.T.);
#22427 = LINE('',#22428,#22429);
#22428 = CARTESIAN_POINT('',(2.93E+03,1.195E+03,1.809E+03));
#22429 = VECTOR('',#22430,1.);
#22430 = DIRECTION('',(1.,0.,0.));
#22431 = ORIENTED_EDGE('',*,*,#22342,.T.);
#22432 = ORIENTED_EDGE('',*,*,#22433,.T.);
#22433 = EDGE_CURVE('',#22343,#22383,#22434,.T.);
#22434 = LINE('',#22435,#22436);
#22435 = CARTESIAN_POINT('',(2.93E+03,1.195E+03,1.827E+03));
#22436 = VECTOR('',#22437,1.);
#22437 = DIRECTION('',(1.,0.,0.));
#22438 = ORIENTED_EDGE('',*,*,#22382,.F.);
#22439 = PLANE('',#22440);
#22440 = AXIS2_PLACEMENT_3D('',#22441,#22442,#22443);
#22441 = CARTESIAN_POINT('',(2.93E+03,1.195E+03,1.809E+03));
#22442 = DIRECTION('',(0.,1.,0.));
#22443 = DIRECTION('',(0.,0.,1.));
#22444 = ADVANCED_FACE('',(#22445),#22451,.F.);
#22445 = FACE_BOUND('',#22446,.F.);
#22446 = EDGE_LOOP('',(#22447,#22448,#22449,#22450));
#22447 = ORIENTED_EDGE('',*,*,#22334,.F.);
#22448 = ORIENTED_EDGE('',*,*,#22404,.T.);
#22449 = ORIENTED_EDGE('',*,*,#22374,.T.);
#22450 = ORIENTED_EDGE('',*,*,#22426,.F.);
#22451 = PLANE('',#22452);
#22452 = AXIS2_PLACEMENT_3D('',#22453,#22454,#22455);
#22453 = CARTESIAN_POINT('',(2.93E+03,435.,1.809E+03));
#22454 = DIRECTION('',(0.,0.,1.));
#22455 = DIRECTION('',(1.,0.,0.));
#22456 = ADVANCED_FACE('',(#22457),#22463,.T.);
#22457 = FACE_BOUND('',#22458,.T.);
#22458 = EDGE_LOOP('',(#22459,#22460,#22461,#22462));
#22459 = ORIENTED_EDGE('',*,*,#22350,.F.);
#22460 = ORIENTED_EDGE('',*,*,#22411,.T.);
#22461 = ORIENTED_EDGE('',*,*,#22390,.T.);
#22462 = ORIENTED_EDGE('',*,*,#22433,.F.);
#22463 = PLANE('',#22464);
#22464 = AXIS2_PLACEMENT_3D('',#22465,#22466,#22467);
#22465 = CARTESIAN_POINT('',(2.93E+03,435.,1.827E+03));
#22466 = DIRECTION('',(0.,0.,1.));
#22467 = DIRECTION('',(1.,0.,0.));
#22468 = MANIFOLD_SOLID_BREP('',#22469);
#22469 = CLOSED_SHELL('',(#22470,#22510,#22550,#22572,#22594,#22606));
#22470 = ADVANCED_FACE('',(#22471),#22505,.F.);
#22471 = FACE_BOUND('',#22472,.F.);
#22472 = EDGE_LOOP('',(#22473,#22483,#22491,#22499));
#22473 = ORIENTED_EDGE('',*,*,#22474,.F.);
#22474 = EDGE_CURVE('',#22475,#22477,#22479,.T.);
#22475 = VERTEX_POINT('',#22476);
#22476 = CARTESIAN_POINT('',(2.939E+03,417.,89.));
#22477 = VERTEX_POINT('',#22478);
#22478 = CARTESIAN_POINT('',(2.939E+03,417.,1.818E+03));
#22479 = LINE('',#22480,#22481);
#22480 = CARTESIAN_POINT('',(2.939E+03,417.,89.));
#22481 = VECTOR('',#22482,1.);
#22482 = DIRECTION('',(0.,0.,1.));
#22483 = ORIENTED_EDGE('',*,*,#22484,.T.);
#22484 = EDGE_CURVE('',#22475,#22485,#22487,.T.);
#22485 = VERTEX_POINT('',#22486);
#22486 = CARTESIAN_POINT('',(2.939E+03,435.,89.));
#22487 = LINE('',#22488,#22489);
#22488 = CARTESIAN_POINT('',(2.939E+03,417.,89.));
#22489 = VECTOR('',#22490,1.);
#22490 = DIRECTION('',(0.,1.,0.));
#22491 = ORIENTED_EDGE('',*,*,#22492,.T.);
#22492 = EDGE_CURVE('',#22485,#22493,#22495,.T.);
#22493 = VERTEX_POINT('',#22494);
#22494 = CARTESIAN_POINT('',(2.939E+03,435.,1.818E+03));
#22495 = LINE('',#22496,#22497);
#22496 = CARTESIAN_POINT('',(2.939E+03,435.,89.));
#22497 = VECTOR('',#22498,1.);
#22498 = DIRECTION('',(0.,0.,1.));
#22499 = ORIENTED_EDGE('',*,*,#22500,.F.);
#22500 = EDGE_CURVE('',#22477,#22493,#22501,.T.);
#22501 = LINE('',#22502,#22503);
#22502 = CARTESIAN_POINT('',(2.939E+03,417.,1.818E+03));
#22503 = VECTOR('',#22504,1.);
#22504 = DIRECTION('',(0.,1.,0.));
#22505 = PLANE('',#22506);
#22506 = AXIS2_PLACEMENT_3D('',#22507,#22508,#22509);
#22507 = CARTESIAN_POINT('',(2.939E+03,417.,89.));
#22508 = DIRECTION('',(1.,0.,0.));
#22509 = DIRECTION('',(0.,0.,1.));
#22510 = ADVANCED_FACE('',(#22511),#22545,.T.);
#22511 = FACE_BOUND('',#22512,.T.);
#22512 = EDGE_LOOP('',(#22513,#22523,#22531,#22539));
#22513 = ORIENTED_EDGE('',*,*,#22514,.F.);
#22514 = EDGE_CURVE('',#22515,#22517,#22519,.T.);
#22515 = VERTEX_POINT('',#22516);
#22516 = CARTESIAN_POINT('',(3.374E+03,417.,89.));
#22517 = VERTEX_POINT('',#22518);
#22518 = CARTESIAN_POINT('',(3.374E+03,417.,1.818E+03));
#22519 = LINE('',#22520,#22521);
#22520 = CARTESIAN_POINT('',(3.374E+03,417.,89.));
#22521 = VECTOR('',#22522,1.);
#22522 = DIRECTION('',(0.,0.,1.));
#22523 = ORIENTED_EDGE('',*,*,#22524,.T.);
#22524 = EDGE_CURVE('',#22515,#22525,#22527,.T.);
#22525 = VERTEX_POINT('',#22526);
#22526 = CARTESIAN_POINT('',(3.374E+03,435.,89.));
#22527 = LINE('',#22528,#22529);
#22528 = CARTESIAN_POINT('',(3.374E+03,417.,89.));
#22529 = VECTOR('',#22530,1.);
#22530 = DIRECTION('',(0.,1.,0.));
#22531 = ORIENTED_EDGE('',*,*,#22532,.T.);
#22532 = EDGE_CURVE('',#22525,#22533,#22535,.T.);
#22533 = VERTEX_POINT('',#22534);
#22534 = CARTESIAN_POINT('',(3.374E+03,435.,1.818E+03));
#22535 = LINE('',#22536,#22537);
#22536 = CARTESIAN_POINT('',(3.374E+03,435.,89.));
#22537 = VECTOR('',#22538,1.);
#22538 = DIRECTION('',(0.,0.,1.));
#22539 = ORIENTED_EDGE('',*,*,#22540,.F.);
#22540 = EDGE_CURVE('',#22517,#22533,#22541,.T.);
#22541 = LINE('',#22542,#22543);
#22542 = CARTESIAN_POINT('',(3.374E+03,417.,1.818E+03));
#22543 = VECTOR('',#22544,1.);
#22544 = DIRECTION('',(0.,1.,0.));
#22545 = PLANE('',#22546);
#22546 = AXIS2_PLACEMENT_3D('',#22547,#22548,#22549);
#22547 = CARTESIAN_POINT('',(3.374E+03,417.,89.));
#22548 = DIRECTION('',(1.,0.,0.));
#22549 = DIRECTION('',(0.,0.,1.));
#22550 = ADVANCED_FACE('',(#22551),#22567,.F.);
#22551 = FACE_BOUND('',#22552,.F.);
#22552 = EDGE_LOOP('',(#22553,#22559,#22560,#22566));
#22553 = ORIENTED_EDGE('',*,*,#22554,.F.);
#22554 = EDGE_CURVE('',#22475,#22515,#22555,.T.);
#22555 = LINE('',#22556,#22557);
#22556 = CARTESIAN_POINT('',(2.939E+03,417.,89.));
#22557 = VECTOR('',#22558,1.);
#22558 = DIRECTION('',(1.,0.,0.));
#22559 = ORIENTED_EDGE('',*,*,#22474,.T.);
#22560 = ORIENTED_EDGE('',*,*,#22561,.T.);
#22561 = EDGE_CURVE('',#22477,#22517,#22562,.T.);
#22562 = LINE('',#22563,#22564);
#22563 = CARTESIAN_POINT('',(2.939E+03,417.,1.818E+03));
#22564 = VECTOR('',#22565,1.);
#22565 = DIRECTION('',(1.,0.,0.));
#22566 = ORIENTED_EDGE('',*,*,#22514,.F.);
#22567 = PLANE('',#22568);
#22568 = AXIS2_PLACEMENT_3D('',#22569,#22570,#22571);
#22569 = CARTESIAN_POINT('',(2.939E+03,417.,89.));
#22570 = DIRECTION('',(0.,1.,0.));
#22571 = DIRECTION('',(0.,0.,1.));
#22572 = ADVANCED_FACE('',(#22573),#22589,.T.);
#22573 = FACE_BOUND('',#22574,.T.);
#22574 = EDGE_LOOP('',(#22575,#22581,#22582,#22588));
#22575 = ORIENTED_EDGE('',*,*,#22576,.F.);
#22576 = EDGE_CURVE('',#22485,#22525,#22577,.T.);
#22577 = LINE('',#22578,#22579);
#22578 = CARTESIAN_POINT('',(2.939E+03,435.,89.));
#22579 = VECTOR('',#22580,1.);
#22580 = DIRECTION('',(1.,0.,0.));
#22581 = ORIENTED_EDGE('',*,*,#22492,.T.);
#22582 = ORIENTED_EDGE('',*,*,#22583,.T.);
#22583 = EDGE_CURVE('',#22493,#22533,#22584,.T.);
#22584 = LINE('',#22585,#22586);
#22585 = CARTESIAN_POINT('',(2.939E+03,435.,1.818E+03));
#22586 = VECTOR('',#22587,1.);
#22587 = DIRECTION('',(1.,0.,0.));
#22588 = ORIENTED_EDGE('',*,*,#22532,.F.);
#22589 = PLANE('',#22590);
#22590 = AXIS2_PLACEMENT_3D('',#22591,#22592,#22593);
#22591 = CARTESIAN_POINT('',(2.939E+03,435.,89.));
#22592 = DIRECTION('',(0.,1.,0.));
#22593 = DIRECTION('',(0.,0.,1.));
#22594 = ADVANCED_FACE('',(#22595),#22601,.F.);
#22595 = FACE_BOUND('',#22596,.F.);
#22596 = EDGE_LOOP('',(#22597,#22598,#22599,#22600));
#22597 = ORIENTED_EDGE('',*,*,#22484,.F.);
#22598 = ORIENTED_EDGE('',*,*,#22554,.T.);
#22599 = ORIENTED_EDGE('',*,*,#22524,.T.);
#22600 = ORIENTED_EDGE('',*,*,#22576,.F.);
#22601 = PLANE('',#22602);
#22602 = AXIS2_PLACEMENT_3D('',#22603,#22604,#22605);
#22603 = CARTESIAN_POINT('',(2.939E+03,417.,89.));
#22604 = DIRECTION('',(0.,0.,1.));
#22605 = DIRECTION('',(1.,0.,0.));
#22606 = ADVANCED_FACE('',(#22607),#22613,.T.);
#22607 = FACE_BOUND('',#22608,.T.);
#22608 = EDGE_LOOP('',(#22609,#22610,#22611,#22612));
#22609 = ORIENTED_EDGE('',*,*,#22500,.F.);
#22610 = ORIENTED_EDGE('',*,*,#22561,.T.);
#22611 = ORIENTED_EDGE('',*,*,#22540,.T.);
#22612 = ORIENTED_EDGE('',*,*,#22583,.F.);
#22613 = PLANE('',#22614);
#22614 = AXIS2_PLACEMENT_3D('',#22615,#22616,#22617);
#22615 = CARTESIAN_POINT('',(2.939E+03,417.,1.818E+03));
#22616 = DIRECTION('',(0.,0.,1.));
#22617 = DIRECTION('',(1.,0.,0.));
#22618 = MANIFOLD_SOLID_BREP('',#22619);
#22619 = CLOSED_SHELL('',(#22620,#22660,#22700,#22722,#22744,#22756));
#22620 = ADVANCED_FACE('',(#22621),#22655,.F.);
#22621 = FACE_BOUND('',#22622,.F.);
#22622 = EDGE_LOOP('',(#22623,#22633,#22641,#22649));
#22623 = ORIENTED_EDGE('',*,*,#22624,.F.);
#22624 = EDGE_CURVE('',#22625,#22627,#22629,.T.);
#22625 = VERTEX_POINT('',#22626);
#22626 = CARTESIAN_POINT('',(3.376E+03,417.,89.));
#22627 = VERTEX_POINT('',#22628);
#22628 = CARTESIAN_POINT('',(3.376E+03,417.,1.818E+03));
#22629 = LINE('',#22630,#22631);
#22630 = CARTESIAN_POINT('',(3.376E+03,417.,89.));
#22631 = VECTOR('',#22632,1.);
#22632 = DIRECTION('',(0.,0.,1.));
#22633 = ORIENTED_EDGE('',*,*,#22634,.T.);
#22634 = EDGE_CURVE('',#22625,#22635,#22637,.T.);
#22635 = VERTEX_POINT('',#22636);
#22636 = CARTESIAN_POINT('',(3.376E+03,435.,89.));
#22637 = LINE('',#22638,#22639);
#22638 = CARTESIAN_POINT('',(3.376E+03,417.,89.));
#22639 = VECTOR('',#22640,1.);
#22640 = DIRECTION('',(0.,1.,0.));
#22641 = ORIENTED_EDGE('',*,*,#22642,.T.);
#22642 = EDGE_CURVE('',#22635,#22643,#22645,.T.);
#22643 = VERTEX_POINT('',#22644);
#22644 = CARTESIAN_POINT('',(3.376E+03,435.,1.818E+03));
#22645 = LINE('',#22646,#22647);
#22646 = CARTESIAN_POINT('',(3.376E+03,435.,89.));
#22647 = VECTOR('',#22648,1.);
#22648 = DIRECTION('',(0.,0.,1.));
#22649 = ORIENTED_EDGE('',*,*,#22650,.F.);
#22650 = EDGE_CURVE('',#22627,#22643,#22651,.T.);
#22651 = LINE('',#22652,#22653);
#22652 = CARTESIAN_POINT('',(3.376E+03,417.,1.818E+03));
#22653 = VECTOR('',#22654,1.);
#22654 = DIRECTION('',(0.,1.,0.));
#22655 = PLANE('',#22656);
#22656 = AXIS2_PLACEMENT_3D('',#22657,#22658,#22659);
#22657 = CARTESIAN_POINT('',(3.376E+03,417.,89.));
#22658 = DIRECTION('',(1.,0.,0.));
#22659 = DIRECTION('',(0.,0.,1.));
#22660 = ADVANCED_FACE('',(#22661),#22695,.T.);
#22661 = FACE_BOUND('',#22662,.T.);
#22662 = EDGE_LOOP('',(#22663,#22673,#22681,#22689));
#22663 = ORIENTED_EDGE('',*,*,#22664,.F.);
#22664 = EDGE_CURVE('',#22665,#22667,#22669,.T.);
#22665 = VERTEX_POINT('',#22666);
#22666 = CARTESIAN_POINT('',(3.811E+03,417.,89.));
#22667 = VERTEX_POINT('',#22668);
#22668 = CARTESIAN_POINT('',(3.811E+03,417.,1.818E+03));
#22669 = LINE('',#22670,#22671);
#22670 = CARTESIAN_POINT('',(3.811E+03,417.,89.));
#22671 = VECTOR('',#22672,1.);
#22672 = DIRECTION('',(0.,0.,1.));
#22673 = ORIENTED_EDGE('',*,*,#22674,.T.);
#22674 = EDGE_CURVE('',#22665,#22675,#22677,.T.);
#22675 = VERTEX_POINT('',#22676);
#22676 = CARTESIAN_POINT('',(3.811E+03,435.,89.));
#22677 = LINE('',#22678,#22679);
#22678 = CARTESIAN_POINT('',(3.811E+03,417.,89.));
#22679 = VECTOR('',#22680,1.);
#22680 = DIRECTION('',(0.,1.,0.));
#22681 = ORIENTED_EDGE('',*,*,#22682,.T.);
#22682 = EDGE_CURVE('',#22675,#22683,#22685,.T.);
#22683 = VERTEX_POINT('',#22684);
#22684 = CARTESIAN_POINT('',(3.811E+03,435.,1.818E+03));
#22685 = LINE('',#22686,#22687);
#22686 = CARTESIAN_POINT('',(3.811E+03,435.,89.));
#22687 = VECTOR('',#22688,1.);
#22688 = DIRECTION('',(0.,0.,1.));
#22689 = ORIENTED_EDGE('',*,*,#22690,.F.);
#22690 = EDGE_CURVE('',#22667,#22683,#22691,.T.);
#22691 = LINE('',#22692,#22693);
#22692 = CARTESIAN_POINT('',(3.811E+03,417.,1.818E+03));
#22693 = VECTOR('',#22694,1.);
#22694 = DIRECTION('',(0.,1.,0.));
#22695 = PLANE('',#22696);
#22696 = AXIS2_PLACEMENT_3D('',#22697,#22698,#22699);
#22697 = CARTESIAN_POINT('',(3.811E+03,417.,89.));
#22698 = DIRECTION('',(1.,0.,0.));
#22699 = DIRECTION('',(0.,0.,1.));
#22700 = ADVANCED_FACE('',(#22701),#22717,.F.);
#22701 = FACE_BOUND('',#22702,.F.);
#22702 = EDGE_LOOP('',(#22703,#22709,#22710,#22716));
#22703 = ORIENTED_EDGE('',*,*,#22704,.F.);
#22704 = EDGE_CURVE('',#22625,#22665,#22705,.T.);
#22705 = LINE('',#22706,#22707);
#22706 = CARTESIAN_POINT('',(3.376E+03,417.,89.));
#22707 = VECTOR('',#22708,1.);
#22708 = DIRECTION('',(1.,0.,0.));
#22709 = ORIENTED_EDGE('',*,*,#22624,.T.);
#22710 = ORIENTED_EDGE('',*,*,#22711,.T.);
#22711 = EDGE_CURVE('',#22627,#22667,#22712,.T.);
#22712 = LINE('',#22713,#22714);
#22713 = CARTESIAN_POINT('',(3.376E+03,417.,1.818E+03));
#22714 = VECTOR('',#22715,1.);
#22715 = DIRECTION('',(1.,0.,0.));
#22716 = ORIENTED_EDGE('',*,*,#22664,.F.);
#22717 = PLANE('',#22718);
#22718 = AXIS2_PLACEMENT_3D('',#22719,#22720,#22721);
#22719 = CARTESIAN_POINT('',(3.376E+03,417.,89.));
#22720 = DIRECTION('',(0.,1.,0.));
#22721 = DIRECTION('',(0.,0.,1.));
#22722 = ADVANCED_FACE('',(#22723),#22739,.T.);
#22723 = FACE_BOUND('',#22724,.T.);
#22724 = EDGE_LOOP('',(#22725,#22731,#22732,#22738));
#22725 = ORIENTED_EDGE('',*,*,#22726,.F.);
#22726 = EDGE_CURVE('',#22635,#22675,#22727,.T.);
#22727 = LINE('',#22728,#22729);
#22728 = CARTESIAN_POINT('',(3.376E+03,435.,89.));
#22729 = VECTOR('',#22730,1.);
#22730 = DIRECTION('',(1.,0.,0.));
#22731 = ORIENTED_EDGE('',*,*,#22642,.T.);
#22732 = ORIENTED_EDGE('',*,*,#22733,.T.);
#22733 = EDGE_CURVE('',#22643,#22683,#22734,.T.);
#22734 = LINE('',#22735,#22736);
#22735 = CARTESIAN_POINT('',(3.376E+03,435.,1.818E+03));
#22736 = VECTOR('',#22737,1.);
#22737 = DIRECTION('',(1.,0.,0.));
#22738 = ORIENTED_EDGE('',*,*,#22682,.F.);
#22739 = PLANE('',#22740);
#22740 = AXIS2_PLACEMENT_3D('',#22741,#22742,#22743);
#22741 = CARTESIAN_POINT('',(3.376E+03,435.,89.));
#22742 = DIRECTION('',(0.,1.,0.));
#22743 = DIRECTION('',(0.,0.,1.));
#22744 = ADVANCED_FACE('',(#22745),#22751,.F.);
#22745 = FACE_BOUND('',#22746,.F.);
#22746 = EDGE_LOOP('',(#22747,#22748,#22749,#22750));
#22747 = ORIENTED_EDGE('',*,*,#22634,.F.);
#22748 = ORIENTED_EDGE('',*,*,#22704,.T.);
#22749 = ORIENTED_EDGE('',*,*,#22674,.T.);
#22750 = ORIENTED_EDGE('',*,*,#22726,.F.);
#22751 = PLANE('',#22752);
#22752 = AXIS2_PLACEMENT_3D('',#22753,#22754,#22755);
#22753 = CARTESIAN_POINT('',(3.376E+03,417.,89.));
#22754 = DIRECTION('',(0.,0.,1.));
#22755 = DIRECTION('',(1.,0.,0.));
#22756 = ADVANCED_FACE('',(#22757),#22763,.T.);
#22757 = FACE_BOUND('',#22758,.T.);
#22758 = EDGE_LOOP('',(#22759,#22760,#22761,#22762));
#22759 = ORIENTED_EDGE('',*,*,#22650,.F.);
#22760 = ORIENTED_EDGE('',*,*,#22711,.T.);
#22761 = ORIENTED_EDGE('',*,*,#22690,.T.);
#22762 = ORIENTED_EDGE('',*,*,#22733,.F.);
#22763 = PLANE('',#22764);
#22764 = AXIS2_PLACEMENT_3D('',#22765,#22766,#22767);
#22765 = CARTESIAN_POINT('',(3.376E+03,417.,1.818E+03));
#22766 = DIRECTION('',(0.,0.,1.));
#22767 = DIRECTION('',(1.,0.,0.));
#22768 = MANIFOLD_SOLID_BREP('',#22769);
#22769 = CLOSED_SHELL('',(#22770,#22810,#22850,#22872,#22894,#22906));
#22770 = ADVANCED_FACE('',(#22771),#22805,.F.);
#22771 = FACE_BOUND('',#22772,.F.);
#22772 = EDGE_LOOP('',(#22773,#22783,#22791,#22799));
#22773 = ORIENTED_EDGE('',*,*,#22774,.F.);
#22774 = EDGE_CURVE('',#22775,#22777,#22779,.T.);
#22775 = VERTEX_POINT('',#22776);
#22776 = CARTESIAN_POINT('',(2.939E+03,417.,1.818E+03));
#22777 = VERTEX_POINT('',#22778);
#22778 = CARTESIAN_POINT('',(2.939E+03,417.,2.291E+03));
#22779 = LINE('',#22780,#22781);
#22780 = CARTESIAN_POINT('',(2.939E+03,417.,1.818E+03));
#22781 = VECTOR('',#22782,1.);
#22782 = DIRECTION('',(0.,0.,1.));
#22783 = ORIENTED_EDGE('',*,*,#22784,.T.);
#22784 = EDGE_CURVE('',#22775,#22785,#22787,.T.);
#22785 = VERTEX_POINT('',#22786);
#22786 = CARTESIAN_POINT('',(2.939E+03,435.,1.818E+03));
#22787 = LINE('',#22788,#22789);
#22788 = CARTESIAN_POINT('',(2.939E+03,417.,1.818E+03));
#22789 = VECTOR('',#22790,1.);
#22790 = DIRECTION('',(0.,1.,0.));
#22791 = ORIENTED_EDGE('',*,*,#22792,.T.);
#22792 = EDGE_CURVE('',#22785,#22793,#22795,.T.);
#22793 = VERTEX_POINT('',#22794);
#22794 = CARTESIAN_POINT('',(2.939E+03,435.,2.291E+03));
#22795 = LINE('',#22796,#22797);
#22796 = CARTESIAN_POINT('',(2.939E+03,435.,1.818E+03));
#22797 = VECTOR('',#22798,1.);
#22798 = DIRECTION('',(0.,0.,1.));
#22799 = ORIENTED_EDGE('',*,*,#22800,.F.);
#22800 = EDGE_CURVE('',#22777,#22793,#22801,.T.);
#22801 = LINE('',#22802,#22803);
#22802 = CARTESIAN_POINT('',(2.939E+03,417.,2.291E+03));
#22803 = VECTOR('',#22804,1.);
#22804 = DIRECTION('',(0.,1.,0.));
#22805 = PLANE('',#22806);
#22806 = AXIS2_PLACEMENT_3D('',#22807,#22808,#22809);
#22807 = CARTESIAN_POINT('',(2.939E+03,417.,1.818E+03));
#22808 = DIRECTION('',(1.,0.,0.));
#22809 = DIRECTION('',(0.,0.,1.));
#22810 = ADVANCED_FACE('',(#22811),#22845,.T.);
#22811 = FACE_BOUND('',#22812,.T.);
#22812 = EDGE_LOOP('',(#22813,#22823,#22831,#22839));
#22813 = ORIENTED_EDGE('',*,*,#22814,.F.);
#22814 = EDGE_CURVE('',#22815,#22817,#22819,.T.);
#22815 = VERTEX_POINT('',#22816);
#22816 = CARTESIAN_POINT('',(3.374E+03,417.,1.818E+03));
#22817 = VERTEX_POINT('',#22818);
#22818 = CARTESIAN_POINT('',(3.374E+03,417.,2.291E+03));
#22819 = LINE('',#22820,#22821);
#22820 = CARTESIAN_POINT('',(3.374E+03,417.,1.818E+03));
#22821 = VECTOR('',#22822,1.);
#22822 = DIRECTION('',(0.,0.,1.));
#22823 = ORIENTED_EDGE('',*,*,#22824,.T.);
#22824 = EDGE_CURVE('',#22815,#22825,#22827,.T.);
#22825 = VERTEX_POINT('',#22826);
#22826 = CARTESIAN_POINT('',(3.374E+03,435.,1.818E+03));
#22827 = LINE('',#22828,#22829);
#22828 = CARTESIAN_POINT('',(3.374E+03,417.,1.818E+03));
#22829 = VECTOR('',#22830,1.);
#22830 = DIRECTION('',(0.,1.,0.));
#22831 = ORIENTED_EDGE('',*,*,#22832,.T.);
#22832 = EDGE_CURVE('',#22825,#22833,#22835,.T.);
#22833 = VERTEX_POINT('',#22834);
#22834 = CARTESIAN_POINT('',(3.374E+03,435.,2.291E+03));
#22835 = LINE('',#22836,#22837);
#22836 = CARTESIAN_POINT('',(3.374E+03,435.,1.818E+03));
#22837 = VECTOR('',#22838,1.);
#22838 = DIRECTION('',(0.,0.,1.));
#22839 = ORIENTED_EDGE('',*,*,#22840,.F.);
#22840 = EDGE_CURVE('',#22817,#22833,#22841,.T.);
#22841 = LINE('',#22842,#22843);
#22842 = CARTESIAN_POINT('',(3.374E+03,417.,2.291E+03));
#22843 = VECTOR('',#22844,1.);
#22844 = DIRECTION('',(0.,1.,0.));
#22845 = PLANE('',#22846);
#22846 = AXIS2_PLACEMENT_3D('',#22847,#22848,#22849);
#22847 = CARTESIAN_POINT('',(3.374E+03,417.,1.818E+03));
#22848 = DIRECTION('',(1.,0.,0.));
#22849 = DIRECTION('',(0.,0.,1.));
#22850 = ADVANCED_FACE('',(#22851),#22867,.F.);
#22851 = FACE_BOUND('',#22852,.F.);
#22852 = EDGE_LOOP('',(#22853,#22859,#22860,#22866));
#22853 = ORIENTED_EDGE('',*,*,#22854,.F.);
#22854 = EDGE_CURVE('',#22775,#22815,#22855,.T.);
#22855 = LINE('',#22856,#22857);
#22856 = CARTESIAN_POINT('',(2.939E+03,417.,1.818E+03));
#22857 = VECTOR('',#22858,1.);
#22858 = DIRECTION('',(1.,0.,0.));
#22859 = ORIENTED_EDGE('',*,*,#22774,.T.);
#22860 = ORIENTED_EDGE('',*,*,#22861,.T.);
#22861 = EDGE_CURVE('',#22777,#22817,#22862,.T.);
#22862 = LINE('',#22863,#22864);
#22863 = CARTESIAN_POINT('',(2.939E+03,417.,2.291E+03));
#22864 = VECTOR('',#22865,1.);
#22865 = DIRECTION('',(1.,0.,0.));
#22866 = ORIENTED_EDGE('',*,*,#22814,.F.);
#22867 = PLANE('',#22868);
#22868 = AXIS2_PLACEMENT_3D('',#22869,#22870,#22871);
#22869 = CARTESIAN_POINT('',(2.939E+03,417.,1.818E+03));
#22870 = DIRECTION('',(0.,1.,0.));
#22871 = DIRECTION('',(0.,0.,1.));
#22872 = ADVANCED_FACE('',(#22873),#22889,.T.);
#22873 = FACE_BOUND('',#22874,.T.);
#22874 = EDGE_LOOP('',(#22875,#22881,#22882,#22888));
#22875 = ORIENTED_EDGE('',*,*,#22876,.F.);
#22876 = EDGE_CURVE('',#22785,#22825,#22877,.T.);
#22877 = LINE('',#22878,#22879);
#22878 = CARTESIAN_POINT('',(2.939E+03,435.,1.818E+03));
#22879 = VECTOR('',#22880,1.);
#22880 = DIRECTION('',(1.,0.,0.));
#22881 = ORIENTED_EDGE('',*,*,#22792,.T.);
#22882 = ORIENTED_EDGE('',*,*,#22883,.T.);
#22883 = EDGE_CURVE('',#22793,#22833,#22884,.T.);
#22884 = LINE('',#22885,#22886);
#22885 = CARTESIAN_POINT('',(2.939E+03,435.,2.291E+03));
#22886 = VECTOR('',#22887,1.);
#22887 = DIRECTION('',(1.,0.,0.));
#22888 = ORIENTED_EDGE('',*,*,#22832,.F.);
#22889 = PLANE('',#22890);
#22890 = AXIS2_PLACEMENT_3D('',#22891,#22892,#22893);
#22891 = CARTESIAN_POINT('',(2.939E+03,435.,1.818E+03));
#22892 = DIRECTION('',(0.,1.,0.));
#22893 = DIRECTION('',(0.,0.,1.));
#22894 = ADVANCED_FACE('',(#22895),#22901,.F.);
#22895 = FACE_BOUND('',#22896,.F.);
#22896 = EDGE_LOOP('',(#22897,#22898,#22899,#22900));
#22897 = ORIENTED_EDGE('',*,*,#22784,.F.);
#22898 = ORIENTED_EDGE('',*,*,#22854,.T.);
#22899 = ORIENTED_EDGE('',*,*,#22824,.T.);
#22900 = ORIENTED_EDGE('',*,*,#22876,.F.);
#22901 = PLANE('',#22902);
#22902 = AXIS2_PLACEMENT_3D('',#22903,#22904,#22905);
#22903 = CARTESIAN_POINT('',(2.939E+03,417.,1.818E+03));
#22904 = DIRECTION('',(0.,0.,1.));
#22905 = DIRECTION('',(1.,0.,0.));
#22906 = ADVANCED_FACE('',(#22907),#22913,.T.);
#22907 = FACE_BOUND('',#22908,.T.);
#22908 = EDGE_LOOP('',(#22909,#22910,#22911,#22912));
#22909 = ORIENTED_EDGE('',*,*,#22800,.F.);
#22910 = ORIENTED_EDGE('',*,*,#22861,.T.);
#22911 = ORIENTED_EDGE('',*,*,#22840,.T.);
#22912 = ORIENTED_EDGE('',*,*,#22883,.F.);
#22913 = PLANE('',#22914);
#22914 = AXIS2_PLACEMENT_3D('',#22915,#22916,#22917);
#22915 = CARTESIAN_POINT('',(2.939E+03,417.,2.291E+03));
#22916 = DIRECTION('',(0.,0.,1.));
#22917 = DIRECTION('',(1.,0.,0.));
#22918 = MANIFOLD_SOLID_BREP('',#22919);
#22919 = CLOSED_SHELL('',(#22920,#22960,#23000,#23022,#23044,#23056));
#22920 = ADVANCED_FACE('',(#22921),#22955,.F.);
#22921 = FACE_BOUND('',#22922,.F.);
#22922 = EDGE_LOOP('',(#22923,#22933,#22941,#22949));
#22923 = ORIENTED_EDGE('',*,*,#22924,.F.);
#22924 = EDGE_CURVE('',#22925,#22927,#22929,.T.);
#22925 = VERTEX_POINT('',#22926);
#22926 = CARTESIAN_POINT('',(3.376E+03,417.,1.818E+03));
#22927 = VERTEX_POINT('',#22928);
#22928 = CARTESIAN_POINT('',(3.376E+03,417.,2.291E+03));
#22929 = LINE('',#22930,#22931);
#22930 = CARTESIAN_POINT('',(3.376E+03,417.,1.818E+03));
#22931 = VECTOR('',#22932,1.);
#22932 = DIRECTION('',(0.,0.,1.));
#22933 = ORIENTED_EDGE('',*,*,#22934,.T.);
#22934 = EDGE_CURVE('',#22925,#22935,#22937,.T.);
#22935 = VERTEX_POINT('',#22936);
#22936 = CARTESIAN_POINT('',(3.376E+03,435.,1.818E+03));
#22937 = LINE('',#22938,#22939);
#22938 = CARTESIAN_POINT('',(3.376E+03,417.,1.818E+03));
#22939 = VECTOR('',#22940,1.);
#22940 = DIRECTION('',(0.,1.,0.));
#22941 = ORIENTED_EDGE('',*,*,#22942,.T.);
#22942 = EDGE_CURVE('',#22935,#22943,#22945,.T.);
#22943 = VERTEX_POINT('',#22944);
#22944 = CARTESIAN_POINT('',(3.376E+03,435.,2.291E+03));
#22945 = LINE('',#22946,#22947);
#22946 = CARTESIAN_POINT('',(3.376E+03,435.,1.818E+03));
#22947 = VECTOR('',#22948,1.);
#22948 = DIRECTION('',(0.,0.,1.));
#22949 = ORIENTED_EDGE('',*,*,#22950,.F.);
#22950 = EDGE_CURVE('',#22927,#22943,#22951,.T.);
#22951 = LINE('',#22952,#22953);
#22952 = CARTESIAN_POINT('',(3.376E+03,417.,2.291E+03));
#22953 = VECTOR('',#22954,1.);
#22954 = DIRECTION('',(0.,1.,0.));
#22955 = PLANE('',#22956);
#22956 = AXIS2_PLACEMENT_3D('',#22957,#22958,#22959);
#22957 = CARTESIAN_POINT('',(3.376E+03,417.,1.818E+03));
#22958 = DIRECTION('',(1.,0.,0.));
#22959 = DIRECTION('',(0.,0.,1.));
#22960 = ADVANCED_FACE('',(#22961),#22995,.T.);
#22961 = FACE_BOUND('',#22962,.T.);
#22962 = EDGE_LOOP('',(#22963,#22973,#22981,#22989));
#22963 = ORIENTED_EDGE('',*,*,#22964,.F.);
#22964 = EDGE_CURVE('',#22965,#22967,#22969,.T.);
#22965 = VERTEX_POINT('',#22966);
#22966 = CARTESIAN_POINT('',(3.811E+03,417.,1.818E+03));
#22967 = VERTEX_POINT('',#22968);
#22968 = CARTESIAN_POINT('',(3.811E+03,417.,2.291E+03));
#22969 = LINE('',#22970,#22971);
#22970 = CARTESIAN_POINT('',(3.811E+03,417.,1.818E+03));
#22971 = VECTOR('',#22972,1.);
#22972 = DIRECTION('',(0.,0.,1.));
#22973 = ORIENTED_EDGE('',*,*,#22974,.T.);
#22974 = EDGE_CURVE('',#22965,#22975,#22977,.T.);
#22975 = VERTEX_POINT('',#22976);
#22976 = CARTESIAN_POINT('',(3.811E+03,435.,1.818E+03));
#22977 = LINE('',#22978,#22979);
#22978 = CARTESIAN_POINT('',(3.811E+03,417.,1.818E+03));
#22979 = VECTOR('',#22980,1.);
#22980 = DIRECTION('',(0.,1.,0.));
#22981 = ORIENTED_EDGE('',*,*,#22982,.T.);
#22982 = EDGE_CURVE('',#22975,#22983,#22985,.T.);
#22983 = VERTEX_POINT('',#22984);
#22984 = CARTESIAN_POINT('',(3.811E+03,435.,2.291E+03));
#22985 = LINE('',#22986,#22987);
#22986 = CARTESIAN_POINT('',(3.811E+03,435.,1.818E+03));
#22987 = VECTOR('',#22988,1.);
#22988 = DIRECTION('',(0.,0.,1.));
#22989 = ORIENTED_EDGE('',*,*,#22990,.F.);
#22990 = EDGE_CURVE('',#22967,#22983,#22991,.T.);
#22991 = LINE('',#22992,#22993);
#22992 = CARTESIAN_POINT('',(3.811E+03,417.,2.291E+03));
#22993 = VECTOR('',#22994,1.);
#22994 = DIRECTION('',(0.,1.,0.));
#22995 = PLANE('',#22996);
#22996 = AXIS2_PLACEMENT_3D('',#22997,#22998,#22999);
#22997 = CARTESIAN_POINT('',(3.811E+03,417.,1.818E+03));
#22998 = DIRECTION('',(1.,0.,0.));
#22999 = DIRECTION('',(0.,0.,1.));
#23000 = ADVANCED_FACE('',(#23001),#23017,.F.);
#23001 = FACE_BOUND('',#23002,.F.);
#23002 = EDGE_LOOP('',(#23003,#23009,#23010,#23016));
#23003 = ORIENTED_EDGE('',*,*,#23004,.F.);
#23004 = EDGE_CURVE('',#22925,#22965,#23005,.T.);
#23005 = LINE('',#23006,#23007);
#23006 = CARTESIAN_POINT('',(3.376E+03,417.,1.818E+03));
#23007 = VECTOR('',#23008,1.);
#23008 = DIRECTION('',(1.,0.,0.));
#23009 = ORIENTED_EDGE('',*,*,#22924,.T.);
#23010 = ORIENTED_EDGE('',*,*,#23011,.T.);
#23011 = EDGE_CURVE('',#22927,#22967,#23012,.T.);
#23012 = LINE('',#23013,#23014);
#23013 = CARTESIAN_POINT('',(3.376E+03,417.,2.291E+03));
#23014 = VECTOR('',#23015,1.);
#23015 = DIRECTION('',(1.,0.,0.));
#23016 = ORIENTED_EDGE('',*,*,#22964,.F.);
#23017 = PLANE('',#23018);
#23018 = AXIS2_PLACEMENT_3D('',#23019,#23020,#23021);
#23019 = CARTESIAN_POINT('',(3.376E+03,417.,1.818E+03));
#23020 = DIRECTION('',(0.,1.,0.));
#23021 = DIRECTION('',(0.,0.,1.));
#23022 = ADVANCED_FACE('',(#23023),#23039,.T.);
#23023 = FACE_BOUND('',#23024,.T.);
#23024 = EDGE_LOOP('',(#23025,#23031,#23032,#23038));
#23025 = ORIENTED_EDGE('',*,*,#23026,.F.);
#23026 = EDGE_CURVE('',#22935,#22975,#23027,.T.);
#23027 = LINE('',#23028,#23029);
#23028 = CARTESIAN_POINT('',(3.376E+03,435.,1.818E+03));
#23029 = VECTOR('',#23030,1.);
#23030 = DIRECTION('',(1.,0.,0.));
#23031 = ORIENTED_EDGE('',*,*,#22942,.T.);
#23032 = ORIENTED_EDGE('',*,*,#23033,.T.);
#23033 = EDGE_CURVE('',#22943,#22983,#23034,.T.);
#23034 = LINE('',#23035,#23036);
#23035 = CARTESIAN_POINT('',(3.376E+03,435.,2.291E+03));
#23036 = VECTOR('',#23037,1.);
#23037 = DIRECTION('',(1.,0.,0.));
#23038 = ORIENTED_EDGE('',*,*,#22982,.F.);
#23039 = PLANE('',#23040);
#23040 = AXIS2_PLACEMENT_3D('',#23041,#23042,#23043);
#23041 = CARTESIAN_POINT('',(3.376E+03,435.,1.818E+03));
#23042 = DIRECTION('',(0.,1.,0.));
#23043 = DIRECTION('',(0.,0.,1.));
#23044 = ADVANCED_FACE('',(#23045),#23051,.F.);
#23045 = FACE_BOUND('',#23046,.F.);
#23046 = EDGE_LOOP('',(#23047,#23048,#23049,#23050));
#23047 = ORIENTED_EDGE('',*,*,#22934,.F.);
#23048 = ORIENTED_EDGE('',*,*,#23004,.T.);
#23049 = ORIENTED_EDGE('',*,*,#22974,.T.);
#23050 = ORIENTED_EDGE('',*,*,#23026,.F.);
#23051 = PLANE('',#23052);
#23052 = AXIS2_PLACEMENT_3D('',#23053,#23054,#23055);
#23053 = CARTESIAN_POINT('',(3.376E+03,417.,1.818E+03));
#23054 = DIRECTION('',(0.,0.,1.));
#23055 = DIRECTION('',(1.,0.,0.));
#23056 = ADVANCED_FACE('',(#23057),#23063,.T.);
#23057 = FACE_BOUND('',#23058,.T.);
#23058 = EDGE_LOOP('',(#23059,#23060,#23061,#23062));
#23059 = ORIENTED_EDGE('',*,*,#22950,.F.);
#23060 = ORIENTED_EDGE('',*,*,#23011,.T.);
#23061 = ORIENTED_EDGE('',*,*,#22990,.T.);
#23062 = ORIENTED_EDGE('',*,*,#23033,.F.);
#23063 = PLANE('',#23064);
#23064 = AXIS2_PLACEMENT_3D('',#23065,#23066,#23067);
#23065 = CARTESIAN_POINT('',(3.376E+03,417.,2.291E+03));
#23066 = DIRECTION('',(0.,0.,1.));
#23067 = DIRECTION('',(1.,0.,0.));
#23068 = MANIFOLD_SOLID_BREP('',#23069);
#23069 = CLOSED_SHELL('',(#23070,#23110,#23150,#23172,#23194,#23206));
#23070 = ADVANCED_FACE('',(#23071),#23105,.F.);
#23071 = FACE_BOUND('',#23072,.F.);
#23072 = EDGE_LOOP('',(#23073,#23083,#23091,#23099));
#23073 = ORIENTED_EDGE('',*,*,#23074,.F.);
#23074 = EDGE_CURVE('',#23075,#23077,#23079,.T.);
#23075 = VERTEX_POINT('',#23076);
#23076 = CARTESIAN_POINT('',(2.93E+03,415.,1.809E+03));
#23077 = VERTEX_POINT('',#23078);
#23078 = CARTESIAN_POINT('',(2.93E+03,415.,1.834E+03));
#23079 = LINE('',#23080,#23081);
#23080 = CARTESIAN_POINT('',(2.93E+03,415.,1.809E+03));
#23081 = VECTOR('',#23082,1.);
#23082 = DIRECTION('',(0.,0.,1.));
#23083 = ORIENTED_EDGE('',*,*,#23084,.T.);
#23084 = EDGE_CURVE('',#23075,#23085,#23087,.T.);
#23085 = VERTEX_POINT('',#23086);
#23086 = CARTESIAN_POINT('',(2.93E+03,435.,1.809E+03));
#23087 = LINE('',#23088,#23089);
#23088 = CARTESIAN_POINT('',(2.93E+03,415.,1.809E+03));
#23089 = VECTOR('',#23090,1.);
#23090 = DIRECTION('',(0.,1.,0.));
#23091 = ORIENTED_EDGE('',*,*,#23092,.T.);
#23092 = EDGE_CURVE('',#23085,#23093,#23095,.T.);
#23093 = VERTEX_POINT('',#23094);
#23094 = CARTESIAN_POINT('',(2.93E+03,435.,1.834E+03));
#23095 = LINE('',#23096,#23097);
#23096 = CARTESIAN_POINT('',(2.93E+03,435.,1.809E+03));
#23097 = VECTOR('',#23098,1.);
#23098 = DIRECTION('',(0.,0.,1.));
#23099 = ORIENTED_EDGE('',*,*,#23100,.F.);
#23100 = EDGE_CURVE('',#23077,#23093,#23101,.T.);
#23101 = LINE('',#23102,#23103);
#23102 = CARTESIAN_POINT('',(2.93E+03,415.,1.834E+03));
#23103 = VECTOR('',#23104,1.);
#23104 = DIRECTION('',(0.,1.,0.));
#23105 = PLANE('',#23106);
#23106 = AXIS2_PLACEMENT_3D('',#23107,#23108,#23109);
#23107 = CARTESIAN_POINT('',(2.93E+03,415.,1.809E+03));
#23108 = DIRECTION('',(1.,0.,0.));
#23109 = DIRECTION('',(0.,0.,1.));
#23110 = ADVANCED_FACE('',(#23111),#23145,.T.);
#23111 = FACE_BOUND('',#23112,.T.);
#23112 = EDGE_LOOP('',(#23113,#23123,#23131,#23139));
#23113 = ORIENTED_EDGE('',*,*,#23114,.F.);
#23114 = EDGE_CURVE('',#23115,#23117,#23119,.T.);
#23115 = VERTEX_POINT('',#23116);
#23116 = CARTESIAN_POINT('',(3.82E+03,415.,1.809E+03));
#23117 = VERTEX_POINT('',#23118);
#23118 = CARTESIAN_POINT('',(3.82E+03,415.,1.834E+03));
#23119 = LINE('',#23120,#23121);
#23120 = CARTESIAN_POINT('',(3.82E+03,415.,1.809E+03));
#23121 = VECTOR('',#23122,1.);
#23122 = DIRECTION('',(0.,0.,1.));
#23123 = ORIENTED_EDGE('',*,*,#23124,.T.);
#23124 = EDGE_CURVE('',#23115,#23125,#23127,.T.);
#23125 = VERTEX_POINT('',#23126);
#23126 = CARTESIAN_POINT('',(3.82E+03,435.,1.809E+03));
#23127 = LINE('',#23128,#23129);
#23128 = CARTESIAN_POINT('',(3.82E+03,415.,1.809E+03));
#23129 = VECTOR('',#23130,1.);
#23130 = DIRECTION('',(0.,1.,0.));
#23131 = ORIENTED_EDGE('',*,*,#23132,.T.);
#23132 = EDGE_CURVE('',#23125,#23133,#23135,.T.);
#23133 = VERTEX_POINT('',#23134);
#23134 = CARTESIAN_POINT('',(3.82E+03,435.,1.834E+03));
#23135 = LINE('',#23136,#23137);
#23136 = CARTESIAN_POINT('',(3.82E+03,435.,1.809E+03));
#23137 = VECTOR('',#23138,1.);
#23138 = DIRECTION('',(0.,0.,1.));
#23139 = ORIENTED_EDGE('',*,*,#23140,.F.);
#23140 = EDGE_CURVE('',#23117,#23133,#23141,.T.);
#23141 = LINE('',#23142,#23143);
#23142 = CARTESIAN_POINT('',(3.82E+03,415.,1.834E+03));
#23143 = VECTOR('',#23144,1.);
#23144 = DIRECTION('',(0.,1.,0.));
#23145 = PLANE('',#23146);
#23146 = AXIS2_PLACEMENT_3D('',#23147,#23148,#23149);
#23147 = CARTESIAN_POINT('',(3.82E+03,415.,1.809E+03));
#23148 = DIRECTION('',(1.,0.,0.));
#23149 = DIRECTION('',(0.,0.,1.));
#23150 = ADVANCED_FACE('',(#23151),#23167,.F.);
#23151 = FACE_BOUND('',#23152,.F.);
#23152 = EDGE_LOOP('',(#23153,#23159,#23160,#23166));
#23153 = ORIENTED_EDGE('',*,*,#23154,.F.);
#23154 = EDGE_CURVE('',#23075,#23115,#23155,.T.);
#23155 = LINE('',#23156,#23157);
#23156 = CARTESIAN_POINT('',(2.93E+03,415.,1.809E+03));
#23157 = VECTOR('',#23158,1.);
#23158 = DIRECTION('',(1.,0.,0.));
#23159 = ORIENTED_EDGE('',*,*,#23074,.T.);
#23160 = ORIENTED_EDGE('',*,*,#23161,.T.);
#23161 = EDGE_CURVE('',#23077,#23117,#23162,.T.);
#23162 = LINE('',#23163,#23164);
#23163 = CARTESIAN_POINT('',(2.93E+03,415.,1.834E+03));
#23164 = VECTOR('',#23165,1.);
#23165 = DIRECTION('',(1.,0.,0.));
#23166 = ORIENTED_EDGE('',*,*,#23114,.F.);
#23167 = PLANE('',#23168);
#23168 = AXIS2_PLACEMENT_3D('',#23169,#23170,#23171);
#23169 = CARTESIAN_POINT('',(2.93E+03,415.,1.809E+03));
#23170 = DIRECTION('',(0.,1.,0.));
#23171 = DIRECTION('',(0.,0.,1.));
#23172 = ADVANCED_FACE('',(#23173),#23189,.T.);
#23173 = FACE_BOUND('',#23174,.T.);
#23174 = EDGE_LOOP('',(#23175,#23181,#23182,#23188));
#23175 = ORIENTED_EDGE('',*,*,#23176,.F.);
#23176 = EDGE_CURVE('',#23085,#23125,#23177,.T.);
#23177 = LINE('',#23178,#23179);
#23178 = CARTESIAN_POINT('',(2.93E+03,435.,1.809E+03));
#23179 = VECTOR('',#23180,1.);
#23180 = DIRECTION('',(1.,0.,0.));
#23181 = ORIENTED_EDGE('',*,*,#23092,.T.);
#23182 = ORIENTED_EDGE('',*,*,#23183,.T.);
#23183 = EDGE_CURVE('',#23093,#23133,#23184,.T.);
#23184 = LINE('',#23185,#23186);
#23185 = CARTESIAN_POINT('',(2.93E+03,435.,1.834E+03));
#23186 = VECTOR('',#23187,1.);
#23187 = DIRECTION('',(1.,0.,0.));
#23188 = ORIENTED_EDGE('',*,*,#23132,.F.);
#23189 = PLANE('',#23190);
#23190 = AXIS2_PLACEMENT_3D('',#23191,#23192,#23193);
#23191 = CARTESIAN_POINT('',(2.93E+03,435.,1.809E+03));
#23192 = DIRECTION('',(0.,1.,0.));
#23193 = DIRECTION('',(0.,0.,1.));
#23194 = ADVANCED_FACE('',(#23195),#23201,.F.);
#23195 = FACE_BOUND('',#23196,.F.);
#23196 = EDGE_LOOP('',(#23197,#23198,#23199,#23200));
#23197 = ORIENTED_EDGE('',*,*,#23084,.F.);
#23198 = ORIENTED_EDGE('',*,*,#23154,.T.);
#23199 = ORIENTED_EDGE('',*,*,#23124,.T.);
#23200 = ORIENTED_EDGE('',*,*,#23176,.F.);
#23201 = PLANE('',#23202);
#23202 = AXIS2_PLACEMENT_3D('',#23203,#23204,#23205);
#23203 = CARTESIAN_POINT('',(2.93E+03,415.,1.809E+03));
#23204 = DIRECTION('',(0.,0.,1.));
#23205 = DIRECTION('',(1.,0.,0.));
#23206 = ADVANCED_FACE('',(#23207),#23213,.T.);
#23207 = FACE_BOUND('',#23208,.T.);
#23208 = EDGE_LOOP('',(#23209,#23210,#23211,#23212));
#23209 = ORIENTED_EDGE('',*,*,#23100,.F.);
#23210 = ORIENTED_EDGE('',*,*,#23161,.T.);
#23211 = ORIENTED_EDGE('',*,*,#23140,.T.);
#23212 = ORIENTED_EDGE('',*,*,#23183,.F.);
#23213 = PLANE('',#23214);
#23214 = AXIS2_PLACEMENT_3D('',#23215,#23216,#23217);
#23215 = CARTESIAN_POINT('',(2.93E+03,415.,1.834E+03));
#23216 = DIRECTION('',(0.,0.,1.));
#23217 = DIRECTION('',(1.,0.,0.));
#23218 = ( GEOMETRIC_REPRESENTATION_CONTEXT(3) 
GLOBAL_UNCERTAINTY_ASSIGNED_CONTEXT((#23222)) 
GLOBAL_UNIT_ASSIGNED_CONTEXT((#23219,#23220,#23221)) 
REPRESENTATION_CONTEXT('Context #1',
  '3D Context with UNIT and UNCERTAINTY') );
#23219 = ( LENGTH_UNIT() NAMED_UNIT(*) SI_UNIT(.MILLI.,.METRE.) );
#23220 = ( NAMED_UNIT(*) PLANE_ANGLE_UNIT() SI_UNIT($,.RADIAN.) );
#23221 = ( NAMED_UNIT(*) SI_UNIT($,.STERADIAN.) SOLID_ANGLE_UNIT() );
#23222 = UNCERTAINTY_MEASURE_WITH_UNIT(LENGTH_MEASURE(1.E-07),#23219,
  'distance_accuracy_value','confusion accuracy');
#23223 = PRODUCT_RELATED_PRODUCT_CATEGORY('part',$,(#7));
ENDSEC;
END-ISO-10303-21;
