ISO-10303-21;
HEADER;
FILE_DESCRIPTION(('FreeCAD Model'),'2;1');
FILE_NAME('Open CASCADE Shape Model','2026-03-17T16:33:12',('FreeCAD'),(
    'FreeCAD'),'Open CASCADE STEP processor 7.8','FreeCAD','Unknown');
FILE_SCHEMA(('AUTOMOTIVE_DESIGN { 1 0 10303 214 1 1 1 1 }'));
ENDSEC;
DATA;
#1 = APPLICATION_PROTOCOL_DEFINITION('international standard',
  'automotive_design',2000,#2);
#2 = APPLICATION_CONTEXT(
  'core data for automotive mechanical design processes');
#3 = SHAPE_DEFINITION_REPRESENTATION(#4,#10);
#4 = PRODUCT_DEFINITION_SHAPE('','',#5);
#5 = PRODUCT_DEFINITION('design','',#6,#9);
#6 = PRODUCT_DEFINITION_FORMATION('','',#7);
#7 = PRODUCT('Open CASCADE STEP translator 7.8 11',
  'Open CASCADE STEP translator 7.8 11','',(#8));
#8 = PRODUCT_CONTEXT('',#2,'mechanical');
#9 = PRODUCT_DEFINITION_CONTEXT('part definition',#2,'design');
#10 = SHAPE_REPRESENTATION('',(#11,#15,#165,#315,#465,#615,#765,#915,
    #1065,#1215,#1365,#1515,#1665,#1815,#1953,#2091,#2229,#2367,#2653,
    #2803,#2953,#3103,#3253,#3403,#4113,#5584,#5870,#6152,#6302,#6588,
    #6738,#6888),#7038);
#11 = AXIS2_PLACEMENT_3D('',#12,#13,#14);
#12 = CARTESIAN_POINT('',(0.,0.,0.));
#13 = DIRECTION('',(0.,0.,1.));
#14 = DIRECTION('',(1.,0.,-0.));
#15 = MANIFOLD_SOLID_BREP('',#16);
#16 = CLOSED_SHELL('',(#17,#57,#97,#119,#141,#153));
#17 = ADVANCED_FACE('',(#18),#52,.F.);
#18 = FACE_BOUND('',#19,.F.);
#19 = EDGE_LOOP('',(#20,#30,#38,#46));
#20 = ORIENTED_EDGE('',*,*,#21,.F.);
#21 = EDGE_CURVE('',#22,#24,#26,.T.);
#22 = VERTEX_POINT('',#23);
#23 = CARTESIAN_POINT('',(0.,0.,80.));
#24 = VERTEX_POINT('',#25);
#25 = CARTESIAN_POINT('',(0.,0.,870.));
#26 = LINE('',#27,#28);
#27 = CARTESIAN_POINT('',(0.,0.,80.));
#28 = VECTOR('',#29,1.);
#29 = DIRECTION('',(0.,0.,1.));
#30 = ORIENTED_EDGE('',*,*,#31,.T.);
#31 = EDGE_CURVE('',#22,#32,#34,.T.);
#32 = VERTEX_POINT('',#33);
#33 = CARTESIAN_POINT('',(0.,650.,80.));
#34 = LINE('',#35,#36);
#35 = CARTESIAN_POINT('',(0.,0.,80.));
#36 = VECTOR('',#37,1.);
#37 = DIRECTION('',(0.,1.,0.));
#38 = ORIENTED_EDGE('',*,*,#39,.T.);
#39 = EDGE_CURVE('',#32,#40,#42,.T.);
#40 = VERTEX_POINT('',#41);
#41 = CARTESIAN_POINT('',(0.,650.,870.));
#42 = LINE('',#43,#44);
#43 = CARTESIAN_POINT('',(0.,650.,80.));
#44 = VECTOR('',#45,1.);
#45 = DIRECTION('',(0.,0.,1.));
#46 = ORIENTED_EDGE('',*,*,#47,.F.);
#47 = EDGE_CURVE('',#24,#40,#48,.T.);
#48 = LINE('',#49,#50);
#49 = CARTESIAN_POINT('',(0.,0.,870.));
#50 = VECTOR('',#51,1.);
#51 = DIRECTION('',(0.,1.,0.));
#52 = PLANE('',#53);
#53 = AXIS2_PLACEMENT_3D('',#54,#55,#56);
#54 = CARTESIAN_POINT('',(0.,0.,80.));
#55 = DIRECTION('',(1.,0.,0.));
#56 = DIRECTION('',(0.,0.,1.));
#57 = ADVANCED_FACE('',(#58),#92,.T.);
#58 = FACE_BOUND('',#59,.T.);
#59 = EDGE_LOOP('',(#60,#70,#78,#86));
#60 = ORIENTED_EDGE('',*,*,#61,.F.);
#61 = EDGE_CURVE('',#62,#64,#66,.T.);
#62 = VERTEX_POINT('',#63);
#63 = CARTESIAN_POINT('',(18.,0.,80.));
#64 = VERTEX_POINT('',#65);
#65 = CARTESIAN_POINT('',(18.,0.,870.));
#66 = LINE('',#67,#68);
#67 = CARTESIAN_POINT('',(18.,0.,80.));
#68 = VECTOR('',#69,1.);
#69 = DIRECTION('',(0.,0.,1.));
#70 = ORIENTED_EDGE('',*,*,#71,.T.);
#71 = EDGE_CURVE('',#62,#72,#74,.T.);
#72 = VERTEX_POINT('',#73);
#73 = CARTESIAN_POINT('',(18.,650.,80.));
#74 = LINE('',#75,#76);
#75 = CARTESIAN_POINT('',(18.,0.,80.));
#76 = VECTOR('',#77,1.);
#77 = DIRECTION('',(0.,1.,0.));
#78 = ORIENTED_EDGE('',*,*,#79,.T.);
#79 = EDGE_CURVE('',#72,#80,#82,.T.);
#80 = VERTEX_POINT('',#81);
#81 = CARTESIAN_POINT('',(18.,650.,870.));
#82 = LINE('',#83,#84);
#83 = CARTESIAN_POINT('',(18.,650.,80.));
#84 = VECTOR('',#85,1.);
#85 = DIRECTION('',(0.,0.,1.));
#86 = ORIENTED_EDGE('',*,*,#87,.F.);
#87 = EDGE_CURVE('',#64,#80,#88,.T.);
#88 = LINE('',#89,#90);
#89 = CARTESIAN_POINT('',(18.,0.,870.));
#90 = VECTOR('',#91,1.);
#91 = DIRECTION('',(0.,1.,0.));
#92 = PLANE('',#93);
#93 = AXIS2_PLACEMENT_3D('',#94,#95,#96);
#94 = CARTESIAN_POINT('',(18.,0.,80.));
#95 = DIRECTION('',(1.,0.,0.));
#96 = DIRECTION('',(0.,0.,1.));
#97 = ADVANCED_FACE('',(#98),#114,.F.);
#98 = FACE_BOUND('',#99,.F.);
#99 = EDGE_LOOP('',(#100,#106,#107,#113));
#100 = ORIENTED_EDGE('',*,*,#101,.F.);
#101 = EDGE_CURVE('',#22,#62,#102,.T.);
#102 = LINE('',#103,#104);
#103 = CARTESIAN_POINT('',(0.,0.,80.));
#104 = VECTOR('',#105,1.);
#105 = DIRECTION('',(1.,0.,0.));
#106 = ORIENTED_EDGE('',*,*,#21,.T.);
#107 = ORIENTED_EDGE('',*,*,#108,.T.);
#108 = EDGE_CURVE('',#24,#64,#109,.T.);
#109 = LINE('',#110,#111);
#110 = CARTESIAN_POINT('',(0.,0.,870.));
#111 = VECTOR('',#112,1.);
#112 = DIRECTION('',(1.,0.,0.));
#113 = ORIENTED_EDGE('',*,*,#61,.F.);
#114 = PLANE('',#115);
#115 = AXIS2_PLACEMENT_3D('',#116,#117,#118);
#116 = CARTESIAN_POINT('',(0.,0.,80.));
#117 = DIRECTION('',(0.,1.,0.));
#118 = DIRECTION('',(0.,0.,1.));
#119 = ADVANCED_FACE('',(#120),#136,.T.);
#120 = FACE_BOUND('',#121,.T.);
#121 = EDGE_LOOP('',(#122,#128,#129,#135));
#122 = ORIENTED_EDGE('',*,*,#123,.F.);
#123 = EDGE_CURVE('',#32,#72,#124,.T.);
#124 = LINE('',#125,#126);
#125 = CARTESIAN_POINT('',(0.,650.,80.));
#126 = VECTOR('',#127,1.);
#127 = DIRECTION('',(1.,0.,0.));
#128 = ORIENTED_EDGE('',*,*,#39,.T.);
#129 = ORIENTED_EDGE('',*,*,#130,.T.);
#130 = EDGE_CURVE('',#40,#80,#131,.T.);
#131 = LINE('',#132,#133);
#132 = CARTESIAN_POINT('',(0.,650.,870.));
#133 = VECTOR('',#134,1.);
#134 = DIRECTION('',(1.,0.,0.));
#135 = ORIENTED_EDGE('',*,*,#79,.F.);
#136 = PLANE('',#137);
#137 = AXIS2_PLACEMENT_3D('',#138,#139,#140);
#138 = CARTESIAN_POINT('',(0.,650.,80.));
#139 = DIRECTION('',(0.,1.,0.));
#140 = DIRECTION('',(0.,0.,1.));
#141 = ADVANCED_FACE('',(#142),#148,.F.);
#142 = FACE_BOUND('',#143,.F.);
#143 = EDGE_LOOP('',(#144,#145,#146,#147));
#144 = ORIENTED_EDGE('',*,*,#31,.F.);
#145 = ORIENTED_EDGE('',*,*,#101,.T.);
#146 = ORIENTED_EDGE('',*,*,#71,.T.);
#147 = ORIENTED_EDGE('',*,*,#123,.F.);
#148 = PLANE('',#149);
#149 = AXIS2_PLACEMENT_3D('',#150,#151,#152);
#150 = CARTESIAN_POINT('',(0.,0.,80.));
#151 = DIRECTION('',(0.,0.,1.));
#152 = DIRECTION('',(1.,0.,0.));
#153 = ADVANCED_FACE('',(#154),#160,.T.);
#154 = FACE_BOUND('',#155,.T.);
#155 = EDGE_LOOP('',(#156,#157,#158,#159));
#156 = ORIENTED_EDGE('',*,*,#47,.F.);
#157 = ORIENTED_EDGE('',*,*,#108,.T.);
#158 = ORIENTED_EDGE('',*,*,#87,.T.);
#159 = ORIENTED_EDGE('',*,*,#130,.F.);
#160 = PLANE('',#161);
#161 = AXIS2_PLACEMENT_3D('',#162,#163,#164);
#162 = CARTESIAN_POINT('',(0.,0.,870.));
#163 = DIRECTION('',(0.,0.,1.));
#164 = DIRECTION('',(1.,0.,0.));
#165 = MANIFOLD_SOLID_BREP('',#166);
#166 = CLOSED_SHELL('',(#167,#207,#247,#269,#291,#303));
#167 = ADVANCED_FACE('',(#168),#202,.F.);
#168 = FACE_BOUND('',#169,.F.);
#169 = EDGE_LOOP('',(#170,#180,#188,#196));
#170 = ORIENTED_EDGE('',*,*,#171,.F.);
#171 = EDGE_CURVE('',#172,#174,#176,.T.);
#172 = VERTEX_POINT('',#173);
#173 = CARTESIAN_POINT('',(1.662E+03,0.,98.));
#174 = VERTEX_POINT('',#175);
#175 = CARTESIAN_POINT('',(1.662E+03,0.,870.));
#176 = LINE('',#177,#178);
#177 = CARTESIAN_POINT('',(1.662E+03,0.,98.));
#178 = VECTOR('',#179,1.);
#179 = DIRECTION('',(0.,0.,1.));
#180 = ORIENTED_EDGE('',*,*,#181,.T.);
#181 = EDGE_CURVE('',#172,#182,#184,.T.);
#182 = VERTEX_POINT('',#183);
#183 = CARTESIAN_POINT('',(1.662E+03,650.,98.));
#184 = LINE('',#185,#186);
#185 = CARTESIAN_POINT('',(1.662E+03,0.,98.));
#186 = VECTOR('',#187,1.);
#187 = DIRECTION('',(0.,1.,0.));
#188 = ORIENTED_EDGE('',*,*,#189,.T.);
#189 = EDGE_CURVE('',#182,#190,#192,.T.);
#190 = VERTEX_POINT('',#191);
#191 = CARTESIAN_POINT('',(1.662E+03,650.,870.));
#192 = LINE('',#193,#194);
#193 = CARTESIAN_POINT('',(1.662E+03,650.,98.));
#194 = VECTOR('',#195,1.);
#195 = DIRECTION('',(0.,0.,1.));
#196 = ORIENTED_EDGE('',*,*,#197,.F.);
#197 = EDGE_CURVE('',#174,#190,#198,.T.);
#198 = LINE('',#199,#200);
#199 = CARTESIAN_POINT('',(1.662E+03,0.,870.));
#200 = VECTOR('',#201,1.);
#201 = DIRECTION('',(0.,1.,0.));
#202 = PLANE('',#203);
#203 = AXIS2_PLACEMENT_3D('',#204,#205,#206);
#204 = CARTESIAN_POINT('',(1.662E+03,0.,98.));
#205 = DIRECTION('',(1.,0.,0.));
#206 = DIRECTION('',(0.,0.,1.));
#207 = ADVANCED_FACE('',(#208),#242,.T.);
#208 = FACE_BOUND('',#209,.T.);
#209 = EDGE_LOOP('',(#210,#220,#228,#236));
#210 = ORIENTED_EDGE('',*,*,#211,.F.);
#211 = EDGE_CURVE('',#212,#214,#216,.T.);
#212 = VERTEX_POINT('',#213);
#213 = CARTESIAN_POINT('',(1.68E+03,0.,98.));
#214 = VERTEX_POINT('',#215);
#215 = CARTESIAN_POINT('',(1.68E+03,0.,870.));
#216 = LINE('',#217,#218);
#217 = CARTESIAN_POINT('',(1.68E+03,0.,98.));
#218 = VECTOR('',#219,1.);
#219 = DIRECTION('',(0.,0.,1.));
#220 = ORIENTED_EDGE('',*,*,#221,.T.);
#221 = EDGE_CURVE('',#212,#222,#224,.T.);
#222 = VERTEX_POINT('',#223);
#223 = CARTESIAN_POINT('',(1.68E+03,650.,98.));
#224 = LINE('',#225,#226);
#225 = CARTESIAN_POINT('',(1.68E+03,0.,98.));
#226 = VECTOR('',#227,1.);
#227 = DIRECTION('',(0.,1.,0.));
#228 = ORIENTED_EDGE('',*,*,#229,.T.);
#229 = EDGE_CURVE('',#222,#230,#232,.T.);
#230 = VERTEX_POINT('',#231);
#231 = CARTESIAN_POINT('',(1.68E+03,650.,870.));
#232 = LINE('',#233,#234);
#233 = CARTESIAN_POINT('',(1.68E+03,650.,98.));
#234 = VECTOR('',#235,1.);
#235 = DIRECTION('',(0.,0.,1.));
#236 = ORIENTED_EDGE('',*,*,#237,.F.);
#237 = EDGE_CURVE('',#214,#230,#238,.T.);
#238 = LINE('',#239,#240);
#239 = CARTESIAN_POINT('',(1.68E+03,0.,870.));
#240 = VECTOR('',#241,1.);
#241 = DIRECTION('',(0.,1.,0.));
#242 = PLANE('',#243);
#243 = AXIS2_PLACEMENT_3D('',#244,#245,#246);
#244 = CARTESIAN_POINT('',(1.68E+03,0.,98.));
#245 = DIRECTION('',(1.,0.,0.));
#246 = DIRECTION('',(0.,0.,1.));
#247 = ADVANCED_FACE('',(#248),#264,.F.);
#248 = FACE_BOUND('',#249,.F.);
#249 = EDGE_LOOP('',(#250,#256,#257,#263));
#250 = ORIENTED_EDGE('',*,*,#251,.F.);
#251 = EDGE_CURVE('',#172,#212,#252,.T.);
#252 = LINE('',#253,#254);
#253 = CARTESIAN_POINT('',(1.662E+03,0.,98.));
#254 = VECTOR('',#255,1.);
#255 = DIRECTION('',(1.,0.,0.));
#256 = ORIENTED_EDGE('',*,*,#171,.T.);
#257 = ORIENTED_EDGE('',*,*,#258,.T.);
#258 = EDGE_CURVE('',#174,#214,#259,.T.);
#259 = LINE('',#260,#261);
#260 = CARTESIAN_POINT('',(1.662E+03,0.,870.));
#261 = VECTOR('',#262,1.);
#262 = DIRECTION('',(1.,0.,0.));
#263 = ORIENTED_EDGE('',*,*,#211,.F.);
#264 = PLANE('',#265);
#265 = AXIS2_PLACEMENT_3D('',#266,#267,#268);
#266 = CARTESIAN_POINT('',(1.662E+03,0.,98.));
#267 = DIRECTION('',(0.,1.,0.));
#268 = DIRECTION('',(0.,0.,1.));
#269 = ADVANCED_FACE('',(#270),#286,.T.);
#270 = FACE_BOUND('',#271,.T.);
#271 = EDGE_LOOP('',(#272,#278,#279,#285));
#272 = ORIENTED_EDGE('',*,*,#273,.F.);
#273 = EDGE_CURVE('',#182,#222,#274,.T.);
#274 = LINE('',#275,#276);
#275 = CARTESIAN_POINT('',(1.662E+03,650.,98.));
#276 = VECTOR('',#277,1.);
#277 = DIRECTION('',(1.,0.,0.));
#278 = ORIENTED_EDGE('',*,*,#189,.T.);
#279 = ORIENTED_EDGE('',*,*,#280,.T.);
#280 = EDGE_CURVE('',#190,#230,#281,.T.);
#281 = LINE('',#282,#283);
#282 = CARTESIAN_POINT('',(1.662E+03,650.,870.));
#283 = VECTOR('',#284,1.);
#284 = DIRECTION('',(1.,0.,0.));
#285 = ORIENTED_EDGE('',*,*,#229,.F.);
#286 = PLANE('',#287);
#287 = AXIS2_PLACEMENT_3D('',#288,#289,#290);
#288 = CARTESIAN_POINT('',(1.662E+03,650.,98.));
#289 = DIRECTION('',(0.,1.,0.));
#290 = DIRECTION('',(0.,0.,1.));
#291 = ADVANCED_FACE('',(#292),#298,.F.);
#292 = FACE_BOUND('',#293,.F.);
#293 = EDGE_LOOP('',(#294,#295,#296,#297));
#294 = ORIENTED_EDGE('',*,*,#181,.F.);
#295 = ORIENTED_EDGE('',*,*,#251,.T.);
#296 = ORIENTED_EDGE('',*,*,#221,.T.);
#297 = ORIENTED_EDGE('',*,*,#273,.F.);
#298 = PLANE('',#299);
#299 = AXIS2_PLACEMENT_3D('',#300,#301,#302);
#300 = CARTESIAN_POINT('',(1.662E+03,0.,98.));
#301 = DIRECTION('',(0.,0.,1.));
#302 = DIRECTION('',(1.,0.,0.));
#303 = ADVANCED_FACE('',(#304),#310,.T.);
#304 = FACE_BOUND('',#305,.T.);
#305 = EDGE_LOOP('',(#306,#307,#308,#309));
#306 = ORIENTED_EDGE('',*,*,#197,.F.);
#307 = ORIENTED_EDGE('',*,*,#258,.T.);
#308 = ORIENTED_EDGE('',*,*,#237,.T.);
#309 = ORIENTED_EDGE('',*,*,#280,.F.);
#310 = PLANE('',#311);
#311 = AXIS2_PLACEMENT_3D('',#312,#313,#314);
#312 = CARTESIAN_POINT('',(1.662E+03,0.,870.));
#313 = DIRECTION('',(0.,0.,1.));
#314 = DIRECTION('',(1.,0.,0.));
#315 = MANIFOLD_SOLID_BREP('',#316);
#316 = CLOSED_SHELL('',(#317,#357,#397,#419,#441,#453));
#317 = ADVANCED_FACE('',(#318),#352,.F.);
#318 = FACE_BOUND('',#319,.F.);
#319 = EDGE_LOOP('',(#320,#330,#338,#346));
#320 = ORIENTED_EDGE('',*,*,#321,.F.);
#321 = EDGE_CURVE('',#322,#324,#326,.T.);
#322 = VERTEX_POINT('',#323);
#323 = CARTESIAN_POINT('',(623.,0.,98.));
#324 = VERTEX_POINT('',#325);
#325 = CARTESIAN_POINT('',(623.,0.,870.));
#326 = LINE('',#327,#328);
#327 = CARTESIAN_POINT('',(623.,0.,98.));
#328 = VECTOR('',#329,1.);
#329 = DIRECTION('',(0.,0.,1.));
#330 = ORIENTED_EDGE('',*,*,#331,.T.);
#331 = EDGE_CURVE('',#322,#332,#334,.T.);
#332 = VERTEX_POINT('',#333);
#333 = CARTESIAN_POINT('',(623.,650.,98.));
#334 = LINE('',#335,#336);
#335 = CARTESIAN_POINT('',(623.,0.,98.));
#336 = VECTOR('',#337,1.);
#337 = DIRECTION('',(0.,1.,0.));
#338 = ORIENTED_EDGE('',*,*,#339,.T.);
#339 = EDGE_CURVE('',#332,#340,#342,.T.);
#340 = VERTEX_POINT('',#341);
#341 = CARTESIAN_POINT('',(623.,650.,870.));
#342 = LINE('',#343,#344);
#343 = CARTESIAN_POINT('',(623.,650.,98.));
#344 = VECTOR('',#345,1.);
#345 = DIRECTION('',(0.,0.,1.));
#346 = ORIENTED_EDGE('',*,*,#347,.F.);
#347 = EDGE_CURVE('',#324,#340,#348,.T.);
#348 = LINE('',#349,#350);
#349 = CARTESIAN_POINT('',(623.,0.,870.));
#350 = VECTOR('',#351,1.);
#351 = DIRECTION('',(0.,1.,0.));
#352 = PLANE('',#353);
#353 = AXIS2_PLACEMENT_3D('',#354,#355,#356);
#354 = CARTESIAN_POINT('',(623.,0.,98.));
#355 = DIRECTION('',(1.,0.,0.));
#356 = DIRECTION('',(0.,0.,1.));
#357 = ADVANCED_FACE('',(#358),#392,.T.);
#358 = FACE_BOUND('',#359,.T.);
#359 = EDGE_LOOP('',(#360,#370,#378,#386));
#360 = ORIENTED_EDGE('',*,*,#361,.F.);
#361 = EDGE_CURVE('',#362,#364,#366,.T.);
#362 = VERTEX_POINT('',#363);
#363 = CARTESIAN_POINT('',(641.,0.,98.));
#364 = VERTEX_POINT('',#365);
#365 = CARTESIAN_POINT('',(641.,0.,870.));
#366 = LINE('',#367,#368);
#367 = CARTESIAN_POINT('',(641.,0.,98.));
#368 = VECTOR('',#369,1.);
#369 = DIRECTION('',(0.,0.,1.));
#370 = ORIENTED_EDGE('',*,*,#371,.T.);
#371 = EDGE_CURVE('',#362,#372,#374,.T.);
#372 = VERTEX_POINT('',#373);
#373 = CARTESIAN_POINT('',(641.,650.,98.));
#374 = LINE('',#375,#376);
#375 = CARTESIAN_POINT('',(641.,0.,98.));
#376 = VECTOR('',#377,1.);
#377 = DIRECTION('',(0.,1.,0.));
#378 = ORIENTED_EDGE('',*,*,#379,.T.);
#379 = EDGE_CURVE('',#372,#380,#382,.T.);
#380 = VERTEX_POINT('',#381);
#381 = CARTESIAN_POINT('',(641.,650.,870.));
#382 = LINE('',#383,#384);
#383 = CARTESIAN_POINT('',(641.,650.,98.));
#384 = VECTOR('',#385,1.);
#385 = DIRECTION('',(0.,0.,1.));
#386 = ORIENTED_EDGE('',*,*,#387,.F.);
#387 = EDGE_CURVE('',#364,#380,#388,.T.);
#388 = LINE('',#389,#390);
#389 = CARTESIAN_POINT('',(641.,0.,870.));
#390 = VECTOR('',#391,1.);
#391 = DIRECTION('',(0.,1.,0.));
#392 = PLANE('',#393);
#393 = AXIS2_PLACEMENT_3D('',#394,#395,#396);
#394 = CARTESIAN_POINT('',(641.,0.,98.));
#395 = DIRECTION('',(1.,0.,0.));
#396 = DIRECTION('',(0.,0.,1.));
#397 = ADVANCED_FACE('',(#398),#414,.F.);
#398 = FACE_BOUND('',#399,.F.);
#399 = EDGE_LOOP('',(#400,#406,#407,#413));
#400 = ORIENTED_EDGE('',*,*,#401,.F.);
#401 = EDGE_CURVE('',#322,#362,#402,.T.);
#402 = LINE('',#403,#404);
#403 = CARTESIAN_POINT('',(623.,0.,98.));
#404 = VECTOR('',#405,1.);
#405 = DIRECTION('',(1.,0.,0.));
#406 = ORIENTED_EDGE('',*,*,#321,.T.);
#407 = ORIENTED_EDGE('',*,*,#408,.T.);
#408 = EDGE_CURVE('',#324,#364,#409,.T.);
#409 = LINE('',#410,#411);
#410 = CARTESIAN_POINT('',(623.,0.,870.));
#411 = VECTOR('',#412,1.);
#412 = DIRECTION('',(1.,0.,0.));
#413 = ORIENTED_EDGE('',*,*,#361,.F.);
#414 = PLANE('',#415);
#415 = AXIS2_PLACEMENT_3D('',#416,#417,#418);
#416 = CARTESIAN_POINT('',(623.,0.,98.));
#417 = DIRECTION('',(0.,1.,0.));
#418 = DIRECTION('',(0.,0.,1.));
#419 = ADVANCED_FACE('',(#420),#436,.T.);
#420 = FACE_BOUND('',#421,.T.);
#421 = EDGE_LOOP('',(#422,#428,#429,#435));
#422 = ORIENTED_EDGE('',*,*,#423,.F.);
#423 = EDGE_CURVE('',#332,#372,#424,.T.);
#424 = LINE('',#425,#426);
#425 = CARTESIAN_POINT('',(623.,650.,98.));
#426 = VECTOR('',#427,1.);
#427 = DIRECTION('',(1.,0.,0.));
#428 = ORIENTED_EDGE('',*,*,#339,.T.);
#429 = ORIENTED_EDGE('',*,*,#430,.T.);
#430 = EDGE_CURVE('',#340,#380,#431,.T.);
#431 = LINE('',#432,#433);
#432 = CARTESIAN_POINT('',(623.,650.,870.));
#433 = VECTOR('',#434,1.);
#434 = DIRECTION('',(1.,0.,0.));
#435 = ORIENTED_EDGE('',*,*,#379,.F.);
#436 = PLANE('',#437);
#437 = AXIS2_PLACEMENT_3D('',#438,#439,#440);
#438 = CARTESIAN_POINT('',(623.,650.,98.));
#439 = DIRECTION('',(0.,1.,0.));
#440 = DIRECTION('',(0.,0.,1.));
#441 = ADVANCED_FACE('',(#442),#448,.F.);
#442 = FACE_BOUND('',#443,.F.);
#443 = EDGE_LOOP('',(#444,#445,#446,#447));
#444 = ORIENTED_EDGE('',*,*,#331,.F.);
#445 = ORIENTED_EDGE('',*,*,#401,.T.);
#446 = ORIENTED_EDGE('',*,*,#371,.T.);
#447 = ORIENTED_EDGE('',*,*,#423,.F.);
#448 = PLANE('',#449);
#449 = AXIS2_PLACEMENT_3D('',#450,#451,#452);
#450 = CARTESIAN_POINT('',(623.,0.,98.));
#451 = DIRECTION('',(0.,0.,1.));
#452 = DIRECTION('',(1.,0.,0.));
#453 = ADVANCED_FACE('',(#454),#460,.T.);
#454 = FACE_BOUND('',#455,.T.);
#455 = EDGE_LOOP('',(#456,#457,#458,#459));
#456 = ORIENTED_EDGE('',*,*,#347,.F.);
#457 = ORIENTED_EDGE('',*,*,#408,.T.);
#458 = ORIENTED_EDGE('',*,*,#387,.T.);
#459 = ORIENTED_EDGE('',*,*,#430,.F.);
#460 = PLANE('',#461);
#461 = AXIS2_PLACEMENT_3D('',#462,#463,#464);
#462 = CARTESIAN_POINT('',(623.,0.,870.));
#463 = DIRECTION('',(0.,0.,1.));
#464 = DIRECTION('',(1.,0.,0.));
#465 = MANIFOLD_SOLID_BREP('',#466);
#466 = CLOSED_SHELL('',(#467,#507,#547,#569,#591,#603));
#467 = ADVANCED_FACE('',(#468),#502,.F.);
#468 = FACE_BOUND('',#469,.F.);
#469 = EDGE_LOOP('',(#470,#480,#488,#496));
#470 = ORIENTED_EDGE('',*,*,#471,.F.);
#471 = EDGE_CURVE('',#472,#474,#476,.T.);
#472 = VERTEX_POINT('',#473);
#473 = CARTESIAN_POINT('',(623.,0.,80.));
#474 = VERTEX_POINT('',#475);
#475 = CARTESIAN_POINT('',(623.,0.,98.));
#476 = LINE('',#477,#478);
#477 = CARTESIAN_POINT('',(623.,0.,80.));
#478 = VECTOR('',#479,1.);
#479 = DIRECTION('',(0.,0.,1.));
#480 = ORIENTED_EDGE('',*,*,#481,.T.);
#481 = EDGE_CURVE('',#472,#482,#484,.T.);
#482 = VERTEX_POINT('',#483);
#483 = CARTESIAN_POINT('',(623.,650.,80.));
#484 = LINE('',#485,#486);
#485 = CARTESIAN_POINT('',(623.,0.,80.));
#486 = VECTOR('',#487,1.);
#487 = DIRECTION('',(0.,1.,0.));
#488 = ORIENTED_EDGE('',*,*,#489,.T.);
#489 = EDGE_CURVE('',#482,#490,#492,.T.);
#490 = VERTEX_POINT('',#491);
#491 = CARTESIAN_POINT('',(623.,650.,98.));
#492 = LINE('',#493,#494);
#493 = CARTESIAN_POINT('',(623.,650.,80.));
#494 = VECTOR('',#495,1.);
#495 = DIRECTION('',(0.,0.,1.));
#496 = ORIENTED_EDGE('',*,*,#497,.F.);
#497 = EDGE_CURVE('',#474,#490,#498,.T.);
#498 = LINE('',#499,#500);
#499 = CARTESIAN_POINT('',(623.,0.,98.));
#500 = VECTOR('',#501,1.);
#501 = DIRECTION('',(0.,1.,0.));
#502 = PLANE('',#503);
#503 = AXIS2_PLACEMENT_3D('',#504,#505,#506);
#504 = CARTESIAN_POINT('',(623.,0.,80.));
#505 = DIRECTION('',(1.,0.,0.));
#506 = DIRECTION('',(0.,0.,1.));
#507 = ADVANCED_FACE('',(#508),#542,.T.);
#508 = FACE_BOUND('',#509,.T.);
#509 = EDGE_LOOP('',(#510,#520,#528,#536));
#510 = ORIENTED_EDGE('',*,*,#511,.F.);
#511 = EDGE_CURVE('',#512,#514,#516,.T.);
#512 = VERTEX_POINT('',#513);
#513 = CARTESIAN_POINT('',(1.68E+03,0.,80.));
#514 = VERTEX_POINT('',#515);
#515 = CARTESIAN_POINT('',(1.68E+03,0.,98.));
#516 = LINE('',#517,#518);
#517 = CARTESIAN_POINT('',(1.68E+03,0.,80.));
#518 = VECTOR('',#519,1.);
#519 = DIRECTION('',(0.,0.,1.));
#520 = ORIENTED_EDGE('',*,*,#521,.T.);
#521 = EDGE_CURVE('',#512,#522,#524,.T.);
#522 = VERTEX_POINT('',#523);
#523 = CARTESIAN_POINT('',(1.68E+03,650.,80.));
#524 = LINE('',#525,#526);
#525 = CARTESIAN_POINT('',(1.68E+03,0.,80.));
#526 = VECTOR('',#527,1.);
#527 = DIRECTION('',(0.,1.,0.));
#528 = ORIENTED_EDGE('',*,*,#529,.T.);
#529 = EDGE_CURVE('',#522,#530,#532,.T.);
#530 = VERTEX_POINT('',#531);
#531 = CARTESIAN_POINT('',(1.68E+03,650.,98.));
#532 = LINE('',#533,#534);
#533 = CARTESIAN_POINT('',(1.68E+03,650.,80.));
#534 = VECTOR('',#535,1.);
#535 = DIRECTION('',(0.,0.,1.));
#536 = ORIENTED_EDGE('',*,*,#537,.F.);
#537 = EDGE_CURVE('',#514,#530,#538,.T.);
#538 = LINE('',#539,#540);
#539 = CARTESIAN_POINT('',(1.68E+03,0.,98.));
#540 = VECTOR('',#541,1.);
#541 = DIRECTION('',(0.,1.,0.));
#542 = PLANE('',#543);
#543 = AXIS2_PLACEMENT_3D('',#544,#545,#546);
#544 = CARTESIAN_POINT('',(1.68E+03,0.,80.));
#545 = DIRECTION('',(1.,0.,0.));
#546 = DIRECTION('',(0.,0.,1.));
#547 = ADVANCED_FACE('',(#548),#564,.F.);
#548 = FACE_BOUND('',#549,.F.);
#549 = EDGE_LOOP('',(#550,#556,#557,#563));
#550 = ORIENTED_EDGE('',*,*,#551,.F.);
#551 = EDGE_CURVE('',#472,#512,#552,.T.);
#552 = LINE('',#553,#554);
#553 = CARTESIAN_POINT('',(623.,0.,80.));
#554 = VECTOR('',#555,1.);
#555 = DIRECTION('',(1.,0.,0.));
#556 = ORIENTED_EDGE('',*,*,#471,.T.);
#557 = ORIENTED_EDGE('',*,*,#558,.T.);
#558 = EDGE_CURVE('',#474,#514,#559,.T.);
#559 = LINE('',#560,#561);
#560 = CARTESIAN_POINT('',(623.,0.,98.));
#561 = VECTOR('',#562,1.);
#562 = DIRECTION('',(1.,0.,0.));
#563 = ORIENTED_EDGE('',*,*,#511,.F.);
#564 = PLANE('',#565);
#565 = AXIS2_PLACEMENT_3D('',#566,#567,#568);
#566 = CARTESIAN_POINT('',(623.,0.,80.));
#567 = DIRECTION('',(0.,1.,0.));
#568 = DIRECTION('',(0.,0.,1.));
#569 = ADVANCED_FACE('',(#570),#586,.T.);
#570 = FACE_BOUND('',#571,.T.);
#571 = EDGE_LOOP('',(#572,#578,#579,#585));
#572 = ORIENTED_EDGE('',*,*,#573,.F.);
#573 = EDGE_CURVE('',#482,#522,#574,.T.);
#574 = LINE('',#575,#576);
#575 = CARTESIAN_POINT('',(623.,650.,80.));
#576 = VECTOR('',#577,1.);
#577 = DIRECTION('',(1.,0.,0.));
#578 = ORIENTED_EDGE('',*,*,#489,.T.);
#579 = ORIENTED_EDGE('',*,*,#580,.T.);
#580 = EDGE_CURVE('',#490,#530,#581,.T.);
#581 = LINE('',#582,#583);
#582 = CARTESIAN_POINT('',(623.,650.,98.));
#583 = VECTOR('',#584,1.);
#584 = DIRECTION('',(1.,0.,0.));
#585 = ORIENTED_EDGE('',*,*,#529,.F.);
#586 = PLANE('',#587);
#587 = AXIS2_PLACEMENT_3D('',#588,#589,#590);
#588 = CARTESIAN_POINT('',(623.,650.,80.));
#589 = DIRECTION('',(0.,1.,0.));
#590 = DIRECTION('',(0.,0.,1.));
#591 = ADVANCED_FACE('',(#592),#598,.F.);
#592 = FACE_BOUND('',#593,.F.);
#593 = EDGE_LOOP('',(#594,#595,#596,#597));
#594 = ORIENTED_EDGE('',*,*,#481,.F.);
#595 = ORIENTED_EDGE('',*,*,#551,.T.);
#596 = ORIENTED_EDGE('',*,*,#521,.T.);
#597 = ORIENTED_EDGE('',*,*,#573,.F.);
#598 = PLANE('',#599);
#599 = AXIS2_PLACEMENT_3D('',#600,#601,#602);
#600 = CARTESIAN_POINT('',(623.,0.,80.));
#601 = DIRECTION('',(0.,0.,1.));
#602 = DIRECTION('',(1.,0.,0.));
#603 = ADVANCED_FACE('',(#604),#610,.T.);
#604 = FACE_BOUND('',#605,.T.);
#605 = EDGE_LOOP('',(#606,#607,#608,#609));
#606 = ORIENTED_EDGE('',*,*,#497,.F.);
#607 = ORIENTED_EDGE('',*,*,#558,.T.);
#608 = ORIENTED_EDGE('',*,*,#537,.T.);
#609 = ORIENTED_EDGE('',*,*,#580,.F.);
#610 = PLANE('',#611);
#611 = AXIS2_PLACEMENT_3D('',#612,#613,#614);
#612 = CARTESIAN_POINT('',(623.,0.,98.));
#613 = DIRECTION('',(0.,0.,1.));
#614 = DIRECTION('',(1.,0.,0.));
#615 = MANIFOLD_SOLID_BREP('',#616);
#616 = CLOSED_SHELL('',(#617,#657,#697,#719,#741,#753));
#617 = ADVANCED_FACE('',(#618),#652,.F.);
#618 = FACE_BOUND('',#619,.F.);
#619 = EDGE_LOOP('',(#620,#630,#638,#646));
#620 = ORIENTED_EDGE('',*,*,#621,.F.);
#621 = EDGE_CURVE('',#622,#624,#626,.T.);
#622 = VERTEX_POINT('',#623);
#623 = CARTESIAN_POINT('',(18.,26.,852.));
#624 = VERTEX_POINT('',#625);
#625 = CARTESIAN_POINT('',(18.,26.,870.));
#626 = LINE('',#627,#628);
#627 = CARTESIAN_POINT('',(18.,26.,852.));
#628 = VECTOR('',#629,1.);
#629 = DIRECTION('',(0.,0.,1.));
#630 = ORIENTED_EDGE('',*,*,#631,.T.);
#631 = EDGE_CURVE('',#622,#632,#634,.T.);
#632 = VERTEX_POINT('',#633);
#633 = CARTESIAN_POINT('',(18.,126.,852.));
#634 = LINE('',#635,#636);
#635 = CARTESIAN_POINT('',(18.,26.,852.));
#636 = VECTOR('',#637,1.);
#637 = DIRECTION('',(0.,1.,0.));
#638 = ORIENTED_EDGE('',*,*,#639,.T.);
#639 = EDGE_CURVE('',#632,#640,#642,.T.);
#640 = VERTEX_POINT('',#641);
#641 = CARTESIAN_POINT('',(18.,126.,870.));
#642 = LINE('',#643,#644);
#643 = CARTESIAN_POINT('',(18.,126.,852.));
#644 = VECTOR('',#645,1.);
#645 = DIRECTION('',(0.,0.,1.));
#646 = ORIENTED_EDGE('',*,*,#647,.F.);
#647 = EDGE_CURVE('',#624,#640,#648,.T.);
#648 = LINE('',#649,#650);
#649 = CARTESIAN_POINT('',(18.,26.,870.));
#650 = VECTOR('',#651,1.);
#651 = DIRECTION('',(0.,1.,0.));
#652 = PLANE('',#653);
#653 = AXIS2_PLACEMENT_3D('',#654,#655,#656);
#654 = CARTESIAN_POINT('',(18.,26.,852.));
#655 = DIRECTION('',(1.,0.,0.));
#656 = DIRECTION('',(0.,0.,1.));
#657 = ADVANCED_FACE('',(#658),#692,.T.);
#658 = FACE_BOUND('',#659,.T.);
#659 = EDGE_LOOP('',(#660,#670,#678,#686));
#660 = ORIENTED_EDGE('',*,*,#661,.F.);
#661 = EDGE_CURVE('',#662,#664,#666,.T.);
#662 = VERTEX_POINT('',#663);
#663 = CARTESIAN_POINT('',(1.662E+03,26.,852.));
#664 = VERTEX_POINT('',#665);
#665 = CARTESIAN_POINT('',(1.662E+03,26.,870.));
#666 = LINE('',#667,#668);
#667 = CARTESIAN_POINT('',(1.662E+03,26.,852.));
#668 = VECTOR('',#669,1.);
#669 = DIRECTION('',(0.,0.,1.));
#670 = ORIENTED_EDGE('',*,*,#671,.T.);
#671 = EDGE_CURVE('',#662,#672,#674,.T.);
#672 = VERTEX_POINT('',#673);
#673 = CARTESIAN_POINT('',(1.662E+03,126.,852.));
#674 = LINE('',#675,#676);
#675 = CARTESIAN_POINT('',(1.662E+03,26.,852.));
#676 = VECTOR('',#677,1.);
#677 = DIRECTION('',(0.,1.,0.));
#678 = ORIENTED_EDGE('',*,*,#679,.T.);
#679 = EDGE_CURVE('',#672,#680,#682,.T.);
#680 = VERTEX_POINT('',#681);
#681 = CARTESIAN_POINT('',(1.662E+03,126.,870.));
#682 = LINE('',#683,#684);
#683 = CARTESIAN_POINT('',(1.662E+03,126.,852.));
#684 = VECTOR('',#685,1.);
#685 = DIRECTION('',(0.,0.,1.));
#686 = ORIENTED_EDGE('',*,*,#687,.F.);
#687 = EDGE_CURVE('',#664,#680,#688,.T.);
#688 = LINE('',#689,#690);
#689 = CARTESIAN_POINT('',(1.662E+03,26.,870.));
#690 = VECTOR('',#691,1.);
#691 = DIRECTION('',(0.,1.,0.));
#692 = PLANE('',#693);
#693 = AXIS2_PLACEMENT_3D('',#694,#695,#696);
#694 = CARTESIAN_POINT('',(1.662E+03,26.,852.));
#695 = DIRECTION('',(1.,0.,0.));
#696 = DIRECTION('',(0.,0.,1.));
#697 = ADVANCED_FACE('',(#698),#714,.F.);
#698 = FACE_BOUND('',#699,.F.);
#699 = EDGE_LOOP('',(#700,#706,#707,#713));
#700 = ORIENTED_EDGE('',*,*,#701,.F.);
#701 = EDGE_CURVE('',#622,#662,#702,.T.);
#702 = LINE('',#703,#704);
#703 = CARTESIAN_POINT('',(18.,26.,852.));
#704 = VECTOR('',#705,1.);
#705 = DIRECTION('',(1.,0.,0.));
#706 = ORIENTED_EDGE('',*,*,#621,.T.);
#707 = ORIENTED_EDGE('',*,*,#708,.T.);
#708 = EDGE_CURVE('',#624,#664,#709,.T.);
#709 = LINE('',#710,#711);
#710 = CARTESIAN_POINT('',(18.,26.,870.));
#711 = VECTOR('',#712,1.);
#712 = DIRECTION('',(1.,0.,0.));
#713 = ORIENTED_EDGE('',*,*,#661,.F.);
#714 = PLANE('',#715);
#715 = AXIS2_PLACEMENT_3D('',#716,#717,#718);
#716 = CARTESIAN_POINT('',(18.,26.,852.));
#717 = DIRECTION('',(0.,1.,0.));
#718 = DIRECTION('',(0.,0.,1.));
#719 = ADVANCED_FACE('',(#720),#736,.T.);
#720 = FACE_BOUND('',#721,.T.);
#721 = EDGE_LOOP('',(#722,#728,#729,#735));
#722 = ORIENTED_EDGE('',*,*,#723,.F.);
#723 = EDGE_CURVE('',#632,#672,#724,.T.);
#724 = LINE('',#725,#726);
#725 = CARTESIAN_POINT('',(18.,126.,852.));
#726 = VECTOR('',#727,1.);
#727 = DIRECTION('',(1.,0.,0.));
#728 = ORIENTED_EDGE('',*,*,#639,.T.);
#729 = ORIENTED_EDGE('',*,*,#730,.T.);
#730 = EDGE_CURVE('',#640,#680,#731,.T.);
#731 = LINE('',#732,#733);
#732 = CARTESIAN_POINT('',(18.,126.,870.));
#733 = VECTOR('',#734,1.);
#734 = DIRECTION('',(1.,0.,0.));
#735 = ORIENTED_EDGE('',*,*,#679,.F.);
#736 = PLANE('',#737);
#737 = AXIS2_PLACEMENT_3D('',#738,#739,#740);
#738 = CARTESIAN_POINT('',(18.,126.,852.));
#739 = DIRECTION('',(0.,1.,0.));
#740 = DIRECTION('',(0.,0.,1.));
#741 = ADVANCED_FACE('',(#742),#748,.F.);
#742 = FACE_BOUND('',#743,.F.);
#743 = EDGE_LOOP('',(#744,#745,#746,#747));
#744 = ORIENTED_EDGE('',*,*,#631,.F.);
#745 = ORIENTED_EDGE('',*,*,#701,.T.);
#746 = ORIENTED_EDGE('',*,*,#671,.T.);
#747 = ORIENTED_EDGE('',*,*,#723,.F.);
#748 = PLANE('',#749);
#749 = AXIS2_PLACEMENT_3D('',#750,#751,#752);
#750 = CARTESIAN_POINT('',(18.,26.,852.));
#751 = DIRECTION('',(0.,0.,1.));
#752 = DIRECTION('',(1.,0.,0.));
#753 = ADVANCED_FACE('',(#754),#760,.T.);
#754 = FACE_BOUND('',#755,.T.);
#755 = EDGE_LOOP('',(#756,#757,#758,#759));
#756 = ORIENTED_EDGE('',*,*,#647,.F.);
#757 = ORIENTED_EDGE('',*,*,#708,.T.);
#758 = ORIENTED_EDGE('',*,*,#687,.T.);
#759 = ORIENTED_EDGE('',*,*,#730,.F.);
#760 = PLANE('',#761);
#761 = AXIS2_PLACEMENT_3D('',#762,#763,#764);
#762 = CARTESIAN_POINT('',(18.,26.,870.));
#763 = DIRECTION('',(0.,0.,1.));
#764 = DIRECTION('',(1.,0.,0.));
#765 = MANIFOLD_SOLID_BREP('',#766);
#766 = CLOSED_SHELL('',(#767,#807,#847,#869,#891,#903));
#767 = ADVANCED_FACE('',(#768),#802,.F.);
#768 = FACE_BOUND('',#769,.F.);
#769 = EDGE_LOOP('',(#770,#780,#788,#796));
#770 = ORIENTED_EDGE('',*,*,#771,.F.);
#771 = EDGE_CURVE('',#772,#774,#776,.T.);
#772 = VERTEX_POINT('',#773);
#773 = CARTESIAN_POINT('',(623.,550.,852.));
#774 = VERTEX_POINT('',#775);
#775 = CARTESIAN_POINT('',(623.,550.,870.));
#776 = LINE('',#777,#778);
#777 = CARTESIAN_POINT('',(623.,550.,852.));
#778 = VECTOR('',#779,1.);
#779 = DIRECTION('',(0.,0.,1.));
#780 = ORIENTED_EDGE('',*,*,#781,.T.);
#781 = EDGE_CURVE('',#772,#782,#784,.T.);
#782 = VERTEX_POINT('',#783);
#783 = CARTESIAN_POINT('',(623.,650.,852.));
#784 = LINE('',#785,#786);
#785 = CARTESIAN_POINT('',(623.,550.,852.));
#786 = VECTOR('',#787,1.);
#787 = DIRECTION('',(0.,1.,0.));
#788 = ORIENTED_EDGE('',*,*,#789,.T.);
#789 = EDGE_CURVE('',#782,#790,#792,.T.);
#790 = VERTEX_POINT('',#791);
#791 = CARTESIAN_POINT('',(623.,650.,870.));
#792 = LINE('',#793,#794);
#793 = CARTESIAN_POINT('',(623.,650.,852.));
#794 = VECTOR('',#795,1.);
#795 = DIRECTION('',(0.,0.,1.));
#796 = ORIENTED_EDGE('',*,*,#797,.F.);
#797 = EDGE_CURVE('',#774,#790,#798,.T.);
#798 = LINE('',#799,#800);
#799 = CARTESIAN_POINT('',(623.,550.,870.));
#800 = VECTOR('',#801,1.);
#801 = DIRECTION('',(0.,1.,0.));
#802 = PLANE('',#803);
#803 = AXIS2_PLACEMENT_3D('',#804,#805,#806);
#804 = CARTESIAN_POINT('',(623.,550.,852.));
#805 = DIRECTION('',(1.,0.,0.));
#806 = DIRECTION('',(0.,0.,1.));
#807 = ADVANCED_FACE('',(#808),#842,.T.);
#808 = FACE_BOUND('',#809,.T.);
#809 = EDGE_LOOP('',(#810,#820,#828,#836));
#810 = ORIENTED_EDGE('',*,*,#811,.F.);
#811 = EDGE_CURVE('',#812,#814,#816,.T.);
#812 = VERTEX_POINT('',#813);
#813 = CARTESIAN_POINT('',(1.68E+03,550.,852.));
#814 = VERTEX_POINT('',#815);
#815 = CARTESIAN_POINT('',(1.68E+03,550.,870.));
#816 = LINE('',#817,#818);
#817 = CARTESIAN_POINT('',(1.68E+03,550.,852.));
#818 = VECTOR('',#819,1.);
#819 = DIRECTION('',(0.,0.,1.));
#820 = ORIENTED_EDGE('',*,*,#821,.T.);
#821 = EDGE_CURVE('',#812,#822,#824,.T.);
#822 = VERTEX_POINT('',#823);
#823 = CARTESIAN_POINT('',(1.68E+03,650.,852.));
#824 = LINE('',#825,#826);
#825 = CARTESIAN_POINT('',(1.68E+03,550.,852.));
#826 = VECTOR('',#827,1.);
#827 = DIRECTION('',(0.,1.,0.));
#828 = ORIENTED_EDGE('',*,*,#829,.T.);
#829 = EDGE_CURVE('',#822,#830,#832,.T.);
#830 = VERTEX_POINT('',#831);
#831 = CARTESIAN_POINT('',(1.68E+03,650.,870.));
#832 = LINE('',#833,#834);
#833 = CARTESIAN_POINT('',(1.68E+03,650.,852.));
#834 = VECTOR('',#835,1.);
#835 = DIRECTION('',(0.,0.,1.));
#836 = ORIENTED_EDGE('',*,*,#837,.F.);
#837 = EDGE_CURVE('',#814,#830,#838,.T.);
#838 = LINE('',#839,#840);
#839 = CARTESIAN_POINT('',(1.68E+03,550.,870.));
#840 = VECTOR('',#841,1.);
#841 = DIRECTION('',(0.,1.,0.));
#842 = PLANE('',#843);
#843 = AXIS2_PLACEMENT_3D('',#844,#845,#846);
#844 = CARTESIAN_POINT('',(1.68E+03,550.,852.));
#845 = DIRECTION('',(1.,0.,0.));
#846 = DIRECTION('',(0.,0.,1.));
#847 = ADVANCED_FACE('',(#848),#864,.F.);
#848 = FACE_BOUND('',#849,.F.);
#849 = EDGE_LOOP('',(#850,#856,#857,#863));
#850 = ORIENTED_EDGE('',*,*,#851,.F.);
#851 = EDGE_CURVE('',#772,#812,#852,.T.);
#852 = LINE('',#853,#854);
#853 = CARTESIAN_POINT('',(623.,550.,852.));
#854 = VECTOR('',#855,1.);
#855 = DIRECTION('',(1.,0.,0.));
#856 = ORIENTED_EDGE('',*,*,#771,.T.);
#857 = ORIENTED_EDGE('',*,*,#858,.T.);
#858 = EDGE_CURVE('',#774,#814,#859,.T.);
#859 = LINE('',#860,#861);
#860 = CARTESIAN_POINT('',(623.,550.,870.));
#861 = VECTOR('',#862,1.);
#862 = DIRECTION('',(1.,0.,0.));
#863 = ORIENTED_EDGE('',*,*,#811,.F.);
#864 = PLANE('',#865);
#865 = AXIS2_PLACEMENT_3D('',#866,#867,#868);
#866 = CARTESIAN_POINT('',(623.,550.,852.));
#867 = DIRECTION('',(0.,1.,0.));
#868 = DIRECTION('',(0.,0.,1.));
#869 = ADVANCED_FACE('',(#870),#886,.T.);
#870 = FACE_BOUND('',#871,.T.);
#871 = EDGE_LOOP('',(#872,#878,#879,#885));
#872 = ORIENTED_EDGE('',*,*,#873,.F.);
#873 = EDGE_CURVE('',#782,#822,#874,.T.);
#874 = LINE('',#875,#876);
#875 = CARTESIAN_POINT('',(623.,650.,852.));
#876 = VECTOR('',#877,1.);
#877 = DIRECTION('',(1.,0.,0.));
#878 = ORIENTED_EDGE('',*,*,#789,.T.);
#879 = ORIENTED_EDGE('',*,*,#880,.T.);
#880 = EDGE_CURVE('',#790,#830,#881,.T.);
#881 = LINE('',#882,#883);
#882 = CARTESIAN_POINT('',(623.,650.,870.));
#883 = VECTOR('',#884,1.);
#884 = DIRECTION('',(1.,0.,0.));
#885 = ORIENTED_EDGE('',*,*,#829,.F.);
#886 = PLANE('',#887);
#887 = AXIS2_PLACEMENT_3D('',#888,#889,#890);
#888 = CARTESIAN_POINT('',(623.,650.,852.));
#889 = DIRECTION('',(0.,1.,0.));
#890 = DIRECTION('',(0.,0.,1.));
#891 = ADVANCED_FACE('',(#892),#898,.F.);
#892 = FACE_BOUND('',#893,.F.);
#893 = EDGE_LOOP('',(#894,#895,#896,#897));
#894 = ORIENTED_EDGE('',*,*,#781,.F.);
#895 = ORIENTED_EDGE('',*,*,#851,.T.);
#896 = ORIENTED_EDGE('',*,*,#821,.T.);
#897 = ORIENTED_EDGE('',*,*,#873,.F.);
#898 = PLANE('',#899);
#899 = AXIS2_PLACEMENT_3D('',#900,#901,#902);
#900 = CARTESIAN_POINT('',(623.,550.,852.));
#901 = DIRECTION('',(0.,0.,1.));
#902 = DIRECTION('',(1.,0.,0.));
#903 = ADVANCED_FACE('',(#904),#910,.T.);
#904 = FACE_BOUND('',#905,.T.);
#905 = EDGE_LOOP('',(#906,#907,#908,#909));
#906 = ORIENTED_EDGE('',*,*,#797,.F.);
#907 = ORIENTED_EDGE('',*,*,#858,.T.);
#908 = ORIENTED_EDGE('',*,*,#837,.T.);
#909 = ORIENTED_EDGE('',*,*,#880,.F.);
#910 = PLANE('',#911);
#911 = AXIS2_PLACEMENT_3D('',#912,#913,#914);
#912 = CARTESIAN_POINT('',(623.,550.,870.));
#913 = DIRECTION('',(0.,0.,1.));
#914 = DIRECTION('',(1.,0.,0.));
#915 = MANIFOLD_SOLID_BREP('',#916);
#916 = CLOSED_SHELL('',(#917,#957,#997,#1019,#1041,#1053));
#917 = ADVANCED_FACE('',(#918),#952,.F.);
#918 = FACE_BOUND('',#919,.F.);
#919 = EDGE_LOOP('',(#920,#930,#938,#946));
#920 = ORIENTED_EDGE('',*,*,#921,.F.);
#921 = EDGE_CURVE('',#922,#924,#926,.T.);
#922 = VERTEX_POINT('',#923);
#923 = CARTESIAN_POINT('',(653.,30.,0.));
#924 = VERTEX_POINT('',#925);
#925 = CARTESIAN_POINT('',(653.,30.,80.));
#926 = LINE('',#927,#928);
#927 = CARTESIAN_POINT('',(653.,30.,0.));
#928 = VECTOR('',#929,1.);
#929 = DIRECTION('',(0.,0.,1.));
#930 = ORIENTED_EDGE('',*,*,#931,.T.);
#931 = EDGE_CURVE('',#922,#932,#934,.T.);
#932 = VERTEX_POINT('',#933);
#933 = CARTESIAN_POINT('',(653.,70.,0.));
#934 = LINE('',#935,#936);
#935 = CARTESIAN_POINT('',(653.,30.,0.));
#936 = VECTOR('',#937,1.);
#937 = DIRECTION('',(0.,1.,0.));
#938 = ORIENTED_EDGE('',*,*,#939,.T.);
#939 = EDGE_CURVE('',#932,#940,#942,.T.);
#940 = VERTEX_POINT('',#941);
#941 = CARTESIAN_POINT('',(653.,70.,80.));
#942 = LINE('',#943,#944);
#943 = CARTESIAN_POINT('',(653.,70.,0.));
#944 = VECTOR('',#945,1.);
#945 = DIRECTION('',(0.,0.,1.));
#946 = ORIENTED_EDGE('',*,*,#947,.F.);
#947 = EDGE_CURVE('',#924,#940,#948,.T.);
#948 = LINE('',#949,#950);
#949 = CARTESIAN_POINT('',(653.,30.,80.));
#950 = VECTOR('',#951,1.);
#951 = DIRECTION('',(0.,1.,0.));
#952 = PLANE('',#953);
#953 = AXIS2_PLACEMENT_3D('',#954,#955,#956);
#954 = CARTESIAN_POINT('',(653.,30.,0.));
#955 = DIRECTION('',(1.,0.,0.));
#956 = DIRECTION('',(0.,0.,1.));
#957 = ADVANCED_FACE('',(#958),#992,.T.);
#958 = FACE_BOUND('',#959,.T.);
#959 = EDGE_LOOP('',(#960,#970,#978,#986));
#960 = ORIENTED_EDGE('',*,*,#961,.F.);
#961 = EDGE_CURVE('',#962,#964,#966,.T.);
#962 = VERTEX_POINT('',#963);
#963 = CARTESIAN_POINT('',(693.,30.,0.));
#964 = VERTEX_POINT('',#965);
#965 = CARTESIAN_POINT('',(693.,30.,80.));
#966 = LINE('',#967,#968);
#967 = CARTESIAN_POINT('',(693.,30.,0.));
#968 = VECTOR('',#969,1.);
#969 = DIRECTION('',(0.,0.,1.));
#970 = ORIENTED_EDGE('',*,*,#971,.T.);
#971 = EDGE_CURVE('',#962,#972,#974,.T.);
#972 = VERTEX_POINT('',#973);
#973 = CARTESIAN_POINT('',(693.,70.,0.));
#974 = LINE('',#975,#976);
#975 = CARTESIAN_POINT('',(693.,30.,0.));
#976 = VECTOR('',#977,1.);
#977 = DIRECTION('',(0.,1.,0.));
#978 = ORIENTED_EDGE('',*,*,#979,.T.);
#979 = EDGE_CURVE('',#972,#980,#982,.T.);
#980 = VERTEX_POINT('',#981);
#981 = CARTESIAN_POINT('',(693.,70.,80.));
#982 = LINE('',#983,#984);
#983 = CARTESIAN_POINT('',(693.,70.,0.));
#984 = VECTOR('',#985,1.);
#985 = DIRECTION('',(0.,0.,1.));
#986 = ORIENTED_EDGE('',*,*,#987,.F.);
#987 = EDGE_CURVE('',#964,#980,#988,.T.);
#988 = LINE('',#989,#990);
#989 = CARTESIAN_POINT('',(693.,30.,80.));
#990 = VECTOR('',#991,1.);
#991 = DIRECTION('',(0.,1.,0.));
#992 = PLANE('',#993);
#993 = AXIS2_PLACEMENT_3D('',#994,#995,#996);
#994 = CARTESIAN_POINT('',(693.,30.,0.));
#995 = DIRECTION('',(1.,0.,0.));
#996 = DIRECTION('',(0.,0.,1.));
#997 = ADVANCED_FACE('',(#998),#1014,.F.);
#998 = FACE_BOUND('',#999,.F.);
#999 = EDGE_LOOP('',(#1000,#1006,#1007,#1013));
#1000 = ORIENTED_EDGE('',*,*,#1001,.F.);
#1001 = EDGE_CURVE('',#922,#962,#1002,.T.);
#1002 = LINE('',#1003,#1004);
#1003 = CARTESIAN_POINT('',(653.,30.,0.));
#1004 = VECTOR('',#1005,1.);
#1005 = DIRECTION('',(1.,0.,0.));
#1006 = ORIENTED_EDGE('',*,*,#921,.T.);
#1007 = ORIENTED_EDGE('',*,*,#1008,.T.);
#1008 = EDGE_CURVE('',#924,#964,#1009,.T.);
#1009 = LINE('',#1010,#1011);
#1010 = CARTESIAN_POINT('',(653.,30.,80.));
#1011 = VECTOR('',#1012,1.);
#1012 = DIRECTION('',(1.,0.,0.));
#1013 = ORIENTED_EDGE('',*,*,#961,.F.);
#1014 = PLANE('',#1015);
#1015 = AXIS2_PLACEMENT_3D('',#1016,#1017,#1018);
#1016 = CARTESIAN_POINT('',(653.,30.,0.));
#1017 = DIRECTION('',(0.,1.,0.));
#1018 = DIRECTION('',(0.,0.,1.));
#1019 = ADVANCED_FACE('',(#1020),#1036,.T.);
#1020 = FACE_BOUND('',#1021,.T.);
#1021 = EDGE_LOOP('',(#1022,#1028,#1029,#1035));
#1022 = ORIENTED_EDGE('',*,*,#1023,.F.);
#1023 = EDGE_CURVE('',#932,#972,#1024,.T.);
#1024 = LINE('',#1025,#1026);
#1025 = CARTESIAN_POINT('',(653.,70.,0.));
#1026 = VECTOR('',#1027,1.);
#1027 = DIRECTION('',(1.,0.,0.));
#1028 = ORIENTED_EDGE('',*,*,#939,.T.);
#1029 = ORIENTED_EDGE('',*,*,#1030,.T.);
#1030 = EDGE_CURVE('',#940,#980,#1031,.T.);
#1031 = LINE('',#1032,#1033);
#1032 = CARTESIAN_POINT('',(653.,70.,80.));
#1033 = VECTOR('',#1034,1.);
#1034 = DIRECTION('',(1.,0.,0.));
#1035 = ORIENTED_EDGE('',*,*,#979,.F.);
#1036 = PLANE('',#1037);
#1037 = AXIS2_PLACEMENT_3D('',#1038,#1039,#1040);
#1038 = CARTESIAN_POINT('',(653.,70.,0.));
#1039 = DIRECTION('',(0.,1.,0.));
#1040 = DIRECTION('',(0.,0.,1.));
#1041 = ADVANCED_FACE('',(#1042),#1048,.F.);
#1042 = FACE_BOUND('',#1043,.F.);
#1043 = EDGE_LOOP('',(#1044,#1045,#1046,#1047));
#1044 = ORIENTED_EDGE('',*,*,#931,.F.);
#1045 = ORIENTED_EDGE('',*,*,#1001,.T.);
#1046 = ORIENTED_EDGE('',*,*,#971,.T.);
#1047 = ORIENTED_EDGE('',*,*,#1023,.F.);
#1048 = PLANE('',#1049);
#1049 = AXIS2_PLACEMENT_3D('',#1050,#1051,#1052);
#1050 = CARTESIAN_POINT('',(653.,30.,0.));
#1051 = DIRECTION('',(0.,0.,1.));
#1052 = DIRECTION('',(1.,0.,0.));
#1053 = ADVANCED_FACE('',(#1054),#1060,.T.);
#1054 = FACE_BOUND('',#1055,.T.);
#1055 = EDGE_LOOP('',(#1056,#1057,#1058,#1059));
#1056 = ORIENTED_EDGE('',*,*,#947,.F.);
#1057 = ORIENTED_EDGE('',*,*,#1008,.T.);
#1058 = ORIENTED_EDGE('',*,*,#987,.T.);
#1059 = ORIENTED_EDGE('',*,*,#1030,.F.);
#1060 = PLANE('',#1061);
#1061 = AXIS2_PLACEMENT_3D('',#1062,#1063,#1064);
#1062 = CARTESIAN_POINT('',(653.,30.,80.));
#1063 = DIRECTION('',(0.,0.,1.));
#1064 = DIRECTION('',(1.,0.,0.));
#1065 = MANIFOLD_SOLID_BREP('',#1066);
#1066 = CLOSED_SHELL('',(#1067,#1107,#1147,#1169,#1191,#1203));
#1067 = ADVANCED_FACE('',(#1068),#1102,.F.);
#1068 = FACE_BOUND('',#1069,.F.);
#1069 = EDGE_LOOP('',(#1070,#1080,#1088,#1096));
#1070 = ORIENTED_EDGE('',*,*,#1071,.F.);
#1071 = EDGE_CURVE('',#1072,#1074,#1076,.T.);
#1072 = VERTEX_POINT('',#1073);
#1073 = CARTESIAN_POINT('',(653.,580.,0.));
#1074 = VERTEX_POINT('',#1075);
#1075 = CARTESIAN_POINT('',(653.,580.,80.));
#1076 = LINE('',#1077,#1078);
#1077 = CARTESIAN_POINT('',(653.,580.,0.));
#1078 = VECTOR('',#1079,1.);
#1079 = DIRECTION('',(0.,0.,1.));
#1080 = ORIENTED_EDGE('',*,*,#1081,.T.);
#1081 = EDGE_CURVE('',#1072,#1082,#1084,.T.);
#1082 = VERTEX_POINT('',#1083);
#1083 = CARTESIAN_POINT('',(653.,620.,0.));
#1084 = LINE('',#1085,#1086);
#1085 = CARTESIAN_POINT('',(653.,580.,0.));
#1086 = VECTOR('',#1087,1.);
#1087 = DIRECTION('',(0.,1.,0.));
#1088 = ORIENTED_EDGE('',*,*,#1089,.T.);
#1089 = EDGE_CURVE('',#1082,#1090,#1092,.T.);
#1090 = VERTEX_POINT('',#1091);
#1091 = CARTESIAN_POINT('',(653.,620.,80.));
#1092 = LINE('',#1093,#1094);
#1093 = CARTESIAN_POINT('',(653.,620.,0.));
#1094 = VECTOR('',#1095,1.);
#1095 = DIRECTION('',(0.,0.,1.));
#1096 = ORIENTED_EDGE('',*,*,#1097,.F.);
#1097 = EDGE_CURVE('',#1074,#1090,#1098,.T.);
#1098 = LINE('',#1099,#1100);
#1099 = CARTESIAN_POINT('',(653.,580.,80.));
#1100 = VECTOR('',#1101,1.);
#1101 = DIRECTION('',(0.,1.,0.));
#1102 = PLANE('',#1103);
#1103 = AXIS2_PLACEMENT_3D('',#1104,#1105,#1106);
#1104 = CARTESIAN_POINT('',(653.,580.,0.));
#1105 = DIRECTION('',(1.,0.,0.));
#1106 = DIRECTION('',(0.,0.,1.));
#1107 = ADVANCED_FACE('',(#1108),#1142,.T.);
#1108 = FACE_BOUND('',#1109,.T.);
#1109 = EDGE_LOOP('',(#1110,#1120,#1128,#1136));
#1110 = ORIENTED_EDGE('',*,*,#1111,.F.);
#1111 = EDGE_CURVE('',#1112,#1114,#1116,.T.);
#1112 = VERTEX_POINT('',#1113);
#1113 = CARTESIAN_POINT('',(693.,580.,0.));
#1114 = VERTEX_POINT('',#1115);
#1115 = CARTESIAN_POINT('',(693.,580.,80.));
#1116 = LINE('',#1117,#1118);
#1117 = CARTESIAN_POINT('',(693.,580.,0.));
#1118 = VECTOR('',#1119,1.);
#1119 = DIRECTION('',(0.,0.,1.));
#1120 = ORIENTED_EDGE('',*,*,#1121,.T.);
#1121 = EDGE_CURVE('',#1112,#1122,#1124,.T.);
#1122 = VERTEX_POINT('',#1123);
#1123 = CARTESIAN_POINT('',(693.,620.,0.));
#1124 = LINE('',#1125,#1126);
#1125 = CARTESIAN_POINT('',(693.,580.,0.));
#1126 = VECTOR('',#1127,1.);
#1127 = DIRECTION('',(0.,1.,0.));
#1128 = ORIENTED_EDGE('',*,*,#1129,.T.);
#1129 = EDGE_CURVE('',#1122,#1130,#1132,.T.);
#1130 = VERTEX_POINT('',#1131);
#1131 = CARTESIAN_POINT('',(693.,620.,80.));
#1132 = LINE('',#1133,#1134);
#1133 = CARTESIAN_POINT('',(693.,620.,0.));
#1134 = VECTOR('',#1135,1.);
#1135 = DIRECTION('',(0.,0.,1.));
#1136 = ORIENTED_EDGE('',*,*,#1137,.F.);
#1137 = EDGE_CURVE('',#1114,#1130,#1138,.T.);
#1138 = LINE('',#1139,#1140);
#1139 = CARTESIAN_POINT('',(693.,580.,80.));
#1140 = VECTOR('',#1141,1.);
#1141 = DIRECTION('',(0.,1.,0.));
#1142 = PLANE('',#1143);
#1143 = AXIS2_PLACEMENT_3D('',#1144,#1145,#1146);
#1144 = CARTESIAN_POINT('',(693.,580.,0.));
#1145 = DIRECTION('',(1.,0.,0.));
#1146 = DIRECTION('',(0.,0.,1.));
#1147 = ADVANCED_FACE('',(#1148),#1164,.F.);
#1148 = FACE_BOUND('',#1149,.F.);
#1149 = EDGE_LOOP('',(#1150,#1156,#1157,#1163));
#1150 = ORIENTED_EDGE('',*,*,#1151,.F.);
#1151 = EDGE_CURVE('',#1072,#1112,#1152,.T.);
#1152 = LINE('',#1153,#1154);
#1153 = CARTESIAN_POINT('',(653.,580.,0.));
#1154 = VECTOR('',#1155,1.);
#1155 = DIRECTION('',(1.,0.,0.));
#1156 = ORIENTED_EDGE('',*,*,#1071,.T.);
#1157 = ORIENTED_EDGE('',*,*,#1158,.T.);
#1158 = EDGE_CURVE('',#1074,#1114,#1159,.T.);
#1159 = LINE('',#1160,#1161);
#1160 = CARTESIAN_POINT('',(653.,580.,80.));
#1161 = VECTOR('',#1162,1.);
#1162 = DIRECTION('',(1.,0.,0.));
#1163 = ORIENTED_EDGE('',*,*,#1111,.F.);
#1164 = PLANE('',#1165);
#1165 = AXIS2_PLACEMENT_3D('',#1166,#1167,#1168);
#1166 = CARTESIAN_POINT('',(653.,580.,0.));
#1167 = DIRECTION('',(0.,1.,0.));
#1168 = DIRECTION('',(0.,0.,1.));
#1169 = ADVANCED_FACE('',(#1170),#1186,.T.);
#1170 = FACE_BOUND('',#1171,.T.);
#1171 = EDGE_LOOP('',(#1172,#1178,#1179,#1185));
#1172 = ORIENTED_EDGE('',*,*,#1173,.F.);
#1173 = EDGE_CURVE('',#1082,#1122,#1174,.T.);
#1174 = LINE('',#1175,#1176);
#1175 = CARTESIAN_POINT('',(653.,620.,0.));
#1176 = VECTOR('',#1177,1.);
#1177 = DIRECTION('',(1.,0.,0.));
#1178 = ORIENTED_EDGE('',*,*,#1089,.T.);
#1179 = ORIENTED_EDGE('',*,*,#1180,.T.);
#1180 = EDGE_CURVE('',#1090,#1130,#1181,.T.);
#1181 = LINE('',#1182,#1183);
#1182 = CARTESIAN_POINT('',(653.,620.,80.));
#1183 = VECTOR('',#1184,1.);
#1184 = DIRECTION('',(1.,0.,0.));
#1185 = ORIENTED_EDGE('',*,*,#1129,.F.);
#1186 = PLANE('',#1187);
#1187 = AXIS2_PLACEMENT_3D('',#1188,#1189,#1190);
#1188 = CARTESIAN_POINT('',(653.,620.,0.));
#1189 = DIRECTION('',(0.,1.,0.));
#1190 = DIRECTION('',(0.,0.,1.));
#1191 = ADVANCED_FACE('',(#1192),#1198,.F.);
#1192 = FACE_BOUND('',#1193,.F.);
#1193 = EDGE_LOOP('',(#1194,#1195,#1196,#1197));
#1194 = ORIENTED_EDGE('',*,*,#1081,.F.);
#1195 = ORIENTED_EDGE('',*,*,#1151,.T.);
#1196 = ORIENTED_EDGE('',*,*,#1121,.T.);
#1197 = ORIENTED_EDGE('',*,*,#1173,.F.);
#1198 = PLANE('',#1199);
#1199 = AXIS2_PLACEMENT_3D('',#1200,#1201,#1202);
#1200 = CARTESIAN_POINT('',(653.,580.,0.));
#1201 = DIRECTION('',(0.,0.,1.));
#1202 = DIRECTION('',(1.,0.,0.));
#1203 = ADVANCED_FACE('',(#1204),#1210,.T.);
#1204 = FACE_BOUND('',#1205,.T.);
#1205 = EDGE_LOOP('',(#1206,#1207,#1208,#1209));
#1206 = ORIENTED_EDGE('',*,*,#1097,.F.);
#1207 = ORIENTED_EDGE('',*,*,#1158,.T.);
#1208 = ORIENTED_EDGE('',*,*,#1137,.T.);
#1209 = ORIENTED_EDGE('',*,*,#1180,.F.);
#1210 = PLANE('',#1211);
#1211 = AXIS2_PLACEMENT_3D('',#1212,#1213,#1214);
#1212 = CARTESIAN_POINT('',(653.,580.,80.));
#1213 = DIRECTION('',(0.,0.,1.));
#1214 = DIRECTION('',(1.,0.,0.));
#1215 = MANIFOLD_SOLID_BREP('',#1216);
#1216 = CLOSED_SHELL('',(#1217,#1257,#1297,#1319,#1341,#1353));
#1217 = ADVANCED_FACE('',(#1218),#1252,.F.);
#1218 = FACE_BOUND('',#1219,.F.);
#1219 = EDGE_LOOP('',(#1220,#1230,#1238,#1246));
#1220 = ORIENTED_EDGE('',*,*,#1221,.F.);
#1221 = EDGE_CURVE('',#1222,#1224,#1226,.T.);
#1222 = VERTEX_POINT('',#1223);
#1223 = CARTESIAN_POINT('',(1.61E+03,30.,0.));
#1224 = VERTEX_POINT('',#1225);
#1225 = CARTESIAN_POINT('',(1.61E+03,30.,80.));
#1226 = LINE('',#1227,#1228);
#1227 = CARTESIAN_POINT('',(1.61E+03,30.,0.));
#1228 = VECTOR('',#1229,1.);
#1229 = DIRECTION('',(0.,0.,1.));
#1230 = ORIENTED_EDGE('',*,*,#1231,.T.);
#1231 = EDGE_CURVE('',#1222,#1232,#1234,.T.);
#1232 = VERTEX_POINT('',#1233);
#1233 = CARTESIAN_POINT('',(1.61E+03,70.,0.));
#1234 = LINE('',#1235,#1236);
#1235 = CARTESIAN_POINT('',(1.61E+03,30.,0.));
#1236 = VECTOR('',#1237,1.);
#1237 = DIRECTION('',(0.,1.,0.));
#1238 = ORIENTED_EDGE('',*,*,#1239,.T.);
#1239 = EDGE_CURVE('',#1232,#1240,#1242,.T.);
#1240 = VERTEX_POINT('',#1241);
#1241 = CARTESIAN_POINT('',(1.61E+03,70.,80.));
#1242 = LINE('',#1243,#1244);
#1243 = CARTESIAN_POINT('',(1.61E+03,70.,0.));
#1244 = VECTOR('',#1245,1.);
#1245 = DIRECTION('',(0.,0.,1.));
#1246 = ORIENTED_EDGE('',*,*,#1247,.F.);
#1247 = EDGE_CURVE('',#1224,#1240,#1248,.T.);
#1248 = LINE('',#1249,#1250);
#1249 = CARTESIAN_POINT('',(1.61E+03,30.,80.));
#1250 = VECTOR('',#1251,1.);
#1251 = DIRECTION('',(0.,1.,0.));
#1252 = PLANE('',#1253);
#1253 = AXIS2_PLACEMENT_3D('',#1254,#1255,#1256);
#1254 = CARTESIAN_POINT('',(1.61E+03,30.,0.));
#1255 = DIRECTION('',(1.,0.,0.));
#1256 = DIRECTION('',(0.,0.,1.));
#1257 = ADVANCED_FACE('',(#1258),#1292,.T.);
#1258 = FACE_BOUND('',#1259,.T.);
#1259 = EDGE_LOOP('',(#1260,#1270,#1278,#1286));
#1260 = ORIENTED_EDGE('',*,*,#1261,.F.);
#1261 = EDGE_CURVE('',#1262,#1264,#1266,.T.);
#1262 = VERTEX_POINT('',#1263);
#1263 = CARTESIAN_POINT('',(1.65E+03,30.,0.));
#1264 = VERTEX_POINT('',#1265);
#1265 = CARTESIAN_POINT('',(1.65E+03,30.,80.));
#1266 = LINE('',#1267,#1268);
#1267 = CARTESIAN_POINT('',(1.65E+03,30.,0.));
#1268 = VECTOR('',#1269,1.);
#1269 = DIRECTION('',(0.,0.,1.));
#1270 = ORIENTED_EDGE('',*,*,#1271,.T.);
#1271 = EDGE_CURVE('',#1262,#1272,#1274,.T.);
#1272 = VERTEX_POINT('',#1273);
#1273 = CARTESIAN_POINT('',(1.65E+03,70.,0.));
#1274 = LINE('',#1275,#1276);
#1275 = CARTESIAN_POINT('',(1.65E+03,30.,0.));
#1276 = VECTOR('',#1277,1.);
#1277 = DIRECTION('',(0.,1.,0.));
#1278 = ORIENTED_EDGE('',*,*,#1279,.T.);
#1279 = EDGE_CURVE('',#1272,#1280,#1282,.T.);
#1280 = VERTEX_POINT('',#1281);
#1281 = CARTESIAN_POINT('',(1.65E+03,70.,80.));
#1282 = LINE('',#1283,#1284);
#1283 = CARTESIAN_POINT('',(1.65E+03,70.,0.));
#1284 = VECTOR('',#1285,1.);
#1285 = DIRECTION('',(0.,0.,1.));
#1286 = ORIENTED_EDGE('',*,*,#1287,.F.);
#1287 = EDGE_CURVE('',#1264,#1280,#1288,.T.);
#1288 = LINE('',#1289,#1290);
#1289 = CARTESIAN_POINT('',(1.65E+03,30.,80.));
#1290 = VECTOR('',#1291,1.);
#1291 = DIRECTION('',(0.,1.,0.));
#1292 = PLANE('',#1293);
#1293 = AXIS2_PLACEMENT_3D('',#1294,#1295,#1296);
#1294 = CARTESIAN_POINT('',(1.65E+03,30.,0.));
#1295 = DIRECTION('',(1.,0.,0.));
#1296 = DIRECTION('',(0.,0.,1.));
#1297 = ADVANCED_FACE('',(#1298),#1314,.F.);
#1298 = FACE_BOUND('',#1299,.F.);
#1299 = EDGE_LOOP('',(#1300,#1306,#1307,#1313));
#1300 = ORIENTED_EDGE('',*,*,#1301,.F.);
#1301 = EDGE_CURVE('',#1222,#1262,#1302,.T.);
#1302 = LINE('',#1303,#1304);
#1303 = CARTESIAN_POINT('',(1.61E+03,30.,0.));
#1304 = VECTOR('',#1305,1.);
#1305 = DIRECTION('',(1.,0.,0.));
#1306 = ORIENTED_EDGE('',*,*,#1221,.T.);
#1307 = ORIENTED_EDGE('',*,*,#1308,.T.);
#1308 = EDGE_CURVE('',#1224,#1264,#1309,.T.);
#1309 = LINE('',#1310,#1311);
#1310 = CARTESIAN_POINT('',(1.61E+03,30.,80.));
#1311 = VECTOR('',#1312,1.);
#1312 = DIRECTION('',(1.,0.,0.));
#1313 = ORIENTED_EDGE('',*,*,#1261,.F.);
#1314 = PLANE('',#1315);
#1315 = AXIS2_PLACEMENT_3D('',#1316,#1317,#1318);
#1316 = CARTESIAN_POINT('',(1.61E+03,30.,0.));
#1317 = DIRECTION('',(0.,1.,0.));
#1318 = DIRECTION('',(0.,0.,1.));
#1319 = ADVANCED_FACE('',(#1320),#1336,.T.);
#1320 = FACE_BOUND('',#1321,.T.);
#1321 = EDGE_LOOP('',(#1322,#1328,#1329,#1335));
#1322 = ORIENTED_EDGE('',*,*,#1323,.F.);
#1323 = EDGE_CURVE('',#1232,#1272,#1324,.T.);
#1324 = LINE('',#1325,#1326);
#1325 = CARTESIAN_POINT('',(1.61E+03,70.,0.));
#1326 = VECTOR('',#1327,1.);
#1327 = DIRECTION('',(1.,0.,0.));
#1328 = ORIENTED_EDGE('',*,*,#1239,.T.);
#1329 = ORIENTED_EDGE('',*,*,#1330,.T.);
#1330 = EDGE_CURVE('',#1240,#1280,#1331,.T.);
#1331 = LINE('',#1332,#1333);
#1332 = CARTESIAN_POINT('',(1.61E+03,70.,80.));
#1333 = VECTOR('',#1334,1.);
#1334 = DIRECTION('',(1.,0.,0.));
#1335 = ORIENTED_EDGE('',*,*,#1279,.F.);
#1336 = PLANE('',#1337);
#1337 = AXIS2_PLACEMENT_3D('',#1338,#1339,#1340);
#1338 = CARTESIAN_POINT('',(1.61E+03,70.,0.));
#1339 = DIRECTION('',(0.,1.,0.));
#1340 = DIRECTION('',(0.,0.,1.));
#1341 = ADVANCED_FACE('',(#1342),#1348,.F.);
#1342 = FACE_BOUND('',#1343,.F.);
#1343 = EDGE_LOOP('',(#1344,#1345,#1346,#1347));
#1344 = ORIENTED_EDGE('',*,*,#1231,.F.);
#1345 = ORIENTED_EDGE('',*,*,#1301,.T.);
#1346 = ORIENTED_EDGE('',*,*,#1271,.T.);
#1347 = ORIENTED_EDGE('',*,*,#1323,.F.);
#1348 = PLANE('',#1349);
#1349 = AXIS2_PLACEMENT_3D('',#1350,#1351,#1352);
#1350 = CARTESIAN_POINT('',(1.61E+03,30.,0.));
#1351 = DIRECTION('',(0.,0.,1.));
#1352 = DIRECTION('',(1.,0.,0.));
#1353 = ADVANCED_FACE('',(#1354),#1360,.T.);
#1354 = FACE_BOUND('',#1355,.T.);
#1355 = EDGE_LOOP('',(#1356,#1357,#1358,#1359));
#1356 = ORIENTED_EDGE('',*,*,#1247,.F.);
#1357 = ORIENTED_EDGE('',*,*,#1308,.T.);
#1358 = ORIENTED_EDGE('',*,*,#1287,.T.);
#1359 = ORIENTED_EDGE('',*,*,#1330,.F.);
#1360 = PLANE('',#1361);
#1361 = AXIS2_PLACEMENT_3D('',#1362,#1363,#1364);
#1362 = CARTESIAN_POINT('',(1.61E+03,30.,80.));
#1363 = DIRECTION('',(0.,0.,1.));
#1364 = DIRECTION('',(1.,0.,0.));
#1365 = MANIFOLD_SOLID_BREP('',#1366);
#1366 = CLOSED_SHELL('',(#1367,#1407,#1447,#1469,#1491,#1503));
#1367 = ADVANCED_FACE('',(#1368),#1402,.F.);
#1368 = FACE_BOUND('',#1369,.F.);
#1369 = EDGE_LOOP('',(#1370,#1380,#1388,#1396));
#1370 = ORIENTED_EDGE('',*,*,#1371,.F.);
#1371 = EDGE_CURVE('',#1372,#1374,#1376,.T.);
#1372 = VERTEX_POINT('',#1373);
#1373 = CARTESIAN_POINT('',(1.61E+03,580.,0.));
#1374 = VERTEX_POINT('',#1375);
#1375 = CARTESIAN_POINT('',(1.61E+03,580.,80.));
#1376 = LINE('',#1377,#1378);
#1377 = CARTESIAN_POINT('',(1.61E+03,580.,0.));
#1378 = VECTOR('',#1379,1.);
#1379 = DIRECTION('',(0.,0.,1.));
#1380 = ORIENTED_EDGE('',*,*,#1381,.T.);
#1381 = EDGE_CURVE('',#1372,#1382,#1384,.T.);
#1382 = VERTEX_POINT('',#1383);
#1383 = CARTESIAN_POINT('',(1.61E+03,620.,0.));
#1384 = LINE('',#1385,#1386);
#1385 = CARTESIAN_POINT('',(1.61E+03,580.,0.));
#1386 = VECTOR('',#1387,1.);
#1387 = DIRECTION('',(0.,1.,0.));
#1388 = ORIENTED_EDGE('',*,*,#1389,.T.);
#1389 = EDGE_CURVE('',#1382,#1390,#1392,.T.);
#1390 = VERTEX_POINT('',#1391);
#1391 = CARTESIAN_POINT('',(1.61E+03,620.,80.));
#1392 = LINE('',#1393,#1394);
#1393 = CARTESIAN_POINT('',(1.61E+03,620.,0.));
#1394 = VECTOR('',#1395,1.);
#1395 = DIRECTION('',(0.,0.,1.));
#1396 = ORIENTED_EDGE('',*,*,#1397,.F.);
#1397 = EDGE_CURVE('',#1374,#1390,#1398,.T.);
#1398 = LINE('',#1399,#1400);
#1399 = CARTESIAN_POINT('',(1.61E+03,580.,80.));
#1400 = VECTOR('',#1401,1.);
#1401 = DIRECTION('',(0.,1.,0.));
#1402 = PLANE('',#1403);
#1403 = AXIS2_PLACEMENT_3D('',#1404,#1405,#1406);
#1404 = CARTESIAN_POINT('',(1.61E+03,580.,0.));
#1405 = DIRECTION('',(1.,0.,0.));
#1406 = DIRECTION('',(0.,0.,1.));
#1407 = ADVANCED_FACE('',(#1408),#1442,.T.);
#1408 = FACE_BOUND('',#1409,.T.);
#1409 = EDGE_LOOP('',(#1410,#1420,#1428,#1436));
#1410 = ORIENTED_EDGE('',*,*,#1411,.F.);
#1411 = EDGE_CURVE('',#1412,#1414,#1416,.T.);
#1412 = VERTEX_POINT('',#1413);
#1413 = CARTESIAN_POINT('',(1.65E+03,580.,0.));
#1414 = VERTEX_POINT('',#1415);
#1415 = CARTESIAN_POINT('',(1.65E+03,580.,80.));
#1416 = LINE('',#1417,#1418);
#1417 = CARTESIAN_POINT('',(1.65E+03,580.,0.));
#1418 = VECTOR('',#1419,1.);
#1419 = DIRECTION('',(0.,0.,1.));
#1420 = ORIENTED_EDGE('',*,*,#1421,.T.);
#1421 = EDGE_CURVE('',#1412,#1422,#1424,.T.);
#1422 = VERTEX_POINT('',#1423);
#1423 = CARTESIAN_POINT('',(1.65E+03,620.,0.));
#1424 = LINE('',#1425,#1426);
#1425 = CARTESIAN_POINT('',(1.65E+03,580.,0.));
#1426 = VECTOR('',#1427,1.);
#1427 = DIRECTION('',(0.,1.,0.));
#1428 = ORIENTED_EDGE('',*,*,#1429,.T.);
#1429 = EDGE_CURVE('',#1422,#1430,#1432,.T.);
#1430 = VERTEX_POINT('',#1431);
#1431 = CARTESIAN_POINT('',(1.65E+03,620.,80.));
#1432 = LINE('',#1433,#1434);
#1433 = CARTESIAN_POINT('',(1.65E+03,620.,0.));
#1434 = VECTOR('',#1435,1.);
#1435 = DIRECTION('',(0.,0.,1.));
#1436 = ORIENTED_EDGE('',*,*,#1437,.F.);
#1437 = EDGE_CURVE('',#1414,#1430,#1438,.T.);
#1438 = LINE('',#1439,#1440);
#1439 = CARTESIAN_POINT('',(1.65E+03,580.,80.));
#1440 = VECTOR('',#1441,1.);
#1441 = DIRECTION('',(0.,1.,0.));
#1442 = PLANE('',#1443);
#1443 = AXIS2_PLACEMENT_3D('',#1444,#1445,#1446);
#1444 = CARTESIAN_POINT('',(1.65E+03,580.,0.));
#1445 = DIRECTION('',(1.,0.,0.));
#1446 = DIRECTION('',(0.,0.,1.));
#1447 = ADVANCED_FACE('',(#1448),#1464,.F.);
#1448 = FACE_BOUND('',#1449,.F.);
#1449 = EDGE_LOOP('',(#1450,#1456,#1457,#1463));
#1450 = ORIENTED_EDGE('',*,*,#1451,.F.);
#1451 = EDGE_CURVE('',#1372,#1412,#1452,.T.);
#1452 = LINE('',#1453,#1454);
#1453 = CARTESIAN_POINT('',(1.61E+03,580.,0.));
#1454 = VECTOR('',#1455,1.);
#1455 = DIRECTION('',(1.,0.,0.));
#1456 = ORIENTED_EDGE('',*,*,#1371,.T.);
#1457 = ORIENTED_EDGE('',*,*,#1458,.T.);
#1458 = EDGE_CURVE('',#1374,#1414,#1459,.T.);
#1459 = LINE('',#1460,#1461);
#1460 = CARTESIAN_POINT('',(1.61E+03,580.,80.));
#1461 = VECTOR('',#1462,1.);
#1462 = DIRECTION('',(1.,0.,0.));
#1463 = ORIENTED_EDGE('',*,*,#1411,.F.);
#1464 = PLANE('',#1465);
#1465 = AXIS2_PLACEMENT_3D('',#1466,#1467,#1468);
#1466 = CARTESIAN_POINT('',(1.61E+03,580.,0.));
#1467 = DIRECTION('',(0.,1.,0.));
#1468 = DIRECTION('',(0.,0.,1.));
#1469 = ADVANCED_FACE('',(#1470),#1486,.T.);
#1470 = FACE_BOUND('',#1471,.T.);
#1471 = EDGE_LOOP('',(#1472,#1478,#1479,#1485));
#1472 = ORIENTED_EDGE('',*,*,#1473,.F.);
#1473 = EDGE_CURVE('',#1382,#1422,#1474,.T.);
#1474 = LINE('',#1475,#1476);
#1475 = CARTESIAN_POINT('',(1.61E+03,620.,0.));
#1476 = VECTOR('',#1477,1.);
#1477 = DIRECTION('',(1.,0.,0.));
#1478 = ORIENTED_EDGE('',*,*,#1389,.T.);
#1479 = ORIENTED_EDGE('',*,*,#1480,.T.);
#1480 = EDGE_CURVE('',#1390,#1430,#1481,.T.);
#1481 = LINE('',#1482,#1483);
#1482 = CARTESIAN_POINT('',(1.61E+03,620.,80.));
#1483 = VECTOR('',#1484,1.);
#1484 = DIRECTION('',(1.,0.,0.));
#1485 = ORIENTED_EDGE('',*,*,#1429,.F.);
#1486 = PLANE('',#1487);
#1487 = AXIS2_PLACEMENT_3D('',#1488,#1489,#1490);
#1488 = CARTESIAN_POINT('',(1.61E+03,620.,0.));
#1489 = DIRECTION('',(0.,1.,0.));
#1490 = DIRECTION('',(0.,0.,1.));
#1491 = ADVANCED_FACE('',(#1492),#1498,.F.);
#1492 = FACE_BOUND('',#1493,.F.);
#1493 = EDGE_LOOP('',(#1494,#1495,#1496,#1497));
#1494 = ORIENTED_EDGE('',*,*,#1381,.F.);
#1495 = ORIENTED_EDGE('',*,*,#1451,.T.);
#1496 = ORIENTED_EDGE('',*,*,#1421,.T.);
#1497 = ORIENTED_EDGE('',*,*,#1473,.F.);
#1498 = PLANE('',#1499);
#1499 = AXIS2_PLACEMENT_3D('',#1500,#1501,#1502);
#1500 = CARTESIAN_POINT('',(1.61E+03,580.,0.));
#1501 = DIRECTION('',(0.,0.,1.));
#1502 = DIRECTION('',(1.,0.,0.));
#1503 = ADVANCED_FACE('',(#1504),#1510,.T.);
#1504 = FACE_BOUND('',#1505,.T.);
#1505 = EDGE_LOOP('',(#1506,#1507,#1508,#1509));
#1506 = ORIENTED_EDGE('',*,*,#1397,.F.);
#1507 = ORIENTED_EDGE('',*,*,#1458,.T.);
#1508 = ORIENTED_EDGE('',*,*,#1437,.T.);
#1509 = ORIENTED_EDGE('',*,*,#1480,.F.);
#1510 = PLANE('',#1511);
#1511 = AXIS2_PLACEMENT_3D('',#1512,#1513,#1514);
#1512 = CARTESIAN_POINT('',(1.61E+03,580.,80.));
#1513 = DIRECTION('',(0.,0.,1.));
#1514 = DIRECTION('',(1.,0.,0.));
#1515 = MANIFOLD_SOLID_BREP('',#1516);
#1516 = CLOSED_SHELL('',(#1517,#1557,#1597,#1619,#1641,#1653));
#1517 = ADVANCED_FACE('',(#1518),#1552,.F.);
#1518 = FACE_BOUND('',#1519,.F.);
#1519 = EDGE_LOOP('',(#1520,#1530,#1538,#1546));
#1520 = ORIENTED_EDGE('',*,*,#1521,.F.);
#1521 = EDGE_CURVE('',#1522,#1524,#1526,.T.);
#1522 = VERTEX_POINT('',#1523);
#1523 = CARTESIAN_POINT('',(0.,30.,0.));
#1524 = VERTEX_POINT('',#1525);
#1525 = CARTESIAN_POINT('',(0.,30.,80.));
#1526 = LINE('',#1527,#1528);
#1527 = CARTESIAN_POINT('',(0.,30.,0.));
#1528 = VECTOR('',#1529,1.);
#1529 = DIRECTION('',(0.,0.,1.));
#1530 = ORIENTED_EDGE('',*,*,#1531,.T.);
#1531 = EDGE_CURVE('',#1522,#1532,#1534,.T.);
#1532 = VERTEX_POINT('',#1533);
#1533 = CARTESIAN_POINT('',(0.,70.,0.));
#1534 = LINE('',#1535,#1536);
#1535 = CARTESIAN_POINT('',(0.,30.,0.));
#1536 = VECTOR('',#1537,1.);
#1537 = DIRECTION('',(0.,1.,0.));
#1538 = ORIENTED_EDGE('',*,*,#1539,.T.);
#1539 = EDGE_CURVE('',#1532,#1540,#1542,.T.);
#1540 = VERTEX_POINT('',#1541);
#1541 = CARTESIAN_POINT('',(0.,70.,80.));
#1542 = LINE('',#1543,#1544);
#1543 = CARTESIAN_POINT('',(0.,70.,0.));
#1544 = VECTOR('',#1545,1.);
#1545 = DIRECTION('',(0.,0.,1.));
#1546 = ORIENTED_EDGE('',*,*,#1547,.F.);
#1547 = EDGE_CURVE('',#1524,#1540,#1548,.T.);
#1548 = LINE('',#1549,#1550);
#1549 = CARTESIAN_POINT('',(0.,30.,80.));
#1550 = VECTOR('',#1551,1.);
#1551 = DIRECTION('',(0.,1.,0.));
#1552 = PLANE('',#1553);
#1553 = AXIS2_PLACEMENT_3D('',#1554,#1555,#1556);
#1554 = CARTESIAN_POINT('',(0.,30.,0.));
#1555 = DIRECTION('',(1.,0.,0.));
#1556 = DIRECTION('',(0.,0.,1.));
#1557 = ADVANCED_FACE('',(#1558),#1592,.T.);
#1558 = FACE_BOUND('',#1559,.T.);
#1559 = EDGE_LOOP('',(#1560,#1570,#1578,#1586));
#1560 = ORIENTED_EDGE('',*,*,#1561,.F.);
#1561 = EDGE_CURVE('',#1562,#1564,#1566,.T.);
#1562 = VERTEX_POINT('',#1563);
#1563 = CARTESIAN_POINT('',(40.,30.,0.));
#1564 = VERTEX_POINT('',#1565);
#1565 = CARTESIAN_POINT('',(40.,30.,80.));
#1566 = LINE('',#1567,#1568);
#1567 = CARTESIAN_POINT('',(40.,30.,0.));
#1568 = VECTOR('',#1569,1.);
#1569 = DIRECTION('',(0.,0.,1.));
#1570 = ORIENTED_EDGE('',*,*,#1571,.T.);
#1571 = EDGE_CURVE('',#1562,#1572,#1574,.T.);
#1572 = VERTEX_POINT('',#1573);
#1573 = CARTESIAN_POINT('',(40.,70.,0.));
#1574 = LINE('',#1575,#1576);
#1575 = CARTESIAN_POINT('',(40.,30.,0.));
#1576 = VECTOR('',#1577,1.);
#1577 = DIRECTION('',(0.,1.,0.));
#1578 = ORIENTED_EDGE('',*,*,#1579,.T.);
#1579 = EDGE_CURVE('',#1572,#1580,#1582,.T.);
#1580 = VERTEX_POINT('',#1581);
#1581 = CARTESIAN_POINT('',(40.,70.,80.));
#1582 = LINE('',#1583,#1584);
#1583 = CARTESIAN_POINT('',(40.,70.,0.));
#1584 = VECTOR('',#1585,1.);
#1585 = DIRECTION('',(0.,0.,1.));
#1586 = ORIENTED_EDGE('',*,*,#1587,.F.);
#1587 = EDGE_CURVE('',#1564,#1580,#1588,.T.);
#1588 = LINE('',#1589,#1590);
#1589 = CARTESIAN_POINT('',(40.,30.,80.));
#1590 = VECTOR('',#1591,1.);
#1591 = DIRECTION('',(0.,1.,0.));
#1592 = PLANE('',#1593);
#1593 = AXIS2_PLACEMENT_3D('',#1594,#1595,#1596);
#1594 = CARTESIAN_POINT('',(40.,30.,0.));
#1595 = DIRECTION('',(1.,0.,0.));
#1596 = DIRECTION('',(0.,0.,1.));
#1597 = ADVANCED_FACE('',(#1598),#1614,.F.);
#1598 = FACE_BOUND('',#1599,.F.);
#1599 = EDGE_LOOP('',(#1600,#1606,#1607,#1613));
#1600 = ORIENTED_EDGE('',*,*,#1601,.F.);
#1601 = EDGE_CURVE('',#1522,#1562,#1602,.T.);
#1602 = LINE('',#1603,#1604);
#1603 = CARTESIAN_POINT('',(0.,30.,0.));
#1604 = VECTOR('',#1605,1.);
#1605 = DIRECTION('',(1.,0.,0.));
#1606 = ORIENTED_EDGE('',*,*,#1521,.T.);
#1607 = ORIENTED_EDGE('',*,*,#1608,.T.);
#1608 = EDGE_CURVE('',#1524,#1564,#1609,.T.);
#1609 = LINE('',#1610,#1611);
#1610 = CARTESIAN_POINT('',(0.,30.,80.));
#1611 = VECTOR('',#1612,1.);
#1612 = DIRECTION('',(1.,0.,0.));
#1613 = ORIENTED_EDGE('',*,*,#1561,.F.);
#1614 = PLANE('',#1615);
#1615 = AXIS2_PLACEMENT_3D('',#1616,#1617,#1618);
#1616 = CARTESIAN_POINT('',(0.,30.,0.));
#1617 = DIRECTION('',(0.,1.,0.));
#1618 = DIRECTION('',(0.,0.,1.));
#1619 = ADVANCED_FACE('',(#1620),#1636,.T.);
#1620 = FACE_BOUND('',#1621,.T.);
#1621 = EDGE_LOOP('',(#1622,#1628,#1629,#1635));
#1622 = ORIENTED_EDGE('',*,*,#1623,.F.);
#1623 = EDGE_CURVE('',#1532,#1572,#1624,.T.);
#1624 = LINE('',#1625,#1626);
#1625 = CARTESIAN_POINT('',(0.,70.,0.));
#1626 = VECTOR('',#1627,1.);
#1627 = DIRECTION('',(1.,0.,0.));
#1628 = ORIENTED_EDGE('',*,*,#1539,.T.);
#1629 = ORIENTED_EDGE('',*,*,#1630,.T.);
#1630 = EDGE_CURVE('',#1540,#1580,#1631,.T.);
#1631 = LINE('',#1632,#1633);
#1632 = CARTESIAN_POINT('',(0.,70.,80.));
#1633 = VECTOR('',#1634,1.);
#1634 = DIRECTION('',(1.,0.,0.));
#1635 = ORIENTED_EDGE('',*,*,#1579,.F.);
#1636 = PLANE('',#1637);
#1637 = AXIS2_PLACEMENT_3D('',#1638,#1639,#1640);
#1638 = CARTESIAN_POINT('',(0.,70.,0.));
#1639 = DIRECTION('',(0.,1.,0.));
#1640 = DIRECTION('',(0.,0.,1.));
#1641 = ADVANCED_FACE('',(#1642),#1648,.F.);
#1642 = FACE_BOUND('',#1643,.F.);
#1643 = EDGE_LOOP('',(#1644,#1645,#1646,#1647));
#1644 = ORIENTED_EDGE('',*,*,#1531,.F.);
#1645 = ORIENTED_EDGE('',*,*,#1601,.T.);
#1646 = ORIENTED_EDGE('',*,*,#1571,.T.);
#1647 = ORIENTED_EDGE('',*,*,#1623,.F.);
#1648 = PLANE('',#1649);
#1649 = AXIS2_PLACEMENT_3D('',#1650,#1651,#1652);
#1650 = CARTESIAN_POINT('',(0.,30.,0.));
#1651 = DIRECTION('',(0.,0.,1.));
#1652 = DIRECTION('',(1.,0.,0.));
#1653 = ADVANCED_FACE('',(#1654),#1660,.T.);
#1654 = FACE_BOUND('',#1655,.T.);
#1655 = EDGE_LOOP('',(#1656,#1657,#1658,#1659));
#1656 = ORIENTED_EDGE('',*,*,#1547,.F.);
#1657 = ORIENTED_EDGE('',*,*,#1608,.T.);
#1658 = ORIENTED_EDGE('',*,*,#1587,.T.);
#1659 = ORIENTED_EDGE('',*,*,#1630,.F.);
#1660 = PLANE('',#1661);
#1661 = AXIS2_PLACEMENT_3D('',#1662,#1663,#1664);
#1662 = CARTESIAN_POINT('',(0.,30.,80.));
#1663 = DIRECTION('',(0.,0.,1.));
#1664 = DIRECTION('',(1.,0.,0.));
#1665 = MANIFOLD_SOLID_BREP('',#1666);
#1666 = CLOSED_SHELL('',(#1667,#1707,#1747,#1769,#1791,#1803));
#1667 = ADVANCED_FACE('',(#1668),#1702,.F.);
#1668 = FACE_BOUND('',#1669,.F.);
#1669 = EDGE_LOOP('',(#1670,#1680,#1688,#1696));
#1670 = ORIENTED_EDGE('',*,*,#1671,.F.);
#1671 = EDGE_CURVE('',#1672,#1674,#1676,.T.);
#1672 = VERTEX_POINT('',#1673);
#1673 = CARTESIAN_POINT('',(0.,580.,0.));
#1674 = VERTEX_POINT('',#1675);
#1675 = CARTESIAN_POINT('',(0.,580.,80.));
#1676 = LINE('',#1677,#1678);
#1677 = CARTESIAN_POINT('',(0.,580.,0.));
#1678 = VECTOR('',#1679,1.);
#1679 = DIRECTION('',(0.,0.,1.));
#1680 = ORIENTED_EDGE('',*,*,#1681,.T.);
#1681 = EDGE_CURVE('',#1672,#1682,#1684,.T.);
#1682 = VERTEX_POINT('',#1683);
#1683 = CARTESIAN_POINT('',(0.,620.,0.));
#1684 = LINE('',#1685,#1686);
#1685 = CARTESIAN_POINT('',(0.,580.,0.));
#1686 = VECTOR('',#1687,1.);
#1687 = DIRECTION('',(0.,1.,0.));
#1688 = ORIENTED_EDGE('',*,*,#1689,.T.);
#1689 = EDGE_CURVE('',#1682,#1690,#1692,.T.);
#1690 = VERTEX_POINT('',#1691);
#1691 = CARTESIAN_POINT('',(0.,620.,80.));
#1692 = LINE('',#1693,#1694);
#1693 = CARTESIAN_POINT('',(0.,620.,0.));
#1694 = VECTOR('',#1695,1.);
#1695 = DIRECTION('',(0.,0.,1.));
#1696 = ORIENTED_EDGE('',*,*,#1697,.F.);
#1697 = EDGE_CURVE('',#1674,#1690,#1698,.T.);
#1698 = LINE('',#1699,#1700);
#1699 = CARTESIAN_POINT('',(0.,580.,80.));
#1700 = VECTOR('',#1701,1.);
#1701 = DIRECTION('',(0.,1.,0.));
#1702 = PLANE('',#1703);
#1703 = AXIS2_PLACEMENT_3D('',#1704,#1705,#1706);
#1704 = CARTESIAN_POINT('',(0.,580.,0.));
#1705 = DIRECTION('',(1.,0.,0.));
#1706 = DIRECTION('',(0.,0.,1.));
#1707 = ADVANCED_FACE('',(#1708),#1742,.T.);
#1708 = FACE_BOUND('',#1709,.T.);
#1709 = EDGE_LOOP('',(#1710,#1720,#1728,#1736));
#1710 = ORIENTED_EDGE('',*,*,#1711,.F.);
#1711 = EDGE_CURVE('',#1712,#1714,#1716,.T.);
#1712 = VERTEX_POINT('',#1713);
#1713 = CARTESIAN_POINT('',(40.,580.,0.));
#1714 = VERTEX_POINT('',#1715);
#1715 = CARTESIAN_POINT('',(40.,580.,80.));
#1716 = LINE('',#1717,#1718);
#1717 = CARTESIAN_POINT('',(40.,580.,0.));
#1718 = VECTOR('',#1719,1.);
#1719 = DIRECTION('',(0.,0.,1.));
#1720 = ORIENTED_EDGE('',*,*,#1721,.T.);
#1721 = EDGE_CURVE('',#1712,#1722,#1724,.T.);
#1722 = VERTEX_POINT('',#1723);
#1723 = CARTESIAN_POINT('',(40.,620.,0.));
#1724 = LINE('',#1725,#1726);
#1725 = CARTESIAN_POINT('',(40.,580.,0.));
#1726 = VECTOR('',#1727,1.);
#1727 = DIRECTION('',(0.,1.,0.));
#1728 = ORIENTED_EDGE('',*,*,#1729,.T.);
#1729 = EDGE_CURVE('',#1722,#1730,#1732,.T.);
#1730 = VERTEX_POINT('',#1731);
#1731 = CARTESIAN_POINT('',(40.,620.,80.));
#1732 = LINE('',#1733,#1734);
#1733 = CARTESIAN_POINT('',(40.,620.,0.));
#1734 = VECTOR('',#1735,1.);
#1735 = DIRECTION('',(0.,0.,1.));
#1736 = ORIENTED_EDGE('',*,*,#1737,.F.);
#1737 = EDGE_CURVE('',#1714,#1730,#1738,.T.);
#1738 = LINE('',#1739,#1740);
#1739 = CARTESIAN_POINT('',(40.,580.,80.));
#1740 = VECTOR('',#1741,1.);
#1741 = DIRECTION('',(0.,1.,0.));
#1742 = PLANE('',#1743);
#1743 = AXIS2_PLACEMENT_3D('',#1744,#1745,#1746);
#1744 = CARTESIAN_POINT('',(40.,580.,0.));
#1745 = DIRECTION('',(1.,0.,0.));
#1746 = DIRECTION('',(0.,0.,1.));
#1747 = ADVANCED_FACE('',(#1748),#1764,.F.);
#1748 = FACE_BOUND('',#1749,.F.);
#1749 = EDGE_LOOP('',(#1750,#1756,#1757,#1763));
#1750 = ORIENTED_EDGE('',*,*,#1751,.F.);
#1751 = EDGE_CURVE('',#1672,#1712,#1752,.T.);
#1752 = LINE('',#1753,#1754);
#1753 = CARTESIAN_POINT('',(0.,580.,0.));
#1754 = VECTOR('',#1755,1.);
#1755 = DIRECTION('',(1.,0.,0.));
#1756 = ORIENTED_EDGE('',*,*,#1671,.T.);
#1757 = ORIENTED_EDGE('',*,*,#1758,.T.);
#1758 = EDGE_CURVE('',#1674,#1714,#1759,.T.);
#1759 = LINE('',#1760,#1761);
#1760 = CARTESIAN_POINT('',(0.,580.,80.));
#1761 = VECTOR('',#1762,1.);
#1762 = DIRECTION('',(1.,0.,0.));
#1763 = ORIENTED_EDGE('',*,*,#1711,.F.);
#1764 = PLANE('',#1765);
#1765 = AXIS2_PLACEMENT_3D('',#1766,#1767,#1768);
#1766 = CARTESIAN_POINT('',(0.,580.,0.));
#1767 = DIRECTION('',(0.,1.,0.));
#1768 = DIRECTION('',(0.,0.,1.));
#1769 = ADVANCED_FACE('',(#1770),#1786,.T.);
#1770 = FACE_BOUND('',#1771,.T.);
#1771 = EDGE_LOOP('',(#1772,#1778,#1779,#1785));
#1772 = ORIENTED_EDGE('',*,*,#1773,.F.);
#1773 = EDGE_CURVE('',#1682,#1722,#1774,.T.);
#1774 = LINE('',#1775,#1776);
#1775 = CARTESIAN_POINT('',(0.,620.,0.));
#1776 = VECTOR('',#1777,1.);
#1777 = DIRECTION('',(1.,0.,0.));
#1778 = ORIENTED_EDGE('',*,*,#1689,.T.);
#1779 = ORIENTED_EDGE('',*,*,#1780,.T.);
#1780 = EDGE_CURVE('',#1690,#1730,#1781,.T.);
#1781 = LINE('',#1782,#1783);
#1782 = CARTESIAN_POINT('',(0.,620.,80.));
#1783 = VECTOR('',#1784,1.);
#1784 = DIRECTION('',(1.,0.,0.));
#1785 = ORIENTED_EDGE('',*,*,#1729,.F.);
#1786 = PLANE('',#1787);
#1787 = AXIS2_PLACEMENT_3D('',#1788,#1789,#1790);
#1788 = CARTESIAN_POINT('',(0.,620.,0.));
#1789 = DIRECTION('',(0.,1.,0.));
#1790 = DIRECTION('',(0.,0.,1.));
#1791 = ADVANCED_FACE('',(#1792),#1798,.F.);
#1792 = FACE_BOUND('',#1793,.F.);
#1793 = EDGE_LOOP('',(#1794,#1795,#1796,#1797));
#1794 = ORIENTED_EDGE('',*,*,#1681,.F.);
#1795 = ORIENTED_EDGE('',*,*,#1751,.T.);
#1796 = ORIENTED_EDGE('',*,*,#1721,.T.);
#1797 = ORIENTED_EDGE('',*,*,#1773,.F.);
#1798 = PLANE('',#1799);
#1799 = AXIS2_PLACEMENT_3D('',#1800,#1801,#1802);
#1800 = CARTESIAN_POINT('',(0.,580.,0.));
#1801 = DIRECTION('',(0.,0.,1.));
#1802 = DIRECTION('',(1.,0.,0.));
#1803 = ADVANCED_FACE('',(#1804),#1810,.T.);
#1804 = FACE_BOUND('',#1805,.T.);
#1805 = EDGE_LOOP('',(#1806,#1807,#1808,#1809));
#1806 = ORIENTED_EDGE('',*,*,#1697,.F.);
#1807 = ORIENTED_EDGE('',*,*,#1758,.T.);
#1808 = ORIENTED_EDGE('',*,*,#1737,.T.);
#1809 = ORIENTED_EDGE('',*,*,#1780,.F.);
#1810 = PLANE('',#1811);
#1811 = AXIS2_PLACEMENT_3D('',#1812,#1813,#1814);
#1812 = CARTESIAN_POINT('',(0.,580.,80.));
#1813 = DIRECTION('',(0.,0.,1.));
#1814 = DIRECTION('',(1.,0.,0.));
#1815 = MANIFOLD_SOLID_BREP('',#1816);
#1816 = CLOSED_SHELL('',(#1817,#1853,#1889,#1909,#1929,#1941));
#1817 = ADVANCED_FACE('',(#1818),#1848,.T.);
#1818 = FACE_BOUND('',#1819,.T.);
#1819 = EDGE_LOOP('',(#1820,#1829,#1836,#1843));
#1820 = ORIENTED_EDGE('',*,*,#1821,.F.);
#1821 = EDGE_CURVE('',#1822,#1824,#1826,.T.);
#1822 = VERTEX_POINT('',#1823);
#1823 = CARTESIAN_POINT('',(623.,22.4,870.));
#1824 = VERTEX_POINT('',#1825);
#1825 = CARTESIAN_POINT('',(623.,22.4,822.));
#1826 = B_SPLINE_CURVE_WITH_KNOTS('',1,(#1827,#1828),.UNSPECIFIED.,.F.,
  .F.,(2,2),(0.,48.),.PIECEWISE_BEZIER_KNOTS.);
#1827 = CARTESIAN_POINT('',(623.,22.4,870.));
#1828 = CARTESIAN_POINT('',(623.,22.4,822.));
#1829 = ORIENTED_EDGE('',*,*,#1830,.T.);
#1830 = EDGE_CURVE('',#1822,#1831,#1833,.T.);
#1831 = VERTEX_POINT('',#1832);
#1832 = CARTESIAN_POINT('',(623.,24.4,870.));
#1833 = B_SPLINE_CURVE_WITH_KNOTS('',1,(#1834,#1835),.UNSPECIFIED.,.F.,
  .F.,(2,2),(0.,2.),.PIECEWISE_BEZIER_KNOTS.);
#1834 = CARTESIAN_POINT('',(623.,22.4,870.));
#1835 = CARTESIAN_POINT('',(623.,24.4,870.));
#1836 = ORIENTED_EDGE('',*,*,#1837,.T.);
#1837 = EDGE_CURVE('',#1831,#1838,#1840,.T.);
#1838 = VERTEX_POINT('',#1839);
#1839 = CARTESIAN_POINT('',(623.,24.4,822.));
#1840 = B_SPLINE_CURVE_WITH_KNOTS('',1,(#1841,#1842),.UNSPECIFIED.,.F.,
  .F.,(2,2),(0.,48.),.PIECEWISE_BEZIER_KNOTS.);
#1841 = CARTESIAN_POINT('',(623.,24.4,870.));
#1842 = CARTESIAN_POINT('',(623.,24.4,822.));
#1843 = ORIENTED_EDGE('',*,*,#1844,.F.);
#1844 = EDGE_CURVE('',#1824,#1838,#1845,.T.);
#1845 = B_SPLINE_CURVE_WITH_KNOTS('',1,(#1846,#1847),.UNSPECIFIED.,.F.,
  .F.,(2,2),(0.,2.),.PIECEWISE_BEZIER_KNOTS.);
#1846 = CARTESIAN_POINT('',(623.,22.4,822.));
#1847 = CARTESIAN_POINT('',(623.,24.4,822.));
#1848 = B_SPLINE_SURFACE_WITH_KNOTS('',1,1,(
    (#1849,#1850)
    ,(#1851,#1852
    )),.UNSPECIFIED.,.F.,.F.,.F.,(2,2),(2,2),(0.,48.),(-2.,0.),
  .PIECEWISE_BEZIER_KNOTS.);
#1849 = CARTESIAN_POINT('',(623.,24.4,870.));
#1850 = CARTESIAN_POINT('',(623.,22.4,870.));
#1851 = CARTESIAN_POINT('',(623.,24.4,822.));
#1852 = CARTESIAN_POINT('',(623.,22.4,822.));
#1853 = ADVANCED_FACE('',(#1854),#1884,.F.);
#1854 = FACE_BOUND('',#1855,.F.);
#1855 = EDGE_LOOP('',(#1856,#1865,#1872,#1879));
#1856 = ORIENTED_EDGE('',*,*,#1857,.F.);
#1857 = EDGE_CURVE('',#1858,#1860,#1862,.T.);
#1858 = VERTEX_POINT('',#1859);
#1859 = CARTESIAN_POINT('',(1.68E+03,22.4,870.));
#1860 = VERTEX_POINT('',#1861);
#1861 = CARTESIAN_POINT('',(1.68E+03,22.4,822.));
#1862 = B_SPLINE_CURVE_WITH_KNOTS('',1,(#1863,#1864),.UNSPECIFIED.,.F.,
  .F.,(2,2),(0.,48.),.PIECEWISE_BEZIER_KNOTS.);
#1863 = CARTESIAN_POINT('',(1.68E+03,22.4,870.));
#1864 = CARTESIAN_POINT('',(1.68E+03,22.4,822.));
#1865 = ORIENTED_EDGE('',*,*,#1866,.T.);
#1866 = EDGE_CURVE('',#1858,#1867,#1869,.T.);
#1867 = VERTEX_POINT('',#1868);
#1868 = CARTESIAN_POINT('',(1.68E+03,24.4,870.));
#1869 = B_SPLINE_CURVE_WITH_KNOTS('',1,(#1870,#1871),.UNSPECIFIED.,.F.,
  .F.,(2,2),(0.,2.),.PIECEWISE_BEZIER_KNOTS.);
#1870 = CARTESIAN_POINT('',(1.68E+03,22.4,870.));
#1871 = CARTESIAN_POINT('',(1.68E+03,24.4,870.));
#1872 = ORIENTED_EDGE('',*,*,#1873,.T.);
#1873 = EDGE_CURVE('',#1867,#1874,#1876,.T.);
#1874 = VERTEX_POINT('',#1875);
#1875 = CARTESIAN_POINT('',(1.68E+03,24.4,822.));
#1876 = B_SPLINE_CURVE_WITH_KNOTS('',1,(#1877,#1878),.UNSPECIFIED.,.F.,
  .F.,(2,2),(0.,48.),.PIECEWISE_BEZIER_KNOTS.);
#1877 = CARTESIAN_POINT('',(1.68E+03,24.4,870.));
#1878 = CARTESIAN_POINT('',(1.68E+03,24.4,822.));
#1879 = ORIENTED_EDGE('',*,*,#1880,.F.);
#1880 = EDGE_CURVE('',#1860,#1874,#1881,.T.);
#1881 = B_SPLINE_CURVE_WITH_KNOTS('',1,(#1882,#1883),.UNSPECIFIED.,.F.,
  .F.,(2,2),(0.,2.),.PIECEWISE_BEZIER_KNOTS.);
#1882 = CARTESIAN_POINT('',(1.68E+03,22.4,822.));
#1883 = CARTESIAN_POINT('',(1.68E+03,24.4,822.));
#1884 = B_SPLINE_SURFACE_WITH_KNOTS('',1,1,(
    (#1885,#1886)
    ,(#1887,#1888
    )),.UNSPECIFIED.,.F.,.F.,.F.,(2,2),(2,2),(0.,48.),(-2.,0.),
  .PIECEWISE_BEZIER_KNOTS.);
#1885 = CARTESIAN_POINT('',(1.68E+03,24.4,870.));
#1886 = CARTESIAN_POINT('',(1.68E+03,22.4,870.));
#1887 = CARTESIAN_POINT('',(1.68E+03,24.4,822.));
#1888 = CARTESIAN_POINT('',(1.68E+03,22.4,822.));
#1889 = ADVANCED_FACE('',(#1890),#1904,.T.);
#1890 = FACE_BOUND('',#1891,.T.);
#1891 = EDGE_LOOP('',(#1892,#1897,#1898,#1903));
#1892 = ORIENTED_EDGE('',*,*,#1893,.F.);
#1893 = EDGE_CURVE('',#1822,#1858,#1894,.T.);
#1894 = B_SPLINE_CURVE_WITH_KNOTS('',1,(#1895,#1896),.UNSPECIFIED.,.F.,
  .F.,(2,2),(0.,903.),.PIECEWISE_BEZIER_KNOTS.);
#1895 = CARTESIAN_POINT('',(623.,22.4,870.));
#1896 = CARTESIAN_POINT('',(1.68E+03,22.4,870.));
#1897 = ORIENTED_EDGE('',*,*,#1821,.T.);
#1898 = ORIENTED_EDGE('',*,*,#1899,.T.);
#1899 = EDGE_CURVE('',#1824,#1860,#1900,.T.);
#1900 = B_SPLINE_CURVE_WITH_KNOTS('',1,(#1901,#1902),.UNSPECIFIED.,.F.,
  .F.,(2,2),(0.,903.),.PIECEWISE_BEZIER_KNOTS.);
#1901 = CARTESIAN_POINT('',(623.,22.4,822.));
#1902 = CARTESIAN_POINT('',(1.68E+03,22.4,822.));
#1903 = ORIENTED_EDGE('',*,*,#1857,.F.);
#1904 = B_SPLINE_SURFACE_WITH_KNOTS('',1,1,(
    (#1905,#1906)
    ,(#1907,#1908
    )),.UNSPECIFIED.,.F.,.F.,.F.,(2,2),(2,2),(0.,48.),(0.,903.),
  .PIECEWISE_BEZIER_KNOTS.);
#1905 = CARTESIAN_POINT('',(623.,22.4,870.));
#1906 = CARTESIAN_POINT('',(1.68E+03,22.4,870.));
#1907 = CARTESIAN_POINT('',(623.,22.4,822.));
#1908 = CARTESIAN_POINT('',(1.68E+03,22.4,822.));
#1909 = ADVANCED_FACE('',(#1910),#1924,.F.);
#1910 = FACE_BOUND('',#1911,.F.);
#1911 = EDGE_LOOP('',(#1912,#1917,#1918,#1923));
#1912 = ORIENTED_EDGE('',*,*,#1913,.F.);
#1913 = EDGE_CURVE('',#1831,#1867,#1914,.T.);
#1914 = B_SPLINE_CURVE_WITH_KNOTS('',1,(#1915,#1916),.UNSPECIFIED.,.F.,
  .F.,(2,2),(0.,903.),.PIECEWISE_BEZIER_KNOTS.);
#1915 = CARTESIAN_POINT('',(623.,24.4,870.));
#1916 = CARTESIAN_POINT('',(1.68E+03,24.4,870.));
#1917 = ORIENTED_EDGE('',*,*,#1837,.T.);
#1918 = ORIENTED_EDGE('',*,*,#1919,.T.);
#1919 = EDGE_CURVE('',#1838,#1874,#1920,.T.);
#1920 = B_SPLINE_CURVE_WITH_KNOTS('',1,(#1921,#1922),.UNSPECIFIED.,.F.,
  .F.,(2,2),(0.,903.),.PIECEWISE_BEZIER_KNOTS.);
#1921 = CARTESIAN_POINT('',(623.,24.4,822.));
#1922 = CARTESIAN_POINT('',(1.68E+03,24.4,822.));
#1923 = ORIENTED_EDGE('',*,*,#1873,.F.);
#1924 = B_SPLINE_SURFACE_WITH_KNOTS('',1,1,(
    (#1925,#1926)
    ,(#1927,#1928
    )),.UNSPECIFIED.,.F.,.F.,.F.,(2,2),(2,2),(0.,48.),(0.,903.),
  .PIECEWISE_BEZIER_KNOTS.);
#1925 = CARTESIAN_POINT('',(623.,24.4,870.));
#1926 = CARTESIAN_POINT('',(1.68E+03,24.4,870.));
#1927 = CARTESIAN_POINT('',(623.,24.4,822.));
#1928 = CARTESIAN_POINT('',(1.68E+03,24.4,822.));
#1929 = ADVANCED_FACE('',(#1930),#1936,.T.);
#1930 = FACE_BOUND('',#1931,.T.);
#1931 = EDGE_LOOP('',(#1932,#1933,#1934,#1935));
#1932 = ORIENTED_EDGE('',*,*,#1830,.F.);
#1933 = ORIENTED_EDGE('',*,*,#1893,.T.);
#1934 = ORIENTED_EDGE('',*,*,#1866,.T.);
#1935 = ORIENTED_EDGE('',*,*,#1913,.F.);
#1936 = B_SPLINE_SURFACE_WITH_KNOTS('',1,1,(
    (#1937,#1938)
    ,(#1939,#1940
    )),.UNSPECIFIED.,.F.,.F.,.F.,(2,2),(2,2),(0.,903.),(0.,2.),
  .PIECEWISE_BEZIER_KNOTS.);
#1937 = CARTESIAN_POINT('',(623.,22.4,870.));
#1938 = CARTESIAN_POINT('',(623.,24.4,870.));
#1939 = CARTESIAN_POINT('',(1.68E+03,22.4,870.));
#1940 = CARTESIAN_POINT('',(1.68E+03,24.4,870.));
#1941 = ADVANCED_FACE('',(#1942),#1948,.F.);
#1942 = FACE_BOUND('',#1943,.F.);
#1943 = EDGE_LOOP('',(#1944,#1945,#1946,#1947));
#1944 = ORIENTED_EDGE('',*,*,#1844,.F.);
#1945 = ORIENTED_EDGE('',*,*,#1899,.T.);
#1946 = ORIENTED_EDGE('',*,*,#1880,.T.);
#1947 = ORIENTED_EDGE('',*,*,#1919,.F.);
#1948 = B_SPLINE_SURFACE_WITH_KNOTS('',1,1,(
    (#1949,#1950)
    ,(#1951,#1952
    )),.UNSPECIFIED.,.F.,.F.,.F.,(2,2),(2,2),(0.,903.),(0.,2.),
  .PIECEWISE_BEZIER_KNOTS.);
#1949 = CARTESIAN_POINT('',(623.,22.4,822.));
#1950 = CARTESIAN_POINT('',(623.,24.4,822.));
#1951 = CARTESIAN_POINT('',(1.68E+03,22.4,822.));
#1952 = CARTESIAN_POINT('',(1.68E+03,24.4,822.));
#1953 = MANIFOLD_SOLID_BREP('',#1954);
#1954 = CLOSED_SHELL('',(#1955,#1991,#2027,#2047,#2067,#2079));
#1955 = ADVANCED_FACE('',(#1956),#1986,.T.);
#1956 = FACE_BOUND('',#1957,.T.);
#1957 = EDGE_LOOP('',(#1958,#1967,#1974,#1981));
#1958 = ORIENTED_EDGE('',*,*,#1959,.F.);
#1959 = EDGE_CURVE('',#1960,#1962,#1964,.T.);
#1960 = VERTEX_POINT('',#1961);
#1961 = CARTESIAN_POINT('',(623.,0.,824.));
#1962 = VERTEX_POINT('',#1963);
#1963 = CARTESIAN_POINT('',(623.,0.,822.));
#1964 = B_SPLINE_CURVE_WITH_KNOTS('',1,(#1965,#1966),.UNSPECIFIED.,.F.,
  .F.,(2,2),(0.,2.),.PIECEWISE_BEZIER_KNOTS.);
#1965 = CARTESIAN_POINT('',(623.,0.,824.));
#1966 = CARTESIAN_POINT('',(623.,0.,822.));
#1967 = ORIENTED_EDGE('',*,*,#1968,.T.);
#1968 = EDGE_CURVE('',#1960,#1969,#1971,.T.);
#1969 = VERTEX_POINT('',#1970);
#1970 = CARTESIAN_POINT('',(623.,24.4,824.));
#1971 = B_SPLINE_CURVE_WITH_KNOTS('',1,(#1972,#1973),.UNSPECIFIED.,.F.,
  .F.,(2,2),(0.,24.4),.PIECEWISE_BEZIER_KNOTS.);
#1972 = CARTESIAN_POINT('',(623.,0.,824.));
#1973 = CARTESIAN_POINT('',(623.,24.4,824.));
#1974 = ORIENTED_EDGE('',*,*,#1975,.T.);
#1975 = EDGE_CURVE('',#1969,#1976,#1978,.T.);
#1976 = VERTEX_POINT('',#1977);
#1977 = CARTESIAN_POINT('',(623.,24.4,822.));
#1978 = B_SPLINE_CURVE_WITH_KNOTS('',1,(#1979,#1980),.UNSPECIFIED.,.F.,
  .F.,(2,2),(0.,2.),.PIECEWISE_BEZIER_KNOTS.);
#1979 = CARTESIAN_POINT('',(623.,24.4,824.));
#1980 = CARTESIAN_POINT('',(623.,24.4,822.));
#1981 = ORIENTED_EDGE('',*,*,#1982,.F.);
#1982 = EDGE_CURVE('',#1962,#1976,#1983,.T.);
#1983 = B_SPLINE_CURVE_WITH_KNOTS('',1,(#1984,#1985),.UNSPECIFIED.,.F.,
  .F.,(2,2),(0.,24.4),.PIECEWISE_BEZIER_KNOTS.);
#1984 = CARTESIAN_POINT('',(623.,0.,822.));
#1985 = CARTESIAN_POINT('',(623.,24.4,822.));
#1986 = B_SPLINE_SURFACE_WITH_KNOTS('',1,1,(
    (#1987,#1988)
    ,(#1989,#1990
    )),.UNSPECIFIED.,.F.,.F.,.F.,(2,2),(2,2),(0.,2.),(-24.4,0.),
  .PIECEWISE_BEZIER_KNOTS.);
#1987 = CARTESIAN_POINT('',(623.,24.4,824.));
#1988 = CARTESIAN_POINT('',(623.,0.,824.));
#1989 = CARTESIAN_POINT('',(623.,24.4,822.));
#1990 = CARTESIAN_POINT('',(623.,0.,822.));
#1991 = ADVANCED_FACE('',(#1992),#2022,.F.);
#1992 = FACE_BOUND('',#1993,.F.);
#1993 = EDGE_LOOP('',(#1994,#2003,#2010,#2017));
#1994 = ORIENTED_EDGE('',*,*,#1995,.F.);
#1995 = EDGE_CURVE('',#1996,#1998,#2000,.T.);
#1996 = VERTEX_POINT('',#1997);
#1997 = CARTESIAN_POINT('',(1.68E+03,0.,824.));
#1998 = VERTEX_POINT('',#1999);
#1999 = CARTESIAN_POINT('',(1.68E+03,0.,822.));
#2000 = B_SPLINE_CURVE_WITH_KNOTS('',1,(#2001,#2002),.UNSPECIFIED.,.F.,
  .F.,(2,2),(0.,2.),.PIECEWISE_BEZIER_KNOTS.);
#2001 = CARTESIAN_POINT('',(1.68E+03,0.,824.));
#2002 = CARTESIAN_POINT('',(1.68E+03,0.,822.));
#2003 = ORIENTED_EDGE('',*,*,#2004,.T.);
#2004 = EDGE_CURVE('',#1996,#2005,#2007,.T.);
#2005 = VERTEX_POINT('',#2006);
#2006 = CARTESIAN_POINT('',(1.68E+03,24.4,824.));
#2007 = B_SPLINE_CURVE_WITH_KNOTS('',1,(#2008,#2009),.UNSPECIFIED.,.F.,
  .F.,(2,2),(0.,24.4),.PIECEWISE_BEZIER_KNOTS.);
#2008 = CARTESIAN_POINT('',(1.68E+03,0.,824.));
#2009 = CARTESIAN_POINT('',(1.68E+03,24.4,824.));
#2010 = ORIENTED_EDGE('',*,*,#2011,.T.);
#2011 = EDGE_CURVE('',#2005,#2012,#2014,.T.);
#2012 = VERTEX_POINT('',#2013);
#2013 = CARTESIAN_POINT('',(1.68E+03,24.4,822.));
#2014 = B_SPLINE_CURVE_WITH_KNOTS('',1,(#2015,#2016),.UNSPECIFIED.,.F.,
  .F.,(2,2),(0.,2.),.PIECEWISE_BEZIER_KNOTS.);
#2015 = CARTESIAN_POINT('',(1.68E+03,24.4,824.));
#2016 = CARTESIAN_POINT('',(1.68E+03,24.4,822.));
#2017 = ORIENTED_EDGE('',*,*,#2018,.F.);
#2018 = EDGE_CURVE('',#1998,#2012,#2019,.T.);
#2019 = B_SPLINE_CURVE_WITH_KNOTS('',1,(#2020,#2021),.UNSPECIFIED.,.F.,
  .F.,(2,2),(0.,24.4),.PIECEWISE_BEZIER_KNOTS.);
#2020 = CARTESIAN_POINT('',(1.68E+03,0.,822.));
#2021 = CARTESIAN_POINT('',(1.68E+03,24.4,822.));
#2022 = B_SPLINE_SURFACE_WITH_KNOTS('',1,1,(
    (#2023,#2024)
    ,(#2025,#2026
    )),.UNSPECIFIED.,.F.,.F.,.F.,(2,2),(2,2),(0.,2.),(-24.4,0.),
  .PIECEWISE_BEZIER_KNOTS.);
#2023 = CARTESIAN_POINT('',(1.68E+03,24.4,824.));
#2024 = CARTESIAN_POINT('',(1.68E+03,0.,824.));
#2025 = CARTESIAN_POINT('',(1.68E+03,24.4,822.));
#2026 = CARTESIAN_POINT('',(1.68E+03,0.,822.));
#2027 = ADVANCED_FACE('',(#2028),#2042,.T.);
#2028 = FACE_BOUND('',#2029,.T.);
#2029 = EDGE_LOOP('',(#2030,#2035,#2036,#2041));
#2030 = ORIENTED_EDGE('',*,*,#2031,.F.);
#2031 = EDGE_CURVE('',#1960,#1996,#2032,.T.);
#2032 = B_SPLINE_CURVE_WITH_KNOTS('',1,(#2033,#2034),.UNSPECIFIED.,.F.,
  .F.,(2,2),(0.,903.),.PIECEWISE_BEZIER_KNOTS.);
#2033 = CARTESIAN_POINT('',(623.,0.,824.));
#2034 = CARTESIAN_POINT('',(1.68E+03,0.,824.));
#2035 = ORIENTED_EDGE('',*,*,#1959,.T.);
#2036 = ORIENTED_EDGE('',*,*,#2037,.T.);
#2037 = EDGE_CURVE('',#1962,#1998,#2038,.T.);
#2038 = B_SPLINE_CURVE_WITH_KNOTS('',1,(#2039,#2040),.UNSPECIFIED.,.F.,
  .F.,(2,2),(0.,903.),.PIECEWISE_BEZIER_KNOTS.);
#2039 = CARTESIAN_POINT('',(623.,0.,822.));
#2040 = CARTESIAN_POINT('',(1.68E+03,0.,822.));
#2041 = ORIENTED_EDGE('',*,*,#1995,.F.);
#2042 = B_SPLINE_SURFACE_WITH_KNOTS('',1,1,(
    (#2043,#2044)
    ,(#2045,#2046
    )),.UNSPECIFIED.,.F.,.F.,.F.,(2,2),(2,2),(0.,2.),(0.,903.),
  .PIECEWISE_BEZIER_KNOTS.);
#2043 = CARTESIAN_POINT('',(623.,0.,824.));
#2044 = CARTESIAN_POINT('',(1.68E+03,0.,824.));
#2045 = CARTESIAN_POINT('',(623.,0.,822.));
#2046 = CARTESIAN_POINT('',(1.68E+03,0.,822.));
#2047 = ADVANCED_FACE('',(#2048),#2062,.F.);
#2048 = FACE_BOUND('',#2049,.F.);
#2049 = EDGE_LOOP('',(#2050,#2055,#2056,#2061));
#2050 = ORIENTED_EDGE('',*,*,#2051,.F.);
#2051 = EDGE_CURVE('',#1969,#2005,#2052,.T.);
#2052 = B_SPLINE_CURVE_WITH_KNOTS('',1,(#2053,#2054),.UNSPECIFIED.,.F.,
  .F.,(2,2),(0.,903.),.PIECEWISE_BEZIER_KNOTS.);
#2053 = CARTESIAN_POINT('',(623.,24.4,824.));
#2054 = CARTESIAN_POINT('',(1.68E+03,24.4,824.));
#2055 = ORIENTED_EDGE('',*,*,#1975,.T.);
#2056 = ORIENTED_EDGE('',*,*,#2057,.T.);
#2057 = EDGE_CURVE('',#1976,#2012,#2058,.T.);
#2058 = B_SPLINE_CURVE_WITH_KNOTS('',1,(#2059,#2060),.UNSPECIFIED.,.F.,
  .F.,(2,2),(0.,903.),.PIECEWISE_BEZIER_KNOTS.);
#2059 = CARTESIAN_POINT('',(623.,24.4,822.));
#2060 = CARTESIAN_POINT('',(1.68E+03,24.4,822.));
#2061 = ORIENTED_EDGE('',*,*,#2011,.F.);
#2062 = B_SPLINE_SURFACE_WITH_KNOTS('',1,1,(
    (#2063,#2064)
    ,(#2065,#2066
    )),.UNSPECIFIED.,.F.,.F.,.F.,(2,2),(2,2),(0.,2.),(0.,903.),
  .PIECEWISE_BEZIER_KNOTS.);
#2063 = CARTESIAN_POINT('',(623.,24.4,824.));
#2064 = CARTESIAN_POINT('',(1.68E+03,24.4,824.));
#2065 = CARTESIAN_POINT('',(623.,24.4,822.));
#2066 = CARTESIAN_POINT('',(1.68E+03,24.4,822.));
#2067 = ADVANCED_FACE('',(#2068),#2074,.T.);
#2068 = FACE_BOUND('',#2069,.T.);
#2069 = EDGE_LOOP('',(#2070,#2071,#2072,#2073));
#2070 = ORIENTED_EDGE('',*,*,#1968,.F.);
#2071 = ORIENTED_EDGE('',*,*,#2031,.T.);
#2072 = ORIENTED_EDGE('',*,*,#2004,.T.);
#2073 = ORIENTED_EDGE('',*,*,#2051,.F.);
#2074 = B_SPLINE_SURFACE_WITH_KNOTS('',1,1,(
    (#2075,#2076)
    ,(#2077,#2078
    )),.UNSPECIFIED.,.F.,.F.,.F.,(2,2),(2,2),(0.,903.),(0.,24.4),
  .PIECEWISE_BEZIER_KNOTS.);
#2075 = CARTESIAN_POINT('',(623.,0.,824.));
#2076 = CARTESIAN_POINT('',(623.,24.4,824.));
#2077 = CARTESIAN_POINT('',(1.68E+03,0.,824.));
#2078 = CARTESIAN_POINT('',(1.68E+03,24.4,824.));
#2079 = ADVANCED_FACE('',(#2080),#2086,.F.);
#2080 = FACE_BOUND('',#2081,.F.);
#2081 = EDGE_LOOP('',(#2082,#2083,#2084,#2085));
#2082 = ORIENTED_EDGE('',*,*,#1982,.F.);
#2083 = ORIENTED_EDGE('',*,*,#2037,.T.);
#2084 = ORIENTED_EDGE('',*,*,#2018,.T.);
#2085 = ORIENTED_EDGE('',*,*,#2057,.F.);
#2086 = B_SPLINE_SURFACE_WITH_KNOTS('',1,1,(
    (#2087,#2088)
    ,(#2089,#2090
    )),.UNSPECIFIED.,.F.,.F.,.F.,(2,2),(2,2),(0.,903.),(0.,24.4),
  .PIECEWISE_BEZIER_KNOTS.);
#2087 = CARTESIAN_POINT('',(623.,0.,822.));
#2088 = CARTESIAN_POINT('',(623.,24.4,822.));
#2089 = CARTESIAN_POINT('',(1.68E+03,0.,822.));
#2090 = CARTESIAN_POINT('',(1.68E+03,24.4,822.));
#2091 = MANIFOLD_SOLID_BREP('',#2092);
#2092 = CLOSED_SHELL('',(#2093,#2129,#2165,#2185,#2205,#2217));
#2093 = ADVANCED_FACE('',(#2094),#2124,.T.);
#2094 = FACE_BOUND('',#2095,.T.);
#2095 = EDGE_LOOP('',(#2096,#2105,#2112,#2119));
#2096 = ORIENTED_EDGE('',*,*,#2097,.F.);
#2097 = EDGE_CURVE('',#2098,#2100,#2102,.T.);
#2098 = VERTEX_POINT('',#2099);
#2099 = CARTESIAN_POINT('',(623.,0.,828.));
#2100 = VERTEX_POINT('',#2101);
#2101 = CARTESIAN_POINT('',(623.,0.,822.));
#2102 = B_SPLINE_CURVE_WITH_KNOTS('',1,(#2103,#2104),.UNSPECIFIED.,.F.,
  .F.,(2,2),(0.,6.),.PIECEWISE_BEZIER_KNOTS.);
#2103 = CARTESIAN_POINT('',(623.,0.,828.));
#2104 = CARTESIAN_POINT('',(623.,0.,822.));
#2105 = ORIENTED_EDGE('',*,*,#2106,.T.);
#2106 = EDGE_CURVE('',#2098,#2107,#2109,.T.);
#2107 = VERTEX_POINT('',#2108);
#2108 = CARTESIAN_POINT('',(623.,2.,828.));
#2109 = B_SPLINE_CURVE_WITH_KNOTS('',1,(#2110,#2111),.UNSPECIFIED.,.F.,
  .F.,(2,2),(0.,2.),.PIECEWISE_BEZIER_KNOTS.);
#2110 = CARTESIAN_POINT('',(623.,0.,828.));
#2111 = CARTESIAN_POINT('',(623.,2.,828.));
#2112 = ORIENTED_EDGE('',*,*,#2113,.T.);
#2113 = EDGE_CURVE('',#2107,#2114,#2116,.T.);
#2114 = VERTEX_POINT('',#2115);
#2115 = CARTESIAN_POINT('',(623.,2.,822.));
#2116 = B_SPLINE_CURVE_WITH_KNOTS('',1,(#2117,#2118),.UNSPECIFIED.,.F.,
  .F.,(2,2),(0.,6.),.PIECEWISE_BEZIER_KNOTS.);
#2117 = CARTESIAN_POINT('',(623.,2.,828.));
#2118 = CARTESIAN_POINT('',(623.,2.,822.));
#2119 = ORIENTED_EDGE('',*,*,#2120,.F.);
#2120 = EDGE_CURVE('',#2100,#2114,#2121,.T.);
#2121 = B_SPLINE_CURVE_WITH_KNOTS('',1,(#2122,#2123),.UNSPECIFIED.,.F.,
  .F.,(2,2),(0.,2.),.PIECEWISE_BEZIER_KNOTS.);
#2122 = CARTESIAN_POINT('',(623.,0.,822.));
#2123 = CARTESIAN_POINT('',(623.,2.,822.));
#2124 = B_SPLINE_SURFACE_WITH_KNOTS('',1,1,(
    (#2125,#2126)
    ,(#2127,#2128
    )),.UNSPECIFIED.,.F.,.F.,.F.,(2,2),(2,2),(0.,6.),(-2.,0.),
  .PIECEWISE_BEZIER_KNOTS.);
#2125 = CARTESIAN_POINT('',(623.,2.,828.));
#2126 = CARTESIAN_POINT('',(623.,0.,828.));
#2127 = CARTESIAN_POINT('',(623.,2.,822.));
#2128 = CARTESIAN_POINT('',(623.,0.,822.));
#2129 = ADVANCED_FACE('',(#2130),#2160,.F.);
#2130 = FACE_BOUND('',#2131,.F.);
#2131 = EDGE_LOOP('',(#2132,#2141,#2148,#2155));
#2132 = ORIENTED_EDGE('',*,*,#2133,.F.);
#2133 = EDGE_CURVE('',#2134,#2136,#2138,.T.);
#2134 = VERTEX_POINT('',#2135);
#2135 = CARTESIAN_POINT('',(1.68E+03,0.,828.));
#2136 = VERTEX_POINT('',#2137);
#2137 = CARTESIAN_POINT('',(1.68E+03,0.,822.));
#2138 = B_SPLINE_CURVE_WITH_KNOTS('',1,(#2139,#2140),.UNSPECIFIED.,.F.,
  .F.,(2,2),(0.,6.),.PIECEWISE_BEZIER_KNOTS.);
#2139 = CARTESIAN_POINT('',(1.68E+03,0.,828.));
#2140 = CARTESIAN_POINT('',(1.68E+03,0.,822.));
#2141 = ORIENTED_EDGE('',*,*,#2142,.T.);
#2142 = EDGE_CURVE('',#2134,#2143,#2145,.T.);
#2143 = VERTEX_POINT('',#2144);
#2144 = CARTESIAN_POINT('',(1.68E+03,2.,828.));
#2145 = B_SPLINE_CURVE_WITH_KNOTS('',1,(#2146,#2147),.UNSPECIFIED.,.F.,
  .F.,(2,2),(0.,2.),.PIECEWISE_BEZIER_KNOTS.);
#2146 = CARTESIAN_POINT('',(1.68E+03,0.,828.));
#2147 = CARTESIAN_POINT('',(1.68E+03,2.,828.));
#2148 = ORIENTED_EDGE('',*,*,#2149,.T.);
#2149 = EDGE_CURVE('',#2143,#2150,#2152,.T.);
#2150 = VERTEX_POINT('',#2151);
#2151 = CARTESIAN_POINT('',(1.68E+03,2.,822.));
#2152 = B_SPLINE_CURVE_WITH_KNOTS('',1,(#2153,#2154),.UNSPECIFIED.,.F.,
  .F.,(2,2),(0.,6.),.PIECEWISE_BEZIER_KNOTS.);
#2153 = CARTESIAN_POINT('',(1.68E+03,2.,828.));
#2154 = CARTESIAN_POINT('',(1.68E+03,2.,822.));
#2155 = ORIENTED_EDGE('',*,*,#2156,.F.);
#2156 = EDGE_CURVE('',#2136,#2150,#2157,.T.);
#2157 = B_SPLINE_CURVE_WITH_KNOTS('',1,(#2158,#2159),.UNSPECIFIED.,.F.,
  .F.,(2,2),(0.,2.),.PIECEWISE_BEZIER_KNOTS.);
#2158 = CARTESIAN_POINT('',(1.68E+03,0.,822.));
#2159 = CARTESIAN_POINT('',(1.68E+03,2.,822.));
#2160 = B_SPLINE_SURFACE_WITH_KNOTS('',1,1,(
    (#2161,#2162)
    ,(#2163,#2164
    )),.UNSPECIFIED.,.F.,.F.,.F.,(2,2),(2,2),(0.,6.),(-2.,0.),
  .PIECEWISE_BEZIER_KNOTS.);
#2161 = CARTESIAN_POINT('',(1.68E+03,2.,828.));
#2162 = CARTESIAN_POINT('',(1.68E+03,0.,828.));
#2163 = CARTESIAN_POINT('',(1.68E+03,2.,822.));
#2164 = CARTESIAN_POINT('',(1.68E+03,0.,822.));
#2165 = ADVANCED_FACE('',(#2166),#2180,.T.);
#2166 = FACE_BOUND('',#2167,.T.);
#2167 = EDGE_LOOP('',(#2168,#2173,#2174,#2179));
#2168 = ORIENTED_EDGE('',*,*,#2169,.F.);
#2169 = EDGE_CURVE('',#2098,#2134,#2170,.T.);
#2170 = B_SPLINE_CURVE_WITH_KNOTS('',1,(#2171,#2172),.UNSPECIFIED.,.F.,
  .F.,(2,2),(0.,903.),.PIECEWISE_BEZIER_KNOTS.);
#2171 = CARTESIAN_POINT('',(623.,0.,828.));
#2172 = CARTESIAN_POINT('',(1.68E+03,0.,828.));
#2173 = ORIENTED_EDGE('',*,*,#2097,.T.);
#2174 = ORIENTED_EDGE('',*,*,#2175,.T.);
#2175 = EDGE_CURVE('',#2100,#2136,#2176,.T.);
#2176 = B_SPLINE_CURVE_WITH_KNOTS('',1,(#2177,#2178),.UNSPECIFIED.,.F.,
  .F.,(2,2),(0.,903.),.PIECEWISE_BEZIER_KNOTS.);
#2177 = CARTESIAN_POINT('',(623.,0.,822.));
#2178 = CARTESIAN_POINT('',(1.68E+03,0.,822.));
#2179 = ORIENTED_EDGE('',*,*,#2133,.F.);
#2180 = B_SPLINE_SURFACE_WITH_KNOTS('',1,1,(
    (#2181,#2182)
    ,(#2183,#2184
    )),.UNSPECIFIED.,.F.,.F.,.F.,(2,2),(2,2),(0.,6.),(0.,903.),
  .PIECEWISE_BEZIER_KNOTS.);
#2181 = CARTESIAN_POINT('',(623.,0.,828.));
#2182 = CARTESIAN_POINT('',(1.68E+03,0.,828.));
#2183 = CARTESIAN_POINT('',(623.,0.,822.));
#2184 = CARTESIAN_POINT('',(1.68E+03,0.,822.));
#2185 = ADVANCED_FACE('',(#2186),#2200,.F.);
#2186 = FACE_BOUND('',#2187,.F.);
#2187 = EDGE_LOOP('',(#2188,#2193,#2194,#2199));
#2188 = ORIENTED_EDGE('',*,*,#2189,.F.);
#2189 = EDGE_CURVE('',#2107,#2143,#2190,.T.);
#2190 = B_SPLINE_CURVE_WITH_KNOTS('',1,(#2191,#2192),.UNSPECIFIED.,.F.,
  .F.,(2,2),(0.,903.),.PIECEWISE_BEZIER_KNOTS.);
#2191 = CARTESIAN_POINT('',(623.,2.,828.));
#2192 = CARTESIAN_POINT('',(1.68E+03,2.,828.));
#2193 = ORIENTED_EDGE('',*,*,#2113,.T.);
#2194 = ORIENTED_EDGE('',*,*,#2195,.T.);
#2195 = EDGE_CURVE('',#2114,#2150,#2196,.T.);
#2196 = B_SPLINE_CURVE_WITH_KNOTS('',1,(#2197,#2198),.UNSPECIFIED.,.F.,
  .F.,(2,2),(0.,903.),.PIECEWISE_BEZIER_KNOTS.);
#2197 = CARTESIAN_POINT('',(623.,2.,822.));
#2198 = CARTESIAN_POINT('',(1.68E+03,2.,822.));
#2199 = ORIENTED_EDGE('',*,*,#2149,.F.);
#2200 = B_SPLINE_SURFACE_WITH_KNOTS('',1,1,(
    (#2201,#2202)
    ,(#2203,#2204
    )),.UNSPECIFIED.,.F.,.F.,.F.,(2,2),(2,2),(0.,6.),(0.,903.),
  .PIECEWISE_BEZIER_KNOTS.);
#2201 = CARTESIAN_POINT('',(623.,2.,828.));
#2202 = CARTESIAN_POINT('',(1.68E+03,2.,828.));
#2203 = CARTESIAN_POINT('',(623.,2.,822.));
#2204 = CARTESIAN_POINT('',(1.68E+03,2.,822.));
#2205 = ADVANCED_FACE('',(#2206),#2212,.T.);
#2206 = FACE_BOUND('',#2207,.T.);
#2207 = EDGE_LOOP('',(#2208,#2209,#2210,#2211));
#2208 = ORIENTED_EDGE('',*,*,#2106,.F.);
#2209 = ORIENTED_EDGE('',*,*,#2169,.T.);
#2210 = ORIENTED_EDGE('',*,*,#2142,.T.);
#2211 = ORIENTED_EDGE('',*,*,#2189,.F.);
#2212 = B_SPLINE_SURFACE_WITH_KNOTS('',1,1,(
    (#2213,#2214)
    ,(#2215,#2216
    )),.UNSPECIFIED.,.F.,.F.,.F.,(2,2),(2,2),(0.,903.),(0.,2.),
  .PIECEWISE_BEZIER_KNOTS.);
#2213 = CARTESIAN_POINT('',(623.,0.,828.));
#2214 = CARTESIAN_POINT('',(623.,2.,828.));
#2215 = CARTESIAN_POINT('',(1.68E+03,0.,828.));
#2216 = CARTESIAN_POINT('',(1.68E+03,2.,828.));
#2217 = ADVANCED_FACE('',(#2218),#2224,.F.);
#2218 = FACE_BOUND('',#2219,.F.);
#2219 = EDGE_LOOP('',(#2220,#2221,#2222,#2223));
#2220 = ORIENTED_EDGE('',*,*,#2120,.F.);
#2221 = ORIENTED_EDGE('',*,*,#2175,.T.);
#2222 = ORIENTED_EDGE('',*,*,#2156,.T.);
#2223 = ORIENTED_EDGE('',*,*,#2195,.F.);
#2224 = B_SPLINE_SURFACE_WITH_KNOTS('',1,1,(
    (#2225,#2226)
    ,(#2227,#2228
    )),.UNSPECIFIED.,.F.,.F.,.F.,(2,2),(2,2),(0.,903.),(0.,2.),
  .PIECEWISE_BEZIER_KNOTS.);
#2225 = CARTESIAN_POINT('',(623.,0.,822.));
#2226 = CARTESIAN_POINT('',(623.,2.,822.));
#2227 = CARTESIAN_POINT('',(1.68E+03,0.,822.));
#2228 = CARTESIAN_POINT('',(1.68E+03,2.,822.));
#2229 = MANIFOLD_SOLID_BREP('',#2230);
#2230 = CLOSED_SHELL('',(#2231,#2267,#2303,#2323,#2343,#2355));
#2231 = ADVANCED_FACE('',(#2232),#2262,.T.);
#2232 = FACE_BOUND('',#2233,.T.);
#2233 = EDGE_LOOP('',(#2234,#2243,#2250,#2257));
#2234 = ORIENTED_EDGE('',*,*,#2235,.F.);
#2235 = EDGE_CURVE('',#2236,#2238,#2240,.T.);
#2236 = VERTEX_POINT('',#2237);
#2237 = CARTESIAN_POINT('',(623.,18.4,830.));
#2238 = VERTEX_POINT('',#2239);
#2239 = CARTESIAN_POINT('',(623.,18.4,828.));
#2240 = B_SPLINE_CURVE_WITH_KNOTS('',1,(#2241,#2242),.UNSPECIFIED.,.F.,
  .F.,(2,2),(0.,2.),.PIECEWISE_BEZIER_KNOTS.);
#2241 = CARTESIAN_POINT('',(623.,18.4,830.));
#2242 = CARTESIAN_POINT('',(623.,18.4,828.));
#2243 = ORIENTED_EDGE('',*,*,#2244,.T.);
#2244 = EDGE_CURVE('',#2236,#2245,#2247,.T.);
#2245 = VERTEX_POINT('',#2246);
#2246 = CARTESIAN_POINT('',(623.,24.4,830.));
#2247 = B_SPLINE_CURVE_WITH_KNOTS('',1,(#2248,#2249),.UNSPECIFIED.,.F.,
  .F.,(2,2),(0.,6.),.PIECEWISE_BEZIER_KNOTS.);
#2248 = CARTESIAN_POINT('',(623.,18.4,830.));
#2249 = CARTESIAN_POINT('',(623.,24.4,830.));
#2250 = ORIENTED_EDGE('',*,*,#2251,.T.);
#2251 = EDGE_CURVE('',#2245,#2252,#2254,.T.);
#2252 = VERTEX_POINT('',#2253);
#2253 = CARTESIAN_POINT('',(623.,24.4,828.));
#2254 = B_SPLINE_CURVE_WITH_KNOTS('',1,(#2255,#2256),.UNSPECIFIED.,.F.,
  .F.,(2,2),(0.,2.),.PIECEWISE_BEZIER_KNOTS.);
#2255 = CARTESIAN_POINT('',(623.,24.4,830.));
#2256 = CARTESIAN_POINT('',(623.,24.4,828.));
#2257 = ORIENTED_EDGE('',*,*,#2258,.F.);
#2258 = EDGE_CURVE('',#2238,#2252,#2259,.T.);
#2259 = B_SPLINE_CURVE_WITH_KNOTS('',1,(#2260,#2261),.UNSPECIFIED.,.F.,
  .F.,(2,2),(0.,6.),.PIECEWISE_BEZIER_KNOTS.);
#2260 = CARTESIAN_POINT('',(623.,18.4,828.));
#2261 = CARTESIAN_POINT('',(623.,24.4,828.));
#2262 = B_SPLINE_SURFACE_WITH_KNOTS('',1,1,(
    (#2263,#2264)
    ,(#2265,#2266
    )),.UNSPECIFIED.,.F.,.F.,.F.,(2,2),(2,2),(0.,2.),(-6.,0.),
  .PIECEWISE_BEZIER_KNOTS.);
#2263 = CARTESIAN_POINT('',(623.,24.4,830.));
#2264 = CARTESIAN_POINT('',(623.,18.4,830.));
#2265 = CARTESIAN_POINT('',(623.,24.4,828.));
#2266 = CARTESIAN_POINT('',(623.,18.4,828.));
#2267 = ADVANCED_FACE('',(#2268),#2298,.F.);
#2268 = FACE_BOUND('',#2269,.F.);
#2269 = EDGE_LOOP('',(#2270,#2279,#2286,#2293));
#2270 = ORIENTED_EDGE('',*,*,#2271,.F.);
#2271 = EDGE_CURVE('',#2272,#2274,#2276,.T.);
#2272 = VERTEX_POINT('',#2273);
#2273 = CARTESIAN_POINT('',(1.68E+03,18.4,830.));
#2274 = VERTEX_POINT('',#2275);
#2275 = CARTESIAN_POINT('',(1.68E+03,18.4,828.));
#2276 = B_SPLINE_CURVE_WITH_KNOTS('',1,(#2277,#2278),.UNSPECIFIED.,.F.,
  .F.,(2,2),(0.,2.),.PIECEWISE_BEZIER_KNOTS.);
#2277 = CARTESIAN_POINT('',(1.68E+03,18.4,830.));
#2278 = CARTESIAN_POINT('',(1.68E+03,18.4,828.));
#2279 = ORIENTED_EDGE('',*,*,#2280,.T.);
#2280 = EDGE_CURVE('',#2272,#2281,#2283,.T.);
#2281 = VERTEX_POINT('',#2282);
#2282 = CARTESIAN_POINT('',(1.68E+03,24.4,830.));
#2283 = B_SPLINE_CURVE_WITH_KNOTS('',1,(#2284,#2285),.UNSPECIFIED.,.F.,
  .F.,(2,2),(0.,6.),.PIECEWISE_BEZIER_KNOTS.);
#2284 = CARTESIAN_POINT('',(1.68E+03,18.4,830.));
#2285 = CARTESIAN_POINT('',(1.68E+03,24.4,830.));
#2286 = ORIENTED_EDGE('',*,*,#2287,.T.);
#2287 = EDGE_CURVE('',#2281,#2288,#2290,.T.);
#2288 = VERTEX_POINT('',#2289);
#2289 = CARTESIAN_POINT('',(1.68E+03,24.4,828.));
#2290 = B_SPLINE_CURVE_WITH_KNOTS('',1,(#2291,#2292),.UNSPECIFIED.,.F.,
  .F.,(2,2),(0.,2.),.PIECEWISE_BEZIER_KNOTS.);
#2291 = CARTESIAN_POINT('',(1.68E+03,24.4,830.));
#2292 = CARTESIAN_POINT('',(1.68E+03,24.4,828.));
#2293 = ORIENTED_EDGE('',*,*,#2294,.F.);
#2294 = EDGE_CURVE('',#2274,#2288,#2295,.T.);
#2295 = B_SPLINE_CURVE_WITH_KNOTS('',1,(#2296,#2297),.UNSPECIFIED.,.F.,
  .F.,(2,2),(0.,6.),.PIECEWISE_BEZIER_KNOTS.);
#2296 = CARTESIAN_POINT('',(1.68E+03,18.4,828.));
#2297 = CARTESIAN_POINT('',(1.68E+03,24.4,828.));
#2298 = B_SPLINE_SURFACE_WITH_KNOTS('',1,1,(
    (#2299,#2300)
    ,(#2301,#2302
    )),.UNSPECIFIED.,.F.,.F.,.F.,(2,2),(2,2),(0.,2.),(-6.,0.),
  .PIECEWISE_BEZIER_KNOTS.);
#2299 = CARTESIAN_POINT('',(1.68E+03,24.4,830.));
#2300 = CARTESIAN_POINT('',(1.68E+03,18.4,830.));
#2301 = CARTESIAN_POINT('',(1.68E+03,24.4,828.));
#2302 = CARTESIAN_POINT('',(1.68E+03,18.4,828.));
#2303 = ADVANCED_FACE('',(#2304),#2318,.T.);
#2304 = FACE_BOUND('',#2305,.T.);
#2305 = EDGE_LOOP('',(#2306,#2311,#2312,#2317));
#2306 = ORIENTED_EDGE('',*,*,#2307,.F.);
#2307 = EDGE_CURVE('',#2236,#2272,#2308,.T.);
#2308 = B_SPLINE_CURVE_WITH_KNOTS('',1,(#2309,#2310),.UNSPECIFIED.,.F.,
  .F.,(2,2),(0.,903.),.PIECEWISE_BEZIER_KNOTS.);
#2309 = CARTESIAN_POINT('',(623.,18.4,830.));
#2310 = CARTESIAN_POINT('',(1.68E+03,18.4,830.));
#2311 = ORIENTED_EDGE('',*,*,#2235,.T.);
#2312 = ORIENTED_EDGE('',*,*,#2313,.T.);
#2313 = EDGE_CURVE('',#2238,#2274,#2314,.T.);
#2314 = B_SPLINE_CURVE_WITH_KNOTS('',1,(#2315,#2316),.UNSPECIFIED.,.F.,
  .F.,(2,2),(0.,903.),.PIECEWISE_BEZIER_KNOTS.);
#2315 = CARTESIAN_POINT('',(623.,18.4,828.));
#2316 = CARTESIAN_POINT('',(1.68E+03,18.4,828.));
#2317 = ORIENTED_EDGE('',*,*,#2271,.F.);
#2318 = B_SPLINE_SURFACE_WITH_KNOTS('',1,1,(
    (#2319,#2320)
    ,(#2321,#2322
    )),.UNSPECIFIED.,.F.,.F.,.F.,(2,2),(2,2),(0.,2.),(0.,903.),
  .PIECEWISE_BEZIER_KNOTS.);
#2319 = CARTESIAN_POINT('',(623.,18.4,830.));
#2320 = CARTESIAN_POINT('',(1.68E+03,18.4,830.));
#2321 = CARTESIAN_POINT('',(623.,18.4,828.));
#2322 = CARTESIAN_POINT('',(1.68E+03,18.4,828.));
#2323 = ADVANCED_FACE('',(#2324),#2338,.F.);
#2324 = FACE_BOUND('',#2325,.F.);
#2325 = EDGE_LOOP('',(#2326,#2331,#2332,#2337));
#2326 = ORIENTED_EDGE('',*,*,#2327,.F.);
#2327 = EDGE_CURVE('',#2245,#2281,#2328,.T.);
#2328 = B_SPLINE_CURVE_WITH_KNOTS('',1,(#2329,#2330),.UNSPECIFIED.,.F.,
  .F.,(2,2),(0.,903.),.PIECEWISE_BEZIER_KNOTS.);
#2329 = CARTESIAN_POINT('',(623.,24.4,830.));
#2330 = CARTESIAN_POINT('',(1.68E+03,24.4,830.));
#2331 = ORIENTED_EDGE('',*,*,#2251,.T.);
#2332 = ORIENTED_EDGE('',*,*,#2333,.T.);
#2333 = EDGE_CURVE('',#2252,#2288,#2334,.T.);
#2334 = B_SPLINE_CURVE_WITH_KNOTS('',1,(#2335,#2336),.UNSPECIFIED.,.F.,
  .F.,(2,2),(0.,903.),.PIECEWISE_BEZIER_KNOTS.);
#2335 = CARTESIAN_POINT('',(623.,24.4,828.));
#2336 = CARTESIAN_POINT('',(1.68E+03,24.4,828.));
#2337 = ORIENTED_EDGE('',*,*,#2287,.F.);
#2338 = B_SPLINE_SURFACE_WITH_KNOTS('',1,1,(
    (#2339,#2340)
    ,(#2341,#2342
    )),.UNSPECIFIED.,.F.,.F.,.F.,(2,2),(2,2),(0.,2.),(0.,903.),
  .PIECEWISE_BEZIER_KNOTS.);
#2339 = CARTESIAN_POINT('',(623.,24.4,830.));
#2340 = CARTESIAN_POINT('',(1.68E+03,24.4,830.));
#2341 = CARTESIAN_POINT('',(623.,24.4,828.));
#2342 = CARTESIAN_POINT('',(1.68E+03,24.4,828.));
#2343 = ADVANCED_FACE('',(#2344),#2350,.T.);
#2344 = FACE_BOUND('',#2345,.T.);
#2345 = EDGE_LOOP('',(#2346,#2347,#2348,#2349));
#2346 = ORIENTED_EDGE('',*,*,#2244,.F.);
#2347 = ORIENTED_EDGE('',*,*,#2307,.T.);
#2348 = ORIENTED_EDGE('',*,*,#2280,.T.);
#2349 = ORIENTED_EDGE('',*,*,#2327,.F.);
#2350 = B_SPLINE_SURFACE_WITH_KNOTS('',1,1,(
    (#2351,#2352)
    ,(#2353,#2354
    )),.UNSPECIFIED.,.F.,.F.,.F.,(2,2),(2,2),(0.,903.),(0.,6.),
  .PIECEWISE_BEZIER_KNOTS.);
#2351 = CARTESIAN_POINT('',(623.,18.4,830.));
#2352 = CARTESIAN_POINT('',(623.,24.4,830.));
#2353 = CARTESIAN_POINT('',(1.68E+03,18.4,830.));
#2354 = CARTESIAN_POINT('',(1.68E+03,24.4,830.));
#2355 = ADVANCED_FACE('',(#2356),#2362,.F.);
#2356 = FACE_BOUND('',#2357,.F.);
#2357 = EDGE_LOOP('',(#2358,#2359,#2360,#2361));
#2358 = ORIENTED_EDGE('',*,*,#2258,.F.);
#2359 = ORIENTED_EDGE('',*,*,#2313,.T.);
#2360 = ORIENTED_EDGE('',*,*,#2294,.T.);
#2361 = ORIENTED_EDGE('',*,*,#2333,.F.);
#2362 = B_SPLINE_SURFACE_WITH_KNOTS('',1,1,(
    (#2363,#2364)
    ,(#2365,#2366
    )),.UNSPECIFIED.,.F.,.F.,.F.,(2,2),(2,2),(0.,903.),(0.,6.),
  .PIECEWISE_BEZIER_KNOTS.);
#2363 = CARTESIAN_POINT('',(623.,18.4,828.));
#2364 = CARTESIAN_POINT('',(623.,24.4,828.));
#2365 = CARTESIAN_POINT('',(1.68E+03,18.4,828.));
#2366 = CARTESIAN_POINT('',(1.68E+03,24.4,828.));
#2367 = MANIFOLD_SOLID_BREP('',#2368);
#2368 = CLOSED_SHELL('',(#2369,#2409,#2440,#2498,#2522,#2573,#2585,#2607
    ,#2624,#2641));
#2369 = ADVANCED_FACE('',(#2370),#2404,.F.);
#2370 = FACE_BOUND('',#2371,.F.);
#2371 = EDGE_LOOP('',(#2372,#2382,#2390,#2398));
#2372 = ORIENTED_EDGE('',*,*,#2373,.F.);
#2373 = EDGE_CURVE('',#2374,#2376,#2378,.T.);
#2374 = VERTEX_POINT('',#2375);
#2375 = CARTESIAN_POINT('',(-40.,-38.,870.));
#2376 = VERTEX_POINT('',#2377);
#2377 = CARTESIAN_POINT('',(-40.,-38.,900.));
#2378 = LINE('',#2379,#2380);
#2379 = CARTESIAN_POINT('',(-40.,-38.,870.));
#2380 = VECTOR('',#2381,1.);
#2381 = DIRECTION('',(0.,0.,1.));
#2382 = ORIENTED_EDGE('',*,*,#2383,.T.);
#2383 = EDGE_CURVE('',#2374,#2384,#2386,.T.);
#2384 = VERTEX_POINT('',#2385);
#2385 = CARTESIAN_POINT('',(-40.,620.,870.));
#2386 = LINE('',#2387,#2388);
#2387 = CARTESIAN_POINT('',(-40.,-38.,870.));
#2388 = VECTOR('',#2389,1.);
#2389 = DIRECTION('',(0.,1.,0.));
#2390 = ORIENTED_EDGE('',*,*,#2391,.T.);
#2391 = EDGE_CURVE('',#2384,#2392,#2394,.T.);
#2392 = VERTEX_POINT('',#2393);
#2393 = CARTESIAN_POINT('',(-40.,620.,900.));
#2394 = LINE('',#2395,#2396);
#2395 = CARTESIAN_POINT('',(-40.,620.,870.));
#2396 = VECTOR('',#2397,1.);
#2397 = DIRECTION('',(0.,0.,1.));
#2398 = ORIENTED_EDGE('',*,*,#2399,.F.);
#2399 = EDGE_CURVE('',#2376,#2392,#2400,.T.);
#2400 = LINE('',#2401,#2402);
#2401 = CARTESIAN_POINT('',(-40.,-38.,900.));
#2402 = VECTOR('',#2403,1.);
#2403 = DIRECTION('',(0.,1.,0.));
#2404 = PLANE('',#2405);
#2405 = AXIS2_PLACEMENT_3D('',#2406,#2407,#2408);
#2406 = CARTESIAN_POINT('',(-40.,-38.,870.));
#2407 = DIRECTION('',(1.,0.,0.));
#2408 = DIRECTION('',(0.,0.,1.));
#2409 = ADVANCED_FACE('',(#2410),#2435,.F.);
#2410 = FACE_BOUND('',#2411,.F.);
#2411 = EDGE_LOOP('',(#2412,#2420,#2421,#2429));
#2412 = ORIENTED_EDGE('',*,*,#2413,.F.);
#2413 = EDGE_CURVE('',#2374,#2414,#2416,.T.);
#2414 = VERTEX_POINT('',#2415);
#2415 = CARTESIAN_POINT('',(1.68E+03,-38.,870.));
#2416 = LINE('',#2417,#2418);
#2417 = CARTESIAN_POINT('',(-40.,-38.,870.));
#2418 = VECTOR('',#2419,1.);
#2419 = DIRECTION('',(1.,0.,0.));
#2420 = ORIENTED_EDGE('',*,*,#2373,.T.);
#2421 = ORIENTED_EDGE('',*,*,#2422,.T.);
#2422 = EDGE_CURVE('',#2376,#2423,#2425,.T.);
#2423 = VERTEX_POINT('',#2424);
#2424 = CARTESIAN_POINT('',(1.68E+03,-38.,900.));
#2425 = LINE('',#2426,#2427);
#2426 = CARTESIAN_POINT('',(-40.,-38.,900.));
#2427 = VECTOR('',#2428,1.);
#2428 = DIRECTION('',(1.,0.,0.));
#2429 = ORIENTED_EDGE('',*,*,#2430,.F.);
#2430 = EDGE_CURVE('',#2414,#2423,#2431,.T.);
#2431 = LINE('',#2432,#2433);
#2432 = CARTESIAN_POINT('',(1.68E+03,-38.,870.));
#2433 = VECTOR('',#2434,1.);
#2434 = DIRECTION('',(0.,0.,1.));
#2435 = PLANE('',#2436);
#2436 = AXIS2_PLACEMENT_3D('',#2437,#2438,#2439);
#2437 = CARTESIAN_POINT('',(-40.,-38.,870.));
#2438 = DIRECTION('',(0.,1.,0.));
#2439 = DIRECTION('',(0.,0.,1.));
#2440 = ADVANCED_FACE('',(#2441,#2459),#2493,.T.);
#2441 = FACE_BOUND('',#2442,.T.);
#2442 = EDGE_LOOP('',(#2443,#2444,#2445,#2453));
#2443 = ORIENTED_EDGE('',*,*,#2399,.F.);
#2444 = ORIENTED_EDGE('',*,*,#2422,.T.);
#2445 = ORIENTED_EDGE('',*,*,#2446,.T.);
#2446 = EDGE_CURVE('',#2423,#2447,#2449,.T.);
#2447 = VERTEX_POINT('',#2448);
#2448 = CARTESIAN_POINT('',(1.68E+03,620.,900.));
#2449 = LINE('',#2450,#2451);
#2450 = CARTESIAN_POINT('',(1.68E+03,-38.,900.));
#2451 = VECTOR('',#2452,1.);
#2452 = DIRECTION('',(0.,1.,0.));
#2453 = ORIENTED_EDGE('',*,*,#2454,.F.);
#2454 = EDGE_CURVE('',#2392,#2447,#2455,.T.);
#2455 = LINE('',#2456,#2457);
#2456 = CARTESIAN_POINT('',(-40.,620.,900.));
#2457 = VECTOR('',#2458,1.);
#2458 = DIRECTION('',(1.,0.,0.));
#2459 = FACE_BOUND('',#2460,.T.);
#2460 = EDGE_LOOP('',(#2461,#2471,#2479,#2487));
#2461 = ORIENTED_EDGE('',*,*,#2462,.T.);
#2462 = EDGE_CURVE('',#2463,#2465,#2467,.T.);
#2463 = VERTEX_POINT('',#2464);
#2464 = CARTESIAN_POINT('',(1.41375E+03,102.,900.));
#2465 = VERTEX_POINT('',#2466);
#2466 = CARTESIAN_POINT('',(877.75,102.,900.));
#2467 = LINE('',#2468,#2469);
#2468 = CARTESIAN_POINT('',(418.875,102.,900.));
#2469 = VECTOR('',#2470,1.);
#2470 = DIRECTION('',(-1.,0.,0.));
#2471 = ORIENTED_EDGE('',*,*,#2472,.T.);
#2472 = EDGE_CURVE('',#2465,#2473,#2475,.T.);
#2473 = VERTEX_POINT('',#2474);
#2474 = CARTESIAN_POINT('',(877.75,498.,900.));
#2475 = LINE('',#2476,#2477);
#2476 = CARTESIAN_POINT('',(877.75,32.,900.));
#2477 = VECTOR('',#2478,1.);
#2478 = DIRECTION('',(0.,1.,0.));
#2479 = ORIENTED_EDGE('',*,*,#2480,.F.);
#2480 = EDGE_CURVE('',#2481,#2473,#2483,.T.);
#2481 = VERTEX_POINT('',#2482);
#2482 = CARTESIAN_POINT('',(1.41375E+03,498.,900.));
#2483 = LINE('',#2484,#2485);
#2484 = CARTESIAN_POINT('',(418.875,498.,900.));
#2485 = VECTOR('',#2486,1.);
#2486 = DIRECTION('',(-1.,0.,0.));
#2487 = ORIENTED_EDGE('',*,*,#2488,.F.);
#2488 = EDGE_CURVE('',#2463,#2481,#2489,.T.);
#2489 = LINE('',#2490,#2491);
#2490 = CARTESIAN_POINT('',(1.41375E+03,32.,900.));
#2491 = VECTOR('',#2492,1.);
#2492 = DIRECTION('',(0.,1.,0.));
#2493 = PLANE('',#2494);
#2494 = AXIS2_PLACEMENT_3D('',#2495,#2496,#2497);
#2495 = CARTESIAN_POINT('',(-40.,-38.,900.));
#2496 = DIRECTION('',(0.,0.,1.));
#2497 = DIRECTION('',(1.,0.,0.));
#2498 = ADVANCED_FACE('',(#2499),#2517,.T.);
#2499 = FACE_BOUND('',#2500,.T.);
#2500 = EDGE_LOOP('',(#2501,#2509,#2510,#2511));
#2501 = ORIENTED_EDGE('',*,*,#2502,.F.);
#2502 = EDGE_CURVE('',#2384,#2503,#2505,.T.);
#2503 = VERTEX_POINT('',#2504);
#2504 = CARTESIAN_POINT('',(1.68E+03,620.,870.));
#2505 = LINE('',#2506,#2507);
#2506 = CARTESIAN_POINT('',(-40.,620.,870.));
#2507 = VECTOR('',#2508,1.);
#2508 = DIRECTION('',(1.,0.,0.));
#2509 = ORIENTED_EDGE('',*,*,#2391,.T.);
#2510 = ORIENTED_EDGE('',*,*,#2454,.T.);
#2511 = ORIENTED_EDGE('',*,*,#2512,.F.);
#2512 = EDGE_CURVE('',#2503,#2447,#2513,.T.);
#2513 = LINE('',#2514,#2515);
#2514 = CARTESIAN_POINT('',(1.68E+03,620.,870.));
#2515 = VECTOR('',#2516,1.);
#2516 = DIRECTION('',(0.,0.,1.));
#2517 = PLANE('',#2518);
#2518 = AXIS2_PLACEMENT_3D('',#2519,#2520,#2521);
#2519 = CARTESIAN_POINT('',(-40.,620.,870.));
#2520 = DIRECTION('',(0.,1.,0.));
#2521 = DIRECTION('',(0.,0.,1.));
#2522 = ADVANCED_FACE('',(#2523,#2534),#2568,.F.);
#2523 = FACE_BOUND('',#2524,.F.);
#2524 = EDGE_LOOP('',(#2525,#2526,#2527,#2533));
#2525 = ORIENTED_EDGE('',*,*,#2383,.F.);
#2526 = ORIENTED_EDGE('',*,*,#2413,.T.);
#2527 = ORIENTED_EDGE('',*,*,#2528,.T.);
#2528 = EDGE_CURVE('',#2414,#2503,#2529,.T.);
#2529 = LINE('',#2530,#2531);
#2530 = CARTESIAN_POINT('',(1.68E+03,-38.,870.));
#2531 = VECTOR('',#2532,1.);
#2532 = DIRECTION('',(0.,1.,0.));
#2533 = ORIENTED_EDGE('',*,*,#2502,.F.);
#2534 = FACE_BOUND('',#2535,.F.);
#2535 = EDGE_LOOP('',(#2536,#2546,#2554,#2562));
#2536 = ORIENTED_EDGE('',*,*,#2537,.T.);
#2537 = EDGE_CURVE('',#2538,#2540,#2542,.T.);
#2538 = VERTEX_POINT('',#2539);
#2539 = CARTESIAN_POINT('',(1.41375E+03,102.,870.));
#2540 = VERTEX_POINT('',#2541);
#2541 = CARTESIAN_POINT('',(877.75,102.,870.));
#2542 = LINE('',#2543,#2544);
#2543 = CARTESIAN_POINT('',(418.875,102.,870.));
#2544 = VECTOR('',#2545,1.);
#2545 = DIRECTION('',(-1.,0.,0.));
#2546 = ORIENTED_EDGE('',*,*,#2547,.T.);
#2547 = EDGE_CURVE('',#2540,#2548,#2550,.T.);
#2548 = VERTEX_POINT('',#2549);
#2549 = CARTESIAN_POINT('',(877.75,498.,870.));
#2550 = LINE('',#2551,#2552);
#2551 = CARTESIAN_POINT('',(877.75,32.,870.));
#2552 = VECTOR('',#2553,1.);
#2553 = DIRECTION('',(0.,1.,0.));
#2554 = ORIENTED_EDGE('',*,*,#2555,.F.);
#2555 = EDGE_CURVE('',#2556,#2548,#2558,.T.);
#2556 = VERTEX_POINT('',#2557);
#2557 = CARTESIAN_POINT('',(1.41375E+03,498.,870.));
#2558 = LINE('',#2559,#2560);
#2559 = CARTESIAN_POINT('',(418.875,498.,870.));
#2560 = VECTOR('',#2561,1.);
#2561 = DIRECTION('',(-1.,0.,0.));
#2562 = ORIENTED_EDGE('',*,*,#2563,.F.);
#2563 = EDGE_CURVE('',#2538,#2556,#2564,.T.);
#2564 = LINE('',#2565,#2566);
#2565 = CARTESIAN_POINT('',(1.41375E+03,32.,870.));
#2566 = VECTOR('',#2567,1.);
#2567 = DIRECTION('',(0.,1.,0.));
#2568 = PLANE('',#2569);
#2569 = AXIS2_PLACEMENT_3D('',#2570,#2571,#2572);
#2570 = CARTESIAN_POINT('',(-40.,-38.,870.));
#2571 = DIRECTION('',(0.,0.,1.));
#2572 = DIRECTION('',(1.,0.,0.));
#2573 = ADVANCED_FACE('',(#2574),#2580,.T.);
#2574 = FACE_BOUND('',#2575,.T.);
#2575 = EDGE_LOOP('',(#2576,#2577,#2578,#2579));
#2576 = ORIENTED_EDGE('',*,*,#2430,.F.);
#2577 = ORIENTED_EDGE('',*,*,#2528,.T.);
#2578 = ORIENTED_EDGE('',*,*,#2512,.T.);
#2579 = ORIENTED_EDGE('',*,*,#2446,.F.);
#2580 = PLANE('',#2581);
#2581 = AXIS2_PLACEMENT_3D('',#2582,#2583,#2584);
#2582 = CARTESIAN_POINT('',(1.68E+03,-38.,870.));
#2583 = DIRECTION('',(1.,0.,0.));
#2584 = DIRECTION('',(0.,0.,1.));
#2585 = ADVANCED_FACE('',(#2586),#2602,.T.);
#2586 = FACE_BOUND('',#2587,.T.);
#2587 = EDGE_LOOP('',(#2588,#2594,#2595,#2601));
#2588 = ORIENTED_EDGE('',*,*,#2589,.F.);
#2589 = EDGE_CURVE('',#2538,#2463,#2590,.T.);
#2590 = LINE('',#2591,#2592);
#2591 = CARTESIAN_POINT('',(1.41375E+03,102.,869.));
#2592 = VECTOR('',#2593,1.);
#2593 = DIRECTION('',(0.,0.,1.));
#2594 = ORIENTED_EDGE('',*,*,#2537,.T.);
#2595 = ORIENTED_EDGE('',*,*,#2596,.T.);
#2596 = EDGE_CURVE('',#2540,#2465,#2597,.T.);
#2597 = LINE('',#2598,#2599);
#2598 = CARTESIAN_POINT('',(877.75,102.,869.));
#2599 = VECTOR('',#2600,1.);
#2600 = DIRECTION('',(0.,0.,1.));
#2601 = ORIENTED_EDGE('',*,*,#2462,.F.);
#2602 = PLANE('',#2603);
#2603 = AXIS2_PLACEMENT_3D('',#2604,#2605,#2606);
#2604 = CARTESIAN_POINT('',(877.75,102.,869.));
#2605 = DIRECTION('',(0.,1.,0.));
#2606 = DIRECTION('',(0.,0.,1.));
#2607 = ADVANCED_FACE('',(#2608),#2619,.F.);
#2608 = FACE_BOUND('',#2609,.F.);
#2609 = EDGE_LOOP('',(#2610,#2611,#2612,#2618));
#2610 = ORIENTED_EDGE('',*,*,#2589,.F.);
#2611 = ORIENTED_EDGE('',*,*,#2563,.T.);
#2612 = ORIENTED_EDGE('',*,*,#2613,.T.);
#2613 = EDGE_CURVE('',#2556,#2481,#2614,.T.);
#2614 = LINE('',#2615,#2616);
#2615 = CARTESIAN_POINT('',(1.41375E+03,498.,869.));
#2616 = VECTOR('',#2617,1.);
#2617 = DIRECTION('',(0.,0.,1.));
#2618 = ORIENTED_EDGE('',*,*,#2488,.F.);
#2619 = PLANE('',#2620);
#2620 = AXIS2_PLACEMENT_3D('',#2621,#2622,#2623);
#2621 = CARTESIAN_POINT('',(1.41375E+03,102.,869.));
#2622 = DIRECTION('',(1.,0.,0.));
#2623 = DIRECTION('',(0.,0.,1.));
#2624 = ADVANCED_FACE('',(#2625),#2636,.F.);
#2625 = FACE_BOUND('',#2626,.F.);
#2626 = EDGE_LOOP('',(#2627,#2628,#2629,#2635));
#2627 = ORIENTED_EDGE('',*,*,#2613,.F.);
#2628 = ORIENTED_EDGE('',*,*,#2555,.T.);
#2629 = ORIENTED_EDGE('',*,*,#2630,.T.);
#2630 = EDGE_CURVE('',#2548,#2473,#2631,.T.);
#2631 = LINE('',#2632,#2633);
#2632 = CARTESIAN_POINT('',(877.75,498.,869.));
#2633 = VECTOR('',#2634,1.);
#2634 = DIRECTION('',(0.,0.,1.));
#2635 = ORIENTED_EDGE('',*,*,#2480,.F.);
#2636 = PLANE('',#2637);
#2637 = AXIS2_PLACEMENT_3D('',#2638,#2639,#2640);
#2638 = CARTESIAN_POINT('',(877.75,498.,869.));
#2639 = DIRECTION('',(0.,1.,0.));
#2640 = DIRECTION('',(0.,0.,1.));
#2641 = ADVANCED_FACE('',(#2642),#2648,.T.);
#2642 = FACE_BOUND('',#2643,.T.);
#2643 = EDGE_LOOP('',(#2644,#2645,#2646,#2647));
#2644 = ORIENTED_EDGE('',*,*,#2596,.F.);
#2645 = ORIENTED_EDGE('',*,*,#2547,.T.);
#2646 = ORIENTED_EDGE('',*,*,#2630,.T.);
#2647 = ORIENTED_EDGE('',*,*,#2472,.F.);
#2648 = PLANE('',#2649);
#2649 = AXIS2_PLACEMENT_3D('',#2650,#2651,#2652);
#2650 = CARTESIAN_POINT('',(877.75,102.,869.));
#2651 = DIRECTION('',(1.,0.,0.));
#2652 = DIRECTION('',(0.,0.,1.));
#2653 = MANIFOLD_SOLID_BREP('',#2654);
#2654 = CLOSED_SHELL('',(#2655,#2695,#2735,#2757,#2779,#2791));
#2655 = ADVANCED_FACE('',(#2656),#2690,.F.);
#2656 = FACE_BOUND('',#2657,.F.);
#2657 = EDGE_LOOP('',(#2658,#2668,#2676,#2684));
#2658 = ORIENTED_EDGE('',*,*,#2659,.F.);
#2659 = EDGE_CURVE('',#2660,#2662,#2664,.T.);
#2660 = VERTEX_POINT('',#2661);
#2661 = CARTESIAN_POINT('',(623.,-18.,80.));
#2662 = VERTEX_POINT('',#2663);
#2663 = CARTESIAN_POINT('',(623.,-18.,844.));
#2664 = LINE('',#2665,#2666);
#2665 = CARTESIAN_POINT('',(623.,-18.,80.));
#2666 = VECTOR('',#2667,1.);
#2667 = DIRECTION('',(0.,0.,1.));
#2668 = ORIENTED_EDGE('',*,*,#2669,.T.);
#2669 = EDGE_CURVE('',#2660,#2670,#2672,.T.);
#2670 = VERTEX_POINT('',#2671);
#2671 = CARTESIAN_POINT('',(623.,0.,80.));
#2672 = LINE('',#2673,#2674);
#2673 = CARTESIAN_POINT('',(623.,-18.,80.));
#2674 = VECTOR('',#2675,1.);
#2675 = DIRECTION('',(0.,1.,0.));
#2676 = ORIENTED_EDGE('',*,*,#2677,.T.);
#2677 = EDGE_CURVE('',#2670,#2678,#2680,.T.);
#2678 = VERTEX_POINT('',#2679);
#2679 = CARTESIAN_POINT('',(623.,0.,844.));
#2680 = LINE('',#2681,#2682);
#2681 = CARTESIAN_POINT('',(623.,0.,80.));
#2682 = VECTOR('',#2683,1.);
#2683 = DIRECTION('',(0.,0.,1.));
#2684 = ORIENTED_EDGE('',*,*,#2685,.F.);
#2685 = EDGE_CURVE('',#2662,#2678,#2686,.T.);
#2686 = LINE('',#2687,#2688);
#2687 = CARTESIAN_POINT('',(623.,-18.,844.));
#2688 = VECTOR('',#2689,1.);
#2689 = DIRECTION('',(0.,1.,0.));
#2690 = PLANE('',#2691);
#2691 = AXIS2_PLACEMENT_3D('',#2692,#2693,#2694);
#2692 = CARTESIAN_POINT('',(623.,-18.,80.));
#2693 = DIRECTION('',(1.,0.,0.));
#2694 = DIRECTION('',(0.,0.,1.));
#2695 = ADVANCED_FACE('',(#2696),#2730,.T.);
#2696 = FACE_BOUND('',#2697,.T.);
#2697 = EDGE_LOOP('',(#2698,#2708,#2716,#2724));
#2698 = ORIENTED_EDGE('',*,*,#2699,.F.);
#2699 = EDGE_CURVE('',#2700,#2702,#2704,.T.);
#2700 = VERTEX_POINT('',#2701);
#2701 = CARTESIAN_POINT('',(1.14425E+03,-18.,80.));
#2702 = VERTEX_POINT('',#2703);
#2703 = CARTESIAN_POINT('',(1.14425E+03,-18.,844.));
#2704 = LINE('',#2705,#2706);
#2705 = CARTESIAN_POINT('',(1.14425E+03,-18.,80.));
#2706 = VECTOR('',#2707,1.);
#2707 = DIRECTION('',(0.,0.,1.));
#2708 = ORIENTED_EDGE('',*,*,#2709,.T.);
#2709 = EDGE_CURVE('',#2700,#2710,#2712,.T.);
#2710 = VERTEX_POINT('',#2711);
#2711 = CARTESIAN_POINT('',(1.14425E+03,0.,80.));
#2712 = LINE('',#2713,#2714);
#2713 = CARTESIAN_POINT('',(1.14425E+03,-18.,80.));
#2714 = VECTOR('',#2715,1.);
#2715 = DIRECTION('',(0.,1.,0.));
#2716 = ORIENTED_EDGE('',*,*,#2717,.T.);
#2717 = EDGE_CURVE('',#2710,#2718,#2720,.T.);
#2718 = VERTEX_POINT('',#2719);
#2719 = CARTESIAN_POINT('',(1.14425E+03,0.,844.));
#2720 = LINE('',#2721,#2722);
#2721 = CARTESIAN_POINT('',(1.14425E+03,0.,80.));
#2722 = VECTOR('',#2723,1.);
#2723 = DIRECTION('',(0.,0.,1.));
#2724 = ORIENTED_EDGE('',*,*,#2725,.F.);
#2725 = EDGE_CURVE('',#2702,#2718,#2726,.T.);
#2726 = LINE('',#2727,#2728);
#2727 = CARTESIAN_POINT('',(1.14425E+03,-18.,844.));
#2728 = VECTOR('',#2729,1.);
#2729 = DIRECTION('',(0.,1.,0.));
#2730 = PLANE('',#2731);
#2731 = AXIS2_PLACEMENT_3D('',#2732,#2733,#2734);
#2732 = CARTESIAN_POINT('',(1.14425E+03,-18.,80.));
#2733 = DIRECTION('',(1.,0.,0.));
#2734 = DIRECTION('',(0.,0.,1.));
#2735 = ADVANCED_FACE('',(#2736),#2752,.F.);
#2736 = FACE_BOUND('',#2737,.F.);
#2737 = EDGE_LOOP('',(#2738,#2744,#2745,#2751));
#2738 = ORIENTED_EDGE('',*,*,#2739,.F.);
#2739 = EDGE_CURVE('',#2660,#2700,#2740,.T.);
#2740 = LINE('',#2741,#2742);
#2741 = CARTESIAN_POINT('',(623.,-18.,80.));
#2742 = VECTOR('',#2743,1.);
#2743 = DIRECTION('',(1.,0.,0.));
#2744 = ORIENTED_EDGE('',*,*,#2659,.T.);
#2745 = ORIENTED_EDGE('',*,*,#2746,.T.);
#2746 = EDGE_CURVE('',#2662,#2702,#2747,.T.);
#2747 = LINE('',#2748,#2749);
#2748 = CARTESIAN_POINT('',(623.,-18.,844.));
#2749 = VECTOR('',#2750,1.);
#2750 = DIRECTION('',(1.,0.,0.));
#2751 = ORIENTED_EDGE('',*,*,#2699,.F.);
#2752 = PLANE('',#2753);
#2753 = AXIS2_PLACEMENT_3D('',#2754,#2755,#2756);
#2754 = CARTESIAN_POINT('',(623.,-18.,80.));
#2755 = DIRECTION('',(0.,1.,0.));
#2756 = DIRECTION('',(0.,0.,1.));
#2757 = ADVANCED_FACE('',(#2758),#2774,.T.);
#2758 = FACE_BOUND('',#2759,.T.);
#2759 = EDGE_LOOP('',(#2760,#2766,#2767,#2773));
#2760 = ORIENTED_EDGE('',*,*,#2761,.F.);
#2761 = EDGE_CURVE('',#2670,#2710,#2762,.T.);
#2762 = LINE('',#2763,#2764);
#2763 = CARTESIAN_POINT('',(623.,0.,80.));
#2764 = VECTOR('',#2765,1.);
#2765 = DIRECTION('',(1.,0.,0.));
#2766 = ORIENTED_EDGE('',*,*,#2677,.T.);
#2767 = ORIENTED_EDGE('',*,*,#2768,.T.);
#2768 = EDGE_CURVE('',#2678,#2718,#2769,.T.);
#2769 = LINE('',#2770,#2771);
#2770 = CARTESIAN_POINT('',(623.,0.,844.));
#2771 = VECTOR('',#2772,1.);
#2772 = DIRECTION('',(1.,0.,0.));
#2773 = ORIENTED_EDGE('',*,*,#2717,.F.);
#2774 = PLANE('',#2775);
#2775 = AXIS2_PLACEMENT_3D('',#2776,#2777,#2778);
#2776 = CARTESIAN_POINT('',(623.,0.,80.));
#2777 = DIRECTION('',(0.,1.,0.));
#2778 = DIRECTION('',(0.,0.,1.));
#2779 = ADVANCED_FACE('',(#2780),#2786,.F.);
#2780 = FACE_BOUND('',#2781,.F.);
#2781 = EDGE_LOOP('',(#2782,#2783,#2784,#2785));
#2782 = ORIENTED_EDGE('',*,*,#2669,.F.);
#2783 = ORIENTED_EDGE('',*,*,#2739,.T.);
#2784 = ORIENTED_EDGE('',*,*,#2709,.T.);
#2785 = ORIENTED_EDGE('',*,*,#2761,.F.);
#2786 = PLANE('',#2787);
#2787 = AXIS2_PLACEMENT_3D('',#2788,#2789,#2790);
#2788 = CARTESIAN_POINT('',(623.,-18.,80.));
#2789 = DIRECTION('',(0.,0.,1.));
#2790 = DIRECTION('',(1.,0.,0.));
#2791 = ADVANCED_FACE('',(#2792),#2798,.T.);
#2792 = FACE_BOUND('',#2793,.T.);
#2793 = EDGE_LOOP('',(#2794,#2795,#2796,#2797));
#2794 = ORIENTED_EDGE('',*,*,#2685,.F.);
#2795 = ORIENTED_EDGE('',*,*,#2746,.T.);
#2796 = ORIENTED_EDGE('',*,*,#2725,.T.);
#2797 = ORIENTED_EDGE('',*,*,#2768,.F.);
#2798 = PLANE('',#2799);
#2799 = AXIS2_PLACEMENT_3D('',#2800,#2801,#2802);
#2800 = CARTESIAN_POINT('',(623.,-18.,844.));
#2801 = DIRECTION('',(0.,0.,1.));
#2802 = DIRECTION('',(1.,0.,0.));
#2803 = MANIFOLD_SOLID_BREP('',#2804);
#2804 = CLOSED_SHELL('',(#2805,#2845,#2885,#2907,#2929,#2941));
#2805 = ADVANCED_FACE('',(#2806),#2840,.F.);
#2806 = FACE_BOUND('',#2807,.F.);
#2807 = EDGE_LOOP('',(#2808,#2818,#2826,#2834));
#2808 = ORIENTED_EDGE('',*,*,#2809,.F.);
#2809 = EDGE_CURVE('',#2810,#2812,#2814,.T.);
#2810 = VERTEX_POINT('',#2811);
#2811 = CARTESIAN_POINT('',(1.14725E+03,-18.,80.));
#2812 = VERTEX_POINT('',#2813);
#2813 = CARTESIAN_POINT('',(1.14725E+03,-18.,844.));
#2814 = LINE('',#2815,#2816);
#2815 = CARTESIAN_POINT('',(1.14725E+03,-18.,80.));
#2816 = VECTOR('',#2817,1.);
#2817 = DIRECTION('',(0.,0.,1.));
#2818 = ORIENTED_EDGE('',*,*,#2819,.T.);
#2819 = EDGE_CURVE('',#2810,#2820,#2822,.T.);
#2820 = VERTEX_POINT('',#2821);
#2821 = CARTESIAN_POINT('',(1.14725E+03,0.,80.));
#2822 = LINE('',#2823,#2824);
#2823 = CARTESIAN_POINT('',(1.14725E+03,-18.,80.));
#2824 = VECTOR('',#2825,1.);
#2825 = DIRECTION('',(0.,1.,0.));
#2826 = ORIENTED_EDGE('',*,*,#2827,.T.);
#2827 = EDGE_CURVE('',#2820,#2828,#2830,.T.);
#2828 = VERTEX_POINT('',#2829);
#2829 = CARTESIAN_POINT('',(1.14725E+03,0.,844.));
#2830 = LINE('',#2831,#2832);
#2831 = CARTESIAN_POINT('',(1.14725E+03,0.,80.));
#2832 = VECTOR('',#2833,1.);
#2833 = DIRECTION('',(0.,0.,1.));
#2834 = ORIENTED_EDGE('',*,*,#2835,.F.);
#2835 = EDGE_CURVE('',#2812,#2828,#2836,.T.);
#2836 = LINE('',#2837,#2838);
#2837 = CARTESIAN_POINT('',(1.14725E+03,-18.,844.));
#2838 = VECTOR('',#2839,1.);
#2839 = DIRECTION('',(0.,1.,0.));
#2840 = PLANE('',#2841);
#2841 = AXIS2_PLACEMENT_3D('',#2842,#2843,#2844);
#2842 = CARTESIAN_POINT('',(1.14725E+03,-18.,80.));
#2843 = DIRECTION('',(1.,0.,0.));
#2844 = DIRECTION('',(0.,0.,1.));
#2845 = ADVANCED_FACE('',(#2846),#2880,.T.);
#2846 = FACE_BOUND('',#2847,.T.);
#2847 = EDGE_LOOP('',(#2848,#2858,#2866,#2874));
#2848 = ORIENTED_EDGE('',*,*,#2849,.F.);
#2849 = EDGE_CURVE('',#2850,#2852,#2854,.T.);
#2850 = VERTEX_POINT('',#2851);
#2851 = CARTESIAN_POINT('',(1.682E+03,-18.,80.));
#2852 = VERTEX_POINT('',#2853);
#2853 = CARTESIAN_POINT('',(1.682E+03,-18.,844.));
#2854 = LINE('',#2855,#2856);
#2855 = CARTESIAN_POINT('',(1.682E+03,-18.,80.));
#2856 = VECTOR('',#2857,1.);
#2857 = DIRECTION('',(0.,0.,1.));
#2858 = ORIENTED_EDGE('',*,*,#2859,.T.);
#2859 = EDGE_CURVE('',#2850,#2860,#2862,.T.);
#2860 = VERTEX_POINT('',#2861);
#2861 = CARTESIAN_POINT('',(1.682E+03,0.,80.));
#2862 = LINE('',#2863,#2864);
#2863 = CARTESIAN_POINT('',(1.682E+03,-18.,80.));
#2864 = VECTOR('',#2865,1.);
#2865 = DIRECTION('',(0.,1.,0.));
#2866 = ORIENTED_EDGE('',*,*,#2867,.T.);
#2867 = EDGE_CURVE('',#2860,#2868,#2870,.T.);
#2868 = VERTEX_POINT('',#2869);
#2869 = CARTESIAN_POINT('',(1.682E+03,0.,844.));
#2870 = LINE('',#2871,#2872);
#2871 = CARTESIAN_POINT('',(1.682E+03,0.,80.));
#2872 = VECTOR('',#2873,1.);
#2873 = DIRECTION('',(0.,0.,1.));
#2874 = ORIENTED_EDGE('',*,*,#2875,.F.);
#2875 = EDGE_CURVE('',#2852,#2868,#2876,.T.);
#2876 = LINE('',#2877,#2878);
#2877 = CARTESIAN_POINT('',(1.682E+03,-18.,844.));
#2878 = VECTOR('',#2879,1.);
#2879 = DIRECTION('',(0.,1.,0.));
#2880 = PLANE('',#2881);
#2881 = AXIS2_PLACEMENT_3D('',#2882,#2883,#2884);
#2882 = CARTESIAN_POINT('',(1.682E+03,-18.,80.));
#2883 = DIRECTION('',(1.,0.,0.));
#2884 = DIRECTION('',(0.,0.,1.));
#2885 = ADVANCED_FACE('',(#2886),#2902,.F.);
#2886 = FACE_BOUND('',#2887,.F.);
#2887 = EDGE_LOOP('',(#2888,#2894,#2895,#2901));
#2888 = ORIENTED_EDGE('',*,*,#2889,.F.);
#2889 = EDGE_CURVE('',#2810,#2850,#2890,.T.);
#2890 = LINE('',#2891,#2892);
#2891 = CARTESIAN_POINT('',(1.14725E+03,-18.,80.));
#2892 = VECTOR('',#2893,1.);
#2893 = DIRECTION('',(1.,0.,0.));
#2894 = ORIENTED_EDGE('',*,*,#2809,.T.);
#2895 = ORIENTED_EDGE('',*,*,#2896,.T.);
#2896 = EDGE_CURVE('',#2812,#2852,#2897,.T.);
#2897 = LINE('',#2898,#2899);
#2898 = CARTESIAN_POINT('',(1.14725E+03,-18.,844.));
#2899 = VECTOR('',#2900,1.);
#2900 = DIRECTION('',(1.,0.,0.));
#2901 = ORIENTED_EDGE('',*,*,#2849,.F.);
#2902 = PLANE('',#2903);
#2903 = AXIS2_PLACEMENT_3D('',#2904,#2905,#2906);
#2904 = CARTESIAN_POINT('',(1.14725E+03,-18.,80.));
#2905 = DIRECTION('',(0.,1.,0.));
#2906 = DIRECTION('',(0.,0.,1.));
#2907 = ADVANCED_FACE('',(#2908),#2924,.T.);
#2908 = FACE_BOUND('',#2909,.T.);
#2909 = EDGE_LOOP('',(#2910,#2916,#2917,#2923));
#2910 = ORIENTED_EDGE('',*,*,#2911,.F.);
#2911 = EDGE_CURVE('',#2820,#2860,#2912,.T.);
#2912 = LINE('',#2913,#2914);
#2913 = CARTESIAN_POINT('',(1.14725E+03,0.,80.));
#2914 = VECTOR('',#2915,1.);
#2915 = DIRECTION('',(1.,0.,0.));
#2916 = ORIENTED_EDGE('',*,*,#2827,.T.);
#2917 = ORIENTED_EDGE('',*,*,#2918,.T.);
#2918 = EDGE_CURVE('',#2828,#2868,#2919,.T.);
#2919 = LINE('',#2920,#2921);
#2920 = CARTESIAN_POINT('',(1.14725E+03,0.,844.));
#2921 = VECTOR('',#2922,1.);
#2922 = DIRECTION('',(1.,0.,0.));
#2923 = ORIENTED_EDGE('',*,*,#2867,.F.);
#2924 = PLANE('',#2925);
#2925 = AXIS2_PLACEMENT_3D('',#2926,#2927,#2928);
#2926 = CARTESIAN_POINT('',(1.14725E+03,0.,80.));
#2927 = DIRECTION('',(0.,1.,0.));
#2928 = DIRECTION('',(0.,0.,1.));
#2929 = ADVANCED_FACE('',(#2930),#2936,.F.);
#2930 = FACE_BOUND('',#2931,.F.);
#2931 = EDGE_LOOP('',(#2932,#2933,#2934,#2935));
#2932 = ORIENTED_EDGE('',*,*,#2819,.F.);
#2933 = ORIENTED_EDGE('',*,*,#2889,.T.);
#2934 = ORIENTED_EDGE('',*,*,#2859,.T.);
#2935 = ORIENTED_EDGE('',*,*,#2911,.F.);
#2936 = PLANE('',#2937);
#2937 = AXIS2_PLACEMENT_3D('',#2938,#2939,#2940);
#2938 = CARTESIAN_POINT('',(1.14725E+03,-18.,80.));
#2939 = DIRECTION('',(0.,0.,1.));
#2940 = DIRECTION('',(1.,0.,0.));
#2941 = ADVANCED_FACE('',(#2942),#2948,.T.);
#2942 = FACE_BOUND('',#2943,.T.);
#2943 = EDGE_LOOP('',(#2944,#2945,#2946,#2947));
#2944 = ORIENTED_EDGE('',*,*,#2835,.F.);
#2945 = ORIENTED_EDGE('',*,*,#2896,.T.);
#2946 = ORIENTED_EDGE('',*,*,#2875,.T.);
#2947 = ORIENTED_EDGE('',*,*,#2918,.F.);
#2948 = PLANE('',#2949);
#2949 = AXIS2_PLACEMENT_3D('',#2950,#2951,#2952);
#2950 = CARTESIAN_POINT('',(1.14725E+03,-18.,844.));
#2951 = DIRECTION('',(0.,0.,1.));
#2952 = DIRECTION('',(1.,0.,0.));
#2953 = MANIFOLD_SOLID_BREP('',#2954);
#2954 = CLOSED_SHELL('',(#2955,#2995,#3035,#3057,#3079,#3091));
#2955 = ADVANCED_FACE('',(#2956),#2990,.F.);
#2956 = FACE_BOUND('',#2957,.F.);
#2957 = EDGE_LOOP('',(#2958,#2968,#2976,#2984));
#2958 = ORIENTED_EDGE('',*,*,#2959,.F.);
#2959 = EDGE_CURVE('',#2960,#2962,#2964,.T.);
#2960 = VERTEX_POINT('',#2961);
#2961 = CARTESIAN_POINT('',(625.,0.,418.));
#2962 = VERTEX_POINT('',#2963);
#2963 = CARTESIAN_POINT('',(625.,0.,436.));
#2964 = LINE('',#2965,#2966);
#2965 = CARTESIAN_POINT('',(625.,0.,418.));
#2966 = VECTOR('',#2967,1.);
#2967 = DIRECTION('',(0.,0.,1.));
#2968 = ORIENTED_EDGE('',*,*,#2969,.T.);
#2969 = EDGE_CURVE('',#2960,#2970,#2972,.T.);
#2970 = VERTEX_POINT('',#2971);
#2971 = CARTESIAN_POINT('',(625.,612.,418.));
#2972 = LINE('',#2973,#2974);
#2973 = CARTESIAN_POINT('',(625.,0.,418.));
#2974 = VECTOR('',#2975,1.);
#2975 = DIRECTION('',(0.,1.,0.));
#2976 = ORIENTED_EDGE('',*,*,#2977,.T.);
#2977 = EDGE_CURVE('',#2970,#2978,#2980,.T.);
#2978 = VERTEX_POINT('',#2979);
#2979 = CARTESIAN_POINT('',(625.,612.,436.));
#2980 = LINE('',#2981,#2982);
#2981 = CARTESIAN_POINT('',(625.,612.,418.));
#2982 = VECTOR('',#2983,1.);
#2983 = DIRECTION('',(0.,0.,1.));
#2984 = ORIENTED_EDGE('',*,*,#2985,.F.);
#2985 = EDGE_CURVE('',#2962,#2978,#2986,.T.);
#2986 = LINE('',#2987,#2988);
#2987 = CARTESIAN_POINT('',(625.,0.,436.));
#2988 = VECTOR('',#2989,1.);
#2989 = DIRECTION('',(0.,1.,0.));
#2990 = PLANE('',#2991);
#2991 = AXIS2_PLACEMENT_3D('',#2992,#2993,#2994);
#2992 = CARTESIAN_POINT('',(625.,0.,418.));
#2993 = DIRECTION('',(1.,0.,0.));
#2994 = DIRECTION('',(0.,0.,1.));
#2995 = ADVANCED_FACE('',(#2996),#3030,.T.);
#2996 = FACE_BOUND('',#2997,.T.);
#2997 = EDGE_LOOP('',(#2998,#3008,#3016,#3024));
#2998 = ORIENTED_EDGE('',*,*,#2999,.F.);
#2999 = EDGE_CURVE('',#3000,#3002,#3004,.T.);
#3000 = VERTEX_POINT('',#3001);
#3001 = CARTESIAN_POINT('',(1.13475E+03,0.,418.));
#3002 = VERTEX_POINT('',#3003);
#3003 = CARTESIAN_POINT('',(1.13475E+03,0.,436.));
#3004 = LINE('',#3005,#3006);
#3005 = CARTESIAN_POINT('',(1.13475E+03,0.,418.));
#3006 = VECTOR('',#3007,1.);
#3007 = DIRECTION('',(0.,0.,1.));
#3008 = ORIENTED_EDGE('',*,*,#3009,.T.);
#3009 = EDGE_CURVE('',#3000,#3010,#3012,.T.);
#3010 = VERTEX_POINT('',#3011);
#3011 = CARTESIAN_POINT('',(1.13475E+03,612.,418.));
#3012 = LINE('',#3013,#3014);
#3013 = CARTESIAN_POINT('',(1.13475E+03,0.,418.));
#3014 = VECTOR('',#3015,1.);
#3015 = DIRECTION('',(0.,1.,0.));
#3016 = ORIENTED_EDGE('',*,*,#3017,.T.);
#3017 = EDGE_CURVE('',#3010,#3018,#3020,.T.);
#3018 = VERTEX_POINT('',#3019);
#3019 = CARTESIAN_POINT('',(1.13475E+03,612.,436.));
#3020 = LINE('',#3021,#3022);
#3021 = CARTESIAN_POINT('',(1.13475E+03,612.,418.));
#3022 = VECTOR('',#3023,1.);
#3023 = DIRECTION('',(0.,0.,1.));
#3024 = ORIENTED_EDGE('',*,*,#3025,.F.);
#3025 = EDGE_CURVE('',#3002,#3018,#3026,.T.);
#3026 = LINE('',#3027,#3028);
#3027 = CARTESIAN_POINT('',(1.13475E+03,0.,436.));
#3028 = VECTOR('',#3029,1.);
#3029 = DIRECTION('',(0.,1.,0.));
#3030 = PLANE('',#3031);
#3031 = AXIS2_PLACEMENT_3D('',#3032,#3033,#3034);
#3032 = CARTESIAN_POINT('',(1.13475E+03,0.,418.));
#3033 = DIRECTION('',(1.,0.,0.));
#3034 = DIRECTION('',(0.,0.,1.));
#3035 = ADVANCED_FACE('',(#3036),#3052,.F.);
#3036 = FACE_BOUND('',#3037,.F.);
#3037 = EDGE_LOOP('',(#3038,#3044,#3045,#3051));
#3038 = ORIENTED_EDGE('',*,*,#3039,.F.);
#3039 = EDGE_CURVE('',#2960,#3000,#3040,.T.);
#3040 = LINE('',#3041,#3042);
#3041 = CARTESIAN_POINT('',(625.,0.,418.));
#3042 = VECTOR('',#3043,1.);
#3043 = DIRECTION('',(1.,0.,0.));
#3044 = ORIENTED_EDGE('',*,*,#2959,.T.);
#3045 = ORIENTED_EDGE('',*,*,#3046,.T.);
#3046 = EDGE_CURVE('',#2962,#3002,#3047,.T.);
#3047 = LINE('',#3048,#3049);
#3048 = CARTESIAN_POINT('',(625.,0.,436.));
#3049 = VECTOR('',#3050,1.);
#3050 = DIRECTION('',(1.,0.,0.));
#3051 = ORIENTED_EDGE('',*,*,#2999,.F.);
#3052 = PLANE('',#3053);
#3053 = AXIS2_PLACEMENT_3D('',#3054,#3055,#3056);
#3054 = CARTESIAN_POINT('',(625.,0.,418.));
#3055 = DIRECTION('',(0.,1.,0.));
#3056 = DIRECTION('',(0.,0.,1.));
#3057 = ADVANCED_FACE('',(#3058),#3074,.T.);
#3058 = FACE_BOUND('',#3059,.T.);
#3059 = EDGE_LOOP('',(#3060,#3066,#3067,#3073));
#3060 = ORIENTED_EDGE('',*,*,#3061,.F.);
#3061 = EDGE_CURVE('',#2970,#3010,#3062,.T.);
#3062 = LINE('',#3063,#3064);
#3063 = CARTESIAN_POINT('',(625.,612.,418.));
#3064 = VECTOR('',#3065,1.);
#3065 = DIRECTION('',(1.,0.,0.));
#3066 = ORIENTED_EDGE('',*,*,#2977,.T.);
#3067 = ORIENTED_EDGE('',*,*,#3068,.T.);
#3068 = EDGE_CURVE('',#2978,#3018,#3069,.T.);
#3069 = LINE('',#3070,#3071);
#3070 = CARTESIAN_POINT('',(625.,612.,436.));
#3071 = VECTOR('',#3072,1.);
#3072 = DIRECTION('',(1.,0.,0.));
#3073 = ORIENTED_EDGE('',*,*,#3017,.F.);
#3074 = PLANE('',#3075);
#3075 = AXIS2_PLACEMENT_3D('',#3076,#3077,#3078);
#3076 = CARTESIAN_POINT('',(625.,612.,418.));
#3077 = DIRECTION('',(0.,1.,0.));
#3078 = DIRECTION('',(0.,0.,1.));
#3079 = ADVANCED_FACE('',(#3080),#3086,.F.);
#3080 = FACE_BOUND('',#3081,.F.);
#3081 = EDGE_LOOP('',(#3082,#3083,#3084,#3085));
#3082 = ORIENTED_EDGE('',*,*,#2969,.F.);
#3083 = ORIENTED_EDGE('',*,*,#3039,.T.);
#3084 = ORIENTED_EDGE('',*,*,#3009,.T.);
#3085 = ORIENTED_EDGE('',*,*,#3061,.F.);
#3086 = PLANE('',#3087);
#3087 = AXIS2_PLACEMENT_3D('',#3088,#3089,#3090);
#3088 = CARTESIAN_POINT('',(625.,0.,418.));
#3089 = DIRECTION('',(0.,0.,1.));
#3090 = DIRECTION('',(1.,0.,0.));
#3091 = ADVANCED_FACE('',(#3092),#3098,.T.);
#3092 = FACE_BOUND('',#3093,.T.);
#3093 = EDGE_LOOP('',(#3094,#3095,#3096,#3097));
#3094 = ORIENTED_EDGE('',*,*,#2985,.F.);
#3095 = ORIENTED_EDGE('',*,*,#3046,.T.);
#3096 = ORIENTED_EDGE('',*,*,#3025,.T.);
#3097 = ORIENTED_EDGE('',*,*,#3068,.F.);
#3098 = PLANE('',#3099);
#3099 = AXIS2_PLACEMENT_3D('',#3100,#3101,#3102);
#3100 = CARTESIAN_POINT('',(625.,0.,436.));
#3101 = DIRECTION('',(0.,0.,1.));
#3102 = DIRECTION('',(1.,0.,0.));
#3103 = MANIFOLD_SOLID_BREP('',#3104);
#3104 = CLOSED_SHELL('',(#3105,#3145,#3185,#3207,#3229,#3241));
#3105 = ADVANCED_FACE('',(#3106),#3140,.F.);
#3106 = FACE_BOUND('',#3107,.F.);
#3107 = EDGE_LOOP('',(#3108,#3118,#3126,#3134));
#3108 = ORIENTED_EDGE('',*,*,#3109,.F.);
#3109 = EDGE_CURVE('',#3110,#3112,#3114,.T.);
#3110 = VERTEX_POINT('',#3111);
#3111 = CARTESIAN_POINT('',(20.,0.,418.));
#3112 = VERTEX_POINT('',#3113);
#3113 = CARTESIAN_POINT('',(20.,0.,436.));
#3114 = LINE('',#3115,#3116);
#3115 = CARTESIAN_POINT('',(20.,0.,418.));
#3116 = VECTOR('',#3117,1.);
#3117 = DIRECTION('',(0.,0.,1.));
#3118 = ORIENTED_EDGE('',*,*,#3119,.T.);
#3119 = EDGE_CURVE('',#3110,#3120,#3122,.T.);
#3120 = VERTEX_POINT('',#3121);
#3121 = CARTESIAN_POINT('',(20.,650.,418.));
#3122 = LINE('',#3123,#3124);
#3123 = CARTESIAN_POINT('',(20.,0.,418.));
#3124 = VECTOR('',#3125,1.);
#3125 = DIRECTION('',(0.,1.,0.));
#3126 = ORIENTED_EDGE('',*,*,#3127,.T.);
#3127 = EDGE_CURVE('',#3120,#3128,#3130,.T.);
#3128 = VERTEX_POINT('',#3129);
#3129 = CARTESIAN_POINT('',(20.,650.,436.));
#3130 = LINE('',#3131,#3132);
#3131 = CARTESIAN_POINT('',(20.,650.,418.));
#3132 = VECTOR('',#3133,1.);
#3133 = DIRECTION('',(0.,0.,1.));
#3134 = ORIENTED_EDGE('',*,*,#3135,.F.);
#3135 = EDGE_CURVE('',#3112,#3128,#3136,.T.);
#3136 = LINE('',#3137,#3138);
#3137 = CARTESIAN_POINT('',(20.,0.,436.));
#3138 = VECTOR('',#3139,1.);
#3139 = DIRECTION('',(0.,1.,0.));
#3140 = PLANE('',#3141);
#3141 = AXIS2_PLACEMENT_3D('',#3142,#3143,#3144);
#3142 = CARTESIAN_POINT('',(20.,0.,418.));
#3143 = DIRECTION('',(1.,0.,0.));
#3144 = DIRECTION('',(0.,0.,1.));
#3145 = ADVANCED_FACE('',(#3146),#3180,.T.);
#3146 = FACE_BOUND('',#3147,.T.);
#3147 = EDGE_LOOP('',(#3148,#3158,#3166,#3174));
#3148 = ORIENTED_EDGE('',*,*,#3149,.F.);
#3149 = EDGE_CURVE('',#3150,#3152,#3154,.T.);
#3150 = VERTEX_POINT('',#3151);
#3151 = CARTESIAN_POINT('',(621.,0.,418.));
#3152 = VERTEX_POINT('',#3153);
#3153 = CARTESIAN_POINT('',(621.,0.,436.));
#3154 = LINE('',#3155,#3156);
#3155 = CARTESIAN_POINT('',(621.,0.,418.));
#3156 = VECTOR('',#3157,1.);
#3157 = DIRECTION('',(0.,0.,1.));
#3158 = ORIENTED_EDGE('',*,*,#3159,.T.);
#3159 = EDGE_CURVE('',#3150,#3160,#3162,.T.);
#3160 = VERTEX_POINT('',#3161);
#3161 = CARTESIAN_POINT('',(621.,650.,418.));
#3162 = LINE('',#3163,#3164);
#3163 = CARTESIAN_POINT('',(621.,0.,418.));
#3164 = VECTOR('',#3165,1.);
#3165 = DIRECTION('',(0.,1.,0.));
#3166 = ORIENTED_EDGE('',*,*,#3167,.T.);
#3167 = EDGE_CURVE('',#3160,#3168,#3170,.T.);
#3168 = VERTEX_POINT('',#3169);
#3169 = CARTESIAN_POINT('',(621.,650.,436.));
#3170 = LINE('',#3171,#3172);
#3171 = CARTESIAN_POINT('',(621.,650.,418.));
#3172 = VECTOR('',#3173,1.);
#3173 = DIRECTION('',(0.,0.,1.));
#3174 = ORIENTED_EDGE('',*,*,#3175,.F.);
#3175 = EDGE_CURVE('',#3152,#3168,#3176,.T.);
#3176 = LINE('',#3177,#3178);
#3177 = CARTESIAN_POINT('',(621.,0.,436.));
#3178 = VECTOR('',#3179,1.);
#3179 = DIRECTION('',(0.,1.,0.));
#3180 = PLANE('',#3181);
#3181 = AXIS2_PLACEMENT_3D('',#3182,#3183,#3184);
#3182 = CARTESIAN_POINT('',(621.,0.,418.));
#3183 = DIRECTION('',(1.,0.,0.));
#3184 = DIRECTION('',(0.,0.,1.));
#3185 = ADVANCED_FACE('',(#3186),#3202,.F.);
#3186 = FACE_BOUND('',#3187,.F.);
#3187 = EDGE_LOOP('',(#3188,#3194,#3195,#3201));
#3188 = ORIENTED_EDGE('',*,*,#3189,.F.);
#3189 = EDGE_CURVE('',#3110,#3150,#3190,.T.);
#3190 = LINE('',#3191,#3192);
#3191 = CARTESIAN_POINT('',(20.,0.,418.));
#3192 = VECTOR('',#3193,1.);
#3193 = DIRECTION('',(1.,0.,0.));
#3194 = ORIENTED_EDGE('',*,*,#3109,.T.);
#3195 = ORIENTED_EDGE('',*,*,#3196,.T.);
#3196 = EDGE_CURVE('',#3112,#3152,#3197,.T.);
#3197 = LINE('',#3198,#3199);
#3198 = CARTESIAN_POINT('',(20.,0.,436.));
#3199 = VECTOR('',#3200,1.);
#3200 = DIRECTION('',(1.,0.,0.));
#3201 = ORIENTED_EDGE('',*,*,#3149,.F.);
#3202 = PLANE('',#3203);
#3203 = AXIS2_PLACEMENT_3D('',#3204,#3205,#3206);
#3204 = CARTESIAN_POINT('',(20.,0.,418.));
#3205 = DIRECTION('',(0.,1.,0.));
#3206 = DIRECTION('',(0.,0.,1.));
#3207 = ADVANCED_FACE('',(#3208),#3224,.T.);
#3208 = FACE_BOUND('',#3209,.T.);
#3209 = EDGE_LOOP('',(#3210,#3216,#3217,#3223));
#3210 = ORIENTED_EDGE('',*,*,#3211,.F.);
#3211 = EDGE_CURVE('',#3120,#3160,#3212,.T.);
#3212 = LINE('',#3213,#3214);
#3213 = CARTESIAN_POINT('',(20.,650.,418.));
#3214 = VECTOR('',#3215,1.);
#3215 = DIRECTION('',(1.,0.,0.));
#3216 = ORIENTED_EDGE('',*,*,#3127,.T.);
#3217 = ORIENTED_EDGE('',*,*,#3218,.T.);
#3218 = EDGE_CURVE('',#3128,#3168,#3219,.T.);
#3219 = LINE('',#3220,#3221);
#3220 = CARTESIAN_POINT('',(20.,650.,436.));
#3221 = VECTOR('',#3222,1.);
#3222 = DIRECTION('',(1.,0.,0.));
#3223 = ORIENTED_EDGE('',*,*,#3167,.F.);
#3224 = PLANE('',#3225);
#3225 = AXIS2_PLACEMENT_3D('',#3226,#3227,#3228);
#3226 = CARTESIAN_POINT('',(20.,650.,418.));
#3227 = DIRECTION('',(0.,1.,0.));
#3228 = DIRECTION('',(0.,0.,1.));
#3229 = ADVANCED_FACE('',(#3230),#3236,.F.);
#3230 = FACE_BOUND('',#3231,.F.);
#3231 = EDGE_LOOP('',(#3232,#3233,#3234,#3235));
#3232 = ORIENTED_EDGE('',*,*,#3119,.F.);
#3233 = ORIENTED_EDGE('',*,*,#3189,.T.);
#3234 = ORIENTED_EDGE('',*,*,#3159,.T.);
#3235 = ORIENTED_EDGE('',*,*,#3211,.F.);
#3236 = PLANE('',#3237);
#3237 = AXIS2_PLACEMENT_3D('',#3238,#3239,#3240);
#3238 = CARTESIAN_POINT('',(20.,0.,418.));
#3239 = DIRECTION('',(0.,0.,1.));
#3240 = DIRECTION('',(1.,0.,0.));
#3241 = ADVANCED_FACE('',(#3242),#3248,.T.);
#3242 = FACE_BOUND('',#3243,.T.);
#3243 = EDGE_LOOP('',(#3244,#3245,#3246,#3247));
#3244 = ORIENTED_EDGE('',*,*,#3135,.F.);
#3245 = ORIENTED_EDGE('',*,*,#3196,.T.);
#3246 = ORIENTED_EDGE('',*,*,#3175,.T.);
#3247 = ORIENTED_EDGE('',*,*,#3218,.F.);
#3248 = PLANE('',#3249);
#3249 = AXIS2_PLACEMENT_3D('',#3250,#3251,#3252);
#3250 = CARTESIAN_POINT('',(20.,0.,436.));
#3251 = DIRECTION('',(0.,0.,1.));
#3252 = DIRECTION('',(1.,0.,0.));
#3253 = MANIFOLD_SOLID_BREP('',#3254);
#3254 = CLOSED_SHELL('',(#3255,#3295,#3335,#3357,#3379,#3391));
#3255 = ADVANCED_FACE('',(#3256),#3290,.F.);
#3256 = FACE_BOUND('',#3257,.F.);
#3257 = EDGE_LOOP('',(#3258,#3268,#3276,#3284));
#3258 = ORIENTED_EDGE('',*,*,#3259,.F.);
#3259 = EDGE_CURVE('',#3260,#3262,#3264,.T.);
#3260 = VERTEX_POINT('',#3261);
#3261 = CARTESIAN_POINT('',(20.,0.,80.));
#3262 = VERTEX_POINT('',#3263);
#3263 = CARTESIAN_POINT('',(20.,0.,98.));
#3264 = LINE('',#3265,#3266);
#3265 = CARTESIAN_POINT('',(20.,0.,80.));
#3266 = VECTOR('',#3267,1.);
#3267 = DIRECTION('',(0.,0.,1.));
#3268 = ORIENTED_EDGE('',*,*,#3269,.T.);
#3269 = EDGE_CURVE('',#3260,#3270,#3272,.T.);
#3270 = VERTEX_POINT('',#3271);
#3271 = CARTESIAN_POINT('',(20.,650.,80.));
#3272 = LINE('',#3273,#3274);
#3273 = CARTESIAN_POINT('',(20.,0.,80.));
#3274 = VECTOR('',#3275,1.);
#3275 = DIRECTION('',(0.,1.,0.));
#3276 = ORIENTED_EDGE('',*,*,#3277,.T.);
#3277 = EDGE_CURVE('',#3270,#3278,#3280,.T.);
#3278 = VERTEX_POINT('',#3279);
#3279 = CARTESIAN_POINT('',(20.,650.,98.));
#3280 = LINE('',#3281,#3282);
#3281 = CARTESIAN_POINT('',(20.,650.,80.));
#3282 = VECTOR('',#3283,1.);
#3283 = DIRECTION('',(0.,0.,1.));
#3284 = ORIENTED_EDGE('',*,*,#3285,.F.);
#3285 = EDGE_CURVE('',#3262,#3278,#3286,.T.);
#3286 = LINE('',#3287,#3288);
#3287 = CARTESIAN_POINT('',(20.,0.,98.));
#3288 = VECTOR('',#3289,1.);
#3289 = DIRECTION('',(0.,1.,0.));
#3290 = PLANE('',#3291);
#3291 = AXIS2_PLACEMENT_3D('',#3292,#3293,#3294);
#3292 = CARTESIAN_POINT('',(20.,0.,80.));
#3293 = DIRECTION('',(1.,0.,0.));
#3294 = DIRECTION('',(0.,0.,1.));
#3295 = ADVANCED_FACE('',(#3296),#3330,.T.);
#3296 = FACE_BOUND('',#3297,.T.);
#3297 = EDGE_LOOP('',(#3298,#3308,#3316,#3324));
#3298 = ORIENTED_EDGE('',*,*,#3299,.F.);
#3299 = EDGE_CURVE('',#3300,#3302,#3304,.T.);
#3300 = VERTEX_POINT('',#3301);
#3301 = CARTESIAN_POINT('',(621.,0.,80.));
#3302 = VERTEX_POINT('',#3303);
#3303 = CARTESIAN_POINT('',(621.,0.,98.));
#3304 = LINE('',#3305,#3306);
#3305 = CARTESIAN_POINT('',(621.,0.,80.));
#3306 = VECTOR('',#3307,1.);
#3307 = DIRECTION('',(0.,0.,1.));
#3308 = ORIENTED_EDGE('',*,*,#3309,.T.);
#3309 = EDGE_CURVE('',#3300,#3310,#3312,.T.);
#3310 = VERTEX_POINT('',#3311);
#3311 = CARTESIAN_POINT('',(621.,650.,80.));
#3312 = LINE('',#3313,#3314);
#3313 = CARTESIAN_POINT('',(621.,0.,80.));
#3314 = VECTOR('',#3315,1.);
#3315 = DIRECTION('',(0.,1.,0.));
#3316 = ORIENTED_EDGE('',*,*,#3317,.T.);
#3317 = EDGE_CURVE('',#3310,#3318,#3320,.T.);
#3318 = VERTEX_POINT('',#3319);
#3319 = CARTESIAN_POINT('',(621.,650.,98.));
#3320 = LINE('',#3321,#3322);
#3321 = CARTESIAN_POINT('',(621.,650.,80.));
#3322 = VECTOR('',#3323,1.);
#3323 = DIRECTION('',(0.,0.,1.));
#3324 = ORIENTED_EDGE('',*,*,#3325,.F.);
#3325 = EDGE_CURVE('',#3302,#3318,#3326,.T.);
#3326 = LINE('',#3327,#3328);
#3327 = CARTESIAN_POINT('',(621.,0.,98.));
#3328 = VECTOR('',#3329,1.);
#3329 = DIRECTION('',(0.,1.,0.));
#3330 = PLANE('',#3331);
#3331 = AXIS2_PLACEMENT_3D('',#3332,#3333,#3334);
#3332 = CARTESIAN_POINT('',(621.,0.,80.));
#3333 = DIRECTION('',(1.,0.,0.));
#3334 = DIRECTION('',(0.,0.,1.));
#3335 = ADVANCED_FACE('',(#3336),#3352,.F.);
#3336 = FACE_BOUND('',#3337,.F.);
#3337 = EDGE_LOOP('',(#3338,#3344,#3345,#3351));
#3338 = ORIENTED_EDGE('',*,*,#3339,.F.);
#3339 = EDGE_CURVE('',#3260,#3300,#3340,.T.);
#3340 = LINE('',#3341,#3342);
#3341 = CARTESIAN_POINT('',(20.,0.,80.));
#3342 = VECTOR('',#3343,1.);
#3343 = DIRECTION('',(1.,0.,0.));
#3344 = ORIENTED_EDGE('',*,*,#3259,.T.);
#3345 = ORIENTED_EDGE('',*,*,#3346,.T.);
#3346 = EDGE_CURVE('',#3262,#3302,#3347,.T.);
#3347 = LINE('',#3348,#3349);
#3348 = CARTESIAN_POINT('',(20.,0.,98.));
#3349 = VECTOR('',#3350,1.);
#3350 = DIRECTION('',(1.,0.,0.));
#3351 = ORIENTED_EDGE('',*,*,#3299,.F.);
#3352 = PLANE('',#3353);
#3353 = AXIS2_PLACEMENT_3D('',#3354,#3355,#3356);
#3354 = CARTESIAN_POINT('',(20.,0.,80.));
#3355 = DIRECTION('',(0.,1.,0.));
#3356 = DIRECTION('',(0.,0.,1.));
#3357 = ADVANCED_FACE('',(#3358),#3374,.T.);
#3358 = FACE_BOUND('',#3359,.T.);
#3359 = EDGE_LOOP('',(#3360,#3366,#3367,#3373));
#3360 = ORIENTED_EDGE('',*,*,#3361,.F.);
#3361 = EDGE_CURVE('',#3270,#3310,#3362,.T.);
#3362 = LINE('',#3363,#3364);
#3363 = CARTESIAN_POINT('',(20.,650.,80.));
#3364 = VECTOR('',#3365,1.);
#3365 = DIRECTION('',(1.,0.,0.));
#3366 = ORIENTED_EDGE('',*,*,#3277,.T.);
#3367 = ORIENTED_EDGE('',*,*,#3368,.T.);
#3368 = EDGE_CURVE('',#3278,#3318,#3369,.T.);
#3369 = LINE('',#3370,#3371);
#3370 = CARTESIAN_POINT('',(20.,650.,98.));
#3371 = VECTOR('',#3372,1.);
#3372 = DIRECTION('',(1.,0.,0.));
#3373 = ORIENTED_EDGE('',*,*,#3317,.F.);
#3374 = PLANE('',#3375);
#3375 = AXIS2_PLACEMENT_3D('',#3376,#3377,#3378);
#3376 = CARTESIAN_POINT('',(20.,650.,80.));
#3377 = DIRECTION('',(0.,1.,0.));
#3378 = DIRECTION('',(0.,0.,1.));
#3379 = ADVANCED_FACE('',(#3380),#3386,.F.);
#3380 = FACE_BOUND('',#3381,.F.);
#3381 = EDGE_LOOP('',(#3382,#3383,#3384,#3385));
#3382 = ORIENTED_EDGE('',*,*,#3269,.F.);
#3383 = ORIENTED_EDGE('',*,*,#3339,.T.);
#3384 = ORIENTED_EDGE('',*,*,#3309,.T.);
#3385 = ORIENTED_EDGE('',*,*,#3361,.F.);
#3386 = PLANE('',#3387);
#3387 = AXIS2_PLACEMENT_3D('',#3388,#3389,#3390);
#3388 = CARTESIAN_POINT('',(20.,0.,80.));
#3389 = DIRECTION('',(0.,0.,1.));
#3390 = DIRECTION('',(1.,0.,0.));
#3391 = ADVANCED_FACE('',(#3392),#3398,.T.);
#3392 = FACE_BOUND('',#3393,.T.);
#3393 = EDGE_LOOP('',(#3394,#3395,#3396,#3397));
#3394 = ORIENTED_EDGE('',*,*,#3285,.F.);
#3395 = ORIENTED_EDGE('',*,*,#3346,.T.);
#3396 = ORIENTED_EDGE('',*,*,#3325,.T.);
#3397 = ORIENTED_EDGE('',*,*,#3368,.F.);
#3398 = PLANE('',#3399);
#3399 = AXIS2_PLACEMENT_3D('',#3400,#3401,#3402);
#3400 = CARTESIAN_POINT('',(20.,0.,98.));
#3401 = DIRECTION('',(0.,0.,1.));
#3402 = DIRECTION('',(1.,0.,0.));
#3403 = MANIFOLD_SOLID_BREP('',#3404);
#3404 = CLOSED_SHELL('',(#3405,#3567,#3576,#3585,#3734,#4038,#4047,#4056
    ,#4072,#4088,#4103));
#3405 = ADVANCED_FACE('',(#3406,#3433),#3562,.T.);
#3406 = FACE_BOUND('',#3407,.T.);
#3407 = EDGE_LOOP('',(#3408,#3418,#3425,#3426));
#3408 = ORIENTED_EDGE('',*,*,#3409,.T.);
#3409 = EDGE_CURVE('',#3410,#3412,#3414,.T.);
#3410 = VERTEX_POINT('',#3411);
#3411 = CARTESIAN_POINT('',(1.16025E+03,523.,900.));
#3412 = VERTEX_POINT('',#3413);
#3413 = CARTESIAN_POINT('',(1.16025E+03,523.,1.11E+03));
#3414 = LINE('',#3415,#3416);
#3415 = CARTESIAN_POINT('',(1.16025E+03,523.,900.));
#3416 = VECTOR('',#3417,1.);
#3417 = DIRECTION('',(0.,0.,1.));
#3418 = ORIENTED_EDGE('',*,*,#3419,.F.);
#3419 = EDGE_CURVE('',#3412,#3412,#3420,.T.);
#3420 = CIRCLE('',#3421,16.);
#3421 = AXIS2_PLACEMENT_3D('',#3422,#3423,#3424);
#3422 = CARTESIAN_POINT('',(1.14425E+03,523.,1.11E+03));
#3423 = DIRECTION('',(0.,0.,1.));
#3424 = DIRECTION('',(1.,0.,0.));
#3425 = ORIENTED_EDGE('',*,*,#3409,.F.);
#3426 = ORIENTED_EDGE('',*,*,#3427,.T.);
#3427 = EDGE_CURVE('',#3410,#3410,#3428,.T.);
#3428 = CIRCLE('',#3429,16.);
#3429 = AXIS2_PLACEMENT_3D('',#3430,#3431,#3432);
#3430 = CARTESIAN_POINT('',(1.14425E+03,523.,900.));
#3431 = DIRECTION('',(0.,0.,1.));
#3432 = DIRECTION('',(1.,0.,0.));
#3433 = FACE_BOUND('',#3434,.T.);
#3434 = EDGE_LOOP('',(#3435));
#3435 = ORIENTED_EDGE('',*,*,#3436,.F.);
#3436 = EDGE_CURVE('',#3437,#3437,#3439,.T.);
#3437 = VERTEX_POINT('',#3438);
#3438 = CARTESIAN_POINT('',(1.14425E+03,507.,1.067E+03));
#3439 = B_SPLINE_CURVE_WITH_KNOTS('',7,(#3440,#3441,#3442,#3443,#3444,
    #3445,#3446,#3447,#3448,#3449,#3450,#3451,#3452,#3453,#3454,#3455,
    #3456,#3457,#3458,#3459,#3460,#3461,#3462,#3463,#3464,#3465,#3466,
    #3467,#3468,#3469,#3470,#3471,#3472,#3473,#3474,#3475,#3476,#3477,
    #3478,#3479,#3480,#3481,#3482,#3483,#3484,#3485,#3486,#3487,#3488,
    #3489,#3490,#3491,#3492,#3493,#3494,#3495,#3496,#3497,#3498,#3499,
    #3500,#3501,#3502,#3503,#3504,#3505,#3506,#3507,#3508,#3509,#3510,
    #3511,#3512,#3513,#3514,#3515,#3516,#3517,#3518,#3519,#3520,#3521,
    #3522,#3523,#3524,#3525,#3526,#3527,#3528,#3529,#3530,#3531,#3532,
    #3533,#3534,#3535,#3536,#3537,#3538,#3539,#3540,#3541,#3542,#3543,
    #3544,#3545,#3546,#3547,#3548,#3549,#3550,#3551,#3552,#3553,#3554,
    #3555,#3556,#3557,#3558,#3559,#3560,#3561),.UNSPECIFIED.,.T.,.F.,(8,
    6,6,6,6,6,6,6,6,6,6,6,6,6,6,6,6,6,6,6,8),(0.,5.602890614208E-02,
    8.395491940731E-02,0.121692363702,0.168716661862,0.206814545601,
    0.250246829866,0.331964677369,0.379773799763,0.41593715355,
    0.465899858458,0.525143535879,0.55687365463,0.604942110819,
    0.669286603773,0.75053950457,0.793146119307,0.831874596691,
    0.915443916678,0.965191813008,1.),.UNSPECIFIED.);
#3440 = CARTESIAN_POINT('',(1.14425E+03,507.,1.067E+03));
#3441 = CARTESIAN_POINT('',(1.144752275208E+03,507.,1.067E+03));
#3442 = CARTESIAN_POINT('',(1.145251015071E+03,507.01839562744,
    1.067036791266E+03));
#3443 = CARTESIAN_POINT('',(1.145741112412E+03,507.05471975988,
    1.06710943958E+03));
#3444 = CARTESIAN_POINT('',(1.146217583922E+03,507.10752441016,
    1.067215848053E+03));
#3445 = CARTESIAN_POINT('',(1.146675711587E+03,507.17443899528,
    1.067352762607E+03));
#3446 = CARTESIAN_POINT('',(1.147111174516E+03,507.25235728415,
    1.067515715309E+03));
#3447 = CARTESIAN_POINT('',(1.147724023951E+03,507.38031609963,
    1.067790211493E+03));
#3448 = CARTESIAN_POINT('',(1.147922146576E+03,507.42491317016,
    1.067886923313E+03));
#3449 = CARTESIAN_POINT('',(1.148114537783E+03,507.4712539584,
    1.067988652909E+03));
#3450 = CARTESIAN_POINT('',(1.148301209313E+03,507.51906009864,
    1.068095036187E+03));
#3451 = CARTESIAN_POINT('',(1.148482185714E+03,507.56806622449,
    1.068205732604E+03));
#3452 = CARTESIAN_POINT('',(1.148657504101E+03,507.61802105646,
    1.068320424719E+03));
#3453 = CARTESIAN_POINT('',(1.149056549041E+03,507.73715724764,
    1.068598806569E+03));
#3454 = CARTESIAN_POINT('',(1.149275708681E+03,507.8069472581,
    1.068765600179E+03));
#3455 = CARTESIAN_POINT('',(1.149484909069E+03,507.87750803246,
    1.068938552628E+03));
#3456 = CARTESIAN_POINT('',(1.149684379434E+03,507.94834286189,
    1.069117113169E+03));
#3457 = CARTESIAN_POINT('',(1.149874352233E+03,508.01900237148,
    1.069300817772E+03));
#3458 = CARTESIAN_POINT('',(1.150055053364E+03,508.08907807434,
    1.069489280647E+03));
#3459 = CARTESIAN_POINT('',(1.150440570254E+03,508.24432307361,
    1.069922563151E+03));
#3460 = CARTESIAN_POINT('',(1.15064041947E+03,508.32897970717,
    1.070169885793E+03));
#3461 = CARTESIAN_POINT('',(1.150826545505E+03,508.41140444074,
    1.07042344639E+03));
#3462 = CARTESIAN_POINT('',(1.150999226437E+03,508.4909080833,
    1.070682657784E+03));
#3463 = CARTESIAN_POINT('',(1.151158702563E+03,508.56686394676,
    1.070947034905E+03));
#3464 = CARTESIAN_POINT('',(1.151305166013E+03,508.63869815428,
    1.071216176717E+03));
#3465 = CARTESIAN_POINT('',(1.151546977009E+03,508.76030892035,
    1.071711388731E+03));
#3466 = CARTESIAN_POINT('',(1.151646741218E+03,508.8116797958,
    1.071935918557E+03));
#3467 = CARTESIAN_POINT('',(1.151738069768E+03,508.85968802013,
    1.072163063808E+03));
#3468 = CARTESIAN_POINT('',(1.151820984453E+03,508.90405551961,
    1.072392566573E+03));
#3469 = CARTESIAN_POINT('',(1.151895500502E+03,508.94453240918,
    1.072624184709E+03));
#3470 = CARTESIAN_POINT('',(1.151961624979E+03,508.98089869975,
    1.072857691699E+03));
#3471 = CARTESIAN_POINT('',(1.152085168682E+03,509.04952332076,
    1.073360991521E+03));
#3472 = CARTESIAN_POINT('',(1.152140069461E+03,509.08049202191,
    1.073631274603E+03));
#3473 = CARTESIAN_POINT('',(1.15218402237E+03,509.10557444584,
    1.073903281719E+03));
#3474 = CARTESIAN_POINT('',(1.152217003916E+03,509.12454298511,
    1.074176578397E+03));
#3475 = CARTESIAN_POINT('',(1.152238999389E+03,509.13724263484,
    1.074450739519E+03));
#3476 = CARTESIAN_POINT('',(1.15225E+03,509.14359353944,
    1.074725349087E+03));
#3477 = CARTESIAN_POINT('',(1.15225E+03,509.14359353944,
    1.075516755722E+03));
#3478 = CARTESIAN_POINT('',(1.152211057789E+03,509.12111031944,
    1.076032760935E+03));
#3479 = CARTESIAN_POINT('',(1.152133373688E+03,509.07625914539,
    1.07654568072E+03));
#3480 = CARTESIAN_POINT('',(1.152017019806E+03,509.01000170239,
    1.077053126095E+03));
#3481 = CARTESIAN_POINT('',(1.151861980852E+03,508.9241415015,
    1.077552549183E+03));
#3482 = CARTESIAN_POINT('',(1.151668262112E+03,508.82125087368,
    1.07804114313E+03));
#3483 = CARTESIAN_POINT('',(1.151300217195E+03,508.6362416038,
    1.07879341419E+03));
#3484 = CARTESIAN_POINT('',(1.151151094908E+03,508.56316713102,
    1.079066506442E+03));
#3485 = CARTESIAN_POINT('',(1.150988556918E+03,508.48586182862,
    1.079334674619E+03));
#3486 = CARTESIAN_POINT('',(1.150812399658E+03,508.40492693538,
    1.079597499303E+03));
#3487 = CARTESIAN_POINT('',(1.150622368196E+03,508.3210199054,
    1.079854470915E+03));
#3488 = CARTESIAN_POINT('',(1.150418167595E+03,508.23486508098,
    1.080104970069E+03));
#3489 = CARTESIAN_POINT('',(1.150034052211E+03,508.0810022066,
    1.080532266004E+03));
#3490 = CARTESIAN_POINT('',(1.149860310764E+03,508.01390203928,
    1.080712182597E+03));
#3491 = CARTESIAN_POINT('',(1.149678064918E+03,507.94629422254,
    1.080887715569E+03));
#3492 = CARTESIAN_POINT('',(1.149487116522E+03,507.87853844213,
    1.081058523671E+03));
#3493 = CARTESIAN_POINT('',(1.14928726218E+03,507.81102885279,
    1.08122419977E+03));
#3494 = CARTESIAN_POINT('',(1.149078301133E+03,507.74419922054,
    1.081384264083E+03));
#3495 = CARTESIAN_POINT('',(1.148558501423E+03,507.58779785796,
    1.081750773932E+03));
#3496 = CARTESIAN_POINT('',(1.148238516848E+03,507.49906897438,
    1.081952102734E+03));
#3497 = CARTESIAN_POINT('',(1.147900112673E+03,507.41382324778,
    1.082140097634E+03));
#3498 = CARTESIAN_POINT('',(1.147543455362E+03,507.33366209304,
    1.082312631041E+03));
#3499 = CARTESIAN_POINT('',(1.147168878216E+03,507.26027915086,
    1.082467471442E+03));
#3500 = CARTESIAN_POINT('',(1.146776907801E+03,507.19542212926,
    1.082602255707E+03));
#3501 = CARTESIAN_POINT('',(1.145883775098E+03,507.07612720053,
    1.082847498775E+03));
#3502 = CARTESIAN_POINT('',(1.145374682004E+03,507.02570572293,
    1.082949110679E+03));
#3503 = CARTESIAN_POINT('',(1.144848951102E+03,506.99354953149,
    1.083012900974E+03));
#3504 = CARTESIAN_POINT('',(1.144315053361E+03,506.98220385891,
    1.083035315852E+03));
#3505 = CARTESIAN_POINT('',(1.143781705149E+03,506.99234370267,
    1.083015433277E+03));
#3506 = CARTESIAN_POINT('',(1.143257569854E+03,507.02270299648,
    1.08295494101E+03));
#3507 = CARTESIAN_POINT('',(1.14247961041E+03,507.09591255081,
    1.082806537309E+03));
#3508 = CARTESIAN_POINT('',(1.142213503103E+03,507.12639438409,
    1.082744446103E+03));
#3509 = CARTESIAN_POINT('',(1.141953191612E+03,507.16142987667,
    1.082672605652E+03));
#3510 = CARTESIAN_POINT('',(1.141699201337E+03,507.20057730117,
    1.082591643855E+03));
#3511 = CARTESIAN_POINT('',(1.141452018874E+03,507.2433564682,
    1.082502239317E+03));
#3512 = CARTESIAN_POINT('',(1.141212091855E+03,507.28925807,
    1.082405125433E+03));
#3513 = CARTESIAN_POINT('',(1.140627969847E+03,507.41121879309,
    1.082143496306E+03));
#3514 = CARTESIAN_POINT('',(1.140293370483E+03,507.49070504021,
    1.08196987687E+03));
#3515 = CARTESIAN_POINT('',(1.139975910928E+03,507.57472670731,
    1.081782222843E+03));
#3516 = CARTESIAN_POINT('',(1.139675339315E+03,507.66193130186,
    1.081582245459E+03));
#3517 = CARTESIAN_POINT('',(1.139391312461E+03,507.7511063161,
    1.081371410377E+03));
#3518 = CARTESIAN_POINT('',(1.139123434027E+03,507.84117425126,
    1.081150962958E+03));
#3519 = CARTESIAN_POINT('',(1.138533769858E+03,508.05165068707,
    1.08061539054E+03));
#3520 = CARTESIAN_POINT('',(1.138223985552E+03,508.17216978106,
    1.080293066834E+03));
#3521 = CARTESIAN_POINT('',(1.13794099805E+03,508.29045954356,
    1.079957333671E+03));
#3522 = CARTESIAN_POINT('',(1.137683914891E+03,508.40457329685,
    1.079609995852E+03));
#3523 = CARTESIAN_POINT('',(1.137451955888E+03,508.51282194254,
    1.079252408228E+03));
#3524 = CARTESIAN_POINT('',(1.137244519459E+03,508.61371050535,
    1.078885575656E+03));
#3525 = CARTESIAN_POINT('',(1.136829820252E+03,508.82226962387,
    1.078036300673E+03));
#3526 = CARTESIAN_POINT('',(1.136636740781E+03,508.92484949654,
    1.077548426918E+03));
#3527 = CARTESIAN_POINT('',(1.136482212308E+03,509.01043896068,
    1.077049775193E+03));
#3528 = CARTESIAN_POINT('',(1.136366241263E+03,509.076481456,
    1.076543138692E+03));
#3529 = CARTESIAN_POINT('',(1.136288813223E+03,509.12118478959,
    1.076031053762E+03));
#3530 = CARTESIAN_POINT('',(1.13625E+03,509.14359353944,
    1.075515899159E+03));
#3531 = CARTESIAN_POINT('',(1.13625E+03,509.14359353944,
    1.07472947776E+03));
#3532 = CARTESIAN_POINT('',(1.136260672368E+03,509.13743212126,
    1.074458993964E+03));
#3533 = CARTESIAN_POINT('',(1.136282011837E+03,509.12511126144,
    1.074188938571E+03));
#3534 = CARTESIAN_POINT('',(1.136314010073E+03,509.10670612296,
    1.073919709801E+03));
#3535 = CARTESIAN_POINT('',(1.136356653038E+03,509.0823627217,
    1.073651714341E+03));
#3536 = CARTESIAN_POINT('',(1.13640991836E+03,509.05229559296,
    1.073385367555E+03));
#3537 = CARTESIAN_POINT('',(1.136531814887E+03,508.98450752482,
    1.072880874545E+03));
#3538 = CARTESIAN_POINT('',(1.136598602692E+03,508.94773406575,
    1.072642382074E+03));
#3539 = CARTESIAN_POINT('',(1.136674132596E+03,508.90666305625,
    1.072405840419E+03));
#3540 = CARTESIAN_POINT('',(1.136758411653E+03,508.86152694129,
    1.072171490443E+03));
#3541 = CARTESIAN_POINT('',(1.136851455702E+03,508.81259073507,
    1.071939589879E+03));
#3542 = CARTESIAN_POINT('',(1.13695328759E+03,508.76015012082,
    1.071710413491E+03));
#3543 = CARTESIAN_POINT('',(1.137302694093E+03,508.58451003146,
    1.070996238703E+03));
#3544 = CARTESIAN_POINT('',(1.13758214914E+03,508.44986108921,
    1.070522989136E+03));
#3545 = CARTESIAN_POINT('',(1.137903121881E+03,508.30354047882,
    1.070065828605E+03));
#3546 = CARTESIAN_POINT('',(1.138267206912E+03,508.1488634528,
    1.069626949094E+03));
#3547 = CARTESIAN_POINT('',(1.138676522035E+03,507.9897209073,
    1.069209707253E+03));
#3548 = CARTESIAN_POINT('',(1.139133410092E+03,507.83094177988,
    1.068819007819E+03));
#3549 = CARTESIAN_POINT('',(1.139941498577E+03,507.58779785796,
    1.068249226068E+03));
#3550 = CARTESIAN_POINT('',(1.140261483152E+03,507.49906897438,
    1.068047897266E+03));
#3551 = CARTESIAN_POINT('',(1.140599887327E+03,507.41382324778,
    1.067859902366E+03));
#3552 = CARTESIAN_POINT('',(1.140956544638E+03,507.33366209304,
    1.067687368959E+03));
#3553 = CARTESIAN_POINT('',(1.141331121784E+03,507.26027915086,
    1.067532528558E+03));
#3554 = CARTESIAN_POINT('',(1.141723092199E+03,507.19542212926,
    1.067397744293E+03));
#3555 = CARTESIAN_POINT('',(1.142417611071E+03,507.10265587063,
    1.067207038099E+03));
#3556 = CARTESIAN_POINT('',(1.142711559643E+03,507.0695139249,
    1.067139617346E+03));
#3557 = CARTESIAN_POINT('',(1.143012120215E+03,507.04216744188,
    1.067084453456E+03));
#3558 = CARTESIAN_POINT('',(1.143317797397E+03,507.02121648939,
    1.067042432955E+03));
#3559 = CARTESIAN_POINT('',(1.14362705026E+03,507.00708389682,
    1.067014167804E+03));
#3560 = CARTESIAN_POINT('',(1.143938310325E+03,507.,1.067E+03));
#3561 = CARTESIAN_POINT('',(1.14425E+03,507.,1.067E+03));
#3562 = CYLINDRICAL_SURFACE('',#3563,16.);
#3563 = AXIS2_PLACEMENT_3D('',#3564,#3565,#3566);
#3564 = CARTESIAN_POINT('',(1.14425E+03,523.,900.));
#3565 = DIRECTION('',(0.,0.,1.));
#3566 = DIRECTION('',(1.,0.,0.));
#3567 = ADVANCED_FACE('',(#3568),#3571,.F.);
#3568 = FACE_BOUND('',#3569,.T.);
#3569 = EDGE_LOOP('',(#3570));
#3570 = ORIENTED_EDGE('',*,*,#3427,.F.);
#3571 = PLANE('',#3572);
#3572 = AXIS2_PLACEMENT_3D('',#3573,#3574,#3575);
#3573 = CARTESIAN_POINT('',(1.14425E+03,523.,900.));
#3574 = DIRECTION('',(0.,0.,1.));
#3575 = DIRECTION('',(1.,0.,0.));
#3576 = ADVANCED_FACE('',(#3577),#3580,.T.);
#3577 = FACE_BOUND('',#3578,.T.);
#3578 = EDGE_LOOP('',(#3579));
#3579 = ORIENTED_EDGE('',*,*,#3419,.T.);
#3580 = PLANE('',#3581);
#3581 = AXIS2_PLACEMENT_3D('',#3582,#3583,#3584);
#3582 = CARTESIAN_POINT('',(1.14425E+03,523.,1.11E+03));
#3583 = DIRECTION('',(0.,0.,1.));
#3584 = DIRECTION('',(1.,0.,0.));
#3585 = ADVANCED_FACE('',(#3586),#3729,.T.);
#3586 = FACE_BOUND('',#3587,.T.);
#3587 = EDGE_LOOP('',(#3588,#3589,#3597,#3728));
#3588 = ORIENTED_EDGE('',*,*,#3436,.T.);
#3589 = ORIENTED_EDGE('',*,*,#3590,.T.);
#3590 = EDGE_CURVE('',#3437,#3591,#3593,.T.);
#3591 = VERTEX_POINT('',#3592);
#3592 = CARTESIAN_POINT('',(1.14425E+03,413.,1.067E+03));
#3593 = LINE('',#3594,#3595);
#3594 = CARTESIAN_POINT('',(1.14425E+03,523.,1.067E+03));
#3595 = VECTOR('',#3596,1.);
#3596 = DIRECTION('',(0.,-1.,0.));
#3597 = ORIENTED_EDGE('',*,*,#3598,.F.);
#3598 = EDGE_CURVE('',#3591,#3591,#3599,.T.);
#3599 = B_SPLINE_CURVE_WITH_KNOTS('',7,(#3600,#3601,#3602,#3603,#3604,
    #3605,#3606,#3607,#3608,#3609,#3610,#3611,#3612,#3613,#3614,#3615,
    #3616,#3617,#3618,#3619,#3620,#3621,#3622,#3623,#3624,#3625,#3626,
    #3627,#3628,#3629,#3630,#3631,#3632,#3633,#3634,#3635,#3636,#3637,
    #3638,#3639,#3640,#3641,#3642,#3643,#3644,#3645,#3646,#3647,#3648,
    #3649,#3650,#3651,#3652,#3653,#3654,#3655,#3656,#3657,#3658,#3659,
    #3660,#3661,#3662,#3663,#3664,#3665,#3666,#3667,#3668,#3669,#3670,
    #3671,#3672,#3673,#3674,#3675,#3676,#3677,#3678,#3679,#3680,#3681,
    #3682,#3683,#3684,#3685,#3686,#3687,#3688,#3689,#3690,#3691,#3692,
    #3693,#3694,#3695,#3696,#3697,#3698,#3699,#3700,#3701,#3702,#3703,
    #3704,#3705,#3706,#3707,#3708,#3709,#3710,#3711,#3712,#3713,#3714,
    #3715,#3716,#3717,#3718,#3719,#3720,#3721,#3722,#3723,#3724,#3725,
    #3726,#3727),.UNSPECIFIED.,.T.,.F.,(8,6,6,6,6,6,6,6,6,6,6,6,6,6,6,6,
    6,6,6,6,6,8),(0.,4.959223690871E-02,7.432118691099E-02,
    0.142250852796,0.203971694527,0.220120336084,0.249513440963,
    0.29498857735,0.356544524352,0.424729074754,0.469863466927,
    0.520395136143,0.573942430204,0.642295715313,0.704321812242,
    0.750265105063,0.779579070649,0.795693477517,0.857062778509,
    0.925034883225,0.97003385866,1.),.UNSPECIFIED.);
#3600 = CARTESIAN_POINT('',(1.14425E+03,413.,1.067E+03));
#3601 = CARTESIAN_POINT('',(1.144719513642E+03,413.,1.067E+03));
#3602 = CARTESIAN_POINT('',(1.145184454261E+03,412.97428150073,
    1.067032147619E+03));
#3603 = CARTESIAN_POINT('',(1.145640132144E+03,412.92374686108,
    1.067095317675E+03));
#3604 = CARTESIAN_POINT('',(1.146081936632E+03,412.85040898151,
    1.067187280665E+03));
#3605 = CARTESIAN_POINT('',(1.146505515217E+03,412.75735195145,
    1.067304717701E+03));
#3606 = CARTESIAN_POINT('',(1.146906847378E+03,412.64864383802,
    1.067443168716E+03));
#3607 = CARTESIAN_POINT('',(1.147469387628E+03,412.46964227939,
    1.067673578294E+03));
#3608 = CARTESIAN_POINT('',(1.147651177226E+03,412.40707291558,
    1.067754484293E+03));
#3609 = CARTESIAN_POINT('',(1.147827659784E+03,412.34183373158,
    1.067839277032E+03));
#3610 = CARTESIAN_POINT('',(1.147998924258E+03,412.27424098558,
    1.06792763293E+03));
#3611 = CARTESIAN_POINT('',(1.148165070577E+03,412.20458708883,
    1.068019259729E+03));
#3612 = CARTESIAN_POINT('',(1.148326209503E+03,412.13314070756,
    1.068113896516E+03));
#3613 = CARTESIAN_POINT('',(1.148911684669E+03,411.85963502157,
    1.068478915841E+03));
#3614 = CARTESIAN_POINT('',(1.14930479387E+03,411.64709301413,
    1.068767970426E+03));
#3615 = CARTESIAN_POINT('',(1.149664270454E+03,411.42742868586,
    1.069073988026E+03));
#3616 = CARTESIAN_POINT('',(1.149992770234E+03,411.20440195242,
    1.069394074002E+03));
#3617 = CARTESIAN_POINT('',(1.150292831907E+03,410.98092721045,
    1.069726694323E+03));
#3618 = CARTESIAN_POINT('',(1.150566587282E+03,410.75948647376,
    1.070071459193E+03));
#3619 = CARTESIAN_POINT('',(1.151041673927E+03,410.34595618354,
    1.070753843342E+03));
#3620 = CARTESIAN_POINT('',(1.15124705511E+03,410.15327990476,
    1.071088829608E+03));
#3621 = CARTESIAN_POINT('',(1.151432464361E+03,409.96715792802,
    1.071433825472E+03));
#3622 = CARTESIAN_POINT('',(1.151598162438E+03,409.79032815274,
    1.071788864151E+03));
#3623 = CARTESIAN_POINT('',(1.151743988379E+03,409.62611212787,
    1.072154015436E+03));
#3624 = CARTESIAN_POINT('',(1.151869469213E+03,409.47847257557,
    1.072529441155E+03));
#3625 = CARTESIAN_POINT('',(1.152000946404E+03,409.31859735421,
    1.073016623886E+03));
#3626 = CARTESIAN_POINT('',(1.152026746014E+03,409.28688677136,
    1.073118352551E+03));
#3627 = CARTESIAN_POINT('',(1.152051054037E+03,409.25670960387,
    1.073220744753E+03));
#3628 = CARTESIAN_POINT('',(1.152073847601E+03,409.2281515566,
    1.073323771513E+03));
#3629 = CARTESIAN_POINT('',(1.152095105597E+03,409.20129478319,
    1.073427407607E+03));
#3630 = CARTESIAN_POINT('',(1.152114807977E+03,409.1762175649,
    1.073531631561E+03));
#3631 = CARTESIAN_POINT('',(1.152165929209E+03,409.11072337573,
    1.07382716759E+03));
#3632 = CARTESIAN_POINT('',(1.15219373217E+03,409.07455830225,
    1.074019958896E+03));
#3633 = CARTESIAN_POINT('',(1.152216144834E+03,409.0450468194,
    1.0742143248E+03));
#3634 = CARTESIAN_POINT('',(1.152233041007E+03,409.02261202079,
    1.074409858051E+03));
#3635 = CARTESIAN_POINT('',(1.152244341534E+03,409.00754460739,
    1.074606199814E+03));
#3636 = CARTESIAN_POINT('',(1.15225E+03,409.,1.074803020429E+03));
#3637 = CARTESIAN_POINT('',(1.15225E+03,409.,1.075304754224E+03));
#3638 = CARTESIAN_POINT('',(1.152236455902E+03,409.0180584986,
    1.075608364049E+03));
#3639 = CARTESIAN_POINT('',(1.152209549752E+03,409.05393434508,
    1.075910117269E+03));
#3640 = CARTESIAN_POINT('',(1.152169511475E+03,409.10678259401,
    1.076209204157E+03));
#3641 = CARTESIAN_POINT('',(1.152116660952E+03,409.17514933209,
    1.076504607038E+03));
#3642 = CARTESIAN_POINT('',(1.152051555118E+03,409.25701061988,
    1.076794994616E+03));
#3643 = CARTESIAN_POINT('',(1.151871938731E+03,409.47553208175,
    1.077462542804E+03));
#3644 = CARTESIAN_POINT('',(1.151747615907E+03,409.6219208052,
    1.077835873394E+03));
#3645 = CARTESIAN_POINT('',(1.151603182172E+03,409.78475556116,
    1.07819905419E+03));
#3646 = CARTESIAN_POINT('',(1.151439107688E+03,409.9601378762,
    1.078552243718E+03));
#3647 = CARTESIAN_POINT('',(1.151255558956E+03,410.14479160755,
    1.078895508573E+03));
#3648 = CARTESIAN_POINT('',(1.151052294367E+03,410.33601109271,
    1.079228879231E+03));
#3649 = CARTESIAN_POINT('',(1.150580682418E+03,410.74795205712,
    1.079910415808E+03));
#3650 = CARTESIAN_POINT('',(1.150308040217E+03,410.96932173633,
    1.080255794248E+03));
#3651 = CARTESIAN_POINT('',(1.150009161793E+03,411.19281581812,
    1.080589022952E+03));
#3652 = CARTESIAN_POINT('',(1.149681927185E+03,411.41596128861,
    1.080909750657E+03));
#3653 = CARTESIAN_POINT('',(1.149323797434E+03,411.63586697916,
    1.081216487155E+03));
#3654 = CARTESIAN_POINT('',(1.148932104493E+03,411.84880290631,
    1.081506383615E+03));
#3655 = CARTESIAN_POINT('',(1.148221191489E+03,412.18300235199,
    1.081952800063E+03));
#3656 = CARTESIAN_POINT('',(1.147921300915E+03,412.31136054766,
    1.082121865045E+03));
#3657 = CARTESIAN_POINT('',(1.147604294716E+03,412.43323902556,
    1.082280453463E+03));
#3658 = CARTESIAN_POINT('',(1.147269899808E+03,412.54674416285,
    1.082426636849E+03));
#3659 = CARTESIAN_POINT('',(1.146917990153E+03,412.64980896891,
    1.082558274446E+03));
#3660 = CARTESIAN_POINT('',(1.146548631109E+03,412.74019251084,
    1.08267298718E+03));
#3661 = CARTESIAN_POINT('',(1.145729402366E+03,412.89978407629,
    1.082874640571E+03));
#3662 = CARTESIAN_POINT('',(1.14527356948E+03,412.96548295904,
    1.082957018135E+03));
#3663 = CARTESIAN_POINT('',(1.144802204821E+03,413.00749512287,
    1.083009372622E+03));
#3664 = CARTESIAN_POINT('',(1.144323155616E+03,413.02277692611,
    1.083028384718E+03));
#3665 = CARTESIAN_POINT('',(1.143844436356E+03,413.01050412056,
    1.083013164723E+03));
#3666 = CARTESIAN_POINT('',(1.143374054997E+03,412.97210181242,
    1.082965234786E+03));
#3667 = CARTESIAN_POINT('',(1.142438370378E+03,412.8465179901,
    1.082807453588E+03));
#3668 = CARTESIAN_POINT('',(1.141978705679E+03,412.75705293188,
    1.082694694907E+03));
#3669 = CARTESIAN_POINT('',(1.141542200642E+03,412.64667912059,
    1.082554796295E+03));
#3670 = CARTESIAN_POINT('',(1.141129784007E+03,412.5192453126,
    1.082391884281E+03));
#3671 = CARTESIAN_POINT('',(1.140741970829E+03,412.37846656952,
    1.082209839658E+03));
#3672 = CARTESIAN_POINT('',(1.14037894E+03,412.22789336299,
    1.082012359861E+03));
#3673 = CARTESIAN_POINT('',(1.139608719562E+03,411.87046834867,
    1.081535782544E+03));
#3674 = CARTESIAN_POINT('',(1.139213260576E+03,411.65779706781,
    1.081246856425E+03));
#3675 = CARTESIAN_POINT('',(1.138851714176E+03,411.43785330837,
    1.080940810914E+03));
#3676 = CARTESIAN_POINT('',(1.138521379021E+03,411.21444006443,
    1.080620592588E+03));
#3677 = CARTESIAN_POINT('',(1.138219668212E+03,410.99049040058,
    1.080287758884E+03));
#3678 = CARTESIAN_POINT('',(1.1379444065E+03,410.76848625306,
    1.079942698339E+03));
#3679 = CARTESIAN_POINT('',(1.137466944784E+03,410.35395456716,
    1.079259959399E+03));
#3680 = CARTESIAN_POINT('',(1.13726065878E+03,410.16087717204,
    1.078925009466E+03));
#3681 = CARTESIAN_POINT('',(1.137074396243E+03,409.97429182086,
    1.078580037583E+03));
#3682 = CARTESIAN_POINT('',(1.136907881162E+03,409.79692802931,
    1.078225006916E+03));
#3683 = CARTESIAN_POINT('',(1.136761264967E+03,409.6321001976,
    1.077859843919E+03));
#3684 = CARTESIAN_POINT('',(1.136635014564E+03,409.48376949032,
    1.077484384959E+03));
#3685 = CARTESIAN_POINT('',(1.136452300475E+03,409.2618562577,
    1.076812114888E+03));
#3686 = CARTESIAN_POINT('',(1.136385943969E+03,409.17851799912,
    1.076519101289E+03));
#3687 = CARTESIAN_POINT('',(1.136332067843E+03,409.10886689308,
    1.076220941767E+03));
#3688 = CARTESIAN_POINT('',(1.136291247832E+03,409.05499782659,
    1.07591900658E+03));
#3689 = CARTESIAN_POINT('',(1.136263812805E+03,409.01841675961,
    1.075614338559E+03));
#3690 = CARTESIAN_POINT('',(1.13625E+03,409.,1.075307762601E+03));
#3691 = CARTESIAN_POINT('',(1.13625E+03,409.,1.074803633093E+03));
#3692 = CARTESIAN_POINT('',(1.136255623322E+03,409.00749774887,
    1.074607422845E+03));
#3693 = CARTESIAN_POINT('',(1.136266853848E+03,409.02247182659,
    1.07441168684E+03));
#3694 = CARTESIAN_POINT('',(1.136283645708E+03,409.04476869911,
    1.074216752276E+03));
#3695 = CARTESIAN_POINT('',(1.136305920603E+03,409.07410108091,
    1.074022975099E+03));
#3696 = CARTESIAN_POINT('',(1.136333553751E+03,409.11005076843,
    1.073830758997E+03));
#3697 = CARTESIAN_POINT('',(1.136384376296E+03,409.1751779292,
    1.073536026289E+03));
#3698 = CARTESIAN_POINT('',(1.136403972132E+03,409.20012640031,
    1.073432044465E+03));
#3699 = CARTESIAN_POINT('',(1.136425116427E+03,409.22684791396,
    1.073328646519E+03));
#3700 = CARTESIAN_POINT('',(1.136447789273E+03,409.25526483657,
    1.073225853928E+03));
#3701 = CARTESIAN_POINT('',(1.1364719697E+03,409.28529566254,
    1.073123691892E+03));
#3702 = CARTESIAN_POINT('',(1.136497634974E+03,409.31685533196,
    1.07302218934E+03));
#3703 = CARTESIAN_POINT('',(1.136628061137E+03,409.47553192166,
    1.072537457685E+03));
#3704 = CARTESIAN_POINT('',(1.13675238384E+03,409.62192050961,
    1.07216412732E+03));
#3705 = CARTESIAN_POINT('',(1.13689681751E+03,409.78475521303,
    1.071800946525E+03));
#3706 = CARTESIAN_POINT('',(1.13706089201E+03,409.96013757255,
    1.071447756843E+03));
#3707 = CARTESIAN_POINT('',(1.137244440836E+03,410.14479141526,
    1.071104491758E+03));
#3708 = CARTESIAN_POINT('',(1.137447705549E+03,410.33601101959,
    1.07077112089E+03));
#3709 = CARTESIAN_POINT('',(1.137919296889E+03,410.74793398222,
    1.070089614096E+03));
#3710 = CARTESIAN_POINT('',(1.138191940508E+03,410.96930769075,
    1.069744225522E+03));
#3711 = CARTESIAN_POINT('',(1.138490839097E+03,411.19281963827,
    1.069410969469E+03));
#3712 = CARTESIAN_POINT('',(1.138818102924E+03,411.41598413051,
    1.069090216085E+03));
#3713 = CARTESIAN_POINT('',(1.139176255354E+03,411.63589847579,
    1.068783469493E+03));
#3714 = CARTESIAN_POINT('',(1.139567945038E+03,411.84882619087,
    1.068493585282E+03));
#3715 = CARTESIAN_POINT('',(1.140278808511E+03,412.18300235199,
    1.068047199937E+03));
#3716 = CARTESIAN_POINT('',(1.140578699085E+03,412.31136054766,
    1.067878134955E+03));
#3717 = CARTESIAN_POINT('',(1.140895705284E+03,412.43323902556,
    1.067719546537E+03));
#3718 = CARTESIAN_POINT('',(1.141230100192E+03,412.54674416286,
    1.067573363151E+03));
#3719 = CARTESIAN_POINT('',(1.141582009847E+03,412.64980896891,
    1.067441725554E+03));
#3720 = CARTESIAN_POINT('',(1.141951368891E+03,412.74019251083,
    1.06732701282E+03));
#3721 = CARTESIAN_POINT('',(1.142595258596E+03,412.86562678901,
    1.067168519183E+03));
#3722 = CARTESIAN_POINT('',(1.142860221734E+03,412.90907061561,
    1.067113850602E+03));
#3723 = CARTESIAN_POINT('',(1.143131403565E+03,412.94486176791,
    1.067068960821E+03));
#3724 = CARTESIAN_POINT('',(1.143407406589E+03,412.97225591521,
    1.067034680127E+03));
#3725 = CARTESIAN_POINT('',(1.143686804672E+03,412.99073223544,
    1.067011584697E+03));
#3726 = CARTESIAN_POINT('',(1.143968153196E+03,413.,1.067E+03));
#3727 = CARTESIAN_POINT('',(1.14425E+03,413.,1.067E+03));
#3728 = ORIENTED_EDGE('',*,*,#3590,.F.);
#3729 = CYLINDRICAL_SURFACE('',#3730,8.);
#3730 = AXIS2_PLACEMENT_3D('',#3731,#3732,#3733);
#3731 = CARTESIAN_POINT('',(1.14425E+03,523.,1.075E+03));
#3732 = DIRECTION('',(0.,-1.,0.));
#3733 = DIRECTION('',(0.,0.,-1.));
#3734 = ADVANCED_FACE('',(#3735,#3762,#4030),#4033,.T.);
#3735 = FACE_BOUND('',#3736,.T.);
#3736 = EDGE_LOOP('',(#3737,#3747,#3754,#3755));
#3737 = ORIENTED_EDGE('',*,*,#3738,.T.);
#3738 = EDGE_CURVE('',#3739,#3741,#3743,.T.);
#3739 = VERTEX_POINT('',#3740);
#3740 = CARTESIAN_POINT('',(1.15425E+03,403.,1.065E+03));
#3741 = VERTEX_POINT('',#3742);
#3742 = CARTESIAN_POINT('',(1.15425E+03,403.,1.095E+03));
#3743 = LINE('',#3744,#3745);
#3744 = CARTESIAN_POINT('',(1.15425E+03,403.,1.065E+03));
#3745 = VECTOR('',#3746,1.);
#3746 = DIRECTION('',(0.,0.,1.));
#3747 = ORIENTED_EDGE('',*,*,#3748,.F.);
#3748 = EDGE_CURVE('',#3741,#3741,#3749,.T.);
#3749 = CIRCLE('',#3750,10.);
#3750 = AXIS2_PLACEMENT_3D('',#3751,#3752,#3753);
#3751 = CARTESIAN_POINT('',(1.14425E+03,403.,1.095E+03));
#3752 = DIRECTION('',(0.,0.,1.));
#3753 = DIRECTION('',(1.,0.,0.));
#3754 = ORIENTED_EDGE('',*,*,#3738,.F.);
#3755 = ORIENTED_EDGE('',*,*,#3756,.T.);
#3756 = EDGE_CURVE('',#3739,#3739,#3757,.T.);
#3757 = CIRCLE('',#3758,10.);
#3758 = AXIS2_PLACEMENT_3D('',#3759,#3760,#3761);
#3759 = CARTESIAN_POINT('',(1.14425E+03,403.,1.065E+03));
#3760 = DIRECTION('',(0.,0.,1.));
#3761 = DIRECTION('',(1.,0.,0.));
#3762 = FACE_BOUND('',#3763,.T.);
#3763 = EDGE_LOOP('',(#3764,#3899));
#3764 = ORIENTED_EDGE('',*,*,#3765,.F.);
#3765 = EDGE_CURVE('',#3766,#3768,#3770,.T.);
#3766 = VERTEX_POINT('',#3767);
#3767 = CARTESIAN_POINT('',(1.14425E+03,393.,1.067E+03));
#3768 = VERTEX_POINT('',#3769);
#3769 = CARTESIAN_POINT('',(1.14425E+03,393.,1.083E+03));
#3770 = B_SPLINE_CURVE_WITH_KNOTS('',7,(#3771,#3772,#3773,#3774,#3775,
    #3776,#3777,#3778,#3779,#3780,#3781,#3782,#3783,#3784,#3785,#3786,
    #3787,#3788,#3789,#3790,#3791,#3792,#3793,#3794,#3795,#3796,#3797,
    #3798,#3799,#3800,#3801,#3802,#3803,#3804,#3805,#3806,#3807,#3808,
    #3809,#3810,#3811,#3812,#3813,#3814,#3815,#3816,#3817,#3818,#3819,
    #3820,#3821,#3822,#3823,#3824,#3825,#3826,#3827,#3828,#3829,#3830,
    #3831,#3832,#3833,#3834,#3835,#3836,#3837,#3838,#3839,#3840,#3841,
    #3842,#3843,#3844,#3845,#3846,#3847,#3848,#3849,#3850,#3851,#3852,
    #3853,#3854,#3855,#3856,#3857,#3858,#3859,#3860,#3861,#3862,#3863,
    #3864,#3865,#3866,#3867,#3868,#3869,#3870,#3871,#3872,#3873,#3874,
    #3875,#3876,#3877,#3878,#3879,#3880,#3881,#3882,#3883,#3884,#3885,
    #3886,#3887,#3888,#3889,#3890,#3891,#3892,#3893,#3894,#3895,#3896,
    #3897,#3898),.UNSPECIFIED.,.T.,.F.,(8,6,6,6,6,6,6,6,6,6,6,6,6,6,6,6,
    6,6,6,6,6,8),(0.,4.959223579429E-02,7.432118524341E-02,
    0.142250850099,0.203971691311,0.220120332732,0.249513437365,
    0.294988573374,0.356544519865,0.424729069701,0.469863461501,
    0.520395130297,0.573942424084,0.642295709504,0.704321807178,
    0.75026510055,0.779579066487,0.795693473549,0.857062775278,
    0.925034881276,0.97003385788,1.),.UNSPECIFIED.);
#3771 = CARTESIAN_POINT('',(1.14425E+03,393.,1.067E+03));
#3772 = CARTESIAN_POINT('',(1.144719513642E+03,393.,1.067E+03));
#3773 = CARTESIAN_POINT('',(1.145184454261E+03,393.02571849926,
    1.067032147619E+03));
#3774 = CARTESIAN_POINT('',(1.145640132144E+03,393.07625313891,
    1.067095317675E+03));
#3775 = CARTESIAN_POINT('',(1.146081936632E+03,393.14959101848,
    1.067187280665E+03));
#3776 = CARTESIAN_POINT('',(1.146505515217E+03,393.24264804854,
    1.067304717701E+03));
#3777 = CARTESIAN_POINT('',(1.146906847378E+03,393.35135616197,
    1.067443168716E+03));
#3778 = CARTESIAN_POINT('',(1.147469387628E+03,393.5303577206,
    1.067673578294E+03));
#3779 = CARTESIAN_POINT('',(1.147651177226E+03,393.59292708442,
    1.067754484293E+03));
#3780 = CARTESIAN_POINT('',(1.147827659784E+03,393.6581662684,
    1.067839277032E+03));
#3781 = CARTESIAN_POINT('',(1.147998924258E+03,393.7257590144,
    1.06792763293E+03));
#3782 = CARTESIAN_POINT('',(1.148165070577E+03,393.79541291116,
    1.068019259729E+03));
#3783 = CARTESIAN_POINT('',(1.148326209503E+03,393.86685929243,
    1.068113896516E+03));
#3784 = CARTESIAN_POINT('',(1.148911684672E+03,394.14036497985,
    1.068478915843E+03));
#3785 = CARTESIAN_POINT('',(1.149304793863E+03,394.35290698262,
    1.068767970421E+03));
#3786 = CARTESIAN_POINT('',(1.14966427046E+03,394.57257131585,
    1.069073988027E+03));
#3787 = CARTESIAN_POINT('',(1.149992770234E+03,394.79559804991,
    1.069394074007E+03));
#3788 = CARTESIAN_POINT('',(1.150292831904E+03,395.01907278602,
    1.069726694317E+03));
#3789 = CARTESIAN_POINT('',(1.150566587284E+03,395.24051352769,
    1.070071459195E+03));
#3790 = CARTESIAN_POINT('',(1.151041673927E+03,395.65404381645,
    1.070753843342E+03));
#3791 = CARTESIAN_POINT('',(1.15124705511E+03,395.84672009522,
    1.071088829608E+03));
#3792 = CARTESIAN_POINT('',(1.151432464361E+03,396.03284207197,
    1.071433825472E+03));
#3793 = CARTESIAN_POINT('',(1.151598162438E+03,396.20967184725,
    1.071788864151E+03));
#3794 = CARTESIAN_POINT('',(1.151743988379E+03,396.37388787212,
    1.072154015436E+03));
#3795 = CARTESIAN_POINT('',(1.151869469213E+03,396.52152742442,
    1.072529441155E+03));
#3796 = CARTESIAN_POINT('',(1.152000946404E+03,396.68140264578,
    1.073016623886E+03));
#3797 = CARTESIAN_POINT('',(1.152026746014E+03,396.71311322863,
    1.073118352551E+03));
#3798 = CARTESIAN_POINT('',(1.152051054037E+03,396.74329039613,
    1.073220744753E+03));
#3799 = CARTESIAN_POINT('',(1.152073847601E+03,396.77184844339,
    1.073323771513E+03));
#3800 = CARTESIAN_POINT('',(1.152095105597E+03,396.7987052168,
    1.073427407607E+03));
#3801 = CARTESIAN_POINT('',(1.152114807977E+03,396.82378243509,
    1.073531631561E+03));
#3802 = CARTESIAN_POINT('',(1.152165929209E+03,396.88927662427,
    1.07382716759E+03));
#3803 = CARTESIAN_POINT('',(1.15219373217E+03,396.92544169774,
    1.074019958896E+03));
#3804 = CARTESIAN_POINT('',(1.152216144834E+03,396.95495318059,
    1.0742143248E+03));
#3805 = CARTESIAN_POINT('',(1.152233041007E+03,396.9773879792,
    1.074409858051E+03));
#3806 = CARTESIAN_POINT('',(1.152244341534E+03,396.9924553926,
    1.074606199814E+03));
#3807 = CARTESIAN_POINT('',(1.15225E+03,397.,1.074803020429E+03));
#3808 = CARTESIAN_POINT('',(1.15225E+03,397.,1.075304754224E+03));
#3809 = CARTESIAN_POINT('',(1.152236455902E+03,396.98194150139,
    1.075608364049E+03));
#3810 = CARTESIAN_POINT('',(1.152209549752E+03,396.94606565491,
    1.075910117269E+03));
#3811 = CARTESIAN_POINT('',(1.152169511475E+03,396.89321740598,
    1.076209204157E+03));
#3812 = CARTESIAN_POINT('',(1.152116660952E+03,396.8248506679,
    1.076504607038E+03));
#3813 = CARTESIAN_POINT('',(1.152051555118E+03,396.74298938011,
    1.076794994616E+03));
#3814 = CARTESIAN_POINT('',(1.151871938731E+03,396.52446791824,
    1.077462542804E+03));
#3815 = CARTESIAN_POINT('',(1.151747615907E+03,396.3780791948,
    1.077835873394E+03));
#3816 = CARTESIAN_POINT('',(1.151603182172E+03,396.21524443883,
    1.07819905419E+03));
#3817 = CARTESIAN_POINT('',(1.151439107688E+03,396.03986212379,
    1.078552243718E+03));
#3818 = CARTESIAN_POINT('',(1.151255558956E+03,395.85520839244,
    1.078895508573E+03));
#3819 = CARTESIAN_POINT('',(1.151052294367E+03,395.66398890729,
    1.079228879231E+03));
#3820 = CARTESIAN_POINT('',(1.150580682418E+03,395.25204794287,
    1.079910415808E+03));
#3821 = CARTESIAN_POINT('',(1.150308040217E+03,395.03067826366,
    1.080255794248E+03));
#3822 = CARTESIAN_POINT('',(1.150009161793E+03,394.80718418187,
    1.080589022952E+03));
#3823 = CARTESIAN_POINT('',(1.149681927185E+03,394.58403871138,
    1.080909750657E+03));
#3824 = CARTESIAN_POINT('',(1.149323797434E+03,394.36413302084,
    1.081216487155E+03));
#3825 = CARTESIAN_POINT('',(1.148932104493E+03,394.15119709368,
    1.081506383615E+03));
#3826 = CARTESIAN_POINT('',(1.148221191489E+03,393.816997648,
    1.081952800063E+03));
#3827 = CARTESIAN_POINT('',(1.147921300915E+03,393.68863945234,
    1.082121865045E+03));
#3828 = CARTESIAN_POINT('',(1.147604294716E+03,393.56676097443,
    1.082280453463E+03));
#3829 = CARTESIAN_POINT('',(1.147269899808E+03,393.45325583713,
    1.082426636849E+03));
#3830 = CARTESIAN_POINT('',(1.146917990153E+03,393.35019103108,
    1.082558274446E+03));
#3831 = CARTESIAN_POINT('',(1.146548631109E+03,393.25980748916,
    1.08267298718E+03));
#3832 = CARTESIAN_POINT('',(1.145729402366E+03,393.1002159237,
    1.082874640571E+03));
#3833 = CARTESIAN_POINT('',(1.14527356948E+03,393.03451704095,
    1.082957018135E+03));
#3834 = CARTESIAN_POINT('',(1.144802204821E+03,392.99250487712,
    1.083009372622E+03));
#3835 = CARTESIAN_POINT('',(1.144323155616E+03,392.97722307388,
    1.083028384718E+03));
#3836 = CARTESIAN_POINT('',(1.143844436356E+03,392.98949587943,
    1.083013164723E+03));
#3837 = CARTESIAN_POINT('',(1.143374054997E+03,393.02789818757,
    1.082965234786E+03));
#3838 = CARTESIAN_POINT('',(1.142438370377E+03,393.1534820101,
    1.082807453587E+03));
#3839 = CARTESIAN_POINT('',(1.141978705679E+03,393.24294706833,
    1.082694694907E+03));
#3840 = CARTESIAN_POINT('',(1.141542200643E+03,393.35332087921,
    1.082554796295E+03));
#3841 = CARTESIAN_POINT('',(1.141129784008E+03,393.48075468691,
    1.082391884281E+03));
#3842 = CARTESIAN_POINT('',(1.140741970829E+03,393.62153343032,
    1.082209839658E+03));
#3843 = CARTESIAN_POINT('',(1.140378939999E+03,393.77210663759,
    1.08201235986E+03));
#3844 = CARTESIAN_POINT('',(1.139608719559E+03,394.1295316525,
    1.081535782543E+03));
#3845 = CARTESIAN_POINT('',(1.139213260583E+03,394.34220292924,
    1.081246856428E+03));
#3846 = CARTESIAN_POINT('',(1.13885171417E+03,394.56214669352,
    1.080940810913E+03));
#3847 = CARTESIAN_POINT('',(1.13852137902E+03,394.78555993775,
    1.080620592583E+03));
#3848 = CARTESIAN_POINT('',(1.138219668215E+03,395.0095095957,
    1.080287758891E+03));
#3849 = CARTESIAN_POINT('',(1.137944406498E+03,395.23151374855,
    1.079942698337E+03));
#3850 = CARTESIAN_POINT('',(1.137466944784E+03,395.64604543283,
    1.079259959399E+03));
#3851 = CARTESIAN_POINT('',(1.13726065878E+03,395.83912282795,
    1.078925009466E+03));
#3852 = CARTESIAN_POINT('',(1.137074396243E+03,396.02570817914,
    1.078580037583E+03));
#3853 = CARTESIAN_POINT('',(1.136907881162E+03,396.20307197068,
    1.078225006916E+03));
#3854 = CARTESIAN_POINT('',(1.136761264967E+03,396.36789980239,
    1.077859843919E+03));
#3855 = CARTESIAN_POINT('',(1.136635014564E+03,396.51623050968,
    1.077484384959E+03));
#3856 = CARTESIAN_POINT('',(1.136452300475E+03,396.7381437423,
    1.076812114888E+03));
#3857 = CARTESIAN_POINT('',(1.136385943969E+03,396.82148200087,
    1.076519101289E+03));
#3858 = CARTESIAN_POINT('',(1.136332067843E+03,396.89113310691,
    1.076220941767E+03));
#3859 = CARTESIAN_POINT('',(1.136291247832E+03,396.9450021734,
    1.07591900658E+03));
#3860 = CARTESIAN_POINT('',(1.136263812805E+03,396.98158324038,
    1.075614338559E+03));
#3861 = CARTESIAN_POINT('',(1.13625E+03,397.,1.075307762601E+03));
#3862 = CARTESIAN_POINT('',(1.13625E+03,397.,1.074803633093E+03));
#3863 = CARTESIAN_POINT('',(1.136255623322E+03,396.99250225112,
    1.074607422845E+03));
#3864 = CARTESIAN_POINT('',(1.136266853848E+03,396.9775281734,
    1.07441168684E+03));
#3865 = CARTESIAN_POINT('',(1.136283645708E+03,396.95523130088,
    1.074216752276E+03));
#3866 = CARTESIAN_POINT('',(1.136305920603E+03,396.92589891908,
    1.074022975099E+03));
#3867 = CARTESIAN_POINT('',(1.136333553751E+03,396.88994923156,
    1.073830758997E+03));
#3868 = CARTESIAN_POINT('',(1.136384376296E+03,396.82482207079,
    1.073536026289E+03));
#3869 = CARTESIAN_POINT('',(1.136403972132E+03,396.79987359968,
    1.073432044465E+03));
#3870 = CARTESIAN_POINT('',(1.136425116427E+03,396.77315208603,
    1.073328646519E+03));
#3871 = CARTESIAN_POINT('',(1.136447789273E+03,396.74473516342,
    1.073225853928E+03));
#3872 = CARTESIAN_POINT('',(1.1364719697E+03,396.71470433745,
    1.073123691892E+03));
#3873 = CARTESIAN_POINT('',(1.136497634974E+03,396.68314466803,
    1.07302218934E+03));
#3874 = CARTESIAN_POINT('',(1.136628061137E+03,396.52446807833,
    1.072537457685E+03));
#3875 = CARTESIAN_POINT('',(1.13675238384E+03,396.37807949039,
    1.07216412732E+03));
#3876 = CARTESIAN_POINT('',(1.13689681751E+03,396.21524478696,
    1.071800946525E+03));
#3877 = CARTESIAN_POINT('',(1.13706089201E+03,396.03986242744,
    1.071447756843E+03));
#3878 = CARTESIAN_POINT('',(1.137244440836E+03,395.85520858473,
    1.071104491758E+03));
#3879 = CARTESIAN_POINT('',(1.137447705549E+03,395.66398898041,
    1.07077112089E+03));
#3880 = CARTESIAN_POINT('',(1.137919296891E+03,395.25206601629,
    1.070089614093E+03));
#3881 = CARTESIAN_POINT('',(1.138191940504E+03,395.0306923128,
    1.069744225528E+03));
#3882 = CARTESIAN_POINT('',(1.138490839098E+03,394.80718035936,
    1.069410969465E+03));
#3883 = CARTESIAN_POINT('',(1.13881810293E+03,394.58401586772,
    1.069090216083E+03));
#3884 = CARTESIAN_POINT('',(1.139176255346E+03,394.36410152748,
    1.068783469498E+03));
#3885 = CARTESIAN_POINT('',(1.139567945041E+03,394.15117380768,
    1.06849358528E+03));
#3886 = CARTESIAN_POINT('',(1.140278808511E+03,393.816997648,
    1.068047199937E+03));
#3887 = CARTESIAN_POINT('',(1.140578699085E+03,393.68863945233,
    1.067878134955E+03));
#3888 = CARTESIAN_POINT('',(1.140895705284E+03,393.56676097443,
    1.067719546537E+03));
#3889 = CARTESIAN_POINT('',(1.141230100192E+03,393.45325583714,
    1.067573363151E+03));
#3890 = CARTESIAN_POINT('',(1.141582009847E+03,393.35019103109,
    1.067441725554E+03));
#3891 = CARTESIAN_POINT('',(1.141951368891E+03,393.25980748916,
    1.06732701282E+03));
#3892 = CARTESIAN_POINT('',(1.142595258596E+03,393.13437321098,
    1.067168519183E+03));
#3893 = CARTESIAN_POINT('',(1.142860221734E+03,393.09092938438,
    1.067113850602E+03));
#3894 = CARTESIAN_POINT('',(1.143131403565E+03,393.05513823208,
    1.067068960821E+03));
#3895 = CARTESIAN_POINT('',(1.143407406589E+03,393.02774408478,
    1.067034680127E+03));
#3896 = CARTESIAN_POINT('',(1.143686804672E+03,393.00926776455,
    1.067011584697E+03));
#3897 = CARTESIAN_POINT('',(1.143968153196E+03,393.,1.067E+03));
#3898 = CARTESIAN_POINT('',(1.14425E+03,393.,1.067E+03));
#3899 = ORIENTED_EDGE('',*,*,#3900,.F.);
#3900 = EDGE_CURVE('',#3768,#3766,#3901,.T.);
#3901 = B_SPLINE_CURVE_WITH_KNOTS('',7,(#3902,#3903,#3904,#3905,#3906,
    #3907,#3908,#3909,#3910,#3911,#3912,#3913,#3914,#3915,#3916,#3917,
    #3918,#3919,#3920,#3921,#3922,#3923,#3924,#3925,#3926,#3927,#3928,
    #3929,#3930,#3931,#3932,#3933,#3934,#3935,#3936,#3937,#3938,#3939,
    #3940,#3941,#3942,#3943,#3944,#3945,#3946,#3947,#3948,#3949,#3950,
    #3951,#3952,#3953,#3954,#3955,#3956,#3957,#3958,#3959,#3960,#3961,
    #3962,#3963,#3964,#3965,#3966,#3967,#3968,#3969,#3970,#3971,#3972,
    #3973,#3974,#3975,#3976,#3977,#3978,#3979,#3980,#3981,#3982,#3983,
    #3984,#3985,#3986,#3987,#3988,#3989,#3990,#3991,#3992,#3993,#3994,
    #3995,#3996,#3997,#3998,#3999,#4000,#4001,#4002,#4003,#4004,#4005,
    #4006,#4007,#4008,#4009,#4010,#4011,#4012,#4013,#4014,#4015,#4016,
    #4017,#4018,#4019,#4020,#4021,#4022,#4023,#4024,#4025,#4026,#4027,
    #4028,#4029),.UNSPECIFIED.,.T.,.F.,(8,6,6,6,6,6,6,6,6,6,6,6,6,6,6,6,
    6,6,6,6,6,8),(0.,4.959223579429E-02,7.432118524341E-02,
    0.142250850099,0.203971691311,0.220120332732,0.249513437365,
    0.294988573374,0.356544519865,0.424729069701,0.469863461501,
    0.520395130297,0.573942424084,0.642295709504,0.704321807178,
    0.75026510055,0.779579066487,0.795693473549,0.857062775278,
    0.925034881276,0.97003385788,1.),.UNSPECIFIED.);
#3902 = CARTESIAN_POINT('',(1.14425E+03,393.,1.067E+03));
#3903 = CARTESIAN_POINT('',(1.144719513642E+03,393.,1.067E+03));
#3904 = CARTESIAN_POINT('',(1.145184454261E+03,393.02571849926,
    1.067032147619E+03));
#3905 = CARTESIAN_POINT('',(1.145640132144E+03,393.07625313891,
    1.067095317675E+03));
#3906 = CARTESIAN_POINT('',(1.146081936632E+03,393.14959101848,
    1.067187280665E+03));
#3907 = CARTESIAN_POINT('',(1.146505515217E+03,393.24264804854,
    1.067304717701E+03));
#3908 = CARTESIAN_POINT('',(1.146906847378E+03,393.35135616197,
    1.067443168716E+03));
#3909 = CARTESIAN_POINT('',(1.147469387628E+03,393.5303577206,
    1.067673578294E+03));
#3910 = CARTESIAN_POINT('',(1.147651177226E+03,393.59292708442,
    1.067754484293E+03));
#3911 = CARTESIAN_POINT('',(1.147827659784E+03,393.6581662684,
    1.067839277032E+03));
#3912 = CARTESIAN_POINT('',(1.147998924258E+03,393.7257590144,
    1.06792763293E+03));
#3913 = CARTESIAN_POINT('',(1.148165070577E+03,393.79541291116,
    1.068019259729E+03));
#3914 = CARTESIAN_POINT('',(1.148326209503E+03,393.86685929243,
    1.068113896516E+03));
#3915 = CARTESIAN_POINT('',(1.148911684672E+03,394.14036497985,
    1.068478915843E+03));
#3916 = CARTESIAN_POINT('',(1.149304793863E+03,394.35290698262,
    1.068767970421E+03));
#3917 = CARTESIAN_POINT('',(1.14966427046E+03,394.57257131585,
    1.069073988027E+03));
#3918 = CARTESIAN_POINT('',(1.149992770234E+03,394.79559804991,
    1.069394074007E+03));
#3919 = CARTESIAN_POINT('',(1.150292831904E+03,395.01907278602,
    1.069726694317E+03));
#3920 = CARTESIAN_POINT('',(1.150566587284E+03,395.24051352769,
    1.070071459195E+03));
#3921 = CARTESIAN_POINT('',(1.151041673927E+03,395.65404381645,
    1.070753843342E+03));
#3922 = CARTESIAN_POINT('',(1.15124705511E+03,395.84672009522,
    1.071088829608E+03));
#3923 = CARTESIAN_POINT('',(1.151432464361E+03,396.03284207197,
    1.071433825472E+03));
#3924 = CARTESIAN_POINT('',(1.151598162438E+03,396.20967184725,
    1.071788864151E+03));
#3925 = CARTESIAN_POINT('',(1.151743988379E+03,396.37388787212,
    1.072154015436E+03));
#3926 = CARTESIAN_POINT('',(1.151869469213E+03,396.52152742442,
    1.072529441155E+03));
#3927 = CARTESIAN_POINT('',(1.152000946404E+03,396.68140264578,
    1.073016623886E+03));
#3928 = CARTESIAN_POINT('',(1.152026746014E+03,396.71311322863,
    1.073118352551E+03));
#3929 = CARTESIAN_POINT('',(1.152051054037E+03,396.74329039613,
    1.073220744753E+03));
#3930 = CARTESIAN_POINT('',(1.152073847601E+03,396.77184844339,
    1.073323771513E+03));
#3931 = CARTESIAN_POINT('',(1.152095105597E+03,396.7987052168,
    1.073427407607E+03));
#3932 = CARTESIAN_POINT('',(1.152114807977E+03,396.82378243509,
    1.073531631561E+03));
#3933 = CARTESIAN_POINT('',(1.152165929209E+03,396.88927662427,
    1.07382716759E+03));
#3934 = CARTESIAN_POINT('',(1.15219373217E+03,396.92544169774,
    1.074019958896E+03));
#3935 = CARTESIAN_POINT('',(1.152216144834E+03,396.95495318059,
    1.0742143248E+03));
#3936 = CARTESIAN_POINT('',(1.152233041007E+03,396.9773879792,
    1.074409858051E+03));
#3937 = CARTESIAN_POINT('',(1.152244341534E+03,396.9924553926,
    1.074606199814E+03));
#3938 = CARTESIAN_POINT('',(1.15225E+03,397.,1.074803020429E+03));
#3939 = CARTESIAN_POINT('',(1.15225E+03,397.,1.075304754224E+03));
#3940 = CARTESIAN_POINT('',(1.152236455902E+03,396.98194150139,
    1.075608364049E+03));
#3941 = CARTESIAN_POINT('',(1.152209549752E+03,396.94606565491,
    1.075910117269E+03));
#3942 = CARTESIAN_POINT('',(1.152169511475E+03,396.89321740598,
    1.076209204157E+03));
#3943 = CARTESIAN_POINT('',(1.152116660952E+03,396.8248506679,
    1.076504607038E+03));
#3944 = CARTESIAN_POINT('',(1.152051555118E+03,396.74298938011,
    1.076794994616E+03));
#3945 = CARTESIAN_POINT('',(1.151871938731E+03,396.52446791824,
    1.077462542804E+03));
#3946 = CARTESIAN_POINT('',(1.151747615907E+03,396.3780791948,
    1.077835873394E+03));
#3947 = CARTESIAN_POINT('',(1.151603182172E+03,396.21524443883,
    1.07819905419E+03));
#3948 = CARTESIAN_POINT('',(1.151439107688E+03,396.03986212379,
    1.078552243718E+03));
#3949 = CARTESIAN_POINT('',(1.151255558956E+03,395.85520839244,
    1.078895508573E+03));
#3950 = CARTESIAN_POINT('',(1.151052294367E+03,395.66398890729,
    1.079228879231E+03));
#3951 = CARTESIAN_POINT('',(1.150580682418E+03,395.25204794287,
    1.079910415808E+03));
#3952 = CARTESIAN_POINT('',(1.150308040217E+03,395.03067826366,
    1.080255794248E+03));
#3953 = CARTESIAN_POINT('',(1.150009161793E+03,394.80718418187,
    1.080589022952E+03));
#3954 = CARTESIAN_POINT('',(1.149681927185E+03,394.58403871138,
    1.080909750657E+03));
#3955 = CARTESIAN_POINT('',(1.149323797434E+03,394.36413302084,
    1.081216487155E+03));
#3956 = CARTESIAN_POINT('',(1.148932104493E+03,394.15119709368,
    1.081506383615E+03));
#3957 = CARTESIAN_POINT('',(1.148221191489E+03,393.816997648,
    1.081952800063E+03));
#3958 = CARTESIAN_POINT('',(1.147921300915E+03,393.68863945234,
    1.082121865045E+03));
#3959 = CARTESIAN_POINT('',(1.147604294716E+03,393.56676097443,
    1.082280453463E+03));
#3960 = CARTESIAN_POINT('',(1.147269899808E+03,393.45325583713,
    1.082426636849E+03));
#3961 = CARTESIAN_POINT('',(1.146917990153E+03,393.35019103108,
    1.082558274446E+03));
#3962 = CARTESIAN_POINT('',(1.146548631109E+03,393.25980748916,
    1.08267298718E+03));
#3963 = CARTESIAN_POINT('',(1.145729402366E+03,393.1002159237,
    1.082874640571E+03));
#3964 = CARTESIAN_POINT('',(1.14527356948E+03,393.03451704095,
    1.082957018135E+03));
#3965 = CARTESIAN_POINT('',(1.144802204821E+03,392.99250487712,
    1.083009372622E+03));
#3966 = CARTESIAN_POINT('',(1.144323155616E+03,392.97722307388,
    1.083028384718E+03));
#3967 = CARTESIAN_POINT('',(1.143844436356E+03,392.98949587943,
    1.083013164723E+03));
#3968 = CARTESIAN_POINT('',(1.143374054997E+03,393.02789818757,
    1.082965234786E+03));
#3969 = CARTESIAN_POINT('',(1.142438370377E+03,393.1534820101,
    1.082807453587E+03));
#3970 = CARTESIAN_POINT('',(1.141978705679E+03,393.24294706833,
    1.082694694907E+03));
#3971 = CARTESIAN_POINT('',(1.141542200643E+03,393.35332087921,
    1.082554796295E+03));
#3972 = CARTESIAN_POINT('',(1.141129784008E+03,393.48075468691,
    1.082391884281E+03));
#3973 = CARTESIAN_POINT('',(1.140741970829E+03,393.62153343032,
    1.082209839658E+03));
#3974 = CARTESIAN_POINT('',(1.140378939999E+03,393.77210663759,
    1.08201235986E+03));
#3975 = CARTESIAN_POINT('',(1.139608719559E+03,394.1295316525,
    1.081535782543E+03));
#3976 = CARTESIAN_POINT('',(1.139213260583E+03,394.34220292924,
    1.081246856428E+03));
#3977 = CARTESIAN_POINT('',(1.13885171417E+03,394.56214669352,
    1.080940810913E+03));
#3978 = CARTESIAN_POINT('',(1.13852137902E+03,394.78555993775,
    1.080620592583E+03));
#3979 = CARTESIAN_POINT('',(1.138219668215E+03,395.0095095957,
    1.080287758891E+03));
#3980 = CARTESIAN_POINT('',(1.137944406498E+03,395.23151374855,
    1.079942698337E+03));
#3981 = CARTESIAN_POINT('',(1.137466944784E+03,395.64604543283,
    1.079259959399E+03));
#3982 = CARTESIAN_POINT('',(1.13726065878E+03,395.83912282795,
    1.078925009466E+03));
#3983 = CARTESIAN_POINT('',(1.137074396243E+03,396.02570817914,
    1.078580037583E+03));
#3984 = CARTESIAN_POINT('',(1.136907881162E+03,396.20307197068,
    1.078225006916E+03));
#3985 = CARTESIAN_POINT('',(1.136761264967E+03,396.36789980239,
    1.077859843919E+03));
#3986 = CARTESIAN_POINT('',(1.136635014564E+03,396.51623050968,
    1.077484384959E+03));
#3987 = CARTESIAN_POINT('',(1.136452300475E+03,396.7381437423,
    1.076812114888E+03));
#3988 = CARTESIAN_POINT('',(1.136385943969E+03,396.82148200087,
    1.076519101289E+03));
#3989 = CARTESIAN_POINT('',(1.136332067843E+03,396.89113310691,
    1.076220941767E+03));
#3990 = CARTESIAN_POINT('',(1.136291247832E+03,396.9450021734,
    1.07591900658E+03));
#3991 = CARTESIAN_POINT('',(1.136263812805E+03,396.98158324038,
    1.075614338559E+03));
#3992 = CARTESIAN_POINT('',(1.13625E+03,397.,1.075307762601E+03));
#3993 = CARTESIAN_POINT('',(1.13625E+03,397.,1.074803633093E+03));
#3994 = CARTESIAN_POINT('',(1.136255623322E+03,396.99250225112,
    1.074607422845E+03));
#3995 = CARTESIAN_POINT('',(1.136266853848E+03,396.9775281734,
    1.07441168684E+03));
#3996 = CARTESIAN_POINT('',(1.136283645708E+03,396.95523130088,
    1.074216752276E+03));
#3997 = CARTESIAN_POINT('',(1.136305920603E+03,396.92589891908,
    1.074022975099E+03));
#3998 = CARTESIAN_POINT('',(1.136333553751E+03,396.88994923156,
    1.073830758997E+03));
#3999 = CARTESIAN_POINT('',(1.136384376296E+03,396.82482207079,
    1.073536026289E+03));
#4000 = CARTESIAN_POINT('',(1.136403972132E+03,396.79987359968,
    1.073432044465E+03));
#4001 = CARTESIAN_POINT('',(1.136425116427E+03,396.77315208603,
    1.073328646519E+03));
#4002 = CARTESIAN_POINT('',(1.136447789273E+03,396.74473516342,
    1.073225853928E+03));
#4003 = CARTESIAN_POINT('',(1.1364719697E+03,396.71470433745,
    1.073123691892E+03));
#4004 = CARTESIAN_POINT('',(1.136497634974E+03,396.68314466803,
    1.07302218934E+03));
#4005 = CARTESIAN_POINT('',(1.136628061137E+03,396.52446807833,
    1.072537457685E+03));
#4006 = CARTESIAN_POINT('',(1.13675238384E+03,396.37807949039,
    1.07216412732E+03));
#4007 = CARTESIAN_POINT('',(1.13689681751E+03,396.21524478696,
    1.071800946525E+03));
#4008 = CARTESIAN_POINT('',(1.13706089201E+03,396.03986242744,
    1.071447756843E+03));
#4009 = CARTESIAN_POINT('',(1.137244440836E+03,395.85520858473,
    1.071104491758E+03));
#4010 = CARTESIAN_POINT('',(1.137447705549E+03,395.66398898041,
    1.07077112089E+03));
#4011 = CARTESIAN_POINT('',(1.137919296891E+03,395.25206601629,
    1.070089614093E+03));
#4012 = CARTESIAN_POINT('',(1.138191940504E+03,395.0306923128,
    1.069744225528E+03));
#4013 = CARTESIAN_POINT('',(1.138490839098E+03,394.80718035936,
    1.069410969465E+03));
#4014 = CARTESIAN_POINT('',(1.13881810293E+03,394.58401586772,
    1.069090216083E+03));
#4015 = CARTESIAN_POINT('',(1.139176255346E+03,394.36410152748,
    1.068783469498E+03));
#4016 = CARTESIAN_POINT('',(1.139567945041E+03,394.15117380768,
    1.06849358528E+03));
#4017 = CARTESIAN_POINT('',(1.140278808511E+03,393.816997648,
    1.068047199937E+03));
#4018 = CARTESIAN_POINT('',(1.140578699085E+03,393.68863945233,
    1.067878134955E+03));
#4019 = CARTESIAN_POINT('',(1.140895705284E+03,393.56676097443,
    1.067719546537E+03));
#4020 = CARTESIAN_POINT('',(1.141230100192E+03,393.45325583714,
    1.067573363151E+03));
#4021 = CARTESIAN_POINT('',(1.141582009847E+03,393.35019103109,
    1.067441725554E+03));
#4022 = CARTESIAN_POINT('',(1.141951368891E+03,393.25980748916,
    1.06732701282E+03));
#4023 = CARTESIAN_POINT('',(1.142595258596E+03,393.13437321098,
    1.067168519183E+03));
#4024 = CARTESIAN_POINT('',(1.142860221734E+03,393.09092938438,
    1.067113850602E+03));
#4025 = CARTESIAN_POINT('',(1.143131403565E+03,393.05513823208,
    1.067068960821E+03));
#4026 = CARTESIAN_POINT('',(1.143407406589E+03,393.02774408478,
    1.067034680127E+03));
#4027 = CARTESIAN_POINT('',(1.143686804672E+03,393.00926776455,
    1.067011584697E+03));
#4028 = CARTESIAN_POINT('',(1.143968153196E+03,393.,1.067E+03));
#4029 = CARTESIAN_POINT('',(1.14425E+03,393.,1.067E+03));
#4030 = FACE_BOUND('',#4031,.T.);
#4031 = EDGE_LOOP('',(#4032));
#4032 = ORIENTED_EDGE('',*,*,#3598,.T.);
#4033 = CYLINDRICAL_SURFACE('',#4034,10.);
#4034 = AXIS2_PLACEMENT_3D('',#4035,#4036,#4037);
#4035 = CARTESIAN_POINT('',(1.14425E+03,403.,1.065E+03));
#4036 = DIRECTION('',(0.,0.,1.));
#4037 = DIRECTION('',(1.,0.,0.));
#4038 = ADVANCED_FACE('',(#4039),#4042,.F.);
#4039 = FACE_BOUND('',#4040,.T.);
#4040 = EDGE_LOOP('',(#4041));
#4041 = ORIENTED_EDGE('',*,*,#3756,.F.);
#4042 = PLANE('',#4043);
#4043 = AXIS2_PLACEMENT_3D('',#4044,#4045,#4046);
#4044 = CARTESIAN_POINT('',(1.14425E+03,403.,1.065E+03));
#4045 = DIRECTION('',(0.,0.,1.));
#4046 = DIRECTION('',(1.,0.,0.));
#4047 = ADVANCED_FACE('',(#4048),#4051,.T.);
#4048 = FACE_BOUND('',#4049,.T.);
#4049 = EDGE_LOOP('',(#4050));
#4050 = ORIENTED_EDGE('',*,*,#3748,.T.);
#4051 = PLANE('',#4052);
#4052 = AXIS2_PLACEMENT_3D('',#4053,#4054,#4055);
#4053 = CARTESIAN_POINT('',(1.14425E+03,403.,1.095E+03));
#4054 = DIRECTION('',(0.,0.,1.));
#4055 = DIRECTION('',(1.,0.,0.));
#4056 = ADVANCED_FACE('',(#4057),#4067,.T.);
#4057 = FACE_BOUND('',#4058,.T.);
#4058 = EDGE_LOOP('',(#4059,#4066));
#4059 = ORIENTED_EDGE('',*,*,#4060,.F.);
#4060 = EDGE_CURVE('',#3766,#3768,#4061,.T.);
#4061 = CIRCLE('',#4062,8.);
#4062 = AXIS2_PLACEMENT_3D('',#4063,#4064,#4065);
#4063 = CARTESIAN_POINT('',(1.14425E+03,393.,1.075E+03));
#4064 = DIRECTION('',(0.,-1.,0.));
#4065 = DIRECTION('',(0.,0.,-1.));
#4066 = ORIENTED_EDGE('',*,*,#3765,.T.);
#4067 = CYLINDRICAL_SURFACE('',#4068,8.);
#4068 = AXIS2_PLACEMENT_3D('',#4069,#4070,#4071);
#4069 = CARTESIAN_POINT('',(1.14425E+03,523.,1.075E+03));
#4070 = DIRECTION('',(0.,-1.,0.));
#4071 = DIRECTION('',(0.,0.,-1.));
#4072 = ADVANCED_FACE('',(#4073),#4083,.T.);
#4073 = FACE_BOUND('',#4074,.T.);
#4074 = EDGE_LOOP('',(#4075,#4076));
#4075 = ORIENTED_EDGE('',*,*,#3900,.T.);
#4076 = ORIENTED_EDGE('',*,*,#4077,.F.);
#4077 = EDGE_CURVE('',#3768,#3766,#4078,.T.);
#4078 = CIRCLE('',#4079,8.);
#4079 = AXIS2_PLACEMENT_3D('',#4080,#4081,#4082);
#4080 = CARTESIAN_POINT('',(1.14425E+03,393.,1.075E+03));
#4081 = DIRECTION('',(0.,-1.,0.));
#4082 = DIRECTION('',(0.,0.,-1.));
#4083 = CYLINDRICAL_SURFACE('',#4084,8.);
#4084 = AXIS2_PLACEMENT_3D('',#4085,#4086,#4087);
#4085 = CARTESIAN_POINT('',(1.14425E+03,523.,1.075E+03));
#4086 = DIRECTION('',(0.,-1.,0.));
#4087 = DIRECTION('',(0.,0.,-1.));
#4088 = ADVANCED_FACE('',(#4089),#4098,.T.);
#4089 = FACE_BOUND('',#4090,.T.);
#4090 = EDGE_LOOP('',(#4091,#4097));
#4091 = ORIENTED_EDGE('',*,*,#4092,.F.);
#4092 = EDGE_CURVE('',#3766,#3768,#4093,.T.);
#4093 = LINE('',#4094,#4095);
#4094 = CARTESIAN_POINT('',(1.14425E+03,393.,1.065E+03));
#4095 = VECTOR('',#4096,1.);
#4096 = DIRECTION('',(0.,0.,1.));
#4097 = ORIENTED_EDGE('',*,*,#4060,.T.);
#4098 = PLANE('',#4099);
#4099 = AXIS2_PLACEMENT_3D('',#4100,#4101,#4102);
#4100 = CARTESIAN_POINT('',(1.14425E+03,393.,1.075E+03));
#4101 = DIRECTION('',(0.,-1.,0.));
#4102 = DIRECTION('',(0.,0.,-1.));
#4103 = ADVANCED_FACE('',(#4104),#4108,.T.);
#4104 = FACE_BOUND('',#4105,.T.);
#4105 = EDGE_LOOP('',(#4106,#4107));
#4106 = ORIENTED_EDGE('',*,*,#4077,.T.);
#4107 = ORIENTED_EDGE('',*,*,#4092,.T.);
#4108 = PLANE('',#4109);
#4109 = AXIS2_PLACEMENT_3D('',#4110,#4111,#4112);
#4110 = CARTESIAN_POINT('',(1.14425E+03,393.,1.075E+03));
#4111 = DIRECTION('',(0.,-1.,0.));
#4112 = DIRECTION('',(0.,0.,-1.));
#4113 = MANIFOLD_SOLID_BREP('',#4114);
#4114 = CLOSED_SHELL('',(#4115,#4155,#4186,#4210,#4282,#4333,#4384,#4424
    ,#4448,#4511,#4535,#4568,#4599,#4655,#4711,#4728,#4745,#4762,#4779,
    #4791,#4808,#4820,#4889,#4945,#4976,#5032,#5065,#5107,#5149,#5173,
    #5197,#5221,#5238,#5263,#5307,#5331,#5364,#5388,#5419,#5443,#5460,
    #5472,#5484,#5501,#5521,#5538,#5550,#5575));
#4115 = ADVANCED_FACE('',(#4116),#4150,.F.);
#4116 = FACE_BOUND('',#4117,.F.);
#4117 = EDGE_LOOP('',(#4118,#4128,#4136,#4144));
#4118 = ORIENTED_EDGE('',*,*,#4119,.F.);
#4119 = EDGE_CURVE('',#4120,#4122,#4124,.T.);
#4120 = VERTEX_POINT('',#4121);
#4121 = CARTESIAN_POINT('',(895.75,120.,698.));
#4122 = VERTEX_POINT('',#4123);
#4123 = CARTESIAN_POINT('',(895.75,120.,898.));
#4124 = LINE('',#4125,#4126);
#4125 = CARTESIAN_POINT('',(895.75,120.,698.));
#4126 = VECTOR('',#4127,1.);
#4127 = DIRECTION('',(0.,0.,1.));
#4128 = ORIENTED_EDGE('',*,*,#4129,.T.);
#4129 = EDGE_CURVE('',#4120,#4130,#4132,.T.);
#4130 = VERTEX_POINT('',#4131);
#4131 = CARTESIAN_POINT('',(895.75,480.,698.));
#4132 = LINE('',#4133,#4134);
#4133 = CARTESIAN_POINT('',(895.75,120.,698.));
#4134 = VECTOR('',#4135,1.);
#4135 = DIRECTION('',(0.,1.,0.));
#4136 = ORIENTED_EDGE('',*,*,#4137,.T.);
#4137 = EDGE_CURVE('',#4130,#4138,#4140,.T.);
#4138 = VERTEX_POINT('',#4139);
#4139 = CARTESIAN_POINT('',(895.75,480.,898.));
#4140 = LINE('',#4141,#4142);
#4141 = CARTESIAN_POINT('',(895.75,480.,698.));
#4142 = VECTOR('',#4143,1.);
#4143 = DIRECTION('',(0.,0.,1.));
#4144 = ORIENTED_EDGE('',*,*,#4145,.F.);
#4145 = EDGE_CURVE('',#4122,#4138,#4146,.T.);
#4146 = LINE('',#4147,#4148);
#4147 = CARTESIAN_POINT('',(895.75,120.,898.));
#4148 = VECTOR('',#4149,1.);
#4149 = DIRECTION('',(0.,1.,0.));
#4150 = PLANE('',#4151);
#4151 = AXIS2_PLACEMENT_3D('',#4152,#4153,#4154);
#4152 = CARTESIAN_POINT('',(895.75,120.,698.));
#4153 = DIRECTION('',(1.,0.,0.));
#4154 = DIRECTION('',(0.,0.,1.));
#4155 = ADVANCED_FACE('',(#4156),#4181,.F.);
#4156 = FACE_BOUND('',#4157,.F.);
#4157 = EDGE_LOOP('',(#4158,#4166,#4167,#4175));
#4158 = ORIENTED_EDGE('',*,*,#4159,.F.);
#4159 = EDGE_CURVE('',#4120,#4160,#4162,.T.);
#4160 = VERTEX_POINT('',#4161);
#4161 = CARTESIAN_POINT('',(1.39575E+03,120.,698.));
#4162 = LINE('',#4163,#4164);
#4163 = CARTESIAN_POINT('',(895.75,120.,698.));
#4164 = VECTOR('',#4165,1.);
#4165 = DIRECTION('',(1.,0.,0.));
#4166 = ORIENTED_EDGE('',*,*,#4119,.T.);
#4167 = ORIENTED_EDGE('',*,*,#4168,.T.);
#4168 = EDGE_CURVE('',#4122,#4169,#4171,.T.);
#4169 = VERTEX_POINT('',#4170);
#4170 = CARTESIAN_POINT('',(1.39575E+03,120.,898.));
#4171 = LINE('',#4172,#4173);
#4172 = CARTESIAN_POINT('',(895.75,120.,898.));
#4173 = VECTOR('',#4174,1.);
#4174 = DIRECTION('',(1.,0.,0.));
#4175 = ORIENTED_EDGE('',*,*,#4176,.F.);
#4176 = EDGE_CURVE('',#4160,#4169,#4177,.T.);
#4177 = LINE('',#4178,#4179);
#4178 = CARTESIAN_POINT('',(1.39575E+03,120.,698.));
#4179 = VECTOR('',#4180,1.);
#4180 = DIRECTION('',(0.,0.,1.));
#4181 = PLANE('',#4182);
#4182 = AXIS2_PLACEMENT_3D('',#4183,#4184,#4185);
#4183 = CARTESIAN_POINT('',(895.75,120.,698.));
#4184 = DIRECTION('',(0.,1.,0.));
#4185 = DIRECTION('',(0.,0.,1.));
#4186 = ADVANCED_FACE('',(#4187),#4205,.T.);
#4187 = FACE_BOUND('',#4188,.T.);
#4188 = EDGE_LOOP('',(#4189,#4190,#4191,#4199));
#4189 = ORIENTED_EDGE('',*,*,#4145,.F.);
#4190 = ORIENTED_EDGE('',*,*,#4168,.T.);
#4191 = ORIENTED_EDGE('',*,*,#4192,.T.);
#4192 = EDGE_CURVE('',#4169,#4193,#4195,.T.);
#4193 = VERTEX_POINT('',#4194);
#4194 = CARTESIAN_POINT('',(1.39575E+03,480.,898.));
#4195 = LINE('',#4196,#4197);
#4196 = CARTESIAN_POINT('',(1.39575E+03,120.,898.));
#4197 = VECTOR('',#4198,1.);
#4198 = DIRECTION('',(0.,1.,0.));
#4199 = ORIENTED_EDGE('',*,*,#4200,.F.);
#4200 = EDGE_CURVE('',#4138,#4193,#4201,.T.);
#4201 = LINE('',#4202,#4203);
#4202 = CARTESIAN_POINT('',(895.75,480.,898.));
#4203 = VECTOR('',#4204,1.);
#4204 = DIRECTION('',(1.,0.,0.));
#4205 = PLANE('',#4206);
#4206 = AXIS2_PLACEMENT_3D('',#4207,#4208,#4209);
#4207 = CARTESIAN_POINT('',(895.75,120.,898.));
#4208 = DIRECTION('',(0.,0.,1.));
#4209 = DIRECTION('',(1.,0.,0.));
#4210 = ADVANCED_FACE('',(#4211),#4277,.T.);
#4211 = FACE_BOUND('',#4212,.T.);
#4212 = EDGE_LOOP('',(#4213,#4223,#4229,#4230,#4231,#4239,#4247,#4255,
    #4263,#4271));
#4213 = ORIENTED_EDGE('',*,*,#4214,.F.);
#4214 = EDGE_CURVE('',#4215,#4217,#4219,.T.);
#4215 = VERTEX_POINT('',#4216);
#4216 = CARTESIAN_POINT('',(1.39575E+03,480.,698.));
#4217 = VERTEX_POINT('',#4218);
#4218 = CARTESIAN_POINT('',(1.39575E+03,480.,884.));
#4219 = LINE('',#4220,#4221);
#4220 = CARTESIAN_POINT('',(1.39575E+03,480.,698.));
#4221 = VECTOR('',#4222,1.);
#4222 = DIRECTION('',(0.,0.,1.));
#4223 = ORIENTED_EDGE('',*,*,#4224,.F.);
#4224 = EDGE_CURVE('',#4130,#4215,#4225,.T.);
#4225 = LINE('',#4226,#4227);
#4226 = CARTESIAN_POINT('',(895.75,480.,698.));
#4227 = VECTOR('',#4228,1.);
#4228 = DIRECTION('',(1.,0.,0.));
#4229 = ORIENTED_EDGE('',*,*,#4137,.T.);
#4230 = ORIENTED_EDGE('',*,*,#4200,.T.);
#4231 = ORIENTED_EDGE('',*,*,#4232,.F.);
#4232 = EDGE_CURVE('',#4233,#4193,#4235,.T.);
#4233 = VERTEX_POINT('',#4234);
#4234 = CARTESIAN_POINT('',(1.39575E+03,480.,896.));
#4235 = LINE('',#4236,#4237);
#4236 = CARTESIAN_POINT('',(1.39575E+03,480.,698.));
#4237 = VECTOR('',#4238,1.);
#4238 = DIRECTION('',(0.,0.,1.));
#4239 = ORIENTED_EDGE('',*,*,#4240,.F.);
#4240 = EDGE_CURVE('',#4241,#4233,#4243,.T.);
#4241 = VERTEX_POINT('',#4242);
#4242 = CARTESIAN_POINT('',(1.22075E+03,480.,896.));
#4243 = LINE('',#4244,#4245);
#4244 = CARTESIAN_POINT('',(1.05825E+03,480.,896.));
#4245 = VECTOR('',#4246,1.);
#4246 = DIRECTION('',(1.,0.,0.));
#4247 = ORIENTED_EDGE('',*,*,#4248,.T.);
#4248 = EDGE_CURVE('',#4241,#4249,#4251,.T.);
#4249 = VERTEX_POINT('',#4250);
#4250 = CARTESIAN_POINT('',(1.22075E+03,480.,801.));
#4251 = LINE('',#4252,#4253);
#4252 = CARTESIAN_POINT('',(1.22075E+03,480.,749.5));
#4253 = VECTOR('',#4254,1.);
#4254 = DIRECTION('',(0.,0.,-1.));
#4255 = ORIENTED_EDGE('',*,*,#4256,.T.);
#4256 = EDGE_CURVE('',#4249,#4257,#4259,.T.);
#4257 = VERTEX_POINT('',#4258);
#4258 = CARTESIAN_POINT('',(1.22875E+03,480.,801.));
#4259 = LINE('',#4260,#4261);
#4260 = CARTESIAN_POINT('',(1.05825E+03,480.,801.));
#4261 = VECTOR('',#4262,1.);
#4262 = DIRECTION('',(1.,0.,0.));
#4263 = ORIENTED_EDGE('',*,*,#4264,.F.);
#4264 = EDGE_CURVE('',#4265,#4257,#4267,.T.);
#4265 = VERTEX_POINT('',#4266);
#4266 = CARTESIAN_POINT('',(1.22875E+03,480.,884.));
#4267 = LINE('',#4268,#4269);
#4268 = CARTESIAN_POINT('',(1.22875E+03,480.,747.5));
#4269 = VECTOR('',#4270,1.);
#4270 = DIRECTION('',(0.,0.,-1.));
#4271 = ORIENTED_EDGE('',*,*,#4272,.T.);
#4272 = EDGE_CURVE('',#4265,#4217,#4273,.T.);
#4273 = LINE('',#4274,#4275);
#4274 = CARTESIAN_POINT('',(1.06225E+03,480.,884.));
#4275 = VECTOR('',#4276,1.);
#4276 = DIRECTION('',(1.,0.,0.));
#4277 = PLANE('',#4278);
#4278 = AXIS2_PLACEMENT_3D('',#4279,#4280,#4281);
#4279 = CARTESIAN_POINT('',(895.75,480.,698.));
#4280 = DIRECTION('',(0.,1.,0.));
#4281 = DIRECTION('',(0.,0.,1.));
#4282 = ADVANCED_FACE('',(#4283,#4294),#4328,.F.);
#4283 = FACE_BOUND('',#4284,.F.);
#4284 = EDGE_LOOP('',(#4285,#4286,#4287,#4293));
#4285 = ORIENTED_EDGE('',*,*,#4129,.F.);
#4286 = ORIENTED_EDGE('',*,*,#4159,.T.);
#4287 = ORIENTED_EDGE('',*,*,#4288,.T.);
#4288 = EDGE_CURVE('',#4160,#4215,#4289,.T.);
#4289 = LINE('',#4290,#4291);
#4290 = CARTESIAN_POINT('',(1.39575E+03,120.,698.));
#4291 = VECTOR('',#4292,1.);
#4292 = DIRECTION('',(0.,1.,0.));
#4293 = ORIENTED_EDGE('',*,*,#4224,.F.);
#4294 = FACE_BOUND('',#4295,.F.);
#4295 = EDGE_LOOP('',(#4296,#4306,#4314,#4322));
#4296 = ORIENTED_EDGE('',*,*,#4297,.T.);
#4297 = EDGE_CURVE('',#4298,#4300,#4302,.T.);
#4298 = VERTEX_POINT('',#4299);
#4299 = CARTESIAN_POINT('',(1.38575E+03,130.,698.));
#4300 = VERTEX_POINT('',#4301);
#4301 = CARTESIAN_POINT('',(905.75,130.,698.));
#4302 = LINE('',#4303,#4304);
#4303 = CARTESIAN_POINT('',(900.75,130.,698.));
#4304 = VECTOR('',#4305,1.);
#4305 = DIRECTION('',(-1.,0.,0.));
#4306 = ORIENTED_EDGE('',*,*,#4307,.T.);
#4307 = EDGE_CURVE('',#4300,#4308,#4310,.T.);
#4308 = VERTEX_POINT('',#4309);
#4309 = CARTESIAN_POINT('',(905.75,470.,698.));
#4310 = LINE('',#4311,#4312);
#4311 = CARTESIAN_POINT('',(905.75,125.,698.));
#4312 = VECTOR('',#4313,1.);
#4313 = DIRECTION('',(0.,1.,0.));
#4314 = ORIENTED_EDGE('',*,*,#4315,.F.);
#4315 = EDGE_CURVE('',#4316,#4308,#4318,.T.);
#4316 = VERTEX_POINT('',#4317);
#4317 = CARTESIAN_POINT('',(1.38575E+03,470.,698.));
#4318 = LINE('',#4319,#4320);
#4319 = CARTESIAN_POINT('',(900.75,470.,698.));
#4320 = VECTOR('',#4321,1.);
#4321 = DIRECTION('',(-1.,0.,0.));
#4322 = ORIENTED_EDGE('',*,*,#4323,.F.);
#4323 = EDGE_CURVE('',#4298,#4316,#4324,.T.);
#4324 = LINE('',#4325,#4326);
#4325 = CARTESIAN_POINT('',(1.38575E+03,125.,698.));
#4326 = VECTOR('',#4327,1.);
#4327 = DIRECTION('',(0.,1.,0.));
#4328 = PLANE('',#4329);
#4329 = AXIS2_PLACEMENT_3D('',#4330,#4331,#4332);
#4330 = CARTESIAN_POINT('',(895.75,120.,698.));
#4331 = DIRECTION('',(0.,0.,1.));
#4332 = DIRECTION('',(1.,0.,0.));
#4333 = ADVANCED_FACE('',(#4334),#4379,.T.);
#4334 = FACE_BOUND('',#4335,.T.);
#4335 = EDGE_LOOP('',(#4336,#4337,#4338,#4339,#4340,#4348,#4356,#4364,
    #4372,#4378));
#4336 = ORIENTED_EDGE('',*,*,#4192,.F.);
#4337 = ORIENTED_EDGE('',*,*,#4176,.F.);
#4338 = ORIENTED_EDGE('',*,*,#4288,.T.);
#4339 = ORIENTED_EDGE('',*,*,#4214,.T.);
#4340 = ORIENTED_EDGE('',*,*,#4341,.T.);
#4341 = EDGE_CURVE('',#4217,#4342,#4344,.T.);
#4342 = VERTEX_POINT('',#4343);
#4343 = CARTESIAN_POINT('',(1.39575E+03,373.,884.));
#4344 = LINE('',#4345,#4346);
#4345 = CARTESIAN_POINT('',(1.39575E+03,246.5,884.));
#4346 = VECTOR('',#4347,1.);
#4347 = DIRECTION('',(0.,-1.,0.));
#4348 = ORIENTED_EDGE('',*,*,#4349,.F.);
#4349 = EDGE_CURVE('',#4350,#4342,#4352,.T.);
#4350 = VERTEX_POINT('',#4351);
#4351 = CARTESIAN_POINT('',(1.39575E+03,373.,801.));
#4352 = LINE('',#4353,#4354);
#4353 = CARTESIAN_POINT('',(1.39575E+03,373.,747.5));
#4354 = VECTOR('',#4355,1.);
#4355 = DIRECTION('',(0.,0.,1.));
#4356 = ORIENTED_EDGE('',*,*,#4357,.T.);
#4357 = EDGE_CURVE('',#4350,#4358,#4360,.T.);
#4358 = VERTEX_POINT('',#4359);
#4359 = CARTESIAN_POINT('',(1.39575E+03,365.,801.));
#4360 = LINE('',#4361,#4362);
#4361 = CARTESIAN_POINT('',(1.39575E+03,242.5,801.));
#4362 = VECTOR('',#4363,1.);
#4363 = DIRECTION('',(0.,-1.,0.));
#4364 = ORIENTED_EDGE('',*,*,#4365,.T.);
#4365 = EDGE_CURVE('',#4358,#4366,#4368,.T.);
#4366 = VERTEX_POINT('',#4367);
#4367 = CARTESIAN_POINT('',(1.39575E+03,365.,896.));
#4368 = LINE('',#4369,#4370);
#4369 = CARTESIAN_POINT('',(1.39575E+03,365.,749.5));
#4370 = VECTOR('',#4371,1.);
#4371 = DIRECTION('',(0.,0.,1.));
#4372 = ORIENTED_EDGE('',*,*,#4373,.F.);
#4373 = EDGE_CURVE('',#4233,#4366,#4374,.T.);
#4374 = LINE('',#4375,#4376);
#4375 = CARTESIAN_POINT('',(1.39575E+03,242.5,896.));
#4376 = VECTOR('',#4377,1.);
#4377 = DIRECTION('',(0.,-1.,0.));
#4378 = ORIENTED_EDGE('',*,*,#4232,.T.);
#4379 = PLANE('',#4380);
#4380 = AXIS2_PLACEMENT_3D('',#4381,#4382,#4383);
#4381 = CARTESIAN_POINT('',(1.39575E+03,120.,698.));
#4382 = DIRECTION('',(1.,0.,0.));
#4383 = DIRECTION('',(0.,0.,1.));
#4384 = ADVANCED_FACE('',(#4385),#4419,.F.);
#4385 = FACE_BOUND('',#4386,.F.);
#4386 = EDGE_LOOP('',(#4387,#4395,#4396,#4397,#4405,#4413));
#4387 = ORIENTED_EDGE('',*,*,#4388,.F.);
#4388 = EDGE_CURVE('',#4265,#4389,#4391,.T.);
#4389 = VERTEX_POINT('',#4390);
#4390 = CARTESIAN_POINT('',(1.22875E+03,482.,884.));
#4391 = LINE('',#4392,#4393);
#4392 = CARTESIAN_POINT('',(1.22875E+03,373.,884.));
#4393 = VECTOR('',#4394,1.);
#4394 = DIRECTION('',(0.,1.,0.));
#4395 = ORIENTED_EDGE('',*,*,#4272,.T.);
#4396 = ORIENTED_EDGE('',*,*,#4341,.T.);
#4397 = ORIENTED_EDGE('',*,*,#4398,.T.);
#4398 = EDGE_CURVE('',#4342,#4399,#4401,.T.);
#4399 = VERTEX_POINT('',#4400);
#4400 = CARTESIAN_POINT('',(1.39775E+03,373.,884.));
#4401 = LINE('',#4402,#4403);
#4402 = CARTESIAN_POINT('',(1.22875E+03,373.,884.));
#4403 = VECTOR('',#4404,1.);
#4404 = DIRECTION('',(1.,0.,0.));
#4405 = ORIENTED_EDGE('',*,*,#4406,.T.);
#4406 = EDGE_CURVE('',#4399,#4407,#4409,.T.);
#4407 = VERTEX_POINT('',#4408);
#4408 = CARTESIAN_POINT('',(1.39775E+03,482.,884.));
#4409 = LINE('',#4410,#4411);
#4410 = CARTESIAN_POINT('',(1.39775E+03,373.,884.));
#4411 = VECTOR('',#4412,1.);
#4412 = DIRECTION('',(0.,1.,0.));
#4413 = ORIENTED_EDGE('',*,*,#4414,.F.);
#4414 = EDGE_CURVE('',#4389,#4407,#4415,.T.);
#4415 = LINE('',#4416,#4417);
#4416 = CARTESIAN_POINT('',(1.22875E+03,482.,884.));
#4417 = VECTOR('',#4418,1.);
#4418 = DIRECTION('',(1.,0.,0.));
#4419 = PLANE('',#4420);
#4420 = AXIS2_PLACEMENT_3D('',#4421,#4422,#4423);
#4421 = CARTESIAN_POINT('',(1.22875E+03,373.,884.));
#4422 = DIRECTION('',(0.,0.,1.));
#4423 = DIRECTION('',(1.,0.,0.));
#4424 = ADVANCED_FACE('',(#4425),#4443,.T.);
#4425 = FACE_BOUND('',#4426,.T.);
#4426 = EDGE_LOOP('',(#4427,#4428,#4436,#4442));
#4427 = ORIENTED_EDGE('',*,*,#4264,.T.);
#4428 = ORIENTED_EDGE('',*,*,#4429,.T.);
#4429 = EDGE_CURVE('',#4257,#4430,#4432,.T.);
#4430 = VERTEX_POINT('',#4431);
#4431 = CARTESIAN_POINT('',(1.22875E+03,482.,801.));
#4432 = LINE('',#4433,#4434);
#4433 = CARTESIAN_POINT('',(1.22875E+03,369.,801.));
#4434 = VECTOR('',#4435,1.);
#4435 = DIRECTION('',(0.,1.,0.));
#4436 = ORIENTED_EDGE('',*,*,#4437,.T.);
#4437 = EDGE_CURVE('',#4430,#4389,#4438,.T.);
#4438 = LINE('',#4439,#4440);
#4439 = CARTESIAN_POINT('',(1.22875E+03,482.,797.));
#4440 = VECTOR('',#4441,1.);
#4441 = DIRECTION('',(0.,0.,1.));
#4442 = ORIENTED_EDGE('',*,*,#4388,.F.);
#4443 = PLANE('',#4444);
#4444 = AXIS2_PLACEMENT_3D('',#4445,#4446,#4447);
#4445 = CARTESIAN_POINT('',(1.22875E+03,373.,797.));
#4446 = DIRECTION('',(1.,0.,0.));
#4447 = DIRECTION('',(0.,0.,1.));
#4448 = ADVANCED_FACE('',(#4449),#4506,.F.);
#4449 = FACE_BOUND('',#4450,.F.);
#4450 = EDGE_LOOP('',(#4451,#4459,#4460,#4461,#4469,#4477,#4483,#4484,
    #4492,#4500));
#4451 = ORIENTED_EDGE('',*,*,#4452,.F.);
#4452 = EDGE_CURVE('',#4249,#4453,#4455,.T.);
#4453 = VERTEX_POINT('',#4454);
#4454 = CARTESIAN_POINT('',(1.22075E+03,490.,801.));
#4455 = LINE('',#4456,#4457);
#4456 = CARTESIAN_POINT('',(1.22075E+03,365.,801.));
#4457 = VECTOR('',#4458,1.);
#4458 = DIRECTION('',(0.,1.,0.));
#4459 = ORIENTED_EDGE('',*,*,#4256,.T.);
#4460 = ORIENTED_EDGE('',*,*,#4429,.T.);
#4461 = ORIENTED_EDGE('',*,*,#4462,.F.);
#4462 = EDGE_CURVE('',#4463,#4430,#4465,.T.);
#4463 = VERTEX_POINT('',#4464);
#4464 = CARTESIAN_POINT('',(1.39775E+03,482.,801.));
#4465 = LINE('',#4466,#4467);
#4466 = CARTESIAN_POINT('',(1.22475E+03,482.,801.));
#4467 = VECTOR('',#4468,1.);
#4468 = DIRECTION('',(-1.,0.,0.));
#4469 = ORIENTED_EDGE('',*,*,#4470,.F.);
#4470 = EDGE_CURVE('',#4471,#4463,#4473,.T.);
#4471 = VERTEX_POINT('',#4472);
#4472 = CARTESIAN_POINT('',(1.39775E+03,373.,801.));
#4473 = LINE('',#4474,#4475);
#4474 = CARTESIAN_POINT('',(1.39775E+03,369.,801.));
#4475 = VECTOR('',#4476,1.);
#4476 = DIRECTION('',(0.,1.,0.));
#4477 = ORIENTED_EDGE('',*,*,#4478,.T.);
#4478 = EDGE_CURVE('',#4471,#4350,#4479,.T.);
#4479 = LINE('',#4480,#4481);
#4480 = CARTESIAN_POINT('',(1.22475E+03,373.,801.));
#4481 = VECTOR('',#4482,1.);
#4482 = DIRECTION('',(-1.,0.,0.));
#4483 = ORIENTED_EDGE('',*,*,#4357,.T.);
#4484 = ORIENTED_EDGE('',*,*,#4485,.T.);
#4485 = EDGE_CURVE('',#4358,#4486,#4488,.T.);
#4486 = VERTEX_POINT('',#4487);
#4487 = CARTESIAN_POINT('',(1.40575E+03,365.,801.));
#4488 = LINE('',#4489,#4490);
#4489 = CARTESIAN_POINT('',(1.22075E+03,365.,801.));
#4490 = VECTOR('',#4491,1.);
#4491 = DIRECTION('',(1.,0.,0.));
#4492 = ORIENTED_EDGE('',*,*,#4493,.T.);
#4493 = EDGE_CURVE('',#4486,#4494,#4496,.T.);
#4494 = VERTEX_POINT('',#4495);
#4495 = CARTESIAN_POINT('',(1.40575E+03,490.,801.));
#4496 = LINE('',#4497,#4498);
#4497 = CARTESIAN_POINT('',(1.40575E+03,365.,801.));
#4498 = VECTOR('',#4499,1.);
#4499 = DIRECTION('',(0.,1.,0.));
#4500 = ORIENTED_EDGE('',*,*,#4501,.F.);
#4501 = EDGE_CURVE('',#4453,#4494,#4502,.T.);
#4502 = LINE('',#4503,#4504);
#4503 = CARTESIAN_POINT('',(1.22075E+03,490.,801.));
#4504 = VECTOR('',#4505,1.);
#4505 = DIRECTION('',(1.,0.,0.));
#4506 = PLANE('',#4507);
#4507 = AXIS2_PLACEMENT_3D('',#4508,#4509,#4510);
#4508 = CARTESIAN_POINT('',(1.22075E+03,365.,801.));
#4509 = DIRECTION('',(0.,0.,1.));
#4510 = DIRECTION('',(1.,0.,0.));
#4511 = ADVANCED_FACE('',(#4512),#4530,.F.);
#4512 = FACE_BOUND('',#4513,.F.);
#4513 = EDGE_LOOP('',(#4514,#4515,#4516,#4524));
#4514 = ORIENTED_EDGE('',*,*,#4248,.T.);
#4515 = ORIENTED_EDGE('',*,*,#4452,.T.);
#4516 = ORIENTED_EDGE('',*,*,#4517,.T.);
#4517 = EDGE_CURVE('',#4453,#4518,#4520,.T.);
#4518 = VERTEX_POINT('',#4519);
#4519 = CARTESIAN_POINT('',(1.22075E+03,490.,896.));
#4520 = LINE('',#4521,#4522);
#4521 = CARTESIAN_POINT('',(1.22075E+03,490.,801.));
#4522 = VECTOR('',#4523,1.);
#4523 = DIRECTION('',(0.,0.,1.));
#4524 = ORIENTED_EDGE('',*,*,#4525,.F.);
#4525 = EDGE_CURVE('',#4241,#4518,#4526,.T.);
#4526 = LINE('',#4527,#4528);
#4527 = CARTESIAN_POINT('',(1.22075E+03,365.,896.));
#4528 = VECTOR('',#4529,1.);
#4529 = DIRECTION('',(0.,1.,0.));
#4530 = PLANE('',#4531);
#4531 = AXIS2_PLACEMENT_3D('',#4532,#4533,#4534);
#4532 = CARTESIAN_POINT('',(1.22075E+03,365.,801.));
#4533 = DIRECTION('',(1.,0.,0.));
#4534 = DIRECTION('',(0.,0.,1.));
#4535 = ADVANCED_FACE('',(#4536),#4563,.T.);
#4536 = FACE_BOUND('',#4537,.T.);
#4537 = EDGE_LOOP('',(#4538,#4539,#4540,#4541,#4549,#4557));
#4538 = ORIENTED_EDGE('',*,*,#4525,.F.);
#4539 = ORIENTED_EDGE('',*,*,#4240,.T.);
#4540 = ORIENTED_EDGE('',*,*,#4373,.T.);
#4541 = ORIENTED_EDGE('',*,*,#4542,.T.);
#4542 = EDGE_CURVE('',#4366,#4543,#4545,.T.);
#4543 = VERTEX_POINT('',#4544);
#4544 = CARTESIAN_POINT('',(1.40575E+03,365.,896.));
#4545 = LINE('',#4546,#4547);
#4546 = CARTESIAN_POINT('',(1.22075E+03,365.,896.));
#4547 = VECTOR('',#4548,1.);
#4548 = DIRECTION('',(1.,0.,0.));
#4549 = ORIENTED_EDGE('',*,*,#4550,.T.);
#4550 = EDGE_CURVE('',#4543,#4551,#4553,.T.);
#4551 = VERTEX_POINT('',#4552);
#4552 = CARTESIAN_POINT('',(1.40575E+03,490.,896.));
#4553 = LINE('',#4554,#4555);
#4554 = CARTESIAN_POINT('',(1.40575E+03,365.,896.));
#4555 = VECTOR('',#4556,1.);
#4556 = DIRECTION('',(0.,1.,0.));
#4557 = ORIENTED_EDGE('',*,*,#4558,.F.);
#4558 = EDGE_CURVE('',#4518,#4551,#4559,.T.);
#4559 = LINE('',#4560,#4561);
#4560 = CARTESIAN_POINT('',(1.22075E+03,490.,896.));
#4561 = VECTOR('',#4562,1.);
#4562 = DIRECTION('',(1.,0.,0.));
#4563 = PLANE('',#4564);
#4564 = AXIS2_PLACEMENT_3D('',#4565,#4566,#4567);
#4565 = CARTESIAN_POINT('',(1.22075E+03,365.,896.));
#4566 = DIRECTION('',(0.,0.,1.));
#4567 = DIRECTION('',(1.,0.,0.));
#4568 = ADVANCED_FACE('',(#4569),#4594,.T.);
#4569 = FACE_BOUND('',#4570,.T.);
#4570 = EDGE_LOOP('',(#4571,#4579,#4580,#4588));
#4571 = ORIENTED_EDGE('',*,*,#4572,.F.);
#4572 = EDGE_CURVE('',#4298,#4573,#4575,.T.);
#4573 = VERTEX_POINT('',#4574);
#4574 = CARTESIAN_POINT('',(1.38575E+03,130.,882.));
#4575 = LINE('',#4576,#4577);
#4576 = CARTESIAN_POINT('',(1.38575E+03,130.,692.));
#4577 = VECTOR('',#4578,1.);
#4578 = DIRECTION('',(0.,0.,1.));
#4579 = ORIENTED_EDGE('',*,*,#4297,.T.);
#4580 = ORIENTED_EDGE('',*,*,#4581,.T.);
#4581 = EDGE_CURVE('',#4300,#4582,#4584,.T.);
#4582 = VERTEX_POINT('',#4583);
#4583 = CARTESIAN_POINT('',(905.75,130.,882.));
#4584 = LINE('',#4585,#4586);
#4585 = CARTESIAN_POINT('',(905.75,130.,692.));
#4586 = VECTOR('',#4587,1.);
#4587 = DIRECTION('',(0.,0.,1.));
#4588 = ORIENTED_EDGE('',*,*,#4589,.T.);
#4589 = EDGE_CURVE('',#4582,#4573,#4590,.T.);
#4590 = LINE('',#4591,#4592);
#4591 = CARTESIAN_POINT('',(905.75,130.,882.));
#4592 = VECTOR('',#4593,1.);
#4593 = DIRECTION('',(1.,0.,0.));
#4594 = PLANE('',#4595);
#4595 = AXIS2_PLACEMENT_3D('',#4596,#4597,#4598);
#4596 = CARTESIAN_POINT('',(905.75,130.,692.));
#4597 = DIRECTION('',(0.,1.,0.));
#4598 = DIRECTION('',(0.,0.,1.));
#4599 = ADVANCED_FACE('',(#4600),#4650,.F.);
#4600 = FACE_BOUND('',#4601,.F.);
#4601 = EDGE_LOOP('',(#4602,#4603,#4604,#4612,#4620,#4628,#4636,#4644));
#4602 = ORIENTED_EDGE('',*,*,#4572,.F.);
#4603 = ORIENTED_EDGE('',*,*,#4323,.T.);
#4604 = ORIENTED_EDGE('',*,*,#4605,.T.);
#4605 = EDGE_CURVE('',#4316,#4606,#4608,.T.);
#4606 = VERTEX_POINT('',#4607);
#4607 = CARTESIAN_POINT('',(1.38575E+03,470.,882.));
#4608 = LINE('',#4609,#4610);
#4609 = CARTESIAN_POINT('',(1.38575E+03,470.,692.));
#4610 = VECTOR('',#4611,1.);
#4611 = DIRECTION('',(0.,0.,1.));
#4612 = ORIENTED_EDGE('',*,*,#4613,.F.);
#4613 = EDGE_CURVE('',#4614,#4606,#4616,.T.);
#4614 = VERTEX_POINT('',#4615);
#4615 = CARTESIAN_POINT('',(1.38575E+03,373.,882.));
#4616 = LINE('',#4617,#4618);
#4617 = CARTESIAN_POINT('',(1.38575E+03,130.,882.));
#4618 = VECTOR('',#4619,1.);
#4619 = DIRECTION('',(0.,1.,0.));
#4620 = ORIENTED_EDGE('',*,*,#4621,.F.);
#4621 = EDGE_CURVE('',#4622,#4614,#4624,.T.);
#4622 = VERTEX_POINT('',#4623);
#4623 = CARTESIAN_POINT('',(1.38575E+03,373.,801.));
#4624 = LINE('',#4625,#4626);
#4625 = CARTESIAN_POINT('',(1.38575E+03,373.,744.5));
#4626 = VECTOR('',#4627,1.);
#4627 = DIRECTION('',(0.,0.,1.));
#4628 = ORIENTED_EDGE('',*,*,#4629,.T.);
#4629 = EDGE_CURVE('',#4622,#4630,#4632,.T.);
#4630 = VERTEX_POINT('',#4631);
#4631 = CARTESIAN_POINT('',(1.38575E+03,365.,801.));
#4632 = LINE('',#4633,#4634);
#4633 = CARTESIAN_POINT('',(1.38575E+03,247.5,801.));
#4634 = VECTOR('',#4635,1.);
#4635 = DIRECTION('',(0.,-1.,0.));
#4636 = ORIENTED_EDGE('',*,*,#4637,.T.);
#4637 = EDGE_CURVE('',#4630,#4638,#4640,.T.);
#4638 = VERTEX_POINT('',#4639);
#4639 = CARTESIAN_POINT('',(1.38575E+03,365.,882.));
#4640 = LINE('',#4641,#4642);
#4641 = CARTESIAN_POINT('',(1.38575E+03,365.,746.5));
#4642 = VECTOR('',#4643,1.);
#4643 = DIRECTION('',(0.,0.,1.));
#4644 = ORIENTED_EDGE('',*,*,#4645,.F.);
#4645 = EDGE_CURVE('',#4573,#4638,#4646,.T.);
#4646 = LINE('',#4647,#4648);
#4647 = CARTESIAN_POINT('',(1.38575E+03,130.,882.));
#4648 = VECTOR('',#4649,1.);
#4649 = DIRECTION('',(0.,1.,0.));
#4650 = PLANE('',#4651);
#4651 = AXIS2_PLACEMENT_3D('',#4652,#4653,#4654);
#4652 = CARTESIAN_POINT('',(1.38575E+03,130.,692.));
#4653 = DIRECTION('',(1.,0.,0.));
#4654 = DIRECTION('',(0.,0.,1.));
#4655 = ADVANCED_FACE('',(#4656),#4706,.F.);
#4656 = FACE_BOUND('',#4657,.F.);
#4657 = EDGE_LOOP('',(#4658,#4659,#4660,#4668,#4676,#4684,#4692,#4700));
#4658 = ORIENTED_EDGE('',*,*,#4605,.F.);
#4659 = ORIENTED_EDGE('',*,*,#4315,.T.);
#4660 = ORIENTED_EDGE('',*,*,#4661,.T.);
#4661 = EDGE_CURVE('',#4308,#4662,#4664,.T.);
#4662 = VERTEX_POINT('',#4663);
#4663 = CARTESIAN_POINT('',(905.75,470.,882.));
#4664 = LINE('',#4665,#4666);
#4665 = CARTESIAN_POINT('',(905.75,470.,692.));
#4666 = VECTOR('',#4667,1.);
#4667 = DIRECTION('',(0.,0.,1.));
#4668 = ORIENTED_EDGE('',*,*,#4669,.T.);
#4669 = EDGE_CURVE('',#4662,#4670,#4672,.T.);
#4670 = VERTEX_POINT('',#4671);
#4671 = CARTESIAN_POINT('',(1.22075E+03,470.,882.));
#4672 = LINE('',#4673,#4674);
#4673 = CARTESIAN_POINT('',(905.75,470.,882.));
#4674 = VECTOR('',#4675,1.);
#4675 = DIRECTION('',(1.,0.,0.));
#4676 = ORIENTED_EDGE('',*,*,#4677,.T.);
#4677 = EDGE_CURVE('',#4670,#4678,#4680,.T.);
#4678 = VERTEX_POINT('',#4679);
#4679 = CARTESIAN_POINT('',(1.22075E+03,470.,801.));
#4680 = LINE('',#4681,#4682);
#4681 = CARTESIAN_POINT('',(1.22075E+03,470.,746.5));
#4682 = VECTOR('',#4683,1.);
#4683 = DIRECTION('',(0.,0.,-1.));
#4684 = ORIENTED_EDGE('',*,*,#4685,.T.);
#4685 = EDGE_CURVE('',#4678,#4686,#4688,.T.);
#4686 = VERTEX_POINT('',#4687);
#4687 = CARTESIAN_POINT('',(1.22875E+03,470.,801.));
#4688 = LINE('',#4689,#4690);
#4689 = CARTESIAN_POINT('',(1.06325E+03,470.,801.));
#4690 = VECTOR('',#4691,1.);
#4691 = DIRECTION('',(1.,0.,0.));
#4692 = ORIENTED_EDGE('',*,*,#4693,.F.);
#4693 = EDGE_CURVE('',#4694,#4686,#4696,.T.);
#4694 = VERTEX_POINT('',#4695);
#4695 = CARTESIAN_POINT('',(1.22875E+03,470.,882.));
#4696 = LINE('',#4697,#4698);
#4697 = CARTESIAN_POINT('',(1.22875E+03,470.,744.5));
#4698 = VECTOR('',#4699,1.);
#4699 = DIRECTION('',(0.,0.,-1.));
#4700 = ORIENTED_EDGE('',*,*,#4701,.T.);
#4701 = EDGE_CURVE('',#4694,#4606,#4702,.T.);
#4702 = LINE('',#4703,#4704);
#4703 = CARTESIAN_POINT('',(905.75,470.,882.));
#4704 = VECTOR('',#4705,1.);
#4705 = DIRECTION('',(1.,0.,0.));
#4706 = PLANE('',#4707);
#4707 = AXIS2_PLACEMENT_3D('',#4708,#4709,#4710);
#4708 = CARTESIAN_POINT('',(905.75,470.,692.));
#4709 = DIRECTION('',(0.,1.,0.));
#4710 = DIRECTION('',(0.,0.,1.));
#4711 = ADVANCED_FACE('',(#4712),#4723,.T.);
#4712 = FACE_BOUND('',#4713,.T.);
#4713 = EDGE_LOOP('',(#4714,#4715,#4716,#4717));
#4714 = ORIENTED_EDGE('',*,*,#4581,.F.);
#4715 = ORIENTED_EDGE('',*,*,#4307,.T.);
#4716 = ORIENTED_EDGE('',*,*,#4661,.T.);
#4717 = ORIENTED_EDGE('',*,*,#4718,.F.);
#4718 = EDGE_CURVE('',#4582,#4662,#4719,.T.);
#4719 = LINE('',#4720,#4721);
#4720 = CARTESIAN_POINT('',(905.75,130.,882.));
#4721 = VECTOR('',#4722,1.);
#4722 = DIRECTION('',(0.,1.,0.));
#4723 = PLANE('',#4724);
#4724 = AXIS2_PLACEMENT_3D('',#4725,#4726,#4727);
#4725 = CARTESIAN_POINT('',(905.75,130.,692.));
#4726 = DIRECTION('',(1.,0.,0.));
#4727 = DIRECTION('',(0.,0.,1.));
#4728 = ADVANCED_FACE('',(#4729),#4740,.F.);
#4729 = FACE_BOUND('',#4730,.F.);
#4730 = EDGE_LOOP('',(#4731,#4732,#4733,#4734));
#4731 = ORIENTED_EDGE('',*,*,#4485,.F.);
#4732 = ORIENTED_EDGE('',*,*,#4365,.T.);
#4733 = ORIENTED_EDGE('',*,*,#4542,.T.);
#4734 = ORIENTED_EDGE('',*,*,#4735,.F.);
#4735 = EDGE_CURVE('',#4486,#4543,#4736,.T.);
#4736 = LINE('',#4737,#4738);
#4737 = CARTESIAN_POINT('',(1.40575E+03,365.,801.));
#4738 = VECTOR('',#4739,1.);
#4739 = DIRECTION('',(0.,0.,1.));
#4740 = PLANE('',#4741);
#4741 = AXIS2_PLACEMENT_3D('',#4742,#4743,#4744);
#4742 = CARTESIAN_POINT('',(1.22075E+03,365.,801.));
#4743 = DIRECTION('',(0.,1.,0.));
#4744 = DIRECTION('',(0.,0.,1.));
#4745 = ADVANCED_FACE('',(#4746),#4757,.T.);
#4746 = FACE_BOUND('',#4747,.T.);
#4747 = EDGE_LOOP('',(#4748,#4754,#4755,#4756));
#4748 = ORIENTED_EDGE('',*,*,#4749,.F.);
#4749 = EDGE_CURVE('',#4471,#4399,#4750,.T.);
#4750 = LINE('',#4751,#4752);
#4751 = CARTESIAN_POINT('',(1.39775E+03,373.,797.));
#4752 = VECTOR('',#4753,1.);
#4753 = DIRECTION('',(0.,0.,1.));
#4754 = ORIENTED_EDGE('',*,*,#4478,.T.);
#4755 = ORIENTED_EDGE('',*,*,#4349,.T.);
#4756 = ORIENTED_EDGE('',*,*,#4398,.T.);
#4757 = PLANE('',#4758);
#4758 = AXIS2_PLACEMENT_3D('',#4759,#4760,#4761);
#4759 = CARTESIAN_POINT('',(1.22875E+03,373.,797.));
#4760 = DIRECTION('',(0.,1.,0.));
#4761 = DIRECTION('',(0.,0.,1.));
#4762 = ADVANCED_FACE('',(#4763),#4774,.F.);
#4763 = FACE_BOUND('',#4764,.F.);
#4764 = EDGE_LOOP('',(#4765,#4771,#4772,#4773));
#4765 = ORIENTED_EDGE('',*,*,#4766,.F.);
#4766 = EDGE_CURVE('',#4463,#4407,#4767,.T.);
#4767 = LINE('',#4768,#4769);
#4768 = CARTESIAN_POINT('',(1.39775E+03,482.,797.));
#4769 = VECTOR('',#4770,1.);
#4770 = DIRECTION('',(0.,0.,1.));
#4771 = ORIENTED_EDGE('',*,*,#4462,.T.);
#4772 = ORIENTED_EDGE('',*,*,#4437,.T.);
#4773 = ORIENTED_EDGE('',*,*,#4414,.T.);
#4774 = PLANE('',#4775);
#4775 = AXIS2_PLACEMENT_3D('',#4776,#4777,#4778);
#4776 = CARTESIAN_POINT('',(1.22875E+03,482.,797.));
#4777 = DIRECTION('',(0.,1.,0.));
#4778 = DIRECTION('',(0.,0.,1.));
#4779 = ADVANCED_FACE('',(#4780),#4786,.F.);
#4780 = FACE_BOUND('',#4781,.F.);
#4781 = EDGE_LOOP('',(#4782,#4783,#4784,#4785));
#4782 = ORIENTED_EDGE('',*,*,#4749,.F.);
#4783 = ORIENTED_EDGE('',*,*,#4470,.T.);
#4784 = ORIENTED_EDGE('',*,*,#4766,.T.);
#4785 = ORIENTED_EDGE('',*,*,#4406,.F.);
#4786 = PLANE('',#4787);
#4787 = AXIS2_PLACEMENT_3D('',#4788,#4789,#4790);
#4788 = CARTESIAN_POINT('',(1.39775E+03,373.,797.));
#4789 = DIRECTION('',(1.,0.,0.));
#4790 = DIRECTION('',(0.,0.,1.));
#4791 = ADVANCED_FACE('',(#4792),#4803,.T.);
#4792 = FACE_BOUND('',#4793,.T.);
#4793 = EDGE_LOOP('',(#4794,#4795,#4796,#4797));
#4794 = ORIENTED_EDGE('',*,*,#4501,.F.);
#4795 = ORIENTED_EDGE('',*,*,#4517,.T.);
#4796 = ORIENTED_EDGE('',*,*,#4558,.T.);
#4797 = ORIENTED_EDGE('',*,*,#4798,.F.);
#4798 = EDGE_CURVE('',#4494,#4551,#4799,.T.);
#4799 = LINE('',#4800,#4801);
#4800 = CARTESIAN_POINT('',(1.40575E+03,490.,801.));
#4801 = VECTOR('',#4802,1.);
#4802 = DIRECTION('',(0.,0.,1.));
#4803 = PLANE('',#4804);
#4804 = AXIS2_PLACEMENT_3D('',#4805,#4806,#4807);
#4805 = CARTESIAN_POINT('',(1.22075E+03,490.,801.));
#4806 = DIRECTION('',(0.,1.,0.));
#4807 = DIRECTION('',(0.,0.,1.));
#4808 = ADVANCED_FACE('',(#4809),#4815,.T.);
#4809 = FACE_BOUND('',#4810,.T.);
#4810 = EDGE_LOOP('',(#4811,#4812,#4813,#4814));
#4811 = ORIENTED_EDGE('',*,*,#4735,.F.);
#4812 = ORIENTED_EDGE('',*,*,#4493,.T.);
#4813 = ORIENTED_EDGE('',*,*,#4798,.T.);
#4814 = ORIENTED_EDGE('',*,*,#4550,.F.);
#4815 = PLANE('',#4816);
#4816 = AXIS2_PLACEMENT_3D('',#4817,#4818,#4819);
#4817 = CARTESIAN_POINT('',(1.40575E+03,365.,801.));
#4818 = DIRECTION('',(1.,0.,0.));
#4819 = DIRECTION('',(0.,0.,1.));
#4820 = ADVANCED_FACE('',(#4821,#4873),#4884,.F.);
#4821 = FACE_BOUND('',#4822,.F.);
#4822 = EDGE_LOOP('',(#4823,#4824,#4825,#4826,#4827,#4835,#4843,#4851,
    #4859,#4867));
#4823 = ORIENTED_EDGE('',*,*,#4669,.F.);
#4824 = ORIENTED_EDGE('',*,*,#4718,.F.);
#4825 = ORIENTED_EDGE('',*,*,#4589,.T.);
#4826 = ORIENTED_EDGE('',*,*,#4645,.T.);
#4827 = ORIENTED_EDGE('',*,*,#4828,.T.);
#4828 = EDGE_CURVE('',#4638,#4829,#4831,.T.);
#4829 = VERTEX_POINT('',#4830);
#4830 = CARTESIAN_POINT('',(1.29575E+03,365.,882.));
#4831 = LINE('',#4832,#4833);
#4832 = CARTESIAN_POINT('',(1.06325E+03,365.,882.));
#4833 = VECTOR('',#4834,1.);
#4834 = DIRECTION('',(-1.,0.,0.));
#4835 = ORIENTED_EDGE('',*,*,#4836,.F.);
#4836 = EDGE_CURVE('',#4837,#4829,#4839,.T.);
#4837 = VERTEX_POINT('',#4838);
#4838 = CARTESIAN_POINT('',(1.29575E+03,345.,882.));
#4839 = LINE('',#4840,#4841);
#4840 = CARTESIAN_POINT('',(1.29575E+03,237.5,882.));
#4841 = VECTOR('',#4842,1.);
#4842 = DIRECTION('',(0.,1.,0.));
#4843 = ORIENTED_EDGE('',*,*,#4844,.T.);
#4844 = EDGE_CURVE('',#4837,#4845,#4847,.T.);
#4845 = VERTEX_POINT('',#4846);
#4846 = CARTESIAN_POINT('',(1.15075E+03,345.,882.));
#4847 = LINE('',#4848,#4849);
#4848 = CARTESIAN_POINT('',(1.02825E+03,345.,882.));
#4849 = VECTOR('',#4850,1.);
#4850 = DIRECTION('',(-1.,0.,0.));
#4851 = ORIENTED_EDGE('',*,*,#4852,.T.);
#4852 = EDGE_CURVE('',#4845,#4853,#4855,.T.);
#4853 = VERTEX_POINT('',#4854);
#4854 = CARTESIAN_POINT('',(1.15075E+03,415.,882.));
#4855 = LINE('',#4856,#4857);
#4856 = CARTESIAN_POINT('',(1.15075E+03,237.5,882.));
#4857 = VECTOR('',#4858,1.);
#4858 = DIRECTION('',(0.,1.,0.));
#4859 = ORIENTED_EDGE('',*,*,#4860,.F.);
#4860 = EDGE_CURVE('',#4861,#4853,#4863,.T.);
#4861 = VERTEX_POINT('',#4862);
#4862 = CARTESIAN_POINT('',(1.22075E+03,415.,882.));
#4863 = LINE('',#4864,#4865);
#4864 = CARTESIAN_POINT('',(1.02825E+03,415.,882.));
#4865 = VECTOR('',#4866,1.);
#4866 = DIRECTION('',(-1.,0.,0.));
#4867 = ORIENTED_EDGE('',*,*,#4868,.T.);
#4868 = EDGE_CURVE('',#4861,#4670,#4869,.T.);
#4869 = LINE('',#4870,#4871);
#4870 = CARTESIAN_POINT('',(1.22075E+03,247.5,882.));
#4871 = VECTOR('',#4872,1.);
#4872 = DIRECTION('',(0.,1.,0.));
#4873 = FACE_BOUND('',#4874,.F.);
#4874 = EDGE_LOOP('',(#4875));
#4875 = ORIENTED_EDGE('',*,*,#4876,.F.);
#4876 = EDGE_CURVE('',#4877,#4877,#4879,.T.);
#4877 = VERTEX_POINT('',#4878);
#4878 = CARTESIAN_POINT('',(1.19175E+03,230.,882.));
#4879 = CIRCLE('',#4880,28.);
#4880 = AXIS2_PLACEMENT_3D('',#4881,#4882,#4883);
#4881 = CARTESIAN_POINT('',(1.16375E+03,230.,882.));
#4882 = DIRECTION('',(0.,0.,1.));
#4883 = DIRECTION('',(1.,0.,0.));
#4884 = PLANE('',#4885);
#4885 = AXIS2_PLACEMENT_3D('',#4886,#4887,#4888);
#4886 = CARTESIAN_POINT('',(905.75,130.,882.));
#4887 = DIRECTION('',(0.,0.,1.));
#4888 = DIRECTION('',(1.,0.,0.));
#4889 = ADVANCED_FACE('',(#4890),#4940,.F.);
#4890 = FACE_BOUND('',#4891,.F.);
#4891 = EDGE_LOOP('',(#4892,#4900,#4908,#4916,#4924,#4932,#4938,#4939));
#4892 = ORIENTED_EDGE('',*,*,#4893,.F.);
#4893 = EDGE_CURVE('',#4894,#4630,#4896,.T.);
#4894 = VERTEX_POINT('',#4895);
#4895 = CARTESIAN_POINT('',(1.22075E+03,365.,801.));
#4896 = LINE('',#4897,#4898);
#4897 = CARTESIAN_POINT('',(1.22075E+03,365.,801.));
#4898 = VECTOR('',#4899,1.);
#4899 = DIRECTION('',(1.,0.,0.));
#4900 = ORIENTED_EDGE('',*,*,#4901,.T.);
#4901 = EDGE_CURVE('',#4894,#4902,#4904,.T.);
#4902 = VERTEX_POINT('',#4903);
#4903 = CARTESIAN_POINT('',(1.22075E+03,365.,882.));
#4904 = LINE('',#4905,#4906);
#4905 = CARTESIAN_POINT('',(1.22075E+03,365.,801.));
#4906 = VECTOR('',#4907,1.);
#4907 = DIRECTION('',(0.,0.,1.));
#4908 = ORIENTED_EDGE('',*,*,#4909,.F.);
#4909 = EDGE_CURVE('',#4910,#4902,#4912,.T.);
#4910 = VERTEX_POINT('',#4911);
#4911 = CARTESIAN_POINT('',(1.28775E+03,365.,882.));
#4912 = LINE('',#4913,#4914);
#4913 = CARTESIAN_POINT('',(1.06325E+03,365.,882.));
#4914 = VECTOR('',#4915,1.);
#4915 = DIRECTION('',(-1.,0.,0.));
#4916 = ORIENTED_EDGE('',*,*,#4917,.T.);
#4917 = EDGE_CURVE('',#4910,#4918,#4920,.T.);
#4918 = VERTEX_POINT('',#4919);
#4919 = CARTESIAN_POINT('',(1.28775E+03,365.,822.));
#4920 = LINE('',#4921,#4922);
#4921 = CARTESIAN_POINT('',(1.28775E+03,365.,811.5));
#4922 = VECTOR('',#4923,1.);
#4923 = DIRECTION('',(0.,0.,-1.));
#4924 = ORIENTED_EDGE('',*,*,#4925,.T.);
#4925 = EDGE_CURVE('',#4918,#4926,#4928,.T.);
#4926 = VERTEX_POINT('',#4927);
#4927 = CARTESIAN_POINT('',(1.29575E+03,365.,822.));
#4928 = LINE('',#4929,#4930);
#4929 = CARTESIAN_POINT('',(1.18575E+03,365.,822.));
#4930 = VECTOR('',#4931,1.);
#4931 = DIRECTION('',(1.,0.,0.));
#4932 = ORIENTED_EDGE('',*,*,#4933,.F.);
#4933 = EDGE_CURVE('',#4829,#4926,#4934,.T.);
#4934 = LINE('',#4935,#4936);
#4935 = CARTESIAN_POINT('',(1.29575E+03,365.,811.5));
#4936 = VECTOR('',#4937,1.);
#4937 = DIRECTION('',(0.,0.,-1.));
#4938 = ORIENTED_EDGE('',*,*,#4828,.F.);
#4939 = ORIENTED_EDGE('',*,*,#4637,.F.);
#4940 = PLANE('',#4941);
#4941 = AXIS2_PLACEMENT_3D('',#4942,#4943,#4944);
#4942 = CARTESIAN_POINT('',(1.22075E+03,365.,801.));
#4943 = DIRECTION('',(0.,1.,0.));
#4944 = DIRECTION('',(0.,0.,1.));
#4945 = ADVANCED_FACE('',(#4946),#4971,.F.);
#4946 = FACE_BOUND('',#4947,.F.);
#4947 = EDGE_LOOP('',(#4948,#4954,#4955,#4956,#4964,#4970));
#4948 = ORIENTED_EDGE('',*,*,#4949,.F.);
#4949 = EDGE_CURVE('',#4894,#4678,#4950,.T.);
#4950 = LINE('',#4951,#4952);
#4951 = CARTESIAN_POINT('',(1.22075E+03,365.,801.));
#4952 = VECTOR('',#4953,1.);
#4953 = DIRECTION('',(0.,1.,0.));
#4954 = ORIENTED_EDGE('',*,*,#4893,.T.);
#4955 = ORIENTED_EDGE('',*,*,#4629,.F.);
#4956 = ORIENTED_EDGE('',*,*,#4957,.T.);
#4957 = EDGE_CURVE('',#4622,#4958,#4960,.T.);
#4958 = VERTEX_POINT('',#4959);
#4959 = CARTESIAN_POINT('',(1.22875E+03,373.,801.));
#4960 = LINE('',#4961,#4962);
#4961 = CARTESIAN_POINT('',(1.22475E+03,373.,801.));
#4962 = VECTOR('',#4963,1.);
#4963 = DIRECTION('',(-1.,0.,0.));
#4964 = ORIENTED_EDGE('',*,*,#4965,.T.);
#4965 = EDGE_CURVE('',#4958,#4686,#4966,.T.);
#4966 = LINE('',#4967,#4968);
#4967 = CARTESIAN_POINT('',(1.22875E+03,369.,801.));
#4968 = VECTOR('',#4969,1.);
#4969 = DIRECTION('',(0.,1.,0.));
#4970 = ORIENTED_EDGE('',*,*,#4685,.F.);
#4971 = PLANE('',#4972);
#4972 = AXIS2_PLACEMENT_3D('',#4973,#4974,#4975);
#4973 = CARTESIAN_POINT('',(1.22075E+03,365.,801.));
#4974 = DIRECTION('',(0.,0.,1.));
#4975 = DIRECTION('',(1.,0.,0.));
#4976 = ADVANCED_FACE('',(#4977),#5027,.T.);
#4977 = FACE_BOUND('',#4978,.T.);
#4978 = EDGE_LOOP('',(#4979,#4980,#4981,#4989,#4997,#5005,#5013,#5021));
#4979 = ORIENTED_EDGE('',*,*,#4621,.F.);
#4980 = ORIENTED_EDGE('',*,*,#4957,.T.);
#4981 = ORIENTED_EDGE('',*,*,#4982,.T.);
#4982 = EDGE_CURVE('',#4958,#4983,#4985,.T.);
#4983 = VERTEX_POINT('',#4984);
#4984 = CARTESIAN_POINT('',(1.22875E+03,373.,882.));
#4985 = LINE('',#4986,#4987);
#4986 = CARTESIAN_POINT('',(1.22875E+03,373.,797.));
#4987 = VECTOR('',#4988,1.);
#4988 = DIRECTION('',(0.,0.,1.));
#4989 = ORIENTED_EDGE('',*,*,#4990,.F.);
#4990 = EDGE_CURVE('',#4991,#4983,#4993,.T.);
#4991 = VERTEX_POINT('',#4992);
#4992 = CARTESIAN_POINT('',(1.28775E+03,373.,882.));
#4993 = LINE('',#4994,#4995);
#4994 = CARTESIAN_POINT('',(1.06725E+03,373.,882.));
#4995 = VECTOR('',#4996,1.);
#4996 = DIRECTION('',(-1.,0.,0.));
#4997 = ORIENTED_EDGE('',*,*,#4998,.T.);
#4998 = EDGE_CURVE('',#4991,#4999,#5001,.T.);
#4999 = VERTEX_POINT('',#5000);
#5000 = CARTESIAN_POINT('',(1.28775E+03,373.,822.));
#5001 = LINE('',#5002,#5003);
#5002 = CARTESIAN_POINT('',(1.28775E+03,373.,809.5));
#5003 = VECTOR('',#5004,1.);
#5004 = DIRECTION('',(0.,0.,-1.));
#5005 = ORIENTED_EDGE('',*,*,#5006,.T.);
#5006 = EDGE_CURVE('',#4999,#5007,#5009,.T.);
#5007 = VERTEX_POINT('',#5008);
#5008 = CARTESIAN_POINT('',(1.29575E+03,373.,822.));
#5009 = LINE('',#5010,#5011);
#5010 = CARTESIAN_POINT('',(1.18975E+03,373.,822.));
#5011 = VECTOR('',#5012,1.);
#5012 = DIRECTION('',(1.,0.,0.));
#5013 = ORIENTED_EDGE('',*,*,#5014,.F.);
#5014 = EDGE_CURVE('',#5015,#5007,#5017,.T.);
#5015 = VERTEX_POINT('',#5016);
#5016 = CARTESIAN_POINT('',(1.29575E+03,373.,882.));
#5017 = LINE('',#5018,#5019);
#5018 = CARTESIAN_POINT('',(1.29575E+03,373.,809.5));
#5019 = VECTOR('',#5020,1.);
#5020 = DIRECTION('',(0.,0.,-1.));
#5021 = ORIENTED_EDGE('',*,*,#5022,.F.);
#5022 = EDGE_CURVE('',#4614,#5015,#5023,.T.);
#5023 = LINE('',#5024,#5025);
#5024 = CARTESIAN_POINT('',(1.06725E+03,373.,882.));
#5025 = VECTOR('',#5026,1.);
#5026 = DIRECTION('',(-1.,0.,0.));
#5027 = PLANE('',#5028);
#5028 = AXIS2_PLACEMENT_3D('',#5029,#5030,#5031);
#5029 = CARTESIAN_POINT('',(1.22875E+03,373.,797.));
#5030 = DIRECTION('',(0.,1.,0.));
#5031 = DIRECTION('',(0.,0.,1.));
#5032 = ADVANCED_FACE('',(#5033),#5060,.F.);
#5033 = FACE_BOUND('',#5034,.F.);
#5034 = EDGE_LOOP('',(#5035,#5036,#5044,#5052,#5058,#5059));
#5035 = ORIENTED_EDGE('',*,*,#4701,.F.);
#5036 = ORIENTED_EDGE('',*,*,#5037,.F.);
#5037 = EDGE_CURVE('',#5038,#4694,#5040,.T.);
#5038 = VERTEX_POINT('',#5039);
#5039 = CARTESIAN_POINT('',(1.22875E+03,415.,882.));
#5040 = LINE('',#5041,#5042);
#5041 = CARTESIAN_POINT('',(1.22875E+03,251.5,882.));
#5042 = VECTOR('',#5043,1.);
#5043 = DIRECTION('',(0.,1.,0.));
#5044 = ORIENTED_EDGE('',*,*,#5045,.F.);
#5045 = EDGE_CURVE('',#5046,#5038,#5048,.T.);
#5046 = VERTEX_POINT('',#5047);
#5047 = CARTESIAN_POINT('',(1.29575E+03,415.,882.));
#5048 = LINE('',#5049,#5050);
#5049 = CARTESIAN_POINT('',(1.02825E+03,415.,882.));
#5050 = VECTOR('',#5051,1.);
#5051 = DIRECTION('',(-1.,0.,0.));
#5052 = ORIENTED_EDGE('',*,*,#5053,.F.);
#5053 = EDGE_CURVE('',#5015,#5046,#5054,.T.);
#5054 = LINE('',#5055,#5056);
#5055 = CARTESIAN_POINT('',(1.29575E+03,237.5,882.));
#5056 = VECTOR('',#5057,1.);
#5057 = DIRECTION('',(0.,1.,0.));
#5058 = ORIENTED_EDGE('',*,*,#5022,.F.);
#5059 = ORIENTED_EDGE('',*,*,#4613,.T.);
#5060 = PLANE('',#5061);
#5061 = AXIS2_PLACEMENT_3D('',#5062,#5063,#5064);
#5062 = CARTESIAN_POINT('',(905.75,130.,882.));
#5063 = DIRECTION('',(0.,0.,1.));
#5064 = DIRECTION('',(1.,0.,0.));
#5065 = ADVANCED_FACE('',(#5066),#5102,.T.);
#5066 = FACE_BOUND('',#5067,.T.);
#5067 = EDGE_LOOP('',(#5068,#5069,#5070,#5071,#5072,#5080,#5088,#5096));
#5068 = ORIENTED_EDGE('',*,*,#4982,.F.);
#5069 = ORIENTED_EDGE('',*,*,#4965,.T.);
#5070 = ORIENTED_EDGE('',*,*,#4693,.F.);
#5071 = ORIENTED_EDGE('',*,*,#5037,.F.);
#5072 = ORIENTED_EDGE('',*,*,#5073,.F.);
#5073 = EDGE_CURVE('',#5074,#5038,#5076,.T.);
#5074 = VERTEX_POINT('',#5075);
#5075 = CARTESIAN_POINT('',(1.22875E+03,415.,822.));
#5076 = LINE('',#5077,#5078);
#5077 = CARTESIAN_POINT('',(1.22875E+03,415.,809.5));
#5078 = VECTOR('',#5079,1.);
#5079 = DIRECTION('',(0.,0.,1.));
#5080 = ORIENTED_EDGE('',*,*,#5081,.T.);
#5081 = EDGE_CURVE('',#5074,#5082,#5084,.T.);
#5082 = VERTEX_POINT('',#5083);
#5083 = CARTESIAN_POINT('',(1.22875E+03,407.,822.));
#5084 = LINE('',#5085,#5086);
#5085 = CARTESIAN_POINT('',(1.22875E+03,359.,822.));
#5086 = VECTOR('',#5087,1.);
#5087 = DIRECTION('',(0.,-1.,0.));
#5088 = ORIENTED_EDGE('',*,*,#5089,.T.);
#5089 = EDGE_CURVE('',#5082,#5090,#5092,.T.);
#5090 = VERTEX_POINT('',#5091);
#5091 = CARTESIAN_POINT('',(1.22875E+03,407.,882.));
#5092 = LINE('',#5093,#5094);
#5093 = CARTESIAN_POINT('',(1.22875E+03,407.,809.5));
#5094 = VECTOR('',#5095,1.);
#5095 = DIRECTION('',(0.,0.,1.));
#5096 = ORIENTED_EDGE('',*,*,#5097,.F.);
#5097 = EDGE_CURVE('',#4983,#5090,#5098,.T.);
#5098 = LINE('',#5099,#5100);
#5099 = CARTESIAN_POINT('',(1.22875E+03,251.5,882.));
#5100 = VECTOR('',#5101,1.);
#5101 = DIRECTION('',(0.,1.,0.));
#5102 = PLANE('',#5103);
#5103 = AXIS2_PLACEMENT_3D('',#5104,#5105,#5106);
#5104 = CARTESIAN_POINT('',(1.22875E+03,373.,797.));
#5105 = DIRECTION('',(1.,0.,0.));
#5106 = DIRECTION('',(0.,0.,1.));
#5107 = ADVANCED_FACE('',(#5108),#5144,.F.);
#5108 = FACE_BOUND('',#5109,.F.);
#5109 = EDGE_LOOP('',(#5110,#5111,#5112,#5113,#5114,#5122,#5130,#5138));
#5110 = ORIENTED_EDGE('',*,*,#4901,.F.);
#5111 = ORIENTED_EDGE('',*,*,#4949,.T.);
#5112 = ORIENTED_EDGE('',*,*,#4677,.F.);
#5113 = ORIENTED_EDGE('',*,*,#4868,.F.);
#5114 = ORIENTED_EDGE('',*,*,#5115,.F.);
#5115 = EDGE_CURVE('',#5116,#4861,#5118,.T.);
#5116 = VERTEX_POINT('',#5117);
#5117 = CARTESIAN_POINT('',(1.22075E+03,415.,822.));
#5118 = LINE('',#5119,#5120);
#5119 = CARTESIAN_POINT('',(1.22075E+03,415.,811.5));
#5120 = VECTOR('',#5121,1.);
#5121 = DIRECTION('',(0.,0.,1.));
#5122 = ORIENTED_EDGE('',*,*,#5123,.T.);
#5123 = EDGE_CURVE('',#5116,#5124,#5126,.T.);
#5124 = VERTEX_POINT('',#5125);
#5125 = CARTESIAN_POINT('',(1.22075E+03,407.,822.));
#5126 = LINE('',#5127,#5128);
#5127 = CARTESIAN_POINT('',(1.22075E+03,355.,822.));
#5128 = VECTOR('',#5129,1.);
#5129 = DIRECTION('',(0.,-1.,0.));
#5130 = ORIENTED_EDGE('',*,*,#5131,.T.);
#5131 = EDGE_CURVE('',#5124,#5132,#5134,.T.);
#5132 = VERTEX_POINT('',#5133);
#5133 = CARTESIAN_POINT('',(1.22075E+03,407.,882.));
#5134 = LINE('',#5135,#5136);
#5135 = CARTESIAN_POINT('',(1.22075E+03,407.,811.5));
#5136 = VECTOR('',#5137,1.);
#5137 = DIRECTION('',(0.,0.,1.));
#5138 = ORIENTED_EDGE('',*,*,#5139,.F.);
#5139 = EDGE_CURVE('',#4902,#5132,#5140,.T.);
#5140 = LINE('',#5141,#5142);
#5141 = CARTESIAN_POINT('',(1.22075E+03,247.5,882.));
#5142 = VECTOR('',#5143,1.);
#5143 = DIRECTION('',(0.,1.,0.));
#5144 = PLANE('',#5145);
#5145 = AXIS2_PLACEMENT_3D('',#5146,#5147,#5148);
#5146 = CARTESIAN_POINT('',(1.22075E+03,365.,801.));
#5147 = DIRECTION('',(1.,0.,0.));
#5148 = DIRECTION('',(0.,0.,1.));
#5149 = ADVANCED_FACE('',(#5150),#5168,.T.);
#5150 = FACE_BOUND('',#5151,.T.);
#5151 = EDGE_LOOP('',(#5152,#5160,#5166,#5167));
#5152 = ORIENTED_EDGE('',*,*,#5153,.F.);
#5153 = EDGE_CURVE('',#5154,#5116,#5156,.T.);
#5154 = VERTEX_POINT('',#5155);
#5155 = CARTESIAN_POINT('',(1.15075E+03,415.,822.));
#5156 = LINE('',#5157,#5158);
#5157 = CARTESIAN_POINT('',(1.15075E+03,415.,822.));
#5158 = VECTOR('',#5159,1.);
#5159 = DIRECTION('',(1.,0.,0.));
#5160 = ORIENTED_EDGE('',*,*,#5161,.T.);
#5161 = EDGE_CURVE('',#5154,#4853,#5162,.T.);
#5162 = LINE('',#5163,#5164);
#5163 = CARTESIAN_POINT('',(1.15075E+03,415.,822.));
#5164 = VECTOR('',#5165,1.);
#5165 = DIRECTION('',(0.,0.,1.));
#5166 = ORIENTED_EDGE('',*,*,#4860,.F.);
#5167 = ORIENTED_EDGE('',*,*,#5115,.F.);
#5168 = PLANE('',#5169);
#5169 = AXIS2_PLACEMENT_3D('',#5170,#5171,#5172);
#5170 = CARTESIAN_POINT('',(1.15075E+03,415.,822.));
#5171 = DIRECTION('',(0.,1.,0.));
#5172 = DIRECTION('',(0.,0.,1.));
#5173 = ADVANCED_FACE('',(#5174),#5192,.F.);
#5174 = FACE_BOUND('',#5175,.F.);
#5175 = EDGE_LOOP('',(#5176,#5184,#5190,#5191));
#5176 = ORIENTED_EDGE('',*,*,#5177,.F.);
#5177 = EDGE_CURVE('',#5178,#4845,#5180,.T.);
#5178 = VERTEX_POINT('',#5179);
#5179 = CARTESIAN_POINT('',(1.15075E+03,345.,822.));
#5180 = LINE('',#5181,#5182);
#5181 = CARTESIAN_POINT('',(1.15075E+03,345.,822.));
#5182 = VECTOR('',#5183,1.);
#5183 = DIRECTION('',(0.,0.,1.));
#5184 = ORIENTED_EDGE('',*,*,#5185,.T.);
#5185 = EDGE_CURVE('',#5178,#5154,#5186,.T.);
#5186 = LINE('',#5187,#5188);
#5187 = CARTESIAN_POINT('',(1.15075E+03,345.,822.));
#5188 = VECTOR('',#5189,1.);
#5189 = DIRECTION('',(0.,1.,0.));
#5190 = ORIENTED_EDGE('',*,*,#5161,.T.);
#5191 = ORIENTED_EDGE('',*,*,#4852,.F.);
#5192 = PLANE('',#5193);
#5193 = AXIS2_PLACEMENT_3D('',#5194,#5195,#5196);
#5194 = CARTESIAN_POINT('',(1.15075E+03,345.,822.));
#5195 = DIRECTION('',(1.,0.,0.));
#5196 = DIRECTION('',(0.,0.,1.));
#5197 = ADVANCED_FACE('',(#5198),#5216,.F.);
#5198 = FACE_BOUND('',#5199,.F.);
#5199 = EDGE_LOOP('',(#5200,#5208,#5214,#5215));
#5200 = ORIENTED_EDGE('',*,*,#5201,.F.);
#5201 = EDGE_CURVE('',#5202,#4837,#5204,.T.);
#5202 = VERTEX_POINT('',#5203);
#5203 = CARTESIAN_POINT('',(1.29575E+03,345.,822.));
#5204 = LINE('',#5205,#5206);
#5205 = CARTESIAN_POINT('',(1.29575E+03,345.,822.));
#5206 = VECTOR('',#5207,1.);
#5207 = DIRECTION('',(0.,0.,1.));
#5208 = ORIENTED_EDGE('',*,*,#5209,.F.);
#5209 = EDGE_CURVE('',#5178,#5202,#5210,.T.);
#5210 = LINE('',#5211,#5212);
#5211 = CARTESIAN_POINT('',(1.15075E+03,345.,822.));
#5212 = VECTOR('',#5213,1.);
#5213 = DIRECTION('',(1.,0.,0.));
#5214 = ORIENTED_EDGE('',*,*,#5177,.T.);
#5215 = ORIENTED_EDGE('',*,*,#4844,.F.);
#5216 = PLANE('',#5217);
#5217 = AXIS2_PLACEMENT_3D('',#5218,#5219,#5220);
#5218 = CARTESIAN_POINT('',(1.15075E+03,345.,822.));
#5219 = DIRECTION('',(0.,1.,0.));
#5220 = DIRECTION('',(0.,0.,1.));
#5221 = ADVANCED_FACE('',(#5222),#5233,.T.);
#5222 = FACE_BOUND('',#5223,.T.);
#5223 = EDGE_LOOP('',(#5224,#5225,#5231,#5232));
#5224 = ORIENTED_EDGE('',*,*,#5201,.F.);
#5225 = ORIENTED_EDGE('',*,*,#5226,.T.);
#5226 = EDGE_CURVE('',#5202,#4926,#5227,.T.);
#5227 = LINE('',#5228,#5229);
#5228 = CARTESIAN_POINT('',(1.29575E+03,345.,822.));
#5229 = VECTOR('',#5230,1.);
#5230 = DIRECTION('',(0.,1.,0.));
#5231 = ORIENTED_EDGE('',*,*,#4933,.F.);
#5232 = ORIENTED_EDGE('',*,*,#4836,.F.);
#5233 = PLANE('',#5234);
#5234 = AXIS2_PLACEMENT_3D('',#5235,#5236,#5237);
#5235 = CARTESIAN_POINT('',(1.29575E+03,345.,822.));
#5236 = DIRECTION('',(1.,0.,0.));
#5237 = DIRECTION('',(0.,0.,1.));
#5238 = ADVANCED_FACE('',(#5239),#5258,.T.);
#5239 = FACE_BOUND('',#5240,.T.);
#5240 = EDGE_LOOP('',(#5241,#5242,#5250,#5257));
#5241 = ORIENTED_EDGE('',*,*,#4876,.F.);
#5242 = ORIENTED_EDGE('',*,*,#5243,.F.);
#5243 = EDGE_CURVE('',#5244,#4877,#5246,.T.);
#5244 = VERTEX_POINT('',#5245);
#5245 = CARTESIAN_POINT('',(1.19175E+03,230.,880.));
#5246 = LINE('',#5247,#5248);
#5247 = CARTESIAN_POINT('',(1.19175E+03,230.,880.));
#5248 = VECTOR('',#5249,1.);
#5249 = DIRECTION('',(0.,0.,1.));
#5250 = ORIENTED_EDGE('',*,*,#5251,.T.);
#5251 = EDGE_CURVE('',#5244,#5244,#5252,.T.);
#5252 = CIRCLE('',#5253,28.);
#5253 = AXIS2_PLACEMENT_3D('',#5254,#5255,#5256);
#5254 = CARTESIAN_POINT('',(1.16375E+03,230.,880.));
#5255 = DIRECTION('',(0.,0.,1.));
#5256 = DIRECTION('',(1.,0.,0.));
#5257 = ORIENTED_EDGE('',*,*,#5243,.T.);
#5258 = CYLINDRICAL_SURFACE('',#5259,28.);
#5259 = AXIS2_PLACEMENT_3D('',#5260,#5261,#5262);
#5260 = CARTESIAN_POINT('',(1.16375E+03,230.,880.));
#5261 = DIRECTION('',(0.,0.,1.));
#5262 = DIRECTION('',(1.,0.,0.));
#5263 = ADVANCED_FACE('',(#5264),#5302,.F.);
#5264 = FACE_BOUND('',#5265,.F.);
#5265 = EDGE_LOOP('',(#5266,#5267,#5268,#5269,#5270,#5271,#5279,#5287,
    #5295,#5301));
#5266 = ORIENTED_EDGE('',*,*,#5153,.F.);
#5267 = ORIENTED_EDGE('',*,*,#5185,.F.);
#5268 = ORIENTED_EDGE('',*,*,#5209,.T.);
#5269 = ORIENTED_EDGE('',*,*,#5226,.T.);
#5270 = ORIENTED_EDGE('',*,*,#4925,.F.);
#5271 = ORIENTED_EDGE('',*,*,#5272,.F.);
#5272 = EDGE_CURVE('',#5273,#4918,#5275,.T.);
#5273 = VERTEX_POINT('',#5274);
#5274 = CARTESIAN_POINT('',(1.28775E+03,353.,822.));
#5275 = LINE('',#5276,#5277);
#5276 = CARTESIAN_POINT('',(1.28775E+03,353.,822.));
#5277 = VECTOR('',#5278,1.);
#5278 = DIRECTION('',(0.,1.,0.));
#5279 = ORIENTED_EDGE('',*,*,#5280,.F.);
#5280 = EDGE_CURVE('',#5281,#5273,#5283,.T.);
#5281 = VERTEX_POINT('',#5282);
#5282 = CARTESIAN_POINT('',(1.15875E+03,353.,822.));
#5283 = LINE('',#5284,#5285);
#5284 = CARTESIAN_POINT('',(1.15875E+03,353.,822.));
#5285 = VECTOR('',#5286,1.);
#5286 = DIRECTION('',(1.,0.,0.));
#5287 = ORIENTED_EDGE('',*,*,#5288,.T.);
#5288 = EDGE_CURVE('',#5281,#5289,#5291,.T.);
#5289 = VERTEX_POINT('',#5290);
#5290 = CARTESIAN_POINT('',(1.15875E+03,407.,822.));
#5291 = LINE('',#5292,#5293);
#5292 = CARTESIAN_POINT('',(1.15875E+03,353.,822.));
#5293 = VECTOR('',#5294,1.);
#5294 = DIRECTION('',(0.,1.,0.));
#5295 = ORIENTED_EDGE('',*,*,#5296,.T.);
#5296 = EDGE_CURVE('',#5289,#5124,#5297,.T.);
#5297 = LINE('',#5298,#5299);
#5298 = CARTESIAN_POINT('',(1.15875E+03,407.,822.));
#5299 = VECTOR('',#5300,1.);
#5300 = DIRECTION('',(1.,0.,0.));
#5301 = ORIENTED_EDGE('',*,*,#5123,.F.);
#5302 = PLANE('',#5303);
#5303 = AXIS2_PLACEMENT_3D('',#5304,#5305,#5306);
#5304 = CARTESIAN_POINT('',(1.15075E+03,345.,822.));
#5305 = DIRECTION('',(0.,0.,1.));
#5306 = DIRECTION('',(1.,0.,0.));
#5307 = ADVANCED_FACE('',(#5308),#5326,.F.);
#5308 = FACE_BOUND('',#5309,.F.);
#5309 = EDGE_LOOP('',(#5310,#5318,#5319,#5320));
#5310 = ORIENTED_EDGE('',*,*,#5311,.F.);
#5311 = EDGE_CURVE('',#5273,#5312,#5314,.T.);
#5312 = VERTEX_POINT('',#5313);
#5313 = CARTESIAN_POINT('',(1.28775E+03,353.,882.));
#5314 = LINE('',#5315,#5316);
#5315 = CARTESIAN_POINT('',(1.28775E+03,353.,822.));
#5316 = VECTOR('',#5317,1.);
#5317 = DIRECTION('',(0.,0.,1.));
#5318 = ORIENTED_EDGE('',*,*,#5272,.T.);
#5319 = ORIENTED_EDGE('',*,*,#4917,.F.);
#5320 = ORIENTED_EDGE('',*,*,#5321,.F.);
#5321 = EDGE_CURVE('',#5312,#4910,#5322,.T.);
#5322 = LINE('',#5323,#5324);
#5323 = CARTESIAN_POINT('',(1.28775E+03,241.5,882.));
#5324 = VECTOR('',#5325,1.);
#5325 = DIRECTION('',(0.,1.,0.));
#5326 = PLANE('',#5327);
#5327 = AXIS2_PLACEMENT_3D('',#5328,#5329,#5330);
#5328 = CARTESIAN_POINT('',(1.28775E+03,353.,822.));
#5329 = DIRECTION('',(1.,0.,0.));
#5330 = DIRECTION('',(0.,0.,1.));
#5331 = ADVANCED_FACE('',(#5332),#5359,.F.);
#5332 = FACE_BOUND('',#5333,.F.);
#5333 = EDGE_LOOP('',(#5334,#5335,#5343,#5351,#5357,#5358));
#5334 = ORIENTED_EDGE('',*,*,#5139,.T.);
#5335 = ORIENTED_EDGE('',*,*,#5336,.T.);
#5336 = EDGE_CURVE('',#5132,#5337,#5339,.T.);
#5337 = VERTEX_POINT('',#5338);
#5338 = CARTESIAN_POINT('',(1.15875E+03,407.,882.));
#5339 = LINE('',#5340,#5341);
#5340 = CARTESIAN_POINT('',(1.03225E+03,407.,882.));
#5341 = VECTOR('',#5342,1.);
#5342 = DIRECTION('',(-1.,0.,0.));
#5343 = ORIENTED_EDGE('',*,*,#5344,.F.);
#5344 = EDGE_CURVE('',#5345,#5337,#5347,.T.);
#5345 = VERTEX_POINT('',#5346);
#5346 = CARTESIAN_POINT('',(1.15875E+03,353.,882.));
#5347 = LINE('',#5348,#5349);
#5348 = CARTESIAN_POINT('',(1.15875E+03,241.5,882.));
#5349 = VECTOR('',#5350,1.);
#5350 = DIRECTION('',(0.,1.,0.));
#5351 = ORIENTED_EDGE('',*,*,#5352,.F.);
#5352 = EDGE_CURVE('',#5312,#5345,#5353,.T.);
#5353 = LINE('',#5354,#5355);
#5354 = CARTESIAN_POINT('',(1.03225E+03,353.,882.));
#5355 = VECTOR('',#5356,1.);
#5356 = DIRECTION('',(-1.,0.,0.));
#5357 = ORIENTED_EDGE('',*,*,#5321,.T.);
#5358 = ORIENTED_EDGE('',*,*,#4909,.T.);
#5359 = PLANE('',#5360);
#5360 = AXIS2_PLACEMENT_3D('',#5361,#5362,#5363);
#5361 = CARTESIAN_POINT('',(905.75,130.,882.));
#5362 = DIRECTION('',(0.,0.,1.));
#5363 = DIRECTION('',(1.,0.,0.));
#5364 = ADVANCED_FACE('',(#5365),#5383,.T.);
#5365 = FACE_BOUND('',#5366,.T.);
#5366 = EDGE_LOOP('',(#5367,#5368,#5376,#5382));
#5367 = ORIENTED_EDGE('',*,*,#5014,.T.);
#5368 = ORIENTED_EDGE('',*,*,#5369,.T.);
#5369 = EDGE_CURVE('',#5007,#5370,#5372,.T.);
#5370 = VERTEX_POINT('',#5371);
#5371 = CARTESIAN_POINT('',(1.29575E+03,415.,822.));
#5372 = LINE('',#5373,#5374);
#5373 = CARTESIAN_POINT('',(1.29575E+03,345.,822.));
#5374 = VECTOR('',#5375,1.);
#5375 = DIRECTION('',(0.,1.,0.));
#5376 = ORIENTED_EDGE('',*,*,#5377,.T.);
#5377 = EDGE_CURVE('',#5370,#5046,#5378,.T.);
#5378 = LINE('',#5379,#5380);
#5379 = CARTESIAN_POINT('',(1.29575E+03,415.,822.));
#5380 = VECTOR('',#5381,1.);
#5381 = DIRECTION('',(0.,0.,1.));
#5382 = ORIENTED_EDGE('',*,*,#5053,.F.);
#5383 = PLANE('',#5384);
#5384 = AXIS2_PLACEMENT_3D('',#5385,#5386,#5387);
#5385 = CARTESIAN_POINT('',(1.29575E+03,345.,822.));
#5386 = DIRECTION('',(1.,0.,0.));
#5387 = DIRECTION('',(0.,0.,1.));
#5388 = ADVANCED_FACE('',(#5389),#5414,.F.);
#5389 = FACE_BOUND('',#5390,.F.);
#5390 = EDGE_LOOP('',(#5391,#5397,#5398,#5406,#5412,#5413));
#5391 = ORIENTED_EDGE('',*,*,#5392,.F.);
#5392 = EDGE_CURVE('',#5074,#5370,#5393,.T.);
#5393 = LINE('',#5394,#5395);
#5394 = CARTESIAN_POINT('',(1.15075E+03,415.,822.));
#5395 = VECTOR('',#5396,1.);
#5396 = DIRECTION('',(1.,0.,0.));
#5397 = ORIENTED_EDGE('',*,*,#5081,.T.);
#5398 = ORIENTED_EDGE('',*,*,#5399,.T.);
#5399 = EDGE_CURVE('',#5082,#5400,#5402,.T.);
#5400 = VERTEX_POINT('',#5401);
#5401 = CARTESIAN_POINT('',(1.28775E+03,407.,822.));
#5402 = LINE('',#5403,#5404);
#5403 = CARTESIAN_POINT('',(1.15875E+03,407.,822.));
#5404 = VECTOR('',#5405,1.);
#5405 = DIRECTION('',(1.,0.,0.));
#5406 = ORIENTED_EDGE('',*,*,#5407,.F.);
#5407 = EDGE_CURVE('',#4999,#5400,#5408,.T.);
#5408 = LINE('',#5409,#5410);
#5409 = CARTESIAN_POINT('',(1.28775E+03,353.,822.));
#5410 = VECTOR('',#5411,1.);
#5411 = DIRECTION('',(0.,1.,0.));
#5412 = ORIENTED_EDGE('',*,*,#5006,.T.);
#5413 = ORIENTED_EDGE('',*,*,#5369,.T.);
#5414 = PLANE('',#5415);
#5415 = AXIS2_PLACEMENT_3D('',#5416,#5417,#5418);
#5416 = CARTESIAN_POINT('',(1.15075E+03,345.,822.));
#5417 = DIRECTION('',(0.,0.,1.));
#5418 = DIRECTION('',(1.,0.,0.));
#5419 = ADVANCED_FACE('',(#5420),#5438,.F.);
#5420 = FACE_BOUND('',#5421,.F.);
#5421 = EDGE_LOOP('',(#5422,#5423,#5424,#5432));
#5422 = ORIENTED_EDGE('',*,*,#4998,.T.);
#5423 = ORIENTED_EDGE('',*,*,#5407,.T.);
#5424 = ORIENTED_EDGE('',*,*,#5425,.T.);
#5425 = EDGE_CURVE('',#5400,#5426,#5428,.T.);
#5426 = VERTEX_POINT('',#5427);
#5427 = CARTESIAN_POINT('',(1.28775E+03,407.,882.));
#5428 = LINE('',#5429,#5430);
#5429 = CARTESIAN_POINT('',(1.28775E+03,407.,822.));
#5430 = VECTOR('',#5431,1.);
#5431 = DIRECTION('',(0.,0.,1.));
#5432 = ORIENTED_EDGE('',*,*,#5433,.F.);
#5433 = EDGE_CURVE('',#4991,#5426,#5434,.T.);
#5434 = LINE('',#5435,#5436);
#5435 = CARTESIAN_POINT('',(1.28775E+03,241.5,882.));
#5436 = VECTOR('',#5437,1.);
#5437 = DIRECTION('',(0.,1.,0.));
#5438 = PLANE('',#5439);
#5439 = AXIS2_PLACEMENT_3D('',#5440,#5441,#5442);
#5440 = CARTESIAN_POINT('',(1.28775E+03,353.,822.));
#5441 = DIRECTION('',(1.,0.,0.));
#5442 = DIRECTION('',(0.,0.,1.));
#5443 = ADVANCED_FACE('',(#5444),#5455,.F.);
#5444 = FACE_BOUND('',#5445,.F.);
#5445 = EDGE_LOOP('',(#5446,#5452,#5453,#5454));
#5446 = ORIENTED_EDGE('',*,*,#5447,.T.);
#5447 = EDGE_CURVE('',#5426,#5090,#5448,.T.);
#5448 = LINE('',#5449,#5450);
#5449 = CARTESIAN_POINT('',(1.03225E+03,407.,882.));
#5450 = VECTOR('',#5451,1.);
#5451 = DIRECTION('',(-1.,0.,0.));
#5452 = ORIENTED_EDGE('',*,*,#5097,.F.);
#5453 = ORIENTED_EDGE('',*,*,#4990,.F.);
#5454 = ORIENTED_EDGE('',*,*,#5433,.T.);
#5455 = PLANE('',#5456);
#5456 = AXIS2_PLACEMENT_3D('',#5457,#5458,#5459);
#5457 = CARTESIAN_POINT('',(905.75,130.,882.));
#5458 = DIRECTION('',(0.,0.,1.));
#5459 = DIRECTION('',(1.,0.,0.));
#5460 = ADVANCED_FACE('',(#5461),#5467,.T.);
#5461 = FACE_BOUND('',#5462,.T.);
#5462 = EDGE_LOOP('',(#5463,#5464,#5465,#5466));
#5463 = ORIENTED_EDGE('',*,*,#5392,.F.);
#5464 = ORIENTED_EDGE('',*,*,#5073,.T.);
#5465 = ORIENTED_EDGE('',*,*,#5045,.F.);
#5466 = ORIENTED_EDGE('',*,*,#5377,.F.);
#5467 = PLANE('',#5468);
#5468 = AXIS2_PLACEMENT_3D('',#5469,#5470,#5471);
#5469 = CARTESIAN_POINT('',(1.15075E+03,415.,822.));
#5470 = DIRECTION('',(0.,1.,0.));
#5471 = DIRECTION('',(0.,0.,1.));
#5472 = ADVANCED_FACE('',(#5473),#5479,.F.);
#5473 = FACE_BOUND('',#5474,.F.);
#5474 = EDGE_LOOP('',(#5475,#5476,#5477,#5478));
#5475 = ORIENTED_EDGE('',*,*,#5399,.F.);
#5476 = ORIENTED_EDGE('',*,*,#5089,.T.);
#5477 = ORIENTED_EDGE('',*,*,#5447,.F.);
#5478 = ORIENTED_EDGE('',*,*,#5425,.F.);
#5479 = PLANE('',#5480);
#5480 = AXIS2_PLACEMENT_3D('',#5481,#5482,#5483);
#5481 = CARTESIAN_POINT('',(1.15875E+03,407.,822.));
#5482 = DIRECTION('',(0.,1.,0.));
#5483 = DIRECTION('',(0.,0.,1.));
#5484 = ADVANCED_FACE('',(#5485),#5496,.F.);
#5485 = FACE_BOUND('',#5486,.F.);
#5486 = EDGE_LOOP('',(#5487,#5488,#5494,#5495));
#5487 = ORIENTED_EDGE('',*,*,#5296,.F.);
#5488 = ORIENTED_EDGE('',*,*,#5489,.T.);
#5489 = EDGE_CURVE('',#5289,#5337,#5490,.T.);
#5490 = LINE('',#5491,#5492);
#5491 = CARTESIAN_POINT('',(1.15875E+03,407.,822.));
#5492 = VECTOR('',#5493,1.);
#5493 = DIRECTION('',(0.,0.,1.));
#5494 = ORIENTED_EDGE('',*,*,#5336,.F.);
#5495 = ORIENTED_EDGE('',*,*,#5131,.F.);
#5496 = PLANE('',#5497);
#5497 = AXIS2_PLACEMENT_3D('',#5498,#5499,#5500);
#5498 = CARTESIAN_POINT('',(1.15875E+03,407.,822.));
#5499 = DIRECTION('',(0.,1.,0.));
#5500 = DIRECTION('',(0.,0.,1.));
#5501 = ADVANCED_FACE('',(#5502,#5505),#5516,.F.);
#5502 = FACE_BOUND('',#5503,.F.);
#5503 = EDGE_LOOP('',(#5504));
#5504 = ORIENTED_EDGE('',*,*,#5251,.T.);
#5505 = FACE_BOUND('',#5506,.F.);
#5506 = EDGE_LOOP('',(#5507));
#5507 = ORIENTED_EDGE('',*,*,#5508,.F.);
#5508 = EDGE_CURVE('',#5509,#5509,#5511,.T.);
#5509 = VERTEX_POINT('',#5510);
#5510 = CARTESIAN_POINT('',(1.18175E+03,230.,880.));
#5511 = CIRCLE('',#5512,18.);
#5512 = AXIS2_PLACEMENT_3D('',#5513,#5514,#5515);
#5513 = CARTESIAN_POINT('',(1.16375E+03,230.,880.));
#5514 = DIRECTION('',(0.,0.,1.));
#5515 = DIRECTION('',(1.,0.,0.));
#5516 = PLANE('',#5517);
#5517 = AXIS2_PLACEMENT_3D('',#5518,#5519,#5520);
#5518 = CARTESIAN_POINT('',(1.16375E+03,230.,880.));
#5519 = DIRECTION('',(0.,0.,1.));
#5520 = DIRECTION('',(1.,0.,0.));
#5521 = ADVANCED_FACE('',(#5522),#5533,.T.);
#5522 = FACE_BOUND('',#5523,.T.);
#5523 = EDGE_LOOP('',(#5524,#5530,#5531,#5532));
#5524 = ORIENTED_EDGE('',*,*,#5525,.F.);
#5525 = EDGE_CURVE('',#5281,#5345,#5526,.T.);
#5526 = LINE('',#5527,#5528);
#5527 = CARTESIAN_POINT('',(1.15875E+03,353.,822.));
#5528 = VECTOR('',#5529,1.);
#5529 = DIRECTION('',(0.,0.,1.));
#5530 = ORIENTED_EDGE('',*,*,#5288,.T.);
#5531 = ORIENTED_EDGE('',*,*,#5489,.T.);
#5532 = ORIENTED_EDGE('',*,*,#5344,.F.);
#5533 = PLANE('',#5534);
#5534 = AXIS2_PLACEMENT_3D('',#5535,#5536,#5537);
#5535 = CARTESIAN_POINT('',(1.15875E+03,353.,822.));
#5536 = DIRECTION('',(1.,0.,0.));
#5537 = DIRECTION('',(0.,0.,1.));
#5538 = ADVANCED_FACE('',(#5539),#5545,.T.);
#5539 = FACE_BOUND('',#5540,.T.);
#5540 = EDGE_LOOP('',(#5541,#5542,#5543,#5544));
#5541 = ORIENTED_EDGE('',*,*,#5280,.F.);
#5542 = ORIENTED_EDGE('',*,*,#5525,.T.);
#5543 = ORIENTED_EDGE('',*,*,#5352,.F.);
#5544 = ORIENTED_EDGE('',*,*,#5311,.F.);
#5545 = PLANE('',#5546);
#5546 = AXIS2_PLACEMENT_3D('',#5547,#5548,#5549);
#5547 = CARTESIAN_POINT('',(1.15875E+03,353.,822.));
#5548 = DIRECTION('',(0.,1.,0.));
#5549 = DIRECTION('',(0.,0.,1.));
#5550 = ADVANCED_FACE('',(#5551),#5570,.F.);
#5551 = FACE_BOUND('',#5552,.F.);
#5552 = EDGE_LOOP('',(#5553,#5562,#5568,#5569));
#5553 = ORIENTED_EDGE('',*,*,#5554,.F.);
#5554 = EDGE_CURVE('',#5555,#5555,#5557,.T.);
#5555 = VERTEX_POINT('',#5556);
#5556 = CARTESIAN_POINT('',(1.18175E+03,230.,882.));
#5557 = CIRCLE('',#5558,18.);
#5558 = AXIS2_PLACEMENT_3D('',#5559,#5560,#5561);
#5559 = CARTESIAN_POINT('',(1.16375E+03,230.,882.));
#5560 = DIRECTION('',(0.,0.,1.));
#5561 = DIRECTION('',(1.,0.,0.));
#5562 = ORIENTED_EDGE('',*,*,#5563,.F.);
#5563 = EDGE_CURVE('',#5509,#5555,#5564,.T.);
#5564 = LINE('',#5565,#5566);
#5565 = CARTESIAN_POINT('',(1.18175E+03,230.,879.));
#5566 = VECTOR('',#5567,1.);
#5567 = DIRECTION('',(0.,0.,1.));
#5568 = ORIENTED_EDGE('',*,*,#5508,.T.);
#5569 = ORIENTED_EDGE('',*,*,#5563,.T.);
#5570 = CYLINDRICAL_SURFACE('',#5571,18.);
#5571 = AXIS2_PLACEMENT_3D('',#5572,#5573,#5574);
#5572 = CARTESIAN_POINT('',(1.16375E+03,230.,879.));
#5573 = DIRECTION('',(0.,0.,1.));
#5574 = DIRECTION('',(1.,0.,0.));
#5575 = ADVANCED_FACE('',(#5576),#5579,.F.);
#5576 = FACE_BOUND('',#5577,.F.);
#5577 = EDGE_LOOP('',(#5578));
#5578 = ORIENTED_EDGE('',*,*,#5554,.T.);
#5579 = PLANE('',#5580);
#5580 = AXIS2_PLACEMENT_3D('',#5581,#5582,#5583);
#5581 = CARTESIAN_POINT('',(905.75,130.,882.));
#5582 = DIRECTION('',(0.,0.,1.));
#5583 = DIRECTION('',(1.,0.,0.));
#5584 = MANIFOLD_SOLID_BREP('',#5585);
#5585 = CLOSED_SHELL('',(#5586,#5626,#5657,#5715,#5739,#5790,#5802,#5824
    ,#5841,#5858));
#5586 = ADVANCED_FACE('',(#5587),#5621,.F.);
#5587 = FACE_BOUND('',#5588,.F.);
#5588 = EDGE_LOOP('',(#5589,#5599,#5607,#5615));
#5589 = ORIENTED_EDGE('',*,*,#5590,.F.);
#5590 = EDGE_CURVE('',#5591,#5593,#5595,.T.);
#5591 = VERTEX_POINT('',#5592);
#5592 = CARTESIAN_POINT('',(865.75,90.,892.));
#5593 = VERTEX_POINT('',#5594);
#5594 = CARTESIAN_POINT('',(865.75,90.,900.));
#5595 = LINE('',#5596,#5597);
#5596 = CARTESIAN_POINT('',(865.75,90.,892.));
#5597 = VECTOR('',#5598,1.);
#5598 = DIRECTION('',(0.,0.,1.));
#5599 = ORIENTED_EDGE('',*,*,#5600,.T.);
#5600 = EDGE_CURVE('',#5591,#5601,#5603,.T.);
#5601 = VERTEX_POINT('',#5602);
#5602 = CARTESIAN_POINT('',(865.75,510.,892.));
#5603 = LINE('',#5604,#5605);
#5604 = CARTESIAN_POINT('',(865.75,90.,892.));
#5605 = VECTOR('',#5606,1.);
#5606 = DIRECTION('',(0.,1.,0.));
#5607 = ORIENTED_EDGE('',*,*,#5608,.T.);
#5608 = EDGE_CURVE('',#5601,#5609,#5611,.T.);
#5609 = VERTEX_POINT('',#5610);
#5610 = CARTESIAN_POINT('',(865.75,510.,900.));
#5611 = LINE('',#5612,#5613);
#5612 = CARTESIAN_POINT('',(865.75,510.,892.));
#5613 = VECTOR('',#5614,1.);
#5614 = DIRECTION('',(0.,0.,1.));
#5615 = ORIENTED_EDGE('',*,*,#5616,.F.);
#5616 = EDGE_CURVE('',#5593,#5609,#5617,.T.);
#5617 = LINE('',#5618,#5619);
#5618 = CARTESIAN_POINT('',(865.75,90.,900.));
#5619 = VECTOR('',#5620,1.);
#5620 = DIRECTION('',(0.,1.,0.));
#5621 = PLANE('',#5622);
#5622 = AXIS2_PLACEMENT_3D('',#5623,#5624,#5625);
#5623 = CARTESIAN_POINT('',(865.75,90.,892.));
#5624 = DIRECTION('',(1.,0.,0.));
#5625 = DIRECTION('',(0.,0.,1.));
#5626 = ADVANCED_FACE('',(#5627),#5652,.F.);
#5627 = FACE_BOUND('',#5628,.F.);
#5628 = EDGE_LOOP('',(#5629,#5637,#5638,#5646));
#5629 = ORIENTED_EDGE('',*,*,#5630,.F.);
#5630 = EDGE_CURVE('',#5591,#5631,#5633,.T.);
#5631 = VERTEX_POINT('',#5632);
#5632 = CARTESIAN_POINT('',(1.42575E+03,90.,892.));
#5633 = LINE('',#5634,#5635);
#5634 = CARTESIAN_POINT('',(865.75,90.,892.));
#5635 = VECTOR('',#5636,1.);
#5636 = DIRECTION('',(1.,0.,0.));
#5637 = ORIENTED_EDGE('',*,*,#5590,.T.);
#5638 = ORIENTED_EDGE('',*,*,#5639,.T.);
#5639 = EDGE_CURVE('',#5593,#5640,#5642,.T.);
#5640 = VERTEX_POINT('',#5641);
#5641 = CARTESIAN_POINT('',(1.42575E+03,90.,900.));
#5642 = LINE('',#5643,#5644);
#5643 = CARTESIAN_POINT('',(865.75,90.,900.));
#5644 = VECTOR('',#5645,1.);
#5645 = DIRECTION('',(1.,0.,0.));
#5646 = ORIENTED_EDGE('',*,*,#5647,.F.);
#5647 = EDGE_CURVE('',#5631,#5640,#5648,.T.);
#5648 = LINE('',#5649,#5650);
#5649 = CARTESIAN_POINT('',(1.42575E+03,90.,892.));
#5650 = VECTOR('',#5651,1.);
#5651 = DIRECTION('',(0.,0.,1.));
#5652 = PLANE('',#5653);
#5653 = AXIS2_PLACEMENT_3D('',#5654,#5655,#5656);
#5654 = CARTESIAN_POINT('',(865.75,90.,892.));
#5655 = DIRECTION('',(0.,1.,0.));
#5656 = DIRECTION('',(0.,0.,1.));
#5657 = ADVANCED_FACE('',(#5658,#5676),#5710,.T.);
#5658 = FACE_BOUND('',#5659,.T.);
#5659 = EDGE_LOOP('',(#5660,#5661,#5662,#5670));
#5660 = ORIENTED_EDGE('',*,*,#5616,.F.);
#5661 = ORIENTED_EDGE('',*,*,#5639,.T.);
#5662 = ORIENTED_EDGE('',*,*,#5663,.T.);
#5663 = EDGE_CURVE('',#5640,#5664,#5666,.T.);
#5664 = VERTEX_POINT('',#5665);
#5665 = CARTESIAN_POINT('',(1.42575E+03,510.,900.));
#5666 = LINE('',#5667,#5668);
#5667 = CARTESIAN_POINT('',(1.42575E+03,90.,900.));
#5668 = VECTOR('',#5669,1.);
#5669 = DIRECTION('',(0.,1.,0.));
#5670 = ORIENTED_EDGE('',*,*,#5671,.F.);
#5671 = EDGE_CURVE('',#5609,#5664,#5672,.T.);
#5672 = LINE('',#5673,#5674);
#5673 = CARTESIAN_POINT('',(865.75,510.,900.));
#5674 = VECTOR('',#5675,1.);
#5675 = DIRECTION('',(1.,0.,0.));
#5676 = FACE_BOUND('',#5677,.T.);
#5677 = EDGE_LOOP('',(#5678,#5688,#5696,#5704));
#5678 = ORIENTED_EDGE('',*,*,#5679,.T.);
#5679 = EDGE_CURVE('',#5680,#5682,#5684,.T.);
#5680 = VERTEX_POINT('',#5681);
#5681 = CARTESIAN_POINT('',(1.41375E+03,102.,900.));
#5682 = VERTEX_POINT('',#5683);
#5683 = CARTESIAN_POINT('',(877.75,102.,900.));
#5684 = LINE('',#5685,#5686);
#5685 = CARTESIAN_POINT('',(871.75,102.,900.));
#5686 = VECTOR('',#5687,1.);
#5687 = DIRECTION('',(-1.,0.,0.));
#5688 = ORIENTED_EDGE('',*,*,#5689,.T.);
#5689 = EDGE_CURVE('',#5682,#5690,#5692,.T.);
#5690 = VERTEX_POINT('',#5691);
#5691 = CARTESIAN_POINT('',(877.75,498.,900.));
#5692 = LINE('',#5693,#5694);
#5693 = CARTESIAN_POINT('',(877.75,96.,900.));
#5694 = VECTOR('',#5695,1.);
#5695 = DIRECTION('',(0.,1.,0.));
#5696 = ORIENTED_EDGE('',*,*,#5697,.F.);
#5697 = EDGE_CURVE('',#5698,#5690,#5700,.T.);
#5698 = VERTEX_POINT('',#5699);
#5699 = CARTESIAN_POINT('',(1.41375E+03,498.,900.));
#5700 = LINE('',#5701,#5702);
#5701 = CARTESIAN_POINT('',(871.75,498.,900.));
#5702 = VECTOR('',#5703,1.);
#5703 = DIRECTION('',(-1.,0.,0.));
#5704 = ORIENTED_EDGE('',*,*,#5705,.F.);
#5705 = EDGE_CURVE('',#5680,#5698,#5706,.T.);
#5706 = LINE('',#5707,#5708);
#5707 = CARTESIAN_POINT('',(1.41375E+03,96.,900.));
#5708 = VECTOR('',#5709,1.);
#5709 = DIRECTION('',(0.,1.,0.));
#5710 = PLANE('',#5711);
#5711 = AXIS2_PLACEMENT_3D('',#5712,#5713,#5714);
#5712 = CARTESIAN_POINT('',(865.75,90.,900.));
#5713 = DIRECTION('',(0.,0.,1.));
#5714 = DIRECTION('',(1.,0.,0.));
#5715 = ADVANCED_FACE('',(#5716),#5734,.T.);
#5716 = FACE_BOUND('',#5717,.T.);
#5717 = EDGE_LOOP('',(#5718,#5726,#5727,#5728));
#5718 = ORIENTED_EDGE('',*,*,#5719,.F.);
#5719 = EDGE_CURVE('',#5601,#5720,#5722,.T.);
#5720 = VERTEX_POINT('',#5721);
#5721 = CARTESIAN_POINT('',(1.42575E+03,510.,892.));
#5722 = LINE('',#5723,#5724);
#5723 = CARTESIAN_POINT('',(865.75,510.,892.));
#5724 = VECTOR('',#5725,1.);
#5725 = DIRECTION('',(1.,0.,0.));
#5726 = ORIENTED_EDGE('',*,*,#5608,.T.);
#5727 = ORIENTED_EDGE('',*,*,#5671,.T.);
#5728 = ORIENTED_EDGE('',*,*,#5729,.F.);
#5729 = EDGE_CURVE('',#5720,#5664,#5730,.T.);
#5730 = LINE('',#5731,#5732);
#5731 = CARTESIAN_POINT('',(1.42575E+03,510.,892.));
#5732 = VECTOR('',#5733,1.);
#5733 = DIRECTION('',(0.,0.,1.));
#5734 = PLANE('',#5735);
#5735 = AXIS2_PLACEMENT_3D('',#5736,#5737,#5738);
#5736 = CARTESIAN_POINT('',(865.75,510.,892.));
#5737 = DIRECTION('',(0.,1.,0.));
#5738 = DIRECTION('',(0.,0.,1.));
#5739 = ADVANCED_FACE('',(#5740,#5751),#5785,.F.);
#5740 = FACE_BOUND('',#5741,.F.);
#5741 = EDGE_LOOP('',(#5742,#5743,#5744,#5750));
#5742 = ORIENTED_EDGE('',*,*,#5600,.F.);
#5743 = ORIENTED_EDGE('',*,*,#5630,.T.);
#5744 = ORIENTED_EDGE('',*,*,#5745,.T.);
#5745 = EDGE_CURVE('',#5631,#5720,#5746,.T.);
#5746 = LINE('',#5747,#5748);
#5747 = CARTESIAN_POINT('',(1.42575E+03,90.,892.));
#5748 = VECTOR('',#5749,1.);
#5749 = DIRECTION('',(0.,1.,0.));
#5750 = ORIENTED_EDGE('',*,*,#5719,.F.);
#5751 = FACE_BOUND('',#5752,.F.);
#5752 = EDGE_LOOP('',(#5753,#5763,#5771,#5779));
#5753 = ORIENTED_EDGE('',*,*,#5754,.T.);
#5754 = EDGE_CURVE('',#5755,#5757,#5759,.T.);
#5755 = VERTEX_POINT('',#5756);
#5756 = CARTESIAN_POINT('',(1.41375E+03,102.,892.));
#5757 = VERTEX_POINT('',#5758);
#5758 = CARTESIAN_POINT('',(877.75,102.,892.));
#5759 = LINE('',#5760,#5761);
#5760 = CARTESIAN_POINT('',(871.75,102.,892.));
#5761 = VECTOR('',#5762,1.);
#5762 = DIRECTION('',(-1.,0.,0.));
#5763 = ORIENTED_EDGE('',*,*,#5764,.T.);
#5764 = EDGE_CURVE('',#5757,#5765,#5767,.T.);
#5765 = VERTEX_POINT('',#5766);
#5766 = CARTESIAN_POINT('',(877.75,498.,892.));
#5767 = LINE('',#5768,#5769);
#5768 = CARTESIAN_POINT('',(877.75,96.,892.));
#5769 = VECTOR('',#5770,1.);
#5770 = DIRECTION('',(0.,1.,0.));
#5771 = ORIENTED_EDGE('',*,*,#5772,.F.);
#5772 = EDGE_CURVE('',#5773,#5765,#5775,.T.);
#5773 = VERTEX_POINT('',#5774);
#5774 = CARTESIAN_POINT('',(1.41375E+03,498.,892.));
#5775 = LINE('',#5776,#5777);
#5776 = CARTESIAN_POINT('',(871.75,498.,892.));
#5777 = VECTOR('',#5778,1.);
#5778 = DIRECTION('',(-1.,0.,0.));
#5779 = ORIENTED_EDGE('',*,*,#5780,.F.);
#5780 = EDGE_CURVE('',#5755,#5773,#5781,.T.);
#5781 = LINE('',#5782,#5783);
#5782 = CARTESIAN_POINT('',(1.41375E+03,96.,892.));
#5783 = VECTOR('',#5784,1.);
#5784 = DIRECTION('',(0.,1.,0.));
#5785 = PLANE('',#5786);
#5786 = AXIS2_PLACEMENT_3D('',#5787,#5788,#5789);
#5787 = CARTESIAN_POINT('',(865.75,90.,892.));
#5788 = DIRECTION('',(0.,0.,1.));
#5789 = DIRECTION('',(1.,0.,0.));
#5790 = ADVANCED_FACE('',(#5791),#5797,.T.);
#5791 = FACE_BOUND('',#5792,.T.);
#5792 = EDGE_LOOP('',(#5793,#5794,#5795,#5796));
#5793 = ORIENTED_EDGE('',*,*,#5647,.F.);
#5794 = ORIENTED_EDGE('',*,*,#5745,.T.);
#5795 = ORIENTED_EDGE('',*,*,#5729,.T.);
#5796 = ORIENTED_EDGE('',*,*,#5663,.F.);
#5797 = PLANE('',#5798);
#5798 = AXIS2_PLACEMENT_3D('',#5799,#5800,#5801);
#5799 = CARTESIAN_POINT('',(1.42575E+03,90.,892.));
#5800 = DIRECTION('',(1.,0.,0.));
#5801 = DIRECTION('',(0.,0.,1.));
#5802 = ADVANCED_FACE('',(#5803),#5819,.T.);
#5803 = FACE_BOUND('',#5804,.T.);
#5804 = EDGE_LOOP('',(#5805,#5811,#5812,#5818));
#5805 = ORIENTED_EDGE('',*,*,#5806,.F.);
#5806 = EDGE_CURVE('',#5755,#5680,#5807,.T.);
#5807 = LINE('',#5808,#5809);
#5808 = CARTESIAN_POINT('',(1.41375E+03,102.,891.));
#5809 = VECTOR('',#5810,1.);
#5810 = DIRECTION('',(0.,0.,1.));
#5811 = ORIENTED_EDGE('',*,*,#5754,.T.);
#5812 = ORIENTED_EDGE('',*,*,#5813,.T.);
#5813 = EDGE_CURVE('',#5757,#5682,#5814,.T.);
#5814 = LINE('',#5815,#5816);
#5815 = CARTESIAN_POINT('',(877.75,102.,891.));
#5816 = VECTOR('',#5817,1.);
#5817 = DIRECTION('',(0.,0.,1.));
#5818 = ORIENTED_EDGE('',*,*,#5679,.F.);
#5819 = PLANE('',#5820);
#5820 = AXIS2_PLACEMENT_3D('',#5821,#5822,#5823);
#5821 = CARTESIAN_POINT('',(877.75,102.,891.));
#5822 = DIRECTION('',(0.,1.,0.));
#5823 = DIRECTION('',(0.,0.,1.));
#5824 = ADVANCED_FACE('',(#5825),#5836,.F.);
#5825 = FACE_BOUND('',#5826,.F.);
#5826 = EDGE_LOOP('',(#5827,#5828,#5829,#5835));
#5827 = ORIENTED_EDGE('',*,*,#5806,.F.);
#5828 = ORIENTED_EDGE('',*,*,#5780,.T.);
#5829 = ORIENTED_EDGE('',*,*,#5830,.T.);
#5830 = EDGE_CURVE('',#5773,#5698,#5831,.T.);
#5831 = LINE('',#5832,#5833);
#5832 = CARTESIAN_POINT('',(1.41375E+03,498.,891.));
#5833 = VECTOR('',#5834,1.);
#5834 = DIRECTION('',(0.,0.,1.));
#5835 = ORIENTED_EDGE('',*,*,#5705,.F.);
#5836 = PLANE('',#5837);
#5837 = AXIS2_PLACEMENT_3D('',#5838,#5839,#5840);
#5838 = CARTESIAN_POINT('',(1.41375E+03,102.,891.));
#5839 = DIRECTION('',(1.,0.,0.));
#5840 = DIRECTION('',(0.,0.,1.));
#5841 = ADVANCED_FACE('',(#5842),#5853,.F.);
#5842 = FACE_BOUND('',#5843,.F.);
#5843 = EDGE_LOOP('',(#5844,#5845,#5846,#5852));
#5844 = ORIENTED_EDGE('',*,*,#5830,.F.);
#5845 = ORIENTED_EDGE('',*,*,#5772,.T.);
#5846 = ORIENTED_EDGE('',*,*,#5847,.T.);
#5847 = EDGE_CURVE('',#5765,#5690,#5848,.T.);
#5848 = LINE('',#5849,#5850);
#5849 = CARTESIAN_POINT('',(877.75,498.,891.));
#5850 = VECTOR('',#5851,1.);
#5851 = DIRECTION('',(0.,0.,1.));
#5852 = ORIENTED_EDGE('',*,*,#5697,.F.);
#5853 = PLANE('',#5854);
#5854 = AXIS2_PLACEMENT_3D('',#5855,#5856,#5857);
#5855 = CARTESIAN_POINT('',(877.75,498.,891.));
#5856 = DIRECTION('',(0.,1.,0.));
#5857 = DIRECTION('',(0.,0.,1.));
#5858 = ADVANCED_FACE('',(#5859),#5865,.T.);
#5859 = FACE_BOUND('',#5860,.T.);
#5860 = EDGE_LOOP('',(#5861,#5862,#5863,#5864));
#5861 = ORIENTED_EDGE('',*,*,#5813,.F.);
#5862 = ORIENTED_EDGE('',*,*,#5764,.T.);
#5863 = ORIENTED_EDGE('',*,*,#5847,.T.);
#5864 = ORIENTED_EDGE('',*,*,#5689,.F.);
#5865 = PLANE('',#5866);
#5866 = AXIS2_PLACEMENT_3D('',#5867,#5868,#5869);
#5867 = CARTESIAN_POINT('',(877.75,102.,891.));
#5868 = DIRECTION('',(1.,0.,0.));
#5869 = DIRECTION('',(0.,0.,1.));
#5870 = MANIFOLD_SOLID_BREP('',#5871);
#5871 = CLOSED_SHELL('',(#5872,#5944,#5975,#5999,#6023,#6047,#6071,#6095
    ,#6119,#6136));
#5872 = ADVANCED_FACE('',(#5873),#5939,.F.);
#5873 = FACE_BOUND('',#5874,.F.);
#5874 = EDGE_LOOP('',(#5875,#5885,#5893,#5901,#5909,#5917,#5925,#5933));
#5875 = ORIENTED_EDGE('',*,*,#5876,.F.);
#5876 = EDGE_CURVE('',#5877,#5879,#5881,.T.);
#5877 = VERTEX_POINT('',#5878);
#5878 = CARTESIAN_POINT('',(1.13675E+03,0.,870.));
#5879 = VERTEX_POINT('',#5880);
#5880 = CARTESIAN_POINT('',(1.13675E+03,90.,870.));
#5881 = LINE('',#5882,#5883);
#5882 = CARTESIAN_POINT('',(1.13675E+03,0.,870.));
#5883 = VECTOR('',#5884,1.);
#5884 = DIRECTION('',(0.,1.,0.));
#5885 = ORIENTED_EDGE('',*,*,#5886,.F.);
#5886 = EDGE_CURVE('',#5887,#5877,#5889,.T.);
#5887 = VERTEX_POINT('',#5888);
#5888 = CARTESIAN_POINT('',(1.13675E+03,0.,98.));
#5889 = LINE('',#5890,#5891);
#5890 = CARTESIAN_POINT('',(1.13675E+03,0.,98.));
#5891 = VECTOR('',#5892,1.);
#5892 = DIRECTION('',(0.,0.,1.));
#5893 = ORIENTED_EDGE('',*,*,#5894,.T.);
#5894 = EDGE_CURVE('',#5887,#5895,#5897,.T.);
#5895 = VERTEX_POINT('',#5896);
#5896 = CARTESIAN_POINT('',(1.13675E+03,650.,98.));
#5897 = LINE('',#5898,#5899);
#5898 = CARTESIAN_POINT('',(1.13675E+03,0.,98.));
#5899 = VECTOR('',#5900,1.);
#5900 = DIRECTION('',(0.,1.,0.));
#5901 = ORIENTED_EDGE('',*,*,#5902,.T.);
#5902 = EDGE_CURVE('',#5895,#5903,#5905,.T.);
#5903 = VERTEX_POINT('',#5904);
#5904 = CARTESIAN_POINT('',(1.13675E+03,650.,870.));
#5905 = LINE('',#5906,#5907);
#5906 = CARTESIAN_POINT('',(1.13675E+03,650.,98.));
#5907 = VECTOR('',#5908,1.);
#5908 = DIRECTION('',(0.,0.,1.));
#5909 = ORIENTED_EDGE('',*,*,#5910,.F.);
#5910 = EDGE_CURVE('',#5911,#5903,#5913,.T.);
#5911 = VERTEX_POINT('',#5912);
#5912 = CARTESIAN_POINT('',(1.13675E+03,510.,870.));
#5913 = LINE('',#5914,#5915);
#5914 = CARTESIAN_POINT('',(1.13675E+03,0.,870.));
#5915 = VECTOR('',#5916,1.);
#5916 = DIRECTION('',(0.,1.,0.));
#5917 = ORIENTED_EDGE('',*,*,#5918,.F.);
#5918 = EDGE_CURVE('',#5919,#5911,#5921,.T.);
#5919 = VERTEX_POINT('',#5920);
#5920 = CARTESIAN_POINT('',(1.13675E+03,510.,698.));
#5921 = LINE('',#5922,#5923);
#5922 = CARTESIAN_POINT('',(1.13675E+03,510.,398.));
#5923 = VECTOR('',#5924,1.);
#5924 = DIRECTION('',(0.,0.,1.));
#5925 = ORIENTED_EDGE('',*,*,#5926,.T.);
#5926 = EDGE_CURVE('',#5919,#5927,#5929,.T.);
#5927 = VERTEX_POINT('',#5928);
#5928 = CARTESIAN_POINT('',(1.13675E+03,90.,698.));
#5929 = LINE('',#5930,#5931);
#5930 = CARTESIAN_POINT('',(1.13675E+03,45.,698.));
#5931 = VECTOR('',#5932,1.);
#5932 = DIRECTION('',(0.,-1.,0.));
#5933 = ORIENTED_EDGE('',*,*,#5934,.T.);
#5934 = EDGE_CURVE('',#5927,#5879,#5935,.T.);
#5935 = LINE('',#5936,#5937);
#5936 = CARTESIAN_POINT('',(1.13675E+03,90.,398.));
#5937 = VECTOR('',#5938,1.);
#5938 = DIRECTION('',(0.,0.,1.));
#5939 = PLANE('',#5940);
#5940 = AXIS2_PLACEMENT_3D('',#5941,#5942,#5943);
#5941 = CARTESIAN_POINT('',(1.13675E+03,0.,98.));
#5942 = DIRECTION('',(1.,0.,0.));
#5943 = DIRECTION('',(0.,0.,1.));
#5944 = ADVANCED_FACE('',(#5945),#5970,.T.);
#5945 = FACE_BOUND('',#5946,.T.);
#5946 = EDGE_LOOP('',(#5947,#5948,#5956,#5964));
#5947 = ORIENTED_EDGE('',*,*,#5876,.F.);
#5948 = ORIENTED_EDGE('',*,*,#5949,.T.);
#5949 = EDGE_CURVE('',#5877,#5950,#5952,.T.);
#5950 = VERTEX_POINT('',#5951);
#5951 = CARTESIAN_POINT('',(1.15475E+03,0.,870.));
#5952 = LINE('',#5953,#5954);
#5953 = CARTESIAN_POINT('',(1.13675E+03,0.,870.));
#5954 = VECTOR('',#5955,1.);
#5955 = DIRECTION('',(1.,0.,0.));
#5956 = ORIENTED_EDGE('',*,*,#5957,.T.);
#5957 = EDGE_CURVE('',#5950,#5958,#5960,.T.);
#5958 = VERTEX_POINT('',#5959);
#5959 = CARTESIAN_POINT('',(1.15475E+03,90.,870.));
#5960 = LINE('',#5961,#5962);
#5961 = CARTESIAN_POINT('',(1.15475E+03,0.,870.));
#5962 = VECTOR('',#5963,1.);
#5963 = DIRECTION('',(0.,1.,0.));
#5964 = ORIENTED_EDGE('',*,*,#5965,.F.);
#5965 = EDGE_CURVE('',#5879,#5958,#5966,.T.);
#5966 = LINE('',#5967,#5968);
#5967 = CARTESIAN_POINT('',(1.13575E+03,90.,870.));
#5968 = VECTOR('',#5969,1.);
#5969 = DIRECTION('',(1.,0.,0.));
#5970 = PLANE('',#5971);
#5971 = AXIS2_PLACEMENT_3D('',#5972,#5973,#5974);
#5972 = CARTESIAN_POINT('',(1.13675E+03,0.,870.));
#5973 = DIRECTION('',(0.,0.,1.));
#5974 = DIRECTION('',(1.,0.,0.));
#5975 = ADVANCED_FACE('',(#5976),#5994,.T.);
#5976 = FACE_BOUND('',#5977,.T.);
#5977 = EDGE_LOOP('',(#5978,#5986,#5987,#5988));
#5978 = ORIENTED_EDGE('',*,*,#5979,.F.);
#5979 = EDGE_CURVE('',#5927,#5980,#5982,.T.);
#5980 = VERTEX_POINT('',#5981);
#5981 = CARTESIAN_POINT('',(1.15475E+03,90.,698.));
#5982 = LINE('',#5983,#5984);
#5983 = CARTESIAN_POINT('',(1.13575E+03,90.,698.));
#5984 = VECTOR('',#5985,1.);
#5985 = DIRECTION('',(1.,0.,0.));
#5986 = ORIENTED_EDGE('',*,*,#5934,.T.);
#5987 = ORIENTED_EDGE('',*,*,#5965,.T.);
#5988 = ORIENTED_EDGE('',*,*,#5989,.F.);
#5989 = EDGE_CURVE('',#5980,#5958,#5990,.T.);
#5990 = LINE('',#5991,#5992);
#5991 = CARTESIAN_POINT('',(1.15475E+03,90.,398.));
#5992 = VECTOR('',#5993,1.);
#5993 = DIRECTION('',(0.,0.,1.));
#5994 = PLANE('',#5995);
#5995 = AXIS2_PLACEMENT_3D('',#5996,#5997,#5998);
#5996 = CARTESIAN_POINT('',(1.13575E+03,90.,698.));
#5997 = DIRECTION('',(0.,1.,0.));
#5998 = DIRECTION('',(0.,0.,1.));
#5999 = ADVANCED_FACE('',(#6000),#6018,.T.);
#6000 = FACE_BOUND('',#6001,.T.);
#6001 = EDGE_LOOP('',(#6002,#6010,#6011,#6012));
#6002 = ORIENTED_EDGE('',*,*,#6003,.F.);
#6003 = EDGE_CURVE('',#5919,#6004,#6006,.T.);
#6004 = VERTEX_POINT('',#6005);
#6005 = CARTESIAN_POINT('',(1.15475E+03,510.,698.));
#6006 = LINE('',#6007,#6008);
#6007 = CARTESIAN_POINT('',(1.13575E+03,510.,698.));
#6008 = VECTOR('',#6009,1.);
#6009 = DIRECTION('',(1.,0.,0.));
#6010 = ORIENTED_EDGE('',*,*,#5926,.T.);
#6011 = ORIENTED_EDGE('',*,*,#5979,.T.);
#6012 = ORIENTED_EDGE('',*,*,#6013,.F.);
#6013 = EDGE_CURVE('',#6004,#5980,#6014,.T.);
#6014 = LINE('',#6015,#6016);
#6015 = CARTESIAN_POINT('',(1.15475E+03,45.,698.));
#6016 = VECTOR('',#6017,1.);
#6017 = DIRECTION('',(0.,-1.,0.));
#6018 = PLANE('',#6019);
#6019 = AXIS2_PLACEMENT_3D('',#6020,#6021,#6022);
#6020 = CARTESIAN_POINT('',(1.13575E+03,90.,698.));
#6021 = DIRECTION('',(0.,0.,1.));
#6022 = DIRECTION('',(1.,0.,0.));
#6023 = ADVANCED_FACE('',(#6024),#6042,.F.);
#6024 = FACE_BOUND('',#6025,.F.);
#6025 = EDGE_LOOP('',(#6026,#6027,#6028,#6036));
#6026 = ORIENTED_EDGE('',*,*,#6003,.F.);
#6027 = ORIENTED_EDGE('',*,*,#5918,.T.);
#6028 = ORIENTED_EDGE('',*,*,#6029,.T.);
#6029 = EDGE_CURVE('',#5911,#6030,#6032,.T.);
#6030 = VERTEX_POINT('',#6031);
#6031 = CARTESIAN_POINT('',(1.15475E+03,510.,870.));
#6032 = LINE('',#6033,#6034);
#6033 = CARTESIAN_POINT('',(1.13575E+03,510.,870.));
#6034 = VECTOR('',#6035,1.);
#6035 = DIRECTION('',(1.,0.,0.));
#6036 = ORIENTED_EDGE('',*,*,#6037,.F.);
#6037 = EDGE_CURVE('',#6004,#6030,#6038,.T.);
#6038 = LINE('',#6039,#6040);
#6039 = CARTESIAN_POINT('',(1.15475E+03,510.,398.));
#6040 = VECTOR('',#6041,1.);
#6041 = DIRECTION('',(0.,0.,1.));
#6042 = PLANE('',#6043);
#6043 = AXIS2_PLACEMENT_3D('',#6044,#6045,#6046);
#6044 = CARTESIAN_POINT('',(1.13575E+03,510.,698.));
#6045 = DIRECTION('',(0.,1.,0.));
#6046 = DIRECTION('',(0.,0.,1.));
#6047 = ADVANCED_FACE('',(#6048),#6066,.T.);
#6048 = FACE_BOUND('',#6049,.T.);
#6049 = EDGE_LOOP('',(#6050,#6051,#6052,#6060));
#6050 = ORIENTED_EDGE('',*,*,#5910,.F.);
#6051 = ORIENTED_EDGE('',*,*,#6029,.T.);
#6052 = ORIENTED_EDGE('',*,*,#6053,.T.);
#6053 = EDGE_CURVE('',#6030,#6054,#6056,.T.);
#6054 = VERTEX_POINT('',#6055);
#6055 = CARTESIAN_POINT('',(1.15475E+03,650.,870.));
#6056 = LINE('',#6057,#6058);
#6057 = CARTESIAN_POINT('',(1.15475E+03,0.,870.));
#6058 = VECTOR('',#6059,1.);
#6059 = DIRECTION('',(0.,1.,0.));
#6060 = ORIENTED_EDGE('',*,*,#6061,.F.);
#6061 = EDGE_CURVE('',#5903,#6054,#6062,.T.);
#6062 = LINE('',#6063,#6064);
#6063 = CARTESIAN_POINT('',(1.13675E+03,650.,870.));
#6064 = VECTOR('',#6065,1.);
#6065 = DIRECTION('',(1.,0.,0.));
#6066 = PLANE('',#6067);
#6067 = AXIS2_PLACEMENT_3D('',#6068,#6069,#6070);
#6068 = CARTESIAN_POINT('',(1.13675E+03,0.,870.));
#6069 = DIRECTION('',(0.,0.,1.));
#6070 = DIRECTION('',(1.,0.,0.));
#6071 = ADVANCED_FACE('',(#6072),#6090,.T.);
#6072 = FACE_BOUND('',#6073,.T.);
#6073 = EDGE_LOOP('',(#6074,#6082,#6083,#6084));
#6074 = ORIENTED_EDGE('',*,*,#6075,.F.);
#6075 = EDGE_CURVE('',#5895,#6076,#6078,.T.);
#6076 = VERTEX_POINT('',#6077);
#6077 = CARTESIAN_POINT('',(1.15475E+03,650.,98.));
#6078 = LINE('',#6079,#6080);
#6079 = CARTESIAN_POINT('',(1.13675E+03,650.,98.));
#6080 = VECTOR('',#6081,1.);
#6081 = DIRECTION('',(1.,0.,0.));
#6082 = ORIENTED_EDGE('',*,*,#5902,.T.);
#6083 = ORIENTED_EDGE('',*,*,#6061,.T.);
#6084 = ORIENTED_EDGE('',*,*,#6085,.F.);
#6085 = EDGE_CURVE('',#6076,#6054,#6086,.T.);
#6086 = LINE('',#6087,#6088);
#6087 = CARTESIAN_POINT('',(1.15475E+03,650.,98.));
#6088 = VECTOR('',#6089,1.);
#6089 = DIRECTION('',(0.,0.,1.));
#6090 = PLANE('',#6091);
#6091 = AXIS2_PLACEMENT_3D('',#6092,#6093,#6094);
#6092 = CARTESIAN_POINT('',(1.13675E+03,650.,98.));
#6093 = DIRECTION('',(0.,1.,0.));
#6094 = DIRECTION('',(0.,0.,1.));
#6095 = ADVANCED_FACE('',(#6096),#6114,.F.);
#6096 = FACE_BOUND('',#6097,.F.);
#6097 = EDGE_LOOP('',(#6098,#6099,#6107,#6113));
#6098 = ORIENTED_EDGE('',*,*,#5894,.F.);
#6099 = ORIENTED_EDGE('',*,*,#6100,.T.);
#6100 = EDGE_CURVE('',#5887,#6101,#6103,.T.);
#6101 = VERTEX_POINT('',#6102);
#6102 = CARTESIAN_POINT('',(1.15475E+03,0.,98.));
#6103 = LINE('',#6104,#6105);
#6104 = CARTESIAN_POINT('',(1.13675E+03,0.,98.));
#6105 = VECTOR('',#6106,1.);
#6106 = DIRECTION('',(1.,0.,0.));
#6107 = ORIENTED_EDGE('',*,*,#6108,.T.);
#6108 = EDGE_CURVE('',#6101,#6076,#6109,.T.);
#6109 = LINE('',#6110,#6111);
#6110 = CARTESIAN_POINT('',(1.15475E+03,0.,98.));
#6111 = VECTOR('',#6112,1.);
#6112 = DIRECTION('',(0.,1.,0.));
#6113 = ORIENTED_EDGE('',*,*,#6075,.F.);
#6114 = PLANE('',#6115);
#6115 = AXIS2_PLACEMENT_3D('',#6116,#6117,#6118);
#6116 = CARTESIAN_POINT('',(1.13675E+03,0.,98.));
#6117 = DIRECTION('',(0.,0.,1.));
#6118 = DIRECTION('',(1.,0.,0.));
#6119 = ADVANCED_FACE('',(#6120),#6131,.F.);
#6120 = FACE_BOUND('',#6121,.F.);
#6121 = EDGE_LOOP('',(#6122,#6123,#6124,#6125));
#6122 = ORIENTED_EDGE('',*,*,#6100,.F.);
#6123 = ORIENTED_EDGE('',*,*,#5886,.T.);
#6124 = ORIENTED_EDGE('',*,*,#5949,.T.);
#6125 = ORIENTED_EDGE('',*,*,#6126,.F.);
#6126 = EDGE_CURVE('',#6101,#5950,#6127,.T.);
#6127 = LINE('',#6128,#6129);
#6128 = CARTESIAN_POINT('',(1.15475E+03,0.,98.));
#6129 = VECTOR('',#6130,1.);
#6130 = DIRECTION('',(0.,0.,1.));
#6131 = PLANE('',#6132);
#6132 = AXIS2_PLACEMENT_3D('',#6133,#6134,#6135);
#6133 = CARTESIAN_POINT('',(1.13675E+03,0.,98.));
#6134 = DIRECTION('',(0.,1.,0.));
#6135 = DIRECTION('',(0.,0.,1.));
#6136 = ADVANCED_FACE('',(#6137),#6147,.T.);
#6137 = FACE_BOUND('',#6138,.T.);
#6138 = EDGE_LOOP('',(#6139,#6140,#6141,#6142,#6143,#6144,#6145,#6146));
#6139 = ORIENTED_EDGE('',*,*,#5957,.F.);
#6140 = ORIENTED_EDGE('',*,*,#6126,.F.);
#6141 = ORIENTED_EDGE('',*,*,#6108,.T.);
#6142 = ORIENTED_EDGE('',*,*,#6085,.T.);
#6143 = ORIENTED_EDGE('',*,*,#6053,.F.);
#6144 = ORIENTED_EDGE('',*,*,#6037,.F.);
#6145 = ORIENTED_EDGE('',*,*,#6013,.T.);
#6146 = ORIENTED_EDGE('',*,*,#5989,.T.);
#6147 = PLANE('',#6148);
#6148 = AXIS2_PLACEMENT_3D('',#6149,#6150,#6151);
#6149 = CARTESIAN_POINT('',(1.15475E+03,0.,98.));
#6150 = DIRECTION('',(1.,0.,0.));
#6151 = DIRECTION('',(0.,0.,1.));
#6152 = MANIFOLD_SOLID_BREP('',#6153);
#6153 = CLOSED_SHELL('',(#6154,#6194,#6234,#6256,#6278,#6290));
#6154 = ADVANCED_FACE('',(#6155),#6189,.F.);
#6155 = FACE_BOUND('',#6156,.F.);
#6156 = EDGE_LOOP('',(#6157,#6167,#6175,#6183));
#6157 = ORIENTED_EDGE('',*,*,#6158,.F.);
#6158 = EDGE_CURVE('',#6159,#6161,#6163,.T.);
#6159 = VERTEX_POINT('',#6160);
#6160 = CARTESIAN_POINT('',(-40.,650.,80.));
#6161 = VERTEX_POINT('',#6162);
#6162 = CARTESIAN_POINT('',(-40.,650.,1.08E+03));
#6163 = LINE('',#6164,#6165);
#6164 = CARTESIAN_POINT('',(-40.,650.,80.));
#6165 = VECTOR('',#6166,1.);
#6166 = DIRECTION('',(0.,0.,1.));
#6167 = ORIENTED_EDGE('',*,*,#6168,.T.);
#6168 = EDGE_CURVE('',#6159,#6169,#6171,.T.);
#6169 = VERTEX_POINT('',#6170);
#6170 = CARTESIAN_POINT('',(-40.,668.,80.));
#6171 = LINE('',#6172,#6173);
#6172 = CARTESIAN_POINT('',(-40.,650.,80.));
#6173 = VECTOR('',#6174,1.);
#6174 = DIRECTION('',(0.,1.,0.));
#6175 = ORIENTED_EDGE('',*,*,#6176,.T.);
#6176 = EDGE_CURVE('',#6169,#6177,#6179,.T.);
#6177 = VERTEX_POINT('',#6178);
#6178 = CARTESIAN_POINT('',(-40.,668.,1.08E+03));
#6179 = LINE('',#6180,#6181);
#6180 = CARTESIAN_POINT('',(-40.,668.,80.));
#6181 = VECTOR('',#6182,1.);
#6182 = DIRECTION('',(0.,0.,1.));
#6183 = ORIENTED_EDGE('',*,*,#6184,.F.);
#6184 = EDGE_CURVE('',#6161,#6177,#6185,.T.);
#6185 = LINE('',#6186,#6187);
#6186 = CARTESIAN_POINT('',(-40.,650.,1.08E+03));
#6187 = VECTOR('',#6188,1.);
#6188 = DIRECTION('',(0.,1.,0.));
#6189 = PLANE('',#6190);
#6190 = AXIS2_PLACEMENT_3D('',#6191,#6192,#6193);
#6191 = CARTESIAN_POINT('',(-40.,650.,80.));
#6192 = DIRECTION('',(1.,0.,0.));
#6193 = DIRECTION('',(0.,0.,1.));
#6194 = ADVANCED_FACE('',(#6195),#6229,.T.);
#6195 = FACE_BOUND('',#6196,.T.);
#6196 = EDGE_LOOP('',(#6197,#6207,#6215,#6223));
#6197 = ORIENTED_EDGE('',*,*,#6198,.F.);
#6198 = EDGE_CURVE('',#6199,#6201,#6203,.T.);
#6199 = VERTEX_POINT('',#6200);
#6200 = CARTESIAN_POINT('',(1.68E+03,650.,80.));
#6201 = VERTEX_POINT('',#6202);
#6202 = CARTESIAN_POINT('',(1.68E+03,650.,1.08E+03));
#6203 = LINE('',#6204,#6205);
#6204 = CARTESIAN_POINT('',(1.68E+03,650.,80.));
#6205 = VECTOR('',#6206,1.);
#6206 = DIRECTION('',(0.,0.,1.));
#6207 = ORIENTED_EDGE('',*,*,#6208,.T.);
#6208 = EDGE_CURVE('',#6199,#6209,#6211,.T.);
#6209 = VERTEX_POINT('',#6210);
#6210 = CARTESIAN_POINT('',(1.68E+03,668.,80.));
#6211 = LINE('',#6212,#6213);
#6212 = CARTESIAN_POINT('',(1.68E+03,650.,80.));
#6213 = VECTOR('',#6214,1.);
#6214 = DIRECTION('',(0.,1.,0.));
#6215 = ORIENTED_EDGE('',*,*,#6216,.T.);
#6216 = EDGE_CURVE('',#6209,#6217,#6219,.T.);
#6217 = VERTEX_POINT('',#6218);
#6218 = CARTESIAN_POINT('',(1.68E+03,668.,1.08E+03));
#6219 = LINE('',#6220,#6221);
#6220 = CARTESIAN_POINT('',(1.68E+03,668.,80.));
#6221 = VECTOR('',#6222,1.);
#6222 = DIRECTION('',(0.,0.,1.));
#6223 = ORIENTED_EDGE('',*,*,#6224,.F.);
#6224 = EDGE_CURVE('',#6201,#6217,#6225,.T.);
#6225 = LINE('',#6226,#6227);
#6226 = CARTESIAN_POINT('',(1.68E+03,650.,1.08E+03));
#6227 = VECTOR('',#6228,1.);
#6228 = DIRECTION('',(0.,1.,0.));
#6229 = PLANE('',#6230);
#6230 = AXIS2_PLACEMENT_3D('',#6231,#6232,#6233);
#6231 = CARTESIAN_POINT('',(1.68E+03,650.,80.));
#6232 = DIRECTION('',(1.,0.,0.));
#6233 = DIRECTION('',(0.,0.,1.));
#6234 = ADVANCED_FACE('',(#6235),#6251,.F.);
#6235 = FACE_BOUND('',#6236,.F.);
#6236 = EDGE_LOOP('',(#6237,#6243,#6244,#6250));
#6237 = ORIENTED_EDGE('',*,*,#6238,.F.);
#6238 = EDGE_CURVE('',#6159,#6199,#6239,.T.);
#6239 = LINE('',#6240,#6241);
#6240 = CARTESIAN_POINT('',(-40.,650.,80.));
#6241 = VECTOR('',#6242,1.);
#6242 = DIRECTION('',(1.,0.,0.));
#6243 = ORIENTED_EDGE('',*,*,#6158,.T.);
#6244 = ORIENTED_EDGE('',*,*,#6245,.T.);
#6245 = EDGE_CURVE('',#6161,#6201,#6246,.T.);
#6246 = LINE('',#6247,#6248);
#6247 = CARTESIAN_POINT('',(-40.,650.,1.08E+03));
#6248 = VECTOR('',#6249,1.);
#6249 = DIRECTION('',(1.,0.,0.));
#6250 = ORIENTED_EDGE('',*,*,#6198,.F.);
#6251 = PLANE('',#6252);
#6252 = AXIS2_PLACEMENT_3D('',#6253,#6254,#6255);
#6253 = CARTESIAN_POINT('',(-40.,650.,80.));
#6254 = DIRECTION('',(0.,1.,0.));
#6255 = DIRECTION('',(0.,0.,1.));
#6256 = ADVANCED_FACE('',(#6257),#6273,.T.);
#6257 = FACE_BOUND('',#6258,.T.);
#6258 = EDGE_LOOP('',(#6259,#6265,#6266,#6272));
#6259 = ORIENTED_EDGE('',*,*,#6260,.F.);
#6260 = EDGE_CURVE('',#6169,#6209,#6261,.T.);
#6261 = LINE('',#6262,#6263);
#6262 = CARTESIAN_POINT('',(-40.,668.,80.));
#6263 = VECTOR('',#6264,1.);
#6264 = DIRECTION('',(1.,0.,0.));
#6265 = ORIENTED_EDGE('',*,*,#6176,.T.);
#6266 = ORIENTED_EDGE('',*,*,#6267,.T.);
#6267 = EDGE_CURVE('',#6177,#6217,#6268,.T.);
#6268 = LINE('',#6269,#6270);
#6269 = CARTESIAN_POINT('',(-40.,668.,1.08E+03));
#6270 = VECTOR('',#6271,1.);
#6271 = DIRECTION('',(1.,0.,0.));
#6272 = ORIENTED_EDGE('',*,*,#6216,.F.);
#6273 = PLANE('',#6274);
#6274 = AXIS2_PLACEMENT_3D('',#6275,#6276,#6277);
#6275 = CARTESIAN_POINT('',(-40.,668.,80.));
#6276 = DIRECTION('',(0.,1.,0.));
#6277 = DIRECTION('',(0.,0.,1.));
#6278 = ADVANCED_FACE('',(#6279),#6285,.F.);
#6279 = FACE_BOUND('',#6280,.F.);
#6280 = EDGE_LOOP('',(#6281,#6282,#6283,#6284));
#6281 = ORIENTED_EDGE('',*,*,#6168,.F.);
#6282 = ORIENTED_EDGE('',*,*,#6238,.T.);
#6283 = ORIENTED_EDGE('',*,*,#6208,.T.);
#6284 = ORIENTED_EDGE('',*,*,#6260,.F.);
#6285 = PLANE('',#6286);
#6286 = AXIS2_PLACEMENT_3D('',#6287,#6288,#6289);
#6287 = CARTESIAN_POINT('',(-40.,650.,80.));
#6288 = DIRECTION('',(0.,0.,1.));
#6289 = DIRECTION('',(1.,0.,0.));
#6290 = ADVANCED_FACE('',(#6291),#6297,.T.);
#6291 = FACE_BOUND('',#6292,.T.);
#6292 = EDGE_LOOP('',(#6293,#6294,#6295,#6296));
#6293 = ORIENTED_EDGE('',*,*,#6184,.F.);
#6294 = ORIENTED_EDGE('',*,*,#6245,.T.);
#6295 = ORIENTED_EDGE('',*,*,#6224,.T.);
#6296 = ORIENTED_EDGE('',*,*,#6267,.F.);
#6297 = PLANE('',#6298);
#6298 = AXIS2_PLACEMENT_3D('',#6299,#6300,#6301);
#6299 = CARTESIAN_POINT('',(-40.,650.,1.08E+03));
#6300 = DIRECTION('',(0.,0.,1.));
#6301 = DIRECTION('',(1.,0.,0.));
#6302 = MANIFOLD_SOLID_BREP('',#6303);
#6303 = CLOSED_SHELL('',(#6304,#6344,#6409,#6433,#6491,#6508,#6520,#6542
    ,#6559,#6576));
#6304 = ADVANCED_FACE('',(#6305),#6339,.F.);
#6305 = FACE_BOUND('',#6306,.F.);
#6306 = EDGE_LOOP('',(#6307,#6317,#6325,#6333));
#6307 = ORIENTED_EDGE('',*,*,#6308,.F.);
#6308 = EDGE_CURVE('',#6309,#6311,#6313,.T.);
#6309 = VERTEX_POINT('',#6310);
#6310 = CARTESIAN_POINT('',(-40.,590.,900.));
#6311 = VERTEX_POINT('',#6312);
#6312 = CARTESIAN_POINT('',(-40.,590.,1.08E+03));
#6313 = LINE('',#6314,#6315);
#6314 = CARTESIAN_POINT('',(-40.,590.,900.));
#6315 = VECTOR('',#6316,1.);
#6316 = DIRECTION('',(0.,0.,1.));
#6317 = ORIENTED_EDGE('',*,*,#6318,.T.);
#6318 = EDGE_CURVE('',#6309,#6319,#6321,.T.);
#6319 = VERTEX_POINT('',#6320);
#6320 = CARTESIAN_POINT('',(-40.,620.,900.));
#6321 = LINE('',#6322,#6323);
#6322 = CARTESIAN_POINT('',(-40.,590.,900.));
#6323 = VECTOR('',#6324,1.);
#6324 = DIRECTION('',(0.,1.,0.));
#6325 = ORIENTED_EDGE('',*,*,#6326,.T.);
#6326 = EDGE_CURVE('',#6319,#6327,#6329,.T.);
#6327 = VERTEX_POINT('',#6328);
#6328 = CARTESIAN_POINT('',(-40.,620.,1.08E+03));
#6329 = LINE('',#6330,#6331);
#6330 = CARTESIAN_POINT('',(-40.,620.,900.));
#6331 = VECTOR('',#6332,1.);
#6332 = DIRECTION('',(0.,0.,1.));
#6333 = ORIENTED_EDGE('',*,*,#6334,.F.);
#6334 = EDGE_CURVE('',#6311,#6327,#6335,.T.);
#6335 = LINE('',#6336,#6337);
#6336 = CARTESIAN_POINT('',(-40.,590.,1.08E+03));
#6337 = VECTOR('',#6338,1.);
#6338 = DIRECTION('',(0.,1.,0.));
#6339 = PLANE('',#6340);
#6340 = AXIS2_PLACEMENT_3D('',#6341,#6342,#6343);
#6341 = CARTESIAN_POINT('',(-40.,590.,900.));
#6342 = DIRECTION('',(1.,0.,0.));
#6343 = DIRECTION('',(0.,0.,1.));
#6344 = ADVANCED_FACE('',(#6345,#6370),#6404,.F.);
#6345 = FACE_BOUND('',#6346,.F.);
#6346 = EDGE_LOOP('',(#6347,#6355,#6356,#6364));
#6347 = ORIENTED_EDGE('',*,*,#6348,.F.);
#6348 = EDGE_CURVE('',#6309,#6349,#6351,.T.);
#6349 = VERTEX_POINT('',#6350);
#6350 = CARTESIAN_POINT('',(1.68E+03,590.,900.));
#6351 = LINE('',#6352,#6353);
#6352 = CARTESIAN_POINT('',(-40.,590.,900.));
#6353 = VECTOR('',#6354,1.);
#6354 = DIRECTION('',(1.,0.,0.));
#6355 = ORIENTED_EDGE('',*,*,#6308,.T.);
#6356 = ORIENTED_EDGE('',*,*,#6357,.T.);
#6357 = EDGE_CURVE('',#6311,#6358,#6360,.T.);
#6358 = VERTEX_POINT('',#6359);
#6359 = CARTESIAN_POINT('',(1.68E+03,590.,1.08E+03));
#6360 = LINE('',#6361,#6362);
#6361 = CARTESIAN_POINT('',(-40.,590.,1.08E+03));
#6362 = VECTOR('',#6363,1.);
#6363 = DIRECTION('',(1.,0.,0.));
#6364 = ORIENTED_EDGE('',*,*,#6365,.F.);
#6365 = EDGE_CURVE('',#6349,#6358,#6366,.T.);
#6366 = LINE('',#6367,#6368);
#6367 = CARTESIAN_POINT('',(1.68E+03,590.,900.));
#6368 = VECTOR('',#6369,1.);
#6369 = DIRECTION('',(0.,0.,1.));
#6370 = FACE_BOUND('',#6371,.F.);
#6371 = EDGE_LOOP('',(#6372,#6382,#6390,#6398));
#6372 = ORIENTED_EDGE('',*,*,#6373,.F.);
#6373 = EDGE_CURVE('',#6374,#6376,#6378,.T.);
#6374 = VERTEX_POINT('',#6375);
#6375 = CARTESIAN_POINT('',(330.,590.,1.015E+03));
#6376 = VERTEX_POINT('',#6377);
#6377 = CARTESIAN_POINT('',(430.,590.,1.015E+03));
#6378 = LINE('',#6379,#6380);
#6379 = CARTESIAN_POINT('',(145.,590.,1.015E+03));
#6380 = VECTOR('',#6381,1.);
#6381 = DIRECTION('',(1.,0.,0.));
#6382 = ORIENTED_EDGE('',*,*,#6383,.T.);
#6383 = EDGE_CURVE('',#6374,#6384,#6386,.T.);
#6384 = VERTEX_POINT('',#6385);
#6385 = CARTESIAN_POINT('',(330.,590.,965.));
#6386 = LINE('',#6387,#6388);
#6387 = CARTESIAN_POINT('',(330.,590.,932.5));
#6388 = VECTOR('',#6389,1.);
#6389 = DIRECTION('',(0.,0.,-1.));
#6390 = ORIENTED_EDGE('',*,*,#6391,.T.);
#6391 = EDGE_CURVE('',#6384,#6392,#6394,.T.);
#6392 = VERTEX_POINT('',#6393);
#6393 = CARTESIAN_POINT('',(430.,590.,965.));
#6394 = LINE('',#6395,#6396);
#6395 = CARTESIAN_POINT('',(145.,590.,965.));
#6396 = VECTOR('',#6397,1.);
#6397 = DIRECTION('',(1.,0.,0.));
#6398 = ORIENTED_EDGE('',*,*,#6399,.F.);
#6399 = EDGE_CURVE('',#6376,#6392,#6400,.T.);
#6400 = LINE('',#6401,#6402);
#6401 = CARTESIAN_POINT('',(430.,590.,932.5));
#6402 = VECTOR('',#6403,1.);
#6403 = DIRECTION('',(0.,0.,-1.));
#6404 = PLANE('',#6405);
#6405 = AXIS2_PLACEMENT_3D('',#6406,#6407,#6408);
#6406 = CARTESIAN_POINT('',(-40.,590.,900.));
#6407 = DIRECTION('',(0.,1.,0.));
#6408 = DIRECTION('',(0.,0.,1.));
#6409 = ADVANCED_FACE('',(#6410),#6428,.T.);
#6410 = FACE_BOUND('',#6411,.T.);
#6411 = EDGE_LOOP('',(#6412,#6413,#6414,#6422));
#6412 = ORIENTED_EDGE('',*,*,#6334,.F.);
#6413 = ORIENTED_EDGE('',*,*,#6357,.T.);
#6414 = ORIENTED_EDGE('',*,*,#6415,.T.);
#6415 = EDGE_CURVE('',#6358,#6416,#6418,.T.);
#6416 = VERTEX_POINT('',#6417);
#6417 = CARTESIAN_POINT('',(1.68E+03,620.,1.08E+03));
#6418 = LINE('',#6419,#6420);
#6419 = CARTESIAN_POINT('',(1.68E+03,590.,1.08E+03));
#6420 = VECTOR('',#6421,1.);
#6421 = DIRECTION('',(0.,1.,0.));
#6422 = ORIENTED_EDGE('',*,*,#6423,.F.);
#6423 = EDGE_CURVE('',#6327,#6416,#6424,.T.);
#6424 = LINE('',#6425,#6426);
#6425 = CARTESIAN_POINT('',(-40.,620.,1.08E+03));
#6426 = VECTOR('',#6427,1.);
#6427 = DIRECTION('',(1.,0.,0.));
#6428 = PLANE('',#6429);
#6429 = AXIS2_PLACEMENT_3D('',#6430,#6431,#6432);
#6430 = CARTESIAN_POINT('',(-40.,590.,1.08E+03));
#6431 = DIRECTION('',(0.,0.,1.));
#6432 = DIRECTION('',(1.,0.,0.));
#6433 = ADVANCED_FACE('',(#6434,#6452),#6486,.T.);
#6434 = FACE_BOUND('',#6435,.T.);
#6435 = EDGE_LOOP('',(#6436,#6444,#6445,#6446));
#6436 = ORIENTED_EDGE('',*,*,#6437,.F.);
#6437 = EDGE_CURVE('',#6319,#6438,#6440,.T.);
#6438 = VERTEX_POINT('',#6439);
#6439 = CARTESIAN_POINT('',(1.68E+03,620.,900.));
#6440 = LINE('',#6441,#6442);
#6441 = CARTESIAN_POINT('',(-40.,620.,900.));
#6442 = VECTOR('',#6443,1.);
#6443 = DIRECTION('',(1.,0.,0.));
#6444 = ORIENTED_EDGE('',*,*,#6326,.T.);
#6445 = ORIENTED_EDGE('',*,*,#6423,.T.);
#6446 = ORIENTED_EDGE('',*,*,#6447,.F.);
#6447 = EDGE_CURVE('',#6438,#6416,#6448,.T.);
#6448 = LINE('',#6449,#6450);
#6449 = CARTESIAN_POINT('',(1.68E+03,620.,900.));
#6450 = VECTOR('',#6451,1.);
#6451 = DIRECTION('',(0.,0.,1.));
#6452 = FACE_BOUND('',#6453,.T.);
#6453 = EDGE_LOOP('',(#6454,#6464,#6472,#6480));
#6454 = ORIENTED_EDGE('',*,*,#6455,.F.);
#6455 = EDGE_CURVE('',#6456,#6458,#6460,.T.);
#6456 = VERTEX_POINT('',#6457);
#6457 = CARTESIAN_POINT('',(330.,620.,1.015E+03));
#6458 = VERTEX_POINT('',#6459);
#6459 = CARTESIAN_POINT('',(430.,620.,1.015E+03));
#6460 = LINE('',#6461,#6462);
#6461 = CARTESIAN_POINT('',(145.,620.,1.015E+03));
#6462 = VECTOR('',#6463,1.);
#6463 = DIRECTION('',(1.,0.,0.));
#6464 = ORIENTED_EDGE('',*,*,#6465,.T.);
#6465 = EDGE_CURVE('',#6456,#6466,#6468,.T.);
#6466 = VERTEX_POINT('',#6467);
#6467 = CARTESIAN_POINT('',(330.,620.,965.));
#6468 = LINE('',#6469,#6470);
#6469 = CARTESIAN_POINT('',(330.,620.,932.5));
#6470 = VECTOR('',#6471,1.);
#6471 = DIRECTION('',(0.,0.,-1.));
#6472 = ORIENTED_EDGE('',*,*,#6473,.T.);
#6473 = EDGE_CURVE('',#6466,#6474,#6476,.T.);
#6474 = VERTEX_POINT('',#6475);
#6475 = CARTESIAN_POINT('',(430.,620.,965.));
#6476 = LINE('',#6477,#6478);
#6477 = CARTESIAN_POINT('',(145.,620.,965.));
#6478 = VECTOR('',#6479,1.);
#6479 = DIRECTION('',(1.,0.,0.));
#6480 = ORIENTED_EDGE('',*,*,#6481,.F.);
#6481 = EDGE_CURVE('',#6458,#6474,#6482,.T.);
#6482 = LINE('',#6483,#6484);
#6483 = CARTESIAN_POINT('',(430.,620.,932.5));
#6484 = VECTOR('',#6485,1.);
#6485 = DIRECTION('',(0.,0.,-1.));
#6486 = PLANE('',#6487);
#6487 = AXIS2_PLACEMENT_3D('',#6488,#6489,#6490);
#6488 = CARTESIAN_POINT('',(-40.,620.,900.));
#6489 = DIRECTION('',(0.,1.,0.));
#6490 = DIRECTION('',(0.,0.,1.));
#6491 = ADVANCED_FACE('',(#6492),#6503,.F.);
#6492 = FACE_BOUND('',#6493,.F.);
#6493 = EDGE_LOOP('',(#6494,#6495,#6496,#6502));
#6494 = ORIENTED_EDGE('',*,*,#6318,.F.);
#6495 = ORIENTED_EDGE('',*,*,#6348,.T.);
#6496 = ORIENTED_EDGE('',*,*,#6497,.T.);
#6497 = EDGE_CURVE('',#6349,#6438,#6498,.T.);
#6498 = LINE('',#6499,#6500);
#6499 = CARTESIAN_POINT('',(1.68E+03,590.,900.));
#6500 = VECTOR('',#6501,1.);
#6501 = DIRECTION('',(0.,1.,0.));
#6502 = ORIENTED_EDGE('',*,*,#6437,.F.);
#6503 = PLANE('',#6504);
#6504 = AXIS2_PLACEMENT_3D('',#6505,#6506,#6507);
#6505 = CARTESIAN_POINT('',(-40.,590.,900.));
#6506 = DIRECTION('',(0.,0.,1.));
#6507 = DIRECTION('',(1.,0.,0.));
#6508 = ADVANCED_FACE('',(#6509),#6515,.T.);
#6509 = FACE_BOUND('',#6510,.T.);
#6510 = EDGE_LOOP('',(#6511,#6512,#6513,#6514));
#6511 = ORIENTED_EDGE('',*,*,#6365,.F.);
#6512 = ORIENTED_EDGE('',*,*,#6497,.T.);
#6513 = ORIENTED_EDGE('',*,*,#6447,.T.);
#6514 = ORIENTED_EDGE('',*,*,#6415,.F.);
#6515 = PLANE('',#6516);
#6516 = AXIS2_PLACEMENT_3D('',#6517,#6518,#6519);
#6517 = CARTESIAN_POINT('',(1.68E+03,590.,900.));
#6518 = DIRECTION('',(1.,0.,0.));
#6519 = DIRECTION('',(0.,0.,1.));
#6520 = ADVANCED_FACE('',(#6521),#6537,.F.);
#6521 = FACE_BOUND('',#6522,.F.);
#6522 = EDGE_LOOP('',(#6523,#6529,#6530,#6536));
#6523 = ORIENTED_EDGE('',*,*,#6524,.F.);
#6524 = EDGE_CURVE('',#6374,#6456,#6525,.T.);
#6525 = LINE('',#6526,#6527);
#6526 = CARTESIAN_POINT('',(330.,585.,1.015E+03));
#6527 = VECTOR('',#6528,1.);
#6528 = DIRECTION('',(0.,1.,0.));
#6529 = ORIENTED_EDGE('',*,*,#6373,.T.);
#6530 = ORIENTED_EDGE('',*,*,#6531,.T.);
#6531 = EDGE_CURVE('',#6376,#6458,#6532,.T.);
#6532 = LINE('',#6533,#6534);
#6533 = CARTESIAN_POINT('',(430.,585.,1.015E+03));
#6534 = VECTOR('',#6535,1.);
#6535 = DIRECTION('',(0.,1.,0.));
#6536 = ORIENTED_EDGE('',*,*,#6455,.F.);
#6537 = PLANE('',#6538);
#6538 = AXIS2_PLACEMENT_3D('',#6539,#6540,#6541);
#6539 = CARTESIAN_POINT('',(330.,585.,1.015E+03));
#6540 = DIRECTION('',(0.,0.,1.));
#6541 = DIRECTION('',(1.,0.,0.));
#6542 = ADVANCED_FACE('',(#6543),#6554,.F.);
#6543 = FACE_BOUND('',#6544,.F.);
#6544 = EDGE_LOOP('',(#6545,#6546,#6547,#6553));
#6545 = ORIENTED_EDGE('',*,*,#6531,.F.);
#6546 = ORIENTED_EDGE('',*,*,#6399,.T.);
#6547 = ORIENTED_EDGE('',*,*,#6548,.T.);
#6548 = EDGE_CURVE('',#6392,#6474,#6549,.T.);
#6549 = LINE('',#6550,#6551);
#6550 = CARTESIAN_POINT('',(430.,585.,965.));
#6551 = VECTOR('',#6552,1.);
#6552 = DIRECTION('',(0.,1.,0.));
#6553 = ORIENTED_EDGE('',*,*,#6481,.F.);
#6554 = PLANE('',#6555);
#6555 = AXIS2_PLACEMENT_3D('',#6556,#6557,#6558);
#6556 = CARTESIAN_POINT('',(430.,585.,965.));
#6557 = DIRECTION('',(1.,0.,0.));
#6558 = DIRECTION('',(0.,0.,1.));
#6559 = ADVANCED_FACE('',(#6560),#6571,.T.);
#6560 = FACE_BOUND('',#6561,.T.);
#6561 = EDGE_LOOP('',(#6562,#6568,#6569,#6570));
#6562 = ORIENTED_EDGE('',*,*,#6563,.F.);
#6563 = EDGE_CURVE('',#6384,#6466,#6564,.T.);
#6564 = LINE('',#6565,#6566);
#6565 = CARTESIAN_POINT('',(330.,585.,965.));
#6566 = VECTOR('',#6567,1.);
#6567 = DIRECTION('',(0.,1.,0.));
#6568 = ORIENTED_EDGE('',*,*,#6391,.T.);
#6569 = ORIENTED_EDGE('',*,*,#6548,.T.);
#6570 = ORIENTED_EDGE('',*,*,#6473,.F.);
#6571 = PLANE('',#6572);
#6572 = AXIS2_PLACEMENT_3D('',#6573,#6574,#6575);
#6573 = CARTESIAN_POINT('',(330.,585.,965.));
#6574 = DIRECTION('',(0.,0.,1.));
#6575 = DIRECTION('',(1.,0.,0.));
#6576 = ADVANCED_FACE('',(#6577),#6583,.T.);
#6577 = FACE_BOUND('',#6578,.T.);
#6578 = EDGE_LOOP('',(#6579,#6580,#6581,#6582));
#6579 = ORIENTED_EDGE('',*,*,#6524,.F.);
#6580 = ORIENTED_EDGE('',*,*,#6383,.T.);
#6581 = ORIENTED_EDGE('',*,*,#6563,.T.);
#6582 = ORIENTED_EDGE('',*,*,#6465,.F.);
#6583 = PLANE('',#6584);
#6584 = AXIS2_PLACEMENT_3D('',#6585,#6586,#6587);
#6585 = CARTESIAN_POINT('',(330.,585.,965.));
#6586 = DIRECTION('',(1.,0.,0.));
#6587 = DIRECTION('',(0.,0.,1.));
#6588 = MANIFOLD_SOLID_BREP('',#6589);
#6589 = CLOSED_SHELL('',(#6590,#6630,#6670,#6692,#6714,#6726));
#6590 = ADVANCED_FACE('',(#6591),#6625,.F.);
#6591 = FACE_BOUND('',#6592,.F.);
#6592 = EDGE_LOOP('',(#6593,#6603,#6611,#6619));
#6593 = ORIENTED_EDGE('',*,*,#6594,.F.);
#6594 = EDGE_CURVE('',#6595,#6597,#6599,.T.);
#6595 = VERTEX_POINT('',#6596);
#6596 = CARTESIAN_POINT('',(-40.,620.,870.));
#6597 = VERTEX_POINT('',#6598);
#6598 = CARTESIAN_POINT('',(-40.,620.,1.08E+03));
#6599 = LINE('',#6600,#6601);
#6600 = CARTESIAN_POINT('',(-40.,620.,870.));
#6601 = VECTOR('',#6602,1.);
#6602 = DIRECTION('',(0.,0.,1.));
#6603 = ORIENTED_EDGE('',*,*,#6604,.T.);
#6604 = EDGE_CURVE('',#6595,#6605,#6607,.T.);
#6605 = VERTEX_POINT('',#6606);
#6606 = CARTESIAN_POINT('',(-40.,650.,870.));
#6607 = LINE('',#6608,#6609);
#6608 = CARTESIAN_POINT('',(-40.,620.,870.));
#6609 = VECTOR('',#6610,1.);
#6610 = DIRECTION('',(0.,1.,0.));
#6611 = ORIENTED_EDGE('',*,*,#6612,.T.);
#6612 = EDGE_CURVE('',#6605,#6613,#6615,.T.);
#6613 = VERTEX_POINT('',#6614);
#6614 = CARTESIAN_POINT('',(-40.,650.,1.08E+03));
#6615 = LINE('',#6616,#6617);
#6616 = CARTESIAN_POINT('',(-40.,650.,870.));
#6617 = VECTOR('',#6618,1.);
#6618 = DIRECTION('',(0.,0.,1.));
#6619 = ORIENTED_EDGE('',*,*,#6620,.F.);
#6620 = EDGE_CURVE('',#6597,#6613,#6621,.T.);
#6621 = LINE('',#6622,#6623);
#6622 = CARTESIAN_POINT('',(-40.,620.,1.08E+03));
#6623 = VECTOR('',#6624,1.);
#6624 = DIRECTION('',(0.,1.,0.));
#6625 = PLANE('',#6626);
#6626 = AXIS2_PLACEMENT_3D('',#6627,#6628,#6629);
#6627 = CARTESIAN_POINT('',(-40.,620.,870.));
#6628 = DIRECTION('',(1.,0.,0.));
#6629 = DIRECTION('',(0.,0.,1.));
#6630 = ADVANCED_FACE('',(#6631),#6665,.T.);
#6631 = FACE_BOUND('',#6632,.T.);
#6632 = EDGE_LOOP('',(#6633,#6643,#6651,#6659));
#6633 = ORIENTED_EDGE('',*,*,#6634,.F.);
#6634 = EDGE_CURVE('',#6635,#6637,#6639,.T.);
#6635 = VERTEX_POINT('',#6636);
#6636 = CARTESIAN_POINT('',(-10.,620.,870.));
#6637 = VERTEX_POINT('',#6638);
#6638 = CARTESIAN_POINT('',(-10.,620.,1.08E+03));
#6639 = LINE('',#6640,#6641);
#6640 = CARTESIAN_POINT('',(-10.,620.,870.));
#6641 = VECTOR('',#6642,1.);
#6642 = DIRECTION('',(0.,0.,1.));
#6643 = ORIENTED_EDGE('',*,*,#6644,.T.);
#6644 = EDGE_CURVE('',#6635,#6645,#6647,.T.);
#6645 = VERTEX_POINT('',#6646);
#6646 = CARTESIAN_POINT('',(-10.,650.,870.));
#6647 = LINE('',#6648,#6649);
#6648 = CARTESIAN_POINT('',(-10.,620.,870.));
#6649 = VECTOR('',#6650,1.);
#6650 = DIRECTION('',(0.,1.,0.));
#6651 = ORIENTED_EDGE('',*,*,#6652,.T.);
#6652 = EDGE_CURVE('',#6645,#6653,#6655,.T.);
#6653 = VERTEX_POINT('',#6654);
#6654 = CARTESIAN_POINT('',(-10.,650.,1.08E+03));
#6655 = LINE('',#6656,#6657);
#6656 = CARTESIAN_POINT('',(-10.,650.,870.));
#6657 = VECTOR('',#6658,1.);
#6658 = DIRECTION('',(0.,0.,1.));
#6659 = ORIENTED_EDGE('',*,*,#6660,.F.);
#6660 = EDGE_CURVE('',#6637,#6653,#6661,.T.);
#6661 = LINE('',#6662,#6663);
#6662 = CARTESIAN_POINT('',(-10.,620.,1.08E+03));
#6663 = VECTOR('',#6664,1.);
#6664 = DIRECTION('',(0.,1.,0.));
#6665 = PLANE('',#6666);
#6666 = AXIS2_PLACEMENT_3D('',#6667,#6668,#6669);
#6667 = CARTESIAN_POINT('',(-10.,620.,870.));
#6668 = DIRECTION('',(1.,0.,0.));
#6669 = DIRECTION('',(0.,0.,1.));
#6670 = ADVANCED_FACE('',(#6671),#6687,.F.);
#6671 = FACE_BOUND('',#6672,.F.);
#6672 = EDGE_LOOP('',(#6673,#6679,#6680,#6686));
#6673 = ORIENTED_EDGE('',*,*,#6674,.F.);
#6674 = EDGE_CURVE('',#6595,#6635,#6675,.T.);
#6675 = LINE('',#6676,#6677);
#6676 = CARTESIAN_POINT('',(-40.,620.,870.));
#6677 = VECTOR('',#6678,1.);
#6678 = DIRECTION('',(1.,0.,0.));
#6679 = ORIENTED_EDGE('',*,*,#6594,.T.);
#6680 = ORIENTED_EDGE('',*,*,#6681,.T.);
#6681 = EDGE_CURVE('',#6597,#6637,#6682,.T.);
#6682 = LINE('',#6683,#6684);
#6683 = CARTESIAN_POINT('',(-40.,620.,1.08E+03));
#6684 = VECTOR('',#6685,1.);
#6685 = DIRECTION('',(1.,0.,0.));
#6686 = ORIENTED_EDGE('',*,*,#6634,.F.);
#6687 = PLANE('',#6688);
#6688 = AXIS2_PLACEMENT_3D('',#6689,#6690,#6691);
#6689 = CARTESIAN_POINT('',(-40.,620.,870.));
#6690 = DIRECTION('',(0.,1.,0.));
#6691 = DIRECTION('',(0.,0.,1.));
#6692 = ADVANCED_FACE('',(#6693),#6709,.T.);
#6693 = FACE_BOUND('',#6694,.T.);
#6694 = EDGE_LOOP('',(#6695,#6701,#6702,#6708));
#6695 = ORIENTED_EDGE('',*,*,#6696,.F.);
#6696 = EDGE_CURVE('',#6605,#6645,#6697,.T.);
#6697 = LINE('',#6698,#6699);
#6698 = CARTESIAN_POINT('',(-40.,650.,870.));
#6699 = VECTOR('',#6700,1.);
#6700 = DIRECTION('',(1.,0.,0.));
#6701 = ORIENTED_EDGE('',*,*,#6612,.T.);
#6702 = ORIENTED_EDGE('',*,*,#6703,.T.);
#6703 = EDGE_CURVE('',#6613,#6653,#6704,.T.);
#6704 = LINE('',#6705,#6706);
#6705 = CARTESIAN_POINT('',(-40.,650.,1.08E+03));
#6706 = VECTOR('',#6707,1.);
#6707 = DIRECTION('',(1.,0.,0.));
#6708 = ORIENTED_EDGE('',*,*,#6652,.F.);
#6709 = PLANE('',#6710);
#6710 = AXIS2_PLACEMENT_3D('',#6711,#6712,#6713);
#6711 = CARTESIAN_POINT('',(-40.,650.,870.));
#6712 = DIRECTION('',(0.,1.,0.));
#6713 = DIRECTION('',(0.,0.,1.));
#6714 = ADVANCED_FACE('',(#6715),#6721,.F.);
#6715 = FACE_BOUND('',#6716,.F.);
#6716 = EDGE_LOOP('',(#6717,#6718,#6719,#6720));
#6717 = ORIENTED_EDGE('',*,*,#6604,.F.);
#6718 = ORIENTED_EDGE('',*,*,#6674,.T.);
#6719 = ORIENTED_EDGE('',*,*,#6644,.T.);
#6720 = ORIENTED_EDGE('',*,*,#6696,.F.);
#6721 = PLANE('',#6722);
#6722 = AXIS2_PLACEMENT_3D('',#6723,#6724,#6725);
#6723 = CARTESIAN_POINT('',(-40.,620.,870.));
#6724 = DIRECTION('',(0.,0.,1.));
#6725 = DIRECTION('',(1.,0.,0.));
#6726 = ADVANCED_FACE('',(#6727),#6733,.T.);
#6727 = FACE_BOUND('',#6728,.T.);
#6728 = EDGE_LOOP('',(#6729,#6730,#6731,#6732));
#6729 = ORIENTED_EDGE('',*,*,#6620,.F.);
#6730 = ORIENTED_EDGE('',*,*,#6681,.T.);
#6731 = ORIENTED_EDGE('',*,*,#6660,.T.);
#6732 = ORIENTED_EDGE('',*,*,#6703,.F.);
#6733 = PLANE('',#6734);
#6734 = AXIS2_PLACEMENT_3D('',#6735,#6736,#6737);
#6735 = CARTESIAN_POINT('',(-40.,620.,1.08E+03));
#6736 = DIRECTION('',(0.,0.,1.));
#6737 = DIRECTION('',(1.,0.,0.));
#6738 = MANIFOLD_SOLID_BREP('',#6739);
#6739 = CLOSED_SHELL('',(#6740,#6780,#6820,#6842,#6864,#6876));
#6740 = ADVANCED_FACE('',(#6741),#6775,.F.);
#6741 = FACE_BOUND('',#6742,.F.);
#6742 = EDGE_LOOP('',(#6743,#6753,#6761,#6769));
#6743 = ORIENTED_EDGE('',*,*,#6744,.F.);
#6744 = EDGE_CURVE('',#6745,#6747,#6749,.T.);
#6745 = VERTEX_POINT('',#6746);
#6746 = CARTESIAN_POINT('',(-40.,580.,1.08E+03));
#6747 = VERTEX_POINT('',#6748);
#6748 = CARTESIAN_POINT('',(-40.,580.,1.11E+03));
#6749 = LINE('',#6750,#6751);
#6750 = CARTESIAN_POINT('',(-40.,580.,1.08E+03));
#6751 = VECTOR('',#6752,1.);
#6752 = DIRECTION('',(0.,0.,1.));
#6753 = ORIENTED_EDGE('',*,*,#6754,.T.);
#6754 = EDGE_CURVE('',#6745,#6755,#6757,.T.);
#6755 = VERTEX_POINT('',#6756);
#6756 = CARTESIAN_POINT('',(-40.,950.,1.08E+03));
#6757 = LINE('',#6758,#6759);
#6758 = CARTESIAN_POINT('',(-40.,580.,1.08E+03));
#6759 = VECTOR('',#6760,1.);
#6760 = DIRECTION('',(0.,1.,0.));
#6761 = ORIENTED_EDGE('',*,*,#6762,.T.);
#6762 = EDGE_CURVE('',#6755,#6763,#6765,.T.);
#6763 = VERTEX_POINT('',#6764);
#6764 = CARTESIAN_POINT('',(-40.,950.,1.11E+03));
#6765 = LINE('',#6766,#6767);
#6766 = CARTESIAN_POINT('',(-40.,950.,1.08E+03));
#6767 = VECTOR('',#6768,1.);
#6768 = DIRECTION('',(0.,0.,1.));
#6769 = ORIENTED_EDGE('',*,*,#6770,.F.);
#6770 = EDGE_CURVE('',#6747,#6763,#6771,.T.);
#6771 = LINE('',#6772,#6773);
#6772 = CARTESIAN_POINT('',(-40.,580.,1.11E+03));
#6773 = VECTOR('',#6774,1.);
#6774 = DIRECTION('',(0.,1.,0.));
#6775 = PLANE('',#6776);
#6776 = AXIS2_PLACEMENT_3D('',#6777,#6778,#6779);
#6777 = CARTESIAN_POINT('',(-40.,580.,1.08E+03));
#6778 = DIRECTION('',(1.,0.,0.));
#6779 = DIRECTION('',(0.,0.,1.));
#6780 = ADVANCED_FACE('',(#6781),#6815,.T.);
#6781 = FACE_BOUND('',#6782,.T.);
#6782 = EDGE_LOOP('',(#6783,#6793,#6801,#6809));
#6783 = ORIENTED_EDGE('',*,*,#6784,.F.);
#6784 = EDGE_CURVE('',#6785,#6787,#6789,.T.);
#6785 = VERTEX_POINT('',#6786);
#6786 = CARTESIAN_POINT('',(1.68E+03,580.,1.08E+03));
#6787 = VERTEX_POINT('',#6788);
#6788 = CARTESIAN_POINT('',(1.68E+03,580.,1.11E+03));
#6789 = LINE('',#6790,#6791);
#6790 = CARTESIAN_POINT('',(1.68E+03,580.,1.08E+03));
#6791 = VECTOR('',#6792,1.);
#6792 = DIRECTION('',(0.,0.,1.));
#6793 = ORIENTED_EDGE('',*,*,#6794,.T.);
#6794 = EDGE_CURVE('',#6785,#6795,#6797,.T.);
#6795 = VERTEX_POINT('',#6796);
#6796 = CARTESIAN_POINT('',(1.68E+03,950.,1.08E+03));
#6797 = LINE('',#6798,#6799);
#6798 = CARTESIAN_POINT('',(1.68E+03,580.,1.08E+03));
#6799 = VECTOR('',#6800,1.);
#6800 = DIRECTION('',(0.,1.,0.));
#6801 = ORIENTED_EDGE('',*,*,#6802,.T.);
#6802 = EDGE_CURVE('',#6795,#6803,#6805,.T.);
#6803 = VERTEX_POINT('',#6804);
#6804 = CARTESIAN_POINT('',(1.68E+03,950.,1.11E+03));
#6805 = LINE('',#6806,#6807);
#6806 = CARTESIAN_POINT('',(1.68E+03,950.,1.08E+03));
#6807 = VECTOR('',#6808,1.);
#6808 = DIRECTION('',(0.,0.,1.));
#6809 = ORIENTED_EDGE('',*,*,#6810,.F.);
#6810 = EDGE_CURVE('',#6787,#6803,#6811,.T.);
#6811 = LINE('',#6812,#6813);
#6812 = CARTESIAN_POINT('',(1.68E+03,580.,1.11E+03));
#6813 = VECTOR('',#6814,1.);
#6814 = DIRECTION('',(0.,1.,0.));
#6815 = PLANE('',#6816);
#6816 = AXIS2_PLACEMENT_3D('',#6817,#6818,#6819);
#6817 = CARTESIAN_POINT('',(1.68E+03,580.,1.08E+03));
#6818 = DIRECTION('',(1.,0.,0.));
#6819 = DIRECTION('',(0.,0.,1.));
#6820 = ADVANCED_FACE('',(#6821),#6837,.F.);
#6821 = FACE_BOUND('',#6822,.F.);
#6822 = EDGE_LOOP('',(#6823,#6829,#6830,#6836));
#6823 = ORIENTED_EDGE('',*,*,#6824,.F.);
#6824 = EDGE_CURVE('',#6745,#6785,#6825,.T.);
#6825 = LINE('',#6826,#6827);
#6826 = CARTESIAN_POINT('',(-40.,580.,1.08E+03));
#6827 = VECTOR('',#6828,1.);
#6828 = DIRECTION('',(1.,0.,0.));
#6829 = ORIENTED_EDGE('',*,*,#6744,.T.);
#6830 = ORIENTED_EDGE('',*,*,#6831,.T.);
#6831 = EDGE_CURVE('',#6747,#6787,#6832,.T.);
#6832 = LINE('',#6833,#6834);
#6833 = CARTESIAN_POINT('',(-40.,580.,1.11E+03));
#6834 = VECTOR('',#6835,1.);
#6835 = DIRECTION('',(1.,0.,0.));
#6836 = ORIENTED_EDGE('',*,*,#6784,.F.);
#6837 = PLANE('',#6838);
#6838 = AXIS2_PLACEMENT_3D('',#6839,#6840,#6841);
#6839 = CARTESIAN_POINT('',(-40.,580.,1.08E+03));
#6840 = DIRECTION('',(0.,1.,0.));
#6841 = DIRECTION('',(0.,0.,1.));
#6842 = ADVANCED_FACE('',(#6843),#6859,.T.);
#6843 = FACE_BOUND('',#6844,.T.);
#6844 = EDGE_LOOP('',(#6845,#6851,#6852,#6858));
#6845 = ORIENTED_EDGE('',*,*,#6846,.F.);
#6846 = EDGE_CURVE('',#6755,#6795,#6847,.T.);
#6847 = LINE('',#6848,#6849);
#6848 = CARTESIAN_POINT('',(-40.,950.,1.08E+03));
#6849 = VECTOR('',#6850,1.);
#6850 = DIRECTION('',(1.,0.,0.));
#6851 = ORIENTED_EDGE('',*,*,#6762,.T.);
#6852 = ORIENTED_EDGE('',*,*,#6853,.T.);
#6853 = EDGE_CURVE('',#6763,#6803,#6854,.T.);
#6854 = LINE('',#6855,#6856);
#6855 = CARTESIAN_POINT('',(-40.,950.,1.11E+03));
#6856 = VECTOR('',#6857,1.);
#6857 = DIRECTION('',(1.,0.,0.));
#6858 = ORIENTED_EDGE('',*,*,#6802,.F.);
#6859 = PLANE('',#6860);
#6860 = AXIS2_PLACEMENT_3D('',#6861,#6862,#6863);
#6861 = CARTESIAN_POINT('',(-40.,950.,1.08E+03));
#6862 = DIRECTION('',(0.,1.,0.));
#6863 = DIRECTION('',(0.,0.,1.));
#6864 = ADVANCED_FACE('',(#6865),#6871,.F.);
#6865 = FACE_BOUND('',#6866,.F.);
#6866 = EDGE_LOOP('',(#6867,#6868,#6869,#6870));
#6867 = ORIENTED_EDGE('',*,*,#6754,.F.);
#6868 = ORIENTED_EDGE('',*,*,#6824,.T.);
#6869 = ORIENTED_EDGE('',*,*,#6794,.T.);
#6870 = ORIENTED_EDGE('',*,*,#6846,.F.);
#6871 = PLANE('',#6872);
#6872 = AXIS2_PLACEMENT_3D('',#6873,#6874,#6875);
#6873 = CARTESIAN_POINT('',(-40.,580.,1.08E+03));
#6874 = DIRECTION('',(0.,0.,1.));
#6875 = DIRECTION('',(1.,0.,0.));
#6876 = ADVANCED_FACE('',(#6877),#6883,.T.);
#6877 = FACE_BOUND('',#6878,.T.);
#6878 = EDGE_LOOP('',(#6879,#6880,#6881,#6882));
#6879 = ORIENTED_EDGE('',*,*,#6770,.F.);
#6880 = ORIENTED_EDGE('',*,*,#6831,.T.);
#6881 = ORIENTED_EDGE('',*,*,#6810,.T.);
#6882 = ORIENTED_EDGE('',*,*,#6853,.F.);
#6883 = PLANE('',#6884);
#6884 = AXIS2_PLACEMENT_3D('',#6885,#6886,#6887);
#6885 = CARTESIAN_POINT('',(-40.,580.,1.11E+03));
#6886 = DIRECTION('',(0.,0.,1.));
#6887 = DIRECTION('',(1.,0.,0.));
#6888 = MANIFOLD_SOLID_BREP('',#6889);
#6889 = CLOSED_SHELL('',(#6890,#6930,#6970,#6992,#7014,#7026));
#6890 = ADVANCED_FACE('',(#6891),#6925,.F.);
#6891 = FACE_BOUND('',#6892,.F.);
#6892 = EDGE_LOOP('',(#6893,#6903,#6911,#6919));
#6893 = ORIENTED_EDGE('',*,*,#6894,.F.);
#6894 = EDGE_CURVE('',#6895,#6897,#6899,.T.);
#6895 = VERTEX_POINT('',#6896);
#6896 = CARTESIAN_POINT('',(18.,520.,852.));
#6897 = VERTEX_POINT('',#6898);
#6898 = CARTESIAN_POINT('',(18.,520.,870.));
#6899 = LINE('',#6900,#6901);
#6900 = CARTESIAN_POINT('',(18.,520.,852.));
#6901 = VECTOR('',#6902,1.);
#6902 = DIRECTION('',(0.,0.,1.));
#6903 = ORIENTED_EDGE('',*,*,#6904,.T.);
#6904 = EDGE_CURVE('',#6895,#6905,#6907,.T.);
#6905 = VERTEX_POINT('',#6906);
#6906 = CARTESIAN_POINT('',(18.,620.,852.));
#6907 = LINE('',#6908,#6909);
#6908 = CARTESIAN_POINT('',(18.,520.,852.));
#6909 = VECTOR('',#6910,1.);
#6910 = DIRECTION('',(0.,1.,0.));
#6911 = ORIENTED_EDGE('',*,*,#6912,.T.);
#6912 = EDGE_CURVE('',#6905,#6913,#6915,.T.);
#6913 = VERTEX_POINT('',#6914);
#6914 = CARTESIAN_POINT('',(18.,620.,870.));
#6915 = LINE('',#6916,#6917);
#6916 = CARTESIAN_POINT('',(18.,620.,852.));
#6917 = VECTOR('',#6918,1.);
#6918 = DIRECTION('',(0.,0.,1.));
#6919 = ORIENTED_EDGE('',*,*,#6920,.F.);
#6920 = EDGE_CURVE('',#6897,#6913,#6921,.T.);
#6921 = LINE('',#6922,#6923);
#6922 = CARTESIAN_POINT('',(18.,520.,870.));
#6923 = VECTOR('',#6924,1.);
#6924 = DIRECTION('',(0.,1.,0.));
#6925 = PLANE('',#6926);
#6926 = AXIS2_PLACEMENT_3D('',#6927,#6928,#6929);
#6927 = CARTESIAN_POINT('',(18.,520.,852.));
#6928 = DIRECTION('',(1.,0.,0.));
#6929 = DIRECTION('',(0.,0.,1.));
#6930 = ADVANCED_FACE('',(#6931),#6965,.T.);
#6931 = FACE_BOUND('',#6932,.T.);
#6932 = EDGE_LOOP('',(#6933,#6943,#6951,#6959));
#6933 = ORIENTED_EDGE('',*,*,#6934,.F.);
#6934 = EDGE_CURVE('',#6935,#6937,#6939,.T.);
#6935 = VERTEX_POINT('',#6936);
#6936 = CARTESIAN_POINT('',(1.662E+03,520.,852.));
#6937 = VERTEX_POINT('',#6938);
#6938 = CARTESIAN_POINT('',(1.662E+03,520.,870.));
#6939 = LINE('',#6940,#6941);
#6940 = CARTESIAN_POINT('',(1.662E+03,520.,852.));
#6941 = VECTOR('',#6942,1.);
#6942 = DIRECTION('',(0.,0.,1.));
#6943 = ORIENTED_EDGE('',*,*,#6944,.T.);
#6944 = EDGE_CURVE('',#6935,#6945,#6947,.T.);
#6945 = VERTEX_POINT('',#6946);
#6946 = CARTESIAN_POINT('',(1.662E+03,620.,852.));
#6947 = LINE('',#6948,#6949);
#6948 = CARTESIAN_POINT('',(1.662E+03,520.,852.));
#6949 = VECTOR('',#6950,1.);
#6950 = DIRECTION('',(0.,1.,0.));
#6951 = ORIENTED_EDGE('',*,*,#6952,.T.);
#6952 = EDGE_CURVE('',#6945,#6953,#6955,.T.);
#6953 = VERTEX_POINT('',#6954);
#6954 = CARTESIAN_POINT('',(1.662E+03,620.,870.));
#6955 = LINE('',#6956,#6957);
#6956 = CARTESIAN_POINT('',(1.662E+03,620.,852.));
#6957 = VECTOR('',#6958,1.);
#6958 = DIRECTION('',(0.,0.,1.));
#6959 = ORIENTED_EDGE('',*,*,#6960,.F.);
#6960 = EDGE_CURVE('',#6937,#6953,#6961,.T.);
#6961 = LINE('',#6962,#6963);
#6962 = CARTESIAN_POINT('',(1.662E+03,520.,870.));
#6963 = VECTOR('',#6964,1.);
#6964 = DIRECTION('',(0.,1.,0.));
#6965 = PLANE('',#6966);
#6966 = AXIS2_PLACEMENT_3D('',#6967,#6968,#6969);
#6967 = CARTESIAN_POINT('',(1.662E+03,520.,852.));
#6968 = DIRECTION('',(1.,0.,0.));
#6969 = DIRECTION('',(0.,0.,1.));
#6970 = ADVANCED_FACE('',(#6971),#6987,.F.);
#6971 = FACE_BOUND('',#6972,.F.);
#6972 = EDGE_LOOP('',(#6973,#6979,#6980,#6986));
#6973 = ORIENTED_EDGE('',*,*,#6974,.F.);
#6974 = EDGE_CURVE('',#6895,#6935,#6975,.T.);
#6975 = LINE('',#6976,#6977);
#6976 = CARTESIAN_POINT('',(18.,520.,852.));
#6977 = VECTOR('',#6978,1.);
#6978 = DIRECTION('',(1.,0.,0.));
#6979 = ORIENTED_EDGE('',*,*,#6894,.T.);
#6980 = ORIENTED_EDGE('',*,*,#6981,.T.);
#6981 = EDGE_CURVE('',#6897,#6937,#6982,.T.);
#6982 = LINE('',#6983,#6984);
#6983 = CARTESIAN_POINT('',(18.,520.,870.));
#6984 = VECTOR('',#6985,1.);
#6985 = DIRECTION('',(1.,0.,0.));
#6986 = ORIENTED_EDGE('',*,*,#6934,.F.);
#6987 = PLANE('',#6988);
#6988 = AXIS2_PLACEMENT_3D('',#6989,#6990,#6991);
#6989 = CARTESIAN_POINT('',(18.,520.,852.));
#6990 = DIRECTION('',(0.,1.,0.));
#6991 = DIRECTION('',(0.,0.,1.));
#6992 = ADVANCED_FACE('',(#6993),#7009,.T.);
#6993 = FACE_BOUND('',#6994,.T.);
#6994 = EDGE_LOOP('',(#6995,#7001,#7002,#7008));
#6995 = ORIENTED_EDGE('',*,*,#6996,.F.);
#6996 = EDGE_CURVE('',#6905,#6945,#6997,.T.);
#6997 = LINE('',#6998,#6999);
#6998 = CARTESIAN_POINT('',(18.,620.,852.));
#6999 = VECTOR('',#7000,1.);
#7000 = DIRECTION('',(1.,0.,0.));
#7001 = ORIENTED_EDGE('',*,*,#6912,.T.);
#7002 = ORIENTED_EDGE('',*,*,#7003,.T.);
#7003 = EDGE_CURVE('',#6913,#6953,#7004,.T.);
#7004 = LINE('',#7005,#7006);
#7005 = CARTESIAN_POINT('',(18.,620.,870.));
#7006 = VECTOR('',#7007,1.);
#7007 = DIRECTION('',(1.,0.,0.));
#7008 = ORIENTED_EDGE('',*,*,#6952,.F.);
#7009 = PLANE('',#7010);
#7010 = AXIS2_PLACEMENT_3D('',#7011,#7012,#7013);
#7011 = CARTESIAN_POINT('',(18.,620.,852.));
#7012 = DIRECTION('',(0.,1.,0.));
#7013 = DIRECTION('',(0.,0.,1.));
#7014 = ADVANCED_FACE('',(#7015),#7021,.F.);
#7015 = FACE_BOUND('',#7016,.F.);
#7016 = EDGE_LOOP('',(#7017,#7018,#7019,#7020));
#7017 = ORIENTED_EDGE('',*,*,#6904,.F.);
#7018 = ORIENTED_EDGE('',*,*,#6974,.T.);
#7019 = ORIENTED_EDGE('',*,*,#6944,.T.);
#7020 = ORIENTED_EDGE('',*,*,#6996,.F.);
#7021 = PLANE('',#7022);
#7022 = AXIS2_PLACEMENT_3D('',#7023,#7024,#7025);
#7023 = CARTESIAN_POINT('',(18.,520.,852.));
#7024 = DIRECTION('',(0.,0.,1.));
#7025 = DIRECTION('',(1.,0.,0.));
#7026 = ADVANCED_FACE('',(#7027),#7033,.T.);
#7027 = FACE_BOUND('',#7028,.T.);
#7028 = EDGE_LOOP('',(#7029,#7030,#7031,#7032));
#7029 = ORIENTED_EDGE('',*,*,#6920,.F.);
#7030 = ORIENTED_EDGE('',*,*,#6981,.T.);
#7031 = ORIENTED_EDGE('',*,*,#6960,.T.);
#7032 = ORIENTED_EDGE('',*,*,#7003,.F.);
#7033 = PLANE('',#7034);
#7034 = AXIS2_PLACEMENT_3D('',#7035,#7036,#7037);
#7035 = CARTESIAN_POINT('',(18.,520.,870.));
#7036 = DIRECTION('',(0.,0.,1.));
#7037 = DIRECTION('',(1.,0.,0.));
#7038 = ( GEOMETRIC_REPRESENTATION_CONTEXT(3) 
GLOBAL_UNCERTAINTY_ASSIGNED_CONTEXT((#7042)) 
GLOBAL_UNIT_ASSIGNED_CONTEXT((#7039,#7040,#7041)) REPRESENTATION_CONTEXT
('Context #1','3D Context with UNIT and UNCERTAINTY') );
#7039 = ( LENGTH_UNIT() NAMED_UNIT(*) SI_UNIT(.MILLI.,.METRE.) );
#7040 = ( NAMED_UNIT(*) PLANE_ANGLE_UNIT() SI_UNIT($,.RADIAN.) );
#7041 = ( NAMED_UNIT(*) SI_UNIT($,.STERADIAN.) SOLID_ANGLE_UNIT() );
#7042 = UNCERTAINTY_MEASURE_WITH_UNIT(LENGTH_MEASURE(1.E-06),#7039,
  'distance_accuracy_value','confusion accuracy');
#7043 = PRODUCT_RELATED_PRODUCT_CATEGORY('part',$,(#7));
ENDSEC;
END-ISO-10303-21;
