ISO-10303-21;
HEADER;
FILE_DESCRIPTION(('FreeCAD Model'),'2;1');
FILE_NAME('Open CASCADE Shape Model','2026-03-17T16:33:12',('FreeCAD'),(
    'FreeCAD'),'Open CASCADE STEP processor 7.8','FreeCAD','Unknown');
FILE_SCHEMA(('AUTOMOTIVE_DESIGN { 1 0 10303 214 1 1 1 1 }'));
ENDSEC;
DATA;
#1 = APPLICATION_PROTOCOL_DEFINITION('international standard',
  'automotive_design',2000,#2);
#2 = APPLICATION_CONTEXT(
  'core data for automotive mechanical design processes');
#3 = SHAPE_DEFINITION_REPRESENTATION(#4,#10);
#4 = PRODUCT_DEFINITION_SHAPE('','',#5);
#5 = PRODUCT_DEFINITION('design','',#6,#9);
#6 = PRODUCT_DEFINITION_FORMATION('','',#7);
#7 = PRODUCT('Open CASCADE STEP translator 7.8 12',
  'Open CASCADE STEP translator 7.8 12','',(#8));
#8 = PRODUCT_CONTEXT('',#2,'mechanical');
#9 = PRODUCT_DEFINITION_CONTEXT('part definition',#2,'design');
#10 = SHAPE_REPRESENTATION('',(#11,#15,#165,#315,#531,#681,#831,#981,
    #1197,#1347,#1497,#1647,#1797,#1947,#2097,#2247,#2463,#2613,#2763),
  #2913);
#11 = AXIS2_PLACEMENT_3D('',#12,#13,#14);
#12 = CARTESIAN_POINT('',(0.,0.,0.));
#13 = DIRECTION('',(0.,0.,1.));
#14 = DIRECTION('',(1.,0.,-0.));
#15 = MANIFOLD_SOLID_BREP('',#16);
#16 = CLOSED_SHELL('',(#17,#57,#97,#119,#141,#153));
#17 = ADVANCED_FACE('',(#18),#52,.F.);
#18 = FACE_BOUND('',#19,.F.);
#19 = EDGE_LOOP('',(#20,#30,#38,#46));
#20 = ORIENTED_EDGE('',*,*,#21,.F.);
#21 = EDGE_CURVE('',#22,#24,#26,.T.);
#22 = VERTEX_POINT('',#23);
#23 = CARTESIAN_POINT('',(0.,88.,80.));
#24 = VERTEX_POINT('',#25);
#25 = CARTESIAN_POINT('',(0.,88.,870.));
#26 = LINE('',#27,#28);
#27 = CARTESIAN_POINT('',(0.,88.,80.));
#28 = VECTOR('',#29,1.);
#29 = DIRECTION('',(0.,0.,1.));
#30 = ORIENTED_EDGE('',*,*,#31,.T.);
#31 = EDGE_CURVE('',#22,#32,#34,.T.);
#32 = VERTEX_POINT('',#33);
#33 = CARTESIAN_POINT('',(0.,450.,80.));
#34 = LINE('',#35,#36);
#35 = CARTESIAN_POINT('',(0.,88.,80.));
#36 = VECTOR('',#37,1.);
#37 = DIRECTION('',(0.,1.,0.));
#38 = ORIENTED_EDGE('',*,*,#39,.T.);
#39 = EDGE_CURVE('',#32,#40,#42,.T.);
#40 = VERTEX_POINT('',#41);
#41 = CARTESIAN_POINT('',(0.,450.,870.));
#42 = LINE('',#43,#44);
#43 = CARTESIAN_POINT('',(0.,450.,80.));
#44 = VECTOR('',#45,1.);
#45 = DIRECTION('',(0.,0.,1.));
#46 = ORIENTED_EDGE('',*,*,#47,.F.);
#47 = EDGE_CURVE('',#24,#40,#48,.T.);
#48 = LINE('',#49,#50);
#49 = CARTESIAN_POINT('',(0.,88.,870.));
#50 = VECTOR('',#51,1.);
#51 = DIRECTION('',(0.,1.,0.));
#52 = PLANE('',#53);
#53 = AXIS2_PLACEMENT_3D('',#54,#55,#56);
#54 = CARTESIAN_POINT('',(0.,88.,80.));
#55 = DIRECTION('',(1.,0.,0.));
#56 = DIRECTION('',(0.,0.,1.));
#57 = ADVANCED_FACE('',(#58),#92,.T.);
#58 = FACE_BOUND('',#59,.T.);
#59 = EDGE_LOOP('',(#60,#70,#78,#86));
#60 = ORIENTED_EDGE('',*,*,#61,.F.);
#61 = EDGE_CURVE('',#62,#64,#66,.T.);
#62 = VERTEX_POINT('',#63);
#63 = CARTESIAN_POINT('',(18.,88.,80.));
#64 = VERTEX_POINT('',#65);
#65 = CARTESIAN_POINT('',(18.,88.,870.));
#66 = LINE('',#67,#68);
#67 = CARTESIAN_POINT('',(18.,88.,80.));
#68 = VECTOR('',#69,1.);
#69 = DIRECTION('',(0.,0.,1.));
#70 = ORIENTED_EDGE('',*,*,#71,.T.);
#71 = EDGE_CURVE('',#62,#72,#74,.T.);
#72 = VERTEX_POINT('',#73);
#73 = CARTESIAN_POINT('',(18.,450.,80.));
#74 = LINE('',#75,#76);
#75 = CARTESIAN_POINT('',(18.,88.,80.));
#76 = VECTOR('',#77,1.);
#77 = DIRECTION('',(0.,1.,0.));
#78 = ORIENTED_EDGE('',*,*,#79,.T.);
#79 = EDGE_CURVE('',#72,#80,#82,.T.);
#80 = VERTEX_POINT('',#81);
#81 = CARTESIAN_POINT('',(18.,450.,870.));
#82 = LINE('',#83,#84);
#83 = CARTESIAN_POINT('',(18.,450.,80.));
#84 = VECTOR('',#85,1.);
#85 = DIRECTION('',(0.,0.,1.));
#86 = ORIENTED_EDGE('',*,*,#87,.F.);
#87 = EDGE_CURVE('',#64,#80,#88,.T.);
#88 = LINE('',#89,#90);
#89 = CARTESIAN_POINT('',(18.,88.,870.));
#90 = VECTOR('',#91,1.);
#91 = DIRECTION('',(0.,1.,0.));
#92 = PLANE('',#93);
#93 = AXIS2_PLACEMENT_3D('',#94,#95,#96);
#94 = CARTESIAN_POINT('',(18.,88.,80.));
#95 = DIRECTION('',(1.,0.,0.));
#96 = DIRECTION('',(0.,0.,1.));
#97 = ADVANCED_FACE('',(#98),#114,.F.);
#98 = FACE_BOUND('',#99,.F.);
#99 = EDGE_LOOP('',(#100,#106,#107,#113));
#100 = ORIENTED_EDGE('',*,*,#101,.F.);
#101 = EDGE_CURVE('',#22,#62,#102,.T.);
#102 = LINE('',#103,#104);
#103 = CARTESIAN_POINT('',(0.,88.,80.));
#104 = VECTOR('',#105,1.);
#105 = DIRECTION('',(1.,0.,0.));
#106 = ORIENTED_EDGE('',*,*,#21,.T.);
#107 = ORIENTED_EDGE('',*,*,#108,.T.);
#108 = EDGE_CURVE('',#24,#64,#109,.T.);
#109 = LINE('',#110,#111);
#110 = CARTESIAN_POINT('',(0.,88.,870.));
#111 = VECTOR('',#112,1.);
#112 = DIRECTION('',(1.,0.,0.));
#113 = ORIENTED_EDGE('',*,*,#61,.F.);
#114 = PLANE('',#115);
#115 = AXIS2_PLACEMENT_3D('',#116,#117,#118);
#116 = CARTESIAN_POINT('',(0.,88.,80.));
#117 = DIRECTION('',(0.,1.,0.));
#118 = DIRECTION('',(0.,0.,1.));
#119 = ADVANCED_FACE('',(#120),#136,.T.);
#120 = FACE_BOUND('',#121,.T.);
#121 = EDGE_LOOP('',(#122,#128,#129,#135));
#122 = ORIENTED_EDGE('',*,*,#123,.F.);
#123 = EDGE_CURVE('',#32,#72,#124,.T.);
#124 = LINE('',#125,#126);
#125 = CARTESIAN_POINT('',(0.,450.,80.));
#126 = VECTOR('',#127,1.);
#127 = DIRECTION('',(1.,0.,0.));
#128 = ORIENTED_EDGE('',*,*,#39,.T.);
#129 = ORIENTED_EDGE('',*,*,#130,.T.);
#130 = EDGE_CURVE('',#40,#80,#131,.T.);
#131 = LINE('',#132,#133);
#132 = CARTESIAN_POINT('',(0.,450.,870.));
#133 = VECTOR('',#134,1.);
#134 = DIRECTION('',(1.,0.,0.));
#135 = ORIENTED_EDGE('',*,*,#79,.F.);
#136 = PLANE('',#137);
#137 = AXIS2_PLACEMENT_3D('',#138,#139,#140);
#138 = CARTESIAN_POINT('',(0.,450.,80.));
#139 = DIRECTION('',(0.,1.,0.));
#140 = DIRECTION('',(0.,0.,1.));
#141 = ADVANCED_FACE('',(#142),#148,.F.);
#142 = FACE_BOUND('',#143,.F.);
#143 = EDGE_LOOP('',(#144,#145,#146,#147));
#144 = ORIENTED_EDGE('',*,*,#31,.F.);
#145 = ORIENTED_EDGE('',*,*,#101,.T.);
#146 = ORIENTED_EDGE('',*,*,#71,.T.);
#147 = ORIENTED_EDGE('',*,*,#123,.F.);
#148 = PLANE('',#149);
#149 = AXIS2_PLACEMENT_3D('',#150,#151,#152);
#150 = CARTESIAN_POINT('',(0.,88.,80.));
#151 = DIRECTION('',(0.,0.,1.));
#152 = DIRECTION('',(1.,0.,0.));
#153 = ADVANCED_FACE('',(#154),#160,.T.);
#154 = FACE_BOUND('',#155,.T.);
#155 = EDGE_LOOP('',(#156,#157,#158,#159));
#156 = ORIENTED_EDGE('',*,*,#47,.F.);
#157 = ORIENTED_EDGE('',*,*,#108,.T.);
#158 = ORIENTED_EDGE('',*,*,#87,.T.);
#159 = ORIENTED_EDGE('',*,*,#130,.F.);
#160 = PLANE('',#161);
#161 = AXIS2_PLACEMENT_3D('',#162,#163,#164);
#162 = CARTESIAN_POINT('',(0.,88.,870.));
#163 = DIRECTION('',(0.,0.,1.));
#164 = DIRECTION('',(1.,0.,0.));
#165 = MANIFOLD_SOLID_BREP('',#166);
#166 = CLOSED_SHELL('',(#167,#207,#247,#269,#291,#303));
#167 = ADVANCED_FACE('',(#168),#202,.F.);
#168 = FACE_BOUND('',#169,.F.);
#169 = EDGE_LOOP('',(#170,#180,#188,#196));
#170 = ORIENTED_EDGE('',*,*,#171,.F.);
#171 = EDGE_CURVE('',#172,#174,#176,.T.);
#172 = VERTEX_POINT('',#173);
#173 = CARTESIAN_POINT('',(972.,88.,80.));
#174 = VERTEX_POINT('',#175);
#175 = CARTESIAN_POINT('',(972.,88.,870.));
#176 = LINE('',#177,#178);
#177 = CARTESIAN_POINT('',(972.,88.,80.));
#178 = VECTOR('',#179,1.);
#179 = DIRECTION('',(0.,0.,1.));
#180 = ORIENTED_EDGE('',*,*,#181,.T.);
#181 = EDGE_CURVE('',#172,#182,#184,.T.);
#182 = VERTEX_POINT('',#183);
#183 = CARTESIAN_POINT('',(972.,420.,80.));
#184 = LINE('',#185,#186);
#185 = CARTESIAN_POINT('',(972.,88.,80.));
#186 = VECTOR('',#187,1.);
#187 = DIRECTION('',(0.,1.,0.));
#188 = ORIENTED_EDGE('',*,*,#189,.T.);
#189 = EDGE_CURVE('',#182,#190,#192,.T.);
#190 = VERTEX_POINT('',#191);
#191 = CARTESIAN_POINT('',(972.,420.,870.));
#192 = LINE('',#193,#194);
#193 = CARTESIAN_POINT('',(972.,420.,80.));
#194 = VECTOR('',#195,1.);
#195 = DIRECTION('',(0.,0.,1.));
#196 = ORIENTED_EDGE('',*,*,#197,.F.);
#197 = EDGE_CURVE('',#174,#190,#198,.T.);
#198 = LINE('',#199,#200);
#199 = CARTESIAN_POINT('',(972.,88.,870.));
#200 = VECTOR('',#201,1.);
#201 = DIRECTION('',(0.,1.,0.));
#202 = PLANE('',#203);
#203 = AXIS2_PLACEMENT_3D('',#204,#205,#206);
#204 = CARTESIAN_POINT('',(972.,88.,80.));
#205 = DIRECTION('',(1.,0.,0.));
#206 = DIRECTION('',(0.,0.,1.));
#207 = ADVANCED_FACE('',(#208),#242,.T.);
#208 = FACE_BOUND('',#209,.T.);
#209 = EDGE_LOOP('',(#210,#220,#228,#236));
#210 = ORIENTED_EDGE('',*,*,#211,.F.);
#211 = EDGE_CURVE('',#212,#214,#216,.T.);
#212 = VERTEX_POINT('',#213);
#213 = CARTESIAN_POINT('',(990.,88.,80.));
#214 = VERTEX_POINT('',#215);
#215 = CARTESIAN_POINT('',(990.,88.,870.));
#216 = LINE('',#217,#218);
#217 = CARTESIAN_POINT('',(990.,88.,80.));
#218 = VECTOR('',#219,1.);
#219 = DIRECTION('',(0.,0.,1.));
#220 = ORIENTED_EDGE('',*,*,#221,.T.);
#221 = EDGE_CURVE('',#212,#222,#224,.T.);
#222 = VERTEX_POINT('',#223);
#223 = CARTESIAN_POINT('',(990.,420.,80.));
#224 = LINE('',#225,#226);
#225 = CARTESIAN_POINT('',(990.,88.,80.));
#226 = VECTOR('',#227,1.);
#227 = DIRECTION('',(0.,1.,0.));
#228 = ORIENTED_EDGE('',*,*,#229,.T.);
#229 = EDGE_CURVE('',#222,#230,#232,.T.);
#230 = VERTEX_POINT('',#231);
#231 = CARTESIAN_POINT('',(990.,420.,870.));
#232 = LINE('',#233,#234);
#233 = CARTESIAN_POINT('',(990.,420.,80.));
#234 = VECTOR('',#235,1.);
#235 = DIRECTION('',(0.,0.,1.));
#236 = ORIENTED_EDGE('',*,*,#237,.F.);
#237 = EDGE_CURVE('',#214,#230,#238,.T.);
#238 = LINE('',#239,#240);
#239 = CARTESIAN_POINT('',(990.,88.,870.));
#240 = VECTOR('',#241,1.);
#241 = DIRECTION('',(0.,1.,0.));
#242 = PLANE('',#243);
#243 = AXIS2_PLACEMENT_3D('',#244,#245,#246);
#244 = CARTESIAN_POINT('',(990.,88.,80.));
#245 = DIRECTION('',(1.,0.,0.));
#246 = DIRECTION('',(0.,0.,1.));
#247 = ADVANCED_FACE('',(#248),#264,.F.);
#248 = FACE_BOUND('',#249,.F.);
#249 = EDGE_LOOP('',(#250,#256,#257,#263));
#250 = ORIENTED_EDGE('',*,*,#251,.F.);
#251 = EDGE_CURVE('',#172,#212,#252,.T.);
#252 = LINE('',#253,#254);
#253 = CARTESIAN_POINT('',(972.,88.,80.));
#254 = VECTOR('',#255,1.);
#255 = DIRECTION('',(1.,0.,0.));
#256 = ORIENTED_EDGE('',*,*,#171,.T.);
#257 = ORIENTED_EDGE('',*,*,#258,.T.);
#258 = EDGE_CURVE('',#174,#214,#259,.T.);
#259 = LINE('',#260,#261);
#260 = CARTESIAN_POINT('',(972.,88.,870.));
#261 = VECTOR('',#262,1.);
#262 = DIRECTION('',(1.,0.,0.));
#263 = ORIENTED_EDGE('',*,*,#211,.F.);
#264 = PLANE('',#265);
#265 = AXIS2_PLACEMENT_3D('',#266,#267,#268);
#266 = CARTESIAN_POINT('',(972.,88.,80.));
#267 = DIRECTION('',(0.,1.,0.));
#268 = DIRECTION('',(0.,0.,1.));
#269 = ADVANCED_FACE('',(#270),#286,.T.);
#270 = FACE_BOUND('',#271,.T.);
#271 = EDGE_LOOP('',(#272,#278,#279,#285));
#272 = ORIENTED_EDGE('',*,*,#273,.F.);
#273 = EDGE_CURVE('',#182,#222,#274,.T.);
#274 = LINE('',#275,#276);
#275 = CARTESIAN_POINT('',(972.,420.,80.));
#276 = VECTOR('',#277,1.);
#277 = DIRECTION('',(1.,0.,0.));
#278 = ORIENTED_EDGE('',*,*,#189,.T.);
#279 = ORIENTED_EDGE('',*,*,#280,.T.);
#280 = EDGE_CURVE('',#190,#230,#281,.T.);
#281 = LINE('',#282,#283);
#282 = CARTESIAN_POINT('',(972.,420.,870.));
#283 = VECTOR('',#284,1.);
#284 = DIRECTION('',(1.,0.,0.));
#285 = ORIENTED_EDGE('',*,*,#229,.F.);
#286 = PLANE('',#287);
#287 = AXIS2_PLACEMENT_3D('',#288,#289,#290);
#288 = CARTESIAN_POINT('',(972.,420.,80.));
#289 = DIRECTION('',(0.,1.,0.));
#290 = DIRECTION('',(0.,0.,1.));
#291 = ADVANCED_FACE('',(#292),#298,.F.);
#292 = FACE_BOUND('',#293,.F.);
#293 = EDGE_LOOP('',(#294,#295,#296,#297));
#294 = ORIENTED_EDGE('',*,*,#181,.F.);
#295 = ORIENTED_EDGE('',*,*,#251,.T.);
#296 = ORIENTED_EDGE('',*,*,#221,.T.);
#297 = ORIENTED_EDGE('',*,*,#273,.F.);
#298 = PLANE('',#299);
#299 = AXIS2_PLACEMENT_3D('',#300,#301,#302);
#300 = CARTESIAN_POINT('',(972.,88.,80.));
#301 = DIRECTION('',(0.,0.,1.));
#302 = DIRECTION('',(1.,0.,0.));
#303 = ADVANCED_FACE('',(#304),#310,.T.);
#304 = FACE_BOUND('',#305,.T.);
#305 = EDGE_LOOP('',(#306,#307,#308,#309));
#306 = ORIENTED_EDGE('',*,*,#197,.F.);
#307 = ORIENTED_EDGE('',*,*,#258,.T.);
#308 = ORIENTED_EDGE('',*,*,#237,.T.);
#309 = ORIENTED_EDGE('',*,*,#280,.F.);
#310 = PLANE('',#311);
#311 = AXIS2_PLACEMENT_3D('',#312,#313,#314);
#312 = CARTESIAN_POINT('',(972.,88.,870.));
#313 = DIRECTION('',(0.,0.,1.));
#314 = DIRECTION('',(1.,0.,0.));
#315 = MANIFOLD_SOLID_BREP('',#316);
#316 = CLOSED_SHELL('',(#317,#357,#388,#428,#452,#485,#502,#519));
#317 = ADVANCED_FACE('',(#318),#352,.F.);
#318 = FACE_BOUND('',#319,.F.);
#319 = EDGE_LOOP('',(#320,#330,#338,#346));
#320 = ORIENTED_EDGE('',*,*,#321,.F.);
#321 = EDGE_CURVE('',#322,#324,#326,.T.);
#322 = VERTEX_POINT('',#323);
#323 = CARTESIAN_POINT('',(0.,88.,80.));
#324 = VERTEX_POINT('',#325);
#325 = CARTESIAN_POINT('',(0.,88.,98.));
#326 = LINE('',#327,#328);
#327 = CARTESIAN_POINT('',(0.,88.,80.));
#328 = VECTOR('',#329,1.);
#329 = DIRECTION('',(0.,0.,1.));
#330 = ORIENTED_EDGE('',*,*,#331,.T.);
#331 = EDGE_CURVE('',#322,#332,#334,.T.);
#332 = VERTEX_POINT('',#333);
#333 = CARTESIAN_POINT('',(0.,450.,80.));
#334 = LINE('',#335,#336);
#335 = CARTESIAN_POINT('',(0.,88.,80.));
#336 = VECTOR('',#337,1.);
#337 = DIRECTION('',(0.,1.,0.));
#338 = ORIENTED_EDGE('',*,*,#339,.T.);
#339 = EDGE_CURVE('',#332,#340,#342,.T.);
#340 = VERTEX_POINT('',#341);
#341 = CARTESIAN_POINT('',(0.,450.,98.));
#342 = LINE('',#343,#344);
#343 = CARTESIAN_POINT('',(0.,450.,80.));
#344 = VECTOR('',#345,1.);
#345 = DIRECTION('',(0.,0.,1.));
#346 = ORIENTED_EDGE('',*,*,#347,.F.);
#347 = EDGE_CURVE('',#324,#340,#348,.T.);
#348 = LINE('',#349,#350);
#349 = CARTESIAN_POINT('',(0.,88.,98.));
#350 = VECTOR('',#351,1.);
#351 = DIRECTION('',(0.,1.,0.));
#352 = PLANE('',#353);
#353 = AXIS2_PLACEMENT_3D('',#354,#355,#356);
#354 = CARTESIAN_POINT('',(0.,88.,80.));
#355 = DIRECTION('',(1.,0.,0.));
#356 = DIRECTION('',(0.,0.,1.));
#357 = ADVANCED_FACE('',(#358),#383,.F.);
#358 = FACE_BOUND('',#359,.F.);
#359 = EDGE_LOOP('',(#360,#368,#369,#377));
#360 = ORIENTED_EDGE('',*,*,#361,.F.);
#361 = EDGE_CURVE('',#322,#362,#364,.T.);
#362 = VERTEX_POINT('',#363);
#363 = CARTESIAN_POINT('',(990.,88.,80.));
#364 = LINE('',#365,#366);
#365 = CARTESIAN_POINT('',(0.,88.,80.));
#366 = VECTOR('',#367,1.);
#367 = DIRECTION('',(1.,0.,0.));
#368 = ORIENTED_EDGE('',*,*,#321,.T.);
#369 = ORIENTED_EDGE('',*,*,#370,.T.);
#370 = EDGE_CURVE('',#324,#371,#373,.T.);
#371 = VERTEX_POINT('',#372);
#372 = CARTESIAN_POINT('',(990.,88.,98.));
#373 = LINE('',#374,#375);
#374 = CARTESIAN_POINT('',(0.,88.,98.));
#375 = VECTOR('',#376,1.);
#376 = DIRECTION('',(1.,0.,0.));
#377 = ORIENTED_EDGE('',*,*,#378,.F.);
#378 = EDGE_CURVE('',#362,#371,#379,.T.);
#379 = LINE('',#380,#381);
#380 = CARTESIAN_POINT('',(990.,88.,80.));
#381 = VECTOR('',#382,1.);
#382 = DIRECTION('',(0.,0.,1.));
#383 = PLANE('',#384);
#384 = AXIS2_PLACEMENT_3D('',#385,#386,#387);
#385 = CARTESIAN_POINT('',(0.,88.,80.));
#386 = DIRECTION('',(0.,1.,0.));
#387 = DIRECTION('',(0.,0.,1.));
#388 = ADVANCED_FACE('',(#389),#423,.T.);
#389 = FACE_BOUND('',#390,.T.);
#390 = EDGE_LOOP('',(#391,#399,#400,#401,#409,#417));
#391 = ORIENTED_EDGE('',*,*,#392,.F.);
#392 = EDGE_CURVE('',#340,#393,#395,.T.);
#393 = VERTEX_POINT('',#394);
#394 = CARTESIAN_POINT('',(800.,450.,98.));
#395 = LINE('',#396,#397);
#396 = CARTESIAN_POINT('',(0.,450.,98.));
#397 = VECTOR('',#398,1.);
#398 = DIRECTION('',(1.,0.,0.));
#399 = ORIENTED_EDGE('',*,*,#347,.F.);
#400 = ORIENTED_EDGE('',*,*,#370,.T.);
#401 = ORIENTED_EDGE('',*,*,#402,.T.);
#402 = EDGE_CURVE('',#371,#403,#405,.T.);
#403 = VERTEX_POINT('',#404);
#404 = CARTESIAN_POINT('',(990.,420.,98.));
#405 = LINE('',#406,#407);
#406 = CARTESIAN_POINT('',(990.,88.,98.));
#407 = VECTOR('',#408,1.);
#408 = DIRECTION('',(0.,1.,0.));
#409 = ORIENTED_EDGE('',*,*,#410,.T.);
#410 = EDGE_CURVE('',#403,#411,#413,.T.);
#411 = VERTEX_POINT('',#412);
#412 = CARTESIAN_POINT('',(800.,420.,98.));
#413 = LINE('',#414,#415);
#414 = CARTESIAN_POINT('',(400.,420.,98.));
#415 = VECTOR('',#416,1.);
#416 = DIRECTION('',(-1.,0.,0.));
#417 = ORIENTED_EDGE('',*,*,#418,.T.);
#418 = EDGE_CURVE('',#411,#393,#419,.T.);
#419 = LINE('',#420,#421);
#420 = CARTESIAN_POINT('',(800.,254.,98.));
#421 = VECTOR('',#422,1.);
#422 = DIRECTION('',(0.,1.,0.));
#423 = PLANE('',#424);
#424 = AXIS2_PLACEMENT_3D('',#425,#426,#427);
#425 = CARTESIAN_POINT('',(0.,88.,98.));
#426 = DIRECTION('',(0.,0.,1.));
#427 = DIRECTION('',(1.,0.,0.));
#428 = ADVANCED_FACE('',(#429),#447,.T.);
#429 = FACE_BOUND('',#430,.T.);
#430 = EDGE_LOOP('',(#431,#439,#440,#441));
#431 = ORIENTED_EDGE('',*,*,#432,.F.);
#432 = EDGE_CURVE('',#332,#433,#435,.T.);
#433 = VERTEX_POINT('',#434);
#434 = CARTESIAN_POINT('',(800.,450.,80.));
#435 = LINE('',#436,#437);
#436 = CARTESIAN_POINT('',(0.,450.,80.));
#437 = VECTOR('',#438,1.);
#438 = DIRECTION('',(1.,0.,0.));
#439 = ORIENTED_EDGE('',*,*,#339,.T.);
#440 = ORIENTED_EDGE('',*,*,#392,.T.);
#441 = ORIENTED_EDGE('',*,*,#442,.F.);
#442 = EDGE_CURVE('',#433,#393,#443,.T.);
#443 = LINE('',#444,#445);
#444 = CARTESIAN_POINT('',(800.,450.,79.));
#445 = VECTOR('',#446,1.);
#446 = DIRECTION('',(0.,0.,1.));
#447 = PLANE('',#448);
#448 = AXIS2_PLACEMENT_3D('',#449,#450,#451);
#449 = CARTESIAN_POINT('',(0.,450.,80.));
#450 = DIRECTION('',(0.,1.,0.));
#451 = DIRECTION('',(0.,0.,1.));
#452 = ADVANCED_FACE('',(#453),#480,.F.);
#453 = FACE_BOUND('',#454,.F.);
#454 = EDGE_LOOP('',(#455,#456,#457,#458,#466,#474));
#455 = ORIENTED_EDGE('',*,*,#432,.F.);
#456 = ORIENTED_EDGE('',*,*,#331,.F.);
#457 = ORIENTED_EDGE('',*,*,#361,.T.);
#458 = ORIENTED_EDGE('',*,*,#459,.T.);
#459 = EDGE_CURVE('',#362,#460,#462,.T.);
#460 = VERTEX_POINT('',#461);
#461 = CARTESIAN_POINT('',(990.,420.,80.));
#462 = LINE('',#463,#464);
#463 = CARTESIAN_POINT('',(990.,88.,80.));
#464 = VECTOR('',#465,1.);
#465 = DIRECTION('',(0.,1.,0.));
#466 = ORIENTED_EDGE('',*,*,#467,.T.);
#467 = EDGE_CURVE('',#460,#468,#470,.T.);
#468 = VERTEX_POINT('',#469);
#469 = CARTESIAN_POINT('',(800.,420.,80.));
#470 = LINE('',#471,#472);
#471 = CARTESIAN_POINT('',(400.,420.,80.));
#472 = VECTOR('',#473,1.);
#473 = DIRECTION('',(-1.,0.,0.));
#474 = ORIENTED_EDGE('',*,*,#475,.T.);
#475 = EDGE_CURVE('',#468,#433,#476,.T.);
#476 = LINE('',#477,#478);
#477 = CARTESIAN_POINT('',(800.,254.,80.));
#478 = VECTOR('',#479,1.);
#479 = DIRECTION('',(0.,1.,0.));
#480 = PLANE('',#481);
#481 = AXIS2_PLACEMENT_3D('',#482,#483,#484);
#482 = CARTESIAN_POINT('',(0.,88.,80.));
#483 = DIRECTION('',(0.,0.,1.));
#484 = DIRECTION('',(1.,0.,0.));
#485 = ADVANCED_FACE('',(#486),#497,.T.);
#486 = FACE_BOUND('',#487,.T.);
#487 = EDGE_LOOP('',(#488,#489,#490,#491));
#488 = ORIENTED_EDGE('',*,*,#402,.F.);
#489 = ORIENTED_EDGE('',*,*,#378,.F.);
#490 = ORIENTED_EDGE('',*,*,#459,.T.);
#491 = ORIENTED_EDGE('',*,*,#492,.T.);
#492 = EDGE_CURVE('',#460,#403,#493,.T.);
#493 = LINE('',#494,#495);
#494 = CARTESIAN_POINT('',(990.,420.,79.));
#495 = VECTOR('',#496,1.);
#496 = DIRECTION('',(0.,0.,1.));
#497 = PLANE('',#498);
#498 = AXIS2_PLACEMENT_3D('',#499,#500,#501);
#499 = CARTESIAN_POINT('',(990.,88.,80.));
#500 = DIRECTION('',(1.,0.,0.));
#501 = DIRECTION('',(0.,0.,1.));
#502 = ADVANCED_FACE('',(#503),#514,.T.);
#503 = FACE_BOUND('',#504,.T.);
#504 = EDGE_LOOP('',(#505,#511,#512,#513));
#505 = ORIENTED_EDGE('',*,*,#506,.F.);
#506 = EDGE_CURVE('',#468,#411,#507,.T.);
#507 = LINE('',#508,#509);
#508 = CARTESIAN_POINT('',(800.,420.,79.));
#509 = VECTOR('',#510,1.);
#510 = DIRECTION('',(0.,0.,1.));
#511 = ORIENTED_EDGE('',*,*,#475,.T.);
#512 = ORIENTED_EDGE('',*,*,#442,.T.);
#513 = ORIENTED_EDGE('',*,*,#418,.F.);
#514 = PLANE('',#515);
#515 = AXIS2_PLACEMENT_3D('',#516,#517,#518);
#516 = CARTESIAN_POINT('',(800.,420.,79.));
#517 = DIRECTION('',(1.,0.,0.));
#518 = DIRECTION('',(0.,0.,1.));
#519 = ADVANCED_FACE('',(#520),#526,.T.);
#520 = FACE_BOUND('',#521,.T.);
#521 = EDGE_LOOP('',(#522,#523,#524,#525));
#522 = ORIENTED_EDGE('',*,*,#492,.F.);
#523 = ORIENTED_EDGE('',*,*,#467,.T.);
#524 = ORIENTED_EDGE('',*,*,#506,.T.);
#525 = ORIENTED_EDGE('',*,*,#410,.F.);
#526 = PLANE('',#527);
#527 = AXIS2_PLACEMENT_3D('',#528,#529,#530);
#528 = CARTESIAN_POINT('',(800.,420.,79.));
#529 = DIRECTION('',(0.,1.,0.));
#530 = DIRECTION('',(0.,0.,1.));
#531 = MANIFOLD_SOLID_BREP('',#532);
#532 = CLOSED_SHELL('',(#533,#573,#613,#635,#657,#669));
#533 = ADVANCED_FACE('',(#534),#568,.F.);
#534 = FACE_BOUND('',#535,.F.);
#535 = EDGE_LOOP('',(#536,#546,#554,#562));
#536 = ORIENTED_EDGE('',*,*,#537,.F.);
#537 = EDGE_CURVE('',#538,#540,#542,.T.);
#538 = VERTEX_POINT('',#539);
#539 = CARTESIAN_POINT('',(18.,444.,80.));
#540 = VERTEX_POINT('',#541);
#541 = CARTESIAN_POINT('',(18.,444.,870.));
#542 = LINE('',#543,#544);
#543 = CARTESIAN_POINT('',(18.,444.,80.));
#544 = VECTOR('',#545,1.);
#545 = DIRECTION('',(0.,0.,1.));
#546 = ORIENTED_EDGE('',*,*,#547,.T.);
#547 = EDGE_CURVE('',#538,#548,#550,.T.);
#548 = VERTEX_POINT('',#549);
#549 = CARTESIAN_POINT('',(18.,450.,80.));
#550 = LINE('',#551,#552);
#551 = CARTESIAN_POINT('',(18.,444.,80.));
#552 = VECTOR('',#553,1.);
#553 = DIRECTION('',(0.,1.,0.));
#554 = ORIENTED_EDGE('',*,*,#555,.T.);
#555 = EDGE_CURVE('',#548,#556,#558,.T.);
#556 = VERTEX_POINT('',#557);
#557 = CARTESIAN_POINT('',(18.,450.,870.));
#558 = LINE('',#559,#560);
#559 = CARTESIAN_POINT('',(18.,450.,80.));
#560 = VECTOR('',#561,1.);
#561 = DIRECTION('',(0.,0.,1.));
#562 = ORIENTED_EDGE('',*,*,#563,.F.);
#563 = EDGE_CURVE('',#540,#556,#564,.T.);
#564 = LINE('',#565,#566);
#565 = CARTESIAN_POINT('',(18.,444.,870.));
#566 = VECTOR('',#567,1.);
#567 = DIRECTION('',(0.,1.,0.));
#568 = PLANE('',#569);
#569 = AXIS2_PLACEMENT_3D('',#570,#571,#572);
#570 = CARTESIAN_POINT('',(18.,444.,80.));
#571 = DIRECTION('',(1.,0.,0.));
#572 = DIRECTION('',(0.,0.,1.));
#573 = ADVANCED_FACE('',(#574),#608,.T.);
#574 = FACE_BOUND('',#575,.T.);
#575 = EDGE_LOOP('',(#576,#586,#594,#602));
#576 = ORIENTED_EDGE('',*,*,#577,.F.);
#577 = EDGE_CURVE('',#578,#580,#582,.T.);
#578 = VERTEX_POINT('',#579);
#579 = CARTESIAN_POINT('',(800.,444.,80.));
#580 = VERTEX_POINT('',#581);
#581 = CARTESIAN_POINT('',(800.,444.,870.));
#582 = LINE('',#583,#584);
#583 = CARTESIAN_POINT('',(800.,444.,80.));
#584 = VECTOR('',#585,1.);
#585 = DIRECTION('',(0.,0.,1.));
#586 = ORIENTED_EDGE('',*,*,#587,.T.);
#587 = EDGE_CURVE('',#578,#588,#590,.T.);
#588 = VERTEX_POINT('',#589);
#589 = CARTESIAN_POINT('',(800.,450.,80.));
#590 = LINE('',#591,#592);
#591 = CARTESIAN_POINT('',(800.,444.,80.));
#592 = VECTOR('',#593,1.);
#593 = DIRECTION('',(0.,1.,0.));
#594 = ORIENTED_EDGE('',*,*,#595,.T.);
#595 = EDGE_CURVE('',#588,#596,#598,.T.);
#596 = VERTEX_POINT('',#597);
#597 = CARTESIAN_POINT('',(800.,450.,870.));
#598 = LINE('',#599,#600);
#599 = CARTESIAN_POINT('',(800.,450.,80.));
#600 = VECTOR('',#601,1.);
#601 = DIRECTION('',(0.,0.,1.));
#602 = ORIENTED_EDGE('',*,*,#603,.F.);
#603 = EDGE_CURVE('',#580,#596,#604,.T.);
#604 = LINE('',#605,#606);
#605 = CARTESIAN_POINT('',(800.,444.,870.));
#606 = VECTOR('',#607,1.);
#607 = DIRECTION('',(0.,1.,0.));
#608 = PLANE('',#609);
#609 = AXIS2_PLACEMENT_3D('',#610,#611,#612);
#610 = CARTESIAN_POINT('',(800.,444.,80.));
#611 = DIRECTION('',(1.,0.,0.));
#612 = DIRECTION('',(0.,0.,1.));
#613 = ADVANCED_FACE('',(#614),#630,.F.);
#614 = FACE_BOUND('',#615,.F.);
#615 = EDGE_LOOP('',(#616,#622,#623,#629));
#616 = ORIENTED_EDGE('',*,*,#617,.F.);
#617 = EDGE_CURVE('',#538,#578,#618,.T.);
#618 = LINE('',#619,#620);
#619 = CARTESIAN_POINT('',(18.,444.,80.));
#620 = VECTOR('',#621,1.);
#621 = DIRECTION('',(1.,0.,0.));
#622 = ORIENTED_EDGE('',*,*,#537,.T.);
#623 = ORIENTED_EDGE('',*,*,#624,.T.);
#624 = EDGE_CURVE('',#540,#580,#625,.T.);
#625 = LINE('',#626,#627);
#626 = CARTESIAN_POINT('',(18.,444.,870.));
#627 = VECTOR('',#628,1.);
#628 = DIRECTION('',(1.,0.,0.));
#629 = ORIENTED_EDGE('',*,*,#577,.F.);
#630 = PLANE('',#631);
#631 = AXIS2_PLACEMENT_3D('',#632,#633,#634);
#632 = CARTESIAN_POINT('',(18.,444.,80.));
#633 = DIRECTION('',(0.,1.,0.));
#634 = DIRECTION('',(0.,0.,1.));
#635 = ADVANCED_FACE('',(#636),#652,.T.);
#636 = FACE_BOUND('',#637,.T.);
#637 = EDGE_LOOP('',(#638,#644,#645,#651));
#638 = ORIENTED_EDGE('',*,*,#639,.F.);
#639 = EDGE_CURVE('',#548,#588,#640,.T.);
#640 = LINE('',#641,#642);
#641 = CARTESIAN_POINT('',(18.,450.,80.));
#642 = VECTOR('',#643,1.);
#643 = DIRECTION('',(1.,0.,0.));
#644 = ORIENTED_EDGE('',*,*,#555,.T.);
#645 = ORIENTED_EDGE('',*,*,#646,.T.);
#646 = EDGE_CURVE('',#556,#596,#647,.T.);
#647 = LINE('',#648,#649);
#648 = CARTESIAN_POINT('',(18.,450.,870.));
#649 = VECTOR('',#650,1.);
#650 = DIRECTION('',(1.,0.,0.));
#651 = ORIENTED_EDGE('',*,*,#595,.F.);
#652 = PLANE('',#653);
#653 = AXIS2_PLACEMENT_3D('',#654,#655,#656);
#654 = CARTESIAN_POINT('',(18.,450.,80.));
#655 = DIRECTION('',(0.,1.,0.));
#656 = DIRECTION('',(0.,0.,1.));
#657 = ADVANCED_FACE('',(#658),#664,.F.);
#658 = FACE_BOUND('',#659,.F.);
#659 = EDGE_LOOP('',(#660,#661,#662,#663));
#660 = ORIENTED_EDGE('',*,*,#547,.F.);
#661 = ORIENTED_EDGE('',*,*,#617,.T.);
#662 = ORIENTED_EDGE('',*,*,#587,.T.);
#663 = ORIENTED_EDGE('',*,*,#639,.F.);
#664 = PLANE('',#665);
#665 = AXIS2_PLACEMENT_3D('',#666,#667,#668);
#666 = CARTESIAN_POINT('',(18.,444.,80.));
#667 = DIRECTION('',(0.,0.,1.));
#668 = DIRECTION('',(1.,0.,0.));
#669 = ADVANCED_FACE('',(#670),#676,.T.);
#670 = FACE_BOUND('',#671,.T.);
#671 = EDGE_LOOP('',(#672,#673,#674,#675));
#672 = ORIENTED_EDGE('',*,*,#563,.F.);
#673 = ORIENTED_EDGE('',*,*,#624,.T.);
#674 = ORIENTED_EDGE('',*,*,#603,.T.);
#675 = ORIENTED_EDGE('',*,*,#646,.F.);
#676 = PLANE('',#677);
#677 = AXIS2_PLACEMENT_3D('',#678,#679,#680);
#678 = CARTESIAN_POINT('',(18.,444.,870.));
#679 = DIRECTION('',(0.,0.,1.));
#680 = DIRECTION('',(1.,0.,0.));
#681 = MANIFOLD_SOLID_BREP('',#682);
#682 = CLOSED_SHELL('',(#683,#723,#763,#785,#807,#819));
#683 = ADVANCED_FACE('',(#684),#718,.F.);
#684 = FACE_BOUND('',#685,.F.);
#685 = EDGE_LOOP('',(#686,#696,#704,#712));
#686 = ORIENTED_EDGE('',*,*,#687,.F.);
#687 = EDGE_CURVE('',#688,#690,#692,.T.);
#688 = VERTEX_POINT('',#689);
#689 = CARTESIAN_POINT('',(800.,414.,80.));
#690 = VERTEX_POINT('',#691);
#691 = CARTESIAN_POINT('',(800.,414.,870.));
#692 = LINE('',#693,#694);
#693 = CARTESIAN_POINT('',(800.,414.,80.));
#694 = VECTOR('',#695,1.);
#695 = DIRECTION('',(0.,0.,1.));
#696 = ORIENTED_EDGE('',*,*,#697,.T.);
#697 = EDGE_CURVE('',#688,#698,#700,.T.);
#698 = VERTEX_POINT('',#699);
#699 = CARTESIAN_POINT('',(800.,420.,80.));
#700 = LINE('',#701,#702);
#701 = CARTESIAN_POINT('',(800.,414.,80.));
#702 = VECTOR('',#703,1.);
#703 = DIRECTION('',(0.,1.,0.));
#704 = ORIENTED_EDGE('',*,*,#705,.T.);
#705 = EDGE_CURVE('',#698,#706,#708,.T.);
#706 = VERTEX_POINT('',#707);
#707 = CARTESIAN_POINT('',(800.,420.,870.));
#708 = LINE('',#709,#710);
#709 = CARTESIAN_POINT('',(800.,420.,80.));
#710 = VECTOR('',#711,1.);
#711 = DIRECTION('',(0.,0.,1.));
#712 = ORIENTED_EDGE('',*,*,#713,.F.);
#713 = EDGE_CURVE('',#690,#706,#714,.T.);
#714 = LINE('',#715,#716);
#715 = CARTESIAN_POINT('',(800.,414.,870.));
#716 = VECTOR('',#717,1.);
#717 = DIRECTION('',(0.,1.,0.));
#718 = PLANE('',#719);
#719 = AXIS2_PLACEMENT_3D('',#720,#721,#722);
#720 = CARTESIAN_POINT('',(800.,414.,80.));
#721 = DIRECTION('',(1.,0.,0.));
#722 = DIRECTION('',(0.,0.,1.));
#723 = ADVANCED_FACE('',(#724),#758,.T.);
#724 = FACE_BOUND('',#725,.T.);
#725 = EDGE_LOOP('',(#726,#736,#744,#752));
#726 = ORIENTED_EDGE('',*,*,#727,.F.);
#727 = EDGE_CURVE('',#728,#730,#732,.T.);
#728 = VERTEX_POINT('',#729);
#729 = CARTESIAN_POINT('',(972.,414.,80.));
#730 = VERTEX_POINT('',#731);
#731 = CARTESIAN_POINT('',(972.,414.,870.));
#732 = LINE('',#733,#734);
#733 = CARTESIAN_POINT('',(972.,414.,80.));
#734 = VECTOR('',#735,1.);
#735 = DIRECTION('',(0.,0.,1.));
#736 = ORIENTED_EDGE('',*,*,#737,.T.);
#737 = EDGE_CURVE('',#728,#738,#740,.T.);
#738 = VERTEX_POINT('',#739);
#739 = CARTESIAN_POINT('',(972.,420.,80.));
#740 = LINE('',#741,#742);
#741 = CARTESIAN_POINT('',(972.,414.,80.));
#742 = VECTOR('',#743,1.);
#743 = DIRECTION('',(0.,1.,0.));
#744 = ORIENTED_EDGE('',*,*,#745,.T.);
#745 = EDGE_CURVE('',#738,#746,#748,.T.);
#746 = VERTEX_POINT('',#747);
#747 = CARTESIAN_POINT('',(972.,420.,870.));
#748 = LINE('',#749,#750);
#749 = CARTESIAN_POINT('',(972.,420.,80.));
#750 = VECTOR('',#751,1.);
#751 = DIRECTION('',(0.,0.,1.));
#752 = ORIENTED_EDGE('',*,*,#753,.F.);
#753 = EDGE_CURVE('',#730,#746,#754,.T.);
#754 = LINE('',#755,#756);
#755 = CARTESIAN_POINT('',(972.,414.,870.));
#756 = VECTOR('',#757,1.);
#757 = DIRECTION('',(0.,1.,0.));
#758 = PLANE('',#759);
#759 = AXIS2_PLACEMENT_3D('',#760,#761,#762);
#760 = CARTESIAN_POINT('',(972.,414.,80.));
#761 = DIRECTION('',(1.,0.,0.));
#762 = DIRECTION('',(0.,0.,1.));
#763 = ADVANCED_FACE('',(#764),#780,.F.);
#764 = FACE_BOUND('',#765,.F.);
#765 = EDGE_LOOP('',(#766,#772,#773,#779));
#766 = ORIENTED_EDGE('',*,*,#767,.F.);
#767 = EDGE_CURVE('',#688,#728,#768,.T.);
#768 = LINE('',#769,#770);
#769 = CARTESIAN_POINT('',(800.,414.,80.));
#770 = VECTOR('',#771,1.);
#771 = DIRECTION('',(1.,0.,0.));
#772 = ORIENTED_EDGE('',*,*,#687,.T.);
#773 = ORIENTED_EDGE('',*,*,#774,.T.);
#774 = EDGE_CURVE('',#690,#730,#775,.T.);
#775 = LINE('',#776,#777);
#776 = CARTESIAN_POINT('',(800.,414.,870.));
#777 = VECTOR('',#778,1.);
#778 = DIRECTION('',(1.,0.,0.));
#779 = ORIENTED_EDGE('',*,*,#727,.F.);
#780 = PLANE('',#781);
#781 = AXIS2_PLACEMENT_3D('',#782,#783,#784);
#782 = CARTESIAN_POINT('',(800.,414.,80.));
#783 = DIRECTION('',(0.,1.,0.));
#784 = DIRECTION('',(0.,0.,1.));
#785 = ADVANCED_FACE('',(#786),#802,.T.);
#786 = FACE_BOUND('',#787,.T.);
#787 = EDGE_LOOP('',(#788,#794,#795,#801));
#788 = ORIENTED_EDGE('',*,*,#789,.F.);
#789 = EDGE_CURVE('',#698,#738,#790,.T.);
#790 = LINE('',#791,#792);
#791 = CARTESIAN_POINT('',(800.,420.,80.));
#792 = VECTOR('',#793,1.);
#793 = DIRECTION('',(1.,0.,0.));
#794 = ORIENTED_EDGE('',*,*,#705,.T.);
#795 = ORIENTED_EDGE('',*,*,#796,.T.);
#796 = EDGE_CURVE('',#706,#746,#797,.T.);
#797 = LINE('',#798,#799);
#798 = CARTESIAN_POINT('',(800.,420.,870.));
#799 = VECTOR('',#800,1.);
#800 = DIRECTION('',(1.,0.,0.));
#801 = ORIENTED_EDGE('',*,*,#745,.F.);
#802 = PLANE('',#803);
#803 = AXIS2_PLACEMENT_3D('',#804,#805,#806);
#804 = CARTESIAN_POINT('',(800.,420.,80.));
#805 = DIRECTION('',(0.,1.,0.));
#806 = DIRECTION('',(0.,0.,1.));
#807 = ADVANCED_FACE('',(#808),#814,.F.);
#808 = FACE_BOUND('',#809,.F.);
#809 = EDGE_LOOP('',(#810,#811,#812,#813));
#810 = ORIENTED_EDGE('',*,*,#697,.F.);
#811 = ORIENTED_EDGE('',*,*,#767,.T.);
#812 = ORIENTED_EDGE('',*,*,#737,.T.);
#813 = ORIENTED_EDGE('',*,*,#789,.F.);
#814 = PLANE('',#815);
#815 = AXIS2_PLACEMENT_3D('',#816,#817,#818);
#816 = CARTESIAN_POINT('',(800.,414.,80.));
#817 = DIRECTION('',(0.,0.,1.));
#818 = DIRECTION('',(1.,0.,0.));
#819 = ADVANCED_FACE('',(#820),#826,.T.);
#820 = FACE_BOUND('',#821,.T.);
#821 = EDGE_LOOP('',(#822,#823,#824,#825));
#822 = ORIENTED_EDGE('',*,*,#713,.F.);
#823 = ORIENTED_EDGE('',*,*,#774,.T.);
#824 = ORIENTED_EDGE('',*,*,#753,.T.);
#825 = ORIENTED_EDGE('',*,*,#796,.F.);
#826 = PLANE('',#827);
#827 = AXIS2_PLACEMENT_3D('',#828,#829,#830);
#828 = CARTESIAN_POINT('',(800.,414.,870.));
#829 = DIRECTION('',(0.,0.,1.));
#830 = DIRECTION('',(1.,0.,0.));
#831 = MANIFOLD_SOLID_BREP('',#832);
#832 = CLOSED_SHELL('',(#833,#873,#913,#935,#957,#969));
#833 = ADVANCED_FACE('',(#834),#868,.F.);
#834 = FACE_BOUND('',#835,.F.);
#835 = EDGE_LOOP('',(#836,#846,#854,#862));
#836 = ORIENTED_EDGE('',*,*,#837,.F.);
#837 = EDGE_CURVE('',#838,#840,#842,.T.);
#838 = VERTEX_POINT('',#839);
#839 = CARTESIAN_POINT('',(18.,350.,852.));
#840 = VERTEX_POINT('',#841);
#841 = CARTESIAN_POINT('',(18.,350.,870.));
#842 = LINE('',#843,#844);
#843 = CARTESIAN_POINT('',(18.,350.,852.));
#844 = VECTOR('',#845,1.);
#845 = DIRECTION('',(0.,0.,1.));
#846 = ORIENTED_EDGE('',*,*,#847,.T.);
#847 = EDGE_CURVE('',#838,#848,#850,.T.);
#848 = VERTEX_POINT('',#849);
#849 = CARTESIAN_POINT('',(18.,450.,852.));
#850 = LINE('',#851,#852);
#851 = CARTESIAN_POINT('',(18.,350.,852.));
#852 = VECTOR('',#853,1.);
#853 = DIRECTION('',(0.,1.,0.));
#854 = ORIENTED_EDGE('',*,*,#855,.T.);
#855 = EDGE_CURVE('',#848,#856,#858,.T.);
#856 = VERTEX_POINT('',#857);
#857 = CARTESIAN_POINT('',(18.,450.,870.));
#858 = LINE('',#859,#860);
#859 = CARTESIAN_POINT('',(18.,450.,852.));
#860 = VECTOR('',#861,1.);
#861 = DIRECTION('',(0.,0.,1.));
#862 = ORIENTED_EDGE('',*,*,#863,.F.);
#863 = EDGE_CURVE('',#840,#856,#864,.T.);
#864 = LINE('',#865,#866);
#865 = CARTESIAN_POINT('',(18.,350.,870.));
#866 = VECTOR('',#867,1.);
#867 = DIRECTION('',(0.,1.,0.));
#868 = PLANE('',#869);
#869 = AXIS2_PLACEMENT_3D('',#870,#871,#872);
#870 = CARTESIAN_POINT('',(18.,350.,852.));
#871 = DIRECTION('',(1.,0.,0.));
#872 = DIRECTION('',(0.,0.,1.));
#873 = ADVANCED_FACE('',(#874),#908,.T.);
#874 = FACE_BOUND('',#875,.T.);
#875 = EDGE_LOOP('',(#876,#886,#894,#902));
#876 = ORIENTED_EDGE('',*,*,#877,.F.);
#877 = EDGE_CURVE('',#878,#880,#882,.T.);
#878 = VERTEX_POINT('',#879);
#879 = CARTESIAN_POINT('',(800.,350.,852.));
#880 = VERTEX_POINT('',#881);
#881 = CARTESIAN_POINT('',(800.,350.,870.));
#882 = LINE('',#883,#884);
#883 = CARTESIAN_POINT('',(800.,350.,852.));
#884 = VECTOR('',#885,1.);
#885 = DIRECTION('',(0.,0.,1.));
#886 = ORIENTED_EDGE('',*,*,#887,.T.);
#887 = EDGE_CURVE('',#878,#888,#890,.T.);
#888 = VERTEX_POINT('',#889);
#889 = CARTESIAN_POINT('',(800.,450.,852.));
#890 = LINE('',#891,#892);
#891 = CARTESIAN_POINT('',(800.,350.,852.));
#892 = VECTOR('',#893,1.);
#893 = DIRECTION('',(0.,1.,0.));
#894 = ORIENTED_EDGE('',*,*,#895,.T.);
#895 = EDGE_CURVE('',#888,#896,#898,.T.);
#896 = VERTEX_POINT('',#897);
#897 = CARTESIAN_POINT('',(800.,450.,870.));
#898 = LINE('',#899,#900);
#899 = CARTESIAN_POINT('',(800.,450.,852.));
#900 = VECTOR('',#901,1.);
#901 = DIRECTION('',(0.,0.,1.));
#902 = ORIENTED_EDGE('',*,*,#903,.F.);
#903 = EDGE_CURVE('',#880,#896,#904,.T.);
#904 = LINE('',#905,#906);
#905 = CARTESIAN_POINT('',(800.,350.,870.));
#906 = VECTOR('',#907,1.);
#907 = DIRECTION('',(0.,1.,0.));
#908 = PLANE('',#909);
#909 = AXIS2_PLACEMENT_3D('',#910,#911,#912);
#910 = CARTESIAN_POINT('',(800.,350.,852.));
#911 = DIRECTION('',(1.,0.,0.));
#912 = DIRECTION('',(0.,0.,1.));
#913 = ADVANCED_FACE('',(#914),#930,.F.);
#914 = FACE_BOUND('',#915,.F.);
#915 = EDGE_LOOP('',(#916,#922,#923,#929));
#916 = ORIENTED_EDGE('',*,*,#917,.F.);
#917 = EDGE_CURVE('',#838,#878,#918,.T.);
#918 = LINE('',#919,#920);
#919 = CARTESIAN_POINT('',(18.,350.,852.));
#920 = VECTOR('',#921,1.);
#921 = DIRECTION('',(1.,0.,0.));
#922 = ORIENTED_EDGE('',*,*,#837,.T.);
#923 = ORIENTED_EDGE('',*,*,#924,.T.);
#924 = EDGE_CURVE('',#840,#880,#925,.T.);
#925 = LINE('',#926,#927);
#926 = CARTESIAN_POINT('',(18.,350.,870.));
#927 = VECTOR('',#928,1.);
#928 = DIRECTION('',(1.,0.,0.));
#929 = ORIENTED_EDGE('',*,*,#877,.F.);
#930 = PLANE('',#931);
#931 = AXIS2_PLACEMENT_3D('',#932,#933,#934);
#932 = CARTESIAN_POINT('',(18.,350.,852.));
#933 = DIRECTION('',(0.,1.,0.));
#934 = DIRECTION('',(0.,0.,1.));
#935 = ADVANCED_FACE('',(#936),#952,.T.);
#936 = FACE_BOUND('',#937,.T.);
#937 = EDGE_LOOP('',(#938,#944,#945,#951));
#938 = ORIENTED_EDGE('',*,*,#939,.F.);
#939 = EDGE_CURVE('',#848,#888,#940,.T.);
#940 = LINE('',#941,#942);
#941 = CARTESIAN_POINT('',(18.,450.,852.));
#942 = VECTOR('',#943,1.);
#943 = DIRECTION('',(1.,0.,0.));
#944 = ORIENTED_EDGE('',*,*,#855,.T.);
#945 = ORIENTED_EDGE('',*,*,#946,.T.);
#946 = EDGE_CURVE('',#856,#896,#947,.T.);
#947 = LINE('',#948,#949);
#948 = CARTESIAN_POINT('',(18.,450.,870.));
#949 = VECTOR('',#950,1.);
#950 = DIRECTION('',(1.,0.,0.));
#951 = ORIENTED_EDGE('',*,*,#895,.F.);
#952 = PLANE('',#953);
#953 = AXIS2_PLACEMENT_3D('',#954,#955,#956);
#954 = CARTESIAN_POINT('',(18.,450.,852.));
#955 = DIRECTION('',(0.,1.,0.));
#956 = DIRECTION('',(0.,0.,1.));
#957 = ADVANCED_FACE('',(#958),#964,.F.);
#958 = FACE_BOUND('',#959,.F.);
#959 = EDGE_LOOP('',(#960,#961,#962,#963));
#960 = ORIENTED_EDGE('',*,*,#847,.F.);
#961 = ORIENTED_EDGE('',*,*,#917,.T.);
#962 = ORIENTED_EDGE('',*,*,#887,.T.);
#963 = ORIENTED_EDGE('',*,*,#939,.F.);
#964 = PLANE('',#965);
#965 = AXIS2_PLACEMENT_3D('',#966,#967,#968);
#966 = CARTESIAN_POINT('',(18.,350.,852.));
#967 = DIRECTION('',(0.,0.,1.));
#968 = DIRECTION('',(1.,0.,0.));
#969 = ADVANCED_FACE('',(#970),#976,.T.);
#970 = FACE_BOUND('',#971,.T.);
#971 = EDGE_LOOP('',(#972,#973,#974,#975));
#972 = ORIENTED_EDGE('',*,*,#863,.F.);
#973 = ORIENTED_EDGE('',*,*,#924,.T.);
#974 = ORIENTED_EDGE('',*,*,#903,.T.);
#975 = ORIENTED_EDGE('',*,*,#946,.F.);
#976 = PLANE('',#977);
#977 = AXIS2_PLACEMENT_3D('',#978,#979,#980);
#978 = CARTESIAN_POINT('',(18.,350.,870.));
#979 = DIRECTION('',(0.,0.,1.));
#980 = DIRECTION('',(1.,0.,0.));
#981 = MANIFOLD_SOLID_BREP('',#982);
#982 = CLOSED_SHELL('',(#983,#1023,#1054,#1094,#1118,#1151,#1168,#1185)
  );
#983 = ADVANCED_FACE('',(#984),#1018,.F.);
#984 = FACE_BOUND('',#985,.F.);
#985 = EDGE_LOOP('',(#986,#996,#1004,#1012));
#986 = ORIENTED_EDGE('',*,*,#987,.F.);
#987 = EDGE_CURVE('',#988,#990,#992,.T.);
#988 = VERTEX_POINT('',#989);
#989 = CARTESIAN_POINT('',(20.,90.,471.));
#990 = VERTEX_POINT('',#991);
#991 = CARTESIAN_POINT('',(20.,90.,489.));
#992 = LINE('',#993,#994);
#993 = CARTESIAN_POINT('',(20.,90.,471.));
#994 = VECTOR('',#995,1.);
#995 = DIRECTION('',(0.,0.,1.));
#996 = ORIENTED_EDGE('',*,*,#997,.T.);
#997 = EDGE_CURVE('',#988,#998,#1000,.T.);
#998 = VERTEX_POINT('',#999);
#999 = CARTESIAN_POINT('',(20.,442.,471.));
#1000 = LINE('',#1001,#1002);
#1001 = CARTESIAN_POINT('',(20.,90.,471.));
#1002 = VECTOR('',#1003,1.);
#1003 = DIRECTION('',(0.,1.,0.));
#1004 = ORIENTED_EDGE('',*,*,#1005,.T.);
#1005 = EDGE_CURVE('',#998,#1006,#1008,.T.);
#1006 = VERTEX_POINT('',#1007);
#1007 = CARTESIAN_POINT('',(20.,442.,489.));
#1008 = LINE('',#1009,#1010);
#1009 = CARTESIAN_POINT('',(20.,442.,471.));
#1010 = VECTOR('',#1011,1.);
#1011 = DIRECTION('',(0.,0.,1.));
#1012 = ORIENTED_EDGE('',*,*,#1013,.F.);
#1013 = EDGE_CURVE('',#990,#1006,#1014,.T.);
#1014 = LINE('',#1015,#1016);
#1015 = CARTESIAN_POINT('',(20.,90.,489.));
#1016 = VECTOR('',#1017,1.);
#1017 = DIRECTION('',(0.,1.,0.));
#1018 = PLANE('',#1019);
#1019 = AXIS2_PLACEMENT_3D('',#1020,#1021,#1022);
#1020 = CARTESIAN_POINT('',(20.,90.,471.));
#1021 = DIRECTION('',(1.,0.,0.));
#1022 = DIRECTION('',(0.,0.,1.));
#1023 = ADVANCED_FACE('',(#1024),#1049,.F.);
#1024 = FACE_BOUND('',#1025,.F.);
#1025 = EDGE_LOOP('',(#1026,#1034,#1035,#1043));
#1026 = ORIENTED_EDGE('',*,*,#1027,.F.);
#1027 = EDGE_CURVE('',#988,#1028,#1030,.T.);
#1028 = VERTEX_POINT('',#1029);
#1029 = CARTESIAN_POINT('',(970.,90.,471.));
#1030 = LINE('',#1031,#1032);
#1031 = CARTESIAN_POINT('',(20.,90.,471.));
#1032 = VECTOR('',#1033,1.);
#1033 = DIRECTION('',(1.,0.,0.));
#1034 = ORIENTED_EDGE('',*,*,#987,.T.);
#1035 = ORIENTED_EDGE('',*,*,#1036,.T.);
#1036 = EDGE_CURVE('',#990,#1037,#1039,.T.);
#1037 = VERTEX_POINT('',#1038);
#1038 = CARTESIAN_POINT('',(970.,90.,489.));
#1039 = LINE('',#1040,#1041);
#1040 = CARTESIAN_POINT('',(20.,90.,489.));
#1041 = VECTOR('',#1042,1.);
#1042 = DIRECTION('',(1.,0.,0.));
#1043 = ORIENTED_EDGE('',*,*,#1044,.F.);
#1044 = EDGE_CURVE('',#1028,#1037,#1045,.T.);
#1045 = LINE('',#1046,#1047);
#1046 = CARTESIAN_POINT('',(970.,90.,471.));
#1047 = VECTOR('',#1048,1.);
#1048 = DIRECTION('',(0.,0.,1.));
#1049 = PLANE('',#1050);
#1050 = AXIS2_PLACEMENT_3D('',#1051,#1052,#1053);
#1051 = CARTESIAN_POINT('',(20.,90.,471.));
#1052 = DIRECTION('',(0.,1.,0.));
#1053 = DIRECTION('',(0.,0.,1.));
#1054 = ADVANCED_FACE('',(#1055),#1089,.T.);
#1055 = FACE_BOUND('',#1056,.T.);
#1056 = EDGE_LOOP('',(#1057,#1065,#1066,#1067,#1075,#1083));
#1057 = ORIENTED_EDGE('',*,*,#1058,.F.);
#1058 = EDGE_CURVE('',#1006,#1059,#1061,.T.);
#1059 = VERTEX_POINT('',#1060);
#1060 = CARTESIAN_POINT('',(800.,442.,489.));
#1061 = LINE('',#1062,#1063);
#1062 = CARTESIAN_POINT('',(20.,442.,489.));
#1063 = VECTOR('',#1064,1.);
#1064 = DIRECTION('',(1.,0.,0.));
#1065 = ORIENTED_EDGE('',*,*,#1013,.F.);
#1066 = ORIENTED_EDGE('',*,*,#1036,.T.);
#1067 = ORIENTED_EDGE('',*,*,#1068,.T.);
#1068 = EDGE_CURVE('',#1037,#1069,#1071,.T.);
#1069 = VERTEX_POINT('',#1070);
#1070 = CARTESIAN_POINT('',(970.,412.,489.));
#1071 = LINE('',#1072,#1073);
#1072 = CARTESIAN_POINT('',(970.,90.,489.));
#1073 = VECTOR('',#1074,1.);
#1074 = DIRECTION('',(0.,1.,0.));
#1075 = ORIENTED_EDGE('',*,*,#1076,.T.);
#1076 = EDGE_CURVE('',#1069,#1077,#1079,.T.);
#1077 = VERTEX_POINT('',#1078);
#1078 = CARTESIAN_POINT('',(800.,412.,489.));
#1079 = LINE('',#1080,#1081);
#1080 = CARTESIAN_POINT('',(410.,412.,489.));
#1081 = VECTOR('',#1082,1.);
#1082 = DIRECTION('',(-1.,0.,0.));
#1083 = ORIENTED_EDGE('',*,*,#1084,.T.);
#1084 = EDGE_CURVE('',#1077,#1059,#1085,.T.);
#1085 = LINE('',#1086,#1087);
#1086 = CARTESIAN_POINT('',(800.,251.,489.));
#1087 = VECTOR('',#1088,1.);
#1088 = DIRECTION('',(0.,1.,0.));
#1089 = PLANE('',#1090);
#1090 = AXIS2_PLACEMENT_3D('',#1091,#1092,#1093);
#1091 = CARTESIAN_POINT('',(20.,90.,489.));
#1092 = DIRECTION('',(0.,0.,1.));
#1093 = DIRECTION('',(1.,0.,0.));
#1094 = ADVANCED_FACE('',(#1095),#1113,.T.);
#1095 = FACE_BOUND('',#1096,.T.);
#1096 = EDGE_LOOP('',(#1097,#1105,#1106,#1107));
#1097 = ORIENTED_EDGE('',*,*,#1098,.F.);
#1098 = EDGE_CURVE('',#998,#1099,#1101,.T.);
#1099 = VERTEX_POINT('',#1100);
#1100 = CARTESIAN_POINT('',(800.,442.,471.));
#1101 = LINE('',#1102,#1103);
#1102 = CARTESIAN_POINT('',(20.,442.,471.));
#1103 = VECTOR('',#1104,1.);
#1104 = DIRECTION('',(1.,0.,0.));
#1105 = ORIENTED_EDGE('',*,*,#1005,.T.);
#1106 = ORIENTED_EDGE('',*,*,#1058,.T.);
#1107 = ORIENTED_EDGE('',*,*,#1108,.F.);
#1108 = EDGE_CURVE('',#1099,#1059,#1109,.T.);
#1109 = LINE('',#1110,#1111);
#1110 = CARTESIAN_POINT('',(800.,442.,470.));
#1111 = VECTOR('',#1112,1.);
#1112 = DIRECTION('',(0.,0.,1.));
#1113 = PLANE('',#1114);
#1114 = AXIS2_PLACEMENT_3D('',#1115,#1116,#1117);
#1115 = CARTESIAN_POINT('',(20.,442.,471.));
#1116 = DIRECTION('',(0.,1.,0.));
#1117 = DIRECTION('',(0.,0.,1.));
#1118 = ADVANCED_FACE('',(#1119),#1146,.F.);
#1119 = FACE_BOUND('',#1120,.F.);
#1120 = EDGE_LOOP('',(#1121,#1122,#1123,#1124,#1132,#1140));
#1121 = ORIENTED_EDGE('',*,*,#1098,.F.);
#1122 = ORIENTED_EDGE('',*,*,#997,.F.);
#1123 = ORIENTED_EDGE('',*,*,#1027,.T.);
#1124 = ORIENTED_EDGE('',*,*,#1125,.T.);
#1125 = EDGE_CURVE('',#1028,#1126,#1128,.T.);
#1126 = VERTEX_POINT('',#1127);
#1127 = CARTESIAN_POINT('',(970.,412.,471.));
#1128 = LINE('',#1129,#1130);
#1129 = CARTESIAN_POINT('',(970.,90.,471.));
#1130 = VECTOR('',#1131,1.);
#1131 = DIRECTION('',(0.,1.,0.));
#1132 = ORIENTED_EDGE('',*,*,#1133,.T.);
#1133 = EDGE_CURVE('',#1126,#1134,#1136,.T.);
#1134 = VERTEX_POINT('',#1135);
#1135 = CARTESIAN_POINT('',(800.,412.,471.));
#1136 = LINE('',#1137,#1138);
#1137 = CARTESIAN_POINT('',(410.,412.,471.));
#1138 = VECTOR('',#1139,1.);
#1139 = DIRECTION('',(-1.,0.,0.));
#1140 = ORIENTED_EDGE('',*,*,#1141,.T.);
#1141 = EDGE_CURVE('',#1134,#1099,#1142,.T.);
#1142 = LINE('',#1143,#1144);
#1143 = CARTESIAN_POINT('',(800.,251.,471.));
#1144 = VECTOR('',#1145,1.);
#1145 = DIRECTION('',(0.,1.,0.));
#1146 = PLANE('',#1147);
#1147 = AXIS2_PLACEMENT_3D('',#1148,#1149,#1150);
#1148 = CARTESIAN_POINT('',(20.,90.,471.));
#1149 = DIRECTION('',(0.,0.,1.));
#1150 = DIRECTION('',(1.,0.,0.));
#1151 = ADVANCED_FACE('',(#1152),#1163,.T.);
#1152 = FACE_BOUND('',#1153,.T.);
#1153 = EDGE_LOOP('',(#1154,#1155,#1156,#1157));
#1154 = ORIENTED_EDGE('',*,*,#1068,.F.);
#1155 = ORIENTED_EDGE('',*,*,#1044,.F.);
#1156 = ORIENTED_EDGE('',*,*,#1125,.T.);
#1157 = ORIENTED_EDGE('',*,*,#1158,.T.);
#1158 = EDGE_CURVE('',#1126,#1069,#1159,.T.);
#1159 = LINE('',#1160,#1161);
#1160 = CARTESIAN_POINT('',(970.,412.,470.));
#1161 = VECTOR('',#1162,1.);
#1162 = DIRECTION('',(0.,0.,1.));
#1163 = PLANE('',#1164);
#1164 = AXIS2_PLACEMENT_3D('',#1165,#1166,#1167);
#1165 = CARTESIAN_POINT('',(970.,90.,471.));
#1166 = DIRECTION('',(1.,0.,0.));
#1167 = DIRECTION('',(0.,0.,1.));
#1168 = ADVANCED_FACE('',(#1169),#1180,.T.);
#1169 = FACE_BOUND('',#1170,.T.);
#1170 = EDGE_LOOP('',(#1171,#1177,#1178,#1179));
#1171 = ORIENTED_EDGE('',*,*,#1172,.F.);
#1172 = EDGE_CURVE('',#1134,#1077,#1173,.T.);
#1173 = LINE('',#1174,#1175);
#1174 = CARTESIAN_POINT('',(800.,412.,470.));
#1175 = VECTOR('',#1176,1.);
#1176 = DIRECTION('',(0.,0.,1.));
#1177 = ORIENTED_EDGE('',*,*,#1141,.T.);
#1178 = ORIENTED_EDGE('',*,*,#1108,.T.);
#1179 = ORIENTED_EDGE('',*,*,#1084,.F.);
#1180 = PLANE('',#1181);
#1181 = AXIS2_PLACEMENT_3D('',#1182,#1183,#1184);
#1182 = CARTESIAN_POINT('',(800.,412.,470.));
#1183 = DIRECTION('',(1.,0.,0.));
#1184 = DIRECTION('',(0.,0.,1.));
#1185 = ADVANCED_FACE('',(#1186),#1192,.T.);
#1186 = FACE_BOUND('',#1187,.T.);
#1187 = EDGE_LOOP('',(#1188,#1189,#1190,#1191));
#1188 = ORIENTED_EDGE('',*,*,#1158,.F.);
#1189 = ORIENTED_EDGE('',*,*,#1133,.T.);
#1190 = ORIENTED_EDGE('',*,*,#1172,.T.);
#1191 = ORIENTED_EDGE('',*,*,#1076,.F.);
#1192 = PLANE('',#1193);
#1193 = AXIS2_PLACEMENT_3D('',#1194,#1195,#1196);
#1194 = CARTESIAN_POINT('',(800.,412.,470.));
#1195 = DIRECTION('',(0.,1.,0.));
#1196 = DIRECTION('',(0.,0.,1.));
#1197 = MANIFOLD_SOLID_BREP('',#1198);
#1198 = CLOSED_SHELL('',(#1199,#1239,#1279,#1301,#1323,#1335));
#1199 = ADVANCED_FACE('',(#1200),#1234,.F.);
#1200 = FACE_BOUND('',#1201,.F.);
#1201 = EDGE_LOOP('',(#1202,#1212,#1220,#1228));
#1202 = ORIENTED_EDGE('',*,*,#1203,.F.);
#1203 = EDGE_CURVE('',#1204,#1206,#1208,.T.);
#1204 = VERTEX_POINT('',#1205);
#1205 = CARTESIAN_POINT('',(0.,88.,822.));
#1206 = VERTEX_POINT('',#1207);
#1207 = CARTESIAN_POINT('',(0.,88.,870.));
#1208 = LINE('',#1209,#1210);
#1209 = CARTESIAN_POINT('',(0.,88.,822.));
#1210 = VECTOR('',#1211,1.);
#1211 = DIRECTION('',(0.,0.,1.));
#1212 = ORIENTED_EDGE('',*,*,#1213,.T.);
#1213 = EDGE_CURVE('',#1204,#1214,#1216,.T.);
#1214 = VERTEX_POINT('',#1215);
#1215 = CARTESIAN_POINT('',(0.,112.4,822.));
#1216 = LINE('',#1217,#1218);
#1217 = CARTESIAN_POINT('',(0.,88.,822.));
#1218 = VECTOR('',#1219,1.);
#1219 = DIRECTION('',(0.,1.,0.));
#1220 = ORIENTED_EDGE('',*,*,#1221,.T.);
#1221 = EDGE_CURVE('',#1214,#1222,#1224,.T.);
#1222 = VERTEX_POINT('',#1223);
#1223 = CARTESIAN_POINT('',(0.,112.4,870.));
#1224 = LINE('',#1225,#1226);
#1225 = CARTESIAN_POINT('',(0.,112.4,822.));
#1226 = VECTOR('',#1227,1.);
#1227 = DIRECTION('',(0.,0.,1.));
#1228 = ORIENTED_EDGE('',*,*,#1229,.F.);
#1229 = EDGE_CURVE('',#1206,#1222,#1230,.T.);
#1230 = LINE('',#1231,#1232);
#1231 = CARTESIAN_POINT('',(0.,88.,870.));
#1232 = VECTOR('',#1233,1.);
#1233 = DIRECTION('',(0.,1.,0.));
#1234 = PLANE('',#1235);
#1235 = AXIS2_PLACEMENT_3D('',#1236,#1237,#1238);
#1236 = CARTESIAN_POINT('',(0.,88.,822.));
#1237 = DIRECTION('',(1.,0.,0.));
#1238 = DIRECTION('',(0.,0.,1.));
#1239 = ADVANCED_FACE('',(#1240),#1274,.T.);
#1240 = FACE_BOUND('',#1241,.T.);
#1241 = EDGE_LOOP('',(#1242,#1252,#1260,#1268));
#1242 = ORIENTED_EDGE('',*,*,#1243,.F.);
#1243 = EDGE_CURVE('',#1244,#1246,#1248,.T.);
#1244 = VERTEX_POINT('',#1245);
#1245 = CARTESIAN_POINT('',(990.,88.,822.));
#1246 = VERTEX_POINT('',#1247);
#1247 = CARTESIAN_POINT('',(990.,88.,870.));
#1248 = LINE('',#1249,#1250);
#1249 = CARTESIAN_POINT('',(990.,88.,822.));
#1250 = VECTOR('',#1251,1.);
#1251 = DIRECTION('',(0.,0.,1.));
#1252 = ORIENTED_EDGE('',*,*,#1253,.T.);
#1253 = EDGE_CURVE('',#1244,#1254,#1256,.T.);
#1254 = VERTEX_POINT('',#1255);
#1255 = CARTESIAN_POINT('',(990.,112.4,822.));
#1256 = LINE('',#1257,#1258);
#1257 = CARTESIAN_POINT('',(990.,88.,822.));
#1258 = VECTOR('',#1259,1.);
#1259 = DIRECTION('',(0.,1.,0.));
#1260 = ORIENTED_EDGE('',*,*,#1261,.T.);
#1261 = EDGE_CURVE('',#1254,#1262,#1264,.T.);
#1262 = VERTEX_POINT('',#1263);
#1263 = CARTESIAN_POINT('',(990.,112.4,870.));
#1264 = LINE('',#1265,#1266);
#1265 = CARTESIAN_POINT('',(990.,112.4,822.));
#1266 = VECTOR('',#1267,1.);
#1267 = DIRECTION('',(0.,0.,1.));
#1268 = ORIENTED_EDGE('',*,*,#1269,.F.);
#1269 = EDGE_CURVE('',#1246,#1262,#1270,.T.);
#1270 = LINE('',#1271,#1272);
#1271 = CARTESIAN_POINT('',(990.,88.,870.));
#1272 = VECTOR('',#1273,1.);
#1273 = DIRECTION('',(0.,1.,0.));
#1274 = PLANE('',#1275);
#1275 = AXIS2_PLACEMENT_3D('',#1276,#1277,#1278);
#1276 = CARTESIAN_POINT('',(990.,88.,822.));
#1277 = DIRECTION('',(1.,0.,0.));
#1278 = DIRECTION('',(0.,0.,1.));
#1279 = ADVANCED_FACE('',(#1280),#1296,.F.);
#1280 = FACE_BOUND('',#1281,.F.);
#1281 = EDGE_LOOP('',(#1282,#1288,#1289,#1295));
#1282 = ORIENTED_EDGE('',*,*,#1283,.F.);
#1283 = EDGE_CURVE('',#1204,#1244,#1284,.T.);
#1284 = LINE('',#1285,#1286);
#1285 = CARTESIAN_POINT('',(0.,88.,822.));
#1286 = VECTOR('',#1287,1.);
#1287 = DIRECTION('',(1.,0.,0.));
#1288 = ORIENTED_EDGE('',*,*,#1203,.T.);
#1289 = ORIENTED_EDGE('',*,*,#1290,.T.);
#1290 = EDGE_CURVE('',#1206,#1246,#1291,.T.);
#1291 = LINE('',#1292,#1293);
#1292 = CARTESIAN_POINT('',(0.,88.,870.));
#1293 = VECTOR('',#1294,1.);
#1294 = DIRECTION('',(1.,0.,0.));
#1295 = ORIENTED_EDGE('',*,*,#1243,.F.);
#1296 = PLANE('',#1297);
#1297 = AXIS2_PLACEMENT_3D('',#1298,#1299,#1300);
#1298 = CARTESIAN_POINT('',(0.,88.,822.));
#1299 = DIRECTION('',(0.,1.,0.));
#1300 = DIRECTION('',(0.,0.,1.));
#1301 = ADVANCED_FACE('',(#1302),#1318,.T.);
#1302 = FACE_BOUND('',#1303,.T.);
#1303 = EDGE_LOOP('',(#1304,#1310,#1311,#1317));
#1304 = ORIENTED_EDGE('',*,*,#1305,.F.);
#1305 = EDGE_CURVE('',#1214,#1254,#1306,.T.);
#1306 = LINE('',#1307,#1308);
#1307 = CARTESIAN_POINT('',(0.,112.4,822.));
#1308 = VECTOR('',#1309,1.);
#1309 = DIRECTION('',(1.,0.,0.));
#1310 = ORIENTED_EDGE('',*,*,#1221,.T.);
#1311 = ORIENTED_EDGE('',*,*,#1312,.T.);
#1312 = EDGE_CURVE('',#1222,#1262,#1313,.T.);
#1313 = LINE('',#1314,#1315);
#1314 = CARTESIAN_POINT('',(0.,112.4,870.));
#1315 = VECTOR('',#1316,1.);
#1316 = DIRECTION('',(1.,0.,0.));
#1317 = ORIENTED_EDGE('',*,*,#1261,.F.);
#1318 = PLANE('',#1319);
#1319 = AXIS2_PLACEMENT_3D('',#1320,#1321,#1322);
#1320 = CARTESIAN_POINT('',(0.,112.4,822.));
#1321 = DIRECTION('',(0.,1.,0.));
#1322 = DIRECTION('',(0.,0.,1.));
#1323 = ADVANCED_FACE('',(#1324),#1330,.F.);
#1324 = FACE_BOUND('',#1325,.F.);
#1325 = EDGE_LOOP('',(#1326,#1327,#1328,#1329));
#1326 = ORIENTED_EDGE('',*,*,#1213,.F.);
#1327 = ORIENTED_EDGE('',*,*,#1283,.T.);
#1328 = ORIENTED_EDGE('',*,*,#1253,.T.);
#1329 = ORIENTED_EDGE('',*,*,#1305,.F.);
#1330 = PLANE('',#1331);
#1331 = AXIS2_PLACEMENT_3D('',#1332,#1333,#1334);
#1332 = CARTESIAN_POINT('',(0.,88.,822.));
#1333 = DIRECTION('',(0.,0.,1.));
#1334 = DIRECTION('',(1.,0.,0.));
#1335 = ADVANCED_FACE('',(#1336),#1342,.T.);
#1336 = FACE_BOUND('',#1337,.T.);
#1337 = EDGE_LOOP('',(#1338,#1339,#1340,#1341));
#1338 = ORIENTED_EDGE('',*,*,#1229,.F.);
#1339 = ORIENTED_EDGE('',*,*,#1290,.T.);
#1340 = ORIENTED_EDGE('',*,*,#1269,.T.);
#1341 = ORIENTED_EDGE('',*,*,#1312,.F.);
#1342 = PLANE('',#1343);
#1343 = AXIS2_PLACEMENT_3D('',#1344,#1345,#1346);
#1344 = CARTESIAN_POINT('',(0.,88.,870.));
#1345 = DIRECTION('',(0.,0.,1.));
#1346 = DIRECTION('',(1.,0.,0.));
#1347 = MANIFOLD_SOLID_BREP('',#1348);
#1348 = CLOSED_SHELL('',(#1349,#1389,#1429,#1451,#1473,#1485));
#1349 = ADVANCED_FACE('',(#1350),#1384,.F.);
#1350 = FACE_BOUND('',#1351,.F.);
#1351 = EDGE_LOOP('',(#1352,#1362,#1370,#1378));
#1352 = ORIENTED_EDGE('',*,*,#1353,.F.);
#1353 = EDGE_CURVE('',#1354,#1356,#1358,.T.);
#1354 = VERTEX_POINT('',#1355);
#1355 = CARTESIAN_POINT('',(0.,70.,80.));
#1356 = VERTEX_POINT('',#1357);
#1357 = CARTESIAN_POINT('',(0.,70.,848.));
#1358 = LINE('',#1359,#1360);
#1359 = CARTESIAN_POINT('',(0.,70.,80.));
#1360 = VECTOR('',#1361,1.);
#1361 = DIRECTION('',(0.,0.,1.));
#1362 = ORIENTED_EDGE('',*,*,#1363,.T.);
#1363 = EDGE_CURVE('',#1354,#1364,#1366,.T.);
#1364 = VERTEX_POINT('',#1365);
#1365 = CARTESIAN_POINT('',(0.,88.,80.));
#1366 = LINE('',#1367,#1368);
#1367 = CARTESIAN_POINT('',(0.,70.,80.));
#1368 = VECTOR('',#1369,1.);
#1369 = DIRECTION('',(0.,1.,0.));
#1370 = ORIENTED_EDGE('',*,*,#1371,.T.);
#1371 = EDGE_CURVE('',#1364,#1372,#1374,.T.);
#1372 = VERTEX_POINT('',#1373);
#1373 = CARTESIAN_POINT('',(0.,88.,848.));
#1374 = LINE('',#1375,#1376);
#1375 = CARTESIAN_POINT('',(0.,88.,80.));
#1376 = VECTOR('',#1377,1.);
#1377 = DIRECTION('',(0.,0.,1.));
#1378 = ORIENTED_EDGE('',*,*,#1379,.F.);
#1379 = EDGE_CURVE('',#1356,#1372,#1380,.T.);
#1380 = LINE('',#1381,#1382);
#1381 = CARTESIAN_POINT('',(0.,70.,848.));
#1382 = VECTOR('',#1383,1.);
#1383 = DIRECTION('',(0.,1.,0.));
#1384 = PLANE('',#1385);
#1385 = AXIS2_PLACEMENT_3D('',#1386,#1387,#1388);
#1386 = CARTESIAN_POINT('',(0.,70.,80.));
#1387 = DIRECTION('',(1.,0.,0.));
#1388 = DIRECTION('',(0.,0.,1.));
#1389 = ADVANCED_FACE('',(#1390),#1424,.T.);
#1390 = FACE_BOUND('',#1391,.T.);
#1391 = EDGE_LOOP('',(#1392,#1402,#1410,#1418));
#1392 = ORIENTED_EDGE('',*,*,#1393,.F.);
#1393 = EDGE_CURVE('',#1394,#1396,#1398,.T.);
#1394 = VERTEX_POINT('',#1395);
#1395 = CARTESIAN_POINT('',(493.5,70.,80.));
#1396 = VERTEX_POINT('',#1397);
#1397 = CARTESIAN_POINT('',(493.5,70.,848.));
#1398 = LINE('',#1399,#1400);
#1399 = CARTESIAN_POINT('',(493.5,70.,80.));
#1400 = VECTOR('',#1401,1.);
#1401 = DIRECTION('',(0.,0.,1.));
#1402 = ORIENTED_EDGE('',*,*,#1403,.T.);
#1403 = EDGE_CURVE('',#1394,#1404,#1406,.T.);
#1404 = VERTEX_POINT('',#1405);
#1405 = CARTESIAN_POINT('',(493.5,88.,80.));
#1406 = LINE('',#1407,#1408);
#1407 = CARTESIAN_POINT('',(493.5,70.,80.));
#1408 = VECTOR('',#1409,1.);
#1409 = DIRECTION('',(0.,1.,0.));
#1410 = ORIENTED_EDGE('',*,*,#1411,.T.);
#1411 = EDGE_CURVE('',#1404,#1412,#1414,.T.);
#1412 = VERTEX_POINT('',#1413);
#1413 = CARTESIAN_POINT('',(493.5,88.,848.));
#1414 = LINE('',#1415,#1416);
#1415 = CARTESIAN_POINT('',(493.5,88.,80.));
#1416 = VECTOR('',#1417,1.);
#1417 = DIRECTION('',(0.,0.,1.));
#1418 = ORIENTED_EDGE('',*,*,#1419,.F.);
#1419 = EDGE_CURVE('',#1396,#1412,#1420,.T.);
#1420 = LINE('',#1421,#1422);
#1421 = CARTESIAN_POINT('',(493.5,70.,848.));
#1422 = VECTOR('',#1423,1.);
#1423 = DIRECTION('',(0.,1.,0.));
#1424 = PLANE('',#1425);
#1425 = AXIS2_PLACEMENT_3D('',#1426,#1427,#1428);
#1426 = CARTESIAN_POINT('',(493.5,70.,80.));
#1427 = DIRECTION('',(1.,0.,0.));
#1428 = DIRECTION('',(0.,0.,1.));
#1429 = ADVANCED_FACE('',(#1430),#1446,.F.);
#1430 = FACE_BOUND('',#1431,.F.);
#1431 = EDGE_LOOP('',(#1432,#1438,#1439,#1445));
#1432 = ORIENTED_EDGE('',*,*,#1433,.F.);
#1433 = EDGE_CURVE('',#1354,#1394,#1434,.T.);
#1434 = LINE('',#1435,#1436);
#1435 = CARTESIAN_POINT('',(0.,70.,80.));
#1436 = VECTOR('',#1437,1.);
#1437 = DIRECTION('',(1.,0.,0.));
#1438 = ORIENTED_EDGE('',*,*,#1353,.T.);
#1439 = ORIENTED_EDGE('',*,*,#1440,.T.);
#1440 = EDGE_CURVE('',#1356,#1396,#1441,.T.);
#1441 = LINE('',#1442,#1443);
#1442 = CARTESIAN_POINT('',(0.,70.,848.));
#1443 = VECTOR('',#1444,1.);
#1444 = DIRECTION('',(1.,0.,0.));
#1445 = ORIENTED_EDGE('',*,*,#1393,.F.);
#1446 = PLANE('',#1447);
#1447 = AXIS2_PLACEMENT_3D('',#1448,#1449,#1450);
#1448 = CARTESIAN_POINT('',(0.,70.,80.));
#1449 = DIRECTION('',(0.,1.,0.));
#1450 = DIRECTION('',(0.,0.,1.));
#1451 = ADVANCED_FACE('',(#1452),#1468,.T.);
#1452 = FACE_BOUND('',#1453,.T.);
#1453 = EDGE_LOOP('',(#1454,#1460,#1461,#1467));
#1454 = ORIENTED_EDGE('',*,*,#1455,.F.);
#1455 = EDGE_CURVE('',#1364,#1404,#1456,.T.);
#1456 = LINE('',#1457,#1458);
#1457 = CARTESIAN_POINT('',(0.,88.,80.));
#1458 = VECTOR('',#1459,1.);
#1459 = DIRECTION('',(1.,0.,0.));
#1460 = ORIENTED_EDGE('',*,*,#1371,.T.);
#1461 = ORIENTED_EDGE('',*,*,#1462,.T.);
#1462 = EDGE_CURVE('',#1372,#1412,#1463,.T.);
#1463 = LINE('',#1464,#1465);
#1464 = CARTESIAN_POINT('',(0.,88.,848.));
#1465 = VECTOR('',#1466,1.);
#1466 = DIRECTION('',(1.,0.,0.));
#1467 = ORIENTED_EDGE('',*,*,#1411,.F.);
#1468 = PLANE('',#1469);
#1469 = AXIS2_PLACEMENT_3D('',#1470,#1471,#1472);
#1470 = CARTESIAN_POINT('',(0.,88.,80.));
#1471 = DIRECTION('',(0.,1.,0.));
#1472 = DIRECTION('',(0.,0.,1.));
#1473 = ADVANCED_FACE('',(#1474),#1480,.F.);
#1474 = FACE_BOUND('',#1475,.F.);
#1475 = EDGE_LOOP('',(#1476,#1477,#1478,#1479));
#1476 = ORIENTED_EDGE('',*,*,#1363,.F.);
#1477 = ORIENTED_EDGE('',*,*,#1433,.T.);
#1478 = ORIENTED_EDGE('',*,*,#1403,.T.);
#1479 = ORIENTED_EDGE('',*,*,#1455,.F.);
#1480 = PLANE('',#1481);
#1481 = AXIS2_PLACEMENT_3D('',#1482,#1483,#1484);
#1482 = CARTESIAN_POINT('',(0.,70.,80.));
#1483 = DIRECTION('',(0.,0.,1.));
#1484 = DIRECTION('',(1.,0.,0.));
#1485 = ADVANCED_FACE('',(#1486),#1492,.T.);
#1486 = FACE_BOUND('',#1487,.T.);
#1487 = EDGE_LOOP('',(#1488,#1489,#1490,#1491));
#1488 = ORIENTED_EDGE('',*,*,#1379,.F.);
#1489 = ORIENTED_EDGE('',*,*,#1440,.T.);
#1490 = ORIENTED_EDGE('',*,*,#1419,.T.);
#1491 = ORIENTED_EDGE('',*,*,#1462,.F.);
#1492 = PLANE('',#1493);
#1493 = AXIS2_PLACEMENT_3D('',#1494,#1495,#1496);
#1494 = CARTESIAN_POINT('',(0.,70.,848.));
#1495 = DIRECTION('',(0.,0.,1.));
#1496 = DIRECTION('',(1.,0.,0.));
#1497 = MANIFOLD_SOLID_BREP('',#1498);
#1498 = CLOSED_SHELL('',(#1499,#1539,#1579,#1601,#1623,#1635));
#1499 = ADVANCED_FACE('',(#1500),#1534,.F.);
#1500 = FACE_BOUND('',#1501,.F.);
#1501 = EDGE_LOOP('',(#1502,#1512,#1520,#1528));
#1502 = ORIENTED_EDGE('',*,*,#1503,.F.);
#1503 = EDGE_CURVE('',#1504,#1506,#1508,.T.);
#1504 = VERTEX_POINT('',#1505);
#1505 = CARTESIAN_POINT('',(496.5,70.,80.));
#1506 = VERTEX_POINT('',#1507);
#1507 = CARTESIAN_POINT('',(496.5,70.,848.));
#1508 = LINE('',#1509,#1510);
#1509 = CARTESIAN_POINT('',(496.5,70.,80.));
#1510 = VECTOR('',#1511,1.);
#1511 = DIRECTION('',(0.,0.,1.));
#1512 = ORIENTED_EDGE('',*,*,#1513,.T.);
#1513 = EDGE_CURVE('',#1504,#1514,#1516,.T.);
#1514 = VERTEX_POINT('',#1515);
#1515 = CARTESIAN_POINT('',(496.5,88.,80.));
#1516 = LINE('',#1517,#1518);
#1517 = CARTESIAN_POINT('',(496.5,70.,80.));
#1518 = VECTOR('',#1519,1.);
#1519 = DIRECTION('',(0.,1.,0.));
#1520 = ORIENTED_EDGE('',*,*,#1521,.T.);
#1521 = EDGE_CURVE('',#1514,#1522,#1524,.T.);
#1522 = VERTEX_POINT('',#1523);
#1523 = CARTESIAN_POINT('',(496.5,88.,848.));
#1524 = LINE('',#1525,#1526);
#1525 = CARTESIAN_POINT('',(496.5,88.,80.));
#1526 = VECTOR('',#1527,1.);
#1527 = DIRECTION('',(0.,0.,1.));
#1528 = ORIENTED_EDGE('',*,*,#1529,.F.);
#1529 = EDGE_CURVE('',#1506,#1522,#1530,.T.);
#1530 = LINE('',#1531,#1532);
#1531 = CARTESIAN_POINT('',(496.5,70.,848.));
#1532 = VECTOR('',#1533,1.);
#1533 = DIRECTION('',(0.,1.,0.));
#1534 = PLANE('',#1535);
#1535 = AXIS2_PLACEMENT_3D('',#1536,#1537,#1538);
#1536 = CARTESIAN_POINT('',(496.5,70.,80.));
#1537 = DIRECTION('',(1.,0.,0.));
#1538 = DIRECTION('',(0.,0.,1.));
#1539 = ADVANCED_FACE('',(#1540),#1574,.T.);
#1540 = FACE_BOUND('',#1541,.T.);
#1541 = EDGE_LOOP('',(#1542,#1552,#1560,#1568));
#1542 = ORIENTED_EDGE('',*,*,#1543,.F.);
#1543 = EDGE_CURVE('',#1544,#1546,#1548,.T.);
#1544 = VERTEX_POINT('',#1545);
#1545 = CARTESIAN_POINT('',(990.,70.,80.));
#1546 = VERTEX_POINT('',#1547);
#1547 = CARTESIAN_POINT('',(990.,70.,848.));
#1548 = LINE('',#1549,#1550);
#1549 = CARTESIAN_POINT('',(990.,70.,80.));
#1550 = VECTOR('',#1551,1.);
#1551 = DIRECTION('',(0.,0.,1.));
#1552 = ORIENTED_EDGE('',*,*,#1553,.T.);
#1553 = EDGE_CURVE('',#1544,#1554,#1556,.T.);
#1554 = VERTEX_POINT('',#1555);
#1555 = CARTESIAN_POINT('',(990.,88.,80.));
#1556 = LINE('',#1557,#1558);
#1557 = CARTESIAN_POINT('',(990.,70.,80.));
#1558 = VECTOR('',#1559,1.);
#1559 = DIRECTION('',(0.,1.,0.));
#1560 = ORIENTED_EDGE('',*,*,#1561,.T.);
#1561 = EDGE_CURVE('',#1554,#1562,#1564,.T.);
#1562 = VERTEX_POINT('',#1563);
#1563 = CARTESIAN_POINT('',(990.,88.,848.));
#1564 = LINE('',#1565,#1566);
#1565 = CARTESIAN_POINT('',(990.,88.,80.));
#1566 = VECTOR('',#1567,1.);
#1567 = DIRECTION('',(0.,0.,1.));
#1568 = ORIENTED_EDGE('',*,*,#1569,.F.);
#1569 = EDGE_CURVE('',#1546,#1562,#1570,.T.);
#1570 = LINE('',#1571,#1572);
#1571 = CARTESIAN_POINT('',(990.,70.,848.));
#1572 = VECTOR('',#1573,1.);
#1573 = DIRECTION('',(0.,1.,0.));
#1574 = PLANE('',#1575);
#1575 = AXIS2_PLACEMENT_3D('',#1576,#1577,#1578);
#1576 = CARTESIAN_POINT('',(990.,70.,80.));
#1577 = DIRECTION('',(1.,0.,0.));
#1578 = DIRECTION('',(0.,0.,1.));
#1579 = ADVANCED_FACE('',(#1580),#1596,.F.);
#1580 = FACE_BOUND('',#1581,.F.);
#1581 = EDGE_LOOP('',(#1582,#1588,#1589,#1595));
#1582 = ORIENTED_EDGE('',*,*,#1583,.F.);
#1583 = EDGE_CURVE('',#1504,#1544,#1584,.T.);
#1584 = LINE('',#1585,#1586);
#1585 = CARTESIAN_POINT('',(496.5,70.,80.));
#1586 = VECTOR('',#1587,1.);
#1587 = DIRECTION('',(1.,0.,0.));
#1588 = ORIENTED_EDGE('',*,*,#1503,.T.);
#1589 = ORIENTED_EDGE('',*,*,#1590,.T.);
#1590 = EDGE_CURVE('',#1506,#1546,#1591,.T.);
#1591 = LINE('',#1592,#1593);
#1592 = CARTESIAN_POINT('',(496.5,70.,848.));
#1593 = VECTOR('',#1594,1.);
#1594 = DIRECTION('',(1.,0.,0.));
#1595 = ORIENTED_EDGE('',*,*,#1543,.F.);
#1596 = PLANE('',#1597);
#1597 = AXIS2_PLACEMENT_3D('',#1598,#1599,#1600);
#1598 = CARTESIAN_POINT('',(496.5,70.,80.));
#1599 = DIRECTION('',(0.,1.,0.));
#1600 = DIRECTION('',(0.,0.,1.));
#1601 = ADVANCED_FACE('',(#1602),#1618,.T.);
#1602 = FACE_BOUND('',#1603,.T.);
#1603 = EDGE_LOOP('',(#1604,#1610,#1611,#1617));
#1604 = ORIENTED_EDGE('',*,*,#1605,.F.);
#1605 = EDGE_CURVE('',#1514,#1554,#1606,.T.);
#1606 = LINE('',#1607,#1608);
#1607 = CARTESIAN_POINT('',(496.5,88.,80.));
#1608 = VECTOR('',#1609,1.);
#1609 = DIRECTION('',(1.,0.,0.));
#1610 = ORIENTED_EDGE('',*,*,#1521,.T.);
#1611 = ORIENTED_EDGE('',*,*,#1612,.T.);
#1612 = EDGE_CURVE('',#1522,#1562,#1613,.T.);
#1613 = LINE('',#1614,#1615);
#1614 = CARTESIAN_POINT('',(496.5,88.,848.));
#1615 = VECTOR('',#1616,1.);
#1616 = DIRECTION('',(1.,0.,0.));
#1617 = ORIENTED_EDGE('',*,*,#1561,.F.);
#1618 = PLANE('',#1619);
#1619 = AXIS2_PLACEMENT_3D('',#1620,#1621,#1622);
#1620 = CARTESIAN_POINT('',(496.5,88.,80.));
#1621 = DIRECTION('',(0.,1.,0.));
#1622 = DIRECTION('',(0.,0.,1.));
#1623 = ADVANCED_FACE('',(#1624),#1630,.F.);
#1624 = FACE_BOUND('',#1625,.F.);
#1625 = EDGE_LOOP('',(#1626,#1627,#1628,#1629));
#1626 = ORIENTED_EDGE('',*,*,#1513,.F.);
#1627 = ORIENTED_EDGE('',*,*,#1583,.T.);
#1628 = ORIENTED_EDGE('',*,*,#1553,.T.);
#1629 = ORIENTED_EDGE('',*,*,#1605,.F.);
#1630 = PLANE('',#1631);
#1631 = AXIS2_PLACEMENT_3D('',#1632,#1633,#1634);
#1632 = CARTESIAN_POINT('',(496.5,70.,80.));
#1633 = DIRECTION('',(0.,0.,1.));
#1634 = DIRECTION('',(1.,0.,0.));
#1635 = ADVANCED_FACE('',(#1636),#1642,.T.);
#1636 = FACE_BOUND('',#1637,.T.);
#1637 = EDGE_LOOP('',(#1638,#1639,#1640,#1641));
#1638 = ORIENTED_EDGE('',*,*,#1529,.F.);
#1639 = ORIENTED_EDGE('',*,*,#1590,.T.);
#1640 = ORIENTED_EDGE('',*,*,#1569,.T.);
#1641 = ORIENTED_EDGE('',*,*,#1612,.F.);
#1642 = PLANE('',#1643);
#1643 = AXIS2_PLACEMENT_3D('',#1644,#1645,#1646);
#1644 = CARTESIAN_POINT('',(496.5,70.,848.));
#1645 = DIRECTION('',(0.,0.,1.));
#1646 = DIRECTION('',(1.,0.,0.));
#1647 = MANIFOLD_SOLID_BREP('',#1648);
#1648 = CLOSED_SHELL('',(#1649,#1689,#1729,#1751,#1773,#1785));
#1649 = ADVANCED_FACE('',(#1650),#1684,.F.);
#1650 = FACE_BOUND('',#1651,.F.);
#1651 = EDGE_LOOP('',(#1652,#1662,#1670,#1678));
#1652 = ORIENTED_EDGE('',*,*,#1653,.F.);
#1653 = EDGE_CURVE('',#1654,#1656,#1658,.T.);
#1654 = VERTEX_POINT('',#1655);
#1655 = CARTESIAN_POINT('',(30.,118.,0.));
#1656 = VERTEX_POINT('',#1657);
#1657 = CARTESIAN_POINT('',(30.,118.,80.));
#1658 = LINE('',#1659,#1660);
#1659 = CARTESIAN_POINT('',(30.,118.,0.));
#1660 = VECTOR('',#1661,1.);
#1661 = DIRECTION('',(0.,0.,1.));
#1662 = ORIENTED_EDGE('',*,*,#1663,.T.);
#1663 = EDGE_CURVE('',#1654,#1664,#1666,.T.);
#1664 = VERTEX_POINT('',#1665);
#1665 = CARTESIAN_POINT('',(30.,158.,0.));
#1666 = LINE('',#1667,#1668);
#1667 = CARTESIAN_POINT('',(30.,118.,0.));
#1668 = VECTOR('',#1669,1.);
#1669 = DIRECTION('',(0.,1.,0.));
#1670 = ORIENTED_EDGE('',*,*,#1671,.T.);
#1671 = EDGE_CURVE('',#1664,#1672,#1674,.T.);
#1672 = VERTEX_POINT('',#1673);
#1673 = CARTESIAN_POINT('',(30.,158.,80.));
#1674 = LINE('',#1675,#1676);
#1675 = CARTESIAN_POINT('',(30.,158.,0.));
#1676 = VECTOR('',#1677,1.);
#1677 = DIRECTION('',(0.,0.,1.));
#1678 = ORIENTED_EDGE('',*,*,#1679,.F.);
#1679 = EDGE_CURVE('',#1656,#1672,#1680,.T.);
#1680 = LINE('',#1681,#1682);
#1681 = CARTESIAN_POINT('',(30.,118.,80.));
#1682 = VECTOR('',#1683,1.);
#1683 = DIRECTION('',(0.,1.,0.));
#1684 = PLANE('',#1685);
#1685 = AXIS2_PLACEMENT_3D('',#1686,#1687,#1688);
#1686 = CARTESIAN_POINT('',(30.,118.,0.));
#1687 = DIRECTION('',(1.,0.,0.));
#1688 = DIRECTION('',(0.,0.,1.));
#1689 = ADVANCED_FACE('',(#1690),#1724,.T.);
#1690 = FACE_BOUND('',#1691,.T.);
#1691 = EDGE_LOOP('',(#1692,#1702,#1710,#1718));
#1692 = ORIENTED_EDGE('',*,*,#1693,.F.);
#1693 = EDGE_CURVE('',#1694,#1696,#1698,.T.);
#1694 = VERTEX_POINT('',#1695);
#1695 = CARTESIAN_POINT('',(70.,118.,0.));
#1696 = VERTEX_POINT('',#1697);
#1697 = CARTESIAN_POINT('',(70.,118.,80.));
#1698 = LINE('',#1699,#1700);
#1699 = CARTESIAN_POINT('',(70.,118.,0.));
#1700 = VECTOR('',#1701,1.);
#1701 = DIRECTION('',(0.,0.,1.));
#1702 = ORIENTED_EDGE('',*,*,#1703,.T.);
#1703 = EDGE_CURVE('',#1694,#1704,#1706,.T.);
#1704 = VERTEX_POINT('',#1705);
#1705 = CARTESIAN_POINT('',(70.,158.,0.));
#1706 = LINE('',#1707,#1708);
#1707 = CARTESIAN_POINT('',(70.,118.,0.));
#1708 = VECTOR('',#1709,1.);
#1709 = DIRECTION('',(0.,1.,0.));
#1710 = ORIENTED_EDGE('',*,*,#1711,.T.);
#1711 = EDGE_CURVE('',#1704,#1712,#1714,.T.);
#1712 = VERTEX_POINT('',#1713);
#1713 = CARTESIAN_POINT('',(70.,158.,80.));
#1714 = LINE('',#1715,#1716);
#1715 = CARTESIAN_POINT('',(70.,158.,0.));
#1716 = VECTOR('',#1717,1.);
#1717 = DIRECTION('',(0.,0.,1.));
#1718 = ORIENTED_EDGE('',*,*,#1719,.F.);
#1719 = EDGE_CURVE('',#1696,#1712,#1720,.T.);
#1720 = LINE('',#1721,#1722);
#1721 = CARTESIAN_POINT('',(70.,118.,80.));
#1722 = VECTOR('',#1723,1.);
#1723 = DIRECTION('',(0.,1.,0.));
#1724 = PLANE('',#1725);
#1725 = AXIS2_PLACEMENT_3D('',#1726,#1727,#1728);
#1726 = CARTESIAN_POINT('',(70.,118.,0.));
#1727 = DIRECTION('',(1.,0.,0.));
#1728 = DIRECTION('',(0.,0.,1.));
#1729 = ADVANCED_FACE('',(#1730),#1746,.F.);
#1730 = FACE_BOUND('',#1731,.F.);
#1731 = EDGE_LOOP('',(#1732,#1738,#1739,#1745));
#1732 = ORIENTED_EDGE('',*,*,#1733,.F.);
#1733 = EDGE_CURVE('',#1654,#1694,#1734,.T.);
#1734 = LINE('',#1735,#1736);
#1735 = CARTESIAN_POINT('',(30.,118.,0.));
#1736 = VECTOR('',#1737,1.);
#1737 = DIRECTION('',(1.,0.,0.));
#1738 = ORIENTED_EDGE('',*,*,#1653,.T.);
#1739 = ORIENTED_EDGE('',*,*,#1740,.T.);
#1740 = EDGE_CURVE('',#1656,#1696,#1741,.T.);
#1741 = LINE('',#1742,#1743);
#1742 = CARTESIAN_POINT('',(30.,118.,80.));
#1743 = VECTOR('',#1744,1.);
#1744 = DIRECTION('',(1.,0.,0.));
#1745 = ORIENTED_EDGE('',*,*,#1693,.F.);
#1746 = PLANE('',#1747);
#1747 = AXIS2_PLACEMENT_3D('',#1748,#1749,#1750);
#1748 = CARTESIAN_POINT('',(30.,118.,0.));
#1749 = DIRECTION('',(0.,1.,0.));
#1750 = DIRECTION('',(0.,0.,1.));
#1751 = ADVANCED_FACE('',(#1752),#1768,.T.);
#1752 = FACE_BOUND('',#1753,.T.);
#1753 = EDGE_LOOP('',(#1754,#1760,#1761,#1767));
#1754 = ORIENTED_EDGE('',*,*,#1755,.F.);
#1755 = EDGE_CURVE('',#1664,#1704,#1756,.T.);
#1756 = LINE('',#1757,#1758);
#1757 = CARTESIAN_POINT('',(30.,158.,0.));
#1758 = VECTOR('',#1759,1.);
#1759 = DIRECTION('',(1.,0.,0.));
#1760 = ORIENTED_EDGE('',*,*,#1671,.T.);
#1761 = ORIENTED_EDGE('',*,*,#1762,.T.);
#1762 = EDGE_CURVE('',#1672,#1712,#1763,.T.);
#1763 = LINE('',#1764,#1765);
#1764 = CARTESIAN_POINT('',(30.,158.,80.));
#1765 = VECTOR('',#1766,1.);
#1766 = DIRECTION('',(1.,0.,0.));
#1767 = ORIENTED_EDGE('',*,*,#1711,.F.);
#1768 = PLANE('',#1769);
#1769 = AXIS2_PLACEMENT_3D('',#1770,#1771,#1772);
#1770 = CARTESIAN_POINT('',(30.,158.,0.));
#1771 = DIRECTION('',(0.,1.,0.));
#1772 = DIRECTION('',(0.,0.,1.));
#1773 = ADVANCED_FACE('',(#1774),#1780,.F.);
#1774 = FACE_BOUND('',#1775,.F.);
#1775 = EDGE_LOOP('',(#1776,#1777,#1778,#1779));
#1776 = ORIENTED_EDGE('',*,*,#1663,.F.);
#1777 = ORIENTED_EDGE('',*,*,#1733,.T.);
#1778 = ORIENTED_EDGE('',*,*,#1703,.T.);
#1779 = ORIENTED_EDGE('',*,*,#1755,.F.);
#1780 = PLANE('',#1781);
#1781 = AXIS2_PLACEMENT_3D('',#1782,#1783,#1784);
#1782 = CARTESIAN_POINT('',(30.,118.,0.));
#1783 = DIRECTION('',(0.,0.,1.));
#1784 = DIRECTION('',(1.,0.,0.));
#1785 = ADVANCED_FACE('',(#1786),#1792,.T.);
#1786 = FACE_BOUND('',#1787,.T.);
#1787 = EDGE_LOOP('',(#1788,#1789,#1790,#1791));
#1788 = ORIENTED_EDGE('',*,*,#1679,.F.);
#1789 = ORIENTED_EDGE('',*,*,#1740,.T.);
#1790 = ORIENTED_EDGE('',*,*,#1719,.T.);
#1791 = ORIENTED_EDGE('',*,*,#1762,.F.);
#1792 = PLANE('',#1793);
#1793 = AXIS2_PLACEMENT_3D('',#1794,#1795,#1796);
#1794 = CARTESIAN_POINT('',(30.,118.,80.));
#1795 = DIRECTION('',(0.,0.,1.));
#1796 = DIRECTION('',(1.,0.,0.));
#1797 = MANIFOLD_SOLID_BREP('',#1798);
#1798 = CLOSED_SHELL('',(#1799,#1839,#1879,#1901,#1923,#1935));
#1799 = ADVANCED_FACE('',(#1800),#1834,.F.);
#1800 = FACE_BOUND('',#1801,.F.);
#1801 = EDGE_LOOP('',(#1802,#1812,#1820,#1828));
#1802 = ORIENTED_EDGE('',*,*,#1803,.F.);
#1803 = EDGE_CURVE('',#1804,#1806,#1808,.T.);
#1804 = VERTEX_POINT('',#1805);
#1805 = CARTESIAN_POINT('',(920.,118.,0.));
#1806 = VERTEX_POINT('',#1807);
#1807 = CARTESIAN_POINT('',(920.,118.,80.));
#1808 = LINE('',#1809,#1810);
#1809 = CARTESIAN_POINT('',(920.,118.,0.));
#1810 = VECTOR('',#1811,1.);
#1811 = DIRECTION('',(0.,0.,1.));
#1812 = ORIENTED_EDGE('',*,*,#1813,.T.);
#1813 = EDGE_CURVE('',#1804,#1814,#1816,.T.);
#1814 = VERTEX_POINT('',#1815);
#1815 = CARTESIAN_POINT('',(920.,158.,0.));
#1816 = LINE('',#1817,#1818);
#1817 = CARTESIAN_POINT('',(920.,118.,0.));
#1818 = VECTOR('',#1819,1.);
#1819 = DIRECTION('',(0.,1.,0.));
#1820 = ORIENTED_EDGE('',*,*,#1821,.T.);
#1821 = EDGE_CURVE('',#1814,#1822,#1824,.T.);
#1822 = VERTEX_POINT('',#1823);
#1823 = CARTESIAN_POINT('',(920.,158.,80.));
#1824 = LINE('',#1825,#1826);
#1825 = CARTESIAN_POINT('',(920.,158.,0.));
#1826 = VECTOR('',#1827,1.);
#1827 = DIRECTION('',(0.,0.,1.));
#1828 = ORIENTED_EDGE('',*,*,#1829,.F.);
#1829 = EDGE_CURVE('',#1806,#1822,#1830,.T.);
#1830 = LINE('',#1831,#1832);
#1831 = CARTESIAN_POINT('',(920.,118.,80.));
#1832 = VECTOR('',#1833,1.);
#1833 = DIRECTION('',(0.,1.,0.));
#1834 = PLANE('',#1835);
#1835 = AXIS2_PLACEMENT_3D('',#1836,#1837,#1838);
#1836 = CARTESIAN_POINT('',(920.,118.,0.));
#1837 = DIRECTION('',(1.,0.,0.));
#1838 = DIRECTION('',(0.,0.,1.));
#1839 = ADVANCED_FACE('',(#1840),#1874,.T.);
#1840 = FACE_BOUND('',#1841,.T.);
#1841 = EDGE_LOOP('',(#1842,#1852,#1860,#1868));
#1842 = ORIENTED_EDGE('',*,*,#1843,.F.);
#1843 = EDGE_CURVE('',#1844,#1846,#1848,.T.);
#1844 = VERTEX_POINT('',#1845);
#1845 = CARTESIAN_POINT('',(960.,118.,0.));
#1846 = VERTEX_POINT('',#1847);
#1847 = CARTESIAN_POINT('',(960.,118.,80.));
#1848 = LINE('',#1849,#1850);
#1849 = CARTESIAN_POINT('',(960.,118.,0.));
#1850 = VECTOR('',#1851,1.);
#1851 = DIRECTION('',(0.,0.,1.));
#1852 = ORIENTED_EDGE('',*,*,#1853,.T.);
#1853 = EDGE_CURVE('',#1844,#1854,#1856,.T.);
#1854 = VERTEX_POINT('',#1855);
#1855 = CARTESIAN_POINT('',(960.,158.,0.));
#1856 = LINE('',#1857,#1858);
#1857 = CARTESIAN_POINT('',(960.,118.,0.));
#1858 = VECTOR('',#1859,1.);
#1859 = DIRECTION('',(0.,1.,0.));
#1860 = ORIENTED_EDGE('',*,*,#1861,.T.);
#1861 = EDGE_CURVE('',#1854,#1862,#1864,.T.);
#1862 = VERTEX_POINT('',#1863);
#1863 = CARTESIAN_POINT('',(960.,158.,80.));
#1864 = LINE('',#1865,#1866);
#1865 = CARTESIAN_POINT('',(960.,158.,0.));
#1866 = VECTOR('',#1867,1.);
#1867 = DIRECTION('',(0.,0.,1.));
#1868 = ORIENTED_EDGE('',*,*,#1869,.F.);
#1869 = EDGE_CURVE('',#1846,#1862,#1870,.T.);
#1870 = LINE('',#1871,#1872);
#1871 = CARTESIAN_POINT('',(960.,118.,80.));
#1872 = VECTOR('',#1873,1.);
#1873 = DIRECTION('',(0.,1.,0.));
#1874 = PLANE('',#1875);
#1875 = AXIS2_PLACEMENT_3D('',#1876,#1877,#1878);
#1876 = CARTESIAN_POINT('',(960.,118.,0.));
#1877 = DIRECTION('',(1.,0.,0.));
#1878 = DIRECTION('',(0.,0.,1.));
#1879 = ADVANCED_FACE('',(#1880),#1896,.F.);
#1880 = FACE_BOUND('',#1881,.F.);
#1881 = EDGE_LOOP('',(#1882,#1888,#1889,#1895));
#1882 = ORIENTED_EDGE('',*,*,#1883,.F.);
#1883 = EDGE_CURVE('',#1804,#1844,#1884,.T.);
#1884 = LINE('',#1885,#1886);
#1885 = CARTESIAN_POINT('',(920.,118.,0.));
#1886 = VECTOR('',#1887,1.);
#1887 = DIRECTION('',(1.,0.,0.));
#1888 = ORIENTED_EDGE('',*,*,#1803,.T.);
#1889 = ORIENTED_EDGE('',*,*,#1890,.T.);
#1890 = EDGE_CURVE('',#1806,#1846,#1891,.T.);
#1891 = LINE('',#1892,#1893);
#1892 = CARTESIAN_POINT('',(920.,118.,80.));
#1893 = VECTOR('',#1894,1.);
#1894 = DIRECTION('',(1.,0.,0.));
#1895 = ORIENTED_EDGE('',*,*,#1843,.F.);
#1896 = PLANE('',#1897);
#1897 = AXIS2_PLACEMENT_3D('',#1898,#1899,#1900);
#1898 = CARTESIAN_POINT('',(920.,118.,0.));
#1899 = DIRECTION('',(0.,1.,0.));
#1900 = DIRECTION('',(0.,0.,1.));
#1901 = ADVANCED_FACE('',(#1902),#1918,.T.);
#1902 = FACE_BOUND('',#1903,.T.);
#1903 = EDGE_LOOP('',(#1904,#1910,#1911,#1917));
#1904 = ORIENTED_EDGE('',*,*,#1905,.F.);
#1905 = EDGE_CURVE('',#1814,#1854,#1906,.T.);
#1906 = LINE('',#1907,#1908);
#1907 = CARTESIAN_POINT('',(920.,158.,0.));
#1908 = VECTOR('',#1909,1.);
#1909 = DIRECTION('',(1.,0.,0.));
#1910 = ORIENTED_EDGE('',*,*,#1821,.T.);
#1911 = ORIENTED_EDGE('',*,*,#1912,.T.);
#1912 = EDGE_CURVE('',#1822,#1862,#1913,.T.);
#1913 = LINE('',#1914,#1915);
#1914 = CARTESIAN_POINT('',(920.,158.,80.));
#1915 = VECTOR('',#1916,1.);
#1916 = DIRECTION('',(1.,0.,0.));
#1917 = ORIENTED_EDGE('',*,*,#1861,.F.);
#1918 = PLANE('',#1919);
#1919 = AXIS2_PLACEMENT_3D('',#1920,#1921,#1922);
#1920 = CARTESIAN_POINT('',(920.,158.,0.));
#1921 = DIRECTION('',(0.,1.,0.));
#1922 = DIRECTION('',(0.,0.,1.));
#1923 = ADVANCED_FACE('',(#1924),#1930,.F.);
#1924 = FACE_BOUND('',#1925,.F.);
#1925 = EDGE_LOOP('',(#1926,#1927,#1928,#1929));
#1926 = ORIENTED_EDGE('',*,*,#1813,.F.);
#1927 = ORIENTED_EDGE('',*,*,#1883,.T.);
#1928 = ORIENTED_EDGE('',*,*,#1853,.T.);
#1929 = ORIENTED_EDGE('',*,*,#1905,.F.);
#1930 = PLANE('',#1931);
#1931 = AXIS2_PLACEMENT_3D('',#1932,#1933,#1934);
#1932 = CARTESIAN_POINT('',(920.,118.,0.));
#1933 = DIRECTION('',(0.,0.,1.));
#1934 = DIRECTION('',(1.,0.,0.));
#1935 = ADVANCED_FACE('',(#1936),#1942,.T.);
#1936 = FACE_BOUND('',#1937,.T.);
#1937 = EDGE_LOOP('',(#1938,#1939,#1940,#1941));
#1938 = ORIENTED_EDGE('',*,*,#1829,.F.);
#1939 = ORIENTED_EDGE('',*,*,#1890,.T.);
#1940 = ORIENTED_EDGE('',*,*,#1869,.T.);
#1941 = ORIENTED_EDGE('',*,*,#1912,.F.);
#1942 = PLANE('',#1943);
#1943 = AXIS2_PLACEMENT_3D('',#1944,#1945,#1946);
#1944 = CARTESIAN_POINT('',(920.,118.,80.));
#1945 = DIRECTION('',(0.,0.,1.));
#1946 = DIRECTION('',(1.,0.,0.));
#1947 = MANIFOLD_SOLID_BREP('',#1948);
#1948 = CLOSED_SHELL('',(#1949,#1989,#2029,#2051,#2073,#2085));
#1949 = ADVANCED_FACE('',(#1950),#1984,.F.);
#1950 = FACE_BOUND('',#1951,.F.);
#1951 = EDGE_LOOP('',(#1952,#1962,#1970,#1978));
#1952 = ORIENTED_EDGE('',*,*,#1953,.F.);
#1953 = EDGE_CURVE('',#1954,#1956,#1958,.T.);
#1954 = VERTEX_POINT('',#1955);
#1955 = CARTESIAN_POINT('',(30.,380.,0.));
#1956 = VERTEX_POINT('',#1957);
#1957 = CARTESIAN_POINT('',(30.,380.,80.));
#1958 = LINE('',#1959,#1960);
#1959 = CARTESIAN_POINT('',(30.,380.,0.));
#1960 = VECTOR('',#1961,1.);
#1961 = DIRECTION('',(0.,0.,1.));
#1962 = ORIENTED_EDGE('',*,*,#1963,.T.);
#1963 = EDGE_CURVE('',#1954,#1964,#1966,.T.);
#1964 = VERTEX_POINT('',#1965);
#1965 = CARTESIAN_POINT('',(30.,420.,0.));
#1966 = LINE('',#1967,#1968);
#1967 = CARTESIAN_POINT('',(30.,380.,0.));
#1968 = VECTOR('',#1969,1.);
#1969 = DIRECTION('',(0.,1.,0.));
#1970 = ORIENTED_EDGE('',*,*,#1971,.T.);
#1971 = EDGE_CURVE('',#1964,#1972,#1974,.T.);
#1972 = VERTEX_POINT('',#1973);
#1973 = CARTESIAN_POINT('',(30.,420.,80.));
#1974 = LINE('',#1975,#1976);
#1975 = CARTESIAN_POINT('',(30.,420.,0.));
#1976 = VECTOR('',#1977,1.);
#1977 = DIRECTION('',(0.,0.,1.));
#1978 = ORIENTED_EDGE('',*,*,#1979,.F.);
#1979 = EDGE_CURVE('',#1956,#1972,#1980,.T.);
#1980 = LINE('',#1981,#1982);
#1981 = CARTESIAN_POINT('',(30.,380.,80.));
#1982 = VECTOR('',#1983,1.);
#1983 = DIRECTION('',(0.,1.,0.));
#1984 = PLANE('',#1985);
#1985 = AXIS2_PLACEMENT_3D('',#1986,#1987,#1988);
#1986 = CARTESIAN_POINT('',(30.,380.,0.));
#1987 = DIRECTION('',(1.,0.,0.));
#1988 = DIRECTION('',(0.,0.,1.));
#1989 = ADVANCED_FACE('',(#1990),#2024,.T.);
#1990 = FACE_BOUND('',#1991,.T.);
#1991 = EDGE_LOOP('',(#1992,#2002,#2010,#2018));
#1992 = ORIENTED_EDGE('',*,*,#1993,.F.);
#1993 = EDGE_CURVE('',#1994,#1996,#1998,.T.);
#1994 = VERTEX_POINT('',#1995);
#1995 = CARTESIAN_POINT('',(70.,380.,0.));
#1996 = VERTEX_POINT('',#1997);
#1997 = CARTESIAN_POINT('',(70.,380.,80.));
#1998 = LINE('',#1999,#2000);
#1999 = CARTESIAN_POINT('',(70.,380.,0.));
#2000 = VECTOR('',#2001,1.);
#2001 = DIRECTION('',(0.,0.,1.));
#2002 = ORIENTED_EDGE('',*,*,#2003,.T.);
#2003 = EDGE_CURVE('',#1994,#2004,#2006,.T.);
#2004 = VERTEX_POINT('',#2005);
#2005 = CARTESIAN_POINT('',(70.,420.,0.));
#2006 = LINE('',#2007,#2008);
#2007 = CARTESIAN_POINT('',(70.,380.,0.));
#2008 = VECTOR('',#2009,1.);
#2009 = DIRECTION('',(0.,1.,0.));
#2010 = ORIENTED_EDGE('',*,*,#2011,.T.);
#2011 = EDGE_CURVE('',#2004,#2012,#2014,.T.);
#2012 = VERTEX_POINT('',#2013);
#2013 = CARTESIAN_POINT('',(70.,420.,80.));
#2014 = LINE('',#2015,#2016);
#2015 = CARTESIAN_POINT('',(70.,420.,0.));
#2016 = VECTOR('',#2017,1.);
#2017 = DIRECTION('',(0.,0.,1.));
#2018 = ORIENTED_EDGE('',*,*,#2019,.F.);
#2019 = EDGE_CURVE('',#1996,#2012,#2020,.T.);
#2020 = LINE('',#2021,#2022);
#2021 = CARTESIAN_POINT('',(70.,380.,80.));
#2022 = VECTOR('',#2023,1.);
#2023 = DIRECTION('',(0.,1.,0.));
#2024 = PLANE('',#2025);
#2025 = AXIS2_PLACEMENT_3D('',#2026,#2027,#2028);
#2026 = CARTESIAN_POINT('',(70.,380.,0.));
#2027 = DIRECTION('',(1.,0.,0.));
#2028 = DIRECTION('',(0.,0.,1.));
#2029 = ADVANCED_FACE('',(#2030),#2046,.F.);
#2030 = FACE_BOUND('',#2031,.F.);
#2031 = EDGE_LOOP('',(#2032,#2038,#2039,#2045));
#2032 = ORIENTED_EDGE('',*,*,#2033,.F.);
#2033 = EDGE_CURVE('',#1954,#1994,#2034,.T.);
#2034 = LINE('',#2035,#2036);
#2035 = CARTESIAN_POINT('',(30.,380.,0.));
#2036 = VECTOR('',#2037,1.);
#2037 = DIRECTION('',(1.,0.,0.));
#2038 = ORIENTED_EDGE('',*,*,#1953,.T.);
#2039 = ORIENTED_EDGE('',*,*,#2040,.T.);
#2040 = EDGE_CURVE('',#1956,#1996,#2041,.T.);
#2041 = LINE('',#2042,#2043);
#2042 = CARTESIAN_POINT('',(30.,380.,80.));
#2043 = VECTOR('',#2044,1.);
#2044 = DIRECTION('',(1.,0.,0.));
#2045 = ORIENTED_EDGE('',*,*,#1993,.F.);
#2046 = PLANE('',#2047);
#2047 = AXIS2_PLACEMENT_3D('',#2048,#2049,#2050);
#2048 = CARTESIAN_POINT('',(30.,380.,0.));
#2049 = DIRECTION('',(0.,1.,0.));
#2050 = DIRECTION('',(0.,0.,1.));
#2051 = ADVANCED_FACE('',(#2052),#2068,.T.);
#2052 = FACE_BOUND('',#2053,.T.);
#2053 = EDGE_LOOP('',(#2054,#2060,#2061,#2067));
#2054 = ORIENTED_EDGE('',*,*,#2055,.F.);
#2055 = EDGE_CURVE('',#1964,#2004,#2056,.T.);
#2056 = LINE('',#2057,#2058);
#2057 = CARTESIAN_POINT('',(30.,420.,0.));
#2058 = VECTOR('',#2059,1.);
#2059 = DIRECTION('',(1.,0.,0.));
#2060 = ORIENTED_EDGE('',*,*,#1971,.T.);
#2061 = ORIENTED_EDGE('',*,*,#2062,.T.);
#2062 = EDGE_CURVE('',#1972,#2012,#2063,.T.);
#2063 = LINE('',#2064,#2065);
#2064 = CARTESIAN_POINT('',(30.,420.,80.));
#2065 = VECTOR('',#2066,1.);
#2066 = DIRECTION('',(1.,0.,0.));
#2067 = ORIENTED_EDGE('',*,*,#2011,.F.);
#2068 = PLANE('',#2069);
#2069 = AXIS2_PLACEMENT_3D('',#2070,#2071,#2072);
#2070 = CARTESIAN_POINT('',(30.,420.,0.));
#2071 = DIRECTION('',(0.,1.,0.));
#2072 = DIRECTION('',(0.,0.,1.));
#2073 = ADVANCED_FACE('',(#2074),#2080,.F.);
#2074 = FACE_BOUND('',#2075,.F.);
#2075 = EDGE_LOOP('',(#2076,#2077,#2078,#2079));
#2076 = ORIENTED_EDGE('',*,*,#1963,.F.);
#2077 = ORIENTED_EDGE('',*,*,#2033,.T.);
#2078 = ORIENTED_EDGE('',*,*,#2003,.T.);
#2079 = ORIENTED_EDGE('',*,*,#2055,.F.);
#2080 = PLANE('',#2081);
#2081 = AXIS2_PLACEMENT_3D('',#2082,#2083,#2084);
#2082 = CARTESIAN_POINT('',(30.,380.,0.));
#2083 = DIRECTION('',(0.,0.,1.));
#2084 = DIRECTION('',(1.,0.,0.));
#2085 = ADVANCED_FACE('',(#2086),#2092,.T.);
#2086 = FACE_BOUND('',#2087,.T.);
#2087 = EDGE_LOOP('',(#2088,#2089,#2090,#2091));
#2088 = ORIENTED_EDGE('',*,*,#1979,.F.);
#2089 = ORIENTED_EDGE('',*,*,#2040,.T.);
#2090 = ORIENTED_EDGE('',*,*,#2019,.T.);
#2091 = ORIENTED_EDGE('',*,*,#2062,.F.);
#2092 = PLANE('',#2093);
#2093 = AXIS2_PLACEMENT_3D('',#2094,#2095,#2096);
#2094 = CARTESIAN_POINT('',(30.,380.,80.));
#2095 = DIRECTION('',(0.,0.,1.));
#2096 = DIRECTION('',(1.,0.,0.));
#2097 = MANIFOLD_SOLID_BREP('',#2098);
#2098 = CLOSED_SHELL('',(#2099,#2139,#2179,#2201,#2223,#2235));
#2099 = ADVANCED_FACE('',(#2100),#2134,.F.);
#2100 = FACE_BOUND('',#2101,.F.);
#2101 = EDGE_LOOP('',(#2102,#2112,#2120,#2128));
#2102 = ORIENTED_EDGE('',*,*,#2103,.F.);
#2103 = EDGE_CURVE('',#2104,#2106,#2108,.T.);
#2104 = VERTEX_POINT('',#2105);
#2105 = CARTESIAN_POINT('',(920.,350.,0.));
#2106 = VERTEX_POINT('',#2107);
#2107 = CARTESIAN_POINT('',(920.,350.,80.));
#2108 = LINE('',#2109,#2110);
#2109 = CARTESIAN_POINT('',(920.,350.,0.));
#2110 = VECTOR('',#2111,1.);
#2111 = DIRECTION('',(0.,0.,1.));
#2112 = ORIENTED_EDGE('',*,*,#2113,.T.);
#2113 = EDGE_CURVE('',#2104,#2114,#2116,.T.);
#2114 = VERTEX_POINT('',#2115);
#2115 = CARTESIAN_POINT('',(920.,390.,0.));
#2116 = LINE('',#2117,#2118);
#2117 = CARTESIAN_POINT('',(920.,350.,0.));
#2118 = VECTOR('',#2119,1.);
#2119 = DIRECTION('',(0.,1.,0.));
#2120 = ORIENTED_EDGE('',*,*,#2121,.T.);
#2121 = EDGE_CURVE('',#2114,#2122,#2124,.T.);
#2122 = VERTEX_POINT('',#2123);
#2123 = CARTESIAN_POINT('',(920.,390.,80.));
#2124 = LINE('',#2125,#2126);
#2125 = CARTESIAN_POINT('',(920.,390.,0.));
#2126 = VECTOR('',#2127,1.);
#2127 = DIRECTION('',(0.,0.,1.));
#2128 = ORIENTED_EDGE('',*,*,#2129,.F.);
#2129 = EDGE_CURVE('',#2106,#2122,#2130,.T.);
#2130 = LINE('',#2131,#2132);
#2131 = CARTESIAN_POINT('',(920.,350.,80.));
#2132 = VECTOR('',#2133,1.);
#2133 = DIRECTION('',(0.,1.,0.));
#2134 = PLANE('',#2135);
#2135 = AXIS2_PLACEMENT_3D('',#2136,#2137,#2138);
#2136 = CARTESIAN_POINT('',(920.,350.,0.));
#2137 = DIRECTION('',(1.,0.,0.));
#2138 = DIRECTION('',(0.,0.,1.));
#2139 = ADVANCED_FACE('',(#2140),#2174,.T.);
#2140 = FACE_BOUND('',#2141,.T.);
#2141 = EDGE_LOOP('',(#2142,#2152,#2160,#2168));
#2142 = ORIENTED_EDGE('',*,*,#2143,.F.);
#2143 = EDGE_CURVE('',#2144,#2146,#2148,.T.);
#2144 = VERTEX_POINT('',#2145);
#2145 = CARTESIAN_POINT('',(960.,350.,0.));
#2146 = VERTEX_POINT('',#2147);
#2147 = CARTESIAN_POINT('',(960.,350.,80.));
#2148 = LINE('',#2149,#2150);
#2149 = CARTESIAN_POINT('',(960.,350.,0.));
#2150 = VECTOR('',#2151,1.);
#2151 = DIRECTION('',(0.,0.,1.));
#2152 = ORIENTED_EDGE('',*,*,#2153,.T.);
#2153 = EDGE_CURVE('',#2144,#2154,#2156,.T.);
#2154 = VERTEX_POINT('',#2155);
#2155 = CARTESIAN_POINT('',(960.,390.,0.));
#2156 = LINE('',#2157,#2158);
#2157 = CARTESIAN_POINT('',(960.,350.,0.));
#2158 = VECTOR('',#2159,1.);
#2159 = DIRECTION('',(0.,1.,0.));
#2160 = ORIENTED_EDGE('',*,*,#2161,.T.);
#2161 = EDGE_CURVE('',#2154,#2162,#2164,.T.);
#2162 = VERTEX_POINT('',#2163);
#2163 = CARTESIAN_POINT('',(960.,390.,80.));
#2164 = LINE('',#2165,#2166);
#2165 = CARTESIAN_POINT('',(960.,390.,0.));
#2166 = VECTOR('',#2167,1.);
#2167 = DIRECTION('',(0.,0.,1.));
#2168 = ORIENTED_EDGE('',*,*,#2169,.F.);
#2169 = EDGE_CURVE('',#2146,#2162,#2170,.T.);
#2170 = LINE('',#2171,#2172);
#2171 = CARTESIAN_POINT('',(960.,350.,80.));
#2172 = VECTOR('',#2173,1.);
#2173 = DIRECTION('',(0.,1.,0.));
#2174 = PLANE('',#2175);
#2175 = AXIS2_PLACEMENT_3D('',#2176,#2177,#2178);
#2176 = CARTESIAN_POINT('',(960.,350.,0.));
#2177 = DIRECTION('',(1.,0.,0.));
#2178 = DIRECTION('',(0.,0.,1.));
#2179 = ADVANCED_FACE('',(#2180),#2196,.F.);
#2180 = FACE_BOUND('',#2181,.F.);
#2181 = EDGE_LOOP('',(#2182,#2188,#2189,#2195));
#2182 = ORIENTED_EDGE('',*,*,#2183,.F.);
#2183 = EDGE_CURVE('',#2104,#2144,#2184,.T.);
#2184 = LINE('',#2185,#2186);
#2185 = CARTESIAN_POINT('',(920.,350.,0.));
#2186 = VECTOR('',#2187,1.);
#2187 = DIRECTION('',(1.,0.,0.));
#2188 = ORIENTED_EDGE('',*,*,#2103,.T.);
#2189 = ORIENTED_EDGE('',*,*,#2190,.T.);
#2190 = EDGE_CURVE('',#2106,#2146,#2191,.T.);
#2191 = LINE('',#2192,#2193);
#2192 = CARTESIAN_POINT('',(920.,350.,80.));
#2193 = VECTOR('',#2194,1.);
#2194 = DIRECTION('',(1.,0.,0.));
#2195 = ORIENTED_EDGE('',*,*,#2143,.F.);
#2196 = PLANE('',#2197);
#2197 = AXIS2_PLACEMENT_3D('',#2198,#2199,#2200);
#2198 = CARTESIAN_POINT('',(920.,350.,0.));
#2199 = DIRECTION('',(0.,1.,0.));
#2200 = DIRECTION('',(0.,0.,1.));
#2201 = ADVANCED_FACE('',(#2202),#2218,.T.);
#2202 = FACE_BOUND('',#2203,.T.);
#2203 = EDGE_LOOP('',(#2204,#2210,#2211,#2217));
#2204 = ORIENTED_EDGE('',*,*,#2205,.F.);
#2205 = EDGE_CURVE('',#2114,#2154,#2206,.T.);
#2206 = LINE('',#2207,#2208);
#2207 = CARTESIAN_POINT('',(920.,390.,0.));
#2208 = VECTOR('',#2209,1.);
#2209 = DIRECTION('',(1.,0.,0.));
#2210 = ORIENTED_EDGE('',*,*,#2121,.T.);
#2211 = ORIENTED_EDGE('',*,*,#2212,.T.);
#2212 = EDGE_CURVE('',#2122,#2162,#2213,.T.);
#2213 = LINE('',#2214,#2215);
#2214 = CARTESIAN_POINT('',(920.,390.,80.));
#2215 = VECTOR('',#2216,1.);
#2216 = DIRECTION('',(1.,0.,0.));
#2217 = ORIENTED_EDGE('',*,*,#2161,.F.);
#2218 = PLANE('',#2219);
#2219 = AXIS2_PLACEMENT_3D('',#2220,#2221,#2222);
#2220 = CARTESIAN_POINT('',(920.,390.,0.));
#2221 = DIRECTION('',(0.,1.,0.));
#2222 = DIRECTION('',(0.,0.,1.));
#2223 = ADVANCED_FACE('',(#2224),#2230,.F.);
#2224 = FACE_BOUND('',#2225,.F.);
#2225 = EDGE_LOOP('',(#2226,#2227,#2228,#2229));
#2226 = ORIENTED_EDGE('',*,*,#2113,.F.);
#2227 = ORIENTED_EDGE('',*,*,#2183,.T.);
#2228 = ORIENTED_EDGE('',*,*,#2153,.T.);
#2229 = ORIENTED_EDGE('',*,*,#2205,.F.);
#2230 = PLANE('',#2231);
#2231 = AXIS2_PLACEMENT_3D('',#2232,#2233,#2234);
#2232 = CARTESIAN_POINT('',(920.,350.,0.));
#2233 = DIRECTION('',(0.,0.,1.));
#2234 = DIRECTION('',(1.,0.,0.));
#2235 = ADVANCED_FACE('',(#2236),#2242,.T.);
#2236 = FACE_BOUND('',#2237,.T.);
#2237 = EDGE_LOOP('',(#2238,#2239,#2240,#2241));
#2238 = ORIENTED_EDGE('',*,*,#2129,.F.);
#2239 = ORIENTED_EDGE('',*,*,#2190,.T.);
#2240 = ORIENTED_EDGE('',*,*,#2169,.T.);
#2241 = ORIENTED_EDGE('',*,*,#2212,.F.);
#2242 = PLANE('',#2243);
#2243 = AXIS2_PLACEMENT_3D('',#2244,#2245,#2246);
#2244 = CARTESIAN_POINT('',(920.,350.,80.));
#2245 = DIRECTION('',(0.,0.,1.));
#2246 = DIRECTION('',(1.,0.,0.));
#2247 = MANIFOLD_SOLID_BREP('',#2248);
#2248 = CLOSED_SHELL('',(#2249,#2289,#2320,#2360,#2384,#2417,#2434,#2451
    ));
#2249 = ADVANCED_FACE('',(#2250),#2284,.F.);
#2250 = FACE_BOUND('',#2251,.F.);
#2251 = EDGE_LOOP('',(#2252,#2262,#2270,#2278));
#2252 = ORIENTED_EDGE('',*,*,#2253,.F.);
#2253 = EDGE_CURVE('',#2254,#2256,#2258,.T.);
#2254 = VERTEX_POINT('',#2255);
#2255 = CARTESIAN_POINT('',(0.,50.,870.));
#2256 = VERTEX_POINT('',#2257);
#2257 = CARTESIAN_POINT('',(0.,50.,900.));
#2258 = LINE('',#2259,#2260);
#2259 = CARTESIAN_POINT('',(0.,50.,870.));
#2260 = VECTOR('',#2261,1.);
#2261 = DIRECTION('',(0.,0.,1.));
#2262 = ORIENTED_EDGE('',*,*,#2263,.T.);
#2263 = EDGE_CURVE('',#2254,#2264,#2266,.T.);
#2264 = VERTEX_POINT('',#2265);
#2265 = CARTESIAN_POINT('',(0.,450.,870.));
#2266 = LINE('',#2267,#2268);
#2267 = CARTESIAN_POINT('',(0.,50.,870.));
#2268 = VECTOR('',#2269,1.);
#2269 = DIRECTION('',(0.,1.,0.));
#2270 = ORIENTED_EDGE('',*,*,#2271,.T.);
#2271 = EDGE_CURVE('',#2264,#2272,#2274,.T.);
#2272 = VERTEX_POINT('',#2273);
#2273 = CARTESIAN_POINT('',(0.,450.,900.));
#2274 = LINE('',#2275,#2276);
#2275 = CARTESIAN_POINT('',(0.,450.,870.));
#2276 = VECTOR('',#2277,1.);
#2277 = DIRECTION('',(0.,0.,1.));
#2278 = ORIENTED_EDGE('',*,*,#2279,.F.);
#2279 = EDGE_CURVE('',#2256,#2272,#2280,.T.);
#2280 = LINE('',#2281,#2282);
#2281 = CARTESIAN_POINT('',(0.,50.,900.));
#2282 = VECTOR('',#2283,1.);
#2283 = DIRECTION('',(0.,1.,0.));
#2284 = PLANE('',#2285);
#2285 = AXIS2_PLACEMENT_3D('',#2286,#2287,#2288);
#2286 = CARTESIAN_POINT('',(0.,50.,870.));
#2287 = DIRECTION('',(1.,0.,0.));
#2288 = DIRECTION('',(0.,0.,1.));
#2289 = ADVANCED_FACE('',(#2290),#2315,.F.);
#2290 = FACE_BOUND('',#2291,.F.);
#2291 = EDGE_LOOP('',(#2292,#2300,#2301,#2309));
#2292 = ORIENTED_EDGE('',*,*,#2293,.F.);
#2293 = EDGE_CURVE('',#2254,#2294,#2296,.T.);
#2294 = VERTEX_POINT('',#2295);
#2295 = CARTESIAN_POINT('',(1.01E+03,50.,870.));
#2296 = LINE('',#2297,#2298);
#2297 = CARTESIAN_POINT('',(0.,50.,870.));
#2298 = VECTOR('',#2299,1.);
#2299 = DIRECTION('',(1.,0.,0.));
#2300 = ORIENTED_EDGE('',*,*,#2253,.T.);
#2301 = ORIENTED_EDGE('',*,*,#2302,.T.);
#2302 = EDGE_CURVE('',#2256,#2303,#2305,.T.);
#2303 = VERTEX_POINT('',#2304);
#2304 = CARTESIAN_POINT('',(1.01E+03,50.,900.));
#2305 = LINE('',#2306,#2307);
#2306 = CARTESIAN_POINT('',(0.,50.,900.));
#2307 = VECTOR('',#2308,1.);
#2308 = DIRECTION('',(1.,0.,0.));
#2309 = ORIENTED_EDGE('',*,*,#2310,.F.);
#2310 = EDGE_CURVE('',#2294,#2303,#2311,.T.);
#2311 = LINE('',#2312,#2313);
#2312 = CARTESIAN_POINT('',(1.01E+03,50.,870.));
#2313 = VECTOR('',#2314,1.);
#2314 = DIRECTION('',(0.,0.,1.));
#2315 = PLANE('',#2316);
#2316 = AXIS2_PLACEMENT_3D('',#2317,#2318,#2319);
#2317 = CARTESIAN_POINT('',(0.,50.,870.));
#2318 = DIRECTION('',(0.,1.,0.));
#2319 = DIRECTION('',(0.,0.,1.));
#2320 = ADVANCED_FACE('',(#2321),#2355,.T.);
#2321 = FACE_BOUND('',#2322,.T.);
#2322 = EDGE_LOOP('',(#2323,#2331,#2332,#2333,#2341,#2349));
#2323 = ORIENTED_EDGE('',*,*,#2324,.F.);
#2324 = EDGE_CURVE('',#2272,#2325,#2327,.T.);
#2325 = VERTEX_POINT('',#2326);
#2326 = CARTESIAN_POINT('',(800.,450.,900.));
#2327 = LINE('',#2328,#2329);
#2328 = CARTESIAN_POINT('',(0.,450.,900.));
#2329 = VECTOR('',#2330,1.);
#2330 = DIRECTION('',(1.,0.,0.));
#2331 = ORIENTED_EDGE('',*,*,#2279,.F.);
#2332 = ORIENTED_EDGE('',*,*,#2302,.T.);
#2333 = ORIENTED_EDGE('',*,*,#2334,.T.);
#2334 = EDGE_CURVE('',#2303,#2335,#2337,.T.);
#2335 = VERTEX_POINT('',#2336);
#2336 = CARTESIAN_POINT('',(1.01E+03,420.,900.));
#2337 = LINE('',#2338,#2339);
#2338 = CARTESIAN_POINT('',(1.01E+03,50.,900.));
#2339 = VECTOR('',#2340,1.);
#2340 = DIRECTION('',(0.,1.,0.));
#2341 = ORIENTED_EDGE('',*,*,#2342,.T.);
#2342 = EDGE_CURVE('',#2335,#2343,#2345,.T.);
#2343 = VERTEX_POINT('',#2344);
#2344 = CARTESIAN_POINT('',(800.,420.,900.));
#2345 = LINE('',#2346,#2347);
#2346 = CARTESIAN_POINT('',(400.,420.,900.));
#2347 = VECTOR('',#2348,1.);
#2348 = DIRECTION('',(-1.,0.,0.));
#2349 = ORIENTED_EDGE('',*,*,#2350,.T.);
#2350 = EDGE_CURVE('',#2343,#2325,#2351,.T.);
#2351 = LINE('',#2352,#2353);
#2352 = CARTESIAN_POINT('',(800.,235.,900.));
#2353 = VECTOR('',#2354,1.);
#2354 = DIRECTION('',(0.,1.,0.));
#2355 = PLANE('',#2356);
#2356 = AXIS2_PLACEMENT_3D('',#2357,#2358,#2359);
#2357 = CARTESIAN_POINT('',(0.,50.,900.));
#2358 = DIRECTION('',(0.,0.,1.));
#2359 = DIRECTION('',(1.,0.,0.));
#2360 = ADVANCED_FACE('',(#2361),#2379,.T.);
#2361 = FACE_BOUND('',#2362,.T.);
#2362 = EDGE_LOOP('',(#2363,#2371,#2372,#2373));
#2363 = ORIENTED_EDGE('',*,*,#2364,.F.);
#2364 = EDGE_CURVE('',#2264,#2365,#2367,.T.);
#2365 = VERTEX_POINT('',#2366);
#2366 = CARTESIAN_POINT('',(800.,450.,870.));
#2367 = LINE('',#2368,#2369);
#2368 = CARTESIAN_POINT('',(0.,450.,870.));
#2369 = VECTOR('',#2370,1.);
#2370 = DIRECTION('',(1.,0.,0.));
#2371 = ORIENTED_EDGE('',*,*,#2271,.T.);
#2372 = ORIENTED_EDGE('',*,*,#2324,.T.);
#2373 = ORIENTED_EDGE('',*,*,#2374,.F.);
#2374 = EDGE_CURVE('',#2365,#2325,#2375,.T.);
#2375 = LINE('',#2376,#2377);
#2376 = CARTESIAN_POINT('',(800.,450.,865.));
#2377 = VECTOR('',#2378,1.);
#2378 = DIRECTION('',(0.,0.,1.));
#2379 = PLANE('',#2380);
#2380 = AXIS2_PLACEMENT_3D('',#2381,#2382,#2383);
#2381 = CARTESIAN_POINT('',(0.,450.,870.));
#2382 = DIRECTION('',(0.,1.,0.));
#2383 = DIRECTION('',(0.,0.,1.));
#2384 = ADVANCED_FACE('',(#2385),#2412,.F.);
#2385 = FACE_BOUND('',#2386,.F.);
#2386 = EDGE_LOOP('',(#2387,#2388,#2389,#2390,#2398,#2406));
#2387 = ORIENTED_EDGE('',*,*,#2364,.F.);
#2388 = ORIENTED_EDGE('',*,*,#2263,.F.);
#2389 = ORIENTED_EDGE('',*,*,#2293,.T.);
#2390 = ORIENTED_EDGE('',*,*,#2391,.T.);
#2391 = EDGE_CURVE('',#2294,#2392,#2394,.T.);
#2392 = VERTEX_POINT('',#2393);
#2393 = CARTESIAN_POINT('',(1.01E+03,420.,870.));
#2394 = LINE('',#2395,#2396);
#2395 = CARTESIAN_POINT('',(1.01E+03,50.,870.));
#2396 = VECTOR('',#2397,1.);
#2397 = DIRECTION('',(0.,1.,0.));
#2398 = ORIENTED_EDGE('',*,*,#2399,.T.);
#2399 = EDGE_CURVE('',#2392,#2400,#2402,.T.);
#2400 = VERTEX_POINT('',#2401);
#2401 = CARTESIAN_POINT('',(800.,420.,870.));
#2402 = LINE('',#2403,#2404);
#2403 = CARTESIAN_POINT('',(400.,420.,870.));
#2404 = VECTOR('',#2405,1.);
#2405 = DIRECTION('',(-1.,0.,0.));
#2406 = ORIENTED_EDGE('',*,*,#2407,.T.);
#2407 = EDGE_CURVE('',#2400,#2365,#2408,.T.);
#2408 = LINE('',#2409,#2410);
#2409 = CARTESIAN_POINT('',(800.,235.,870.));
#2410 = VECTOR('',#2411,1.);
#2411 = DIRECTION('',(0.,1.,0.));
#2412 = PLANE('',#2413);
#2413 = AXIS2_PLACEMENT_3D('',#2414,#2415,#2416);
#2414 = CARTESIAN_POINT('',(0.,50.,870.));
#2415 = DIRECTION('',(0.,0.,1.));
#2416 = DIRECTION('',(1.,0.,0.));
#2417 = ADVANCED_FACE('',(#2418),#2429,.T.);
#2418 = FACE_BOUND('',#2419,.T.);
#2419 = EDGE_LOOP('',(#2420,#2421,#2422,#2423));
#2420 = ORIENTED_EDGE('',*,*,#2334,.F.);
#2421 = ORIENTED_EDGE('',*,*,#2310,.F.);
#2422 = ORIENTED_EDGE('',*,*,#2391,.T.);
#2423 = ORIENTED_EDGE('',*,*,#2424,.T.);
#2424 = EDGE_CURVE('',#2392,#2335,#2425,.T.);
#2425 = LINE('',#2426,#2427);
#2426 = CARTESIAN_POINT('',(1.01E+03,420.,865.));
#2427 = VECTOR('',#2428,1.);
#2428 = DIRECTION('',(0.,0.,1.));
#2429 = PLANE('',#2430);
#2430 = AXIS2_PLACEMENT_3D('',#2431,#2432,#2433);
#2431 = CARTESIAN_POINT('',(1.01E+03,50.,870.));
#2432 = DIRECTION('',(1.,0.,0.));
#2433 = DIRECTION('',(0.,0.,1.));
#2434 = ADVANCED_FACE('',(#2435),#2446,.T.);
#2435 = FACE_BOUND('',#2436,.T.);
#2436 = EDGE_LOOP('',(#2437,#2443,#2444,#2445));
#2437 = ORIENTED_EDGE('',*,*,#2438,.F.);
#2438 = EDGE_CURVE('',#2400,#2343,#2439,.T.);
#2439 = LINE('',#2440,#2441);
#2440 = CARTESIAN_POINT('',(800.,420.,865.));
#2441 = VECTOR('',#2442,1.);
#2442 = DIRECTION('',(0.,0.,1.));
#2443 = ORIENTED_EDGE('',*,*,#2407,.T.);
#2444 = ORIENTED_EDGE('',*,*,#2374,.T.);
#2445 = ORIENTED_EDGE('',*,*,#2350,.F.);
#2446 = PLANE('',#2447);
#2447 = AXIS2_PLACEMENT_3D('',#2448,#2449,#2450);
#2448 = CARTESIAN_POINT('',(800.,420.,865.));
#2449 = DIRECTION('',(1.,0.,0.));
#2450 = DIRECTION('',(0.,0.,1.));
#2451 = ADVANCED_FACE('',(#2452),#2458,.T.);
#2452 = FACE_BOUND('',#2453,.T.);
#2453 = EDGE_LOOP('',(#2454,#2455,#2456,#2457));
#2454 = ORIENTED_EDGE('',*,*,#2424,.F.);
#2455 = ORIENTED_EDGE('',*,*,#2399,.T.);
#2456 = ORIENTED_EDGE('',*,*,#2438,.T.);
#2457 = ORIENTED_EDGE('',*,*,#2342,.F.);
#2458 = PLANE('',#2459);
#2459 = AXIS2_PLACEMENT_3D('',#2460,#2461,#2462);
#2460 = CARTESIAN_POINT('',(800.,420.,865.));
#2461 = DIRECTION('',(0.,1.,0.));
#2462 = DIRECTION('',(0.,0.,1.));
#2463 = MANIFOLD_SOLID_BREP('',#2464);
#2464 = CLOSED_SHELL('',(#2465,#2505,#2545,#2567,#2589,#2601));
#2465 = ADVANCED_FACE('',(#2466),#2500,.F.);
#2466 = FACE_BOUND('',#2467,.F.);
#2467 = EDGE_LOOP('',(#2468,#2478,#2486,#2494));
#2468 = ORIENTED_EDGE('',*,*,#2469,.F.);
#2469 = EDGE_CURVE('',#2470,#2472,#2474,.T.);
#2470 = VERTEX_POINT('',#2471);
#2471 = CARTESIAN_POINT('',(0.,420.,900.));
#2472 = VERTEX_POINT('',#2473);
#2473 = CARTESIAN_POINT('',(0.,420.,1.08E+03));
#2474 = LINE('',#2475,#2476);
#2475 = CARTESIAN_POINT('',(0.,420.,900.));
#2476 = VECTOR('',#2477,1.);
#2477 = DIRECTION('',(0.,0.,1.));
#2478 = ORIENTED_EDGE('',*,*,#2479,.T.);
#2479 = EDGE_CURVE('',#2470,#2480,#2482,.T.);
#2480 = VERTEX_POINT('',#2481);
#2481 = CARTESIAN_POINT('',(0.,450.,900.));
#2482 = LINE('',#2483,#2484);
#2483 = CARTESIAN_POINT('',(0.,420.,900.));
#2484 = VECTOR('',#2485,1.);
#2485 = DIRECTION('',(0.,1.,0.));
#2486 = ORIENTED_EDGE('',*,*,#2487,.T.);
#2487 = EDGE_CURVE('',#2480,#2488,#2490,.T.);
#2488 = VERTEX_POINT('',#2489);
#2489 = CARTESIAN_POINT('',(0.,450.,1.08E+03));
#2490 = LINE('',#2491,#2492);
#2491 = CARTESIAN_POINT('',(0.,450.,900.));
#2492 = VECTOR('',#2493,1.);
#2493 = DIRECTION('',(0.,0.,1.));
#2494 = ORIENTED_EDGE('',*,*,#2495,.F.);
#2495 = EDGE_CURVE('',#2472,#2488,#2496,.T.);
#2496 = LINE('',#2497,#2498);
#2497 = CARTESIAN_POINT('',(0.,420.,1.08E+03));
#2498 = VECTOR('',#2499,1.);
#2499 = DIRECTION('',(0.,1.,0.));
#2500 = PLANE('',#2501);
#2501 = AXIS2_PLACEMENT_3D('',#2502,#2503,#2504);
#2502 = CARTESIAN_POINT('',(0.,420.,900.));
#2503 = DIRECTION('',(1.,0.,0.));
#2504 = DIRECTION('',(0.,0.,1.));
#2505 = ADVANCED_FACE('',(#2506),#2540,.T.);
#2506 = FACE_BOUND('',#2507,.T.);
#2507 = EDGE_LOOP('',(#2508,#2518,#2526,#2534));
#2508 = ORIENTED_EDGE('',*,*,#2509,.F.);
#2509 = EDGE_CURVE('',#2510,#2512,#2514,.T.);
#2510 = VERTEX_POINT('',#2511);
#2511 = CARTESIAN_POINT('',(800.,420.,900.));
#2512 = VERTEX_POINT('',#2513);
#2513 = CARTESIAN_POINT('',(800.,420.,1.08E+03));
#2514 = LINE('',#2515,#2516);
#2515 = CARTESIAN_POINT('',(800.,420.,900.));
#2516 = VECTOR('',#2517,1.);
#2517 = DIRECTION('',(0.,0.,1.));
#2518 = ORIENTED_EDGE('',*,*,#2519,.T.);
#2519 = EDGE_CURVE('',#2510,#2520,#2522,.T.);
#2520 = VERTEX_POINT('',#2521);
#2521 = CARTESIAN_POINT('',(800.,450.,900.));
#2522 = LINE('',#2523,#2524);
#2523 = CARTESIAN_POINT('',(800.,420.,900.));
#2524 = VECTOR('',#2525,1.);
#2525 = DIRECTION('',(0.,1.,0.));
#2526 = ORIENTED_EDGE('',*,*,#2527,.T.);
#2527 = EDGE_CURVE('',#2520,#2528,#2530,.T.);
#2528 = VERTEX_POINT('',#2529);
#2529 = CARTESIAN_POINT('',(800.,450.,1.08E+03));
#2530 = LINE('',#2531,#2532);
#2531 = CARTESIAN_POINT('',(800.,450.,900.));
#2532 = VECTOR('',#2533,1.);
#2533 = DIRECTION('',(0.,0.,1.));
#2534 = ORIENTED_EDGE('',*,*,#2535,.F.);
#2535 = EDGE_CURVE('',#2512,#2528,#2536,.T.);
#2536 = LINE('',#2537,#2538);
#2537 = CARTESIAN_POINT('',(800.,420.,1.08E+03));
#2538 = VECTOR('',#2539,1.);
#2539 = DIRECTION('',(0.,1.,0.));
#2540 = PLANE('',#2541);
#2541 = AXIS2_PLACEMENT_3D('',#2542,#2543,#2544);
#2542 = CARTESIAN_POINT('',(800.,420.,900.));
#2543 = DIRECTION('',(1.,0.,0.));
#2544 = DIRECTION('',(0.,0.,1.));
#2545 = ADVANCED_FACE('',(#2546),#2562,.F.);
#2546 = FACE_BOUND('',#2547,.F.);
#2547 = EDGE_LOOP('',(#2548,#2554,#2555,#2561));
#2548 = ORIENTED_EDGE('',*,*,#2549,.F.);
#2549 = EDGE_CURVE('',#2470,#2510,#2550,.T.);
#2550 = LINE('',#2551,#2552);
#2551 = CARTESIAN_POINT('',(0.,420.,900.));
#2552 = VECTOR('',#2553,1.);
#2553 = DIRECTION('',(1.,0.,0.));
#2554 = ORIENTED_EDGE('',*,*,#2469,.T.);
#2555 = ORIENTED_EDGE('',*,*,#2556,.T.);
#2556 = EDGE_CURVE('',#2472,#2512,#2557,.T.);
#2557 = LINE('',#2558,#2559);
#2558 = CARTESIAN_POINT('',(0.,420.,1.08E+03));
#2559 = VECTOR('',#2560,1.);
#2560 = DIRECTION('',(1.,0.,0.));
#2561 = ORIENTED_EDGE('',*,*,#2509,.F.);
#2562 = PLANE('',#2563);
#2563 = AXIS2_PLACEMENT_3D('',#2564,#2565,#2566);
#2564 = CARTESIAN_POINT('',(0.,420.,900.));
#2565 = DIRECTION('',(0.,1.,0.));
#2566 = DIRECTION('',(0.,0.,1.));
#2567 = ADVANCED_FACE('',(#2568),#2584,.T.);
#2568 = FACE_BOUND('',#2569,.T.);
#2569 = EDGE_LOOP('',(#2570,#2576,#2577,#2583));
#2570 = ORIENTED_EDGE('',*,*,#2571,.F.);
#2571 = EDGE_CURVE('',#2480,#2520,#2572,.T.);
#2572 = LINE('',#2573,#2574);
#2573 = CARTESIAN_POINT('',(0.,450.,900.));
#2574 = VECTOR('',#2575,1.);
#2575 = DIRECTION('',(1.,0.,0.));
#2576 = ORIENTED_EDGE('',*,*,#2487,.T.);
#2577 = ORIENTED_EDGE('',*,*,#2578,.T.);
#2578 = EDGE_CURVE('',#2488,#2528,#2579,.T.);
#2579 = LINE('',#2580,#2581);
#2580 = CARTESIAN_POINT('',(0.,450.,1.08E+03));
#2581 = VECTOR('',#2582,1.);
#2582 = DIRECTION('',(1.,0.,0.));
#2583 = ORIENTED_EDGE('',*,*,#2527,.F.);
#2584 = PLANE('',#2585);
#2585 = AXIS2_PLACEMENT_3D('',#2586,#2587,#2588);
#2586 = CARTESIAN_POINT('',(0.,450.,900.));
#2587 = DIRECTION('',(0.,1.,0.));
#2588 = DIRECTION('',(0.,0.,1.));
#2589 = ADVANCED_FACE('',(#2590),#2596,.F.);
#2590 = FACE_BOUND('',#2591,.F.);
#2591 = EDGE_LOOP('',(#2592,#2593,#2594,#2595));
#2592 = ORIENTED_EDGE('',*,*,#2479,.F.);
#2593 = ORIENTED_EDGE('',*,*,#2549,.T.);
#2594 = ORIENTED_EDGE('',*,*,#2519,.T.);
#2595 = ORIENTED_EDGE('',*,*,#2571,.F.);
#2596 = PLANE('',#2597);
#2597 = AXIS2_PLACEMENT_3D('',#2598,#2599,#2600);
#2598 = CARTESIAN_POINT('',(0.,420.,900.));
#2599 = DIRECTION('',(0.,0.,1.));
#2600 = DIRECTION('',(1.,0.,0.));
#2601 = ADVANCED_FACE('',(#2602),#2608,.T.);
#2602 = FACE_BOUND('',#2603,.T.);
#2603 = EDGE_LOOP('',(#2604,#2605,#2606,#2607));
#2604 = ORIENTED_EDGE('',*,*,#2495,.F.);
#2605 = ORIENTED_EDGE('',*,*,#2556,.T.);
#2606 = ORIENTED_EDGE('',*,*,#2535,.T.);
#2607 = ORIENTED_EDGE('',*,*,#2578,.F.);
#2608 = PLANE('',#2609);
#2609 = AXIS2_PLACEMENT_3D('',#2610,#2611,#2612);
#2610 = CARTESIAN_POINT('',(0.,420.,1.08E+03));
#2611 = DIRECTION('',(0.,0.,1.));
#2612 = DIRECTION('',(1.,0.,0.));
#2613 = MANIFOLD_SOLID_BREP('',#2614);
#2614 = CLOSED_SHELL('',(#2615,#2655,#2695,#2717,#2739,#2751));
#2615 = ADVANCED_FACE('',(#2616),#2650,.F.);
#2616 = FACE_BOUND('',#2617,.F.);
#2617 = EDGE_LOOP('',(#2618,#2628,#2636,#2644));
#2618 = ORIENTED_EDGE('',*,*,#2619,.F.);
#2619 = EDGE_CURVE('',#2620,#2622,#2624,.T.);
#2620 = VERTEX_POINT('',#2621);
#2621 = CARTESIAN_POINT('',(-30.,450.,870.));
#2622 = VERTEX_POINT('',#2623);
#2623 = CARTESIAN_POINT('',(-30.,450.,1.08E+03));
#2624 = LINE('',#2625,#2626);
#2625 = CARTESIAN_POINT('',(-30.,450.,870.));
#2626 = VECTOR('',#2627,1.);
#2627 = DIRECTION('',(0.,0.,1.));
#2628 = ORIENTED_EDGE('',*,*,#2629,.T.);
#2629 = EDGE_CURVE('',#2620,#2630,#2632,.T.);
#2630 = VERTEX_POINT('',#2631);
#2631 = CARTESIAN_POINT('',(-30.,480.,870.));
#2632 = LINE('',#2633,#2634);
#2633 = CARTESIAN_POINT('',(-30.,450.,870.));
#2634 = VECTOR('',#2635,1.);
#2635 = DIRECTION('',(0.,1.,0.));
#2636 = ORIENTED_EDGE('',*,*,#2637,.T.);
#2637 = EDGE_CURVE('',#2630,#2638,#2640,.T.);
#2638 = VERTEX_POINT('',#2639);
#2639 = CARTESIAN_POINT('',(-30.,480.,1.08E+03));
#2640 = LINE('',#2641,#2642);
#2641 = CARTESIAN_POINT('',(-30.,480.,870.));
#2642 = VECTOR('',#2643,1.);
#2643 = DIRECTION('',(0.,0.,1.));
#2644 = ORIENTED_EDGE('',*,*,#2645,.F.);
#2645 = EDGE_CURVE('',#2622,#2638,#2646,.T.);
#2646 = LINE('',#2647,#2648);
#2647 = CARTESIAN_POINT('',(-30.,450.,1.08E+03));
#2648 = VECTOR('',#2649,1.);
#2649 = DIRECTION('',(0.,1.,0.));
#2650 = PLANE('',#2651);
#2651 = AXIS2_PLACEMENT_3D('',#2652,#2653,#2654);
#2652 = CARTESIAN_POINT('',(-30.,450.,870.));
#2653 = DIRECTION('',(1.,0.,0.));
#2654 = DIRECTION('',(0.,0.,1.));
#2655 = ADVANCED_FACE('',(#2656),#2690,.T.);
#2656 = FACE_BOUND('',#2657,.T.);
#2657 = EDGE_LOOP('',(#2658,#2668,#2676,#2684));
#2658 = ORIENTED_EDGE('',*,*,#2659,.F.);
#2659 = EDGE_CURVE('',#2660,#2662,#2664,.T.);
#2660 = VERTEX_POINT('',#2661);
#2661 = CARTESIAN_POINT('',(0.,450.,870.));
#2662 = VERTEX_POINT('',#2663);
#2663 = CARTESIAN_POINT('',(0.,450.,1.08E+03));
#2664 = LINE('',#2665,#2666);
#2665 = CARTESIAN_POINT('',(0.,450.,870.));
#2666 = VECTOR('',#2667,1.);
#2667 = DIRECTION('',(0.,0.,1.));
#2668 = ORIENTED_EDGE('',*,*,#2669,.T.);
#2669 = EDGE_CURVE('',#2660,#2670,#2672,.T.);
#2670 = VERTEX_POINT('',#2671);
#2671 = CARTESIAN_POINT('',(0.,480.,870.));
#2672 = LINE('',#2673,#2674);
#2673 = CARTESIAN_POINT('',(0.,450.,870.));
#2674 = VECTOR('',#2675,1.);
#2675 = DIRECTION('',(0.,1.,0.));
#2676 = ORIENTED_EDGE('',*,*,#2677,.T.);
#2677 = EDGE_CURVE('',#2670,#2678,#2680,.T.);
#2678 = VERTEX_POINT('',#2679);
#2679 = CARTESIAN_POINT('',(0.,480.,1.08E+03));
#2680 = LINE('',#2681,#2682);
#2681 = CARTESIAN_POINT('',(0.,480.,870.));
#2682 = VECTOR('',#2683,1.);
#2683 = DIRECTION('',(0.,0.,1.));
#2684 = ORIENTED_EDGE('',*,*,#2685,.F.);
#2685 = EDGE_CURVE('',#2662,#2678,#2686,.T.);
#2686 = LINE('',#2687,#2688);
#2687 = CARTESIAN_POINT('',(0.,450.,1.08E+03));
#2688 = VECTOR('',#2689,1.);
#2689 = DIRECTION('',(0.,1.,0.));
#2690 = PLANE('',#2691);
#2691 = AXIS2_PLACEMENT_3D('',#2692,#2693,#2694);
#2692 = CARTESIAN_POINT('',(0.,450.,870.));
#2693 = DIRECTION('',(1.,0.,0.));
#2694 = DIRECTION('',(0.,0.,1.));
#2695 = ADVANCED_FACE('',(#2696),#2712,.F.);
#2696 = FACE_BOUND('',#2697,.F.);
#2697 = EDGE_LOOP('',(#2698,#2704,#2705,#2711));
#2698 = ORIENTED_EDGE('',*,*,#2699,.F.);
#2699 = EDGE_CURVE('',#2620,#2660,#2700,.T.);
#2700 = LINE('',#2701,#2702);
#2701 = CARTESIAN_POINT('',(-30.,450.,870.));
#2702 = VECTOR('',#2703,1.);
#2703 = DIRECTION('',(1.,0.,0.));
#2704 = ORIENTED_EDGE('',*,*,#2619,.T.);
#2705 = ORIENTED_EDGE('',*,*,#2706,.T.);
#2706 = EDGE_CURVE('',#2622,#2662,#2707,.T.);
#2707 = LINE('',#2708,#2709);
#2708 = CARTESIAN_POINT('',(-30.,450.,1.08E+03));
#2709 = VECTOR('',#2710,1.);
#2710 = DIRECTION('',(1.,0.,0.));
#2711 = ORIENTED_EDGE('',*,*,#2659,.F.);
#2712 = PLANE('',#2713);
#2713 = AXIS2_PLACEMENT_3D('',#2714,#2715,#2716);
#2714 = CARTESIAN_POINT('',(-30.,450.,870.));
#2715 = DIRECTION('',(0.,1.,0.));
#2716 = DIRECTION('',(0.,0.,1.));
#2717 = ADVANCED_FACE('',(#2718),#2734,.T.);
#2718 = FACE_BOUND('',#2719,.T.);
#2719 = EDGE_LOOP('',(#2720,#2726,#2727,#2733));
#2720 = ORIENTED_EDGE('',*,*,#2721,.F.);
#2721 = EDGE_CURVE('',#2630,#2670,#2722,.T.);
#2722 = LINE('',#2723,#2724);
#2723 = CARTESIAN_POINT('',(-30.,480.,870.));
#2724 = VECTOR('',#2725,1.);
#2725 = DIRECTION('',(1.,0.,0.));
#2726 = ORIENTED_EDGE('',*,*,#2637,.T.);
#2727 = ORIENTED_EDGE('',*,*,#2728,.T.);
#2728 = EDGE_CURVE('',#2638,#2678,#2729,.T.);
#2729 = LINE('',#2730,#2731);
#2730 = CARTESIAN_POINT('',(-30.,480.,1.08E+03));
#2731 = VECTOR('',#2732,1.);
#2732 = DIRECTION('',(1.,0.,0.));
#2733 = ORIENTED_EDGE('',*,*,#2677,.F.);
#2734 = PLANE('',#2735);
#2735 = AXIS2_PLACEMENT_3D('',#2736,#2737,#2738);
#2736 = CARTESIAN_POINT('',(-30.,480.,870.));
#2737 = DIRECTION('',(0.,1.,0.));
#2738 = DIRECTION('',(0.,0.,1.));
#2739 = ADVANCED_FACE('',(#2740),#2746,.F.);
#2740 = FACE_BOUND('',#2741,.F.);
#2741 = EDGE_LOOP('',(#2742,#2743,#2744,#2745));
#2742 = ORIENTED_EDGE('',*,*,#2629,.F.);
#2743 = ORIENTED_EDGE('',*,*,#2699,.T.);
#2744 = ORIENTED_EDGE('',*,*,#2669,.T.);
#2745 = ORIENTED_EDGE('',*,*,#2721,.F.);
#2746 = PLANE('',#2747);
#2747 = AXIS2_PLACEMENT_3D('',#2748,#2749,#2750);
#2748 = CARTESIAN_POINT('',(-30.,450.,870.));
#2749 = DIRECTION('',(0.,0.,1.));
#2750 = DIRECTION('',(1.,0.,0.));
#2751 = ADVANCED_FACE('',(#2752),#2758,.T.);
#2752 = FACE_BOUND('',#2753,.T.);
#2753 = EDGE_LOOP('',(#2754,#2755,#2756,#2757));
#2754 = ORIENTED_EDGE('',*,*,#2645,.F.);
#2755 = ORIENTED_EDGE('',*,*,#2706,.T.);
#2756 = ORIENTED_EDGE('',*,*,#2685,.T.);
#2757 = ORIENTED_EDGE('',*,*,#2728,.F.);
#2758 = PLANE('',#2759);
#2759 = AXIS2_PLACEMENT_3D('',#2760,#2761,#2762);
#2760 = CARTESIAN_POINT('',(-30.,450.,1.08E+03));
#2761 = DIRECTION('',(0.,0.,1.));
#2762 = DIRECTION('',(1.,0.,0.));
#2763 = MANIFOLD_SOLID_BREP('',#2764);
#2764 = CLOSED_SHELL('',(#2765,#2805,#2845,#2867,#2889,#2901));
#2765 = ADVANCED_FACE('',(#2766),#2800,.F.);
#2766 = FACE_BOUND('',#2767,.F.);
#2767 = EDGE_LOOP('',(#2768,#2778,#2786,#2794));
#2768 = ORIENTED_EDGE('',*,*,#2769,.F.);
#2769 = EDGE_CURVE('',#2770,#2772,#2774,.T.);
#2770 = VERTEX_POINT('',#2771);
#2771 = CARTESIAN_POINT('',(0.,480.,80.));
#2772 = VERTEX_POINT('',#2773);
#2773 = CARTESIAN_POINT('',(0.,480.,1.08E+03));
#2774 = LINE('',#2775,#2776);
#2775 = CARTESIAN_POINT('',(0.,480.,80.));
#2776 = VECTOR('',#2777,1.);
#2777 = DIRECTION('',(0.,0.,1.));
#2778 = ORIENTED_EDGE('',*,*,#2779,.T.);
#2779 = EDGE_CURVE('',#2770,#2780,#2782,.T.);
#2780 = VERTEX_POINT('',#2781);
#2781 = CARTESIAN_POINT('',(0.,498.,80.));
#2782 = LINE('',#2783,#2784);
#2783 = CARTESIAN_POINT('',(0.,480.,80.));
#2784 = VECTOR('',#2785,1.);
#2785 = DIRECTION('',(0.,1.,0.));
#2786 = ORIENTED_EDGE('',*,*,#2787,.T.);
#2787 = EDGE_CURVE('',#2780,#2788,#2790,.T.);
#2788 = VERTEX_POINT('',#2789);
#2789 = CARTESIAN_POINT('',(0.,498.,1.08E+03));
#2790 = LINE('',#2791,#2792);
#2791 = CARTESIAN_POINT('',(0.,498.,80.));
#2792 = VECTOR('',#2793,1.);
#2793 = DIRECTION('',(0.,0.,1.));
#2794 = ORIENTED_EDGE('',*,*,#2795,.F.);
#2795 = EDGE_CURVE('',#2772,#2788,#2796,.T.);
#2796 = LINE('',#2797,#2798);
#2797 = CARTESIAN_POINT('',(0.,480.,1.08E+03));
#2798 = VECTOR('',#2799,1.);
#2799 = DIRECTION('',(0.,1.,0.));
#2800 = PLANE('',#2801);
#2801 = AXIS2_PLACEMENT_3D('',#2802,#2803,#2804);
#2802 = CARTESIAN_POINT('',(0.,480.,80.));
#2803 = DIRECTION('',(1.,0.,0.));
#2804 = DIRECTION('',(0.,0.,1.));
#2805 = ADVANCED_FACE('',(#2806),#2840,.T.);
#2806 = FACE_BOUND('',#2807,.T.);
#2807 = EDGE_LOOP('',(#2808,#2818,#2826,#2834));
#2808 = ORIENTED_EDGE('',*,*,#2809,.F.);
#2809 = EDGE_CURVE('',#2810,#2812,#2814,.T.);
#2810 = VERTEX_POINT('',#2811);
#2811 = CARTESIAN_POINT('',(800.,480.,80.));
#2812 = VERTEX_POINT('',#2813);
#2813 = CARTESIAN_POINT('',(800.,480.,1.08E+03));
#2814 = LINE('',#2815,#2816);
#2815 = CARTESIAN_POINT('',(800.,480.,80.));
#2816 = VECTOR('',#2817,1.);
#2817 = DIRECTION('',(0.,0.,1.));
#2818 = ORIENTED_EDGE('',*,*,#2819,.T.);
#2819 = EDGE_CURVE('',#2810,#2820,#2822,.T.);
#2820 = VERTEX_POINT('',#2821);
#2821 = CARTESIAN_POINT('',(800.,498.,80.));
#2822 = LINE('',#2823,#2824);
#2823 = CARTESIAN_POINT('',(800.,480.,80.));
#2824 = VECTOR('',#2825,1.);
#2825 = DIRECTION('',(0.,1.,0.));
#2826 = ORIENTED_EDGE('',*,*,#2827,.T.);
#2827 = EDGE_CURVE('',#2820,#2828,#2830,.T.);
#2828 = VERTEX_POINT('',#2829);
#2829 = CARTESIAN_POINT('',(800.,498.,1.08E+03));
#2830 = LINE('',#2831,#2832);
#2831 = CARTESIAN_POINT('',(800.,498.,80.));
#2832 = VECTOR('',#2833,1.);
#2833 = DIRECTION('',(0.,0.,1.));
#2834 = ORIENTED_EDGE('',*,*,#2835,.F.);
#2835 = EDGE_CURVE('',#2812,#2828,#2836,.T.);
#2836 = LINE('',#2837,#2838);
#2837 = CARTESIAN_POINT('',(800.,480.,1.08E+03));
#2838 = VECTOR('',#2839,1.);
#2839 = DIRECTION('',(0.,1.,0.));
#2840 = PLANE('',#2841);
#2841 = AXIS2_PLACEMENT_3D('',#2842,#2843,#2844);
#2842 = CARTESIAN_POINT('',(800.,480.,80.));
#2843 = DIRECTION('',(1.,0.,0.));
#2844 = DIRECTION('',(0.,0.,1.));
#2845 = ADVANCED_FACE('',(#2846),#2862,.F.);
#2846 = FACE_BOUND('',#2847,.F.);
#2847 = EDGE_LOOP('',(#2848,#2854,#2855,#2861));
#2848 = ORIENTED_EDGE('',*,*,#2849,.F.);
#2849 = EDGE_CURVE('',#2770,#2810,#2850,.T.);
#2850 = LINE('',#2851,#2852);
#2851 = CARTESIAN_POINT('',(0.,480.,80.));
#2852 = VECTOR('',#2853,1.);
#2853 = DIRECTION('',(1.,0.,0.));
#2854 = ORIENTED_EDGE('',*,*,#2769,.T.);
#2855 = ORIENTED_EDGE('',*,*,#2856,.T.);
#2856 = EDGE_CURVE('',#2772,#2812,#2857,.T.);
#2857 = LINE('',#2858,#2859);
#2858 = CARTESIAN_POINT('',(0.,480.,1.08E+03));
#2859 = VECTOR('',#2860,1.);
#2860 = DIRECTION('',(1.,0.,0.));
#2861 = ORIENTED_EDGE('',*,*,#2809,.F.);
#2862 = PLANE('',#2863);
#2863 = AXIS2_PLACEMENT_3D('',#2864,#2865,#2866);
#2864 = CARTESIAN_POINT('',(0.,480.,80.));
#2865 = DIRECTION('',(0.,1.,0.));
#2866 = DIRECTION('',(0.,0.,1.));
#2867 = ADVANCED_FACE('',(#2868),#2884,.T.);
#2868 = FACE_BOUND('',#2869,.T.);
#2869 = EDGE_LOOP('',(#2870,#2876,#2877,#2883));
#2870 = ORIENTED_EDGE('',*,*,#2871,.F.);
#2871 = EDGE_CURVE('',#2780,#2820,#2872,.T.);
#2872 = LINE('',#2873,#2874);
#2873 = CARTESIAN_POINT('',(0.,498.,80.));
#2874 = VECTOR('',#2875,1.);
#2875 = DIRECTION('',(1.,0.,0.));
#2876 = ORIENTED_EDGE('',*,*,#2787,.T.);
#2877 = ORIENTED_EDGE('',*,*,#2878,.T.);
#2878 = EDGE_CURVE('',#2788,#2828,#2879,.T.);
#2879 = LINE('',#2880,#2881);
#2880 = CARTESIAN_POINT('',(0.,498.,1.08E+03));
#2881 = VECTOR('',#2882,1.);
#2882 = DIRECTION('',(1.,0.,0.));
#2883 = ORIENTED_EDGE('',*,*,#2827,.F.);
#2884 = PLANE('',#2885);
#2885 = AXIS2_PLACEMENT_3D('',#2886,#2887,#2888);
#2886 = CARTESIAN_POINT('',(0.,498.,80.));
#2887 = DIRECTION('',(0.,1.,0.));
#2888 = DIRECTION('',(0.,0.,1.));
#2889 = ADVANCED_FACE('',(#2890),#2896,.F.);
#2890 = FACE_BOUND('',#2891,.F.);
#2891 = EDGE_LOOP('',(#2892,#2893,#2894,#2895));
#2892 = ORIENTED_EDGE('',*,*,#2779,.F.);
#2893 = ORIENTED_EDGE('',*,*,#2849,.T.);
#2894 = ORIENTED_EDGE('',*,*,#2819,.T.);
#2895 = ORIENTED_EDGE('',*,*,#2871,.F.);
#2896 = PLANE('',#2897);
#2897 = AXIS2_PLACEMENT_3D('',#2898,#2899,#2900);
#2898 = CARTESIAN_POINT('',(0.,480.,80.));
#2899 = DIRECTION('',(0.,0.,1.));
#2900 = DIRECTION('',(1.,0.,0.));
#2901 = ADVANCED_FACE('',(#2902),#2908,.T.);
#2902 = FACE_BOUND('',#2903,.T.);
#2903 = EDGE_LOOP('',(#2904,#2905,#2906,#2907));
#2904 = ORIENTED_EDGE('',*,*,#2795,.F.);
#2905 = ORIENTED_EDGE('',*,*,#2856,.T.);
#2906 = ORIENTED_EDGE('',*,*,#2835,.T.);
#2907 = ORIENTED_EDGE('',*,*,#2878,.F.);
#2908 = PLANE('',#2909);
#2909 = AXIS2_PLACEMENT_3D('',#2910,#2911,#2912);
#2910 = CARTESIAN_POINT('',(0.,480.,1.08E+03));
#2911 = DIRECTION('',(0.,0.,1.));
#2912 = DIRECTION('',(1.,0.,0.));
#2913 = ( GEOMETRIC_REPRESENTATION_CONTEXT(3) 
GLOBAL_UNCERTAINTY_ASSIGNED_CONTEXT((#2917)) 
GLOBAL_UNIT_ASSIGNED_CONTEXT((#2914,#2915,#2916)) REPRESENTATION_CONTEXT
('Context #1','3D Context with UNIT and UNCERTAINTY') );
#2914 = ( LENGTH_UNIT() NAMED_UNIT(*) SI_UNIT(.MILLI.,.METRE.) );
#2915 = ( NAMED_UNIT(*) PLANE_ANGLE_UNIT() SI_UNIT($,.RADIAN.) );
#2916 = ( NAMED_UNIT(*) SI_UNIT($,.STERADIAN.) SOLID_ANGLE_UNIT() );
#2917 = UNCERTAINTY_MEASURE_WITH_UNIT(LENGTH_MEASURE(1.E-07),#2914,
  'distance_accuracy_value','confusion accuracy');
#2918 = PRODUCT_RELATED_PRODUCT_CATEGORY('part',$,(#7));
ENDSEC;
END-ISO-10303-21;
