ISO-10303-21;
HEADER;
FILE_DESCRIPTION(('FreeCAD Model'),'2;1');
FILE_NAME('Open CASCADE Shape Model','2026-03-14T12:56:02',('FreeCAD'),(
    'FreeCAD'),'Open CASCADE STEP processor 7.8','FreeCAD','Unknown');
FILE_SCHEMA(('AUTOMOTIVE_DESIGN { 1 0 10303 214 1 1 1 1 }'));
ENDSEC;
DATA;
#1 = APPLICATION_PROTOCOL_DEFINITION('international standard',
  'automotive_design',2000,#2);
#2 = APPLICATION_CONTEXT(
  'core data for automotive mechanical design processes');
#3 = SHAPE_DEFINITION_REPRESENTATION(#4,#10);
#4 = PRODUCT_DEFINITION_SHAPE('','',#5);
#5 = PRODUCT_DEFINITION('design','',#6,#9);
#6 = PRODUCT_DEFINITION_FORMATION('','',#7);
#7 = PRODUCT('Open CASCADE STEP translator 7.8 1',
  'Open CASCADE STEP translator 7.8 1','',(#8));
#8 = PRODUCT_CONTEXT('',#2,'mechanical');
#9 = PRODUCT_DEFINITION_CONTEXT('part definition',#2,'design');
#10 = SHAPE_REPRESENTATION('',(#11,#15,#165,#315,#465,#615,#765,#915,
    #1065,#1215,#1365,#1515,#1665,#1815,#1965,#2115,#2265,#2415,#2565,
    #2715,#2865,#3015,#3165,#3451,#3601,#3751,#3901,#4051,#4201,#5672,
    #5958,#6668,#6818,#6968,#7118),#7268);
#11 = AXIS2_PLACEMENT_3D('',#12,#13,#14);
#12 = CARTESIAN_POINT('',(0.,0.,0.));
#13 = DIRECTION('',(0.,0.,1.));
#14 = DIRECTION('',(1.,0.,-0.));
#15 = MANIFOLD_SOLID_BREP('',#16);
#16 = CLOSED_SHELL('',(#17,#57,#97,#119,#141,#153));
#17 = ADVANCED_FACE('',(#18),#52,.F.);
#18 = FACE_BOUND('',#19,.F.);
#19 = EDGE_LOOP('',(#20,#30,#38,#46));
#20 = ORIENTED_EDGE('',*,*,#21,.F.);
#21 = EDGE_CURVE('',#22,#24,#26,.T.);
#22 = VERTEX_POINT('',#23);
#23 = CARTESIAN_POINT('',(0.,632.,98.));
#24 = VERTEX_POINT('',#25);
#25 = CARTESIAN_POINT('',(0.,632.,870.));
#26 = LINE('',#27,#28);
#27 = CARTESIAN_POINT('',(0.,632.,98.));
#28 = VECTOR('',#29,1.);
#29 = DIRECTION('',(0.,0.,1.));
#30 = ORIENTED_EDGE('',*,*,#31,.T.);
#31 = EDGE_CURVE('',#22,#32,#34,.T.);
#32 = VERTEX_POINT('',#33);
#33 = CARTESIAN_POINT('',(0.,650.,98.));
#34 = LINE('',#35,#36);
#35 = CARTESIAN_POINT('',(0.,632.,98.));
#36 = VECTOR('',#37,1.);
#37 = DIRECTION('',(0.,1.,0.));
#38 = ORIENTED_EDGE('',*,*,#39,.T.);
#39 = EDGE_CURVE('',#32,#40,#42,.T.);
#40 = VERTEX_POINT('',#41);
#41 = CARTESIAN_POINT('',(0.,650.,870.));
#42 = LINE('',#43,#44);
#43 = CARTESIAN_POINT('',(0.,650.,98.));
#44 = VECTOR('',#45,1.);
#45 = DIRECTION('',(0.,0.,1.));
#46 = ORIENTED_EDGE('',*,*,#47,.F.);
#47 = EDGE_CURVE('',#24,#40,#48,.T.);
#48 = LINE('',#49,#50);
#49 = CARTESIAN_POINT('',(0.,632.,870.));
#50 = VECTOR('',#51,1.);
#51 = DIRECTION('',(0.,1.,0.));
#52 = PLANE('',#53);
#53 = AXIS2_PLACEMENT_3D('',#54,#55,#56);
#54 = CARTESIAN_POINT('',(0.,632.,98.));
#55 = DIRECTION('',(1.,0.,0.));
#56 = DIRECTION('',(0.,0.,1.));
#57 = ADVANCED_FACE('',(#58),#92,.T.);
#58 = FACE_BOUND('',#59,.T.);
#59 = EDGE_LOOP('',(#60,#70,#78,#86));
#60 = ORIENTED_EDGE('',*,*,#61,.F.);
#61 = EDGE_CURVE('',#62,#64,#66,.T.);
#62 = VERTEX_POINT('',#63);
#63 = CARTESIAN_POINT('',(398.,632.,98.));
#64 = VERTEX_POINT('',#65);
#65 = CARTESIAN_POINT('',(398.,632.,870.));
#66 = LINE('',#67,#68);
#67 = CARTESIAN_POINT('',(398.,632.,98.));
#68 = VECTOR('',#69,1.);
#69 = DIRECTION('',(0.,0.,1.));
#70 = ORIENTED_EDGE('',*,*,#71,.T.);
#71 = EDGE_CURVE('',#62,#72,#74,.T.);
#72 = VERTEX_POINT('',#73);
#73 = CARTESIAN_POINT('',(398.,650.,98.));
#74 = LINE('',#75,#76);
#75 = CARTESIAN_POINT('',(398.,632.,98.));
#76 = VECTOR('',#77,1.);
#77 = DIRECTION('',(0.,1.,0.));
#78 = ORIENTED_EDGE('',*,*,#79,.T.);
#79 = EDGE_CURVE('',#72,#80,#82,.T.);
#80 = VERTEX_POINT('',#81);
#81 = CARTESIAN_POINT('',(398.,650.,870.));
#82 = LINE('',#83,#84);
#83 = CARTESIAN_POINT('',(398.,650.,98.));
#84 = VECTOR('',#85,1.);
#85 = DIRECTION('',(0.,0.,1.));
#86 = ORIENTED_EDGE('',*,*,#87,.F.);
#87 = EDGE_CURVE('',#64,#80,#88,.T.);
#88 = LINE('',#89,#90);
#89 = CARTESIAN_POINT('',(398.,632.,870.));
#90 = VECTOR('',#91,1.);
#91 = DIRECTION('',(0.,1.,0.));
#92 = PLANE('',#93);
#93 = AXIS2_PLACEMENT_3D('',#94,#95,#96);
#94 = CARTESIAN_POINT('',(398.,632.,98.));
#95 = DIRECTION('',(1.,0.,0.));
#96 = DIRECTION('',(0.,0.,1.));
#97 = ADVANCED_FACE('',(#98),#114,.F.);
#98 = FACE_BOUND('',#99,.F.);
#99 = EDGE_LOOP('',(#100,#106,#107,#113));
#100 = ORIENTED_EDGE('',*,*,#101,.F.);
#101 = EDGE_CURVE('',#22,#62,#102,.T.);
#102 = LINE('',#103,#104);
#103 = CARTESIAN_POINT('',(0.,632.,98.));
#104 = VECTOR('',#105,1.);
#105 = DIRECTION('',(1.,0.,0.));
#106 = ORIENTED_EDGE('',*,*,#21,.T.);
#107 = ORIENTED_EDGE('',*,*,#108,.T.);
#108 = EDGE_CURVE('',#24,#64,#109,.T.);
#109 = LINE('',#110,#111);
#110 = CARTESIAN_POINT('',(0.,632.,870.));
#111 = VECTOR('',#112,1.);
#112 = DIRECTION('',(1.,0.,0.));
#113 = ORIENTED_EDGE('',*,*,#61,.F.);
#114 = PLANE('',#115);
#115 = AXIS2_PLACEMENT_3D('',#116,#117,#118);
#116 = CARTESIAN_POINT('',(0.,632.,98.));
#117 = DIRECTION('',(0.,1.,0.));
#118 = DIRECTION('',(0.,0.,1.));
#119 = ADVANCED_FACE('',(#120),#136,.T.);
#120 = FACE_BOUND('',#121,.T.);
#121 = EDGE_LOOP('',(#122,#128,#129,#135));
#122 = ORIENTED_EDGE('',*,*,#123,.F.);
#123 = EDGE_CURVE('',#32,#72,#124,.T.);
#124 = LINE('',#125,#126);
#125 = CARTESIAN_POINT('',(0.,650.,98.));
#126 = VECTOR('',#127,1.);
#127 = DIRECTION('',(1.,0.,0.));
#128 = ORIENTED_EDGE('',*,*,#39,.T.);
#129 = ORIENTED_EDGE('',*,*,#130,.T.);
#130 = EDGE_CURVE('',#40,#80,#131,.T.);
#131 = LINE('',#132,#133);
#132 = CARTESIAN_POINT('',(0.,650.,870.));
#133 = VECTOR('',#134,1.);
#134 = DIRECTION('',(1.,0.,0.));
#135 = ORIENTED_EDGE('',*,*,#79,.F.);
#136 = PLANE('',#137);
#137 = AXIS2_PLACEMENT_3D('',#138,#139,#140);
#138 = CARTESIAN_POINT('',(0.,650.,98.));
#139 = DIRECTION('',(0.,1.,0.));
#140 = DIRECTION('',(0.,0.,1.));
#141 = ADVANCED_FACE('',(#142),#148,.F.);
#142 = FACE_BOUND('',#143,.F.);
#143 = EDGE_LOOP('',(#144,#145,#146,#147));
#144 = ORIENTED_EDGE('',*,*,#31,.F.);
#145 = ORIENTED_EDGE('',*,*,#101,.T.);
#146 = ORIENTED_EDGE('',*,*,#71,.T.);
#147 = ORIENTED_EDGE('',*,*,#123,.F.);
#148 = PLANE('',#149);
#149 = AXIS2_PLACEMENT_3D('',#150,#151,#152);
#150 = CARTESIAN_POINT('',(0.,632.,98.));
#151 = DIRECTION('',(0.,0.,1.));
#152 = DIRECTION('',(1.,0.,0.));
#153 = ADVANCED_FACE('',(#154),#160,.T.);
#154 = FACE_BOUND('',#155,.T.);
#155 = EDGE_LOOP('',(#156,#157,#158,#159));
#156 = ORIENTED_EDGE('',*,*,#47,.F.);
#157 = ORIENTED_EDGE('',*,*,#108,.T.);
#158 = ORIENTED_EDGE('',*,*,#87,.T.);
#159 = ORIENTED_EDGE('',*,*,#130,.F.);
#160 = PLANE('',#161);
#161 = AXIS2_PLACEMENT_3D('',#162,#163,#164);
#162 = CARTESIAN_POINT('',(0.,632.,870.));
#163 = DIRECTION('',(0.,0.,1.));
#164 = DIRECTION('',(1.,0.,0.));
#165 = MANIFOLD_SOLID_BREP('',#166);
#166 = CLOSED_SHELL('',(#167,#207,#247,#269,#291,#303));
#167 = ADVANCED_FACE('',(#168),#202,.F.);
#168 = FACE_BOUND('',#169,.F.);
#169 = EDGE_LOOP('',(#170,#180,#188,#196));
#170 = ORIENTED_EDGE('',*,*,#171,.F.);
#171 = EDGE_CURVE('',#172,#174,#176,.T.);
#172 = VERTEX_POINT('',#173);
#173 = CARTESIAN_POINT('',(18.,324.,98.));
#174 = VERTEX_POINT('',#175);
#175 = CARTESIAN_POINT('',(18.,324.,870.));
#176 = LINE('',#177,#178);
#177 = CARTESIAN_POINT('',(18.,324.,98.));
#178 = VECTOR('',#179,1.);
#179 = DIRECTION('',(0.,0.,1.));
#180 = ORIENTED_EDGE('',*,*,#181,.T.);
#181 = EDGE_CURVE('',#172,#182,#184,.T.);
#182 = VERTEX_POINT('',#183);
#183 = CARTESIAN_POINT('',(18.,342.,98.));
#184 = LINE('',#185,#186);
#185 = CARTESIAN_POINT('',(18.,324.,98.));
#186 = VECTOR('',#187,1.);
#187 = DIRECTION('',(0.,1.,0.));
#188 = ORIENTED_EDGE('',*,*,#189,.T.);
#189 = EDGE_CURVE('',#182,#190,#192,.T.);
#190 = VERTEX_POINT('',#191);
#191 = CARTESIAN_POINT('',(18.,342.,870.));
#192 = LINE('',#193,#194);
#193 = CARTESIAN_POINT('',(18.,342.,98.));
#194 = VECTOR('',#195,1.);
#195 = DIRECTION('',(0.,0.,1.));
#196 = ORIENTED_EDGE('',*,*,#197,.F.);
#197 = EDGE_CURVE('',#174,#190,#198,.T.);
#198 = LINE('',#199,#200);
#199 = CARTESIAN_POINT('',(18.,324.,870.));
#200 = VECTOR('',#201,1.);
#201 = DIRECTION('',(0.,1.,0.));
#202 = PLANE('',#203);
#203 = AXIS2_PLACEMENT_3D('',#204,#205,#206);
#204 = CARTESIAN_POINT('',(18.,324.,98.));
#205 = DIRECTION('',(1.,0.,0.));
#206 = DIRECTION('',(0.,0.,1.));
#207 = ADVANCED_FACE('',(#208),#242,.T.);
#208 = FACE_BOUND('',#209,.T.);
#209 = EDGE_LOOP('',(#210,#220,#228,#236));
#210 = ORIENTED_EDGE('',*,*,#211,.F.);
#211 = EDGE_CURVE('',#212,#214,#216,.T.);
#212 = VERTEX_POINT('',#213);
#213 = CARTESIAN_POINT('',(398.,324.,98.));
#214 = VERTEX_POINT('',#215);
#215 = CARTESIAN_POINT('',(398.,324.,870.));
#216 = LINE('',#217,#218);
#217 = CARTESIAN_POINT('',(398.,324.,98.));
#218 = VECTOR('',#219,1.);
#219 = DIRECTION('',(0.,0.,1.));
#220 = ORIENTED_EDGE('',*,*,#221,.T.);
#221 = EDGE_CURVE('',#212,#222,#224,.T.);
#222 = VERTEX_POINT('',#223);
#223 = CARTESIAN_POINT('',(398.,342.,98.));
#224 = LINE('',#225,#226);
#225 = CARTESIAN_POINT('',(398.,324.,98.));
#226 = VECTOR('',#227,1.);
#227 = DIRECTION('',(0.,1.,0.));
#228 = ORIENTED_EDGE('',*,*,#229,.T.);
#229 = EDGE_CURVE('',#222,#230,#232,.T.);
#230 = VERTEX_POINT('',#231);
#231 = CARTESIAN_POINT('',(398.,342.,870.));
#232 = LINE('',#233,#234);
#233 = CARTESIAN_POINT('',(398.,342.,98.));
#234 = VECTOR('',#235,1.);
#235 = DIRECTION('',(0.,0.,1.));
#236 = ORIENTED_EDGE('',*,*,#237,.F.);
#237 = EDGE_CURVE('',#214,#230,#238,.T.);
#238 = LINE('',#239,#240);
#239 = CARTESIAN_POINT('',(398.,324.,870.));
#240 = VECTOR('',#241,1.);
#241 = DIRECTION('',(0.,1.,0.));
#242 = PLANE('',#243);
#243 = AXIS2_PLACEMENT_3D('',#244,#245,#246);
#244 = CARTESIAN_POINT('',(398.,324.,98.));
#245 = DIRECTION('',(1.,0.,0.));
#246 = DIRECTION('',(0.,0.,1.));
#247 = ADVANCED_FACE('',(#248),#264,.F.);
#248 = FACE_BOUND('',#249,.F.);
#249 = EDGE_LOOP('',(#250,#256,#257,#263));
#250 = ORIENTED_EDGE('',*,*,#251,.F.);
#251 = EDGE_CURVE('',#172,#212,#252,.T.);
#252 = LINE('',#253,#254);
#253 = CARTESIAN_POINT('',(18.,324.,98.));
#254 = VECTOR('',#255,1.);
#255 = DIRECTION('',(1.,0.,0.));
#256 = ORIENTED_EDGE('',*,*,#171,.T.);
#257 = ORIENTED_EDGE('',*,*,#258,.T.);
#258 = EDGE_CURVE('',#174,#214,#259,.T.);
#259 = LINE('',#260,#261);
#260 = CARTESIAN_POINT('',(18.,324.,870.));
#261 = VECTOR('',#262,1.);
#262 = DIRECTION('',(1.,0.,0.));
#263 = ORIENTED_EDGE('',*,*,#211,.F.);
#264 = PLANE('',#265);
#265 = AXIS2_PLACEMENT_3D('',#266,#267,#268);
#266 = CARTESIAN_POINT('',(18.,324.,98.));
#267 = DIRECTION('',(0.,1.,0.));
#268 = DIRECTION('',(0.,0.,1.));
#269 = ADVANCED_FACE('',(#270),#286,.T.);
#270 = FACE_BOUND('',#271,.T.);
#271 = EDGE_LOOP('',(#272,#278,#279,#285));
#272 = ORIENTED_EDGE('',*,*,#273,.F.);
#273 = EDGE_CURVE('',#182,#222,#274,.T.);
#274 = LINE('',#275,#276);
#275 = CARTESIAN_POINT('',(18.,342.,98.));
#276 = VECTOR('',#277,1.);
#277 = DIRECTION('',(1.,0.,0.));
#278 = ORIENTED_EDGE('',*,*,#189,.T.);
#279 = ORIENTED_EDGE('',*,*,#280,.T.);
#280 = EDGE_CURVE('',#190,#230,#281,.T.);
#281 = LINE('',#282,#283);
#282 = CARTESIAN_POINT('',(18.,342.,870.));
#283 = VECTOR('',#284,1.);
#284 = DIRECTION('',(1.,0.,0.));
#285 = ORIENTED_EDGE('',*,*,#229,.F.);
#286 = PLANE('',#287);
#287 = AXIS2_PLACEMENT_3D('',#288,#289,#290);
#288 = CARTESIAN_POINT('',(18.,342.,98.));
#289 = DIRECTION('',(0.,1.,0.));
#290 = DIRECTION('',(0.,0.,1.));
#291 = ADVANCED_FACE('',(#292),#298,.F.);
#292 = FACE_BOUND('',#293,.F.);
#293 = EDGE_LOOP('',(#294,#295,#296,#297));
#294 = ORIENTED_EDGE('',*,*,#181,.F.);
#295 = ORIENTED_EDGE('',*,*,#251,.T.);
#296 = ORIENTED_EDGE('',*,*,#221,.T.);
#297 = ORIENTED_EDGE('',*,*,#273,.F.);
#298 = PLANE('',#299);
#299 = AXIS2_PLACEMENT_3D('',#300,#301,#302);
#300 = CARTESIAN_POINT('',(18.,324.,98.));
#301 = DIRECTION('',(0.,0.,1.));
#302 = DIRECTION('',(1.,0.,0.));
#303 = ADVANCED_FACE('',(#304),#310,.T.);
#304 = FACE_BOUND('',#305,.T.);
#305 = EDGE_LOOP('',(#306,#307,#308,#309));
#306 = ORIENTED_EDGE('',*,*,#197,.F.);
#307 = ORIENTED_EDGE('',*,*,#258,.T.);
#308 = ORIENTED_EDGE('',*,*,#237,.T.);
#309 = ORIENTED_EDGE('',*,*,#280,.F.);
#310 = PLANE('',#311);
#311 = AXIS2_PLACEMENT_3D('',#312,#313,#314);
#312 = CARTESIAN_POINT('',(18.,324.,870.));
#313 = DIRECTION('',(0.,0.,1.));
#314 = DIRECTION('',(1.,0.,0.));
#315 = MANIFOLD_SOLID_BREP('',#316);
#316 = CLOSED_SHELL('',(#317,#357,#397,#419,#441,#453));
#317 = ADVANCED_FACE('',(#318),#352,.F.);
#318 = FACE_BOUND('',#319,.F.);
#319 = EDGE_LOOP('',(#320,#330,#338,#346));
#320 = ORIENTED_EDGE('',*,*,#321,.F.);
#321 = EDGE_CURVE('',#322,#324,#326,.T.);
#322 = VERTEX_POINT('',#323);
#323 = CARTESIAN_POINT('',(1.522E+03,0.,98.));
#324 = VERTEX_POINT('',#325);
#325 = CARTESIAN_POINT('',(1.522E+03,0.,870.));
#326 = LINE('',#327,#328);
#327 = CARTESIAN_POINT('',(1.522E+03,0.,98.));
#328 = VECTOR('',#329,1.);
#329 = DIRECTION('',(0.,0.,1.));
#330 = ORIENTED_EDGE('',*,*,#331,.T.);
#331 = EDGE_CURVE('',#322,#332,#334,.T.);
#332 = VERTEX_POINT('',#333);
#333 = CARTESIAN_POINT('',(1.522E+03,650.,98.));
#334 = LINE('',#335,#336);
#335 = CARTESIAN_POINT('',(1.522E+03,0.,98.));
#336 = VECTOR('',#337,1.);
#337 = DIRECTION('',(0.,1.,0.));
#338 = ORIENTED_EDGE('',*,*,#339,.T.);
#339 = EDGE_CURVE('',#332,#340,#342,.T.);
#340 = VERTEX_POINT('',#341);
#341 = CARTESIAN_POINT('',(1.522E+03,650.,870.));
#342 = LINE('',#343,#344);
#343 = CARTESIAN_POINT('',(1.522E+03,650.,98.));
#344 = VECTOR('',#345,1.);
#345 = DIRECTION('',(0.,0.,1.));
#346 = ORIENTED_EDGE('',*,*,#347,.F.);
#347 = EDGE_CURVE('',#324,#340,#348,.T.);
#348 = LINE('',#349,#350);
#349 = CARTESIAN_POINT('',(1.522E+03,0.,870.));
#350 = VECTOR('',#351,1.);
#351 = DIRECTION('',(0.,1.,0.));
#352 = PLANE('',#353);
#353 = AXIS2_PLACEMENT_3D('',#354,#355,#356);
#354 = CARTESIAN_POINT('',(1.522E+03,0.,98.));
#355 = DIRECTION('',(1.,0.,0.));
#356 = DIRECTION('',(0.,0.,1.));
#357 = ADVANCED_FACE('',(#358),#392,.T.);
#358 = FACE_BOUND('',#359,.T.);
#359 = EDGE_LOOP('',(#360,#370,#378,#386));
#360 = ORIENTED_EDGE('',*,*,#361,.F.);
#361 = EDGE_CURVE('',#362,#364,#366,.T.);
#362 = VERTEX_POINT('',#363);
#363 = CARTESIAN_POINT('',(1.54E+03,0.,98.));
#364 = VERTEX_POINT('',#365);
#365 = CARTESIAN_POINT('',(1.54E+03,0.,870.));
#366 = LINE('',#367,#368);
#367 = CARTESIAN_POINT('',(1.54E+03,0.,98.));
#368 = VECTOR('',#369,1.);
#369 = DIRECTION('',(0.,0.,1.));
#370 = ORIENTED_EDGE('',*,*,#371,.T.);
#371 = EDGE_CURVE('',#362,#372,#374,.T.);
#372 = VERTEX_POINT('',#373);
#373 = CARTESIAN_POINT('',(1.54E+03,650.,98.));
#374 = LINE('',#375,#376);
#375 = CARTESIAN_POINT('',(1.54E+03,0.,98.));
#376 = VECTOR('',#377,1.);
#377 = DIRECTION('',(0.,1.,0.));
#378 = ORIENTED_EDGE('',*,*,#379,.T.);
#379 = EDGE_CURVE('',#372,#380,#382,.T.);
#380 = VERTEX_POINT('',#381);
#381 = CARTESIAN_POINT('',(1.54E+03,650.,870.));
#382 = LINE('',#383,#384);
#383 = CARTESIAN_POINT('',(1.54E+03,650.,98.));
#384 = VECTOR('',#385,1.);
#385 = DIRECTION('',(0.,0.,1.));
#386 = ORIENTED_EDGE('',*,*,#387,.F.);
#387 = EDGE_CURVE('',#364,#380,#388,.T.);
#388 = LINE('',#389,#390);
#389 = CARTESIAN_POINT('',(1.54E+03,0.,870.));
#390 = VECTOR('',#391,1.);
#391 = DIRECTION('',(0.,1.,0.));
#392 = PLANE('',#393);
#393 = AXIS2_PLACEMENT_3D('',#394,#395,#396);
#394 = CARTESIAN_POINT('',(1.54E+03,0.,98.));
#395 = DIRECTION('',(1.,0.,0.));
#396 = DIRECTION('',(0.,0.,1.));
#397 = ADVANCED_FACE('',(#398),#414,.F.);
#398 = FACE_BOUND('',#399,.F.);
#399 = EDGE_LOOP('',(#400,#406,#407,#413));
#400 = ORIENTED_EDGE('',*,*,#401,.F.);
#401 = EDGE_CURVE('',#322,#362,#402,.T.);
#402 = LINE('',#403,#404);
#403 = CARTESIAN_POINT('',(1.522E+03,0.,98.));
#404 = VECTOR('',#405,1.);
#405 = DIRECTION('',(1.,0.,0.));
#406 = ORIENTED_EDGE('',*,*,#321,.T.);
#407 = ORIENTED_EDGE('',*,*,#408,.T.);
#408 = EDGE_CURVE('',#324,#364,#409,.T.);
#409 = LINE('',#410,#411);
#410 = CARTESIAN_POINT('',(1.522E+03,0.,870.));
#411 = VECTOR('',#412,1.);
#412 = DIRECTION('',(1.,0.,0.));
#413 = ORIENTED_EDGE('',*,*,#361,.F.);
#414 = PLANE('',#415);
#415 = AXIS2_PLACEMENT_3D('',#416,#417,#418);
#416 = CARTESIAN_POINT('',(1.522E+03,0.,98.));
#417 = DIRECTION('',(0.,1.,0.));
#418 = DIRECTION('',(0.,0.,1.));
#419 = ADVANCED_FACE('',(#420),#436,.T.);
#420 = FACE_BOUND('',#421,.T.);
#421 = EDGE_LOOP('',(#422,#428,#429,#435));
#422 = ORIENTED_EDGE('',*,*,#423,.F.);
#423 = EDGE_CURVE('',#332,#372,#424,.T.);
#424 = LINE('',#425,#426);
#425 = CARTESIAN_POINT('',(1.522E+03,650.,98.));
#426 = VECTOR('',#427,1.);
#427 = DIRECTION('',(1.,0.,0.));
#428 = ORIENTED_EDGE('',*,*,#339,.T.);
#429 = ORIENTED_EDGE('',*,*,#430,.T.);
#430 = EDGE_CURVE('',#340,#380,#431,.T.);
#431 = LINE('',#432,#433);
#432 = CARTESIAN_POINT('',(1.522E+03,650.,870.));
#433 = VECTOR('',#434,1.);
#434 = DIRECTION('',(1.,0.,0.));
#435 = ORIENTED_EDGE('',*,*,#379,.F.);
#436 = PLANE('',#437);
#437 = AXIS2_PLACEMENT_3D('',#438,#439,#440);
#438 = CARTESIAN_POINT('',(1.522E+03,650.,98.));
#439 = DIRECTION('',(0.,1.,0.));
#440 = DIRECTION('',(0.,0.,1.));
#441 = ADVANCED_FACE('',(#442),#448,.F.);
#442 = FACE_BOUND('',#443,.F.);
#443 = EDGE_LOOP('',(#444,#445,#446,#447));
#444 = ORIENTED_EDGE('',*,*,#331,.F.);
#445 = ORIENTED_EDGE('',*,*,#401,.T.);
#446 = ORIENTED_EDGE('',*,*,#371,.T.);
#447 = ORIENTED_EDGE('',*,*,#423,.F.);
#448 = PLANE('',#449);
#449 = AXIS2_PLACEMENT_3D('',#450,#451,#452);
#450 = CARTESIAN_POINT('',(1.522E+03,0.,98.));
#451 = DIRECTION('',(0.,0.,1.));
#452 = DIRECTION('',(1.,0.,0.));
#453 = ADVANCED_FACE('',(#454),#460,.T.);
#454 = FACE_BOUND('',#455,.T.);
#455 = EDGE_LOOP('',(#456,#457,#458,#459));
#456 = ORIENTED_EDGE('',*,*,#347,.F.);
#457 = ORIENTED_EDGE('',*,*,#408,.T.);
#458 = ORIENTED_EDGE('',*,*,#387,.T.);
#459 = ORIENTED_EDGE('',*,*,#430,.F.);
#460 = PLANE('',#461);
#461 = AXIS2_PLACEMENT_3D('',#462,#463,#464);
#462 = CARTESIAN_POINT('',(1.522E+03,0.,870.));
#463 = DIRECTION('',(0.,0.,1.));
#464 = DIRECTION('',(1.,0.,0.));
#465 = MANIFOLD_SOLID_BREP('',#466);
#466 = CLOSED_SHELL('',(#467,#507,#547,#569,#591,#603));
#467 = ADVANCED_FACE('',(#468),#502,.F.);
#468 = FACE_BOUND('',#469,.F.);
#469 = EDGE_LOOP('',(#470,#480,#488,#496));
#470 = ORIENTED_EDGE('',*,*,#471,.F.);
#471 = EDGE_CURVE('',#472,#474,#476,.T.);
#472 = VERTEX_POINT('',#473);
#473 = CARTESIAN_POINT('',(398.,0.,98.));
#474 = VERTEX_POINT('',#475);
#475 = CARTESIAN_POINT('',(398.,0.,870.));
#476 = LINE('',#477,#478);
#477 = CARTESIAN_POINT('',(398.,0.,98.));
#478 = VECTOR('',#479,1.);
#479 = DIRECTION('',(0.,0.,1.));
#480 = ORIENTED_EDGE('',*,*,#481,.T.);
#481 = EDGE_CURVE('',#472,#482,#484,.T.);
#482 = VERTEX_POINT('',#483);
#483 = CARTESIAN_POINT('',(398.,650.,98.));
#484 = LINE('',#485,#486);
#485 = CARTESIAN_POINT('',(398.,0.,98.));
#486 = VECTOR('',#487,1.);
#487 = DIRECTION('',(0.,1.,0.));
#488 = ORIENTED_EDGE('',*,*,#489,.T.);
#489 = EDGE_CURVE('',#482,#490,#492,.T.);
#490 = VERTEX_POINT('',#491);
#491 = CARTESIAN_POINT('',(398.,650.,870.));
#492 = LINE('',#493,#494);
#493 = CARTESIAN_POINT('',(398.,650.,98.));
#494 = VECTOR('',#495,1.);
#495 = DIRECTION('',(0.,0.,1.));
#496 = ORIENTED_EDGE('',*,*,#497,.F.);
#497 = EDGE_CURVE('',#474,#490,#498,.T.);
#498 = LINE('',#499,#500);
#499 = CARTESIAN_POINT('',(398.,0.,870.));
#500 = VECTOR('',#501,1.);
#501 = DIRECTION('',(0.,1.,0.));
#502 = PLANE('',#503);
#503 = AXIS2_PLACEMENT_3D('',#504,#505,#506);
#504 = CARTESIAN_POINT('',(398.,0.,98.));
#505 = DIRECTION('',(1.,0.,0.));
#506 = DIRECTION('',(0.,0.,1.));
#507 = ADVANCED_FACE('',(#508),#542,.T.);
#508 = FACE_BOUND('',#509,.T.);
#509 = EDGE_LOOP('',(#510,#520,#528,#536));
#510 = ORIENTED_EDGE('',*,*,#511,.F.);
#511 = EDGE_CURVE('',#512,#514,#516,.T.);
#512 = VERTEX_POINT('',#513);
#513 = CARTESIAN_POINT('',(416.,0.,98.));
#514 = VERTEX_POINT('',#515);
#515 = CARTESIAN_POINT('',(416.,0.,870.));
#516 = LINE('',#517,#518);
#517 = CARTESIAN_POINT('',(416.,0.,98.));
#518 = VECTOR('',#519,1.);
#519 = DIRECTION('',(0.,0.,1.));
#520 = ORIENTED_EDGE('',*,*,#521,.T.);
#521 = EDGE_CURVE('',#512,#522,#524,.T.);
#522 = VERTEX_POINT('',#523);
#523 = CARTESIAN_POINT('',(416.,650.,98.));
#524 = LINE('',#525,#526);
#525 = CARTESIAN_POINT('',(416.,0.,98.));
#526 = VECTOR('',#527,1.);
#527 = DIRECTION('',(0.,1.,0.));
#528 = ORIENTED_EDGE('',*,*,#529,.T.);
#529 = EDGE_CURVE('',#522,#530,#532,.T.);
#530 = VERTEX_POINT('',#531);
#531 = CARTESIAN_POINT('',(416.,650.,870.));
#532 = LINE('',#533,#534);
#533 = CARTESIAN_POINT('',(416.,650.,98.));
#534 = VECTOR('',#535,1.);
#535 = DIRECTION('',(0.,0.,1.));
#536 = ORIENTED_EDGE('',*,*,#537,.F.);
#537 = EDGE_CURVE('',#514,#530,#538,.T.);
#538 = LINE('',#539,#540);
#539 = CARTESIAN_POINT('',(416.,0.,870.));
#540 = VECTOR('',#541,1.);
#541 = DIRECTION('',(0.,1.,0.));
#542 = PLANE('',#543);
#543 = AXIS2_PLACEMENT_3D('',#544,#545,#546);
#544 = CARTESIAN_POINT('',(416.,0.,98.));
#545 = DIRECTION('',(1.,0.,0.));
#546 = DIRECTION('',(0.,0.,1.));
#547 = ADVANCED_FACE('',(#548),#564,.F.);
#548 = FACE_BOUND('',#549,.F.);
#549 = EDGE_LOOP('',(#550,#556,#557,#563));
#550 = ORIENTED_EDGE('',*,*,#551,.F.);
#551 = EDGE_CURVE('',#472,#512,#552,.T.);
#552 = LINE('',#553,#554);
#553 = CARTESIAN_POINT('',(398.,0.,98.));
#554 = VECTOR('',#555,1.);
#555 = DIRECTION('',(1.,0.,0.));
#556 = ORIENTED_EDGE('',*,*,#471,.T.);
#557 = ORIENTED_EDGE('',*,*,#558,.T.);
#558 = EDGE_CURVE('',#474,#514,#559,.T.);
#559 = LINE('',#560,#561);
#560 = CARTESIAN_POINT('',(398.,0.,870.));
#561 = VECTOR('',#562,1.);
#562 = DIRECTION('',(1.,0.,0.));
#563 = ORIENTED_EDGE('',*,*,#511,.F.);
#564 = PLANE('',#565);
#565 = AXIS2_PLACEMENT_3D('',#566,#567,#568);
#566 = CARTESIAN_POINT('',(398.,0.,98.));
#567 = DIRECTION('',(0.,1.,0.));
#568 = DIRECTION('',(0.,0.,1.));
#569 = ADVANCED_FACE('',(#570),#586,.T.);
#570 = FACE_BOUND('',#571,.T.);
#571 = EDGE_LOOP('',(#572,#578,#579,#585));
#572 = ORIENTED_EDGE('',*,*,#573,.F.);
#573 = EDGE_CURVE('',#482,#522,#574,.T.);
#574 = LINE('',#575,#576);
#575 = CARTESIAN_POINT('',(398.,650.,98.));
#576 = VECTOR('',#577,1.);
#577 = DIRECTION('',(1.,0.,0.));
#578 = ORIENTED_EDGE('',*,*,#489,.T.);
#579 = ORIENTED_EDGE('',*,*,#580,.T.);
#580 = EDGE_CURVE('',#490,#530,#581,.T.);
#581 = LINE('',#582,#583);
#582 = CARTESIAN_POINT('',(398.,650.,870.));
#583 = VECTOR('',#584,1.);
#584 = DIRECTION('',(1.,0.,0.));
#585 = ORIENTED_EDGE('',*,*,#529,.F.);
#586 = PLANE('',#587);
#587 = AXIS2_PLACEMENT_3D('',#588,#589,#590);
#588 = CARTESIAN_POINT('',(398.,650.,98.));
#589 = DIRECTION('',(0.,1.,0.));
#590 = DIRECTION('',(0.,0.,1.));
#591 = ADVANCED_FACE('',(#592),#598,.F.);
#592 = FACE_BOUND('',#593,.F.);
#593 = EDGE_LOOP('',(#594,#595,#596,#597));
#594 = ORIENTED_EDGE('',*,*,#481,.F.);
#595 = ORIENTED_EDGE('',*,*,#551,.T.);
#596 = ORIENTED_EDGE('',*,*,#521,.T.);
#597 = ORIENTED_EDGE('',*,*,#573,.F.);
#598 = PLANE('',#599);
#599 = AXIS2_PLACEMENT_3D('',#600,#601,#602);
#600 = CARTESIAN_POINT('',(398.,0.,98.));
#601 = DIRECTION('',(0.,0.,1.));
#602 = DIRECTION('',(1.,0.,0.));
#603 = ADVANCED_FACE('',(#604),#610,.T.);
#604 = FACE_BOUND('',#605,.T.);
#605 = EDGE_LOOP('',(#606,#607,#608,#609));
#606 = ORIENTED_EDGE('',*,*,#497,.F.);
#607 = ORIENTED_EDGE('',*,*,#558,.T.);
#608 = ORIENTED_EDGE('',*,*,#537,.T.);
#609 = ORIENTED_EDGE('',*,*,#580,.F.);
#610 = PLANE('',#611);
#611 = AXIS2_PLACEMENT_3D('',#612,#613,#614);
#612 = CARTESIAN_POINT('',(398.,0.,870.));
#613 = DIRECTION('',(0.,0.,1.));
#614 = DIRECTION('',(1.,0.,0.));
#615 = MANIFOLD_SOLID_BREP('',#616);
#616 = CLOSED_SHELL('',(#617,#657,#697,#719,#741,#753));
#617 = ADVANCED_FACE('',(#618),#652,.F.);
#618 = FACE_BOUND('',#619,.F.);
#619 = EDGE_LOOP('',(#620,#630,#638,#646));
#620 = ORIENTED_EDGE('',*,*,#621,.F.);
#621 = EDGE_CURVE('',#622,#624,#626,.T.);
#622 = VERTEX_POINT('',#623);
#623 = CARTESIAN_POINT('',(0.,0.,80.));
#624 = VERTEX_POINT('',#625);
#625 = CARTESIAN_POINT('',(0.,0.,98.));
#626 = LINE('',#627,#628);
#627 = CARTESIAN_POINT('',(0.,0.,80.));
#628 = VECTOR('',#629,1.);
#629 = DIRECTION('',(0.,0.,1.));
#630 = ORIENTED_EDGE('',*,*,#631,.T.);
#631 = EDGE_CURVE('',#622,#632,#634,.T.);
#632 = VERTEX_POINT('',#633);
#633 = CARTESIAN_POINT('',(0.,650.,80.));
#634 = LINE('',#635,#636);
#635 = CARTESIAN_POINT('',(0.,0.,80.));
#636 = VECTOR('',#637,1.);
#637 = DIRECTION('',(0.,1.,0.));
#638 = ORIENTED_EDGE('',*,*,#639,.T.);
#639 = EDGE_CURVE('',#632,#640,#642,.T.);
#640 = VERTEX_POINT('',#641);
#641 = CARTESIAN_POINT('',(0.,650.,98.));
#642 = LINE('',#643,#644);
#643 = CARTESIAN_POINT('',(0.,650.,80.));
#644 = VECTOR('',#645,1.);
#645 = DIRECTION('',(0.,0.,1.));
#646 = ORIENTED_EDGE('',*,*,#647,.F.);
#647 = EDGE_CURVE('',#624,#640,#648,.T.);
#648 = LINE('',#649,#650);
#649 = CARTESIAN_POINT('',(0.,0.,98.));
#650 = VECTOR('',#651,1.);
#651 = DIRECTION('',(0.,1.,0.));
#652 = PLANE('',#653);
#653 = AXIS2_PLACEMENT_3D('',#654,#655,#656);
#654 = CARTESIAN_POINT('',(0.,0.,80.));
#655 = DIRECTION('',(1.,0.,0.));
#656 = DIRECTION('',(0.,0.,1.));
#657 = ADVANCED_FACE('',(#658),#692,.T.);
#658 = FACE_BOUND('',#659,.T.);
#659 = EDGE_LOOP('',(#660,#670,#678,#686));
#660 = ORIENTED_EDGE('',*,*,#661,.F.);
#661 = EDGE_CURVE('',#662,#664,#666,.T.);
#662 = VERTEX_POINT('',#663);
#663 = CARTESIAN_POINT('',(416.,0.,80.));
#664 = VERTEX_POINT('',#665);
#665 = CARTESIAN_POINT('',(416.,0.,98.));
#666 = LINE('',#667,#668);
#667 = CARTESIAN_POINT('',(416.,0.,80.));
#668 = VECTOR('',#669,1.);
#669 = DIRECTION('',(0.,0.,1.));
#670 = ORIENTED_EDGE('',*,*,#671,.T.);
#671 = EDGE_CURVE('',#662,#672,#674,.T.);
#672 = VERTEX_POINT('',#673);
#673 = CARTESIAN_POINT('',(416.,650.,80.));
#674 = LINE('',#675,#676);
#675 = CARTESIAN_POINT('',(416.,0.,80.));
#676 = VECTOR('',#677,1.);
#677 = DIRECTION('',(0.,1.,0.));
#678 = ORIENTED_EDGE('',*,*,#679,.T.);
#679 = EDGE_CURVE('',#672,#680,#682,.T.);
#680 = VERTEX_POINT('',#681);
#681 = CARTESIAN_POINT('',(416.,650.,98.));
#682 = LINE('',#683,#684);
#683 = CARTESIAN_POINT('',(416.,650.,80.));
#684 = VECTOR('',#685,1.);
#685 = DIRECTION('',(0.,0.,1.));
#686 = ORIENTED_EDGE('',*,*,#687,.F.);
#687 = EDGE_CURVE('',#664,#680,#688,.T.);
#688 = LINE('',#689,#690);
#689 = CARTESIAN_POINT('',(416.,0.,98.));
#690 = VECTOR('',#691,1.);
#691 = DIRECTION('',(0.,1.,0.));
#692 = PLANE('',#693);
#693 = AXIS2_PLACEMENT_3D('',#694,#695,#696);
#694 = CARTESIAN_POINT('',(416.,0.,80.));
#695 = DIRECTION('',(1.,0.,0.));
#696 = DIRECTION('',(0.,0.,1.));
#697 = ADVANCED_FACE('',(#698),#714,.F.);
#698 = FACE_BOUND('',#699,.F.);
#699 = EDGE_LOOP('',(#700,#706,#707,#713));
#700 = ORIENTED_EDGE('',*,*,#701,.F.);
#701 = EDGE_CURVE('',#622,#662,#702,.T.);
#702 = LINE('',#703,#704);
#703 = CARTESIAN_POINT('',(0.,0.,80.));
#704 = VECTOR('',#705,1.);
#705 = DIRECTION('',(1.,0.,0.));
#706 = ORIENTED_EDGE('',*,*,#621,.T.);
#707 = ORIENTED_EDGE('',*,*,#708,.T.);
#708 = EDGE_CURVE('',#624,#664,#709,.T.);
#709 = LINE('',#710,#711);
#710 = CARTESIAN_POINT('',(0.,0.,98.));
#711 = VECTOR('',#712,1.);
#712 = DIRECTION('',(1.,0.,0.));
#713 = ORIENTED_EDGE('',*,*,#661,.F.);
#714 = PLANE('',#715);
#715 = AXIS2_PLACEMENT_3D('',#716,#717,#718);
#716 = CARTESIAN_POINT('',(0.,0.,80.));
#717 = DIRECTION('',(0.,1.,0.));
#718 = DIRECTION('',(0.,0.,1.));
#719 = ADVANCED_FACE('',(#720),#736,.T.);
#720 = FACE_BOUND('',#721,.T.);
#721 = EDGE_LOOP('',(#722,#728,#729,#735));
#722 = ORIENTED_EDGE('',*,*,#723,.F.);
#723 = EDGE_CURVE('',#632,#672,#724,.T.);
#724 = LINE('',#725,#726);
#725 = CARTESIAN_POINT('',(0.,650.,80.));
#726 = VECTOR('',#727,1.);
#727 = DIRECTION('',(1.,0.,0.));
#728 = ORIENTED_EDGE('',*,*,#639,.T.);
#729 = ORIENTED_EDGE('',*,*,#730,.T.);
#730 = EDGE_CURVE('',#640,#680,#731,.T.);
#731 = LINE('',#732,#733);
#732 = CARTESIAN_POINT('',(0.,650.,98.));
#733 = VECTOR('',#734,1.);
#734 = DIRECTION('',(1.,0.,0.));
#735 = ORIENTED_EDGE('',*,*,#679,.F.);
#736 = PLANE('',#737);
#737 = AXIS2_PLACEMENT_3D('',#738,#739,#740);
#738 = CARTESIAN_POINT('',(0.,650.,80.));
#739 = DIRECTION('',(0.,1.,0.));
#740 = DIRECTION('',(0.,0.,1.));
#741 = ADVANCED_FACE('',(#742),#748,.F.);
#742 = FACE_BOUND('',#743,.F.);
#743 = EDGE_LOOP('',(#744,#745,#746,#747));
#744 = ORIENTED_EDGE('',*,*,#631,.F.);
#745 = ORIENTED_EDGE('',*,*,#701,.T.);
#746 = ORIENTED_EDGE('',*,*,#671,.T.);
#747 = ORIENTED_EDGE('',*,*,#723,.F.);
#748 = PLANE('',#749);
#749 = AXIS2_PLACEMENT_3D('',#750,#751,#752);
#750 = CARTESIAN_POINT('',(0.,0.,80.));
#751 = DIRECTION('',(0.,0.,1.));
#752 = DIRECTION('',(1.,0.,0.));
#753 = ADVANCED_FACE('',(#754),#760,.T.);
#754 = FACE_BOUND('',#755,.T.);
#755 = EDGE_LOOP('',(#756,#757,#758,#759));
#756 = ORIENTED_EDGE('',*,*,#647,.F.);
#757 = ORIENTED_EDGE('',*,*,#708,.T.);
#758 = ORIENTED_EDGE('',*,*,#687,.T.);
#759 = ORIENTED_EDGE('',*,*,#730,.F.);
#760 = PLANE('',#761);
#761 = AXIS2_PLACEMENT_3D('',#762,#763,#764);
#762 = CARTESIAN_POINT('',(0.,0.,98.));
#763 = DIRECTION('',(0.,0.,1.));
#764 = DIRECTION('',(1.,0.,0.));
#765 = MANIFOLD_SOLID_BREP('',#766);
#766 = CLOSED_SHELL('',(#767,#807,#847,#869,#891,#903));
#767 = ADVANCED_FACE('',(#768),#802,.F.);
#768 = FACE_BOUND('',#769,.F.);
#769 = EDGE_LOOP('',(#770,#780,#788,#796));
#770 = ORIENTED_EDGE('',*,*,#771,.F.);
#771 = EDGE_CURVE('',#772,#774,#776,.T.);
#772 = VERTEX_POINT('',#773);
#773 = CARTESIAN_POINT('',(871.,0.,80.));
#774 = VERTEX_POINT('',#775);
#775 = CARTESIAN_POINT('',(871.,0.,98.));
#776 = LINE('',#777,#778);
#777 = CARTESIAN_POINT('',(871.,0.,80.));
#778 = VECTOR('',#779,1.);
#779 = DIRECTION('',(0.,0.,1.));
#780 = ORIENTED_EDGE('',*,*,#781,.T.);
#781 = EDGE_CURVE('',#772,#782,#784,.T.);
#782 = VERTEX_POINT('',#783);
#783 = CARTESIAN_POINT('',(871.,650.,80.));
#784 = LINE('',#785,#786);
#785 = CARTESIAN_POINT('',(871.,0.,80.));
#786 = VECTOR('',#787,1.);
#787 = DIRECTION('',(0.,1.,0.));
#788 = ORIENTED_EDGE('',*,*,#789,.T.);
#789 = EDGE_CURVE('',#782,#790,#792,.T.);
#790 = VERTEX_POINT('',#791);
#791 = CARTESIAN_POINT('',(871.,650.,98.));
#792 = LINE('',#793,#794);
#793 = CARTESIAN_POINT('',(871.,650.,80.));
#794 = VECTOR('',#795,1.);
#795 = DIRECTION('',(0.,0.,1.));
#796 = ORIENTED_EDGE('',*,*,#797,.F.);
#797 = EDGE_CURVE('',#774,#790,#798,.T.);
#798 = LINE('',#799,#800);
#799 = CARTESIAN_POINT('',(871.,0.,98.));
#800 = VECTOR('',#801,1.);
#801 = DIRECTION('',(0.,1.,0.));
#802 = PLANE('',#803);
#803 = AXIS2_PLACEMENT_3D('',#804,#805,#806);
#804 = CARTESIAN_POINT('',(871.,0.,80.));
#805 = DIRECTION('',(1.,0.,0.));
#806 = DIRECTION('',(0.,0.,1.));
#807 = ADVANCED_FACE('',(#808),#842,.T.);
#808 = FACE_BOUND('',#809,.T.);
#809 = EDGE_LOOP('',(#810,#820,#828,#836));
#810 = ORIENTED_EDGE('',*,*,#811,.F.);
#811 = EDGE_CURVE('',#812,#814,#816,.T.);
#812 = VERTEX_POINT('',#813);
#813 = CARTESIAN_POINT('',(1.54E+03,0.,80.));
#814 = VERTEX_POINT('',#815);
#815 = CARTESIAN_POINT('',(1.54E+03,0.,98.));
#816 = LINE('',#817,#818);
#817 = CARTESIAN_POINT('',(1.54E+03,0.,80.));
#818 = VECTOR('',#819,1.);
#819 = DIRECTION('',(0.,0.,1.));
#820 = ORIENTED_EDGE('',*,*,#821,.T.);
#821 = EDGE_CURVE('',#812,#822,#824,.T.);
#822 = VERTEX_POINT('',#823);
#823 = CARTESIAN_POINT('',(1.54E+03,650.,80.));
#824 = LINE('',#825,#826);
#825 = CARTESIAN_POINT('',(1.54E+03,0.,80.));
#826 = VECTOR('',#827,1.);
#827 = DIRECTION('',(0.,1.,0.));
#828 = ORIENTED_EDGE('',*,*,#829,.T.);
#829 = EDGE_CURVE('',#822,#830,#832,.T.);
#830 = VERTEX_POINT('',#831);
#831 = CARTESIAN_POINT('',(1.54E+03,650.,98.));
#832 = LINE('',#833,#834);
#833 = CARTESIAN_POINT('',(1.54E+03,650.,80.));
#834 = VECTOR('',#835,1.);
#835 = DIRECTION('',(0.,0.,1.));
#836 = ORIENTED_EDGE('',*,*,#837,.F.);
#837 = EDGE_CURVE('',#814,#830,#838,.T.);
#838 = LINE('',#839,#840);
#839 = CARTESIAN_POINT('',(1.54E+03,0.,98.));
#840 = VECTOR('',#841,1.);
#841 = DIRECTION('',(0.,1.,0.));
#842 = PLANE('',#843);
#843 = AXIS2_PLACEMENT_3D('',#844,#845,#846);
#844 = CARTESIAN_POINT('',(1.54E+03,0.,80.));
#845 = DIRECTION('',(1.,0.,0.));
#846 = DIRECTION('',(0.,0.,1.));
#847 = ADVANCED_FACE('',(#848),#864,.F.);
#848 = FACE_BOUND('',#849,.F.);
#849 = EDGE_LOOP('',(#850,#856,#857,#863));
#850 = ORIENTED_EDGE('',*,*,#851,.F.);
#851 = EDGE_CURVE('',#772,#812,#852,.T.);
#852 = LINE('',#853,#854);
#853 = CARTESIAN_POINT('',(871.,0.,80.));
#854 = VECTOR('',#855,1.);
#855 = DIRECTION('',(1.,0.,0.));
#856 = ORIENTED_EDGE('',*,*,#771,.T.);
#857 = ORIENTED_EDGE('',*,*,#858,.T.);
#858 = EDGE_CURVE('',#774,#814,#859,.T.);
#859 = LINE('',#860,#861);
#860 = CARTESIAN_POINT('',(871.,0.,98.));
#861 = VECTOR('',#862,1.);
#862 = DIRECTION('',(1.,0.,0.));
#863 = ORIENTED_EDGE('',*,*,#811,.F.);
#864 = PLANE('',#865);
#865 = AXIS2_PLACEMENT_3D('',#866,#867,#868);
#866 = CARTESIAN_POINT('',(871.,0.,80.));
#867 = DIRECTION('',(0.,1.,0.));
#868 = DIRECTION('',(0.,0.,1.));
#869 = ADVANCED_FACE('',(#870),#886,.T.);
#870 = FACE_BOUND('',#871,.T.);
#871 = EDGE_LOOP('',(#872,#878,#879,#885));
#872 = ORIENTED_EDGE('',*,*,#873,.F.);
#873 = EDGE_CURVE('',#782,#822,#874,.T.);
#874 = LINE('',#875,#876);
#875 = CARTESIAN_POINT('',(871.,650.,80.));
#876 = VECTOR('',#877,1.);
#877 = DIRECTION('',(1.,0.,0.));
#878 = ORIENTED_EDGE('',*,*,#789,.T.);
#879 = ORIENTED_EDGE('',*,*,#880,.T.);
#880 = EDGE_CURVE('',#790,#830,#881,.T.);
#881 = LINE('',#882,#883);
#882 = CARTESIAN_POINT('',(871.,650.,98.));
#883 = VECTOR('',#884,1.);
#884 = DIRECTION('',(1.,0.,0.));
#885 = ORIENTED_EDGE('',*,*,#829,.F.);
#886 = PLANE('',#887);
#887 = AXIS2_PLACEMENT_3D('',#888,#889,#890);
#888 = CARTESIAN_POINT('',(871.,650.,80.));
#889 = DIRECTION('',(0.,1.,0.));
#890 = DIRECTION('',(0.,0.,1.));
#891 = ADVANCED_FACE('',(#892),#898,.F.);
#892 = FACE_BOUND('',#893,.F.);
#893 = EDGE_LOOP('',(#894,#895,#896,#897));
#894 = ORIENTED_EDGE('',*,*,#781,.F.);
#895 = ORIENTED_EDGE('',*,*,#851,.T.);
#896 = ORIENTED_EDGE('',*,*,#821,.T.);
#897 = ORIENTED_EDGE('',*,*,#873,.F.);
#898 = PLANE('',#899);
#899 = AXIS2_PLACEMENT_3D('',#900,#901,#902);
#900 = CARTESIAN_POINT('',(871.,0.,80.));
#901 = DIRECTION('',(0.,0.,1.));
#902 = DIRECTION('',(1.,0.,0.));
#903 = ADVANCED_FACE('',(#904),#910,.T.);
#904 = FACE_BOUND('',#905,.T.);
#905 = EDGE_LOOP('',(#906,#907,#908,#909));
#906 = ORIENTED_EDGE('',*,*,#797,.F.);
#907 = ORIENTED_EDGE('',*,*,#858,.T.);
#908 = ORIENTED_EDGE('',*,*,#837,.T.);
#909 = ORIENTED_EDGE('',*,*,#880,.F.);
#910 = PLANE('',#911);
#911 = AXIS2_PLACEMENT_3D('',#912,#913,#914);
#912 = CARTESIAN_POINT('',(871.,0.,98.));
#913 = DIRECTION('',(0.,0.,1.));
#914 = DIRECTION('',(1.,0.,0.));
#915 = MANIFOLD_SOLID_BREP('',#916);
#916 = CLOSED_SHELL('',(#917,#957,#997,#1019,#1041,#1053));
#917 = ADVANCED_FACE('',(#918),#952,.F.);
#918 = FACE_BOUND('',#919,.F.);
#919 = EDGE_LOOP('',(#920,#930,#938,#946));
#920 = ORIENTED_EDGE('',*,*,#921,.F.);
#921 = EDGE_CURVE('',#922,#924,#926,.T.);
#922 = VERTEX_POINT('',#923);
#923 = CARTESIAN_POINT('',(19.,342.,475.));
#924 = VERTEX_POINT('',#925);
#925 = CARTESIAN_POINT('',(19.,342.,493.));
#926 = LINE('',#927,#928);
#927 = CARTESIAN_POINT('',(19.,342.,475.));
#928 = VECTOR('',#929,1.);
#929 = DIRECTION('',(0.,0.,1.));
#930 = ORIENTED_EDGE('',*,*,#931,.T.);
#931 = EDGE_CURVE('',#922,#932,#934,.T.);
#932 = VERTEX_POINT('',#933);
#933 = CARTESIAN_POINT('',(19.,630.,475.));
#934 = LINE('',#935,#936);
#935 = CARTESIAN_POINT('',(19.,342.,475.));
#936 = VECTOR('',#937,1.);
#937 = DIRECTION('',(0.,1.,0.));
#938 = ORIENTED_EDGE('',*,*,#939,.T.);
#939 = EDGE_CURVE('',#932,#940,#942,.T.);
#940 = VERTEX_POINT('',#941);
#941 = CARTESIAN_POINT('',(19.,630.,493.));
#942 = LINE('',#943,#944);
#943 = CARTESIAN_POINT('',(19.,630.,475.));
#944 = VECTOR('',#945,1.);
#945 = DIRECTION('',(0.,0.,1.));
#946 = ORIENTED_EDGE('',*,*,#947,.F.);
#947 = EDGE_CURVE('',#924,#940,#948,.T.);
#948 = LINE('',#949,#950);
#949 = CARTESIAN_POINT('',(19.,342.,493.));
#950 = VECTOR('',#951,1.);
#951 = DIRECTION('',(0.,1.,0.));
#952 = PLANE('',#953);
#953 = AXIS2_PLACEMENT_3D('',#954,#955,#956);
#954 = CARTESIAN_POINT('',(19.,342.,475.));
#955 = DIRECTION('',(1.,0.,0.));
#956 = DIRECTION('',(0.,0.,1.));
#957 = ADVANCED_FACE('',(#958),#992,.T.);
#958 = FACE_BOUND('',#959,.T.);
#959 = EDGE_LOOP('',(#960,#970,#978,#986));
#960 = ORIENTED_EDGE('',*,*,#961,.F.);
#961 = EDGE_CURVE('',#962,#964,#966,.T.);
#962 = VERTEX_POINT('',#963);
#963 = CARTESIAN_POINT('',(369.,342.,475.));
#964 = VERTEX_POINT('',#965);
#965 = CARTESIAN_POINT('',(369.,342.,493.));
#966 = LINE('',#967,#968);
#967 = CARTESIAN_POINT('',(369.,342.,475.));
#968 = VECTOR('',#969,1.);
#969 = DIRECTION('',(0.,0.,1.));
#970 = ORIENTED_EDGE('',*,*,#971,.T.);
#971 = EDGE_CURVE('',#962,#972,#974,.T.);
#972 = VERTEX_POINT('',#973);
#973 = CARTESIAN_POINT('',(369.,630.,475.));
#974 = LINE('',#975,#976);
#975 = CARTESIAN_POINT('',(369.,342.,475.));
#976 = VECTOR('',#977,1.);
#977 = DIRECTION('',(0.,1.,0.));
#978 = ORIENTED_EDGE('',*,*,#979,.T.);
#979 = EDGE_CURVE('',#972,#980,#982,.T.);
#980 = VERTEX_POINT('',#981);
#981 = CARTESIAN_POINT('',(369.,630.,493.));
#982 = LINE('',#983,#984);
#983 = CARTESIAN_POINT('',(369.,630.,475.));
#984 = VECTOR('',#985,1.);
#985 = DIRECTION('',(0.,0.,1.));
#986 = ORIENTED_EDGE('',*,*,#987,.F.);
#987 = EDGE_CURVE('',#964,#980,#988,.T.);
#988 = LINE('',#989,#990);
#989 = CARTESIAN_POINT('',(369.,342.,493.));
#990 = VECTOR('',#991,1.);
#991 = DIRECTION('',(0.,1.,0.));
#992 = PLANE('',#993);
#993 = AXIS2_PLACEMENT_3D('',#994,#995,#996);
#994 = CARTESIAN_POINT('',(369.,342.,475.));
#995 = DIRECTION('',(1.,0.,0.));
#996 = DIRECTION('',(0.,0.,1.));
#997 = ADVANCED_FACE('',(#998),#1014,.F.);
#998 = FACE_BOUND('',#999,.F.);
#999 = EDGE_LOOP('',(#1000,#1006,#1007,#1013));
#1000 = ORIENTED_EDGE('',*,*,#1001,.F.);
#1001 = EDGE_CURVE('',#922,#962,#1002,.T.);
#1002 = LINE('',#1003,#1004);
#1003 = CARTESIAN_POINT('',(19.,342.,475.));
#1004 = VECTOR('',#1005,1.);
#1005 = DIRECTION('',(1.,0.,0.));
#1006 = ORIENTED_EDGE('',*,*,#921,.T.);
#1007 = ORIENTED_EDGE('',*,*,#1008,.T.);
#1008 = EDGE_CURVE('',#924,#964,#1009,.T.);
#1009 = LINE('',#1010,#1011);
#1010 = CARTESIAN_POINT('',(19.,342.,493.));
#1011 = VECTOR('',#1012,1.);
#1012 = DIRECTION('',(1.,0.,0.));
#1013 = ORIENTED_EDGE('',*,*,#961,.F.);
#1014 = PLANE('',#1015);
#1015 = AXIS2_PLACEMENT_3D('',#1016,#1017,#1018);
#1016 = CARTESIAN_POINT('',(19.,342.,475.));
#1017 = DIRECTION('',(0.,1.,0.));
#1018 = DIRECTION('',(0.,0.,1.));
#1019 = ADVANCED_FACE('',(#1020),#1036,.T.);
#1020 = FACE_BOUND('',#1021,.T.);
#1021 = EDGE_LOOP('',(#1022,#1028,#1029,#1035));
#1022 = ORIENTED_EDGE('',*,*,#1023,.F.);
#1023 = EDGE_CURVE('',#932,#972,#1024,.T.);
#1024 = LINE('',#1025,#1026);
#1025 = CARTESIAN_POINT('',(19.,630.,475.));
#1026 = VECTOR('',#1027,1.);
#1027 = DIRECTION('',(1.,0.,0.));
#1028 = ORIENTED_EDGE('',*,*,#939,.T.);
#1029 = ORIENTED_EDGE('',*,*,#1030,.T.);
#1030 = EDGE_CURVE('',#940,#980,#1031,.T.);
#1031 = LINE('',#1032,#1033);
#1032 = CARTESIAN_POINT('',(19.,630.,493.));
#1033 = VECTOR('',#1034,1.);
#1034 = DIRECTION('',(1.,0.,0.));
#1035 = ORIENTED_EDGE('',*,*,#979,.F.);
#1036 = PLANE('',#1037);
#1037 = AXIS2_PLACEMENT_3D('',#1038,#1039,#1040);
#1038 = CARTESIAN_POINT('',(19.,630.,475.));
#1039 = DIRECTION('',(0.,1.,0.));
#1040 = DIRECTION('',(0.,0.,1.));
#1041 = ADVANCED_FACE('',(#1042),#1048,.F.);
#1042 = FACE_BOUND('',#1043,.F.);
#1043 = EDGE_LOOP('',(#1044,#1045,#1046,#1047));
#1044 = ORIENTED_EDGE('',*,*,#931,.F.);
#1045 = ORIENTED_EDGE('',*,*,#1001,.T.);
#1046 = ORIENTED_EDGE('',*,*,#971,.T.);
#1047 = ORIENTED_EDGE('',*,*,#1023,.F.);
#1048 = PLANE('',#1049);
#1049 = AXIS2_PLACEMENT_3D('',#1050,#1051,#1052);
#1050 = CARTESIAN_POINT('',(19.,342.,475.));
#1051 = DIRECTION('',(0.,0.,1.));
#1052 = DIRECTION('',(1.,0.,0.));
#1053 = ADVANCED_FACE('',(#1054),#1060,.T.);
#1054 = FACE_BOUND('',#1055,.T.);
#1055 = EDGE_LOOP('',(#1056,#1057,#1058,#1059));
#1056 = ORIENTED_EDGE('',*,*,#947,.F.);
#1057 = ORIENTED_EDGE('',*,*,#1008,.T.);
#1058 = ORIENTED_EDGE('',*,*,#987,.T.);
#1059 = ORIENTED_EDGE('',*,*,#1030,.F.);
#1060 = PLANE('',#1061);
#1061 = AXIS2_PLACEMENT_3D('',#1062,#1063,#1064);
#1062 = CARTESIAN_POINT('',(19.,342.,493.));
#1063 = DIRECTION('',(0.,0.,1.));
#1064 = DIRECTION('',(1.,0.,0.));
#1065 = MANIFOLD_SOLID_BREP('',#1066);
#1066 = CLOSED_SHELL('',(#1067,#1107,#1147,#1169,#1191,#1203));
#1067 = ADVANCED_FACE('',(#1068),#1102,.F.);
#1068 = FACE_BOUND('',#1069,.F.);
#1069 = EDGE_LOOP('',(#1070,#1080,#1088,#1096));
#1070 = ORIENTED_EDGE('',*,*,#1071,.F.);
#1071 = EDGE_CURVE('',#1072,#1074,#1076,.T.);
#1072 = VERTEX_POINT('',#1073);
#1073 = CARTESIAN_POINT('',(18.,342.,457.));
#1074 = VERTEX_POINT('',#1075);
#1075 = CARTESIAN_POINT('',(18.,342.,475.));
#1076 = LINE('',#1077,#1078);
#1077 = CARTESIAN_POINT('',(18.,342.,457.));
#1078 = VECTOR('',#1079,1.);
#1079 = DIRECTION('',(0.,0.,1.));
#1080 = ORIENTED_EDGE('',*,*,#1081,.T.);
#1081 = EDGE_CURVE('',#1072,#1082,#1084,.T.);
#1082 = VERTEX_POINT('',#1083);
#1083 = CARTESIAN_POINT('',(18.,630.,457.));
#1084 = LINE('',#1085,#1086);
#1085 = CARTESIAN_POINT('',(18.,342.,457.));
#1086 = VECTOR('',#1087,1.);
#1087 = DIRECTION('',(0.,1.,0.));
#1088 = ORIENTED_EDGE('',*,*,#1089,.T.);
#1089 = EDGE_CURVE('',#1082,#1090,#1092,.T.);
#1090 = VERTEX_POINT('',#1091);
#1091 = CARTESIAN_POINT('',(18.,630.,475.));
#1092 = LINE('',#1093,#1094);
#1093 = CARTESIAN_POINT('',(18.,630.,457.));
#1094 = VECTOR('',#1095,1.);
#1095 = DIRECTION('',(0.,0.,1.));
#1096 = ORIENTED_EDGE('',*,*,#1097,.F.);
#1097 = EDGE_CURVE('',#1074,#1090,#1098,.T.);
#1098 = LINE('',#1099,#1100);
#1099 = CARTESIAN_POINT('',(18.,342.,475.));
#1100 = VECTOR('',#1101,1.);
#1101 = DIRECTION('',(0.,1.,0.));
#1102 = PLANE('',#1103);
#1103 = AXIS2_PLACEMENT_3D('',#1104,#1105,#1106);
#1104 = CARTESIAN_POINT('',(18.,342.,457.));
#1105 = DIRECTION('',(1.,0.,0.));
#1106 = DIRECTION('',(0.,0.,1.));
#1107 = ADVANCED_FACE('',(#1108),#1142,.T.);
#1108 = FACE_BOUND('',#1109,.T.);
#1109 = EDGE_LOOP('',(#1110,#1120,#1128,#1136));
#1110 = ORIENTED_EDGE('',*,*,#1111,.F.);
#1111 = EDGE_CURVE('',#1112,#1114,#1116,.T.);
#1112 = VERTEX_POINT('',#1113);
#1113 = CARTESIAN_POINT('',(68.,342.,457.));
#1114 = VERTEX_POINT('',#1115);
#1115 = CARTESIAN_POINT('',(68.,342.,475.));
#1116 = LINE('',#1117,#1118);
#1117 = CARTESIAN_POINT('',(68.,342.,457.));
#1118 = VECTOR('',#1119,1.);
#1119 = DIRECTION('',(0.,0.,1.));
#1120 = ORIENTED_EDGE('',*,*,#1121,.T.);
#1121 = EDGE_CURVE('',#1112,#1122,#1124,.T.);
#1122 = VERTEX_POINT('',#1123);
#1123 = CARTESIAN_POINT('',(68.,630.,457.));
#1124 = LINE('',#1125,#1126);
#1125 = CARTESIAN_POINT('',(68.,342.,457.));
#1126 = VECTOR('',#1127,1.);
#1127 = DIRECTION('',(0.,1.,0.));
#1128 = ORIENTED_EDGE('',*,*,#1129,.T.);
#1129 = EDGE_CURVE('',#1122,#1130,#1132,.T.);
#1130 = VERTEX_POINT('',#1131);
#1131 = CARTESIAN_POINT('',(68.,630.,475.));
#1132 = LINE('',#1133,#1134);
#1133 = CARTESIAN_POINT('',(68.,630.,457.));
#1134 = VECTOR('',#1135,1.);
#1135 = DIRECTION('',(0.,0.,1.));
#1136 = ORIENTED_EDGE('',*,*,#1137,.F.);
#1137 = EDGE_CURVE('',#1114,#1130,#1138,.T.);
#1138 = LINE('',#1139,#1140);
#1139 = CARTESIAN_POINT('',(68.,342.,475.));
#1140 = VECTOR('',#1141,1.);
#1141 = DIRECTION('',(0.,1.,0.));
#1142 = PLANE('',#1143);
#1143 = AXIS2_PLACEMENT_3D('',#1144,#1145,#1146);
#1144 = CARTESIAN_POINT('',(68.,342.,457.));
#1145 = DIRECTION('',(1.,0.,0.));
#1146 = DIRECTION('',(0.,0.,1.));
#1147 = ADVANCED_FACE('',(#1148),#1164,.F.);
#1148 = FACE_BOUND('',#1149,.F.);
#1149 = EDGE_LOOP('',(#1150,#1156,#1157,#1163));
#1150 = ORIENTED_EDGE('',*,*,#1151,.F.);
#1151 = EDGE_CURVE('',#1072,#1112,#1152,.T.);
#1152 = LINE('',#1153,#1154);
#1153 = CARTESIAN_POINT('',(18.,342.,457.));
#1154 = VECTOR('',#1155,1.);
#1155 = DIRECTION('',(1.,0.,0.));
#1156 = ORIENTED_EDGE('',*,*,#1071,.T.);
#1157 = ORIENTED_EDGE('',*,*,#1158,.T.);
#1158 = EDGE_CURVE('',#1074,#1114,#1159,.T.);
#1159 = LINE('',#1160,#1161);
#1160 = CARTESIAN_POINT('',(18.,342.,475.));
#1161 = VECTOR('',#1162,1.);
#1162 = DIRECTION('',(1.,0.,0.));
#1163 = ORIENTED_EDGE('',*,*,#1111,.F.);
#1164 = PLANE('',#1165);
#1165 = AXIS2_PLACEMENT_3D('',#1166,#1167,#1168);
#1166 = CARTESIAN_POINT('',(18.,342.,457.));
#1167 = DIRECTION('',(0.,1.,0.));
#1168 = DIRECTION('',(0.,0.,1.));
#1169 = ADVANCED_FACE('',(#1170),#1186,.T.);
#1170 = FACE_BOUND('',#1171,.T.);
#1171 = EDGE_LOOP('',(#1172,#1178,#1179,#1185));
#1172 = ORIENTED_EDGE('',*,*,#1173,.F.);
#1173 = EDGE_CURVE('',#1082,#1122,#1174,.T.);
#1174 = LINE('',#1175,#1176);
#1175 = CARTESIAN_POINT('',(18.,630.,457.));
#1176 = VECTOR('',#1177,1.);
#1177 = DIRECTION('',(1.,0.,0.));
#1178 = ORIENTED_EDGE('',*,*,#1089,.T.);
#1179 = ORIENTED_EDGE('',*,*,#1180,.T.);
#1180 = EDGE_CURVE('',#1090,#1130,#1181,.T.);
#1181 = LINE('',#1182,#1183);
#1182 = CARTESIAN_POINT('',(18.,630.,475.));
#1183 = VECTOR('',#1184,1.);
#1184 = DIRECTION('',(1.,0.,0.));
#1185 = ORIENTED_EDGE('',*,*,#1129,.F.);
#1186 = PLANE('',#1187);
#1187 = AXIS2_PLACEMENT_3D('',#1188,#1189,#1190);
#1188 = CARTESIAN_POINT('',(18.,630.,457.));
#1189 = DIRECTION('',(0.,1.,0.));
#1190 = DIRECTION('',(0.,0.,1.));
#1191 = ADVANCED_FACE('',(#1192),#1198,.F.);
#1192 = FACE_BOUND('',#1193,.F.);
#1193 = EDGE_LOOP('',(#1194,#1195,#1196,#1197));
#1194 = ORIENTED_EDGE('',*,*,#1081,.F.);
#1195 = ORIENTED_EDGE('',*,*,#1151,.T.);
#1196 = ORIENTED_EDGE('',*,*,#1121,.T.);
#1197 = ORIENTED_EDGE('',*,*,#1173,.F.);
#1198 = PLANE('',#1199);
#1199 = AXIS2_PLACEMENT_3D('',#1200,#1201,#1202);
#1200 = CARTESIAN_POINT('',(18.,342.,457.));
#1201 = DIRECTION('',(0.,0.,1.));
#1202 = DIRECTION('',(1.,0.,0.));
#1203 = ADVANCED_FACE('',(#1204),#1210,.T.);
#1204 = FACE_BOUND('',#1205,.T.);
#1205 = EDGE_LOOP('',(#1206,#1207,#1208,#1209));
#1206 = ORIENTED_EDGE('',*,*,#1097,.F.);
#1207 = ORIENTED_EDGE('',*,*,#1158,.T.);
#1208 = ORIENTED_EDGE('',*,*,#1137,.T.);
#1209 = ORIENTED_EDGE('',*,*,#1180,.F.);
#1210 = PLANE('',#1211);
#1211 = AXIS2_PLACEMENT_3D('',#1212,#1213,#1214);
#1212 = CARTESIAN_POINT('',(18.,342.,475.));
#1213 = DIRECTION('',(0.,0.,1.));
#1214 = DIRECTION('',(1.,0.,0.));
#1215 = MANIFOLD_SOLID_BREP('',#1216);
#1216 = CLOSED_SHELL('',(#1217,#1257,#1297,#1319,#1341,#1353));
#1217 = ADVANCED_FACE('',(#1218),#1252,.F.);
#1218 = FACE_BOUND('',#1219,.F.);
#1219 = EDGE_LOOP('',(#1220,#1230,#1238,#1246));
#1220 = ORIENTED_EDGE('',*,*,#1221,.F.);
#1221 = EDGE_CURVE('',#1222,#1224,#1226,.T.);
#1222 = VERTEX_POINT('',#1223);
#1223 = CARTESIAN_POINT('',(0.,342.,820.));
#1224 = VERTEX_POINT('',#1225);
#1225 = CARTESIAN_POINT('',(0.,342.,870.));
#1226 = LINE('',#1227,#1228);
#1227 = CARTESIAN_POINT('',(0.,342.,820.));
#1228 = VECTOR('',#1229,1.);
#1229 = DIRECTION('',(0.,0.,1.));
#1230 = ORIENTED_EDGE('',*,*,#1231,.T.);
#1231 = EDGE_CURVE('',#1222,#1232,#1234,.T.);
#1232 = VERTEX_POINT('',#1233);
#1233 = CARTESIAN_POINT('',(0.,630.,820.));
#1234 = LINE('',#1235,#1236);
#1235 = CARTESIAN_POINT('',(0.,342.,820.));
#1236 = VECTOR('',#1237,1.);
#1237 = DIRECTION('',(0.,1.,0.));
#1238 = ORIENTED_EDGE('',*,*,#1239,.T.);
#1239 = EDGE_CURVE('',#1232,#1240,#1242,.T.);
#1240 = VERTEX_POINT('',#1241);
#1241 = CARTESIAN_POINT('',(0.,630.,870.));
#1242 = LINE('',#1243,#1244);
#1243 = CARTESIAN_POINT('',(0.,630.,820.));
#1244 = VECTOR('',#1245,1.);
#1245 = DIRECTION('',(0.,0.,1.));
#1246 = ORIENTED_EDGE('',*,*,#1247,.F.);
#1247 = EDGE_CURVE('',#1224,#1240,#1248,.T.);
#1248 = LINE('',#1249,#1250);
#1249 = CARTESIAN_POINT('',(0.,342.,870.));
#1250 = VECTOR('',#1251,1.);
#1251 = DIRECTION('',(0.,1.,0.));
#1252 = PLANE('',#1253);
#1253 = AXIS2_PLACEMENT_3D('',#1254,#1255,#1256);
#1254 = CARTESIAN_POINT('',(0.,342.,820.));
#1255 = DIRECTION('',(1.,0.,0.));
#1256 = DIRECTION('',(0.,0.,1.));
#1257 = ADVANCED_FACE('',(#1258),#1292,.T.);
#1258 = FACE_BOUND('',#1259,.T.);
#1259 = EDGE_LOOP('',(#1260,#1270,#1278,#1286));
#1260 = ORIENTED_EDGE('',*,*,#1261,.F.);
#1261 = EDGE_CURVE('',#1262,#1264,#1266,.T.);
#1262 = VERTEX_POINT('',#1263);
#1263 = CARTESIAN_POINT('',(18.,342.,820.));
#1264 = VERTEX_POINT('',#1265);
#1265 = CARTESIAN_POINT('',(18.,342.,870.));
#1266 = LINE('',#1267,#1268);
#1267 = CARTESIAN_POINT('',(18.,342.,820.));
#1268 = VECTOR('',#1269,1.);
#1269 = DIRECTION('',(0.,0.,1.));
#1270 = ORIENTED_EDGE('',*,*,#1271,.T.);
#1271 = EDGE_CURVE('',#1262,#1272,#1274,.T.);
#1272 = VERTEX_POINT('',#1273);
#1273 = CARTESIAN_POINT('',(18.,630.,820.));
#1274 = LINE('',#1275,#1276);
#1275 = CARTESIAN_POINT('',(18.,342.,820.));
#1276 = VECTOR('',#1277,1.);
#1277 = DIRECTION('',(0.,1.,0.));
#1278 = ORIENTED_EDGE('',*,*,#1279,.T.);
#1279 = EDGE_CURVE('',#1272,#1280,#1282,.T.);
#1280 = VERTEX_POINT('',#1281);
#1281 = CARTESIAN_POINT('',(18.,630.,870.));
#1282 = LINE('',#1283,#1284);
#1283 = CARTESIAN_POINT('',(18.,630.,820.));
#1284 = VECTOR('',#1285,1.);
#1285 = DIRECTION('',(0.,0.,1.));
#1286 = ORIENTED_EDGE('',*,*,#1287,.F.);
#1287 = EDGE_CURVE('',#1264,#1280,#1288,.T.);
#1288 = LINE('',#1289,#1290);
#1289 = CARTESIAN_POINT('',(18.,342.,870.));
#1290 = VECTOR('',#1291,1.);
#1291 = DIRECTION('',(0.,1.,0.));
#1292 = PLANE('',#1293);
#1293 = AXIS2_PLACEMENT_3D('',#1294,#1295,#1296);
#1294 = CARTESIAN_POINT('',(18.,342.,820.));
#1295 = DIRECTION('',(1.,0.,0.));
#1296 = DIRECTION('',(0.,0.,1.));
#1297 = ADVANCED_FACE('',(#1298),#1314,.F.);
#1298 = FACE_BOUND('',#1299,.F.);
#1299 = EDGE_LOOP('',(#1300,#1306,#1307,#1313));
#1300 = ORIENTED_EDGE('',*,*,#1301,.F.);
#1301 = EDGE_CURVE('',#1222,#1262,#1302,.T.);
#1302 = LINE('',#1303,#1304);
#1303 = CARTESIAN_POINT('',(0.,342.,820.));
#1304 = VECTOR('',#1305,1.);
#1305 = DIRECTION('',(1.,0.,0.));
#1306 = ORIENTED_EDGE('',*,*,#1221,.T.);
#1307 = ORIENTED_EDGE('',*,*,#1308,.T.);
#1308 = EDGE_CURVE('',#1224,#1264,#1309,.T.);
#1309 = LINE('',#1310,#1311);
#1310 = CARTESIAN_POINT('',(0.,342.,870.));
#1311 = VECTOR('',#1312,1.);
#1312 = DIRECTION('',(1.,0.,0.));
#1313 = ORIENTED_EDGE('',*,*,#1261,.F.);
#1314 = PLANE('',#1315);
#1315 = AXIS2_PLACEMENT_3D('',#1316,#1317,#1318);
#1316 = CARTESIAN_POINT('',(0.,342.,820.));
#1317 = DIRECTION('',(0.,1.,0.));
#1318 = DIRECTION('',(0.,0.,1.));
#1319 = ADVANCED_FACE('',(#1320),#1336,.T.);
#1320 = FACE_BOUND('',#1321,.T.);
#1321 = EDGE_LOOP('',(#1322,#1328,#1329,#1335));
#1322 = ORIENTED_EDGE('',*,*,#1323,.F.);
#1323 = EDGE_CURVE('',#1232,#1272,#1324,.T.);
#1324 = LINE('',#1325,#1326);
#1325 = CARTESIAN_POINT('',(0.,630.,820.));
#1326 = VECTOR('',#1327,1.);
#1327 = DIRECTION('',(1.,0.,0.));
#1328 = ORIENTED_EDGE('',*,*,#1239,.T.);
#1329 = ORIENTED_EDGE('',*,*,#1330,.T.);
#1330 = EDGE_CURVE('',#1240,#1280,#1331,.T.);
#1331 = LINE('',#1332,#1333);
#1332 = CARTESIAN_POINT('',(0.,630.,870.));
#1333 = VECTOR('',#1334,1.);
#1334 = DIRECTION('',(1.,0.,0.));
#1335 = ORIENTED_EDGE('',*,*,#1279,.F.);
#1336 = PLANE('',#1337);
#1337 = AXIS2_PLACEMENT_3D('',#1338,#1339,#1340);
#1338 = CARTESIAN_POINT('',(0.,630.,820.));
#1339 = DIRECTION('',(0.,1.,0.));
#1340 = DIRECTION('',(0.,0.,1.));
#1341 = ADVANCED_FACE('',(#1342),#1348,.F.);
#1342 = FACE_BOUND('',#1343,.F.);
#1343 = EDGE_LOOP('',(#1344,#1345,#1346,#1347));
#1344 = ORIENTED_EDGE('',*,*,#1231,.F.);
#1345 = ORIENTED_EDGE('',*,*,#1301,.T.);
#1346 = ORIENTED_EDGE('',*,*,#1271,.T.);
#1347 = ORIENTED_EDGE('',*,*,#1323,.F.);
#1348 = PLANE('',#1349);
#1349 = AXIS2_PLACEMENT_3D('',#1350,#1351,#1352);
#1350 = CARTESIAN_POINT('',(0.,342.,820.));
#1351 = DIRECTION('',(0.,0.,1.));
#1352 = DIRECTION('',(1.,0.,0.));
#1353 = ADVANCED_FACE('',(#1354),#1360,.T.);
#1354 = FACE_BOUND('',#1355,.T.);
#1355 = EDGE_LOOP('',(#1356,#1357,#1358,#1359));
#1356 = ORIENTED_EDGE('',*,*,#1247,.F.);
#1357 = ORIENTED_EDGE('',*,*,#1308,.T.);
#1358 = ORIENTED_EDGE('',*,*,#1287,.T.);
#1359 = ORIENTED_EDGE('',*,*,#1330,.F.);
#1360 = PLANE('',#1361);
#1361 = AXIS2_PLACEMENT_3D('',#1362,#1363,#1364);
#1362 = CARTESIAN_POINT('',(0.,342.,870.));
#1363 = DIRECTION('',(0.,0.,1.));
#1364 = DIRECTION('',(1.,0.,0.));
#1365 = MANIFOLD_SOLID_BREP('',#1366);
#1366 = CLOSED_SHELL('',(#1367,#1407,#1447,#1469,#1491,#1503));
#1367 = ADVANCED_FACE('',(#1368),#1402,.F.);
#1368 = FACE_BOUND('',#1369,.F.);
#1369 = EDGE_LOOP('',(#1370,#1380,#1388,#1396));
#1370 = ORIENTED_EDGE('',*,*,#1371,.F.);
#1371 = EDGE_CURVE('',#1372,#1374,#1376,.T.);
#1372 = VERTEX_POINT('',#1373);
#1373 = CARTESIAN_POINT('',(18.,26.,852.));
#1374 = VERTEX_POINT('',#1375);
#1375 = CARTESIAN_POINT('',(18.,26.,870.));
#1376 = LINE('',#1377,#1378);
#1377 = CARTESIAN_POINT('',(18.,26.,852.));
#1378 = VECTOR('',#1379,1.);
#1379 = DIRECTION('',(0.,0.,1.));
#1380 = ORIENTED_EDGE('',*,*,#1381,.T.);
#1381 = EDGE_CURVE('',#1372,#1382,#1384,.T.);
#1382 = VERTEX_POINT('',#1383);
#1383 = CARTESIAN_POINT('',(18.,126.,852.));
#1384 = LINE('',#1385,#1386);
#1385 = CARTESIAN_POINT('',(18.,26.,852.));
#1386 = VECTOR('',#1387,1.);
#1387 = DIRECTION('',(0.,1.,0.));
#1388 = ORIENTED_EDGE('',*,*,#1389,.T.);
#1389 = EDGE_CURVE('',#1382,#1390,#1392,.T.);
#1390 = VERTEX_POINT('',#1391);
#1391 = CARTESIAN_POINT('',(18.,126.,870.));
#1392 = LINE('',#1393,#1394);
#1393 = CARTESIAN_POINT('',(18.,126.,852.));
#1394 = VECTOR('',#1395,1.);
#1395 = DIRECTION('',(0.,0.,1.));
#1396 = ORIENTED_EDGE('',*,*,#1397,.F.);
#1397 = EDGE_CURVE('',#1374,#1390,#1398,.T.);
#1398 = LINE('',#1399,#1400);
#1399 = CARTESIAN_POINT('',(18.,26.,870.));
#1400 = VECTOR('',#1401,1.);
#1401 = DIRECTION('',(0.,1.,0.));
#1402 = PLANE('',#1403);
#1403 = AXIS2_PLACEMENT_3D('',#1404,#1405,#1406);
#1404 = CARTESIAN_POINT('',(18.,26.,852.));
#1405 = DIRECTION('',(1.,0.,0.));
#1406 = DIRECTION('',(0.,0.,1.));
#1407 = ADVANCED_FACE('',(#1408),#1442,.T.);
#1408 = FACE_BOUND('',#1409,.T.);
#1409 = EDGE_LOOP('',(#1410,#1420,#1428,#1436));
#1410 = ORIENTED_EDGE('',*,*,#1411,.F.);
#1411 = EDGE_CURVE('',#1412,#1414,#1416,.T.);
#1412 = VERTEX_POINT('',#1413);
#1413 = CARTESIAN_POINT('',(1.522E+03,26.,852.));
#1414 = VERTEX_POINT('',#1415);
#1415 = CARTESIAN_POINT('',(1.522E+03,26.,870.));
#1416 = LINE('',#1417,#1418);
#1417 = CARTESIAN_POINT('',(1.522E+03,26.,852.));
#1418 = VECTOR('',#1419,1.);
#1419 = DIRECTION('',(0.,0.,1.));
#1420 = ORIENTED_EDGE('',*,*,#1421,.T.);
#1421 = EDGE_CURVE('',#1412,#1422,#1424,.T.);
#1422 = VERTEX_POINT('',#1423);
#1423 = CARTESIAN_POINT('',(1.522E+03,126.,852.));
#1424 = LINE('',#1425,#1426);
#1425 = CARTESIAN_POINT('',(1.522E+03,26.,852.));
#1426 = VECTOR('',#1427,1.);
#1427 = DIRECTION('',(0.,1.,0.));
#1428 = ORIENTED_EDGE('',*,*,#1429,.T.);
#1429 = EDGE_CURVE('',#1422,#1430,#1432,.T.);
#1430 = VERTEX_POINT('',#1431);
#1431 = CARTESIAN_POINT('',(1.522E+03,126.,870.));
#1432 = LINE('',#1433,#1434);
#1433 = CARTESIAN_POINT('',(1.522E+03,126.,852.));
#1434 = VECTOR('',#1435,1.);
#1435 = DIRECTION('',(0.,0.,1.));
#1436 = ORIENTED_EDGE('',*,*,#1437,.F.);
#1437 = EDGE_CURVE('',#1414,#1430,#1438,.T.);
#1438 = LINE('',#1439,#1440);
#1439 = CARTESIAN_POINT('',(1.522E+03,26.,870.));
#1440 = VECTOR('',#1441,1.);
#1441 = DIRECTION('',(0.,1.,0.));
#1442 = PLANE('',#1443);
#1443 = AXIS2_PLACEMENT_3D('',#1444,#1445,#1446);
#1444 = CARTESIAN_POINT('',(1.522E+03,26.,852.));
#1445 = DIRECTION('',(1.,0.,0.));
#1446 = DIRECTION('',(0.,0.,1.));
#1447 = ADVANCED_FACE('',(#1448),#1464,.F.);
#1448 = FACE_BOUND('',#1449,.F.);
#1449 = EDGE_LOOP('',(#1450,#1456,#1457,#1463));
#1450 = ORIENTED_EDGE('',*,*,#1451,.F.);
#1451 = EDGE_CURVE('',#1372,#1412,#1452,.T.);
#1452 = LINE('',#1453,#1454);
#1453 = CARTESIAN_POINT('',(18.,26.,852.));
#1454 = VECTOR('',#1455,1.);
#1455 = DIRECTION('',(1.,0.,0.));
#1456 = ORIENTED_EDGE('',*,*,#1371,.T.);
#1457 = ORIENTED_EDGE('',*,*,#1458,.T.);
#1458 = EDGE_CURVE('',#1374,#1414,#1459,.T.);
#1459 = LINE('',#1460,#1461);
#1460 = CARTESIAN_POINT('',(18.,26.,870.));
#1461 = VECTOR('',#1462,1.);
#1462 = DIRECTION('',(1.,0.,0.));
#1463 = ORIENTED_EDGE('',*,*,#1411,.F.);
#1464 = PLANE('',#1465);
#1465 = AXIS2_PLACEMENT_3D('',#1466,#1467,#1468);
#1466 = CARTESIAN_POINT('',(18.,26.,852.));
#1467 = DIRECTION('',(0.,1.,0.));
#1468 = DIRECTION('',(0.,0.,1.));
#1469 = ADVANCED_FACE('',(#1470),#1486,.T.);
#1470 = FACE_BOUND('',#1471,.T.);
#1471 = EDGE_LOOP('',(#1472,#1478,#1479,#1485));
#1472 = ORIENTED_EDGE('',*,*,#1473,.F.);
#1473 = EDGE_CURVE('',#1382,#1422,#1474,.T.);
#1474 = LINE('',#1475,#1476);
#1475 = CARTESIAN_POINT('',(18.,126.,852.));
#1476 = VECTOR('',#1477,1.);
#1477 = DIRECTION('',(1.,0.,0.));
#1478 = ORIENTED_EDGE('',*,*,#1389,.T.);
#1479 = ORIENTED_EDGE('',*,*,#1480,.T.);
#1480 = EDGE_CURVE('',#1390,#1430,#1481,.T.);
#1481 = LINE('',#1482,#1483);
#1482 = CARTESIAN_POINT('',(18.,126.,870.));
#1483 = VECTOR('',#1484,1.);
#1484 = DIRECTION('',(1.,0.,0.));
#1485 = ORIENTED_EDGE('',*,*,#1429,.F.);
#1486 = PLANE('',#1487);
#1487 = AXIS2_PLACEMENT_3D('',#1488,#1489,#1490);
#1488 = CARTESIAN_POINT('',(18.,126.,852.));
#1489 = DIRECTION('',(0.,1.,0.));
#1490 = DIRECTION('',(0.,0.,1.));
#1491 = ADVANCED_FACE('',(#1492),#1498,.F.);
#1492 = FACE_BOUND('',#1493,.F.);
#1493 = EDGE_LOOP('',(#1494,#1495,#1496,#1497));
#1494 = ORIENTED_EDGE('',*,*,#1381,.F.);
#1495 = ORIENTED_EDGE('',*,*,#1451,.T.);
#1496 = ORIENTED_EDGE('',*,*,#1421,.T.);
#1497 = ORIENTED_EDGE('',*,*,#1473,.F.);
#1498 = PLANE('',#1499);
#1499 = AXIS2_PLACEMENT_3D('',#1500,#1501,#1502);
#1500 = CARTESIAN_POINT('',(18.,26.,852.));
#1501 = DIRECTION('',(0.,0.,1.));
#1502 = DIRECTION('',(1.,0.,0.));
#1503 = ADVANCED_FACE('',(#1504),#1510,.T.);
#1504 = FACE_BOUND('',#1505,.T.);
#1505 = EDGE_LOOP('',(#1506,#1507,#1508,#1509));
#1506 = ORIENTED_EDGE('',*,*,#1397,.F.);
#1507 = ORIENTED_EDGE('',*,*,#1458,.T.);
#1508 = ORIENTED_EDGE('',*,*,#1437,.T.);
#1509 = ORIENTED_EDGE('',*,*,#1480,.F.);
#1510 = PLANE('',#1511);
#1511 = AXIS2_PLACEMENT_3D('',#1512,#1513,#1514);
#1512 = CARTESIAN_POINT('',(18.,26.,870.));
#1513 = DIRECTION('',(0.,0.,1.));
#1514 = DIRECTION('',(1.,0.,0.));
#1515 = MANIFOLD_SOLID_BREP('',#1516);
#1516 = CLOSED_SHELL('',(#1517,#1557,#1597,#1619,#1641,#1653));
#1517 = ADVANCED_FACE('',(#1518),#1552,.F.);
#1518 = FACE_BOUND('',#1519,.F.);
#1519 = EDGE_LOOP('',(#1520,#1530,#1538,#1546));
#1520 = ORIENTED_EDGE('',*,*,#1521,.F.);
#1521 = EDGE_CURVE('',#1522,#1524,#1526,.T.);
#1522 = VERTEX_POINT('',#1523);
#1523 = CARTESIAN_POINT('',(398.,550.,852.));
#1524 = VERTEX_POINT('',#1525);
#1525 = CARTESIAN_POINT('',(398.,550.,870.));
#1526 = LINE('',#1527,#1528);
#1527 = CARTESIAN_POINT('',(398.,550.,852.));
#1528 = VECTOR('',#1529,1.);
#1529 = DIRECTION('',(0.,0.,1.));
#1530 = ORIENTED_EDGE('',*,*,#1531,.T.);
#1531 = EDGE_CURVE('',#1522,#1532,#1534,.T.);
#1532 = VERTEX_POINT('',#1533);
#1533 = CARTESIAN_POINT('',(398.,650.,852.));
#1534 = LINE('',#1535,#1536);
#1535 = CARTESIAN_POINT('',(398.,550.,852.));
#1536 = VECTOR('',#1537,1.);
#1537 = DIRECTION('',(0.,1.,0.));
#1538 = ORIENTED_EDGE('',*,*,#1539,.T.);
#1539 = EDGE_CURVE('',#1532,#1540,#1542,.T.);
#1540 = VERTEX_POINT('',#1541);
#1541 = CARTESIAN_POINT('',(398.,650.,870.));
#1542 = LINE('',#1543,#1544);
#1543 = CARTESIAN_POINT('',(398.,650.,852.));
#1544 = VECTOR('',#1545,1.);
#1545 = DIRECTION('',(0.,0.,1.));
#1546 = ORIENTED_EDGE('',*,*,#1547,.F.);
#1547 = EDGE_CURVE('',#1524,#1540,#1548,.T.);
#1548 = LINE('',#1549,#1550);
#1549 = CARTESIAN_POINT('',(398.,550.,870.));
#1550 = VECTOR('',#1551,1.);
#1551 = DIRECTION('',(0.,1.,0.));
#1552 = PLANE('',#1553);
#1553 = AXIS2_PLACEMENT_3D('',#1554,#1555,#1556);
#1554 = CARTESIAN_POINT('',(398.,550.,852.));
#1555 = DIRECTION('',(1.,0.,0.));
#1556 = DIRECTION('',(0.,0.,1.));
#1557 = ADVANCED_FACE('',(#1558),#1592,.T.);
#1558 = FACE_BOUND('',#1559,.T.);
#1559 = EDGE_LOOP('',(#1560,#1570,#1578,#1586));
#1560 = ORIENTED_EDGE('',*,*,#1561,.F.);
#1561 = EDGE_CURVE('',#1562,#1564,#1566,.T.);
#1562 = VERTEX_POINT('',#1563);
#1563 = CARTESIAN_POINT('',(1.522E+03,550.,852.));
#1564 = VERTEX_POINT('',#1565);
#1565 = CARTESIAN_POINT('',(1.522E+03,550.,870.));
#1566 = LINE('',#1567,#1568);
#1567 = CARTESIAN_POINT('',(1.522E+03,550.,852.));
#1568 = VECTOR('',#1569,1.);
#1569 = DIRECTION('',(0.,0.,1.));
#1570 = ORIENTED_EDGE('',*,*,#1571,.T.);
#1571 = EDGE_CURVE('',#1562,#1572,#1574,.T.);
#1572 = VERTEX_POINT('',#1573);
#1573 = CARTESIAN_POINT('',(1.522E+03,650.,852.));
#1574 = LINE('',#1575,#1576);
#1575 = CARTESIAN_POINT('',(1.522E+03,550.,852.));
#1576 = VECTOR('',#1577,1.);
#1577 = DIRECTION('',(0.,1.,0.));
#1578 = ORIENTED_EDGE('',*,*,#1579,.T.);
#1579 = EDGE_CURVE('',#1572,#1580,#1582,.T.);
#1580 = VERTEX_POINT('',#1581);
#1581 = CARTESIAN_POINT('',(1.522E+03,650.,870.));
#1582 = LINE('',#1583,#1584);
#1583 = CARTESIAN_POINT('',(1.522E+03,650.,852.));
#1584 = VECTOR('',#1585,1.);
#1585 = DIRECTION('',(0.,0.,1.));
#1586 = ORIENTED_EDGE('',*,*,#1587,.F.);
#1587 = EDGE_CURVE('',#1564,#1580,#1588,.T.);
#1588 = LINE('',#1589,#1590);
#1589 = CARTESIAN_POINT('',(1.522E+03,550.,870.));
#1590 = VECTOR('',#1591,1.);
#1591 = DIRECTION('',(0.,1.,0.));
#1592 = PLANE('',#1593);
#1593 = AXIS2_PLACEMENT_3D('',#1594,#1595,#1596);
#1594 = CARTESIAN_POINT('',(1.522E+03,550.,852.));
#1595 = DIRECTION('',(1.,0.,0.));
#1596 = DIRECTION('',(0.,0.,1.));
#1597 = ADVANCED_FACE('',(#1598),#1614,.F.);
#1598 = FACE_BOUND('',#1599,.F.);
#1599 = EDGE_LOOP('',(#1600,#1606,#1607,#1613));
#1600 = ORIENTED_EDGE('',*,*,#1601,.F.);
#1601 = EDGE_CURVE('',#1522,#1562,#1602,.T.);
#1602 = LINE('',#1603,#1604);
#1603 = CARTESIAN_POINT('',(398.,550.,852.));
#1604 = VECTOR('',#1605,1.);
#1605 = DIRECTION('',(1.,0.,0.));
#1606 = ORIENTED_EDGE('',*,*,#1521,.T.);
#1607 = ORIENTED_EDGE('',*,*,#1608,.T.);
#1608 = EDGE_CURVE('',#1524,#1564,#1609,.T.);
#1609 = LINE('',#1610,#1611);
#1610 = CARTESIAN_POINT('',(398.,550.,870.));
#1611 = VECTOR('',#1612,1.);
#1612 = DIRECTION('',(1.,0.,0.));
#1613 = ORIENTED_EDGE('',*,*,#1561,.F.);
#1614 = PLANE('',#1615);
#1615 = AXIS2_PLACEMENT_3D('',#1616,#1617,#1618);
#1616 = CARTESIAN_POINT('',(398.,550.,852.));
#1617 = DIRECTION('',(0.,1.,0.));
#1618 = DIRECTION('',(0.,0.,1.));
#1619 = ADVANCED_FACE('',(#1620),#1636,.T.);
#1620 = FACE_BOUND('',#1621,.T.);
#1621 = EDGE_LOOP('',(#1622,#1628,#1629,#1635));
#1622 = ORIENTED_EDGE('',*,*,#1623,.F.);
#1623 = EDGE_CURVE('',#1532,#1572,#1624,.T.);
#1624 = LINE('',#1625,#1626);
#1625 = CARTESIAN_POINT('',(398.,650.,852.));
#1626 = VECTOR('',#1627,1.);
#1627 = DIRECTION('',(1.,0.,0.));
#1628 = ORIENTED_EDGE('',*,*,#1539,.T.);
#1629 = ORIENTED_EDGE('',*,*,#1630,.T.);
#1630 = EDGE_CURVE('',#1540,#1580,#1631,.T.);
#1631 = LINE('',#1632,#1633);
#1632 = CARTESIAN_POINT('',(398.,650.,870.));
#1633 = VECTOR('',#1634,1.);
#1634 = DIRECTION('',(1.,0.,0.));
#1635 = ORIENTED_EDGE('',*,*,#1579,.F.);
#1636 = PLANE('',#1637);
#1637 = AXIS2_PLACEMENT_3D('',#1638,#1639,#1640);
#1638 = CARTESIAN_POINT('',(398.,650.,852.));
#1639 = DIRECTION('',(0.,1.,0.));
#1640 = DIRECTION('',(0.,0.,1.));
#1641 = ADVANCED_FACE('',(#1642),#1648,.F.);
#1642 = FACE_BOUND('',#1643,.F.);
#1643 = EDGE_LOOP('',(#1644,#1645,#1646,#1647));
#1644 = ORIENTED_EDGE('',*,*,#1531,.F.);
#1645 = ORIENTED_EDGE('',*,*,#1601,.T.);
#1646 = ORIENTED_EDGE('',*,*,#1571,.T.);
#1647 = ORIENTED_EDGE('',*,*,#1623,.F.);
#1648 = PLANE('',#1649);
#1649 = AXIS2_PLACEMENT_3D('',#1650,#1651,#1652);
#1650 = CARTESIAN_POINT('',(398.,550.,852.));
#1651 = DIRECTION('',(0.,0.,1.));
#1652 = DIRECTION('',(1.,0.,0.));
#1653 = ADVANCED_FACE('',(#1654),#1660,.T.);
#1654 = FACE_BOUND('',#1655,.T.);
#1655 = EDGE_LOOP('',(#1656,#1657,#1658,#1659));
#1656 = ORIENTED_EDGE('',*,*,#1547,.F.);
#1657 = ORIENTED_EDGE('',*,*,#1608,.T.);
#1658 = ORIENTED_EDGE('',*,*,#1587,.T.);
#1659 = ORIENTED_EDGE('',*,*,#1630,.F.);
#1660 = PLANE('',#1661);
#1661 = AXIS2_PLACEMENT_3D('',#1662,#1663,#1664);
#1662 = CARTESIAN_POINT('',(398.,550.,870.));
#1663 = DIRECTION('',(0.,0.,1.));
#1664 = DIRECTION('',(1.,0.,0.));
#1665 = MANIFOLD_SOLID_BREP('',#1666);
#1666 = CLOSED_SHELL('',(#1667,#1707,#1747,#1769,#1791,#1803));
#1667 = ADVANCED_FACE('',(#1668),#1702,.F.);
#1668 = FACE_BOUND('',#1669,.F.);
#1669 = EDGE_LOOP('',(#1670,#1680,#1688,#1696));
#1670 = ORIENTED_EDGE('',*,*,#1671,.F.);
#1671 = EDGE_CURVE('',#1672,#1674,#1676,.T.);
#1672 = VERTEX_POINT('',#1673);
#1673 = CARTESIAN_POINT('',(30.,30.,0.));
#1674 = VERTEX_POINT('',#1675);
#1675 = CARTESIAN_POINT('',(30.,30.,80.));
#1676 = LINE('',#1677,#1678);
#1677 = CARTESIAN_POINT('',(30.,30.,0.));
#1678 = VECTOR('',#1679,1.);
#1679 = DIRECTION('',(0.,0.,1.));
#1680 = ORIENTED_EDGE('',*,*,#1681,.T.);
#1681 = EDGE_CURVE('',#1672,#1682,#1684,.T.);
#1682 = VERTEX_POINT('',#1683);
#1683 = CARTESIAN_POINT('',(30.,70.,0.));
#1684 = LINE('',#1685,#1686);
#1685 = CARTESIAN_POINT('',(30.,30.,0.));
#1686 = VECTOR('',#1687,1.);
#1687 = DIRECTION('',(0.,1.,0.));
#1688 = ORIENTED_EDGE('',*,*,#1689,.T.);
#1689 = EDGE_CURVE('',#1682,#1690,#1692,.T.);
#1690 = VERTEX_POINT('',#1691);
#1691 = CARTESIAN_POINT('',(30.,70.,80.));
#1692 = LINE('',#1693,#1694);
#1693 = CARTESIAN_POINT('',(30.,70.,0.));
#1694 = VECTOR('',#1695,1.);
#1695 = DIRECTION('',(0.,0.,1.));
#1696 = ORIENTED_EDGE('',*,*,#1697,.F.);
#1697 = EDGE_CURVE('',#1674,#1690,#1698,.T.);
#1698 = LINE('',#1699,#1700);
#1699 = CARTESIAN_POINT('',(30.,30.,80.));
#1700 = VECTOR('',#1701,1.);
#1701 = DIRECTION('',(0.,1.,0.));
#1702 = PLANE('',#1703);
#1703 = AXIS2_PLACEMENT_3D('',#1704,#1705,#1706);
#1704 = CARTESIAN_POINT('',(30.,30.,0.));
#1705 = DIRECTION('',(1.,0.,0.));
#1706 = DIRECTION('',(0.,0.,1.));
#1707 = ADVANCED_FACE('',(#1708),#1742,.T.);
#1708 = FACE_BOUND('',#1709,.T.);
#1709 = EDGE_LOOP('',(#1710,#1720,#1728,#1736));
#1710 = ORIENTED_EDGE('',*,*,#1711,.F.);
#1711 = EDGE_CURVE('',#1712,#1714,#1716,.T.);
#1712 = VERTEX_POINT('',#1713);
#1713 = CARTESIAN_POINT('',(70.,30.,0.));
#1714 = VERTEX_POINT('',#1715);
#1715 = CARTESIAN_POINT('',(70.,30.,80.));
#1716 = LINE('',#1717,#1718);
#1717 = CARTESIAN_POINT('',(70.,30.,0.));
#1718 = VECTOR('',#1719,1.);
#1719 = DIRECTION('',(0.,0.,1.));
#1720 = ORIENTED_EDGE('',*,*,#1721,.T.);
#1721 = EDGE_CURVE('',#1712,#1722,#1724,.T.);
#1722 = VERTEX_POINT('',#1723);
#1723 = CARTESIAN_POINT('',(70.,70.,0.));
#1724 = LINE('',#1725,#1726);
#1725 = CARTESIAN_POINT('',(70.,30.,0.));
#1726 = VECTOR('',#1727,1.);
#1727 = DIRECTION('',(0.,1.,0.));
#1728 = ORIENTED_EDGE('',*,*,#1729,.T.);
#1729 = EDGE_CURVE('',#1722,#1730,#1732,.T.);
#1730 = VERTEX_POINT('',#1731);
#1731 = CARTESIAN_POINT('',(70.,70.,80.));
#1732 = LINE('',#1733,#1734);
#1733 = CARTESIAN_POINT('',(70.,70.,0.));
#1734 = VECTOR('',#1735,1.);
#1735 = DIRECTION('',(0.,0.,1.));
#1736 = ORIENTED_EDGE('',*,*,#1737,.F.);
#1737 = EDGE_CURVE('',#1714,#1730,#1738,.T.);
#1738 = LINE('',#1739,#1740);
#1739 = CARTESIAN_POINT('',(70.,30.,80.));
#1740 = VECTOR('',#1741,1.);
#1741 = DIRECTION('',(0.,1.,0.));
#1742 = PLANE('',#1743);
#1743 = AXIS2_PLACEMENT_3D('',#1744,#1745,#1746);
#1744 = CARTESIAN_POINT('',(70.,30.,0.));
#1745 = DIRECTION('',(1.,0.,0.));
#1746 = DIRECTION('',(0.,0.,1.));
#1747 = ADVANCED_FACE('',(#1748),#1764,.F.);
#1748 = FACE_BOUND('',#1749,.F.);
#1749 = EDGE_LOOP('',(#1750,#1756,#1757,#1763));
#1750 = ORIENTED_EDGE('',*,*,#1751,.F.);
#1751 = EDGE_CURVE('',#1672,#1712,#1752,.T.);
#1752 = LINE('',#1753,#1754);
#1753 = CARTESIAN_POINT('',(30.,30.,0.));
#1754 = VECTOR('',#1755,1.);
#1755 = DIRECTION('',(1.,0.,0.));
#1756 = ORIENTED_EDGE('',*,*,#1671,.T.);
#1757 = ORIENTED_EDGE('',*,*,#1758,.T.);
#1758 = EDGE_CURVE('',#1674,#1714,#1759,.T.);
#1759 = LINE('',#1760,#1761);
#1760 = CARTESIAN_POINT('',(30.,30.,80.));
#1761 = VECTOR('',#1762,1.);
#1762 = DIRECTION('',(1.,0.,0.));
#1763 = ORIENTED_EDGE('',*,*,#1711,.F.);
#1764 = PLANE('',#1765);
#1765 = AXIS2_PLACEMENT_3D('',#1766,#1767,#1768);
#1766 = CARTESIAN_POINT('',(30.,30.,0.));
#1767 = DIRECTION('',(0.,1.,0.));
#1768 = DIRECTION('',(0.,0.,1.));
#1769 = ADVANCED_FACE('',(#1770),#1786,.T.);
#1770 = FACE_BOUND('',#1771,.T.);
#1771 = EDGE_LOOP('',(#1772,#1778,#1779,#1785));
#1772 = ORIENTED_EDGE('',*,*,#1773,.F.);
#1773 = EDGE_CURVE('',#1682,#1722,#1774,.T.);
#1774 = LINE('',#1775,#1776);
#1775 = CARTESIAN_POINT('',(30.,70.,0.));
#1776 = VECTOR('',#1777,1.);
#1777 = DIRECTION('',(1.,0.,0.));
#1778 = ORIENTED_EDGE('',*,*,#1689,.T.);
#1779 = ORIENTED_EDGE('',*,*,#1780,.T.);
#1780 = EDGE_CURVE('',#1690,#1730,#1781,.T.);
#1781 = LINE('',#1782,#1783);
#1782 = CARTESIAN_POINT('',(30.,70.,80.));
#1783 = VECTOR('',#1784,1.);
#1784 = DIRECTION('',(1.,0.,0.));
#1785 = ORIENTED_EDGE('',*,*,#1729,.F.);
#1786 = PLANE('',#1787);
#1787 = AXIS2_PLACEMENT_3D('',#1788,#1789,#1790);
#1788 = CARTESIAN_POINT('',(30.,70.,0.));
#1789 = DIRECTION('',(0.,1.,0.));
#1790 = DIRECTION('',(0.,0.,1.));
#1791 = ADVANCED_FACE('',(#1792),#1798,.F.);
#1792 = FACE_BOUND('',#1793,.F.);
#1793 = EDGE_LOOP('',(#1794,#1795,#1796,#1797));
#1794 = ORIENTED_EDGE('',*,*,#1681,.F.);
#1795 = ORIENTED_EDGE('',*,*,#1751,.T.);
#1796 = ORIENTED_EDGE('',*,*,#1721,.T.);
#1797 = ORIENTED_EDGE('',*,*,#1773,.F.);
#1798 = PLANE('',#1799);
#1799 = AXIS2_PLACEMENT_3D('',#1800,#1801,#1802);
#1800 = CARTESIAN_POINT('',(30.,30.,0.));
#1801 = DIRECTION('',(0.,0.,1.));
#1802 = DIRECTION('',(1.,0.,0.));
#1803 = ADVANCED_FACE('',(#1804),#1810,.T.);
#1804 = FACE_BOUND('',#1805,.T.);
#1805 = EDGE_LOOP('',(#1806,#1807,#1808,#1809));
#1806 = ORIENTED_EDGE('',*,*,#1697,.F.);
#1807 = ORIENTED_EDGE('',*,*,#1758,.T.);
#1808 = ORIENTED_EDGE('',*,*,#1737,.T.);
#1809 = ORIENTED_EDGE('',*,*,#1780,.F.);
#1810 = PLANE('',#1811);
#1811 = AXIS2_PLACEMENT_3D('',#1812,#1813,#1814);
#1812 = CARTESIAN_POINT('',(30.,30.,80.));
#1813 = DIRECTION('',(0.,0.,1.));
#1814 = DIRECTION('',(1.,0.,0.));
#1815 = MANIFOLD_SOLID_BREP('',#1816);
#1816 = CLOSED_SHELL('',(#1817,#1857,#1897,#1919,#1941,#1953));
#1817 = ADVANCED_FACE('',(#1818),#1852,.F.);
#1818 = FACE_BOUND('',#1819,.F.);
#1819 = EDGE_LOOP('',(#1820,#1830,#1838,#1846));
#1820 = ORIENTED_EDGE('',*,*,#1821,.F.);
#1821 = EDGE_CURVE('',#1822,#1824,#1826,.T.);
#1822 = VERTEX_POINT('',#1823);
#1823 = CARTESIAN_POINT('',(30.,580.,0.));
#1824 = VERTEX_POINT('',#1825);
#1825 = CARTESIAN_POINT('',(30.,580.,80.));
#1826 = LINE('',#1827,#1828);
#1827 = CARTESIAN_POINT('',(30.,580.,0.));
#1828 = VECTOR('',#1829,1.);
#1829 = DIRECTION('',(0.,0.,1.));
#1830 = ORIENTED_EDGE('',*,*,#1831,.T.);
#1831 = EDGE_CURVE('',#1822,#1832,#1834,.T.);
#1832 = VERTEX_POINT('',#1833);
#1833 = CARTESIAN_POINT('',(30.,620.,0.));
#1834 = LINE('',#1835,#1836);
#1835 = CARTESIAN_POINT('',(30.,580.,0.));
#1836 = VECTOR('',#1837,1.);
#1837 = DIRECTION('',(0.,1.,0.));
#1838 = ORIENTED_EDGE('',*,*,#1839,.T.);
#1839 = EDGE_CURVE('',#1832,#1840,#1842,.T.);
#1840 = VERTEX_POINT('',#1841);
#1841 = CARTESIAN_POINT('',(30.,620.,80.));
#1842 = LINE('',#1843,#1844);
#1843 = CARTESIAN_POINT('',(30.,620.,0.));
#1844 = VECTOR('',#1845,1.);
#1845 = DIRECTION('',(0.,0.,1.));
#1846 = ORIENTED_EDGE('',*,*,#1847,.F.);
#1847 = EDGE_CURVE('',#1824,#1840,#1848,.T.);
#1848 = LINE('',#1849,#1850);
#1849 = CARTESIAN_POINT('',(30.,580.,80.));
#1850 = VECTOR('',#1851,1.);
#1851 = DIRECTION('',(0.,1.,0.));
#1852 = PLANE('',#1853);
#1853 = AXIS2_PLACEMENT_3D('',#1854,#1855,#1856);
#1854 = CARTESIAN_POINT('',(30.,580.,0.));
#1855 = DIRECTION('',(1.,0.,0.));
#1856 = DIRECTION('',(0.,0.,1.));
#1857 = ADVANCED_FACE('',(#1858),#1892,.T.);
#1858 = FACE_BOUND('',#1859,.T.);
#1859 = EDGE_LOOP('',(#1860,#1870,#1878,#1886));
#1860 = ORIENTED_EDGE('',*,*,#1861,.F.);
#1861 = EDGE_CURVE('',#1862,#1864,#1866,.T.);
#1862 = VERTEX_POINT('',#1863);
#1863 = CARTESIAN_POINT('',(70.,580.,0.));
#1864 = VERTEX_POINT('',#1865);
#1865 = CARTESIAN_POINT('',(70.,580.,80.));
#1866 = LINE('',#1867,#1868);
#1867 = CARTESIAN_POINT('',(70.,580.,0.));
#1868 = VECTOR('',#1869,1.);
#1869 = DIRECTION('',(0.,0.,1.));
#1870 = ORIENTED_EDGE('',*,*,#1871,.T.);
#1871 = EDGE_CURVE('',#1862,#1872,#1874,.T.);
#1872 = VERTEX_POINT('',#1873);
#1873 = CARTESIAN_POINT('',(70.,620.,0.));
#1874 = LINE('',#1875,#1876);
#1875 = CARTESIAN_POINT('',(70.,580.,0.));
#1876 = VECTOR('',#1877,1.);
#1877 = DIRECTION('',(0.,1.,0.));
#1878 = ORIENTED_EDGE('',*,*,#1879,.T.);
#1879 = EDGE_CURVE('',#1872,#1880,#1882,.T.);
#1880 = VERTEX_POINT('',#1881);
#1881 = CARTESIAN_POINT('',(70.,620.,80.));
#1882 = LINE('',#1883,#1884);
#1883 = CARTESIAN_POINT('',(70.,620.,0.));
#1884 = VECTOR('',#1885,1.);
#1885 = DIRECTION('',(0.,0.,1.));
#1886 = ORIENTED_EDGE('',*,*,#1887,.F.);
#1887 = EDGE_CURVE('',#1864,#1880,#1888,.T.);
#1888 = LINE('',#1889,#1890);
#1889 = CARTESIAN_POINT('',(70.,580.,80.));
#1890 = VECTOR('',#1891,1.);
#1891 = DIRECTION('',(0.,1.,0.));
#1892 = PLANE('',#1893);
#1893 = AXIS2_PLACEMENT_3D('',#1894,#1895,#1896);
#1894 = CARTESIAN_POINT('',(70.,580.,0.));
#1895 = DIRECTION('',(1.,0.,0.));
#1896 = DIRECTION('',(0.,0.,1.));
#1897 = ADVANCED_FACE('',(#1898),#1914,.F.);
#1898 = FACE_BOUND('',#1899,.F.);
#1899 = EDGE_LOOP('',(#1900,#1906,#1907,#1913));
#1900 = ORIENTED_EDGE('',*,*,#1901,.F.);
#1901 = EDGE_CURVE('',#1822,#1862,#1902,.T.);
#1902 = LINE('',#1903,#1904);
#1903 = CARTESIAN_POINT('',(30.,580.,0.));
#1904 = VECTOR('',#1905,1.);
#1905 = DIRECTION('',(1.,0.,0.));
#1906 = ORIENTED_EDGE('',*,*,#1821,.T.);
#1907 = ORIENTED_EDGE('',*,*,#1908,.T.);
#1908 = EDGE_CURVE('',#1824,#1864,#1909,.T.);
#1909 = LINE('',#1910,#1911);
#1910 = CARTESIAN_POINT('',(30.,580.,80.));
#1911 = VECTOR('',#1912,1.);
#1912 = DIRECTION('',(1.,0.,0.));
#1913 = ORIENTED_EDGE('',*,*,#1861,.F.);
#1914 = PLANE('',#1915);
#1915 = AXIS2_PLACEMENT_3D('',#1916,#1917,#1918);
#1916 = CARTESIAN_POINT('',(30.,580.,0.));
#1917 = DIRECTION('',(0.,1.,0.));
#1918 = DIRECTION('',(0.,0.,1.));
#1919 = ADVANCED_FACE('',(#1920),#1936,.T.);
#1920 = FACE_BOUND('',#1921,.T.);
#1921 = EDGE_LOOP('',(#1922,#1928,#1929,#1935));
#1922 = ORIENTED_EDGE('',*,*,#1923,.F.);
#1923 = EDGE_CURVE('',#1832,#1872,#1924,.T.);
#1924 = LINE('',#1925,#1926);
#1925 = CARTESIAN_POINT('',(30.,620.,0.));
#1926 = VECTOR('',#1927,1.);
#1927 = DIRECTION('',(1.,0.,0.));
#1928 = ORIENTED_EDGE('',*,*,#1839,.T.);
#1929 = ORIENTED_EDGE('',*,*,#1930,.T.);
#1930 = EDGE_CURVE('',#1840,#1880,#1931,.T.);
#1931 = LINE('',#1932,#1933);
#1932 = CARTESIAN_POINT('',(30.,620.,80.));
#1933 = VECTOR('',#1934,1.);
#1934 = DIRECTION('',(1.,0.,0.));
#1935 = ORIENTED_EDGE('',*,*,#1879,.F.);
#1936 = PLANE('',#1937);
#1937 = AXIS2_PLACEMENT_3D('',#1938,#1939,#1940);
#1938 = CARTESIAN_POINT('',(30.,620.,0.));
#1939 = DIRECTION('',(0.,1.,0.));
#1940 = DIRECTION('',(0.,0.,1.));
#1941 = ADVANCED_FACE('',(#1942),#1948,.F.);
#1942 = FACE_BOUND('',#1943,.F.);
#1943 = EDGE_LOOP('',(#1944,#1945,#1946,#1947));
#1944 = ORIENTED_EDGE('',*,*,#1831,.F.);
#1945 = ORIENTED_EDGE('',*,*,#1901,.T.);
#1946 = ORIENTED_EDGE('',*,*,#1871,.T.);
#1947 = ORIENTED_EDGE('',*,*,#1923,.F.);
#1948 = PLANE('',#1949);
#1949 = AXIS2_PLACEMENT_3D('',#1950,#1951,#1952);
#1950 = CARTESIAN_POINT('',(30.,580.,0.));
#1951 = DIRECTION('',(0.,0.,1.));
#1952 = DIRECTION('',(1.,0.,0.));
#1953 = ADVANCED_FACE('',(#1954),#1960,.T.);
#1954 = FACE_BOUND('',#1955,.T.);
#1955 = EDGE_LOOP('',(#1956,#1957,#1958,#1959));
#1956 = ORIENTED_EDGE('',*,*,#1847,.F.);
#1957 = ORIENTED_EDGE('',*,*,#1908,.T.);
#1958 = ORIENTED_EDGE('',*,*,#1887,.T.);
#1959 = ORIENTED_EDGE('',*,*,#1930,.F.);
#1960 = PLANE('',#1961);
#1961 = AXIS2_PLACEMENT_3D('',#1962,#1963,#1964);
#1962 = CARTESIAN_POINT('',(30.,580.,80.));
#1963 = DIRECTION('',(0.,0.,1.));
#1964 = DIRECTION('',(1.,0.,0.));
#1965 = MANIFOLD_SOLID_BREP('',#1966);
#1966 = CLOSED_SHELL('',(#1967,#2007,#2047,#2069,#2091,#2103));
#1967 = ADVANCED_FACE('',(#1968),#2002,.F.);
#1968 = FACE_BOUND('',#1969,.F.);
#1969 = EDGE_LOOP('',(#1970,#1980,#1988,#1996));
#1970 = ORIENTED_EDGE('',*,*,#1971,.F.);
#1971 = EDGE_CURVE('',#1972,#1974,#1976,.T.);
#1972 = VERTEX_POINT('',#1973);
#1973 = CARTESIAN_POINT('',(348.,30.,0.));
#1974 = VERTEX_POINT('',#1975);
#1975 = CARTESIAN_POINT('',(348.,30.,80.));
#1976 = LINE('',#1977,#1978);
#1977 = CARTESIAN_POINT('',(348.,30.,0.));
#1978 = VECTOR('',#1979,1.);
#1979 = DIRECTION('',(0.,0.,1.));
#1980 = ORIENTED_EDGE('',*,*,#1981,.T.);
#1981 = EDGE_CURVE('',#1972,#1982,#1984,.T.);
#1982 = VERTEX_POINT('',#1983);
#1983 = CARTESIAN_POINT('',(348.,70.,0.));
#1984 = LINE('',#1985,#1986);
#1985 = CARTESIAN_POINT('',(348.,30.,0.));
#1986 = VECTOR('',#1987,1.);
#1987 = DIRECTION('',(0.,1.,0.));
#1988 = ORIENTED_EDGE('',*,*,#1989,.T.);
#1989 = EDGE_CURVE('',#1982,#1990,#1992,.T.);
#1990 = VERTEX_POINT('',#1991);
#1991 = CARTESIAN_POINT('',(348.,70.,80.));
#1992 = LINE('',#1993,#1994);
#1993 = CARTESIAN_POINT('',(348.,70.,0.));
#1994 = VECTOR('',#1995,1.);
#1995 = DIRECTION('',(0.,0.,1.));
#1996 = ORIENTED_EDGE('',*,*,#1997,.F.);
#1997 = EDGE_CURVE('',#1974,#1990,#1998,.T.);
#1998 = LINE('',#1999,#2000);
#1999 = CARTESIAN_POINT('',(348.,30.,80.));
#2000 = VECTOR('',#2001,1.);
#2001 = DIRECTION('',(0.,1.,0.));
#2002 = PLANE('',#2003);
#2003 = AXIS2_PLACEMENT_3D('',#2004,#2005,#2006);
#2004 = CARTESIAN_POINT('',(348.,30.,0.));
#2005 = DIRECTION('',(1.,0.,0.));
#2006 = DIRECTION('',(0.,0.,1.));
#2007 = ADVANCED_FACE('',(#2008),#2042,.T.);
#2008 = FACE_BOUND('',#2009,.T.);
#2009 = EDGE_LOOP('',(#2010,#2020,#2028,#2036));
#2010 = ORIENTED_EDGE('',*,*,#2011,.F.);
#2011 = EDGE_CURVE('',#2012,#2014,#2016,.T.);
#2012 = VERTEX_POINT('',#2013);
#2013 = CARTESIAN_POINT('',(388.,30.,0.));
#2014 = VERTEX_POINT('',#2015);
#2015 = CARTESIAN_POINT('',(388.,30.,80.));
#2016 = LINE('',#2017,#2018);
#2017 = CARTESIAN_POINT('',(388.,30.,0.));
#2018 = VECTOR('',#2019,1.);
#2019 = DIRECTION('',(0.,0.,1.));
#2020 = ORIENTED_EDGE('',*,*,#2021,.T.);
#2021 = EDGE_CURVE('',#2012,#2022,#2024,.T.);
#2022 = VERTEX_POINT('',#2023);
#2023 = CARTESIAN_POINT('',(388.,70.,0.));
#2024 = LINE('',#2025,#2026);
#2025 = CARTESIAN_POINT('',(388.,30.,0.));
#2026 = VECTOR('',#2027,1.);
#2027 = DIRECTION('',(0.,1.,0.));
#2028 = ORIENTED_EDGE('',*,*,#2029,.T.);
#2029 = EDGE_CURVE('',#2022,#2030,#2032,.T.);
#2030 = VERTEX_POINT('',#2031);
#2031 = CARTESIAN_POINT('',(388.,70.,80.));
#2032 = LINE('',#2033,#2034);
#2033 = CARTESIAN_POINT('',(388.,70.,0.));
#2034 = VECTOR('',#2035,1.);
#2035 = DIRECTION('',(0.,0.,1.));
#2036 = ORIENTED_EDGE('',*,*,#2037,.F.);
#2037 = EDGE_CURVE('',#2014,#2030,#2038,.T.);
#2038 = LINE('',#2039,#2040);
#2039 = CARTESIAN_POINT('',(388.,30.,80.));
#2040 = VECTOR('',#2041,1.);
#2041 = DIRECTION('',(0.,1.,0.));
#2042 = PLANE('',#2043);
#2043 = AXIS2_PLACEMENT_3D('',#2044,#2045,#2046);
#2044 = CARTESIAN_POINT('',(388.,30.,0.));
#2045 = DIRECTION('',(1.,0.,0.));
#2046 = DIRECTION('',(0.,0.,1.));
#2047 = ADVANCED_FACE('',(#2048),#2064,.F.);
#2048 = FACE_BOUND('',#2049,.F.);
#2049 = EDGE_LOOP('',(#2050,#2056,#2057,#2063));
#2050 = ORIENTED_EDGE('',*,*,#2051,.F.);
#2051 = EDGE_CURVE('',#1972,#2012,#2052,.T.);
#2052 = LINE('',#2053,#2054);
#2053 = CARTESIAN_POINT('',(348.,30.,0.));
#2054 = VECTOR('',#2055,1.);
#2055 = DIRECTION('',(1.,0.,0.));
#2056 = ORIENTED_EDGE('',*,*,#1971,.T.);
#2057 = ORIENTED_EDGE('',*,*,#2058,.T.);
#2058 = EDGE_CURVE('',#1974,#2014,#2059,.T.);
#2059 = LINE('',#2060,#2061);
#2060 = CARTESIAN_POINT('',(348.,30.,80.));
#2061 = VECTOR('',#2062,1.);
#2062 = DIRECTION('',(1.,0.,0.));
#2063 = ORIENTED_EDGE('',*,*,#2011,.F.);
#2064 = PLANE('',#2065);
#2065 = AXIS2_PLACEMENT_3D('',#2066,#2067,#2068);
#2066 = CARTESIAN_POINT('',(348.,30.,0.));
#2067 = DIRECTION('',(0.,1.,0.));
#2068 = DIRECTION('',(0.,0.,1.));
#2069 = ADVANCED_FACE('',(#2070),#2086,.T.);
#2070 = FACE_BOUND('',#2071,.T.);
#2071 = EDGE_LOOP('',(#2072,#2078,#2079,#2085));
#2072 = ORIENTED_EDGE('',*,*,#2073,.F.);
#2073 = EDGE_CURVE('',#1982,#2022,#2074,.T.);
#2074 = LINE('',#2075,#2076);
#2075 = CARTESIAN_POINT('',(348.,70.,0.));
#2076 = VECTOR('',#2077,1.);
#2077 = DIRECTION('',(1.,0.,0.));
#2078 = ORIENTED_EDGE('',*,*,#1989,.T.);
#2079 = ORIENTED_EDGE('',*,*,#2080,.T.);
#2080 = EDGE_CURVE('',#1990,#2030,#2081,.T.);
#2081 = LINE('',#2082,#2083);
#2082 = CARTESIAN_POINT('',(348.,70.,80.));
#2083 = VECTOR('',#2084,1.);
#2084 = DIRECTION('',(1.,0.,0.));
#2085 = ORIENTED_EDGE('',*,*,#2029,.F.);
#2086 = PLANE('',#2087);
#2087 = AXIS2_PLACEMENT_3D('',#2088,#2089,#2090);
#2088 = CARTESIAN_POINT('',(348.,70.,0.));
#2089 = DIRECTION('',(0.,1.,0.));
#2090 = DIRECTION('',(0.,0.,1.));
#2091 = ADVANCED_FACE('',(#2092),#2098,.F.);
#2092 = FACE_BOUND('',#2093,.F.);
#2093 = EDGE_LOOP('',(#2094,#2095,#2096,#2097));
#2094 = ORIENTED_EDGE('',*,*,#1981,.F.);
#2095 = ORIENTED_EDGE('',*,*,#2051,.T.);
#2096 = ORIENTED_EDGE('',*,*,#2021,.T.);
#2097 = ORIENTED_EDGE('',*,*,#2073,.F.);
#2098 = PLANE('',#2099);
#2099 = AXIS2_PLACEMENT_3D('',#2100,#2101,#2102);
#2100 = CARTESIAN_POINT('',(348.,30.,0.));
#2101 = DIRECTION('',(0.,0.,1.));
#2102 = DIRECTION('',(1.,0.,0.));
#2103 = ADVANCED_FACE('',(#2104),#2110,.T.);
#2104 = FACE_BOUND('',#2105,.T.);
#2105 = EDGE_LOOP('',(#2106,#2107,#2108,#2109));
#2106 = ORIENTED_EDGE('',*,*,#1997,.F.);
#2107 = ORIENTED_EDGE('',*,*,#2058,.T.);
#2108 = ORIENTED_EDGE('',*,*,#2037,.T.);
#2109 = ORIENTED_EDGE('',*,*,#2080,.F.);
#2110 = PLANE('',#2111);
#2111 = AXIS2_PLACEMENT_3D('',#2112,#2113,#2114);
#2112 = CARTESIAN_POINT('',(348.,30.,80.));
#2113 = DIRECTION('',(0.,0.,1.));
#2114 = DIRECTION('',(1.,0.,0.));
#2115 = MANIFOLD_SOLID_BREP('',#2116);
#2116 = CLOSED_SHELL('',(#2117,#2157,#2197,#2219,#2241,#2253));
#2117 = ADVANCED_FACE('',(#2118),#2152,.F.);
#2118 = FACE_BOUND('',#2119,.F.);
#2119 = EDGE_LOOP('',(#2120,#2130,#2138,#2146));
#2120 = ORIENTED_EDGE('',*,*,#2121,.F.);
#2121 = EDGE_CURVE('',#2122,#2124,#2126,.T.);
#2122 = VERTEX_POINT('',#2123);
#2123 = CARTESIAN_POINT('',(348.,580.,0.));
#2124 = VERTEX_POINT('',#2125);
#2125 = CARTESIAN_POINT('',(348.,580.,80.));
#2126 = LINE('',#2127,#2128);
#2127 = CARTESIAN_POINT('',(348.,580.,0.));
#2128 = VECTOR('',#2129,1.);
#2129 = DIRECTION('',(0.,0.,1.));
#2130 = ORIENTED_EDGE('',*,*,#2131,.T.);
#2131 = EDGE_CURVE('',#2122,#2132,#2134,.T.);
#2132 = VERTEX_POINT('',#2133);
#2133 = CARTESIAN_POINT('',(348.,620.,0.));
#2134 = LINE('',#2135,#2136);
#2135 = CARTESIAN_POINT('',(348.,580.,0.));
#2136 = VECTOR('',#2137,1.);
#2137 = DIRECTION('',(0.,1.,0.));
#2138 = ORIENTED_EDGE('',*,*,#2139,.T.);
#2139 = EDGE_CURVE('',#2132,#2140,#2142,.T.);
#2140 = VERTEX_POINT('',#2141);
#2141 = CARTESIAN_POINT('',(348.,620.,80.));
#2142 = LINE('',#2143,#2144);
#2143 = CARTESIAN_POINT('',(348.,620.,0.));
#2144 = VECTOR('',#2145,1.);
#2145 = DIRECTION('',(0.,0.,1.));
#2146 = ORIENTED_EDGE('',*,*,#2147,.F.);
#2147 = EDGE_CURVE('',#2124,#2140,#2148,.T.);
#2148 = LINE('',#2149,#2150);
#2149 = CARTESIAN_POINT('',(348.,580.,80.));
#2150 = VECTOR('',#2151,1.);
#2151 = DIRECTION('',(0.,1.,0.));
#2152 = PLANE('',#2153);
#2153 = AXIS2_PLACEMENT_3D('',#2154,#2155,#2156);
#2154 = CARTESIAN_POINT('',(348.,580.,0.));
#2155 = DIRECTION('',(1.,0.,0.));
#2156 = DIRECTION('',(0.,0.,1.));
#2157 = ADVANCED_FACE('',(#2158),#2192,.T.);
#2158 = FACE_BOUND('',#2159,.T.);
#2159 = EDGE_LOOP('',(#2160,#2170,#2178,#2186));
#2160 = ORIENTED_EDGE('',*,*,#2161,.F.);
#2161 = EDGE_CURVE('',#2162,#2164,#2166,.T.);
#2162 = VERTEX_POINT('',#2163);
#2163 = CARTESIAN_POINT('',(388.,580.,0.));
#2164 = VERTEX_POINT('',#2165);
#2165 = CARTESIAN_POINT('',(388.,580.,80.));
#2166 = LINE('',#2167,#2168);
#2167 = CARTESIAN_POINT('',(388.,580.,0.));
#2168 = VECTOR('',#2169,1.);
#2169 = DIRECTION('',(0.,0.,1.));
#2170 = ORIENTED_EDGE('',*,*,#2171,.T.);
#2171 = EDGE_CURVE('',#2162,#2172,#2174,.T.);
#2172 = VERTEX_POINT('',#2173);
#2173 = CARTESIAN_POINT('',(388.,620.,0.));
#2174 = LINE('',#2175,#2176);
#2175 = CARTESIAN_POINT('',(388.,580.,0.));
#2176 = VECTOR('',#2177,1.);
#2177 = DIRECTION('',(0.,1.,0.));
#2178 = ORIENTED_EDGE('',*,*,#2179,.T.);
#2179 = EDGE_CURVE('',#2172,#2180,#2182,.T.);
#2180 = VERTEX_POINT('',#2181);
#2181 = CARTESIAN_POINT('',(388.,620.,80.));
#2182 = LINE('',#2183,#2184);
#2183 = CARTESIAN_POINT('',(388.,620.,0.));
#2184 = VECTOR('',#2185,1.);
#2185 = DIRECTION('',(0.,0.,1.));
#2186 = ORIENTED_EDGE('',*,*,#2187,.F.);
#2187 = EDGE_CURVE('',#2164,#2180,#2188,.T.);
#2188 = LINE('',#2189,#2190);
#2189 = CARTESIAN_POINT('',(388.,580.,80.));
#2190 = VECTOR('',#2191,1.);
#2191 = DIRECTION('',(0.,1.,0.));
#2192 = PLANE('',#2193);
#2193 = AXIS2_PLACEMENT_3D('',#2194,#2195,#2196);
#2194 = CARTESIAN_POINT('',(388.,580.,0.));
#2195 = DIRECTION('',(1.,0.,0.));
#2196 = DIRECTION('',(0.,0.,1.));
#2197 = ADVANCED_FACE('',(#2198),#2214,.F.);
#2198 = FACE_BOUND('',#2199,.F.);
#2199 = EDGE_LOOP('',(#2200,#2206,#2207,#2213));
#2200 = ORIENTED_EDGE('',*,*,#2201,.F.);
#2201 = EDGE_CURVE('',#2122,#2162,#2202,.T.);
#2202 = LINE('',#2203,#2204);
#2203 = CARTESIAN_POINT('',(348.,580.,0.));
#2204 = VECTOR('',#2205,1.);
#2205 = DIRECTION('',(1.,0.,0.));
#2206 = ORIENTED_EDGE('',*,*,#2121,.T.);
#2207 = ORIENTED_EDGE('',*,*,#2208,.T.);
#2208 = EDGE_CURVE('',#2124,#2164,#2209,.T.);
#2209 = LINE('',#2210,#2211);
#2210 = CARTESIAN_POINT('',(348.,580.,80.));
#2211 = VECTOR('',#2212,1.);
#2212 = DIRECTION('',(1.,0.,0.));
#2213 = ORIENTED_EDGE('',*,*,#2161,.F.);
#2214 = PLANE('',#2215);
#2215 = AXIS2_PLACEMENT_3D('',#2216,#2217,#2218);
#2216 = CARTESIAN_POINT('',(348.,580.,0.));
#2217 = DIRECTION('',(0.,1.,0.));
#2218 = DIRECTION('',(0.,0.,1.));
#2219 = ADVANCED_FACE('',(#2220),#2236,.T.);
#2220 = FACE_BOUND('',#2221,.T.);
#2221 = EDGE_LOOP('',(#2222,#2228,#2229,#2235));
#2222 = ORIENTED_EDGE('',*,*,#2223,.F.);
#2223 = EDGE_CURVE('',#2132,#2172,#2224,.T.);
#2224 = LINE('',#2225,#2226);
#2225 = CARTESIAN_POINT('',(348.,620.,0.));
#2226 = VECTOR('',#2227,1.);
#2227 = DIRECTION('',(1.,0.,0.));
#2228 = ORIENTED_EDGE('',*,*,#2139,.T.);
#2229 = ORIENTED_EDGE('',*,*,#2230,.T.);
#2230 = EDGE_CURVE('',#2140,#2180,#2231,.T.);
#2231 = LINE('',#2232,#2233);
#2232 = CARTESIAN_POINT('',(348.,620.,80.));
#2233 = VECTOR('',#2234,1.);
#2234 = DIRECTION('',(1.,0.,0.));
#2235 = ORIENTED_EDGE('',*,*,#2179,.F.);
#2236 = PLANE('',#2237);
#2237 = AXIS2_PLACEMENT_3D('',#2238,#2239,#2240);
#2238 = CARTESIAN_POINT('',(348.,620.,0.));
#2239 = DIRECTION('',(0.,1.,0.));
#2240 = DIRECTION('',(0.,0.,1.));
#2241 = ADVANCED_FACE('',(#2242),#2248,.F.);
#2242 = FACE_BOUND('',#2243,.F.);
#2243 = EDGE_LOOP('',(#2244,#2245,#2246,#2247));
#2244 = ORIENTED_EDGE('',*,*,#2131,.F.);
#2245 = ORIENTED_EDGE('',*,*,#2201,.T.);
#2246 = ORIENTED_EDGE('',*,*,#2171,.T.);
#2247 = ORIENTED_EDGE('',*,*,#2223,.F.);
#2248 = PLANE('',#2249);
#2249 = AXIS2_PLACEMENT_3D('',#2250,#2251,#2252);
#2250 = CARTESIAN_POINT('',(348.,580.,0.));
#2251 = DIRECTION('',(0.,0.,1.));
#2252 = DIRECTION('',(1.,0.,0.));
#2253 = ADVANCED_FACE('',(#2254),#2260,.T.);
#2254 = FACE_BOUND('',#2255,.T.);
#2255 = EDGE_LOOP('',(#2256,#2257,#2258,#2259));
#2256 = ORIENTED_EDGE('',*,*,#2147,.F.);
#2257 = ORIENTED_EDGE('',*,*,#2208,.T.);
#2258 = ORIENTED_EDGE('',*,*,#2187,.T.);
#2259 = ORIENTED_EDGE('',*,*,#2230,.F.);
#2260 = PLANE('',#2261);
#2261 = AXIS2_PLACEMENT_3D('',#2262,#2263,#2264);
#2262 = CARTESIAN_POINT('',(348.,580.,80.));
#2263 = DIRECTION('',(0.,0.,1.));
#2264 = DIRECTION('',(1.,0.,0.));
#2265 = MANIFOLD_SOLID_BREP('',#2266);
#2266 = CLOSED_SHELL('',(#2267,#2307,#2347,#2369,#2391,#2403));
#2267 = ADVANCED_FACE('',(#2268),#2302,.F.);
#2268 = FACE_BOUND('',#2269,.F.);
#2269 = EDGE_LOOP('',(#2270,#2280,#2288,#2296));
#2270 = ORIENTED_EDGE('',*,*,#2271,.F.);
#2271 = EDGE_CURVE('',#2272,#2274,#2276,.T.);
#2272 = VERTEX_POINT('',#2273);
#2273 = CARTESIAN_POINT('',(881.,30.,0.));
#2274 = VERTEX_POINT('',#2275);
#2275 = CARTESIAN_POINT('',(881.,30.,80.));
#2276 = LINE('',#2277,#2278);
#2277 = CARTESIAN_POINT('',(881.,30.,0.));
#2278 = VECTOR('',#2279,1.);
#2279 = DIRECTION('',(0.,0.,1.));
#2280 = ORIENTED_EDGE('',*,*,#2281,.T.);
#2281 = EDGE_CURVE('',#2272,#2282,#2284,.T.);
#2282 = VERTEX_POINT('',#2283);
#2283 = CARTESIAN_POINT('',(881.,70.,0.));
#2284 = LINE('',#2285,#2286);
#2285 = CARTESIAN_POINT('',(881.,30.,0.));
#2286 = VECTOR('',#2287,1.);
#2287 = DIRECTION('',(0.,1.,0.));
#2288 = ORIENTED_EDGE('',*,*,#2289,.T.);
#2289 = EDGE_CURVE('',#2282,#2290,#2292,.T.);
#2290 = VERTEX_POINT('',#2291);
#2291 = CARTESIAN_POINT('',(881.,70.,80.));
#2292 = LINE('',#2293,#2294);
#2293 = CARTESIAN_POINT('',(881.,70.,0.));
#2294 = VECTOR('',#2295,1.);
#2295 = DIRECTION('',(0.,0.,1.));
#2296 = ORIENTED_EDGE('',*,*,#2297,.F.);
#2297 = EDGE_CURVE('',#2274,#2290,#2298,.T.);
#2298 = LINE('',#2299,#2300);
#2299 = CARTESIAN_POINT('',(881.,30.,80.));
#2300 = VECTOR('',#2301,1.);
#2301 = DIRECTION('',(0.,1.,0.));
#2302 = PLANE('',#2303);
#2303 = AXIS2_PLACEMENT_3D('',#2304,#2305,#2306);
#2304 = CARTESIAN_POINT('',(881.,30.,0.));
#2305 = DIRECTION('',(1.,0.,0.));
#2306 = DIRECTION('',(0.,0.,1.));
#2307 = ADVANCED_FACE('',(#2308),#2342,.T.);
#2308 = FACE_BOUND('',#2309,.T.);
#2309 = EDGE_LOOP('',(#2310,#2320,#2328,#2336));
#2310 = ORIENTED_EDGE('',*,*,#2311,.F.);
#2311 = EDGE_CURVE('',#2312,#2314,#2316,.T.);
#2312 = VERTEX_POINT('',#2313);
#2313 = CARTESIAN_POINT('',(921.,30.,0.));
#2314 = VERTEX_POINT('',#2315);
#2315 = CARTESIAN_POINT('',(921.,30.,80.));
#2316 = LINE('',#2317,#2318);
#2317 = CARTESIAN_POINT('',(921.,30.,0.));
#2318 = VECTOR('',#2319,1.);
#2319 = DIRECTION('',(0.,0.,1.));
#2320 = ORIENTED_EDGE('',*,*,#2321,.T.);
#2321 = EDGE_CURVE('',#2312,#2322,#2324,.T.);
#2322 = VERTEX_POINT('',#2323);
#2323 = CARTESIAN_POINT('',(921.,70.,0.));
#2324 = LINE('',#2325,#2326);
#2325 = CARTESIAN_POINT('',(921.,30.,0.));
#2326 = VECTOR('',#2327,1.);
#2327 = DIRECTION('',(0.,1.,0.));
#2328 = ORIENTED_EDGE('',*,*,#2329,.T.);
#2329 = EDGE_CURVE('',#2322,#2330,#2332,.T.);
#2330 = VERTEX_POINT('',#2331);
#2331 = CARTESIAN_POINT('',(921.,70.,80.));
#2332 = LINE('',#2333,#2334);
#2333 = CARTESIAN_POINT('',(921.,70.,0.));
#2334 = VECTOR('',#2335,1.);
#2335 = DIRECTION('',(0.,0.,1.));
#2336 = ORIENTED_EDGE('',*,*,#2337,.F.);
#2337 = EDGE_CURVE('',#2314,#2330,#2338,.T.);
#2338 = LINE('',#2339,#2340);
#2339 = CARTESIAN_POINT('',(921.,30.,80.));
#2340 = VECTOR('',#2341,1.);
#2341 = DIRECTION('',(0.,1.,0.));
#2342 = PLANE('',#2343);
#2343 = AXIS2_PLACEMENT_3D('',#2344,#2345,#2346);
#2344 = CARTESIAN_POINT('',(921.,30.,0.));
#2345 = DIRECTION('',(1.,0.,0.));
#2346 = DIRECTION('',(0.,0.,1.));
#2347 = ADVANCED_FACE('',(#2348),#2364,.F.);
#2348 = FACE_BOUND('',#2349,.F.);
#2349 = EDGE_LOOP('',(#2350,#2356,#2357,#2363));
#2350 = ORIENTED_EDGE('',*,*,#2351,.F.);
#2351 = EDGE_CURVE('',#2272,#2312,#2352,.T.);
#2352 = LINE('',#2353,#2354);
#2353 = CARTESIAN_POINT('',(881.,30.,0.));
#2354 = VECTOR('',#2355,1.);
#2355 = DIRECTION('',(1.,0.,0.));
#2356 = ORIENTED_EDGE('',*,*,#2271,.T.);
#2357 = ORIENTED_EDGE('',*,*,#2358,.T.);
#2358 = EDGE_CURVE('',#2274,#2314,#2359,.T.);
#2359 = LINE('',#2360,#2361);
#2360 = CARTESIAN_POINT('',(881.,30.,80.));
#2361 = VECTOR('',#2362,1.);
#2362 = DIRECTION('',(1.,0.,0.));
#2363 = ORIENTED_EDGE('',*,*,#2311,.F.);
#2364 = PLANE('',#2365);
#2365 = AXIS2_PLACEMENT_3D('',#2366,#2367,#2368);
#2366 = CARTESIAN_POINT('',(881.,30.,0.));
#2367 = DIRECTION('',(0.,1.,0.));
#2368 = DIRECTION('',(0.,0.,1.));
#2369 = ADVANCED_FACE('',(#2370),#2386,.T.);
#2370 = FACE_BOUND('',#2371,.T.);
#2371 = EDGE_LOOP('',(#2372,#2378,#2379,#2385));
#2372 = ORIENTED_EDGE('',*,*,#2373,.F.);
#2373 = EDGE_CURVE('',#2282,#2322,#2374,.T.);
#2374 = LINE('',#2375,#2376);
#2375 = CARTESIAN_POINT('',(881.,70.,0.));
#2376 = VECTOR('',#2377,1.);
#2377 = DIRECTION('',(1.,0.,0.));
#2378 = ORIENTED_EDGE('',*,*,#2289,.T.);
#2379 = ORIENTED_EDGE('',*,*,#2380,.T.);
#2380 = EDGE_CURVE('',#2290,#2330,#2381,.T.);
#2381 = LINE('',#2382,#2383);
#2382 = CARTESIAN_POINT('',(881.,70.,80.));
#2383 = VECTOR('',#2384,1.);
#2384 = DIRECTION('',(1.,0.,0.));
#2385 = ORIENTED_EDGE('',*,*,#2329,.F.);
#2386 = PLANE('',#2387);
#2387 = AXIS2_PLACEMENT_3D('',#2388,#2389,#2390);
#2388 = CARTESIAN_POINT('',(881.,70.,0.));
#2389 = DIRECTION('',(0.,1.,0.));
#2390 = DIRECTION('',(0.,0.,1.));
#2391 = ADVANCED_FACE('',(#2392),#2398,.F.);
#2392 = FACE_BOUND('',#2393,.F.);
#2393 = EDGE_LOOP('',(#2394,#2395,#2396,#2397));
#2394 = ORIENTED_EDGE('',*,*,#2281,.F.);
#2395 = ORIENTED_EDGE('',*,*,#2351,.T.);
#2396 = ORIENTED_EDGE('',*,*,#2321,.T.);
#2397 = ORIENTED_EDGE('',*,*,#2373,.F.);
#2398 = PLANE('',#2399);
#2399 = AXIS2_PLACEMENT_3D('',#2400,#2401,#2402);
#2400 = CARTESIAN_POINT('',(881.,30.,0.));
#2401 = DIRECTION('',(0.,0.,1.));
#2402 = DIRECTION('',(1.,0.,0.));
#2403 = ADVANCED_FACE('',(#2404),#2410,.T.);
#2404 = FACE_BOUND('',#2405,.T.);
#2405 = EDGE_LOOP('',(#2406,#2407,#2408,#2409));
#2406 = ORIENTED_EDGE('',*,*,#2297,.F.);
#2407 = ORIENTED_EDGE('',*,*,#2358,.T.);
#2408 = ORIENTED_EDGE('',*,*,#2337,.T.);
#2409 = ORIENTED_EDGE('',*,*,#2380,.F.);
#2410 = PLANE('',#2411);
#2411 = AXIS2_PLACEMENT_3D('',#2412,#2413,#2414);
#2412 = CARTESIAN_POINT('',(881.,30.,80.));
#2413 = DIRECTION('',(0.,0.,1.));
#2414 = DIRECTION('',(1.,0.,0.));
#2415 = MANIFOLD_SOLID_BREP('',#2416);
#2416 = CLOSED_SHELL('',(#2417,#2457,#2497,#2519,#2541,#2553));
#2417 = ADVANCED_FACE('',(#2418),#2452,.F.);
#2418 = FACE_BOUND('',#2419,.F.);
#2419 = EDGE_LOOP('',(#2420,#2430,#2438,#2446));
#2420 = ORIENTED_EDGE('',*,*,#2421,.F.);
#2421 = EDGE_CURVE('',#2422,#2424,#2426,.T.);
#2422 = VERTEX_POINT('',#2423);
#2423 = CARTESIAN_POINT('',(881.,580.,0.));
#2424 = VERTEX_POINT('',#2425);
#2425 = CARTESIAN_POINT('',(881.,580.,80.));
#2426 = LINE('',#2427,#2428);
#2427 = CARTESIAN_POINT('',(881.,580.,0.));
#2428 = VECTOR('',#2429,1.);
#2429 = DIRECTION('',(0.,0.,1.));
#2430 = ORIENTED_EDGE('',*,*,#2431,.T.);
#2431 = EDGE_CURVE('',#2422,#2432,#2434,.T.);
#2432 = VERTEX_POINT('',#2433);
#2433 = CARTESIAN_POINT('',(881.,620.,0.));
#2434 = LINE('',#2435,#2436);
#2435 = CARTESIAN_POINT('',(881.,580.,0.));
#2436 = VECTOR('',#2437,1.);
#2437 = DIRECTION('',(0.,1.,0.));
#2438 = ORIENTED_EDGE('',*,*,#2439,.T.);
#2439 = EDGE_CURVE('',#2432,#2440,#2442,.T.);
#2440 = VERTEX_POINT('',#2441);
#2441 = CARTESIAN_POINT('',(881.,620.,80.));
#2442 = LINE('',#2443,#2444);
#2443 = CARTESIAN_POINT('',(881.,620.,0.));
#2444 = VECTOR('',#2445,1.);
#2445 = DIRECTION('',(0.,0.,1.));
#2446 = ORIENTED_EDGE('',*,*,#2447,.F.);
#2447 = EDGE_CURVE('',#2424,#2440,#2448,.T.);
#2448 = LINE('',#2449,#2450);
#2449 = CARTESIAN_POINT('',(881.,580.,80.));
#2450 = VECTOR('',#2451,1.);
#2451 = DIRECTION('',(0.,1.,0.));
#2452 = PLANE('',#2453);
#2453 = AXIS2_PLACEMENT_3D('',#2454,#2455,#2456);
#2454 = CARTESIAN_POINT('',(881.,580.,0.));
#2455 = DIRECTION('',(1.,0.,0.));
#2456 = DIRECTION('',(0.,0.,1.));
#2457 = ADVANCED_FACE('',(#2458),#2492,.T.);
#2458 = FACE_BOUND('',#2459,.T.);
#2459 = EDGE_LOOP('',(#2460,#2470,#2478,#2486));
#2460 = ORIENTED_EDGE('',*,*,#2461,.F.);
#2461 = EDGE_CURVE('',#2462,#2464,#2466,.T.);
#2462 = VERTEX_POINT('',#2463);
#2463 = CARTESIAN_POINT('',(921.,580.,0.));
#2464 = VERTEX_POINT('',#2465);
#2465 = CARTESIAN_POINT('',(921.,580.,80.));
#2466 = LINE('',#2467,#2468);
#2467 = CARTESIAN_POINT('',(921.,580.,0.));
#2468 = VECTOR('',#2469,1.);
#2469 = DIRECTION('',(0.,0.,1.));
#2470 = ORIENTED_EDGE('',*,*,#2471,.T.);
#2471 = EDGE_CURVE('',#2462,#2472,#2474,.T.);
#2472 = VERTEX_POINT('',#2473);
#2473 = CARTESIAN_POINT('',(921.,620.,0.));
#2474 = LINE('',#2475,#2476);
#2475 = CARTESIAN_POINT('',(921.,580.,0.));
#2476 = VECTOR('',#2477,1.);
#2477 = DIRECTION('',(0.,1.,0.));
#2478 = ORIENTED_EDGE('',*,*,#2479,.T.);
#2479 = EDGE_CURVE('',#2472,#2480,#2482,.T.);
#2480 = VERTEX_POINT('',#2481);
#2481 = CARTESIAN_POINT('',(921.,620.,80.));
#2482 = LINE('',#2483,#2484);
#2483 = CARTESIAN_POINT('',(921.,620.,0.));
#2484 = VECTOR('',#2485,1.);
#2485 = DIRECTION('',(0.,0.,1.));
#2486 = ORIENTED_EDGE('',*,*,#2487,.F.);
#2487 = EDGE_CURVE('',#2464,#2480,#2488,.T.);
#2488 = LINE('',#2489,#2490);
#2489 = CARTESIAN_POINT('',(921.,580.,80.));
#2490 = VECTOR('',#2491,1.);
#2491 = DIRECTION('',(0.,1.,0.));
#2492 = PLANE('',#2493);
#2493 = AXIS2_PLACEMENT_3D('',#2494,#2495,#2496);
#2494 = CARTESIAN_POINT('',(921.,580.,0.));
#2495 = DIRECTION('',(1.,0.,0.));
#2496 = DIRECTION('',(0.,0.,1.));
#2497 = ADVANCED_FACE('',(#2498),#2514,.F.);
#2498 = FACE_BOUND('',#2499,.F.);
#2499 = EDGE_LOOP('',(#2500,#2506,#2507,#2513));
#2500 = ORIENTED_EDGE('',*,*,#2501,.F.);
#2501 = EDGE_CURVE('',#2422,#2462,#2502,.T.);
#2502 = LINE('',#2503,#2504);
#2503 = CARTESIAN_POINT('',(881.,580.,0.));
#2504 = VECTOR('',#2505,1.);
#2505 = DIRECTION('',(1.,0.,0.));
#2506 = ORIENTED_EDGE('',*,*,#2421,.T.);
#2507 = ORIENTED_EDGE('',*,*,#2508,.T.);
#2508 = EDGE_CURVE('',#2424,#2464,#2509,.T.);
#2509 = LINE('',#2510,#2511);
#2510 = CARTESIAN_POINT('',(881.,580.,80.));
#2511 = VECTOR('',#2512,1.);
#2512 = DIRECTION('',(1.,0.,0.));
#2513 = ORIENTED_EDGE('',*,*,#2461,.F.);
#2514 = PLANE('',#2515);
#2515 = AXIS2_PLACEMENT_3D('',#2516,#2517,#2518);
#2516 = CARTESIAN_POINT('',(881.,580.,0.));
#2517 = DIRECTION('',(0.,1.,0.));
#2518 = DIRECTION('',(0.,0.,1.));
#2519 = ADVANCED_FACE('',(#2520),#2536,.T.);
#2520 = FACE_BOUND('',#2521,.T.);
#2521 = EDGE_LOOP('',(#2522,#2528,#2529,#2535));
#2522 = ORIENTED_EDGE('',*,*,#2523,.F.);
#2523 = EDGE_CURVE('',#2432,#2472,#2524,.T.);
#2524 = LINE('',#2525,#2526);
#2525 = CARTESIAN_POINT('',(881.,620.,0.));
#2526 = VECTOR('',#2527,1.);
#2527 = DIRECTION('',(1.,0.,0.));
#2528 = ORIENTED_EDGE('',*,*,#2439,.T.);
#2529 = ORIENTED_EDGE('',*,*,#2530,.T.);
#2530 = EDGE_CURVE('',#2440,#2480,#2531,.T.);
#2531 = LINE('',#2532,#2533);
#2532 = CARTESIAN_POINT('',(881.,620.,80.));
#2533 = VECTOR('',#2534,1.);
#2534 = DIRECTION('',(1.,0.,0.));
#2535 = ORIENTED_EDGE('',*,*,#2479,.F.);
#2536 = PLANE('',#2537);
#2537 = AXIS2_PLACEMENT_3D('',#2538,#2539,#2540);
#2538 = CARTESIAN_POINT('',(881.,620.,0.));
#2539 = DIRECTION('',(0.,1.,0.));
#2540 = DIRECTION('',(0.,0.,1.));
#2541 = ADVANCED_FACE('',(#2542),#2548,.F.);
#2542 = FACE_BOUND('',#2543,.F.);
#2543 = EDGE_LOOP('',(#2544,#2545,#2546,#2547));
#2544 = ORIENTED_EDGE('',*,*,#2431,.F.);
#2545 = ORIENTED_EDGE('',*,*,#2501,.T.);
#2546 = ORIENTED_EDGE('',*,*,#2471,.T.);
#2547 = ORIENTED_EDGE('',*,*,#2523,.F.);
#2548 = PLANE('',#2549);
#2549 = AXIS2_PLACEMENT_3D('',#2550,#2551,#2552);
#2550 = CARTESIAN_POINT('',(881.,580.,0.));
#2551 = DIRECTION('',(0.,0.,1.));
#2552 = DIRECTION('',(1.,0.,0.));
#2553 = ADVANCED_FACE('',(#2554),#2560,.T.);
#2554 = FACE_BOUND('',#2555,.T.);
#2555 = EDGE_LOOP('',(#2556,#2557,#2558,#2559));
#2556 = ORIENTED_EDGE('',*,*,#2447,.F.);
#2557 = ORIENTED_EDGE('',*,*,#2508,.T.);
#2558 = ORIENTED_EDGE('',*,*,#2487,.T.);
#2559 = ORIENTED_EDGE('',*,*,#2530,.F.);
#2560 = PLANE('',#2561);
#2561 = AXIS2_PLACEMENT_3D('',#2562,#2563,#2564);
#2562 = CARTESIAN_POINT('',(881.,580.,80.));
#2563 = DIRECTION('',(0.,0.,1.));
#2564 = DIRECTION('',(1.,0.,0.));
#2565 = MANIFOLD_SOLID_BREP('',#2566);
#2566 = CLOSED_SHELL('',(#2567,#2607,#2647,#2669,#2691,#2703));
#2567 = ADVANCED_FACE('',(#2568),#2602,.F.);
#2568 = FACE_BOUND('',#2569,.F.);
#2569 = EDGE_LOOP('',(#2570,#2580,#2588,#2596));
#2570 = ORIENTED_EDGE('',*,*,#2571,.F.);
#2571 = EDGE_CURVE('',#2572,#2574,#2576,.T.);
#2572 = VERTEX_POINT('',#2573);
#2573 = CARTESIAN_POINT('',(1.47E+03,30.,0.));
#2574 = VERTEX_POINT('',#2575);
#2575 = CARTESIAN_POINT('',(1.47E+03,30.,80.));
#2576 = LINE('',#2577,#2578);
#2577 = CARTESIAN_POINT('',(1.47E+03,30.,0.));
#2578 = VECTOR('',#2579,1.);
#2579 = DIRECTION('',(0.,0.,1.));
#2580 = ORIENTED_EDGE('',*,*,#2581,.T.);
#2581 = EDGE_CURVE('',#2572,#2582,#2584,.T.);
#2582 = VERTEX_POINT('',#2583);
#2583 = CARTESIAN_POINT('',(1.47E+03,70.,0.));
#2584 = LINE('',#2585,#2586);
#2585 = CARTESIAN_POINT('',(1.47E+03,30.,0.));
#2586 = VECTOR('',#2587,1.);
#2587 = DIRECTION('',(0.,1.,0.));
#2588 = ORIENTED_EDGE('',*,*,#2589,.T.);
#2589 = EDGE_CURVE('',#2582,#2590,#2592,.T.);
#2590 = VERTEX_POINT('',#2591);
#2591 = CARTESIAN_POINT('',(1.47E+03,70.,80.));
#2592 = LINE('',#2593,#2594);
#2593 = CARTESIAN_POINT('',(1.47E+03,70.,0.));
#2594 = VECTOR('',#2595,1.);
#2595 = DIRECTION('',(0.,0.,1.));
#2596 = ORIENTED_EDGE('',*,*,#2597,.F.);
#2597 = EDGE_CURVE('',#2574,#2590,#2598,.T.);
#2598 = LINE('',#2599,#2600);
#2599 = CARTESIAN_POINT('',(1.47E+03,30.,80.));
#2600 = VECTOR('',#2601,1.);
#2601 = DIRECTION('',(0.,1.,0.));
#2602 = PLANE('',#2603);
#2603 = AXIS2_PLACEMENT_3D('',#2604,#2605,#2606);
#2604 = CARTESIAN_POINT('',(1.47E+03,30.,0.));
#2605 = DIRECTION('',(1.,0.,0.));
#2606 = DIRECTION('',(0.,0.,1.));
#2607 = ADVANCED_FACE('',(#2608),#2642,.T.);
#2608 = FACE_BOUND('',#2609,.T.);
#2609 = EDGE_LOOP('',(#2610,#2620,#2628,#2636));
#2610 = ORIENTED_EDGE('',*,*,#2611,.F.);
#2611 = EDGE_CURVE('',#2612,#2614,#2616,.T.);
#2612 = VERTEX_POINT('',#2613);
#2613 = CARTESIAN_POINT('',(1.51E+03,30.,0.));
#2614 = VERTEX_POINT('',#2615);
#2615 = CARTESIAN_POINT('',(1.51E+03,30.,80.));
#2616 = LINE('',#2617,#2618);
#2617 = CARTESIAN_POINT('',(1.51E+03,30.,0.));
#2618 = VECTOR('',#2619,1.);
#2619 = DIRECTION('',(0.,0.,1.));
#2620 = ORIENTED_EDGE('',*,*,#2621,.T.);
#2621 = EDGE_CURVE('',#2612,#2622,#2624,.T.);
#2622 = VERTEX_POINT('',#2623);
#2623 = CARTESIAN_POINT('',(1.51E+03,70.,0.));
#2624 = LINE('',#2625,#2626);
#2625 = CARTESIAN_POINT('',(1.51E+03,30.,0.));
#2626 = VECTOR('',#2627,1.);
#2627 = DIRECTION('',(0.,1.,0.));
#2628 = ORIENTED_EDGE('',*,*,#2629,.T.);
#2629 = EDGE_CURVE('',#2622,#2630,#2632,.T.);
#2630 = VERTEX_POINT('',#2631);
#2631 = CARTESIAN_POINT('',(1.51E+03,70.,80.));
#2632 = LINE('',#2633,#2634);
#2633 = CARTESIAN_POINT('',(1.51E+03,70.,0.));
#2634 = VECTOR('',#2635,1.);
#2635 = DIRECTION('',(0.,0.,1.));
#2636 = ORIENTED_EDGE('',*,*,#2637,.F.);
#2637 = EDGE_CURVE('',#2614,#2630,#2638,.T.);
#2638 = LINE('',#2639,#2640);
#2639 = CARTESIAN_POINT('',(1.51E+03,30.,80.));
#2640 = VECTOR('',#2641,1.);
#2641 = DIRECTION('',(0.,1.,0.));
#2642 = PLANE('',#2643);
#2643 = AXIS2_PLACEMENT_3D('',#2644,#2645,#2646);
#2644 = CARTESIAN_POINT('',(1.51E+03,30.,0.));
#2645 = DIRECTION('',(1.,0.,0.));
#2646 = DIRECTION('',(0.,0.,1.));
#2647 = ADVANCED_FACE('',(#2648),#2664,.F.);
#2648 = FACE_BOUND('',#2649,.F.);
#2649 = EDGE_LOOP('',(#2650,#2656,#2657,#2663));
#2650 = ORIENTED_EDGE('',*,*,#2651,.F.);
#2651 = EDGE_CURVE('',#2572,#2612,#2652,.T.);
#2652 = LINE('',#2653,#2654);
#2653 = CARTESIAN_POINT('',(1.47E+03,30.,0.));
#2654 = VECTOR('',#2655,1.);
#2655 = DIRECTION('',(1.,0.,0.));
#2656 = ORIENTED_EDGE('',*,*,#2571,.T.);
#2657 = ORIENTED_EDGE('',*,*,#2658,.T.);
#2658 = EDGE_CURVE('',#2574,#2614,#2659,.T.);
#2659 = LINE('',#2660,#2661);
#2660 = CARTESIAN_POINT('',(1.47E+03,30.,80.));
#2661 = VECTOR('',#2662,1.);
#2662 = DIRECTION('',(1.,0.,0.));
#2663 = ORIENTED_EDGE('',*,*,#2611,.F.);
#2664 = PLANE('',#2665);
#2665 = AXIS2_PLACEMENT_3D('',#2666,#2667,#2668);
#2666 = CARTESIAN_POINT('',(1.47E+03,30.,0.));
#2667 = DIRECTION('',(0.,1.,0.));
#2668 = DIRECTION('',(0.,0.,1.));
#2669 = ADVANCED_FACE('',(#2670),#2686,.T.);
#2670 = FACE_BOUND('',#2671,.T.);
#2671 = EDGE_LOOP('',(#2672,#2678,#2679,#2685));
#2672 = ORIENTED_EDGE('',*,*,#2673,.F.);
#2673 = EDGE_CURVE('',#2582,#2622,#2674,.T.);
#2674 = LINE('',#2675,#2676);
#2675 = CARTESIAN_POINT('',(1.47E+03,70.,0.));
#2676 = VECTOR('',#2677,1.);
#2677 = DIRECTION('',(1.,0.,0.));
#2678 = ORIENTED_EDGE('',*,*,#2589,.T.);
#2679 = ORIENTED_EDGE('',*,*,#2680,.T.);
#2680 = EDGE_CURVE('',#2590,#2630,#2681,.T.);
#2681 = LINE('',#2682,#2683);
#2682 = CARTESIAN_POINT('',(1.47E+03,70.,80.));
#2683 = VECTOR('',#2684,1.);
#2684 = DIRECTION('',(1.,0.,0.));
#2685 = ORIENTED_EDGE('',*,*,#2629,.F.);
#2686 = PLANE('',#2687);
#2687 = AXIS2_PLACEMENT_3D('',#2688,#2689,#2690);
#2688 = CARTESIAN_POINT('',(1.47E+03,70.,0.));
#2689 = DIRECTION('',(0.,1.,0.));
#2690 = DIRECTION('',(0.,0.,1.));
#2691 = ADVANCED_FACE('',(#2692),#2698,.F.);
#2692 = FACE_BOUND('',#2693,.F.);
#2693 = EDGE_LOOP('',(#2694,#2695,#2696,#2697));
#2694 = ORIENTED_EDGE('',*,*,#2581,.F.);
#2695 = ORIENTED_EDGE('',*,*,#2651,.T.);
#2696 = ORIENTED_EDGE('',*,*,#2621,.T.);
#2697 = ORIENTED_EDGE('',*,*,#2673,.F.);
#2698 = PLANE('',#2699);
#2699 = AXIS2_PLACEMENT_3D('',#2700,#2701,#2702);
#2700 = CARTESIAN_POINT('',(1.47E+03,30.,0.));
#2701 = DIRECTION('',(0.,0.,1.));
#2702 = DIRECTION('',(1.,0.,0.));
#2703 = ADVANCED_FACE('',(#2704),#2710,.T.);
#2704 = FACE_BOUND('',#2705,.T.);
#2705 = EDGE_LOOP('',(#2706,#2707,#2708,#2709));
#2706 = ORIENTED_EDGE('',*,*,#2597,.F.);
#2707 = ORIENTED_EDGE('',*,*,#2658,.T.);
#2708 = ORIENTED_EDGE('',*,*,#2637,.T.);
#2709 = ORIENTED_EDGE('',*,*,#2680,.F.);
#2710 = PLANE('',#2711);
#2711 = AXIS2_PLACEMENT_3D('',#2712,#2713,#2714);
#2712 = CARTESIAN_POINT('',(1.47E+03,30.,80.));
#2713 = DIRECTION('',(0.,0.,1.));
#2714 = DIRECTION('',(1.,0.,0.));
#2715 = MANIFOLD_SOLID_BREP('',#2716);
#2716 = CLOSED_SHELL('',(#2717,#2757,#2797,#2819,#2841,#2853));
#2717 = ADVANCED_FACE('',(#2718),#2752,.F.);
#2718 = FACE_BOUND('',#2719,.F.);
#2719 = EDGE_LOOP('',(#2720,#2730,#2738,#2746));
#2720 = ORIENTED_EDGE('',*,*,#2721,.F.);
#2721 = EDGE_CURVE('',#2722,#2724,#2726,.T.);
#2722 = VERTEX_POINT('',#2723);
#2723 = CARTESIAN_POINT('',(1.47E+03,580.,0.));
#2724 = VERTEX_POINT('',#2725);
#2725 = CARTESIAN_POINT('',(1.47E+03,580.,80.));
#2726 = LINE('',#2727,#2728);
#2727 = CARTESIAN_POINT('',(1.47E+03,580.,0.));
#2728 = VECTOR('',#2729,1.);
#2729 = DIRECTION('',(0.,0.,1.));
#2730 = ORIENTED_EDGE('',*,*,#2731,.T.);
#2731 = EDGE_CURVE('',#2722,#2732,#2734,.T.);
#2732 = VERTEX_POINT('',#2733);
#2733 = CARTESIAN_POINT('',(1.47E+03,620.,0.));
#2734 = LINE('',#2735,#2736);
#2735 = CARTESIAN_POINT('',(1.47E+03,580.,0.));
#2736 = VECTOR('',#2737,1.);
#2737 = DIRECTION('',(0.,1.,0.));
#2738 = ORIENTED_EDGE('',*,*,#2739,.T.);
#2739 = EDGE_CURVE('',#2732,#2740,#2742,.T.);
#2740 = VERTEX_POINT('',#2741);
#2741 = CARTESIAN_POINT('',(1.47E+03,620.,80.));
#2742 = LINE('',#2743,#2744);
#2743 = CARTESIAN_POINT('',(1.47E+03,620.,0.));
#2744 = VECTOR('',#2745,1.);
#2745 = DIRECTION('',(0.,0.,1.));
#2746 = ORIENTED_EDGE('',*,*,#2747,.F.);
#2747 = EDGE_CURVE('',#2724,#2740,#2748,.T.);
#2748 = LINE('',#2749,#2750);
#2749 = CARTESIAN_POINT('',(1.47E+03,580.,80.));
#2750 = VECTOR('',#2751,1.);
#2751 = DIRECTION('',(0.,1.,0.));
#2752 = PLANE('',#2753);
#2753 = AXIS2_PLACEMENT_3D('',#2754,#2755,#2756);
#2754 = CARTESIAN_POINT('',(1.47E+03,580.,0.));
#2755 = DIRECTION('',(1.,0.,0.));
#2756 = DIRECTION('',(0.,0.,1.));
#2757 = ADVANCED_FACE('',(#2758),#2792,.T.);
#2758 = FACE_BOUND('',#2759,.T.);
#2759 = EDGE_LOOP('',(#2760,#2770,#2778,#2786));
#2760 = ORIENTED_EDGE('',*,*,#2761,.F.);
#2761 = EDGE_CURVE('',#2762,#2764,#2766,.T.);
#2762 = VERTEX_POINT('',#2763);
#2763 = CARTESIAN_POINT('',(1.51E+03,580.,0.));
#2764 = VERTEX_POINT('',#2765);
#2765 = CARTESIAN_POINT('',(1.51E+03,580.,80.));
#2766 = LINE('',#2767,#2768);
#2767 = CARTESIAN_POINT('',(1.51E+03,580.,0.));
#2768 = VECTOR('',#2769,1.);
#2769 = DIRECTION('',(0.,0.,1.));
#2770 = ORIENTED_EDGE('',*,*,#2771,.T.);
#2771 = EDGE_CURVE('',#2762,#2772,#2774,.T.);
#2772 = VERTEX_POINT('',#2773);
#2773 = CARTESIAN_POINT('',(1.51E+03,620.,0.));
#2774 = LINE('',#2775,#2776);
#2775 = CARTESIAN_POINT('',(1.51E+03,580.,0.));
#2776 = VECTOR('',#2777,1.);
#2777 = DIRECTION('',(0.,1.,0.));
#2778 = ORIENTED_EDGE('',*,*,#2779,.T.);
#2779 = EDGE_CURVE('',#2772,#2780,#2782,.T.);
#2780 = VERTEX_POINT('',#2781);
#2781 = CARTESIAN_POINT('',(1.51E+03,620.,80.));
#2782 = LINE('',#2783,#2784);
#2783 = CARTESIAN_POINT('',(1.51E+03,620.,0.));
#2784 = VECTOR('',#2785,1.);
#2785 = DIRECTION('',(0.,0.,1.));
#2786 = ORIENTED_EDGE('',*,*,#2787,.F.);
#2787 = EDGE_CURVE('',#2764,#2780,#2788,.T.);
#2788 = LINE('',#2789,#2790);
#2789 = CARTESIAN_POINT('',(1.51E+03,580.,80.));
#2790 = VECTOR('',#2791,1.);
#2791 = DIRECTION('',(0.,1.,0.));
#2792 = PLANE('',#2793);
#2793 = AXIS2_PLACEMENT_3D('',#2794,#2795,#2796);
#2794 = CARTESIAN_POINT('',(1.51E+03,580.,0.));
#2795 = DIRECTION('',(1.,0.,0.));
#2796 = DIRECTION('',(0.,0.,1.));
#2797 = ADVANCED_FACE('',(#2798),#2814,.F.);
#2798 = FACE_BOUND('',#2799,.F.);
#2799 = EDGE_LOOP('',(#2800,#2806,#2807,#2813));
#2800 = ORIENTED_EDGE('',*,*,#2801,.F.);
#2801 = EDGE_CURVE('',#2722,#2762,#2802,.T.);
#2802 = LINE('',#2803,#2804);
#2803 = CARTESIAN_POINT('',(1.47E+03,580.,0.));
#2804 = VECTOR('',#2805,1.);
#2805 = DIRECTION('',(1.,0.,0.));
#2806 = ORIENTED_EDGE('',*,*,#2721,.T.);
#2807 = ORIENTED_EDGE('',*,*,#2808,.T.);
#2808 = EDGE_CURVE('',#2724,#2764,#2809,.T.);
#2809 = LINE('',#2810,#2811);
#2810 = CARTESIAN_POINT('',(1.47E+03,580.,80.));
#2811 = VECTOR('',#2812,1.);
#2812 = DIRECTION('',(1.,0.,0.));
#2813 = ORIENTED_EDGE('',*,*,#2761,.F.);
#2814 = PLANE('',#2815);
#2815 = AXIS2_PLACEMENT_3D('',#2816,#2817,#2818);
#2816 = CARTESIAN_POINT('',(1.47E+03,580.,0.));
#2817 = DIRECTION('',(0.,1.,0.));
#2818 = DIRECTION('',(0.,0.,1.));
#2819 = ADVANCED_FACE('',(#2820),#2836,.T.);
#2820 = FACE_BOUND('',#2821,.T.);
#2821 = EDGE_LOOP('',(#2822,#2828,#2829,#2835));
#2822 = ORIENTED_EDGE('',*,*,#2823,.F.);
#2823 = EDGE_CURVE('',#2732,#2772,#2824,.T.);
#2824 = LINE('',#2825,#2826);
#2825 = CARTESIAN_POINT('',(1.47E+03,620.,0.));
#2826 = VECTOR('',#2827,1.);
#2827 = DIRECTION('',(1.,0.,0.));
#2828 = ORIENTED_EDGE('',*,*,#2739,.T.);
#2829 = ORIENTED_EDGE('',*,*,#2830,.T.);
#2830 = EDGE_CURVE('',#2740,#2780,#2831,.T.);
#2831 = LINE('',#2832,#2833);
#2832 = CARTESIAN_POINT('',(1.47E+03,620.,80.));
#2833 = VECTOR('',#2834,1.);
#2834 = DIRECTION('',(1.,0.,0.));
#2835 = ORIENTED_EDGE('',*,*,#2779,.F.);
#2836 = PLANE('',#2837);
#2837 = AXIS2_PLACEMENT_3D('',#2838,#2839,#2840);
#2838 = CARTESIAN_POINT('',(1.47E+03,620.,0.));
#2839 = DIRECTION('',(0.,1.,0.));
#2840 = DIRECTION('',(0.,0.,1.));
#2841 = ADVANCED_FACE('',(#2842),#2848,.F.);
#2842 = FACE_BOUND('',#2843,.F.);
#2843 = EDGE_LOOP('',(#2844,#2845,#2846,#2847));
#2844 = ORIENTED_EDGE('',*,*,#2731,.F.);
#2845 = ORIENTED_EDGE('',*,*,#2801,.T.);
#2846 = ORIENTED_EDGE('',*,*,#2771,.T.);
#2847 = ORIENTED_EDGE('',*,*,#2823,.F.);
#2848 = PLANE('',#2849);
#2849 = AXIS2_PLACEMENT_3D('',#2850,#2851,#2852);
#2850 = CARTESIAN_POINT('',(1.47E+03,580.,0.));
#2851 = DIRECTION('',(0.,0.,1.));
#2852 = DIRECTION('',(1.,0.,0.));
#2853 = ADVANCED_FACE('',(#2854),#2860,.T.);
#2854 = FACE_BOUND('',#2855,.T.);
#2855 = EDGE_LOOP('',(#2856,#2857,#2858,#2859));
#2856 = ORIENTED_EDGE('',*,*,#2747,.F.);
#2857 = ORIENTED_EDGE('',*,*,#2808,.T.);
#2858 = ORIENTED_EDGE('',*,*,#2787,.T.);
#2859 = ORIENTED_EDGE('',*,*,#2830,.F.);
#2860 = PLANE('',#2861);
#2861 = AXIS2_PLACEMENT_3D('',#2862,#2863,#2864);
#2862 = CARTESIAN_POINT('',(1.47E+03,580.,80.));
#2863 = DIRECTION('',(0.,0.,1.));
#2864 = DIRECTION('',(1.,0.,0.));
#2865 = MANIFOLD_SOLID_BREP('',#2866);
#2866 = CLOSED_SHELL('',(#2867,#2907,#2947,#2969,#2991,#3003));
#2867 = ADVANCED_FACE('',(#2868),#2902,.F.);
#2868 = FACE_BOUND('',#2869,.F.);
#2869 = EDGE_LOOP('',(#2870,#2880,#2888,#2896));
#2870 = ORIENTED_EDGE('',*,*,#2871,.F.);
#2871 = EDGE_CURVE('',#2872,#2874,#2876,.T.);
#2872 = VERTEX_POINT('',#2873);
#2873 = CARTESIAN_POINT('',(407.,-18.,84.));
#2874 = VERTEX_POINT('',#2875);
#2875 = CARTESIAN_POINT('',(407.,-18.,844.));
#2876 = LINE('',#2877,#2878);
#2877 = CARTESIAN_POINT('',(407.,-18.,84.));
#2878 = VECTOR('',#2879,1.);
#2879 = DIRECTION('',(0.,0.,1.));
#2880 = ORIENTED_EDGE('',*,*,#2881,.T.);
#2881 = EDGE_CURVE('',#2872,#2882,#2884,.T.);
#2882 = VERTEX_POINT('',#2883);
#2883 = CARTESIAN_POINT('',(407.,0.,84.));
#2884 = LINE('',#2885,#2886);
#2885 = CARTESIAN_POINT('',(407.,-18.,84.));
#2886 = VECTOR('',#2887,1.);
#2887 = DIRECTION('',(0.,1.,0.));
#2888 = ORIENTED_EDGE('',*,*,#2889,.T.);
#2889 = EDGE_CURVE('',#2882,#2890,#2892,.T.);
#2890 = VERTEX_POINT('',#2891);
#2891 = CARTESIAN_POINT('',(407.,0.,844.));
#2892 = LINE('',#2893,#2894);
#2893 = CARTESIAN_POINT('',(407.,0.,84.));
#2894 = VECTOR('',#2895,1.);
#2895 = DIRECTION('',(0.,0.,1.));
#2896 = ORIENTED_EDGE('',*,*,#2897,.F.);
#2897 = EDGE_CURVE('',#2874,#2890,#2898,.T.);
#2898 = LINE('',#2899,#2900);
#2899 = CARTESIAN_POINT('',(407.,-18.,844.));
#2900 = VECTOR('',#2901,1.);
#2901 = DIRECTION('',(0.,1.,0.));
#2902 = PLANE('',#2903);
#2903 = AXIS2_PLACEMENT_3D('',#2904,#2905,#2906);
#2904 = CARTESIAN_POINT('',(407.,-18.,84.));
#2905 = DIRECTION('',(1.,0.,0.));
#2906 = DIRECTION('',(0.,0.,1.));
#2907 = ADVANCED_FACE('',(#2908),#2942,.T.);
#2908 = FACE_BOUND('',#2909,.T.);
#2909 = EDGE_LOOP('',(#2910,#2920,#2928,#2936));
#2910 = ORIENTED_EDGE('',*,*,#2911,.F.);
#2911 = EDGE_CURVE('',#2912,#2914,#2916,.T.);
#2912 = VERTEX_POINT('',#2913);
#2913 = CARTESIAN_POINT('',(876.,-18.,84.));
#2914 = VERTEX_POINT('',#2915);
#2915 = CARTESIAN_POINT('',(876.,-18.,844.));
#2916 = LINE('',#2917,#2918);
#2917 = CARTESIAN_POINT('',(876.,-18.,84.));
#2918 = VECTOR('',#2919,1.);
#2919 = DIRECTION('',(0.,0.,1.));
#2920 = ORIENTED_EDGE('',*,*,#2921,.T.);
#2921 = EDGE_CURVE('',#2912,#2922,#2924,.T.);
#2922 = VERTEX_POINT('',#2923);
#2923 = CARTESIAN_POINT('',(876.,0.,84.));
#2924 = LINE('',#2925,#2926);
#2925 = CARTESIAN_POINT('',(876.,-18.,84.));
#2926 = VECTOR('',#2927,1.);
#2927 = DIRECTION('',(0.,1.,0.));
#2928 = ORIENTED_EDGE('',*,*,#2929,.T.);
#2929 = EDGE_CURVE('',#2922,#2930,#2932,.T.);
#2930 = VERTEX_POINT('',#2931);
#2931 = CARTESIAN_POINT('',(876.,0.,844.));
#2932 = LINE('',#2933,#2934);
#2933 = CARTESIAN_POINT('',(876.,0.,84.));
#2934 = VECTOR('',#2935,1.);
#2935 = DIRECTION('',(0.,0.,1.));
#2936 = ORIENTED_EDGE('',*,*,#2937,.F.);
#2937 = EDGE_CURVE('',#2914,#2930,#2938,.T.);
#2938 = LINE('',#2939,#2940);
#2939 = CARTESIAN_POINT('',(876.,-18.,844.));
#2940 = VECTOR('',#2941,1.);
#2941 = DIRECTION('',(0.,1.,0.));
#2942 = PLANE('',#2943);
#2943 = AXIS2_PLACEMENT_3D('',#2944,#2945,#2946);
#2944 = CARTESIAN_POINT('',(876.,-18.,84.));
#2945 = DIRECTION('',(1.,0.,0.));
#2946 = DIRECTION('',(0.,0.,1.));
#2947 = ADVANCED_FACE('',(#2948),#2964,.F.);
#2948 = FACE_BOUND('',#2949,.F.);
#2949 = EDGE_LOOP('',(#2950,#2956,#2957,#2963));
#2950 = ORIENTED_EDGE('',*,*,#2951,.F.);
#2951 = EDGE_CURVE('',#2872,#2912,#2952,.T.);
#2952 = LINE('',#2953,#2954);
#2953 = CARTESIAN_POINT('',(407.,-18.,84.));
#2954 = VECTOR('',#2955,1.);
#2955 = DIRECTION('',(1.,0.,0.));
#2956 = ORIENTED_EDGE('',*,*,#2871,.T.);
#2957 = ORIENTED_EDGE('',*,*,#2958,.T.);
#2958 = EDGE_CURVE('',#2874,#2914,#2959,.T.);
#2959 = LINE('',#2960,#2961);
#2960 = CARTESIAN_POINT('',(407.,-18.,844.));
#2961 = VECTOR('',#2962,1.);
#2962 = DIRECTION('',(1.,0.,0.));
#2963 = ORIENTED_EDGE('',*,*,#2911,.F.);
#2964 = PLANE('',#2965);
#2965 = AXIS2_PLACEMENT_3D('',#2966,#2967,#2968);
#2966 = CARTESIAN_POINT('',(407.,-18.,84.));
#2967 = DIRECTION('',(0.,1.,0.));
#2968 = DIRECTION('',(0.,0.,1.));
#2969 = ADVANCED_FACE('',(#2970),#2986,.T.);
#2970 = FACE_BOUND('',#2971,.T.);
#2971 = EDGE_LOOP('',(#2972,#2978,#2979,#2985));
#2972 = ORIENTED_EDGE('',*,*,#2973,.F.);
#2973 = EDGE_CURVE('',#2882,#2922,#2974,.T.);
#2974 = LINE('',#2975,#2976);
#2975 = CARTESIAN_POINT('',(407.,0.,84.));
#2976 = VECTOR('',#2977,1.);
#2977 = DIRECTION('',(1.,0.,0.));
#2978 = ORIENTED_EDGE('',*,*,#2889,.T.);
#2979 = ORIENTED_EDGE('',*,*,#2980,.T.);
#2980 = EDGE_CURVE('',#2890,#2930,#2981,.T.);
#2981 = LINE('',#2982,#2983);
#2982 = CARTESIAN_POINT('',(407.,0.,844.));
#2983 = VECTOR('',#2984,1.);
#2984 = DIRECTION('',(1.,0.,0.));
#2985 = ORIENTED_EDGE('',*,*,#2929,.F.);
#2986 = PLANE('',#2987);
#2987 = AXIS2_PLACEMENT_3D('',#2988,#2989,#2990);
#2988 = CARTESIAN_POINT('',(407.,0.,84.));
#2989 = DIRECTION('',(0.,1.,0.));
#2990 = DIRECTION('',(0.,0.,1.));
#2991 = ADVANCED_FACE('',(#2992),#2998,.F.);
#2992 = FACE_BOUND('',#2993,.F.);
#2993 = EDGE_LOOP('',(#2994,#2995,#2996,#2997));
#2994 = ORIENTED_EDGE('',*,*,#2881,.F.);
#2995 = ORIENTED_EDGE('',*,*,#2951,.T.);
#2996 = ORIENTED_EDGE('',*,*,#2921,.T.);
#2997 = ORIENTED_EDGE('',*,*,#2973,.F.);
#2998 = PLANE('',#2999);
#2999 = AXIS2_PLACEMENT_3D('',#3000,#3001,#3002);
#3000 = CARTESIAN_POINT('',(407.,-18.,84.));
#3001 = DIRECTION('',(0.,0.,1.));
#3002 = DIRECTION('',(1.,0.,0.));
#3003 = ADVANCED_FACE('',(#3004),#3010,.T.);
#3004 = FACE_BOUND('',#3005,.T.);
#3005 = EDGE_LOOP('',(#3006,#3007,#3008,#3009));
#3006 = ORIENTED_EDGE('',*,*,#2897,.F.);
#3007 = ORIENTED_EDGE('',*,*,#2958,.T.);
#3008 = ORIENTED_EDGE('',*,*,#2937,.T.);
#3009 = ORIENTED_EDGE('',*,*,#2980,.F.);
#3010 = PLANE('',#3011);
#3011 = AXIS2_PLACEMENT_3D('',#3012,#3013,#3014);
#3012 = CARTESIAN_POINT('',(407.,-18.,844.));
#3013 = DIRECTION('',(0.,0.,1.));
#3014 = DIRECTION('',(1.,0.,0.));
#3015 = MANIFOLD_SOLID_BREP('',#3016);
#3016 = CLOSED_SHELL('',(#3017,#3057,#3097,#3119,#3141,#3153));
#3017 = ADVANCED_FACE('',(#3018),#3052,.F.);
#3018 = FACE_BOUND('',#3019,.F.);
#3019 = EDGE_LOOP('',(#3020,#3030,#3038,#3046));
#3020 = ORIENTED_EDGE('',*,*,#3021,.F.);
#3021 = EDGE_CURVE('',#3022,#3024,#3026,.T.);
#3022 = VERTEX_POINT('',#3023);
#3023 = CARTESIAN_POINT('',(880.,-18.,84.));
#3024 = VERTEX_POINT('',#3025);
#3025 = CARTESIAN_POINT('',(880.,-18.,844.));
#3026 = LINE('',#3027,#3028);
#3027 = CARTESIAN_POINT('',(880.,-18.,84.));
#3028 = VECTOR('',#3029,1.);
#3029 = DIRECTION('',(0.,0.,1.));
#3030 = ORIENTED_EDGE('',*,*,#3031,.T.);
#3031 = EDGE_CURVE('',#3022,#3032,#3034,.T.);
#3032 = VERTEX_POINT('',#3033);
#3033 = CARTESIAN_POINT('',(880.,0.,84.));
#3034 = LINE('',#3035,#3036);
#3035 = CARTESIAN_POINT('',(880.,-18.,84.));
#3036 = VECTOR('',#3037,1.);
#3037 = DIRECTION('',(0.,1.,0.));
#3038 = ORIENTED_EDGE('',*,*,#3039,.T.);
#3039 = EDGE_CURVE('',#3032,#3040,#3042,.T.);
#3040 = VERTEX_POINT('',#3041);
#3041 = CARTESIAN_POINT('',(880.,0.,844.));
#3042 = LINE('',#3043,#3044);
#3043 = CARTESIAN_POINT('',(880.,0.,84.));
#3044 = VECTOR('',#3045,1.);
#3045 = DIRECTION('',(0.,0.,1.));
#3046 = ORIENTED_EDGE('',*,*,#3047,.F.);
#3047 = EDGE_CURVE('',#3024,#3040,#3048,.T.);
#3048 = LINE('',#3049,#3050);
#3049 = CARTESIAN_POINT('',(880.,-18.,844.));
#3050 = VECTOR('',#3051,1.);
#3051 = DIRECTION('',(0.,1.,0.));
#3052 = PLANE('',#3053);
#3053 = AXIS2_PLACEMENT_3D('',#3054,#3055,#3056);
#3054 = CARTESIAN_POINT('',(880.,-18.,84.));
#3055 = DIRECTION('',(1.,0.,0.));
#3056 = DIRECTION('',(0.,0.,1.));
#3057 = ADVANCED_FACE('',(#3058),#3092,.T.);
#3058 = FACE_BOUND('',#3059,.T.);
#3059 = EDGE_LOOP('',(#3060,#3070,#3078,#3086));
#3060 = ORIENTED_EDGE('',*,*,#3061,.F.);
#3061 = EDGE_CURVE('',#3062,#3064,#3066,.T.);
#3062 = VERTEX_POINT('',#3063);
#3063 = CARTESIAN_POINT('',(1.349E+03,-18.,84.));
#3064 = VERTEX_POINT('',#3065);
#3065 = CARTESIAN_POINT('',(1.349E+03,-18.,844.));
#3066 = LINE('',#3067,#3068);
#3067 = CARTESIAN_POINT('',(1.349E+03,-18.,84.));
#3068 = VECTOR('',#3069,1.);
#3069 = DIRECTION('',(0.,0.,1.));
#3070 = ORIENTED_EDGE('',*,*,#3071,.T.);
#3071 = EDGE_CURVE('',#3062,#3072,#3074,.T.);
#3072 = VERTEX_POINT('',#3073);
#3073 = CARTESIAN_POINT('',(1.349E+03,0.,84.));
#3074 = LINE('',#3075,#3076);
#3075 = CARTESIAN_POINT('',(1.349E+03,-18.,84.));
#3076 = VECTOR('',#3077,1.);
#3077 = DIRECTION('',(0.,1.,0.));
#3078 = ORIENTED_EDGE('',*,*,#3079,.T.);
#3079 = EDGE_CURVE('',#3072,#3080,#3082,.T.);
#3080 = VERTEX_POINT('',#3081);
#3081 = CARTESIAN_POINT('',(1.349E+03,0.,844.));
#3082 = LINE('',#3083,#3084);
#3083 = CARTESIAN_POINT('',(1.349E+03,0.,84.));
#3084 = VECTOR('',#3085,1.);
#3085 = DIRECTION('',(0.,0.,1.));
#3086 = ORIENTED_EDGE('',*,*,#3087,.F.);
#3087 = EDGE_CURVE('',#3064,#3080,#3088,.T.);
#3088 = LINE('',#3089,#3090);
#3089 = CARTESIAN_POINT('',(1.349E+03,-18.,844.));
#3090 = VECTOR('',#3091,1.);
#3091 = DIRECTION('',(0.,1.,0.));
#3092 = PLANE('',#3093);
#3093 = AXIS2_PLACEMENT_3D('',#3094,#3095,#3096);
#3094 = CARTESIAN_POINT('',(1.349E+03,-18.,84.));
#3095 = DIRECTION('',(1.,0.,0.));
#3096 = DIRECTION('',(0.,0.,1.));
#3097 = ADVANCED_FACE('',(#3098),#3114,.F.);
#3098 = FACE_BOUND('',#3099,.F.);
#3099 = EDGE_LOOP('',(#3100,#3106,#3107,#3113));
#3100 = ORIENTED_EDGE('',*,*,#3101,.F.);
#3101 = EDGE_CURVE('',#3022,#3062,#3102,.T.);
#3102 = LINE('',#3103,#3104);
#3103 = CARTESIAN_POINT('',(880.,-18.,84.));
#3104 = VECTOR('',#3105,1.);
#3105 = DIRECTION('',(1.,0.,0.));
#3106 = ORIENTED_EDGE('',*,*,#3021,.T.);
#3107 = ORIENTED_EDGE('',*,*,#3108,.T.);
#3108 = EDGE_CURVE('',#3024,#3064,#3109,.T.);
#3109 = LINE('',#3110,#3111);
#3110 = CARTESIAN_POINT('',(880.,-18.,844.));
#3111 = VECTOR('',#3112,1.);
#3112 = DIRECTION('',(1.,0.,0.));
#3113 = ORIENTED_EDGE('',*,*,#3061,.F.);
#3114 = PLANE('',#3115);
#3115 = AXIS2_PLACEMENT_3D('',#3116,#3117,#3118);
#3116 = CARTESIAN_POINT('',(880.,-18.,84.));
#3117 = DIRECTION('',(0.,1.,0.));
#3118 = DIRECTION('',(0.,0.,1.));
#3119 = ADVANCED_FACE('',(#3120),#3136,.T.);
#3120 = FACE_BOUND('',#3121,.T.);
#3121 = EDGE_LOOP('',(#3122,#3128,#3129,#3135));
#3122 = ORIENTED_EDGE('',*,*,#3123,.F.);
#3123 = EDGE_CURVE('',#3032,#3072,#3124,.T.);
#3124 = LINE('',#3125,#3126);
#3125 = CARTESIAN_POINT('',(880.,0.,84.));
#3126 = VECTOR('',#3127,1.);
#3127 = DIRECTION('',(1.,0.,0.));
#3128 = ORIENTED_EDGE('',*,*,#3039,.T.);
#3129 = ORIENTED_EDGE('',*,*,#3130,.T.);
#3130 = EDGE_CURVE('',#3040,#3080,#3131,.T.);
#3131 = LINE('',#3132,#3133);
#3132 = CARTESIAN_POINT('',(880.,0.,844.));
#3133 = VECTOR('',#3134,1.);
#3134 = DIRECTION('',(1.,0.,0.));
#3135 = ORIENTED_EDGE('',*,*,#3079,.F.);
#3136 = PLANE('',#3137);
#3137 = AXIS2_PLACEMENT_3D('',#3138,#3139,#3140);
#3138 = CARTESIAN_POINT('',(880.,0.,84.));
#3139 = DIRECTION('',(0.,1.,0.));
#3140 = DIRECTION('',(0.,0.,1.));
#3141 = ADVANCED_FACE('',(#3142),#3148,.F.);
#3142 = FACE_BOUND('',#3143,.F.);
#3143 = EDGE_LOOP('',(#3144,#3145,#3146,#3147));
#3144 = ORIENTED_EDGE('',*,*,#3031,.F.);
#3145 = ORIENTED_EDGE('',*,*,#3101,.T.);
#3146 = ORIENTED_EDGE('',*,*,#3071,.T.);
#3147 = ORIENTED_EDGE('',*,*,#3123,.F.);
#3148 = PLANE('',#3149);
#3149 = AXIS2_PLACEMENT_3D('',#3150,#3151,#3152);
#3150 = CARTESIAN_POINT('',(880.,-18.,84.));
#3151 = DIRECTION('',(0.,0.,1.));
#3152 = DIRECTION('',(1.,0.,0.));
#3153 = ADVANCED_FACE('',(#3154),#3160,.T.);
#3154 = FACE_BOUND('',#3155,.T.);
#3155 = EDGE_LOOP('',(#3156,#3157,#3158,#3159));
#3156 = ORIENTED_EDGE('',*,*,#3047,.F.);
#3157 = ORIENTED_EDGE('',*,*,#3108,.T.);
#3158 = ORIENTED_EDGE('',*,*,#3087,.T.);
#3159 = ORIENTED_EDGE('',*,*,#3130,.F.);
#3160 = PLANE('',#3161);
#3161 = AXIS2_PLACEMENT_3D('',#3162,#3163,#3164);
#3162 = CARTESIAN_POINT('',(880.,-18.,844.));
#3163 = DIRECTION('',(0.,0.,1.));
#3164 = DIRECTION('',(1.,0.,0.));
#3165 = MANIFOLD_SOLID_BREP('',#3166);
#3166 = CLOSED_SHELL('',(#3167,#3207,#3238,#3296,#3320,#3371,#3383,#3405
    ,#3422,#3439));
#3167 = ADVANCED_FACE('',(#3168),#3202,.F.);
#3168 = FACE_BOUND('',#3169,.F.);
#3169 = EDGE_LOOP('',(#3170,#3180,#3188,#3196));
#3170 = ORIENTED_EDGE('',*,*,#3171,.F.);
#3171 = EDGE_CURVE('',#3172,#3174,#3176,.T.);
#3172 = VERTEX_POINT('',#3173);
#3173 = CARTESIAN_POINT('',(-20.,-38.,870.));
#3174 = VERTEX_POINT('',#3175);
#3175 = CARTESIAN_POINT('',(-20.,-38.,900.));
#3176 = LINE('',#3177,#3178);
#3177 = CARTESIAN_POINT('',(-20.,-38.,870.));
#3178 = VECTOR('',#3179,1.);
#3179 = DIRECTION('',(0.,0.,1.));
#3180 = ORIENTED_EDGE('',*,*,#3181,.T.);
#3181 = EDGE_CURVE('',#3172,#3182,#3184,.T.);
#3182 = VERTEX_POINT('',#3183);
#3183 = CARTESIAN_POINT('',(-20.,650.,870.));
#3184 = LINE('',#3185,#3186);
#3185 = CARTESIAN_POINT('',(-20.,-38.,870.));
#3186 = VECTOR('',#3187,1.);
#3187 = DIRECTION('',(0.,1.,0.));
#3188 = ORIENTED_EDGE('',*,*,#3189,.T.);
#3189 = EDGE_CURVE('',#3182,#3190,#3192,.T.);
#3190 = VERTEX_POINT('',#3191);
#3191 = CARTESIAN_POINT('',(-20.,650.,900.));
#3192 = LINE('',#3193,#3194);
#3193 = CARTESIAN_POINT('',(-20.,650.,870.));
#3194 = VECTOR('',#3195,1.);
#3195 = DIRECTION('',(0.,0.,1.));
#3196 = ORIENTED_EDGE('',*,*,#3197,.F.);
#3197 = EDGE_CURVE('',#3174,#3190,#3198,.T.);
#3198 = LINE('',#3199,#3200);
#3199 = CARTESIAN_POINT('',(-20.,-38.,900.));
#3200 = VECTOR('',#3201,1.);
#3201 = DIRECTION('',(0.,1.,0.));
#3202 = PLANE('',#3203);
#3203 = AXIS2_PLACEMENT_3D('',#3204,#3205,#3206);
#3204 = CARTESIAN_POINT('',(-20.,-38.,870.));
#3205 = DIRECTION('',(1.,0.,0.));
#3206 = DIRECTION('',(0.,0.,1.));
#3207 = ADVANCED_FACE('',(#3208),#3233,.F.);
#3208 = FACE_BOUND('',#3209,.F.);
#3209 = EDGE_LOOP('',(#3210,#3218,#3219,#3227));
#3210 = ORIENTED_EDGE('',*,*,#3211,.F.);
#3211 = EDGE_CURVE('',#3172,#3212,#3214,.T.);
#3212 = VERTEX_POINT('',#3213);
#3213 = CARTESIAN_POINT('',(1.56E+03,-38.,870.));
#3214 = LINE('',#3215,#3216);
#3215 = CARTESIAN_POINT('',(-20.,-38.,870.));
#3216 = VECTOR('',#3217,1.);
#3217 = DIRECTION('',(1.,0.,0.));
#3218 = ORIENTED_EDGE('',*,*,#3171,.T.);
#3219 = ORIENTED_EDGE('',*,*,#3220,.T.);
#3220 = EDGE_CURVE('',#3174,#3221,#3223,.T.);
#3221 = VERTEX_POINT('',#3222);
#3222 = CARTESIAN_POINT('',(1.56E+03,-38.,900.));
#3223 = LINE('',#3224,#3225);
#3224 = CARTESIAN_POINT('',(-20.,-38.,900.));
#3225 = VECTOR('',#3226,1.);
#3226 = DIRECTION('',(1.,0.,0.));
#3227 = ORIENTED_EDGE('',*,*,#3228,.F.);
#3228 = EDGE_CURVE('',#3212,#3221,#3229,.T.);
#3229 = LINE('',#3230,#3231);
#3230 = CARTESIAN_POINT('',(1.56E+03,-38.,870.));
#3231 = VECTOR('',#3232,1.);
#3232 = DIRECTION('',(0.,0.,1.));
#3233 = PLANE('',#3234);
#3234 = AXIS2_PLACEMENT_3D('',#3235,#3236,#3237);
#3235 = CARTESIAN_POINT('',(-20.,-38.,870.));
#3236 = DIRECTION('',(0.,1.,0.));
#3237 = DIRECTION('',(0.,0.,1.));
#3238 = ADVANCED_FACE('',(#3239,#3257),#3291,.T.);
#3239 = FACE_BOUND('',#3240,.T.);
#3240 = EDGE_LOOP('',(#3241,#3242,#3243,#3251));
#3241 = ORIENTED_EDGE('',*,*,#3197,.F.);
#3242 = ORIENTED_EDGE('',*,*,#3220,.T.);
#3243 = ORIENTED_EDGE('',*,*,#3244,.T.);
#3244 = EDGE_CURVE('',#3221,#3245,#3247,.T.);
#3245 = VERTEX_POINT('',#3246);
#3246 = CARTESIAN_POINT('',(1.56E+03,650.,900.));
#3247 = LINE('',#3248,#3249);
#3248 = CARTESIAN_POINT('',(1.56E+03,-38.,900.));
#3249 = VECTOR('',#3250,1.);
#3250 = DIRECTION('',(0.,1.,0.));
#3251 = ORIENTED_EDGE('',*,*,#3252,.F.);
#3252 = EDGE_CURVE('',#3190,#3245,#3253,.T.);
#3253 = LINE('',#3254,#3255);
#3254 = CARTESIAN_POINT('',(-20.,650.,900.));
#3255 = VECTOR('',#3256,1.);
#3256 = DIRECTION('',(1.,0.,0.));
#3257 = FACE_BOUND('',#3258,.T.);
#3258 = EDGE_LOOP('',(#3259,#3269,#3277,#3285));
#3259 = ORIENTED_EDGE('',*,*,#3260,.T.);
#3260 = EDGE_CURVE('',#3261,#3263,#3265,.T.);
#3261 = VERTEX_POINT('',#3262);
#3262 = CARTESIAN_POINT('',(1.405E+03,105.,900.));
#3263 = VERTEX_POINT('',#3264);
#3264 = CARTESIAN_POINT('',(875.,105.,900.));
#3265 = LINE('',#3266,#3267);
#3266 = CARTESIAN_POINT('',(427.5,105.,900.));
#3267 = VECTOR('',#3268,1.);
#3268 = DIRECTION('',(-1.,0.,0.));
#3269 = ORIENTED_EDGE('',*,*,#3270,.T.);
#3270 = EDGE_CURVE('',#3263,#3271,#3273,.T.);
#3271 = VERTEX_POINT('',#3272);
#3272 = CARTESIAN_POINT('',(875.,495.,900.));
#3273 = LINE('',#3274,#3275);
#3274 = CARTESIAN_POINT('',(875.,33.5,900.));
#3275 = VECTOR('',#3276,1.);
#3276 = DIRECTION('',(0.,1.,0.));
#3277 = ORIENTED_EDGE('',*,*,#3278,.F.);
#3278 = EDGE_CURVE('',#3279,#3271,#3281,.T.);
#3279 = VERTEX_POINT('',#3280);
#3280 = CARTESIAN_POINT('',(1.405E+03,495.,900.));
#3281 = LINE('',#3282,#3283);
#3282 = CARTESIAN_POINT('',(427.5,495.,900.));
#3283 = VECTOR('',#3284,1.);
#3284 = DIRECTION('',(-1.,0.,0.));
#3285 = ORIENTED_EDGE('',*,*,#3286,.F.);
#3286 = EDGE_CURVE('',#3261,#3279,#3287,.T.);
#3287 = LINE('',#3288,#3289);
#3288 = CARTESIAN_POINT('',(1.405E+03,33.5,900.));
#3289 = VECTOR('',#3290,1.);
#3290 = DIRECTION('',(0.,1.,0.));
#3291 = PLANE('',#3292);
#3292 = AXIS2_PLACEMENT_3D('',#3293,#3294,#3295);
#3293 = CARTESIAN_POINT('',(-20.,-38.,900.));
#3294 = DIRECTION('',(0.,0.,1.));
#3295 = DIRECTION('',(1.,0.,0.));
#3296 = ADVANCED_FACE('',(#3297),#3315,.T.);
#3297 = FACE_BOUND('',#3298,.T.);
#3298 = EDGE_LOOP('',(#3299,#3307,#3308,#3309));
#3299 = ORIENTED_EDGE('',*,*,#3300,.F.);
#3300 = EDGE_CURVE('',#3182,#3301,#3303,.T.);
#3301 = VERTEX_POINT('',#3302);
#3302 = CARTESIAN_POINT('',(1.56E+03,650.,870.));
#3303 = LINE('',#3304,#3305);
#3304 = CARTESIAN_POINT('',(-20.,650.,870.));
#3305 = VECTOR('',#3306,1.);
#3306 = DIRECTION('',(1.,0.,0.));
#3307 = ORIENTED_EDGE('',*,*,#3189,.T.);
#3308 = ORIENTED_EDGE('',*,*,#3252,.T.);
#3309 = ORIENTED_EDGE('',*,*,#3310,.F.);
#3310 = EDGE_CURVE('',#3301,#3245,#3311,.T.);
#3311 = LINE('',#3312,#3313);
#3312 = CARTESIAN_POINT('',(1.56E+03,650.,870.));
#3313 = VECTOR('',#3314,1.);
#3314 = DIRECTION('',(0.,0.,1.));
#3315 = PLANE('',#3316);
#3316 = AXIS2_PLACEMENT_3D('',#3317,#3318,#3319);
#3317 = CARTESIAN_POINT('',(-20.,650.,870.));
#3318 = DIRECTION('',(0.,1.,0.));
#3319 = DIRECTION('',(0.,0.,1.));
#3320 = ADVANCED_FACE('',(#3321,#3332),#3366,.F.);
#3321 = FACE_BOUND('',#3322,.F.);
#3322 = EDGE_LOOP('',(#3323,#3324,#3325,#3331));
#3323 = ORIENTED_EDGE('',*,*,#3181,.F.);
#3324 = ORIENTED_EDGE('',*,*,#3211,.T.);
#3325 = ORIENTED_EDGE('',*,*,#3326,.T.);
#3326 = EDGE_CURVE('',#3212,#3301,#3327,.T.);
#3327 = LINE('',#3328,#3329);
#3328 = CARTESIAN_POINT('',(1.56E+03,-38.,870.));
#3329 = VECTOR('',#3330,1.);
#3330 = DIRECTION('',(0.,1.,0.));
#3331 = ORIENTED_EDGE('',*,*,#3300,.F.);
#3332 = FACE_BOUND('',#3333,.F.);
#3333 = EDGE_LOOP('',(#3334,#3344,#3352,#3360));
#3334 = ORIENTED_EDGE('',*,*,#3335,.T.);
#3335 = EDGE_CURVE('',#3336,#3338,#3340,.T.);
#3336 = VERTEX_POINT('',#3337);
#3337 = CARTESIAN_POINT('',(1.405E+03,105.,870.));
#3338 = VERTEX_POINT('',#3339);
#3339 = CARTESIAN_POINT('',(875.,105.,870.));
#3340 = LINE('',#3341,#3342);
#3341 = CARTESIAN_POINT('',(427.5,105.,870.));
#3342 = VECTOR('',#3343,1.);
#3343 = DIRECTION('',(-1.,0.,0.));
#3344 = ORIENTED_EDGE('',*,*,#3345,.T.);
#3345 = EDGE_CURVE('',#3338,#3346,#3348,.T.);
#3346 = VERTEX_POINT('',#3347);
#3347 = CARTESIAN_POINT('',(875.,495.,870.));
#3348 = LINE('',#3349,#3350);
#3349 = CARTESIAN_POINT('',(875.,33.5,870.));
#3350 = VECTOR('',#3351,1.);
#3351 = DIRECTION('',(0.,1.,0.));
#3352 = ORIENTED_EDGE('',*,*,#3353,.F.);
#3353 = EDGE_CURVE('',#3354,#3346,#3356,.T.);
#3354 = VERTEX_POINT('',#3355);
#3355 = CARTESIAN_POINT('',(1.405E+03,495.,870.));
#3356 = LINE('',#3357,#3358);
#3357 = CARTESIAN_POINT('',(427.5,495.,870.));
#3358 = VECTOR('',#3359,1.);
#3359 = DIRECTION('',(-1.,0.,0.));
#3360 = ORIENTED_EDGE('',*,*,#3361,.F.);
#3361 = EDGE_CURVE('',#3336,#3354,#3362,.T.);
#3362 = LINE('',#3363,#3364);
#3363 = CARTESIAN_POINT('',(1.405E+03,33.5,870.));
#3364 = VECTOR('',#3365,1.);
#3365 = DIRECTION('',(0.,1.,0.));
#3366 = PLANE('',#3367);
#3367 = AXIS2_PLACEMENT_3D('',#3368,#3369,#3370);
#3368 = CARTESIAN_POINT('',(-20.,-38.,870.));
#3369 = DIRECTION('',(0.,0.,1.));
#3370 = DIRECTION('',(1.,0.,0.));
#3371 = ADVANCED_FACE('',(#3372),#3378,.T.);
#3372 = FACE_BOUND('',#3373,.T.);
#3373 = EDGE_LOOP('',(#3374,#3375,#3376,#3377));
#3374 = ORIENTED_EDGE('',*,*,#3228,.F.);
#3375 = ORIENTED_EDGE('',*,*,#3326,.T.);
#3376 = ORIENTED_EDGE('',*,*,#3310,.T.);
#3377 = ORIENTED_EDGE('',*,*,#3244,.F.);
#3378 = PLANE('',#3379);
#3379 = AXIS2_PLACEMENT_3D('',#3380,#3381,#3382);
#3380 = CARTESIAN_POINT('',(1.56E+03,-38.,870.));
#3381 = DIRECTION('',(1.,0.,0.));
#3382 = DIRECTION('',(0.,0.,1.));
#3383 = ADVANCED_FACE('',(#3384),#3400,.T.);
#3384 = FACE_BOUND('',#3385,.T.);
#3385 = EDGE_LOOP('',(#3386,#3392,#3393,#3399));
#3386 = ORIENTED_EDGE('',*,*,#3387,.F.);
#3387 = EDGE_CURVE('',#3336,#3261,#3388,.T.);
#3388 = LINE('',#3389,#3390);
#3389 = CARTESIAN_POINT('',(1.405E+03,105.,869.));
#3390 = VECTOR('',#3391,1.);
#3391 = DIRECTION('',(0.,0.,1.));
#3392 = ORIENTED_EDGE('',*,*,#3335,.T.);
#3393 = ORIENTED_EDGE('',*,*,#3394,.T.);
#3394 = EDGE_CURVE('',#3338,#3263,#3395,.T.);
#3395 = LINE('',#3396,#3397);
#3396 = CARTESIAN_POINT('',(875.,105.,869.));
#3397 = VECTOR('',#3398,1.);
#3398 = DIRECTION('',(0.,0.,1.));
#3399 = ORIENTED_EDGE('',*,*,#3260,.F.);
#3400 = PLANE('',#3401);
#3401 = AXIS2_PLACEMENT_3D('',#3402,#3403,#3404);
#3402 = CARTESIAN_POINT('',(875.,105.,869.));
#3403 = DIRECTION('',(0.,1.,0.));
#3404 = DIRECTION('',(0.,0.,1.));
#3405 = ADVANCED_FACE('',(#3406),#3417,.F.);
#3406 = FACE_BOUND('',#3407,.F.);
#3407 = EDGE_LOOP('',(#3408,#3409,#3410,#3416));
#3408 = ORIENTED_EDGE('',*,*,#3387,.F.);
#3409 = ORIENTED_EDGE('',*,*,#3361,.T.);
#3410 = ORIENTED_EDGE('',*,*,#3411,.T.);
#3411 = EDGE_CURVE('',#3354,#3279,#3412,.T.);
#3412 = LINE('',#3413,#3414);
#3413 = CARTESIAN_POINT('',(1.405E+03,495.,869.));
#3414 = VECTOR('',#3415,1.);
#3415 = DIRECTION('',(0.,0.,1.));
#3416 = ORIENTED_EDGE('',*,*,#3286,.F.);
#3417 = PLANE('',#3418);
#3418 = AXIS2_PLACEMENT_3D('',#3419,#3420,#3421);
#3419 = CARTESIAN_POINT('',(1.405E+03,105.,869.));
#3420 = DIRECTION('',(1.,0.,0.));
#3421 = DIRECTION('',(0.,0.,1.));
#3422 = ADVANCED_FACE('',(#3423),#3434,.F.);
#3423 = FACE_BOUND('',#3424,.F.);
#3424 = EDGE_LOOP('',(#3425,#3426,#3427,#3433));
#3425 = ORIENTED_EDGE('',*,*,#3411,.F.);
#3426 = ORIENTED_EDGE('',*,*,#3353,.T.);
#3427 = ORIENTED_EDGE('',*,*,#3428,.T.);
#3428 = EDGE_CURVE('',#3346,#3271,#3429,.T.);
#3429 = LINE('',#3430,#3431);
#3430 = CARTESIAN_POINT('',(875.,495.,869.));
#3431 = VECTOR('',#3432,1.);
#3432 = DIRECTION('',(0.,0.,1.));
#3433 = ORIENTED_EDGE('',*,*,#3278,.F.);
#3434 = PLANE('',#3435);
#3435 = AXIS2_PLACEMENT_3D('',#3436,#3437,#3438);
#3436 = CARTESIAN_POINT('',(875.,495.,869.));
#3437 = DIRECTION('',(0.,1.,0.));
#3438 = DIRECTION('',(0.,0.,1.));
#3439 = ADVANCED_FACE('',(#3440),#3446,.T.);
#3440 = FACE_BOUND('',#3441,.T.);
#3441 = EDGE_LOOP('',(#3442,#3443,#3444,#3445));
#3442 = ORIENTED_EDGE('',*,*,#3394,.F.);
#3443 = ORIENTED_EDGE('',*,*,#3345,.T.);
#3444 = ORIENTED_EDGE('',*,*,#3428,.T.);
#3445 = ORIENTED_EDGE('',*,*,#3270,.F.);
#3446 = PLANE('',#3447);
#3447 = AXIS2_PLACEMENT_3D('',#3448,#3449,#3450);
#3448 = CARTESIAN_POINT('',(875.,105.,869.));
#3449 = DIRECTION('',(1.,0.,0.));
#3450 = DIRECTION('',(0.,0.,1.));
#3451 = MANIFOLD_SOLID_BREP('',#3452);
#3452 = CLOSED_SHELL('',(#3453,#3493,#3533,#3555,#3577,#3589));
#3453 = ADVANCED_FACE('',(#3454),#3488,.F.);
#3454 = FACE_BOUND('',#3455,.F.);
#3455 = EDGE_LOOP('',(#3456,#3466,#3474,#3482));
#3456 = ORIENTED_EDGE('',*,*,#3457,.F.);
#3457 = EDGE_CURVE('',#3458,#3460,#3462,.T.);
#3458 = VERTEX_POINT('',#3459);
#3459 = CARTESIAN_POINT('',(1.353E+03,-18.,84.));
#3460 = VERTEX_POINT('',#3461);
#3461 = CARTESIAN_POINT('',(1.353E+03,-18.,844.));
#3462 = LINE('',#3463,#3464);
#3463 = CARTESIAN_POINT('',(1.353E+03,-18.,84.));
#3464 = VECTOR('',#3465,1.);
#3465 = DIRECTION('',(0.,0.,1.));
#3466 = ORIENTED_EDGE('',*,*,#3467,.T.);
#3467 = EDGE_CURVE('',#3458,#3468,#3470,.T.);
#3468 = VERTEX_POINT('',#3469);
#3469 = CARTESIAN_POINT('',(1.353E+03,0.,84.));
#3470 = LINE('',#3471,#3472);
#3471 = CARTESIAN_POINT('',(1.353E+03,-18.,84.));
#3472 = VECTOR('',#3473,1.);
#3473 = DIRECTION('',(0.,1.,0.));
#3474 = ORIENTED_EDGE('',*,*,#3475,.T.);
#3475 = EDGE_CURVE('',#3468,#3476,#3478,.T.);
#3476 = VERTEX_POINT('',#3477);
#3477 = CARTESIAN_POINT('',(1.353E+03,0.,844.));
#3478 = LINE('',#3479,#3480);
#3479 = CARTESIAN_POINT('',(1.353E+03,0.,84.));
#3480 = VECTOR('',#3481,1.);
#3481 = DIRECTION('',(0.,0.,1.));
#3482 = ORIENTED_EDGE('',*,*,#3483,.F.);
#3483 = EDGE_CURVE('',#3460,#3476,#3484,.T.);
#3484 = LINE('',#3485,#3486);
#3485 = CARTESIAN_POINT('',(1.353E+03,-18.,844.));
#3486 = VECTOR('',#3487,1.);
#3487 = DIRECTION('',(0.,1.,0.));
#3488 = PLANE('',#3489);
#3489 = AXIS2_PLACEMENT_3D('',#3490,#3491,#3492);
#3490 = CARTESIAN_POINT('',(1.353E+03,-18.,84.));
#3491 = DIRECTION('',(1.,0.,0.));
#3492 = DIRECTION('',(0.,0.,1.));
#3493 = ADVANCED_FACE('',(#3494),#3528,.T.);
#3494 = FACE_BOUND('',#3495,.T.);
#3495 = EDGE_LOOP('',(#3496,#3506,#3514,#3522));
#3496 = ORIENTED_EDGE('',*,*,#3497,.F.);
#3497 = EDGE_CURVE('',#3498,#3500,#3502,.T.);
#3498 = VERTEX_POINT('',#3499);
#3499 = CARTESIAN_POINT('',(1.535E+03,-18.,84.));
#3500 = VERTEX_POINT('',#3501);
#3501 = CARTESIAN_POINT('',(1.535E+03,-18.,844.));
#3502 = LINE('',#3503,#3504);
#3503 = CARTESIAN_POINT('',(1.535E+03,-18.,84.));
#3504 = VECTOR('',#3505,1.);
#3505 = DIRECTION('',(0.,0.,1.));
#3506 = ORIENTED_EDGE('',*,*,#3507,.T.);
#3507 = EDGE_CURVE('',#3498,#3508,#3510,.T.);
#3508 = VERTEX_POINT('',#3509);
#3509 = CARTESIAN_POINT('',(1.535E+03,0.,84.));
#3510 = LINE('',#3511,#3512);
#3511 = CARTESIAN_POINT('',(1.535E+03,-18.,84.));
#3512 = VECTOR('',#3513,1.);
#3513 = DIRECTION('',(0.,1.,0.));
#3514 = ORIENTED_EDGE('',*,*,#3515,.T.);
#3515 = EDGE_CURVE('',#3508,#3516,#3518,.T.);
#3516 = VERTEX_POINT('',#3517);
#3517 = CARTESIAN_POINT('',(1.535E+03,0.,844.));
#3518 = LINE('',#3519,#3520);
#3519 = CARTESIAN_POINT('',(1.535E+03,0.,84.));
#3520 = VECTOR('',#3521,1.);
#3521 = DIRECTION('',(0.,0.,1.));
#3522 = ORIENTED_EDGE('',*,*,#3523,.F.);
#3523 = EDGE_CURVE('',#3500,#3516,#3524,.T.);
#3524 = LINE('',#3525,#3526);
#3525 = CARTESIAN_POINT('',(1.535E+03,-18.,844.));
#3526 = VECTOR('',#3527,1.);
#3527 = DIRECTION('',(0.,1.,0.));
#3528 = PLANE('',#3529);
#3529 = AXIS2_PLACEMENT_3D('',#3530,#3531,#3532);
#3530 = CARTESIAN_POINT('',(1.535E+03,-18.,84.));
#3531 = DIRECTION('',(1.,0.,0.));
#3532 = DIRECTION('',(0.,0.,1.));
#3533 = ADVANCED_FACE('',(#3534),#3550,.F.);
#3534 = FACE_BOUND('',#3535,.F.);
#3535 = EDGE_LOOP('',(#3536,#3542,#3543,#3549));
#3536 = ORIENTED_EDGE('',*,*,#3537,.F.);
#3537 = EDGE_CURVE('',#3458,#3498,#3538,.T.);
#3538 = LINE('',#3539,#3540);
#3539 = CARTESIAN_POINT('',(1.353E+03,-18.,84.));
#3540 = VECTOR('',#3541,1.);
#3541 = DIRECTION('',(1.,0.,0.));
#3542 = ORIENTED_EDGE('',*,*,#3457,.T.);
#3543 = ORIENTED_EDGE('',*,*,#3544,.T.);
#3544 = EDGE_CURVE('',#3460,#3500,#3545,.T.);
#3545 = LINE('',#3546,#3547);
#3546 = CARTESIAN_POINT('',(1.353E+03,-18.,844.));
#3547 = VECTOR('',#3548,1.);
#3548 = DIRECTION('',(1.,0.,0.));
#3549 = ORIENTED_EDGE('',*,*,#3497,.F.);
#3550 = PLANE('',#3551);
#3551 = AXIS2_PLACEMENT_3D('',#3552,#3553,#3554);
#3552 = CARTESIAN_POINT('',(1.353E+03,-18.,84.));
#3553 = DIRECTION('',(0.,1.,0.));
#3554 = DIRECTION('',(0.,0.,1.));
#3555 = ADVANCED_FACE('',(#3556),#3572,.T.);
#3556 = FACE_BOUND('',#3557,.T.);
#3557 = EDGE_LOOP('',(#3558,#3564,#3565,#3571));
#3558 = ORIENTED_EDGE('',*,*,#3559,.F.);
#3559 = EDGE_CURVE('',#3468,#3508,#3560,.T.);
#3560 = LINE('',#3561,#3562);
#3561 = CARTESIAN_POINT('',(1.353E+03,0.,84.));
#3562 = VECTOR('',#3563,1.);
#3563 = DIRECTION('',(1.,0.,0.));
#3564 = ORIENTED_EDGE('',*,*,#3475,.T.);
#3565 = ORIENTED_EDGE('',*,*,#3566,.T.);
#3566 = EDGE_CURVE('',#3476,#3516,#3567,.T.);
#3567 = LINE('',#3568,#3569);
#3568 = CARTESIAN_POINT('',(1.353E+03,0.,844.));
#3569 = VECTOR('',#3570,1.);
#3570 = DIRECTION('',(1.,0.,0.));
#3571 = ORIENTED_EDGE('',*,*,#3515,.F.);
#3572 = PLANE('',#3573);
#3573 = AXIS2_PLACEMENT_3D('',#3574,#3575,#3576);
#3574 = CARTESIAN_POINT('',(1.353E+03,0.,84.));
#3575 = DIRECTION('',(0.,1.,0.));
#3576 = DIRECTION('',(0.,0.,1.));
#3577 = ADVANCED_FACE('',(#3578),#3584,.F.);
#3578 = FACE_BOUND('',#3579,.F.);
#3579 = EDGE_LOOP('',(#3580,#3581,#3582,#3583));
#3580 = ORIENTED_EDGE('',*,*,#3467,.F.);
#3581 = ORIENTED_EDGE('',*,*,#3537,.T.);
#3582 = ORIENTED_EDGE('',*,*,#3507,.T.);
#3583 = ORIENTED_EDGE('',*,*,#3559,.F.);
#3584 = PLANE('',#3585);
#3585 = AXIS2_PLACEMENT_3D('',#3586,#3587,#3588);
#3586 = CARTESIAN_POINT('',(1.353E+03,-18.,84.));
#3587 = DIRECTION('',(0.,0.,1.));
#3588 = DIRECTION('',(1.,0.,0.));
#3589 = ADVANCED_FACE('',(#3590),#3596,.T.);
#3590 = FACE_BOUND('',#3591,.T.);
#3591 = EDGE_LOOP('',(#3592,#3593,#3594,#3595));
#3592 = ORIENTED_EDGE('',*,*,#3483,.F.);
#3593 = ORIENTED_EDGE('',*,*,#3544,.T.);
#3594 = ORIENTED_EDGE('',*,*,#3523,.T.);
#3595 = ORIENTED_EDGE('',*,*,#3566,.F.);
#3596 = PLANE('',#3597);
#3597 = AXIS2_PLACEMENT_3D('',#3598,#3599,#3600);
#3598 = CARTESIAN_POINT('',(1.353E+03,-18.,844.));
#3599 = DIRECTION('',(0.,0.,1.));
#3600 = DIRECTION('',(1.,0.,0.));
#3601 = MANIFOLD_SOLID_BREP('',#3602);
#3602 = CLOSED_SHELL('',(#3603,#3643,#3683,#3705,#3727,#3739));
#3603 = ADVANCED_FACE('',(#3604),#3638,.F.);
#3604 = FACE_BOUND('',#3605,.F.);
#3605 = EDGE_LOOP('',(#3606,#3616,#3624,#3632));
#3606 = ORIENTED_EDGE('',*,*,#3607,.F.);
#3607 = EDGE_CURVE('',#3608,#3610,#3612,.T.);
#3608 = VERTEX_POINT('',#3609);
#3609 = CARTESIAN_POINT('',(0.,0.,594.66666666666));
#3610 = VERTEX_POINT('',#3611);
#3611 = CARTESIAN_POINT('',(0.,0.,612.66666666666));
#3612 = LINE('',#3613,#3614);
#3613 = CARTESIAN_POINT('',(0.,0.,594.66666666666));
#3614 = VECTOR('',#3615,1.);
#3615 = DIRECTION('',(0.,0.,1.));
#3616 = ORIENTED_EDGE('',*,*,#3617,.T.);
#3617 = EDGE_CURVE('',#3608,#3618,#3620,.T.);
#3618 = VERTEX_POINT('',#3619);
#3619 = CARTESIAN_POINT('',(0.,306.,594.66666666666));
#3620 = LINE('',#3621,#3622);
#3621 = CARTESIAN_POINT('',(0.,0.,594.66666666666));
#3622 = VECTOR('',#3623,1.);
#3623 = DIRECTION('',(0.,1.,0.));
#3624 = ORIENTED_EDGE('',*,*,#3625,.T.);
#3625 = EDGE_CURVE('',#3618,#3626,#3628,.T.);
#3626 = VERTEX_POINT('',#3627);
#3627 = CARTESIAN_POINT('',(0.,306.,612.66666666666));
#3628 = LINE('',#3629,#3630);
#3629 = CARTESIAN_POINT('',(0.,306.,594.66666666666));
#3630 = VECTOR('',#3631,1.);
#3631 = DIRECTION('',(0.,0.,1.));
#3632 = ORIENTED_EDGE('',*,*,#3633,.F.);
#3633 = EDGE_CURVE('',#3610,#3626,#3634,.T.);
#3634 = LINE('',#3635,#3636);
#3635 = CARTESIAN_POINT('',(0.,0.,612.66666666666));
#3636 = VECTOR('',#3637,1.);
#3637 = DIRECTION('',(0.,1.,0.));
#3638 = PLANE('',#3639);
#3639 = AXIS2_PLACEMENT_3D('',#3640,#3641,#3642);
#3640 = CARTESIAN_POINT('',(0.,0.,594.66666666666));
#3641 = DIRECTION('',(1.,0.,0.));
#3642 = DIRECTION('',(0.,0.,1.));
#3643 = ADVANCED_FACE('',(#3644),#3678,.T.);
#3644 = FACE_BOUND('',#3645,.T.);
#3645 = EDGE_LOOP('',(#3646,#3656,#3664,#3672));
#3646 = ORIENTED_EDGE('',*,*,#3647,.F.);
#3647 = EDGE_CURVE('',#3648,#3650,#3652,.T.);
#3648 = VERTEX_POINT('',#3649);
#3649 = CARTESIAN_POINT('',(398.,0.,594.66666666666));
#3650 = VERTEX_POINT('',#3651);
#3651 = CARTESIAN_POINT('',(398.,0.,612.66666666666));
#3652 = LINE('',#3653,#3654);
#3653 = CARTESIAN_POINT('',(398.,0.,594.66666666666));
#3654 = VECTOR('',#3655,1.);
#3655 = DIRECTION('',(0.,0.,1.));
#3656 = ORIENTED_EDGE('',*,*,#3657,.T.);
#3657 = EDGE_CURVE('',#3648,#3658,#3660,.T.);
#3658 = VERTEX_POINT('',#3659);
#3659 = CARTESIAN_POINT('',(398.,306.,594.66666666666));
#3660 = LINE('',#3661,#3662);
#3661 = CARTESIAN_POINT('',(398.,0.,594.66666666666));
#3662 = VECTOR('',#3663,1.);
#3663 = DIRECTION('',(0.,1.,0.));
#3664 = ORIENTED_EDGE('',*,*,#3665,.T.);
#3665 = EDGE_CURVE('',#3658,#3666,#3668,.T.);
#3666 = VERTEX_POINT('',#3667);
#3667 = CARTESIAN_POINT('',(398.,306.,612.66666666666));
#3668 = LINE('',#3669,#3670);
#3669 = CARTESIAN_POINT('',(398.,306.,594.66666666666));
#3670 = VECTOR('',#3671,1.);
#3671 = DIRECTION('',(0.,0.,1.));
#3672 = ORIENTED_EDGE('',*,*,#3673,.F.);
#3673 = EDGE_CURVE('',#3650,#3666,#3674,.T.);
#3674 = LINE('',#3675,#3676);
#3675 = CARTESIAN_POINT('',(398.,0.,612.66666666666));
#3676 = VECTOR('',#3677,1.);
#3677 = DIRECTION('',(0.,1.,0.));
#3678 = PLANE('',#3679);
#3679 = AXIS2_PLACEMENT_3D('',#3680,#3681,#3682);
#3680 = CARTESIAN_POINT('',(398.,0.,594.66666666666));
#3681 = DIRECTION('',(1.,0.,0.));
#3682 = DIRECTION('',(0.,0.,1.));
#3683 = ADVANCED_FACE('',(#3684),#3700,.F.);
#3684 = FACE_BOUND('',#3685,.F.);
#3685 = EDGE_LOOP('',(#3686,#3692,#3693,#3699));
#3686 = ORIENTED_EDGE('',*,*,#3687,.F.);
#3687 = EDGE_CURVE('',#3608,#3648,#3688,.T.);
#3688 = LINE('',#3689,#3690);
#3689 = CARTESIAN_POINT('',(0.,0.,594.66666666666));
#3690 = VECTOR('',#3691,1.);
#3691 = DIRECTION('',(1.,0.,0.));
#3692 = ORIENTED_EDGE('',*,*,#3607,.T.);
#3693 = ORIENTED_EDGE('',*,*,#3694,.T.);
#3694 = EDGE_CURVE('',#3610,#3650,#3695,.T.);
#3695 = LINE('',#3696,#3697);
#3696 = CARTESIAN_POINT('',(0.,0.,612.66666666666));
#3697 = VECTOR('',#3698,1.);
#3698 = DIRECTION('',(1.,0.,0.));
#3699 = ORIENTED_EDGE('',*,*,#3647,.F.);
#3700 = PLANE('',#3701);
#3701 = AXIS2_PLACEMENT_3D('',#3702,#3703,#3704);
#3702 = CARTESIAN_POINT('',(0.,0.,594.66666666666));
#3703 = DIRECTION('',(0.,1.,0.));
#3704 = DIRECTION('',(0.,0.,1.));
#3705 = ADVANCED_FACE('',(#3706),#3722,.T.);
#3706 = FACE_BOUND('',#3707,.T.);
#3707 = EDGE_LOOP('',(#3708,#3714,#3715,#3721));
#3708 = ORIENTED_EDGE('',*,*,#3709,.F.);
#3709 = EDGE_CURVE('',#3618,#3658,#3710,.T.);
#3710 = LINE('',#3711,#3712);
#3711 = CARTESIAN_POINT('',(0.,306.,594.66666666666));
#3712 = VECTOR('',#3713,1.);
#3713 = DIRECTION('',(1.,0.,0.));
#3714 = ORIENTED_EDGE('',*,*,#3625,.T.);
#3715 = ORIENTED_EDGE('',*,*,#3716,.T.);
#3716 = EDGE_CURVE('',#3626,#3666,#3717,.T.);
#3717 = LINE('',#3718,#3719);
#3718 = CARTESIAN_POINT('',(0.,306.,612.66666666666));
#3719 = VECTOR('',#3720,1.);
#3720 = DIRECTION('',(1.,0.,0.));
#3721 = ORIENTED_EDGE('',*,*,#3665,.F.);
#3722 = PLANE('',#3723);
#3723 = AXIS2_PLACEMENT_3D('',#3724,#3725,#3726);
#3724 = CARTESIAN_POINT('',(0.,306.,594.66666666666));
#3725 = DIRECTION('',(0.,1.,0.));
#3726 = DIRECTION('',(0.,0.,1.));
#3727 = ADVANCED_FACE('',(#3728),#3734,.F.);
#3728 = FACE_BOUND('',#3729,.F.);
#3729 = EDGE_LOOP('',(#3730,#3731,#3732,#3733));
#3730 = ORIENTED_EDGE('',*,*,#3617,.F.);
#3731 = ORIENTED_EDGE('',*,*,#3687,.T.);
#3732 = ORIENTED_EDGE('',*,*,#3657,.T.);
#3733 = ORIENTED_EDGE('',*,*,#3709,.F.);
#3734 = PLANE('',#3735);
#3735 = AXIS2_PLACEMENT_3D('',#3736,#3737,#3738);
#3736 = CARTESIAN_POINT('',(0.,0.,594.66666666666));
#3737 = DIRECTION('',(0.,0.,1.));
#3738 = DIRECTION('',(1.,0.,0.));
#3739 = ADVANCED_FACE('',(#3740),#3746,.T.);
#3740 = FACE_BOUND('',#3741,.T.);
#3741 = EDGE_LOOP('',(#3742,#3743,#3744,#3745));
#3742 = ORIENTED_EDGE('',*,*,#3633,.F.);
#3743 = ORIENTED_EDGE('',*,*,#3694,.T.);
#3744 = ORIENTED_EDGE('',*,*,#3673,.T.);
#3745 = ORIENTED_EDGE('',*,*,#3716,.F.);
#3746 = PLANE('',#3747);
#3747 = AXIS2_PLACEMENT_3D('',#3748,#3749,#3750);
#3748 = CARTESIAN_POINT('',(0.,0.,612.66666666666));
#3749 = DIRECTION('',(0.,0.,1.));
#3750 = DIRECTION('',(1.,0.,0.));
#3751 = MANIFOLD_SOLID_BREP('',#3752);
#3752 = CLOSED_SHELL('',(#3753,#3793,#3833,#3855,#3877,#3889));
#3753 = ADVANCED_FACE('',(#3754),#3788,.F.);
#3754 = FACE_BOUND('',#3755,.F.);
#3755 = EDGE_LOOP('',(#3756,#3766,#3774,#3782));
#3756 = ORIENTED_EDGE('',*,*,#3757,.F.);
#3757 = EDGE_CURVE('',#3758,#3760,#3762,.T.);
#3758 = VERTEX_POINT('',#3759);
#3759 = CARTESIAN_POINT('',(0.,0.,337.33333333333));
#3760 = VERTEX_POINT('',#3761);
#3761 = CARTESIAN_POINT('',(0.,0.,355.33333333333));
#3762 = LINE('',#3763,#3764);
#3763 = CARTESIAN_POINT('',(0.,0.,337.33333333333));
#3764 = VECTOR('',#3765,1.);
#3765 = DIRECTION('',(0.,0.,1.));
#3766 = ORIENTED_EDGE('',*,*,#3767,.T.);
#3767 = EDGE_CURVE('',#3758,#3768,#3770,.T.);
#3768 = VERTEX_POINT('',#3769);
#3769 = CARTESIAN_POINT('',(0.,306.,337.33333333333));
#3770 = LINE('',#3771,#3772);
#3771 = CARTESIAN_POINT('',(0.,0.,337.33333333333));
#3772 = VECTOR('',#3773,1.);
#3773 = DIRECTION('',(0.,1.,0.));
#3774 = ORIENTED_EDGE('',*,*,#3775,.T.);
#3775 = EDGE_CURVE('',#3768,#3776,#3778,.T.);
#3776 = VERTEX_POINT('',#3777);
#3777 = CARTESIAN_POINT('',(0.,306.,355.33333333333));
#3778 = LINE('',#3779,#3780);
#3779 = CARTESIAN_POINT('',(0.,306.,337.33333333333));
#3780 = VECTOR('',#3781,1.);
#3781 = DIRECTION('',(0.,0.,1.));
#3782 = ORIENTED_EDGE('',*,*,#3783,.F.);
#3783 = EDGE_CURVE('',#3760,#3776,#3784,.T.);
#3784 = LINE('',#3785,#3786);
#3785 = CARTESIAN_POINT('',(0.,0.,355.33333333333));
#3786 = VECTOR('',#3787,1.);
#3787 = DIRECTION('',(0.,1.,0.));
#3788 = PLANE('',#3789);
#3789 = AXIS2_PLACEMENT_3D('',#3790,#3791,#3792);
#3790 = CARTESIAN_POINT('',(0.,0.,337.33333333333));
#3791 = DIRECTION('',(1.,0.,0.));
#3792 = DIRECTION('',(0.,0.,1.));
#3793 = ADVANCED_FACE('',(#3794),#3828,.T.);
#3794 = FACE_BOUND('',#3795,.T.);
#3795 = EDGE_LOOP('',(#3796,#3806,#3814,#3822));
#3796 = ORIENTED_EDGE('',*,*,#3797,.F.);
#3797 = EDGE_CURVE('',#3798,#3800,#3802,.T.);
#3798 = VERTEX_POINT('',#3799);
#3799 = CARTESIAN_POINT('',(398.,0.,337.33333333333));
#3800 = VERTEX_POINT('',#3801);
#3801 = CARTESIAN_POINT('',(398.,0.,355.33333333333));
#3802 = LINE('',#3803,#3804);
#3803 = CARTESIAN_POINT('',(398.,0.,337.33333333333));
#3804 = VECTOR('',#3805,1.);
#3805 = DIRECTION('',(0.,0.,1.));
#3806 = ORIENTED_EDGE('',*,*,#3807,.T.);
#3807 = EDGE_CURVE('',#3798,#3808,#3810,.T.);
#3808 = VERTEX_POINT('',#3809);
#3809 = CARTESIAN_POINT('',(398.,306.,337.33333333333));
#3810 = LINE('',#3811,#3812);
#3811 = CARTESIAN_POINT('',(398.,0.,337.33333333333));
#3812 = VECTOR('',#3813,1.);
#3813 = DIRECTION('',(0.,1.,0.));
#3814 = ORIENTED_EDGE('',*,*,#3815,.T.);
#3815 = EDGE_CURVE('',#3808,#3816,#3818,.T.);
#3816 = VERTEX_POINT('',#3817);
#3817 = CARTESIAN_POINT('',(398.,306.,355.33333333333));
#3818 = LINE('',#3819,#3820);
#3819 = CARTESIAN_POINT('',(398.,306.,337.33333333333));
#3820 = VECTOR('',#3821,1.);
#3821 = DIRECTION('',(0.,0.,1.));
#3822 = ORIENTED_EDGE('',*,*,#3823,.F.);
#3823 = EDGE_CURVE('',#3800,#3816,#3824,.T.);
#3824 = LINE('',#3825,#3826);
#3825 = CARTESIAN_POINT('',(398.,0.,355.33333333333));
#3826 = VECTOR('',#3827,1.);
#3827 = DIRECTION('',(0.,1.,0.));
#3828 = PLANE('',#3829);
#3829 = AXIS2_PLACEMENT_3D('',#3830,#3831,#3832);
#3830 = CARTESIAN_POINT('',(398.,0.,337.33333333333));
#3831 = DIRECTION('',(1.,0.,0.));
#3832 = DIRECTION('',(0.,0.,1.));
#3833 = ADVANCED_FACE('',(#3834),#3850,.F.);
#3834 = FACE_BOUND('',#3835,.F.);
#3835 = EDGE_LOOP('',(#3836,#3842,#3843,#3849));
#3836 = ORIENTED_EDGE('',*,*,#3837,.F.);
#3837 = EDGE_CURVE('',#3758,#3798,#3838,.T.);
#3838 = LINE('',#3839,#3840);
#3839 = CARTESIAN_POINT('',(0.,0.,337.33333333333));
#3840 = VECTOR('',#3841,1.);
#3841 = DIRECTION('',(1.,0.,0.));
#3842 = ORIENTED_EDGE('',*,*,#3757,.T.);
#3843 = ORIENTED_EDGE('',*,*,#3844,.T.);
#3844 = EDGE_CURVE('',#3760,#3800,#3845,.T.);
#3845 = LINE('',#3846,#3847);
#3846 = CARTESIAN_POINT('',(0.,0.,355.33333333333));
#3847 = VECTOR('',#3848,1.);
#3848 = DIRECTION('',(1.,0.,0.));
#3849 = ORIENTED_EDGE('',*,*,#3797,.F.);
#3850 = PLANE('',#3851);
#3851 = AXIS2_PLACEMENT_3D('',#3852,#3853,#3854);
#3852 = CARTESIAN_POINT('',(0.,0.,337.33333333333));
#3853 = DIRECTION('',(0.,1.,0.));
#3854 = DIRECTION('',(0.,0.,1.));
#3855 = ADVANCED_FACE('',(#3856),#3872,.T.);
#3856 = FACE_BOUND('',#3857,.T.);
#3857 = EDGE_LOOP('',(#3858,#3864,#3865,#3871));
#3858 = ORIENTED_EDGE('',*,*,#3859,.F.);
#3859 = EDGE_CURVE('',#3768,#3808,#3860,.T.);
#3860 = LINE('',#3861,#3862);
#3861 = CARTESIAN_POINT('',(0.,306.,337.33333333333));
#3862 = VECTOR('',#3863,1.);
#3863 = DIRECTION('',(1.,0.,0.));
#3864 = ORIENTED_EDGE('',*,*,#3775,.T.);
#3865 = ORIENTED_EDGE('',*,*,#3866,.T.);
#3866 = EDGE_CURVE('',#3776,#3816,#3867,.T.);
#3867 = LINE('',#3868,#3869);
#3868 = CARTESIAN_POINT('',(0.,306.,355.33333333333));
#3869 = VECTOR('',#3870,1.);
#3870 = DIRECTION('',(1.,0.,0.));
#3871 = ORIENTED_EDGE('',*,*,#3815,.F.);
#3872 = PLANE('',#3873);
#3873 = AXIS2_PLACEMENT_3D('',#3874,#3875,#3876);
#3874 = CARTESIAN_POINT('',(0.,306.,337.33333333333));
#3875 = DIRECTION('',(0.,1.,0.));
#3876 = DIRECTION('',(0.,0.,1.));
#3877 = ADVANCED_FACE('',(#3878),#3884,.F.);
#3878 = FACE_BOUND('',#3879,.F.);
#3879 = EDGE_LOOP('',(#3880,#3881,#3882,#3883));
#3880 = ORIENTED_EDGE('',*,*,#3767,.F.);
#3881 = ORIENTED_EDGE('',*,*,#3837,.T.);
#3882 = ORIENTED_EDGE('',*,*,#3807,.T.);
#3883 = ORIENTED_EDGE('',*,*,#3859,.F.);
#3884 = PLANE('',#3885);
#3885 = AXIS2_PLACEMENT_3D('',#3886,#3887,#3888);
#3886 = CARTESIAN_POINT('',(0.,0.,337.33333333333));
#3887 = DIRECTION('',(0.,0.,1.));
#3888 = DIRECTION('',(1.,0.,0.));
#3889 = ADVANCED_FACE('',(#3890),#3896,.T.);
#3890 = FACE_BOUND('',#3891,.T.);
#3891 = EDGE_LOOP('',(#3892,#3893,#3894,#3895));
#3892 = ORIENTED_EDGE('',*,*,#3783,.F.);
#3893 = ORIENTED_EDGE('',*,*,#3844,.T.);
#3894 = ORIENTED_EDGE('',*,*,#3823,.T.);
#3895 = ORIENTED_EDGE('',*,*,#3866,.F.);
#3896 = PLANE('',#3897);
#3897 = AXIS2_PLACEMENT_3D('',#3898,#3899,#3900);
#3898 = CARTESIAN_POINT('',(0.,0.,355.33333333333));
#3899 = DIRECTION('',(0.,0.,1.));
#3900 = DIRECTION('',(1.,0.,0.));
#3901 = MANIFOLD_SOLID_BREP('',#3902);
#3902 = CLOSED_SHELL('',(#3903,#3943,#3983,#4005,#4027,#4039));
#3903 = ADVANCED_FACE('',(#3904),#3938,.F.);
#3904 = FACE_BOUND('',#3905,.F.);
#3905 = EDGE_LOOP('',(#3906,#3916,#3924,#3932));
#3906 = ORIENTED_EDGE('',*,*,#3907,.F.);
#3907 = EDGE_CURVE('',#3908,#3910,#3912,.T.);
#3908 = VERTEX_POINT('',#3909);
#3909 = CARTESIAN_POINT('',(407.,0.,844.));
#3910 = VERTEX_POINT('',#3911);
#3911 = CARTESIAN_POINT('',(407.,0.,868.4));
#3912 = LINE('',#3913,#3914);
#3913 = CARTESIAN_POINT('',(407.,0.,844.));
#3914 = VECTOR('',#3915,1.);
#3915 = DIRECTION('',(0.,0.,1.));
#3916 = ORIENTED_EDGE('',*,*,#3917,.T.);
#3917 = EDGE_CURVE('',#3908,#3918,#3920,.T.);
#3918 = VERTEX_POINT('',#3919);
#3919 = CARTESIAN_POINT('',(407.,48.,844.));
#3920 = LINE('',#3921,#3922);
#3921 = CARTESIAN_POINT('',(407.,0.,844.));
#3922 = VECTOR('',#3923,1.);
#3923 = DIRECTION('',(0.,1.,0.));
#3924 = ORIENTED_EDGE('',*,*,#3925,.T.);
#3925 = EDGE_CURVE('',#3918,#3926,#3928,.T.);
#3926 = VERTEX_POINT('',#3927);
#3927 = CARTESIAN_POINT('',(407.,48.,868.4));
#3928 = LINE('',#3929,#3930);
#3929 = CARTESIAN_POINT('',(407.,48.,844.));
#3930 = VECTOR('',#3931,1.);
#3931 = DIRECTION('',(0.,0.,1.));
#3932 = ORIENTED_EDGE('',*,*,#3933,.F.);
#3933 = EDGE_CURVE('',#3910,#3926,#3934,.T.);
#3934 = LINE('',#3935,#3936);
#3935 = CARTESIAN_POINT('',(407.,0.,868.4));
#3936 = VECTOR('',#3937,1.);
#3937 = DIRECTION('',(0.,1.,0.));
#3938 = PLANE('',#3939);
#3939 = AXIS2_PLACEMENT_3D('',#3940,#3941,#3942);
#3940 = CARTESIAN_POINT('',(407.,0.,844.));
#3941 = DIRECTION('',(1.,0.,0.));
#3942 = DIRECTION('',(0.,0.,1.));
#3943 = ADVANCED_FACE('',(#3944),#3978,.T.);
#3944 = FACE_BOUND('',#3945,.T.);
#3945 = EDGE_LOOP('',(#3946,#3956,#3964,#3972));
#3946 = ORIENTED_EDGE('',*,*,#3947,.F.);
#3947 = EDGE_CURVE('',#3948,#3950,#3952,.T.);
#3948 = VERTEX_POINT('',#3949);
#3949 = CARTESIAN_POINT('',(1.349E+03,0.,844.));
#3950 = VERTEX_POINT('',#3951);
#3951 = CARTESIAN_POINT('',(1.349E+03,0.,868.4));
#3952 = LINE('',#3953,#3954);
#3953 = CARTESIAN_POINT('',(1.349E+03,0.,844.));
#3954 = VECTOR('',#3955,1.);
#3955 = DIRECTION('',(0.,0.,1.));
#3956 = ORIENTED_EDGE('',*,*,#3957,.T.);
#3957 = EDGE_CURVE('',#3948,#3958,#3960,.T.);
#3958 = VERTEX_POINT('',#3959);
#3959 = CARTESIAN_POINT('',(1.349E+03,48.,844.));
#3960 = LINE('',#3961,#3962);
#3961 = CARTESIAN_POINT('',(1.349E+03,0.,844.));
#3962 = VECTOR('',#3963,1.);
#3963 = DIRECTION('',(0.,1.,0.));
#3964 = ORIENTED_EDGE('',*,*,#3965,.T.);
#3965 = EDGE_CURVE('',#3958,#3966,#3968,.T.);
#3966 = VERTEX_POINT('',#3967);
#3967 = CARTESIAN_POINT('',(1.349E+03,48.,868.4));
#3968 = LINE('',#3969,#3970);
#3969 = CARTESIAN_POINT('',(1.349E+03,48.,844.));
#3970 = VECTOR('',#3971,1.);
#3971 = DIRECTION('',(0.,0.,1.));
#3972 = ORIENTED_EDGE('',*,*,#3973,.F.);
#3973 = EDGE_CURVE('',#3950,#3966,#3974,.T.);
#3974 = LINE('',#3975,#3976);
#3975 = CARTESIAN_POINT('',(1.349E+03,0.,868.4));
#3976 = VECTOR('',#3977,1.);
#3977 = DIRECTION('',(0.,1.,0.));
#3978 = PLANE('',#3979);
#3979 = AXIS2_PLACEMENT_3D('',#3980,#3981,#3982);
#3980 = CARTESIAN_POINT('',(1.349E+03,0.,844.));
#3981 = DIRECTION('',(1.,0.,0.));
#3982 = DIRECTION('',(0.,0.,1.));
#3983 = ADVANCED_FACE('',(#3984),#4000,.F.);
#3984 = FACE_BOUND('',#3985,.F.);
#3985 = EDGE_LOOP('',(#3986,#3992,#3993,#3999));
#3986 = ORIENTED_EDGE('',*,*,#3987,.F.);
#3987 = EDGE_CURVE('',#3908,#3948,#3988,.T.);
#3988 = LINE('',#3989,#3990);
#3989 = CARTESIAN_POINT('',(407.,0.,844.));
#3990 = VECTOR('',#3991,1.);
#3991 = DIRECTION('',(1.,0.,0.));
#3992 = ORIENTED_EDGE('',*,*,#3907,.T.);
#3993 = ORIENTED_EDGE('',*,*,#3994,.T.);
#3994 = EDGE_CURVE('',#3910,#3950,#3995,.T.);
#3995 = LINE('',#3996,#3997);
#3996 = CARTESIAN_POINT('',(407.,0.,868.4));
#3997 = VECTOR('',#3998,1.);
#3998 = DIRECTION('',(1.,0.,0.));
#3999 = ORIENTED_EDGE('',*,*,#3947,.F.);
#4000 = PLANE('',#4001);
#4001 = AXIS2_PLACEMENT_3D('',#4002,#4003,#4004);
#4002 = CARTESIAN_POINT('',(407.,0.,844.));
#4003 = DIRECTION('',(0.,1.,0.));
#4004 = DIRECTION('',(0.,0.,1.));
#4005 = ADVANCED_FACE('',(#4006),#4022,.T.);
#4006 = FACE_BOUND('',#4007,.T.);
#4007 = EDGE_LOOP('',(#4008,#4014,#4015,#4021));
#4008 = ORIENTED_EDGE('',*,*,#4009,.F.);
#4009 = EDGE_CURVE('',#3918,#3958,#4010,.T.);
#4010 = LINE('',#4011,#4012);
#4011 = CARTESIAN_POINT('',(407.,48.,844.));
#4012 = VECTOR('',#4013,1.);
#4013 = DIRECTION('',(1.,0.,0.));
#4014 = ORIENTED_EDGE('',*,*,#3925,.T.);
#4015 = ORIENTED_EDGE('',*,*,#4016,.T.);
#4016 = EDGE_CURVE('',#3926,#3966,#4017,.T.);
#4017 = LINE('',#4018,#4019);
#4018 = CARTESIAN_POINT('',(407.,48.,868.4));
#4019 = VECTOR('',#4020,1.);
#4020 = DIRECTION('',(1.,0.,0.));
#4021 = ORIENTED_EDGE('',*,*,#3965,.F.);
#4022 = PLANE('',#4023);
#4023 = AXIS2_PLACEMENT_3D('',#4024,#4025,#4026);
#4024 = CARTESIAN_POINT('',(407.,48.,844.));
#4025 = DIRECTION('',(0.,1.,0.));
#4026 = DIRECTION('',(0.,0.,1.));
#4027 = ADVANCED_FACE('',(#4028),#4034,.F.);
#4028 = FACE_BOUND('',#4029,.F.);
#4029 = EDGE_LOOP('',(#4030,#4031,#4032,#4033));
#4030 = ORIENTED_EDGE('',*,*,#3917,.F.);
#4031 = ORIENTED_EDGE('',*,*,#3987,.T.);
#4032 = ORIENTED_EDGE('',*,*,#3957,.T.);
#4033 = ORIENTED_EDGE('',*,*,#4009,.F.);
#4034 = PLANE('',#4035);
#4035 = AXIS2_PLACEMENT_3D('',#4036,#4037,#4038);
#4036 = CARTESIAN_POINT('',(407.,0.,844.));
#4037 = DIRECTION('',(0.,0.,1.));
#4038 = DIRECTION('',(1.,0.,0.));
#4039 = ADVANCED_FACE('',(#4040),#4046,.T.);
#4040 = FACE_BOUND('',#4041,.T.);
#4041 = EDGE_LOOP('',(#4042,#4043,#4044,#4045));
#4042 = ORIENTED_EDGE('',*,*,#3933,.F.);
#4043 = ORIENTED_EDGE('',*,*,#3994,.T.);
#4044 = ORIENTED_EDGE('',*,*,#3973,.T.);
#4045 = ORIENTED_EDGE('',*,*,#4016,.F.);
#4046 = PLANE('',#4047);
#4047 = AXIS2_PLACEMENT_3D('',#4048,#4049,#4050);
#4048 = CARTESIAN_POINT('',(407.,0.,868.4));
#4049 = DIRECTION('',(0.,0.,1.));
#4050 = DIRECTION('',(1.,0.,0.));
#4051 = MANIFOLD_SOLID_BREP('',#4052);
#4052 = CLOSED_SHELL('',(#4053,#4093,#4133,#4155,#4177,#4189));
#4053 = ADVANCED_FACE('',(#4054),#4088,.F.);
#4054 = FACE_BOUND('',#4055,.F.);
#4055 = EDGE_LOOP('',(#4056,#4066,#4074,#4082));
#4056 = ORIENTED_EDGE('',*,*,#4057,.F.);
#4057 = EDGE_CURVE('',#4058,#4060,#4062,.T.);
#4058 = VERTEX_POINT('',#4059);
#4059 = CARTESIAN_POINT('',(0.,-18.,810.));
#4060 = VERTEX_POINT('',#4061);
#4061 = CARTESIAN_POINT('',(0.,-18.,870.));
#4062 = LINE('',#4063,#4064);
#4063 = CARTESIAN_POINT('',(0.,-18.,810.));
#4064 = VECTOR('',#4065,1.);
#4065 = DIRECTION('',(0.,0.,1.));
#4066 = ORIENTED_EDGE('',*,*,#4067,.T.);
#4067 = EDGE_CURVE('',#4058,#4068,#4070,.T.);
#4068 = VERTEX_POINT('',#4069);
#4069 = CARTESIAN_POINT('',(0.,0.,810.));
#4070 = LINE('',#4071,#4072);
#4071 = CARTESIAN_POINT('',(0.,-18.,810.));
#4072 = VECTOR('',#4073,1.);
#4073 = DIRECTION('',(0.,1.,0.));
#4074 = ORIENTED_EDGE('',*,*,#4075,.T.);
#4075 = EDGE_CURVE('',#4068,#4076,#4078,.T.);
#4076 = VERTEX_POINT('',#4077);
#4077 = CARTESIAN_POINT('',(0.,0.,870.));
#4078 = LINE('',#4079,#4080);
#4079 = CARTESIAN_POINT('',(0.,0.,810.));
#4080 = VECTOR('',#4081,1.);
#4081 = DIRECTION('',(0.,0.,1.));
#4082 = ORIENTED_EDGE('',*,*,#4083,.F.);
#4083 = EDGE_CURVE('',#4060,#4076,#4084,.T.);
#4084 = LINE('',#4085,#4086);
#4085 = CARTESIAN_POINT('',(0.,-18.,870.));
#4086 = VECTOR('',#4087,1.);
#4087 = DIRECTION('',(0.,1.,0.));
#4088 = PLANE('',#4089);
#4089 = AXIS2_PLACEMENT_3D('',#4090,#4091,#4092);
#4090 = CARTESIAN_POINT('',(0.,-18.,810.));
#4091 = DIRECTION('',(1.,0.,0.));
#4092 = DIRECTION('',(0.,0.,1.));
#4093 = ADVANCED_FACE('',(#4094),#4128,.T.);
#4094 = FACE_BOUND('',#4095,.T.);
#4095 = EDGE_LOOP('',(#4096,#4106,#4114,#4122));
#4096 = ORIENTED_EDGE('',*,*,#4097,.F.);
#4097 = EDGE_CURVE('',#4098,#4100,#4102,.T.);
#4098 = VERTEX_POINT('',#4099);
#4099 = CARTESIAN_POINT('',(398.,-18.,810.));
#4100 = VERTEX_POINT('',#4101);
#4101 = CARTESIAN_POINT('',(398.,-18.,870.));
#4102 = LINE('',#4103,#4104);
#4103 = CARTESIAN_POINT('',(398.,-18.,810.));
#4104 = VECTOR('',#4105,1.);
#4105 = DIRECTION('',(0.,0.,1.));
#4106 = ORIENTED_EDGE('',*,*,#4107,.T.);
#4107 = EDGE_CURVE('',#4098,#4108,#4110,.T.);
#4108 = VERTEX_POINT('',#4109);
#4109 = CARTESIAN_POINT('',(398.,0.,810.));
#4110 = LINE('',#4111,#4112);
#4111 = CARTESIAN_POINT('',(398.,-18.,810.));
#4112 = VECTOR('',#4113,1.);
#4113 = DIRECTION('',(0.,1.,0.));
#4114 = ORIENTED_EDGE('',*,*,#4115,.T.);
#4115 = EDGE_CURVE('',#4108,#4116,#4118,.T.);
#4116 = VERTEX_POINT('',#4117);
#4117 = CARTESIAN_POINT('',(398.,0.,870.));
#4118 = LINE('',#4119,#4120);
#4119 = CARTESIAN_POINT('',(398.,0.,810.));
#4120 = VECTOR('',#4121,1.);
#4121 = DIRECTION('',(0.,0.,1.));
#4122 = ORIENTED_EDGE('',*,*,#4123,.F.);
#4123 = EDGE_CURVE('',#4100,#4116,#4124,.T.);
#4124 = LINE('',#4125,#4126);
#4125 = CARTESIAN_POINT('',(398.,-18.,870.));
#4126 = VECTOR('',#4127,1.);
#4127 = DIRECTION('',(0.,1.,0.));
#4128 = PLANE('',#4129);
#4129 = AXIS2_PLACEMENT_3D('',#4130,#4131,#4132);
#4130 = CARTESIAN_POINT('',(398.,-18.,810.));
#4131 = DIRECTION('',(1.,0.,0.));
#4132 = DIRECTION('',(0.,0.,1.));
#4133 = ADVANCED_FACE('',(#4134),#4150,.F.);
#4134 = FACE_BOUND('',#4135,.F.);
#4135 = EDGE_LOOP('',(#4136,#4142,#4143,#4149));
#4136 = ORIENTED_EDGE('',*,*,#4137,.F.);
#4137 = EDGE_CURVE('',#4058,#4098,#4138,.T.);
#4138 = LINE('',#4139,#4140);
#4139 = CARTESIAN_POINT('',(0.,-18.,810.));
#4140 = VECTOR('',#4141,1.);
#4141 = DIRECTION('',(1.,0.,0.));
#4142 = ORIENTED_EDGE('',*,*,#4057,.T.);
#4143 = ORIENTED_EDGE('',*,*,#4144,.T.);
#4144 = EDGE_CURVE('',#4060,#4100,#4145,.T.);
#4145 = LINE('',#4146,#4147);
#4146 = CARTESIAN_POINT('',(0.,-18.,870.));
#4147 = VECTOR('',#4148,1.);
#4148 = DIRECTION('',(1.,0.,0.));
#4149 = ORIENTED_EDGE('',*,*,#4097,.F.);
#4150 = PLANE('',#4151);
#4151 = AXIS2_PLACEMENT_3D('',#4152,#4153,#4154);
#4152 = CARTESIAN_POINT('',(0.,-18.,810.));
#4153 = DIRECTION('',(0.,1.,0.));
#4154 = DIRECTION('',(0.,0.,1.));
#4155 = ADVANCED_FACE('',(#4156),#4172,.T.);
#4156 = FACE_BOUND('',#4157,.T.);
#4157 = EDGE_LOOP('',(#4158,#4164,#4165,#4171));
#4158 = ORIENTED_EDGE('',*,*,#4159,.F.);
#4159 = EDGE_CURVE('',#4068,#4108,#4160,.T.);
#4160 = LINE('',#4161,#4162);
#4161 = CARTESIAN_POINT('',(0.,0.,810.));
#4162 = VECTOR('',#4163,1.);
#4163 = DIRECTION('',(1.,0.,0.));
#4164 = ORIENTED_EDGE('',*,*,#4075,.T.);
#4165 = ORIENTED_EDGE('',*,*,#4166,.T.);
#4166 = EDGE_CURVE('',#4076,#4116,#4167,.T.);
#4167 = LINE('',#4168,#4169);
#4168 = CARTESIAN_POINT('',(0.,0.,870.));
#4169 = VECTOR('',#4170,1.);
#4170 = DIRECTION('',(1.,0.,0.));
#4171 = ORIENTED_EDGE('',*,*,#4115,.F.);
#4172 = PLANE('',#4173);
#4173 = AXIS2_PLACEMENT_3D('',#4174,#4175,#4176);
#4174 = CARTESIAN_POINT('',(0.,0.,810.));
#4175 = DIRECTION('',(0.,1.,0.));
#4176 = DIRECTION('',(0.,0.,1.));
#4177 = ADVANCED_FACE('',(#4178),#4184,.F.);
#4178 = FACE_BOUND('',#4179,.F.);
#4179 = EDGE_LOOP('',(#4180,#4181,#4182,#4183));
#4180 = ORIENTED_EDGE('',*,*,#4067,.F.);
#4181 = ORIENTED_EDGE('',*,*,#4137,.T.);
#4182 = ORIENTED_EDGE('',*,*,#4107,.T.);
#4183 = ORIENTED_EDGE('',*,*,#4159,.F.);
#4184 = PLANE('',#4185);
#4185 = AXIS2_PLACEMENT_3D('',#4186,#4187,#4188);
#4186 = CARTESIAN_POINT('',(0.,-18.,810.));
#4187 = DIRECTION('',(0.,0.,1.));
#4188 = DIRECTION('',(1.,0.,0.));
#4189 = ADVANCED_FACE('',(#4190),#4196,.T.);
#4190 = FACE_BOUND('',#4191,.T.);
#4191 = EDGE_LOOP('',(#4192,#4193,#4194,#4195));
#4192 = ORIENTED_EDGE('',*,*,#4083,.F.);
#4193 = ORIENTED_EDGE('',*,*,#4144,.T.);
#4194 = ORIENTED_EDGE('',*,*,#4123,.T.);
#4195 = ORIENTED_EDGE('',*,*,#4166,.F.);
#4196 = PLANE('',#4197);
#4197 = AXIS2_PLACEMENT_3D('',#4198,#4199,#4200);
#4198 = CARTESIAN_POINT('',(0.,-18.,870.));
#4199 = DIRECTION('',(0.,0.,1.));
#4200 = DIRECTION('',(1.,0.,0.));
#4201 = MANIFOLD_SOLID_BREP('',#4202);
#4202 = CLOSED_SHELL('',(#4203,#4243,#4274,#4298,#4370,#4421,#4472,#4512
    ,#4536,#4599,#4623,#4656,#4687,#4743,#4799,#4816,#4833,#4850,#4867,
    #4879,#4896,#4908,#4977,#5033,#5064,#5120,#5153,#5195,#5237,#5261,
    #5285,#5309,#5326,#5351,#5395,#5419,#5452,#5476,#5507,#5531,#5548,
    #5560,#5572,#5589,#5609,#5626,#5638,#5663));
#4203 = ADVANCED_FACE('',(#4204),#4238,.F.);
#4204 = FACE_BOUND('',#4205,.F.);
#4205 = EDGE_LOOP('',(#4206,#4216,#4224,#4232));
#4206 = ORIENTED_EDGE('',*,*,#4207,.F.);
#4207 = EDGE_CURVE('',#4208,#4210,#4212,.T.);
#4208 = VERTEX_POINT('',#4209);
#4209 = CARTESIAN_POINT('',(890.,120.,698.));
#4210 = VERTEX_POINT('',#4211);
#4211 = CARTESIAN_POINT('',(890.,120.,898.));
#4212 = LINE('',#4213,#4214);
#4213 = CARTESIAN_POINT('',(890.,120.,698.));
#4214 = VECTOR('',#4215,1.);
#4215 = DIRECTION('',(0.,0.,1.));
#4216 = ORIENTED_EDGE('',*,*,#4217,.T.);
#4217 = EDGE_CURVE('',#4208,#4218,#4220,.T.);
#4218 = VERTEX_POINT('',#4219);
#4219 = CARTESIAN_POINT('',(890.,480.,698.));
#4220 = LINE('',#4221,#4222);
#4221 = CARTESIAN_POINT('',(890.,120.,698.));
#4222 = VECTOR('',#4223,1.);
#4223 = DIRECTION('',(0.,1.,0.));
#4224 = ORIENTED_EDGE('',*,*,#4225,.T.);
#4225 = EDGE_CURVE('',#4218,#4226,#4228,.T.);
#4226 = VERTEX_POINT('',#4227);
#4227 = CARTESIAN_POINT('',(890.,480.,898.));
#4228 = LINE('',#4229,#4230);
#4229 = CARTESIAN_POINT('',(890.,480.,698.));
#4230 = VECTOR('',#4231,1.);
#4231 = DIRECTION('',(0.,0.,1.));
#4232 = ORIENTED_EDGE('',*,*,#4233,.F.);
#4233 = EDGE_CURVE('',#4210,#4226,#4234,.T.);
#4234 = LINE('',#4235,#4236);
#4235 = CARTESIAN_POINT('',(890.,120.,898.));
#4236 = VECTOR('',#4237,1.);
#4237 = DIRECTION('',(0.,1.,0.));
#4238 = PLANE('',#4239);
#4239 = AXIS2_PLACEMENT_3D('',#4240,#4241,#4242);
#4240 = CARTESIAN_POINT('',(890.,120.,698.));
#4241 = DIRECTION('',(1.,0.,0.));
#4242 = DIRECTION('',(0.,0.,1.));
#4243 = ADVANCED_FACE('',(#4244),#4269,.F.);
#4244 = FACE_BOUND('',#4245,.F.);
#4245 = EDGE_LOOP('',(#4246,#4254,#4255,#4263));
#4246 = ORIENTED_EDGE('',*,*,#4247,.F.);
#4247 = EDGE_CURVE('',#4208,#4248,#4250,.T.);
#4248 = VERTEX_POINT('',#4249);
#4249 = CARTESIAN_POINT('',(1.39E+03,120.,698.));
#4250 = LINE('',#4251,#4252);
#4251 = CARTESIAN_POINT('',(890.,120.,698.));
#4252 = VECTOR('',#4253,1.);
#4253 = DIRECTION('',(1.,0.,0.));
#4254 = ORIENTED_EDGE('',*,*,#4207,.T.);
#4255 = ORIENTED_EDGE('',*,*,#4256,.T.);
#4256 = EDGE_CURVE('',#4210,#4257,#4259,.T.);
#4257 = VERTEX_POINT('',#4258);
#4258 = CARTESIAN_POINT('',(1.39E+03,120.,898.));
#4259 = LINE('',#4260,#4261);
#4260 = CARTESIAN_POINT('',(890.,120.,898.));
#4261 = VECTOR('',#4262,1.);
#4262 = DIRECTION('',(1.,0.,0.));
#4263 = ORIENTED_EDGE('',*,*,#4264,.F.);
#4264 = EDGE_CURVE('',#4248,#4257,#4265,.T.);
#4265 = LINE('',#4266,#4267);
#4266 = CARTESIAN_POINT('',(1.39E+03,120.,698.));
#4267 = VECTOR('',#4268,1.);
#4268 = DIRECTION('',(0.,0.,1.));
#4269 = PLANE('',#4270);
#4270 = AXIS2_PLACEMENT_3D('',#4271,#4272,#4273);
#4271 = CARTESIAN_POINT('',(890.,120.,698.));
#4272 = DIRECTION('',(0.,1.,0.));
#4273 = DIRECTION('',(0.,0.,1.));
#4274 = ADVANCED_FACE('',(#4275),#4293,.T.);
#4275 = FACE_BOUND('',#4276,.T.);
#4276 = EDGE_LOOP('',(#4277,#4278,#4279,#4287));
#4277 = ORIENTED_EDGE('',*,*,#4233,.F.);
#4278 = ORIENTED_EDGE('',*,*,#4256,.T.);
#4279 = ORIENTED_EDGE('',*,*,#4280,.T.);
#4280 = EDGE_CURVE('',#4257,#4281,#4283,.T.);
#4281 = VERTEX_POINT('',#4282);
#4282 = CARTESIAN_POINT('',(1.39E+03,480.,898.));
#4283 = LINE('',#4284,#4285);
#4284 = CARTESIAN_POINT('',(1.39E+03,120.,898.));
#4285 = VECTOR('',#4286,1.);
#4286 = DIRECTION('',(0.,1.,0.));
#4287 = ORIENTED_EDGE('',*,*,#4288,.F.);
#4288 = EDGE_CURVE('',#4226,#4281,#4289,.T.);
#4289 = LINE('',#4290,#4291);
#4290 = CARTESIAN_POINT('',(890.,480.,898.));
#4291 = VECTOR('',#4292,1.);
#4292 = DIRECTION('',(1.,0.,0.));
#4293 = PLANE('',#4294);
#4294 = AXIS2_PLACEMENT_3D('',#4295,#4296,#4297);
#4295 = CARTESIAN_POINT('',(890.,120.,898.));
#4296 = DIRECTION('',(0.,0.,1.));
#4297 = DIRECTION('',(1.,0.,0.));
#4298 = ADVANCED_FACE('',(#4299),#4365,.T.);
#4299 = FACE_BOUND('',#4300,.T.);
#4300 = EDGE_LOOP('',(#4301,#4311,#4317,#4318,#4319,#4327,#4335,#4343,
    #4351,#4359));
#4301 = ORIENTED_EDGE('',*,*,#4302,.F.);
#4302 = EDGE_CURVE('',#4303,#4305,#4307,.T.);
#4303 = VERTEX_POINT('',#4304);
#4304 = CARTESIAN_POINT('',(1.39E+03,480.,698.));
#4305 = VERTEX_POINT('',#4306);
#4306 = CARTESIAN_POINT('',(1.39E+03,480.,884.));
#4307 = LINE('',#4308,#4309);
#4308 = CARTESIAN_POINT('',(1.39E+03,480.,698.));
#4309 = VECTOR('',#4310,1.);
#4310 = DIRECTION('',(0.,0.,1.));
#4311 = ORIENTED_EDGE('',*,*,#4312,.F.);
#4312 = EDGE_CURVE('',#4218,#4303,#4313,.T.);
#4313 = LINE('',#4314,#4315);
#4314 = CARTESIAN_POINT('',(890.,480.,698.));
#4315 = VECTOR('',#4316,1.);
#4316 = DIRECTION('',(1.,0.,0.));
#4317 = ORIENTED_EDGE('',*,*,#4225,.T.);
#4318 = ORIENTED_EDGE('',*,*,#4288,.T.);
#4319 = ORIENTED_EDGE('',*,*,#4320,.F.);
#4320 = EDGE_CURVE('',#4321,#4281,#4323,.T.);
#4321 = VERTEX_POINT('',#4322);
#4322 = CARTESIAN_POINT('',(1.39E+03,480.,896.));
#4323 = LINE('',#4324,#4325);
#4324 = CARTESIAN_POINT('',(1.39E+03,480.,698.));
#4325 = VECTOR('',#4326,1.);
#4326 = DIRECTION('',(0.,0.,1.));
#4327 = ORIENTED_EDGE('',*,*,#4328,.F.);
#4328 = EDGE_CURVE('',#4329,#4321,#4331,.T.);
#4329 = VERTEX_POINT('',#4330);
#4330 = CARTESIAN_POINT('',(1.215E+03,480.,896.));
#4331 = LINE('',#4332,#4333);
#4332 = CARTESIAN_POINT('',(1.0525E+03,480.,896.));
#4333 = VECTOR('',#4334,1.);
#4334 = DIRECTION('',(1.,0.,0.));
#4335 = ORIENTED_EDGE('',*,*,#4336,.T.);
#4336 = EDGE_CURVE('',#4329,#4337,#4339,.T.);
#4337 = VERTEX_POINT('',#4338);
#4338 = CARTESIAN_POINT('',(1.215E+03,480.,801.));
#4339 = LINE('',#4340,#4341);
#4340 = CARTESIAN_POINT('',(1.215E+03,480.,749.5));
#4341 = VECTOR('',#4342,1.);
#4342 = DIRECTION('',(0.,0.,-1.));
#4343 = ORIENTED_EDGE('',*,*,#4344,.T.);
#4344 = EDGE_CURVE('',#4337,#4345,#4347,.T.);
#4345 = VERTEX_POINT('',#4346);
#4346 = CARTESIAN_POINT('',(1.223E+03,480.,801.));
#4347 = LINE('',#4348,#4349);
#4348 = CARTESIAN_POINT('',(1.0525E+03,480.,801.));
#4349 = VECTOR('',#4350,1.);
#4350 = DIRECTION('',(1.,0.,0.));
#4351 = ORIENTED_EDGE('',*,*,#4352,.F.);
#4352 = EDGE_CURVE('',#4353,#4345,#4355,.T.);
#4353 = VERTEX_POINT('',#4354);
#4354 = CARTESIAN_POINT('',(1.223E+03,480.,884.));
#4355 = LINE('',#4356,#4357);
#4356 = CARTESIAN_POINT('',(1.223E+03,480.,747.5));
#4357 = VECTOR('',#4358,1.);
#4358 = DIRECTION('',(0.,0.,-1.));
#4359 = ORIENTED_EDGE('',*,*,#4360,.T.);
#4360 = EDGE_CURVE('',#4353,#4305,#4361,.T.);
#4361 = LINE('',#4362,#4363);
#4362 = CARTESIAN_POINT('',(1.0565E+03,480.,884.));
#4363 = VECTOR('',#4364,1.);
#4364 = DIRECTION('',(1.,0.,0.));
#4365 = PLANE('',#4366);
#4366 = AXIS2_PLACEMENT_3D('',#4367,#4368,#4369);
#4367 = CARTESIAN_POINT('',(890.,480.,698.));
#4368 = DIRECTION('',(0.,1.,0.));
#4369 = DIRECTION('',(0.,0.,1.));
#4370 = ADVANCED_FACE('',(#4371,#4382),#4416,.F.);
#4371 = FACE_BOUND('',#4372,.F.);
#4372 = EDGE_LOOP('',(#4373,#4374,#4375,#4381));
#4373 = ORIENTED_EDGE('',*,*,#4217,.F.);
#4374 = ORIENTED_EDGE('',*,*,#4247,.T.);
#4375 = ORIENTED_EDGE('',*,*,#4376,.T.);
#4376 = EDGE_CURVE('',#4248,#4303,#4377,.T.);
#4377 = LINE('',#4378,#4379);
#4378 = CARTESIAN_POINT('',(1.39E+03,120.,698.));
#4379 = VECTOR('',#4380,1.);
#4380 = DIRECTION('',(0.,1.,0.));
#4381 = ORIENTED_EDGE('',*,*,#4312,.F.);
#4382 = FACE_BOUND('',#4383,.F.);
#4383 = EDGE_LOOP('',(#4384,#4394,#4402,#4410));
#4384 = ORIENTED_EDGE('',*,*,#4385,.T.);
#4385 = EDGE_CURVE('',#4386,#4388,#4390,.T.);
#4386 = VERTEX_POINT('',#4387);
#4387 = CARTESIAN_POINT('',(1.38E+03,130.,698.));
#4388 = VERTEX_POINT('',#4389);
#4389 = CARTESIAN_POINT('',(900.,130.,698.));
#4390 = LINE('',#4391,#4392);
#4391 = CARTESIAN_POINT('',(895.,130.,698.));
#4392 = VECTOR('',#4393,1.);
#4393 = DIRECTION('',(-1.,0.,0.));
#4394 = ORIENTED_EDGE('',*,*,#4395,.T.);
#4395 = EDGE_CURVE('',#4388,#4396,#4398,.T.);
#4396 = VERTEX_POINT('',#4397);
#4397 = CARTESIAN_POINT('',(900.,470.,698.));
#4398 = LINE('',#4399,#4400);
#4399 = CARTESIAN_POINT('',(900.,125.,698.));
#4400 = VECTOR('',#4401,1.);
#4401 = DIRECTION('',(0.,1.,0.));
#4402 = ORIENTED_EDGE('',*,*,#4403,.F.);
#4403 = EDGE_CURVE('',#4404,#4396,#4406,.T.);
#4404 = VERTEX_POINT('',#4405);
#4405 = CARTESIAN_POINT('',(1.38E+03,470.,698.));
#4406 = LINE('',#4407,#4408);
#4407 = CARTESIAN_POINT('',(895.,470.,698.));
#4408 = VECTOR('',#4409,1.);
#4409 = DIRECTION('',(-1.,0.,0.));
#4410 = ORIENTED_EDGE('',*,*,#4411,.F.);
#4411 = EDGE_CURVE('',#4386,#4404,#4412,.T.);
#4412 = LINE('',#4413,#4414);
#4413 = CARTESIAN_POINT('',(1.38E+03,125.,698.));
#4414 = VECTOR('',#4415,1.);
#4415 = DIRECTION('',(0.,1.,0.));
#4416 = PLANE('',#4417);
#4417 = AXIS2_PLACEMENT_3D('',#4418,#4419,#4420);
#4418 = CARTESIAN_POINT('',(890.,120.,698.));
#4419 = DIRECTION('',(0.,0.,1.));
#4420 = DIRECTION('',(1.,0.,0.));
#4421 = ADVANCED_FACE('',(#4422),#4467,.T.);
#4422 = FACE_BOUND('',#4423,.T.);
#4423 = EDGE_LOOP('',(#4424,#4425,#4426,#4427,#4428,#4436,#4444,#4452,
    #4460,#4466));
#4424 = ORIENTED_EDGE('',*,*,#4280,.F.);
#4425 = ORIENTED_EDGE('',*,*,#4264,.F.);
#4426 = ORIENTED_EDGE('',*,*,#4376,.T.);
#4427 = ORIENTED_EDGE('',*,*,#4302,.T.);
#4428 = ORIENTED_EDGE('',*,*,#4429,.T.);
#4429 = EDGE_CURVE('',#4305,#4430,#4432,.T.);
#4430 = VERTEX_POINT('',#4431);
#4431 = CARTESIAN_POINT('',(1.39E+03,373.,884.));
#4432 = LINE('',#4433,#4434);
#4433 = CARTESIAN_POINT('',(1.39E+03,246.5,884.));
#4434 = VECTOR('',#4435,1.);
#4435 = DIRECTION('',(0.,-1.,0.));
#4436 = ORIENTED_EDGE('',*,*,#4437,.F.);
#4437 = EDGE_CURVE('',#4438,#4430,#4440,.T.);
#4438 = VERTEX_POINT('',#4439);
#4439 = CARTESIAN_POINT('',(1.39E+03,373.,801.));
#4440 = LINE('',#4441,#4442);
#4441 = CARTESIAN_POINT('',(1.39E+03,373.,747.5));
#4442 = VECTOR('',#4443,1.);
#4443 = DIRECTION('',(0.,0.,1.));
#4444 = ORIENTED_EDGE('',*,*,#4445,.T.);
#4445 = EDGE_CURVE('',#4438,#4446,#4448,.T.);
#4446 = VERTEX_POINT('',#4447);
#4447 = CARTESIAN_POINT('',(1.39E+03,365.,801.));
#4448 = LINE('',#4449,#4450);
#4449 = CARTESIAN_POINT('',(1.39E+03,242.5,801.));
#4450 = VECTOR('',#4451,1.);
#4451 = DIRECTION('',(0.,-1.,0.));
#4452 = ORIENTED_EDGE('',*,*,#4453,.T.);
#4453 = EDGE_CURVE('',#4446,#4454,#4456,.T.);
#4454 = VERTEX_POINT('',#4455);
#4455 = CARTESIAN_POINT('',(1.39E+03,365.,896.));
#4456 = LINE('',#4457,#4458);
#4457 = CARTESIAN_POINT('',(1.39E+03,365.,749.5));
#4458 = VECTOR('',#4459,1.);
#4459 = DIRECTION('',(0.,0.,1.));
#4460 = ORIENTED_EDGE('',*,*,#4461,.F.);
#4461 = EDGE_CURVE('',#4321,#4454,#4462,.T.);
#4462 = LINE('',#4463,#4464);
#4463 = CARTESIAN_POINT('',(1.39E+03,242.5,896.));
#4464 = VECTOR('',#4465,1.);
#4465 = DIRECTION('',(0.,-1.,0.));
#4466 = ORIENTED_EDGE('',*,*,#4320,.T.);
#4467 = PLANE('',#4468);
#4468 = AXIS2_PLACEMENT_3D('',#4469,#4470,#4471);
#4469 = CARTESIAN_POINT('',(1.39E+03,120.,698.));
#4470 = DIRECTION('',(1.,0.,0.));
#4471 = DIRECTION('',(0.,0.,1.));
#4472 = ADVANCED_FACE('',(#4473),#4507,.F.);
#4473 = FACE_BOUND('',#4474,.F.);
#4474 = EDGE_LOOP('',(#4475,#4483,#4484,#4485,#4493,#4501));
#4475 = ORIENTED_EDGE('',*,*,#4476,.F.);
#4476 = EDGE_CURVE('',#4353,#4477,#4479,.T.);
#4477 = VERTEX_POINT('',#4478);
#4478 = CARTESIAN_POINT('',(1.223E+03,482.,884.));
#4479 = LINE('',#4480,#4481);
#4480 = CARTESIAN_POINT('',(1.223E+03,373.,884.));
#4481 = VECTOR('',#4482,1.);
#4482 = DIRECTION('',(0.,1.,0.));
#4483 = ORIENTED_EDGE('',*,*,#4360,.T.);
#4484 = ORIENTED_EDGE('',*,*,#4429,.T.);
#4485 = ORIENTED_EDGE('',*,*,#4486,.T.);
#4486 = EDGE_CURVE('',#4430,#4487,#4489,.T.);
#4487 = VERTEX_POINT('',#4488);
#4488 = CARTESIAN_POINT('',(1.392E+03,373.,884.));
#4489 = LINE('',#4490,#4491);
#4490 = CARTESIAN_POINT('',(1.223E+03,373.,884.));
#4491 = VECTOR('',#4492,1.);
#4492 = DIRECTION('',(1.,0.,0.));
#4493 = ORIENTED_EDGE('',*,*,#4494,.T.);
#4494 = EDGE_CURVE('',#4487,#4495,#4497,.T.);
#4495 = VERTEX_POINT('',#4496);
#4496 = CARTESIAN_POINT('',(1.392E+03,482.,884.));
#4497 = LINE('',#4498,#4499);
#4498 = CARTESIAN_POINT('',(1.392E+03,373.,884.));
#4499 = VECTOR('',#4500,1.);
#4500 = DIRECTION('',(0.,1.,0.));
#4501 = ORIENTED_EDGE('',*,*,#4502,.F.);
#4502 = EDGE_CURVE('',#4477,#4495,#4503,.T.);
#4503 = LINE('',#4504,#4505);
#4504 = CARTESIAN_POINT('',(1.223E+03,482.,884.));
#4505 = VECTOR('',#4506,1.);
#4506 = DIRECTION('',(1.,0.,0.));
#4507 = PLANE('',#4508);
#4508 = AXIS2_PLACEMENT_3D('',#4509,#4510,#4511);
#4509 = CARTESIAN_POINT('',(1.223E+03,373.,884.));
#4510 = DIRECTION('',(0.,0.,1.));
#4511 = DIRECTION('',(1.,0.,0.));
#4512 = ADVANCED_FACE('',(#4513),#4531,.T.);
#4513 = FACE_BOUND('',#4514,.T.);
#4514 = EDGE_LOOP('',(#4515,#4516,#4524,#4530));
#4515 = ORIENTED_EDGE('',*,*,#4352,.T.);
#4516 = ORIENTED_EDGE('',*,*,#4517,.T.);
#4517 = EDGE_CURVE('',#4345,#4518,#4520,.T.);
#4518 = VERTEX_POINT('',#4519);
#4519 = CARTESIAN_POINT('',(1.223E+03,482.,801.));
#4520 = LINE('',#4521,#4522);
#4521 = CARTESIAN_POINT('',(1.223E+03,369.,801.));
#4522 = VECTOR('',#4523,1.);
#4523 = DIRECTION('',(0.,1.,0.));
#4524 = ORIENTED_EDGE('',*,*,#4525,.T.);
#4525 = EDGE_CURVE('',#4518,#4477,#4526,.T.);
#4526 = LINE('',#4527,#4528);
#4527 = CARTESIAN_POINT('',(1.223E+03,482.,797.));
#4528 = VECTOR('',#4529,1.);
#4529 = DIRECTION('',(0.,0.,1.));
#4530 = ORIENTED_EDGE('',*,*,#4476,.F.);
#4531 = PLANE('',#4532);
#4532 = AXIS2_PLACEMENT_3D('',#4533,#4534,#4535);
#4533 = CARTESIAN_POINT('',(1.223E+03,373.,797.));
#4534 = DIRECTION('',(1.,0.,0.));
#4535 = DIRECTION('',(0.,0.,1.));
#4536 = ADVANCED_FACE('',(#4537),#4594,.F.);
#4537 = FACE_BOUND('',#4538,.F.);
#4538 = EDGE_LOOP('',(#4539,#4547,#4548,#4549,#4557,#4565,#4571,#4572,
    #4580,#4588));
#4539 = ORIENTED_EDGE('',*,*,#4540,.F.);
#4540 = EDGE_CURVE('',#4337,#4541,#4543,.T.);
#4541 = VERTEX_POINT('',#4542);
#4542 = CARTESIAN_POINT('',(1.215E+03,490.,801.));
#4543 = LINE('',#4544,#4545);
#4544 = CARTESIAN_POINT('',(1.215E+03,365.,801.));
#4545 = VECTOR('',#4546,1.);
#4546 = DIRECTION('',(0.,1.,0.));
#4547 = ORIENTED_EDGE('',*,*,#4344,.T.);
#4548 = ORIENTED_EDGE('',*,*,#4517,.T.);
#4549 = ORIENTED_EDGE('',*,*,#4550,.F.);
#4550 = EDGE_CURVE('',#4551,#4518,#4553,.T.);
#4551 = VERTEX_POINT('',#4552);
#4552 = CARTESIAN_POINT('',(1.392E+03,482.,801.));
#4553 = LINE('',#4554,#4555);
#4554 = CARTESIAN_POINT('',(1.219E+03,482.,801.));
#4555 = VECTOR('',#4556,1.);
#4556 = DIRECTION('',(-1.,0.,0.));
#4557 = ORIENTED_EDGE('',*,*,#4558,.F.);
#4558 = EDGE_CURVE('',#4559,#4551,#4561,.T.);
#4559 = VERTEX_POINT('',#4560);
#4560 = CARTESIAN_POINT('',(1.392E+03,373.,801.));
#4561 = LINE('',#4562,#4563);
#4562 = CARTESIAN_POINT('',(1.392E+03,369.,801.));
#4563 = VECTOR('',#4564,1.);
#4564 = DIRECTION('',(0.,1.,0.));
#4565 = ORIENTED_EDGE('',*,*,#4566,.T.);
#4566 = EDGE_CURVE('',#4559,#4438,#4567,.T.);
#4567 = LINE('',#4568,#4569);
#4568 = CARTESIAN_POINT('',(1.219E+03,373.,801.));
#4569 = VECTOR('',#4570,1.);
#4570 = DIRECTION('',(-1.,0.,0.));
#4571 = ORIENTED_EDGE('',*,*,#4445,.T.);
#4572 = ORIENTED_EDGE('',*,*,#4573,.T.);
#4573 = EDGE_CURVE('',#4446,#4574,#4576,.T.);
#4574 = VERTEX_POINT('',#4575);
#4575 = CARTESIAN_POINT('',(1.4E+03,365.,801.));
#4576 = LINE('',#4577,#4578);
#4577 = CARTESIAN_POINT('',(1.215E+03,365.,801.));
#4578 = VECTOR('',#4579,1.);
#4579 = DIRECTION('',(1.,0.,0.));
#4580 = ORIENTED_EDGE('',*,*,#4581,.T.);
#4581 = EDGE_CURVE('',#4574,#4582,#4584,.T.);
#4582 = VERTEX_POINT('',#4583);
#4583 = CARTESIAN_POINT('',(1.4E+03,490.,801.));
#4584 = LINE('',#4585,#4586);
#4585 = CARTESIAN_POINT('',(1.4E+03,365.,801.));
#4586 = VECTOR('',#4587,1.);
#4587 = DIRECTION('',(0.,1.,0.));
#4588 = ORIENTED_EDGE('',*,*,#4589,.F.);
#4589 = EDGE_CURVE('',#4541,#4582,#4590,.T.);
#4590 = LINE('',#4591,#4592);
#4591 = CARTESIAN_POINT('',(1.215E+03,490.,801.));
#4592 = VECTOR('',#4593,1.);
#4593 = DIRECTION('',(1.,0.,0.));
#4594 = PLANE('',#4595);
#4595 = AXIS2_PLACEMENT_3D('',#4596,#4597,#4598);
#4596 = CARTESIAN_POINT('',(1.215E+03,365.,801.));
#4597 = DIRECTION('',(0.,0.,1.));
#4598 = DIRECTION('',(1.,0.,0.));
#4599 = ADVANCED_FACE('',(#4600),#4618,.F.);
#4600 = FACE_BOUND('',#4601,.F.);
#4601 = EDGE_LOOP('',(#4602,#4603,#4604,#4612));
#4602 = ORIENTED_EDGE('',*,*,#4336,.T.);
#4603 = ORIENTED_EDGE('',*,*,#4540,.T.);
#4604 = ORIENTED_EDGE('',*,*,#4605,.T.);
#4605 = EDGE_CURVE('',#4541,#4606,#4608,.T.);
#4606 = VERTEX_POINT('',#4607);
#4607 = CARTESIAN_POINT('',(1.215E+03,490.,896.));
#4608 = LINE('',#4609,#4610);
#4609 = CARTESIAN_POINT('',(1.215E+03,490.,801.));
#4610 = VECTOR('',#4611,1.);
#4611 = DIRECTION('',(0.,0.,1.));
#4612 = ORIENTED_EDGE('',*,*,#4613,.F.);
#4613 = EDGE_CURVE('',#4329,#4606,#4614,.T.);
#4614 = LINE('',#4615,#4616);
#4615 = CARTESIAN_POINT('',(1.215E+03,365.,896.));
#4616 = VECTOR('',#4617,1.);
#4617 = DIRECTION('',(0.,1.,0.));
#4618 = PLANE('',#4619);
#4619 = AXIS2_PLACEMENT_3D('',#4620,#4621,#4622);
#4620 = CARTESIAN_POINT('',(1.215E+03,365.,801.));
#4621 = DIRECTION('',(1.,0.,0.));
#4622 = DIRECTION('',(0.,0.,1.));
#4623 = ADVANCED_FACE('',(#4624),#4651,.T.);
#4624 = FACE_BOUND('',#4625,.T.);
#4625 = EDGE_LOOP('',(#4626,#4627,#4628,#4629,#4637,#4645));
#4626 = ORIENTED_EDGE('',*,*,#4613,.F.);
#4627 = ORIENTED_EDGE('',*,*,#4328,.T.);
#4628 = ORIENTED_EDGE('',*,*,#4461,.T.);
#4629 = ORIENTED_EDGE('',*,*,#4630,.T.);
#4630 = EDGE_CURVE('',#4454,#4631,#4633,.T.);
#4631 = VERTEX_POINT('',#4632);
#4632 = CARTESIAN_POINT('',(1.4E+03,365.,896.));
#4633 = LINE('',#4634,#4635);
#4634 = CARTESIAN_POINT('',(1.215E+03,365.,896.));
#4635 = VECTOR('',#4636,1.);
#4636 = DIRECTION('',(1.,0.,0.));
#4637 = ORIENTED_EDGE('',*,*,#4638,.T.);
#4638 = EDGE_CURVE('',#4631,#4639,#4641,.T.);
#4639 = VERTEX_POINT('',#4640);
#4640 = CARTESIAN_POINT('',(1.4E+03,490.,896.));
#4641 = LINE('',#4642,#4643);
#4642 = CARTESIAN_POINT('',(1.4E+03,365.,896.));
#4643 = VECTOR('',#4644,1.);
#4644 = DIRECTION('',(0.,1.,0.));
#4645 = ORIENTED_EDGE('',*,*,#4646,.F.);
#4646 = EDGE_CURVE('',#4606,#4639,#4647,.T.);
#4647 = LINE('',#4648,#4649);
#4648 = CARTESIAN_POINT('',(1.215E+03,490.,896.));
#4649 = VECTOR('',#4650,1.);
#4650 = DIRECTION('',(1.,0.,0.));
#4651 = PLANE('',#4652);
#4652 = AXIS2_PLACEMENT_3D('',#4653,#4654,#4655);
#4653 = CARTESIAN_POINT('',(1.215E+03,365.,896.));
#4654 = DIRECTION('',(0.,0.,1.));
#4655 = DIRECTION('',(1.,0.,0.));
#4656 = ADVANCED_FACE('',(#4657),#4682,.T.);
#4657 = FACE_BOUND('',#4658,.T.);
#4658 = EDGE_LOOP('',(#4659,#4667,#4668,#4676));
#4659 = ORIENTED_EDGE('',*,*,#4660,.F.);
#4660 = EDGE_CURVE('',#4386,#4661,#4663,.T.);
#4661 = VERTEX_POINT('',#4662);
#4662 = CARTESIAN_POINT('',(1.38E+03,130.,882.));
#4663 = LINE('',#4664,#4665);
#4664 = CARTESIAN_POINT('',(1.38E+03,130.,692.));
#4665 = VECTOR('',#4666,1.);
#4666 = DIRECTION('',(0.,0.,1.));
#4667 = ORIENTED_EDGE('',*,*,#4385,.T.);
#4668 = ORIENTED_EDGE('',*,*,#4669,.T.);
#4669 = EDGE_CURVE('',#4388,#4670,#4672,.T.);
#4670 = VERTEX_POINT('',#4671);
#4671 = CARTESIAN_POINT('',(900.,130.,882.));
#4672 = LINE('',#4673,#4674);
#4673 = CARTESIAN_POINT('',(900.,130.,692.));
#4674 = VECTOR('',#4675,1.);
#4675 = DIRECTION('',(0.,0.,1.));
#4676 = ORIENTED_EDGE('',*,*,#4677,.T.);
#4677 = EDGE_CURVE('',#4670,#4661,#4678,.T.);
#4678 = LINE('',#4679,#4680);
#4679 = CARTESIAN_POINT('',(900.,130.,882.));
#4680 = VECTOR('',#4681,1.);
#4681 = DIRECTION('',(1.,0.,0.));
#4682 = PLANE('',#4683);
#4683 = AXIS2_PLACEMENT_3D('',#4684,#4685,#4686);
#4684 = CARTESIAN_POINT('',(900.,130.,692.));
#4685 = DIRECTION('',(0.,1.,0.));
#4686 = DIRECTION('',(0.,0.,1.));
#4687 = ADVANCED_FACE('',(#4688),#4738,.F.);
#4688 = FACE_BOUND('',#4689,.F.);
#4689 = EDGE_LOOP('',(#4690,#4691,#4692,#4700,#4708,#4716,#4724,#4732));
#4690 = ORIENTED_EDGE('',*,*,#4660,.F.);
#4691 = ORIENTED_EDGE('',*,*,#4411,.T.);
#4692 = ORIENTED_EDGE('',*,*,#4693,.T.);
#4693 = EDGE_CURVE('',#4404,#4694,#4696,.T.);
#4694 = VERTEX_POINT('',#4695);
#4695 = CARTESIAN_POINT('',(1.38E+03,470.,882.));
#4696 = LINE('',#4697,#4698);
#4697 = CARTESIAN_POINT('',(1.38E+03,470.,692.));
#4698 = VECTOR('',#4699,1.);
#4699 = DIRECTION('',(0.,0.,1.));
#4700 = ORIENTED_EDGE('',*,*,#4701,.F.);
#4701 = EDGE_CURVE('',#4702,#4694,#4704,.T.);
#4702 = VERTEX_POINT('',#4703);
#4703 = CARTESIAN_POINT('',(1.38E+03,373.,882.));
#4704 = LINE('',#4705,#4706);
#4705 = CARTESIAN_POINT('',(1.38E+03,130.,882.));
#4706 = VECTOR('',#4707,1.);
#4707 = DIRECTION('',(0.,1.,0.));
#4708 = ORIENTED_EDGE('',*,*,#4709,.F.);
#4709 = EDGE_CURVE('',#4710,#4702,#4712,.T.);
#4710 = VERTEX_POINT('',#4711);
#4711 = CARTESIAN_POINT('',(1.38E+03,373.,801.));
#4712 = LINE('',#4713,#4714);
#4713 = CARTESIAN_POINT('',(1.38E+03,373.,744.5));
#4714 = VECTOR('',#4715,1.);
#4715 = DIRECTION('',(0.,0.,1.));
#4716 = ORIENTED_EDGE('',*,*,#4717,.T.);
#4717 = EDGE_CURVE('',#4710,#4718,#4720,.T.);
#4718 = VERTEX_POINT('',#4719);
#4719 = CARTESIAN_POINT('',(1.38E+03,365.,801.));
#4720 = LINE('',#4721,#4722);
#4721 = CARTESIAN_POINT('',(1.38E+03,247.5,801.));
#4722 = VECTOR('',#4723,1.);
#4723 = DIRECTION('',(0.,-1.,0.));
#4724 = ORIENTED_EDGE('',*,*,#4725,.T.);
#4725 = EDGE_CURVE('',#4718,#4726,#4728,.T.);
#4726 = VERTEX_POINT('',#4727);
#4727 = CARTESIAN_POINT('',(1.38E+03,365.,882.));
#4728 = LINE('',#4729,#4730);
#4729 = CARTESIAN_POINT('',(1.38E+03,365.,746.5));
#4730 = VECTOR('',#4731,1.);
#4731 = DIRECTION('',(0.,0.,1.));
#4732 = ORIENTED_EDGE('',*,*,#4733,.F.);
#4733 = EDGE_CURVE('',#4661,#4726,#4734,.T.);
#4734 = LINE('',#4735,#4736);
#4735 = CARTESIAN_POINT('',(1.38E+03,130.,882.));
#4736 = VECTOR('',#4737,1.);
#4737 = DIRECTION('',(0.,1.,0.));
#4738 = PLANE('',#4739);
#4739 = AXIS2_PLACEMENT_3D('',#4740,#4741,#4742);
#4740 = CARTESIAN_POINT('',(1.38E+03,130.,692.));
#4741 = DIRECTION('',(1.,0.,0.));
#4742 = DIRECTION('',(0.,0.,1.));
#4743 = ADVANCED_FACE('',(#4744),#4794,.F.);
#4744 = FACE_BOUND('',#4745,.F.);
#4745 = EDGE_LOOP('',(#4746,#4747,#4748,#4756,#4764,#4772,#4780,#4788));
#4746 = ORIENTED_EDGE('',*,*,#4693,.F.);
#4747 = ORIENTED_EDGE('',*,*,#4403,.T.);
#4748 = ORIENTED_EDGE('',*,*,#4749,.T.);
#4749 = EDGE_CURVE('',#4396,#4750,#4752,.T.);
#4750 = VERTEX_POINT('',#4751);
#4751 = CARTESIAN_POINT('',(900.,470.,882.));
#4752 = LINE('',#4753,#4754);
#4753 = CARTESIAN_POINT('',(900.,470.,692.));
#4754 = VECTOR('',#4755,1.);
#4755 = DIRECTION('',(0.,0.,1.));
#4756 = ORIENTED_EDGE('',*,*,#4757,.T.);
#4757 = EDGE_CURVE('',#4750,#4758,#4760,.T.);
#4758 = VERTEX_POINT('',#4759);
#4759 = CARTESIAN_POINT('',(1.215E+03,470.,882.));
#4760 = LINE('',#4761,#4762);
#4761 = CARTESIAN_POINT('',(900.,470.,882.));
#4762 = VECTOR('',#4763,1.);
#4763 = DIRECTION('',(1.,0.,0.));
#4764 = ORIENTED_EDGE('',*,*,#4765,.T.);
#4765 = EDGE_CURVE('',#4758,#4766,#4768,.T.);
#4766 = VERTEX_POINT('',#4767);
#4767 = CARTESIAN_POINT('',(1.215E+03,470.,801.));
#4768 = LINE('',#4769,#4770);
#4769 = CARTESIAN_POINT('',(1.215E+03,470.,746.5));
#4770 = VECTOR('',#4771,1.);
#4771 = DIRECTION('',(0.,0.,-1.));
#4772 = ORIENTED_EDGE('',*,*,#4773,.T.);
#4773 = EDGE_CURVE('',#4766,#4774,#4776,.T.);
#4774 = VERTEX_POINT('',#4775);
#4775 = CARTESIAN_POINT('',(1.223E+03,470.,801.));
#4776 = LINE('',#4777,#4778);
#4777 = CARTESIAN_POINT('',(1.0575E+03,470.,801.));
#4778 = VECTOR('',#4779,1.);
#4779 = DIRECTION('',(1.,0.,0.));
#4780 = ORIENTED_EDGE('',*,*,#4781,.F.);
#4781 = EDGE_CURVE('',#4782,#4774,#4784,.T.);
#4782 = VERTEX_POINT('',#4783);
#4783 = CARTESIAN_POINT('',(1.223E+03,470.,882.));
#4784 = LINE('',#4785,#4786);
#4785 = CARTESIAN_POINT('',(1.223E+03,470.,744.5));
#4786 = VECTOR('',#4787,1.);
#4787 = DIRECTION('',(0.,0.,-1.));
#4788 = ORIENTED_EDGE('',*,*,#4789,.T.);
#4789 = EDGE_CURVE('',#4782,#4694,#4790,.T.);
#4790 = LINE('',#4791,#4792);
#4791 = CARTESIAN_POINT('',(900.,470.,882.));
#4792 = VECTOR('',#4793,1.);
#4793 = DIRECTION('',(1.,0.,0.));
#4794 = PLANE('',#4795);
#4795 = AXIS2_PLACEMENT_3D('',#4796,#4797,#4798);
#4796 = CARTESIAN_POINT('',(900.,470.,692.));
#4797 = DIRECTION('',(0.,1.,0.));
#4798 = DIRECTION('',(0.,0.,1.));
#4799 = ADVANCED_FACE('',(#4800),#4811,.T.);
#4800 = FACE_BOUND('',#4801,.T.);
#4801 = EDGE_LOOP('',(#4802,#4803,#4804,#4805));
#4802 = ORIENTED_EDGE('',*,*,#4669,.F.);
#4803 = ORIENTED_EDGE('',*,*,#4395,.T.);
#4804 = ORIENTED_EDGE('',*,*,#4749,.T.);
#4805 = ORIENTED_EDGE('',*,*,#4806,.F.);
#4806 = EDGE_CURVE('',#4670,#4750,#4807,.T.);
#4807 = LINE('',#4808,#4809);
#4808 = CARTESIAN_POINT('',(900.,130.,882.));
#4809 = VECTOR('',#4810,1.);
#4810 = DIRECTION('',(0.,1.,0.));
#4811 = PLANE('',#4812);
#4812 = AXIS2_PLACEMENT_3D('',#4813,#4814,#4815);
#4813 = CARTESIAN_POINT('',(900.,130.,692.));
#4814 = DIRECTION('',(1.,0.,0.));
#4815 = DIRECTION('',(0.,0.,1.));
#4816 = ADVANCED_FACE('',(#4817),#4828,.F.);
#4817 = FACE_BOUND('',#4818,.F.);
#4818 = EDGE_LOOP('',(#4819,#4820,#4821,#4822));
#4819 = ORIENTED_EDGE('',*,*,#4573,.F.);
#4820 = ORIENTED_EDGE('',*,*,#4453,.T.);
#4821 = ORIENTED_EDGE('',*,*,#4630,.T.);
#4822 = ORIENTED_EDGE('',*,*,#4823,.F.);
#4823 = EDGE_CURVE('',#4574,#4631,#4824,.T.);
#4824 = LINE('',#4825,#4826);
#4825 = CARTESIAN_POINT('',(1.4E+03,365.,801.));
#4826 = VECTOR('',#4827,1.);
#4827 = DIRECTION('',(0.,0.,1.));
#4828 = PLANE('',#4829);
#4829 = AXIS2_PLACEMENT_3D('',#4830,#4831,#4832);
#4830 = CARTESIAN_POINT('',(1.215E+03,365.,801.));
#4831 = DIRECTION('',(0.,1.,0.));
#4832 = DIRECTION('',(0.,0.,1.));
#4833 = ADVANCED_FACE('',(#4834),#4845,.T.);
#4834 = FACE_BOUND('',#4835,.T.);
#4835 = EDGE_LOOP('',(#4836,#4842,#4843,#4844));
#4836 = ORIENTED_EDGE('',*,*,#4837,.F.);
#4837 = EDGE_CURVE('',#4559,#4487,#4838,.T.);
#4838 = LINE('',#4839,#4840);
#4839 = CARTESIAN_POINT('',(1.392E+03,373.,797.));
#4840 = VECTOR('',#4841,1.);
#4841 = DIRECTION('',(0.,0.,1.));
#4842 = ORIENTED_EDGE('',*,*,#4566,.T.);
#4843 = ORIENTED_EDGE('',*,*,#4437,.T.);
#4844 = ORIENTED_EDGE('',*,*,#4486,.T.);
#4845 = PLANE('',#4846);
#4846 = AXIS2_PLACEMENT_3D('',#4847,#4848,#4849);
#4847 = CARTESIAN_POINT('',(1.223E+03,373.,797.));
#4848 = DIRECTION('',(0.,1.,0.));
#4849 = DIRECTION('',(0.,0.,1.));
#4850 = ADVANCED_FACE('',(#4851),#4862,.F.);
#4851 = FACE_BOUND('',#4852,.F.);
#4852 = EDGE_LOOP('',(#4853,#4859,#4860,#4861));
#4853 = ORIENTED_EDGE('',*,*,#4854,.F.);
#4854 = EDGE_CURVE('',#4551,#4495,#4855,.T.);
#4855 = LINE('',#4856,#4857);
#4856 = CARTESIAN_POINT('',(1.392E+03,482.,797.));
#4857 = VECTOR('',#4858,1.);
#4858 = DIRECTION('',(0.,0.,1.));
#4859 = ORIENTED_EDGE('',*,*,#4550,.T.);
#4860 = ORIENTED_EDGE('',*,*,#4525,.T.);
#4861 = ORIENTED_EDGE('',*,*,#4502,.T.);
#4862 = PLANE('',#4863);
#4863 = AXIS2_PLACEMENT_3D('',#4864,#4865,#4866);
#4864 = CARTESIAN_POINT('',(1.223E+03,482.,797.));
#4865 = DIRECTION('',(0.,1.,0.));
#4866 = DIRECTION('',(0.,0.,1.));
#4867 = ADVANCED_FACE('',(#4868),#4874,.F.);
#4868 = FACE_BOUND('',#4869,.F.);
#4869 = EDGE_LOOP('',(#4870,#4871,#4872,#4873));
#4870 = ORIENTED_EDGE('',*,*,#4837,.F.);
#4871 = ORIENTED_EDGE('',*,*,#4558,.T.);
#4872 = ORIENTED_EDGE('',*,*,#4854,.T.);
#4873 = ORIENTED_EDGE('',*,*,#4494,.F.);
#4874 = PLANE('',#4875);
#4875 = AXIS2_PLACEMENT_3D('',#4876,#4877,#4878);
#4876 = CARTESIAN_POINT('',(1.392E+03,373.,797.));
#4877 = DIRECTION('',(1.,0.,0.));
#4878 = DIRECTION('',(0.,0.,1.));
#4879 = ADVANCED_FACE('',(#4880),#4891,.T.);
#4880 = FACE_BOUND('',#4881,.T.);
#4881 = EDGE_LOOP('',(#4882,#4883,#4884,#4885));
#4882 = ORIENTED_EDGE('',*,*,#4589,.F.);
#4883 = ORIENTED_EDGE('',*,*,#4605,.T.);
#4884 = ORIENTED_EDGE('',*,*,#4646,.T.);
#4885 = ORIENTED_EDGE('',*,*,#4886,.F.);
#4886 = EDGE_CURVE('',#4582,#4639,#4887,.T.);
#4887 = LINE('',#4888,#4889);
#4888 = CARTESIAN_POINT('',(1.4E+03,490.,801.));
#4889 = VECTOR('',#4890,1.);
#4890 = DIRECTION('',(0.,0.,1.));
#4891 = PLANE('',#4892);
#4892 = AXIS2_PLACEMENT_3D('',#4893,#4894,#4895);
#4893 = CARTESIAN_POINT('',(1.215E+03,490.,801.));
#4894 = DIRECTION('',(0.,1.,0.));
#4895 = DIRECTION('',(0.,0.,1.));
#4896 = ADVANCED_FACE('',(#4897),#4903,.T.);
#4897 = FACE_BOUND('',#4898,.T.);
#4898 = EDGE_LOOP('',(#4899,#4900,#4901,#4902));
#4899 = ORIENTED_EDGE('',*,*,#4823,.F.);
#4900 = ORIENTED_EDGE('',*,*,#4581,.T.);
#4901 = ORIENTED_EDGE('',*,*,#4886,.T.);
#4902 = ORIENTED_EDGE('',*,*,#4638,.F.);
#4903 = PLANE('',#4904);
#4904 = AXIS2_PLACEMENT_3D('',#4905,#4906,#4907);
#4905 = CARTESIAN_POINT('',(1.4E+03,365.,801.));
#4906 = DIRECTION('',(1.,0.,0.));
#4907 = DIRECTION('',(0.,0.,1.));
#4908 = ADVANCED_FACE('',(#4909,#4961),#4972,.F.);
#4909 = FACE_BOUND('',#4910,.F.);
#4910 = EDGE_LOOP('',(#4911,#4912,#4913,#4914,#4915,#4923,#4931,#4939,
    #4947,#4955));
#4911 = ORIENTED_EDGE('',*,*,#4757,.F.);
#4912 = ORIENTED_EDGE('',*,*,#4806,.F.);
#4913 = ORIENTED_EDGE('',*,*,#4677,.T.);
#4914 = ORIENTED_EDGE('',*,*,#4733,.T.);
#4915 = ORIENTED_EDGE('',*,*,#4916,.T.);
#4916 = EDGE_CURVE('',#4726,#4917,#4919,.T.);
#4917 = VERTEX_POINT('',#4918);
#4918 = CARTESIAN_POINT('',(1.29E+03,365.,882.));
#4919 = LINE('',#4920,#4921);
#4920 = CARTESIAN_POINT('',(1.0575E+03,365.,882.));
#4921 = VECTOR('',#4922,1.);
#4922 = DIRECTION('',(-1.,0.,0.));
#4923 = ORIENTED_EDGE('',*,*,#4924,.F.);
#4924 = EDGE_CURVE('',#4925,#4917,#4927,.T.);
#4925 = VERTEX_POINT('',#4926);
#4926 = CARTESIAN_POINT('',(1.29E+03,345.,882.));
#4927 = LINE('',#4928,#4929);
#4928 = CARTESIAN_POINT('',(1.29E+03,237.5,882.));
#4929 = VECTOR('',#4930,1.);
#4930 = DIRECTION('',(0.,1.,0.));
#4931 = ORIENTED_EDGE('',*,*,#4932,.T.);
#4932 = EDGE_CURVE('',#4925,#4933,#4935,.T.);
#4933 = VERTEX_POINT('',#4934);
#4934 = CARTESIAN_POINT('',(1.145E+03,345.,882.));
#4935 = LINE('',#4936,#4937);
#4936 = CARTESIAN_POINT('',(1.0225E+03,345.,882.));
#4937 = VECTOR('',#4938,1.);
#4938 = DIRECTION('',(-1.,0.,0.));
#4939 = ORIENTED_EDGE('',*,*,#4940,.T.);
#4940 = EDGE_CURVE('',#4933,#4941,#4943,.T.);
#4941 = VERTEX_POINT('',#4942);
#4942 = CARTESIAN_POINT('',(1.145E+03,415.,882.));
#4943 = LINE('',#4944,#4945);
#4944 = CARTESIAN_POINT('',(1.145E+03,237.5,882.));
#4945 = VECTOR('',#4946,1.);
#4946 = DIRECTION('',(0.,1.,0.));
#4947 = ORIENTED_EDGE('',*,*,#4948,.F.);
#4948 = EDGE_CURVE('',#4949,#4941,#4951,.T.);
#4949 = VERTEX_POINT('',#4950);
#4950 = CARTESIAN_POINT('',(1.215E+03,415.,882.));
#4951 = LINE('',#4952,#4953);
#4952 = CARTESIAN_POINT('',(1.0225E+03,415.,882.));
#4953 = VECTOR('',#4954,1.);
#4954 = DIRECTION('',(-1.,0.,0.));
#4955 = ORIENTED_EDGE('',*,*,#4956,.T.);
#4956 = EDGE_CURVE('',#4949,#4758,#4957,.T.);
#4957 = LINE('',#4958,#4959);
#4958 = CARTESIAN_POINT('',(1.215E+03,247.5,882.));
#4959 = VECTOR('',#4960,1.);
#4960 = DIRECTION('',(0.,1.,0.));
#4961 = FACE_BOUND('',#4962,.F.);
#4962 = EDGE_LOOP('',(#4963));
#4963 = ORIENTED_EDGE('',*,*,#4964,.F.);
#4964 = EDGE_CURVE('',#4965,#4965,#4967,.T.);
#4965 = VERTEX_POINT('',#4966);
#4966 = CARTESIAN_POINT('',(1.186E+03,230.,882.));
#4967 = CIRCLE('',#4968,28.);
#4968 = AXIS2_PLACEMENT_3D('',#4969,#4970,#4971);
#4969 = CARTESIAN_POINT('',(1.158E+03,230.,882.));
#4970 = DIRECTION('',(0.,0.,1.));
#4971 = DIRECTION('',(1.,0.,0.));
#4972 = PLANE('',#4973);
#4973 = AXIS2_PLACEMENT_3D('',#4974,#4975,#4976);
#4974 = CARTESIAN_POINT('',(900.,130.,882.));
#4975 = DIRECTION('',(0.,0.,1.));
#4976 = DIRECTION('',(1.,0.,0.));
#4977 = ADVANCED_FACE('',(#4978),#5028,.F.);
#4978 = FACE_BOUND('',#4979,.F.);
#4979 = EDGE_LOOP('',(#4980,#4988,#4996,#5004,#5012,#5020,#5026,#5027));
#4980 = ORIENTED_EDGE('',*,*,#4981,.F.);
#4981 = EDGE_CURVE('',#4982,#4718,#4984,.T.);
#4982 = VERTEX_POINT('',#4983);
#4983 = CARTESIAN_POINT('',(1.215E+03,365.,801.));
#4984 = LINE('',#4985,#4986);
#4985 = CARTESIAN_POINT('',(1.215E+03,365.,801.));
#4986 = VECTOR('',#4987,1.);
#4987 = DIRECTION('',(1.,0.,0.));
#4988 = ORIENTED_EDGE('',*,*,#4989,.T.);
#4989 = EDGE_CURVE('',#4982,#4990,#4992,.T.);
#4990 = VERTEX_POINT('',#4991);
#4991 = CARTESIAN_POINT('',(1.215E+03,365.,882.));
#4992 = LINE('',#4993,#4994);
#4993 = CARTESIAN_POINT('',(1.215E+03,365.,801.));
#4994 = VECTOR('',#4995,1.);
#4995 = DIRECTION('',(0.,0.,1.));
#4996 = ORIENTED_EDGE('',*,*,#4997,.F.);
#4997 = EDGE_CURVE('',#4998,#4990,#5000,.T.);
#4998 = VERTEX_POINT('',#4999);
#4999 = CARTESIAN_POINT('',(1.282E+03,365.,882.));
#5000 = LINE('',#5001,#5002);
#5001 = CARTESIAN_POINT('',(1.0575E+03,365.,882.));
#5002 = VECTOR('',#5003,1.);
#5003 = DIRECTION('',(-1.,0.,0.));
#5004 = ORIENTED_EDGE('',*,*,#5005,.T.);
#5005 = EDGE_CURVE('',#4998,#5006,#5008,.T.);
#5006 = VERTEX_POINT('',#5007);
#5007 = CARTESIAN_POINT('',(1.282E+03,365.,822.));
#5008 = LINE('',#5009,#5010);
#5009 = CARTESIAN_POINT('',(1.282E+03,365.,811.5));
#5010 = VECTOR('',#5011,1.);
#5011 = DIRECTION('',(0.,0.,-1.));
#5012 = ORIENTED_EDGE('',*,*,#5013,.T.);
#5013 = EDGE_CURVE('',#5006,#5014,#5016,.T.);
#5014 = VERTEX_POINT('',#5015);
#5015 = CARTESIAN_POINT('',(1.29E+03,365.,822.));
#5016 = LINE('',#5017,#5018);
#5017 = CARTESIAN_POINT('',(1.18E+03,365.,822.));
#5018 = VECTOR('',#5019,1.);
#5019 = DIRECTION('',(1.,0.,0.));
#5020 = ORIENTED_EDGE('',*,*,#5021,.F.);
#5021 = EDGE_CURVE('',#4917,#5014,#5022,.T.);
#5022 = LINE('',#5023,#5024);
#5023 = CARTESIAN_POINT('',(1.29E+03,365.,811.5));
#5024 = VECTOR('',#5025,1.);
#5025 = DIRECTION('',(0.,0.,-1.));
#5026 = ORIENTED_EDGE('',*,*,#4916,.F.);
#5027 = ORIENTED_EDGE('',*,*,#4725,.F.);
#5028 = PLANE('',#5029);
#5029 = AXIS2_PLACEMENT_3D('',#5030,#5031,#5032);
#5030 = CARTESIAN_POINT('',(1.215E+03,365.,801.));
#5031 = DIRECTION('',(0.,1.,0.));
#5032 = DIRECTION('',(0.,0.,1.));
#5033 = ADVANCED_FACE('',(#5034),#5059,.F.);
#5034 = FACE_BOUND('',#5035,.F.);
#5035 = EDGE_LOOP('',(#5036,#5042,#5043,#5044,#5052,#5058));
#5036 = ORIENTED_EDGE('',*,*,#5037,.F.);
#5037 = EDGE_CURVE('',#4982,#4766,#5038,.T.);
#5038 = LINE('',#5039,#5040);
#5039 = CARTESIAN_POINT('',(1.215E+03,365.,801.));
#5040 = VECTOR('',#5041,1.);
#5041 = DIRECTION('',(0.,1.,0.));
#5042 = ORIENTED_EDGE('',*,*,#4981,.T.);
#5043 = ORIENTED_EDGE('',*,*,#4717,.F.);
#5044 = ORIENTED_EDGE('',*,*,#5045,.T.);
#5045 = EDGE_CURVE('',#4710,#5046,#5048,.T.);
#5046 = VERTEX_POINT('',#5047);
#5047 = CARTESIAN_POINT('',(1.223E+03,373.,801.));
#5048 = LINE('',#5049,#5050);
#5049 = CARTESIAN_POINT('',(1.219E+03,373.,801.));
#5050 = VECTOR('',#5051,1.);
#5051 = DIRECTION('',(-1.,0.,0.));
#5052 = ORIENTED_EDGE('',*,*,#5053,.T.);
#5053 = EDGE_CURVE('',#5046,#4774,#5054,.T.);
#5054 = LINE('',#5055,#5056);
#5055 = CARTESIAN_POINT('',(1.223E+03,369.,801.));
#5056 = VECTOR('',#5057,1.);
#5057 = DIRECTION('',(0.,1.,0.));
#5058 = ORIENTED_EDGE('',*,*,#4773,.F.);
#5059 = PLANE('',#5060);
#5060 = AXIS2_PLACEMENT_3D('',#5061,#5062,#5063);
#5061 = CARTESIAN_POINT('',(1.215E+03,365.,801.));
#5062 = DIRECTION('',(0.,0.,1.));
#5063 = DIRECTION('',(1.,0.,0.));
#5064 = ADVANCED_FACE('',(#5065),#5115,.T.);
#5065 = FACE_BOUND('',#5066,.T.);
#5066 = EDGE_LOOP('',(#5067,#5068,#5069,#5077,#5085,#5093,#5101,#5109));
#5067 = ORIENTED_EDGE('',*,*,#4709,.F.);
#5068 = ORIENTED_EDGE('',*,*,#5045,.T.);
#5069 = ORIENTED_EDGE('',*,*,#5070,.T.);
#5070 = EDGE_CURVE('',#5046,#5071,#5073,.T.);
#5071 = VERTEX_POINT('',#5072);
#5072 = CARTESIAN_POINT('',(1.223E+03,373.,882.));
#5073 = LINE('',#5074,#5075);
#5074 = CARTESIAN_POINT('',(1.223E+03,373.,797.));
#5075 = VECTOR('',#5076,1.);
#5076 = DIRECTION('',(0.,0.,1.));
#5077 = ORIENTED_EDGE('',*,*,#5078,.F.);
#5078 = EDGE_CURVE('',#5079,#5071,#5081,.T.);
#5079 = VERTEX_POINT('',#5080);
#5080 = CARTESIAN_POINT('',(1.282E+03,373.,882.));
#5081 = LINE('',#5082,#5083);
#5082 = CARTESIAN_POINT('',(1.0615E+03,373.,882.));
#5083 = VECTOR('',#5084,1.);
#5084 = DIRECTION('',(-1.,0.,0.));
#5085 = ORIENTED_EDGE('',*,*,#5086,.T.);
#5086 = EDGE_CURVE('',#5079,#5087,#5089,.T.);
#5087 = VERTEX_POINT('',#5088);
#5088 = CARTESIAN_POINT('',(1.282E+03,373.,822.));
#5089 = LINE('',#5090,#5091);
#5090 = CARTESIAN_POINT('',(1.282E+03,373.,809.5));
#5091 = VECTOR('',#5092,1.);
#5092 = DIRECTION('',(0.,0.,-1.));
#5093 = ORIENTED_EDGE('',*,*,#5094,.T.);
#5094 = EDGE_CURVE('',#5087,#5095,#5097,.T.);
#5095 = VERTEX_POINT('',#5096);
#5096 = CARTESIAN_POINT('',(1.29E+03,373.,822.));
#5097 = LINE('',#5098,#5099);
#5098 = CARTESIAN_POINT('',(1.184E+03,373.,822.));
#5099 = VECTOR('',#5100,1.);
#5100 = DIRECTION('',(1.,0.,0.));
#5101 = ORIENTED_EDGE('',*,*,#5102,.F.);
#5102 = EDGE_CURVE('',#5103,#5095,#5105,.T.);
#5103 = VERTEX_POINT('',#5104);
#5104 = CARTESIAN_POINT('',(1.29E+03,373.,882.));
#5105 = LINE('',#5106,#5107);
#5106 = CARTESIAN_POINT('',(1.29E+03,373.,809.5));
#5107 = VECTOR('',#5108,1.);
#5108 = DIRECTION('',(0.,0.,-1.));
#5109 = ORIENTED_EDGE('',*,*,#5110,.F.);
#5110 = EDGE_CURVE('',#4702,#5103,#5111,.T.);
#5111 = LINE('',#5112,#5113);
#5112 = CARTESIAN_POINT('',(1.0615E+03,373.,882.));
#5113 = VECTOR('',#5114,1.);
#5114 = DIRECTION('',(-1.,0.,0.));
#5115 = PLANE('',#5116);
#5116 = AXIS2_PLACEMENT_3D('',#5117,#5118,#5119);
#5117 = CARTESIAN_POINT('',(1.223E+03,373.,797.));
#5118 = DIRECTION('',(0.,1.,0.));
#5119 = DIRECTION('',(0.,0.,1.));
#5120 = ADVANCED_FACE('',(#5121),#5148,.F.);
#5121 = FACE_BOUND('',#5122,.F.);
#5122 = EDGE_LOOP('',(#5123,#5124,#5132,#5140,#5146,#5147));
#5123 = ORIENTED_EDGE('',*,*,#4789,.F.);
#5124 = ORIENTED_EDGE('',*,*,#5125,.F.);
#5125 = EDGE_CURVE('',#5126,#4782,#5128,.T.);
#5126 = VERTEX_POINT('',#5127);
#5127 = CARTESIAN_POINT('',(1.223E+03,415.,882.));
#5128 = LINE('',#5129,#5130);
#5129 = CARTESIAN_POINT('',(1.223E+03,251.5,882.));
#5130 = VECTOR('',#5131,1.);
#5131 = DIRECTION('',(0.,1.,0.));
#5132 = ORIENTED_EDGE('',*,*,#5133,.F.);
#5133 = EDGE_CURVE('',#5134,#5126,#5136,.T.);
#5134 = VERTEX_POINT('',#5135);
#5135 = CARTESIAN_POINT('',(1.29E+03,415.,882.));
#5136 = LINE('',#5137,#5138);
#5137 = CARTESIAN_POINT('',(1.0225E+03,415.,882.));
#5138 = VECTOR('',#5139,1.);
#5139 = DIRECTION('',(-1.,0.,0.));
#5140 = ORIENTED_EDGE('',*,*,#5141,.F.);
#5141 = EDGE_CURVE('',#5103,#5134,#5142,.T.);
#5142 = LINE('',#5143,#5144);
#5143 = CARTESIAN_POINT('',(1.29E+03,237.5,882.));
#5144 = VECTOR('',#5145,1.);
#5145 = DIRECTION('',(0.,1.,0.));
#5146 = ORIENTED_EDGE('',*,*,#5110,.F.);
#5147 = ORIENTED_EDGE('',*,*,#4701,.T.);
#5148 = PLANE('',#5149);
#5149 = AXIS2_PLACEMENT_3D('',#5150,#5151,#5152);
#5150 = CARTESIAN_POINT('',(900.,130.,882.));
#5151 = DIRECTION('',(0.,0.,1.));
#5152 = DIRECTION('',(1.,0.,0.));
#5153 = ADVANCED_FACE('',(#5154),#5190,.T.);
#5154 = FACE_BOUND('',#5155,.T.);
#5155 = EDGE_LOOP('',(#5156,#5157,#5158,#5159,#5160,#5168,#5176,#5184));
#5156 = ORIENTED_EDGE('',*,*,#5070,.F.);
#5157 = ORIENTED_EDGE('',*,*,#5053,.T.);
#5158 = ORIENTED_EDGE('',*,*,#4781,.F.);
#5159 = ORIENTED_EDGE('',*,*,#5125,.F.);
#5160 = ORIENTED_EDGE('',*,*,#5161,.F.);
#5161 = EDGE_CURVE('',#5162,#5126,#5164,.T.);
#5162 = VERTEX_POINT('',#5163);
#5163 = CARTESIAN_POINT('',(1.223E+03,415.,822.));
#5164 = LINE('',#5165,#5166);
#5165 = CARTESIAN_POINT('',(1.223E+03,415.,809.5));
#5166 = VECTOR('',#5167,1.);
#5167 = DIRECTION('',(0.,0.,1.));
#5168 = ORIENTED_EDGE('',*,*,#5169,.T.);
#5169 = EDGE_CURVE('',#5162,#5170,#5172,.T.);
#5170 = VERTEX_POINT('',#5171);
#5171 = CARTESIAN_POINT('',(1.223E+03,407.,822.));
#5172 = LINE('',#5173,#5174);
#5173 = CARTESIAN_POINT('',(1.223E+03,359.,822.));
#5174 = VECTOR('',#5175,1.);
#5175 = DIRECTION('',(0.,-1.,0.));
#5176 = ORIENTED_EDGE('',*,*,#5177,.T.);
#5177 = EDGE_CURVE('',#5170,#5178,#5180,.T.);
#5178 = VERTEX_POINT('',#5179);
#5179 = CARTESIAN_POINT('',(1.223E+03,407.,882.));
#5180 = LINE('',#5181,#5182);
#5181 = CARTESIAN_POINT('',(1.223E+03,407.,809.5));
#5182 = VECTOR('',#5183,1.);
#5183 = DIRECTION('',(0.,0.,1.));
#5184 = ORIENTED_EDGE('',*,*,#5185,.F.);
#5185 = EDGE_CURVE('',#5071,#5178,#5186,.T.);
#5186 = LINE('',#5187,#5188);
#5187 = CARTESIAN_POINT('',(1.223E+03,251.5,882.));
#5188 = VECTOR('',#5189,1.);
#5189 = DIRECTION('',(0.,1.,0.));
#5190 = PLANE('',#5191);
#5191 = AXIS2_PLACEMENT_3D('',#5192,#5193,#5194);
#5192 = CARTESIAN_POINT('',(1.223E+03,373.,797.));
#5193 = DIRECTION('',(1.,0.,0.));
#5194 = DIRECTION('',(0.,0.,1.));
#5195 = ADVANCED_FACE('',(#5196),#5232,.F.);
#5196 = FACE_BOUND('',#5197,.F.);
#5197 = EDGE_LOOP('',(#5198,#5199,#5200,#5201,#5202,#5210,#5218,#5226));
#5198 = ORIENTED_EDGE('',*,*,#4989,.F.);
#5199 = ORIENTED_EDGE('',*,*,#5037,.T.);
#5200 = ORIENTED_EDGE('',*,*,#4765,.F.);
#5201 = ORIENTED_EDGE('',*,*,#4956,.F.);
#5202 = ORIENTED_EDGE('',*,*,#5203,.F.);
#5203 = EDGE_CURVE('',#5204,#4949,#5206,.T.);
#5204 = VERTEX_POINT('',#5205);
#5205 = CARTESIAN_POINT('',(1.215E+03,415.,822.));
#5206 = LINE('',#5207,#5208);
#5207 = CARTESIAN_POINT('',(1.215E+03,415.,811.5));
#5208 = VECTOR('',#5209,1.);
#5209 = DIRECTION('',(0.,0.,1.));
#5210 = ORIENTED_EDGE('',*,*,#5211,.T.);
#5211 = EDGE_CURVE('',#5204,#5212,#5214,.T.);
#5212 = VERTEX_POINT('',#5213);
#5213 = CARTESIAN_POINT('',(1.215E+03,407.,822.));
#5214 = LINE('',#5215,#5216);
#5215 = CARTESIAN_POINT('',(1.215E+03,355.,822.));
#5216 = VECTOR('',#5217,1.);
#5217 = DIRECTION('',(0.,-1.,0.));
#5218 = ORIENTED_EDGE('',*,*,#5219,.T.);
#5219 = EDGE_CURVE('',#5212,#5220,#5222,.T.);
#5220 = VERTEX_POINT('',#5221);
#5221 = CARTESIAN_POINT('',(1.215E+03,407.,882.));
#5222 = LINE('',#5223,#5224);
#5223 = CARTESIAN_POINT('',(1.215E+03,407.,811.5));
#5224 = VECTOR('',#5225,1.);
#5225 = DIRECTION('',(0.,0.,1.));
#5226 = ORIENTED_EDGE('',*,*,#5227,.F.);
#5227 = EDGE_CURVE('',#4990,#5220,#5228,.T.);
#5228 = LINE('',#5229,#5230);
#5229 = CARTESIAN_POINT('',(1.215E+03,247.5,882.));
#5230 = VECTOR('',#5231,1.);
#5231 = DIRECTION('',(0.,1.,0.));
#5232 = PLANE('',#5233);
#5233 = AXIS2_PLACEMENT_3D('',#5234,#5235,#5236);
#5234 = CARTESIAN_POINT('',(1.215E+03,365.,801.));
#5235 = DIRECTION('',(1.,0.,0.));
#5236 = DIRECTION('',(0.,0.,1.));
#5237 = ADVANCED_FACE('',(#5238),#5256,.T.);
#5238 = FACE_BOUND('',#5239,.T.);
#5239 = EDGE_LOOP('',(#5240,#5248,#5254,#5255));
#5240 = ORIENTED_EDGE('',*,*,#5241,.F.);
#5241 = EDGE_CURVE('',#5242,#5204,#5244,.T.);
#5242 = VERTEX_POINT('',#5243);
#5243 = CARTESIAN_POINT('',(1.145E+03,415.,822.));
#5244 = LINE('',#5245,#5246);
#5245 = CARTESIAN_POINT('',(1.145E+03,415.,822.));
#5246 = VECTOR('',#5247,1.);
#5247 = DIRECTION('',(1.,0.,0.));
#5248 = ORIENTED_EDGE('',*,*,#5249,.T.);
#5249 = EDGE_CURVE('',#5242,#4941,#5250,.T.);
#5250 = LINE('',#5251,#5252);
#5251 = CARTESIAN_POINT('',(1.145E+03,415.,822.));
#5252 = VECTOR('',#5253,1.);
#5253 = DIRECTION('',(0.,0.,1.));
#5254 = ORIENTED_EDGE('',*,*,#4948,.F.);
#5255 = ORIENTED_EDGE('',*,*,#5203,.F.);
#5256 = PLANE('',#5257);
#5257 = AXIS2_PLACEMENT_3D('',#5258,#5259,#5260);
#5258 = CARTESIAN_POINT('',(1.145E+03,415.,822.));
#5259 = DIRECTION('',(0.,1.,0.));
#5260 = DIRECTION('',(0.,0.,1.));
#5261 = ADVANCED_FACE('',(#5262),#5280,.F.);
#5262 = FACE_BOUND('',#5263,.F.);
#5263 = EDGE_LOOP('',(#5264,#5272,#5278,#5279));
#5264 = ORIENTED_EDGE('',*,*,#5265,.F.);
#5265 = EDGE_CURVE('',#5266,#4933,#5268,.T.);
#5266 = VERTEX_POINT('',#5267);
#5267 = CARTESIAN_POINT('',(1.145E+03,345.,822.));
#5268 = LINE('',#5269,#5270);
#5269 = CARTESIAN_POINT('',(1.145E+03,345.,822.));
#5270 = VECTOR('',#5271,1.);
#5271 = DIRECTION('',(0.,0.,1.));
#5272 = ORIENTED_EDGE('',*,*,#5273,.T.);
#5273 = EDGE_CURVE('',#5266,#5242,#5274,.T.);
#5274 = LINE('',#5275,#5276);
#5275 = CARTESIAN_POINT('',(1.145E+03,345.,822.));
#5276 = VECTOR('',#5277,1.);
#5277 = DIRECTION('',(0.,1.,0.));
#5278 = ORIENTED_EDGE('',*,*,#5249,.T.);
#5279 = ORIENTED_EDGE('',*,*,#4940,.F.);
#5280 = PLANE('',#5281);
#5281 = AXIS2_PLACEMENT_3D('',#5282,#5283,#5284);
#5282 = CARTESIAN_POINT('',(1.145E+03,345.,822.));
#5283 = DIRECTION('',(1.,0.,0.));
#5284 = DIRECTION('',(0.,0.,1.));
#5285 = ADVANCED_FACE('',(#5286),#5304,.F.);
#5286 = FACE_BOUND('',#5287,.F.);
#5287 = EDGE_LOOP('',(#5288,#5296,#5302,#5303));
#5288 = ORIENTED_EDGE('',*,*,#5289,.F.);
#5289 = EDGE_CURVE('',#5290,#4925,#5292,.T.);
#5290 = VERTEX_POINT('',#5291);
#5291 = CARTESIAN_POINT('',(1.29E+03,345.,822.));
#5292 = LINE('',#5293,#5294);
#5293 = CARTESIAN_POINT('',(1.29E+03,345.,822.));
#5294 = VECTOR('',#5295,1.);
#5295 = DIRECTION('',(0.,0.,1.));
#5296 = ORIENTED_EDGE('',*,*,#5297,.F.);
#5297 = EDGE_CURVE('',#5266,#5290,#5298,.T.);
#5298 = LINE('',#5299,#5300);
#5299 = CARTESIAN_POINT('',(1.145E+03,345.,822.));
#5300 = VECTOR('',#5301,1.);
#5301 = DIRECTION('',(1.,0.,0.));
#5302 = ORIENTED_EDGE('',*,*,#5265,.T.);
#5303 = ORIENTED_EDGE('',*,*,#4932,.F.);
#5304 = PLANE('',#5305);
#5305 = AXIS2_PLACEMENT_3D('',#5306,#5307,#5308);
#5306 = CARTESIAN_POINT('',(1.145E+03,345.,822.));
#5307 = DIRECTION('',(0.,1.,0.));
#5308 = DIRECTION('',(0.,0.,1.));
#5309 = ADVANCED_FACE('',(#5310),#5321,.T.);
#5310 = FACE_BOUND('',#5311,.T.);
#5311 = EDGE_LOOP('',(#5312,#5313,#5319,#5320));
#5312 = ORIENTED_EDGE('',*,*,#5289,.F.);
#5313 = ORIENTED_EDGE('',*,*,#5314,.T.);
#5314 = EDGE_CURVE('',#5290,#5014,#5315,.T.);
#5315 = LINE('',#5316,#5317);
#5316 = CARTESIAN_POINT('',(1.29E+03,345.,822.));
#5317 = VECTOR('',#5318,1.);
#5318 = DIRECTION('',(0.,1.,0.));
#5319 = ORIENTED_EDGE('',*,*,#5021,.F.);
#5320 = ORIENTED_EDGE('',*,*,#4924,.F.);
#5321 = PLANE('',#5322);
#5322 = AXIS2_PLACEMENT_3D('',#5323,#5324,#5325);
#5323 = CARTESIAN_POINT('',(1.29E+03,345.,822.));
#5324 = DIRECTION('',(1.,0.,0.));
#5325 = DIRECTION('',(0.,0.,1.));
#5326 = ADVANCED_FACE('',(#5327),#5346,.T.);
#5327 = FACE_BOUND('',#5328,.T.);
#5328 = EDGE_LOOP('',(#5329,#5330,#5338,#5345));
#5329 = ORIENTED_EDGE('',*,*,#4964,.F.);
#5330 = ORIENTED_EDGE('',*,*,#5331,.F.);
#5331 = EDGE_CURVE('',#5332,#4965,#5334,.T.);
#5332 = VERTEX_POINT('',#5333);
#5333 = CARTESIAN_POINT('',(1.186E+03,230.,880.));
#5334 = LINE('',#5335,#5336);
#5335 = CARTESIAN_POINT('',(1.186E+03,230.,880.));
#5336 = VECTOR('',#5337,1.);
#5337 = DIRECTION('',(0.,0.,1.));
#5338 = ORIENTED_EDGE('',*,*,#5339,.T.);
#5339 = EDGE_CURVE('',#5332,#5332,#5340,.T.);
#5340 = CIRCLE('',#5341,28.);
#5341 = AXIS2_PLACEMENT_3D('',#5342,#5343,#5344);
#5342 = CARTESIAN_POINT('',(1.158E+03,230.,880.));
#5343 = DIRECTION('',(0.,0.,1.));
#5344 = DIRECTION('',(1.,0.,0.));
#5345 = ORIENTED_EDGE('',*,*,#5331,.T.);
#5346 = CYLINDRICAL_SURFACE('',#5347,28.);
#5347 = AXIS2_PLACEMENT_3D('',#5348,#5349,#5350);
#5348 = CARTESIAN_POINT('',(1.158E+03,230.,880.));
#5349 = DIRECTION('',(0.,0.,1.));
#5350 = DIRECTION('',(1.,0.,0.));
#5351 = ADVANCED_FACE('',(#5352),#5390,.F.);
#5352 = FACE_BOUND('',#5353,.F.);
#5353 = EDGE_LOOP('',(#5354,#5355,#5356,#5357,#5358,#5359,#5367,#5375,
    #5383,#5389));
#5354 = ORIENTED_EDGE('',*,*,#5241,.F.);
#5355 = ORIENTED_EDGE('',*,*,#5273,.F.);
#5356 = ORIENTED_EDGE('',*,*,#5297,.T.);
#5357 = ORIENTED_EDGE('',*,*,#5314,.T.);
#5358 = ORIENTED_EDGE('',*,*,#5013,.F.);
#5359 = ORIENTED_EDGE('',*,*,#5360,.F.);
#5360 = EDGE_CURVE('',#5361,#5006,#5363,.T.);
#5361 = VERTEX_POINT('',#5362);
#5362 = CARTESIAN_POINT('',(1.282E+03,353.,822.));
#5363 = LINE('',#5364,#5365);
#5364 = CARTESIAN_POINT('',(1.282E+03,353.,822.));
#5365 = VECTOR('',#5366,1.);
#5366 = DIRECTION('',(0.,1.,0.));
#5367 = ORIENTED_EDGE('',*,*,#5368,.F.);
#5368 = EDGE_CURVE('',#5369,#5361,#5371,.T.);
#5369 = VERTEX_POINT('',#5370);
#5370 = CARTESIAN_POINT('',(1.153E+03,353.,822.));
#5371 = LINE('',#5372,#5373);
#5372 = CARTESIAN_POINT('',(1.153E+03,353.,822.));
#5373 = VECTOR('',#5374,1.);
#5374 = DIRECTION('',(1.,0.,0.));
#5375 = ORIENTED_EDGE('',*,*,#5376,.T.);
#5376 = EDGE_CURVE('',#5369,#5377,#5379,.T.);
#5377 = VERTEX_POINT('',#5378);
#5378 = CARTESIAN_POINT('',(1.153E+03,407.,822.));
#5379 = LINE('',#5380,#5381);
#5380 = CARTESIAN_POINT('',(1.153E+03,353.,822.));
#5381 = VECTOR('',#5382,1.);
#5382 = DIRECTION('',(0.,1.,0.));
#5383 = ORIENTED_EDGE('',*,*,#5384,.T.);
#5384 = EDGE_CURVE('',#5377,#5212,#5385,.T.);
#5385 = LINE('',#5386,#5387);
#5386 = CARTESIAN_POINT('',(1.153E+03,407.,822.));
#5387 = VECTOR('',#5388,1.);
#5388 = DIRECTION('',(1.,0.,0.));
#5389 = ORIENTED_EDGE('',*,*,#5211,.F.);
#5390 = PLANE('',#5391);
#5391 = AXIS2_PLACEMENT_3D('',#5392,#5393,#5394);
#5392 = CARTESIAN_POINT('',(1.145E+03,345.,822.));
#5393 = DIRECTION('',(0.,0.,1.));
#5394 = DIRECTION('',(1.,0.,0.));
#5395 = ADVANCED_FACE('',(#5396),#5414,.F.);
#5396 = FACE_BOUND('',#5397,.F.);
#5397 = EDGE_LOOP('',(#5398,#5406,#5407,#5408));
#5398 = ORIENTED_EDGE('',*,*,#5399,.F.);
#5399 = EDGE_CURVE('',#5361,#5400,#5402,.T.);
#5400 = VERTEX_POINT('',#5401);
#5401 = CARTESIAN_POINT('',(1.282E+03,353.,882.));
#5402 = LINE('',#5403,#5404);
#5403 = CARTESIAN_POINT('',(1.282E+03,353.,822.));
#5404 = VECTOR('',#5405,1.);
#5405 = DIRECTION('',(0.,0.,1.));
#5406 = ORIENTED_EDGE('',*,*,#5360,.T.);
#5407 = ORIENTED_EDGE('',*,*,#5005,.F.);
#5408 = ORIENTED_EDGE('',*,*,#5409,.F.);
#5409 = EDGE_CURVE('',#5400,#4998,#5410,.T.);
#5410 = LINE('',#5411,#5412);
#5411 = CARTESIAN_POINT('',(1.282E+03,241.5,882.));
#5412 = VECTOR('',#5413,1.);
#5413 = DIRECTION('',(0.,1.,0.));
#5414 = PLANE('',#5415);
#5415 = AXIS2_PLACEMENT_3D('',#5416,#5417,#5418);
#5416 = CARTESIAN_POINT('',(1.282E+03,353.,822.));
#5417 = DIRECTION('',(1.,0.,0.));
#5418 = DIRECTION('',(0.,0.,1.));
#5419 = ADVANCED_FACE('',(#5420),#5447,.F.);
#5420 = FACE_BOUND('',#5421,.F.);
#5421 = EDGE_LOOP('',(#5422,#5423,#5431,#5439,#5445,#5446));
#5422 = ORIENTED_EDGE('',*,*,#5227,.T.);
#5423 = ORIENTED_EDGE('',*,*,#5424,.T.);
#5424 = EDGE_CURVE('',#5220,#5425,#5427,.T.);
#5425 = VERTEX_POINT('',#5426);
#5426 = CARTESIAN_POINT('',(1.153E+03,407.,882.));
#5427 = LINE('',#5428,#5429);
#5428 = CARTESIAN_POINT('',(1.0265E+03,407.,882.));
#5429 = VECTOR('',#5430,1.);
#5430 = DIRECTION('',(-1.,0.,0.));
#5431 = ORIENTED_EDGE('',*,*,#5432,.F.);
#5432 = EDGE_CURVE('',#5433,#5425,#5435,.T.);
#5433 = VERTEX_POINT('',#5434);
#5434 = CARTESIAN_POINT('',(1.153E+03,353.,882.));
#5435 = LINE('',#5436,#5437);
#5436 = CARTESIAN_POINT('',(1.153E+03,241.5,882.));
#5437 = VECTOR('',#5438,1.);
#5438 = DIRECTION('',(0.,1.,0.));
#5439 = ORIENTED_EDGE('',*,*,#5440,.F.);
#5440 = EDGE_CURVE('',#5400,#5433,#5441,.T.);
#5441 = LINE('',#5442,#5443);
#5442 = CARTESIAN_POINT('',(1.0265E+03,353.,882.));
#5443 = VECTOR('',#5444,1.);
#5444 = DIRECTION('',(-1.,0.,0.));
#5445 = ORIENTED_EDGE('',*,*,#5409,.T.);
#5446 = ORIENTED_EDGE('',*,*,#4997,.T.);
#5447 = PLANE('',#5448);
#5448 = AXIS2_PLACEMENT_3D('',#5449,#5450,#5451);
#5449 = CARTESIAN_POINT('',(900.,130.,882.));
#5450 = DIRECTION('',(0.,0.,1.));
#5451 = DIRECTION('',(1.,0.,0.));
#5452 = ADVANCED_FACE('',(#5453),#5471,.T.);
#5453 = FACE_BOUND('',#5454,.T.);
#5454 = EDGE_LOOP('',(#5455,#5456,#5464,#5470));
#5455 = ORIENTED_EDGE('',*,*,#5102,.T.);
#5456 = ORIENTED_EDGE('',*,*,#5457,.T.);
#5457 = EDGE_CURVE('',#5095,#5458,#5460,.T.);
#5458 = VERTEX_POINT('',#5459);
#5459 = CARTESIAN_POINT('',(1.29E+03,415.,822.));
#5460 = LINE('',#5461,#5462);
#5461 = CARTESIAN_POINT('',(1.29E+03,345.,822.));
#5462 = VECTOR('',#5463,1.);
#5463 = DIRECTION('',(0.,1.,0.));
#5464 = ORIENTED_EDGE('',*,*,#5465,.T.);
#5465 = EDGE_CURVE('',#5458,#5134,#5466,.T.);
#5466 = LINE('',#5467,#5468);
#5467 = CARTESIAN_POINT('',(1.29E+03,415.,822.));
#5468 = VECTOR('',#5469,1.);
#5469 = DIRECTION('',(0.,0.,1.));
#5470 = ORIENTED_EDGE('',*,*,#5141,.F.);
#5471 = PLANE('',#5472);
#5472 = AXIS2_PLACEMENT_3D('',#5473,#5474,#5475);
#5473 = CARTESIAN_POINT('',(1.29E+03,345.,822.));
#5474 = DIRECTION('',(1.,0.,0.));
#5475 = DIRECTION('',(0.,0.,1.));
#5476 = ADVANCED_FACE('',(#5477),#5502,.F.);
#5477 = FACE_BOUND('',#5478,.F.);
#5478 = EDGE_LOOP('',(#5479,#5485,#5486,#5494,#5500,#5501));
#5479 = ORIENTED_EDGE('',*,*,#5480,.F.);
#5480 = EDGE_CURVE('',#5162,#5458,#5481,.T.);
#5481 = LINE('',#5482,#5483);
#5482 = CARTESIAN_POINT('',(1.145E+03,415.,822.));
#5483 = VECTOR('',#5484,1.);
#5484 = DIRECTION('',(1.,0.,0.));
#5485 = ORIENTED_EDGE('',*,*,#5169,.T.);
#5486 = ORIENTED_EDGE('',*,*,#5487,.T.);
#5487 = EDGE_CURVE('',#5170,#5488,#5490,.T.);
#5488 = VERTEX_POINT('',#5489);
#5489 = CARTESIAN_POINT('',(1.282E+03,407.,822.));
#5490 = LINE('',#5491,#5492);
#5491 = CARTESIAN_POINT('',(1.153E+03,407.,822.));
#5492 = VECTOR('',#5493,1.);
#5493 = DIRECTION('',(1.,0.,0.));
#5494 = ORIENTED_EDGE('',*,*,#5495,.F.);
#5495 = EDGE_CURVE('',#5087,#5488,#5496,.T.);
#5496 = LINE('',#5497,#5498);
#5497 = CARTESIAN_POINT('',(1.282E+03,353.,822.));
#5498 = VECTOR('',#5499,1.);
#5499 = DIRECTION('',(0.,1.,0.));
#5500 = ORIENTED_EDGE('',*,*,#5094,.T.);
#5501 = ORIENTED_EDGE('',*,*,#5457,.T.);
#5502 = PLANE('',#5503);
#5503 = AXIS2_PLACEMENT_3D('',#5504,#5505,#5506);
#5504 = CARTESIAN_POINT('',(1.145E+03,345.,822.));
#5505 = DIRECTION('',(0.,0.,1.));
#5506 = DIRECTION('',(1.,0.,0.));
#5507 = ADVANCED_FACE('',(#5508),#5526,.F.);
#5508 = FACE_BOUND('',#5509,.F.);
#5509 = EDGE_LOOP('',(#5510,#5511,#5512,#5520));
#5510 = ORIENTED_EDGE('',*,*,#5086,.T.);
#5511 = ORIENTED_EDGE('',*,*,#5495,.T.);
#5512 = ORIENTED_EDGE('',*,*,#5513,.T.);
#5513 = EDGE_CURVE('',#5488,#5514,#5516,.T.);
#5514 = VERTEX_POINT('',#5515);
#5515 = CARTESIAN_POINT('',(1.282E+03,407.,882.));
#5516 = LINE('',#5517,#5518);
#5517 = CARTESIAN_POINT('',(1.282E+03,407.,822.));
#5518 = VECTOR('',#5519,1.);
#5519 = DIRECTION('',(0.,0.,1.));
#5520 = ORIENTED_EDGE('',*,*,#5521,.F.);
#5521 = EDGE_CURVE('',#5079,#5514,#5522,.T.);
#5522 = LINE('',#5523,#5524);
#5523 = CARTESIAN_POINT('',(1.282E+03,241.5,882.));
#5524 = VECTOR('',#5525,1.);
#5525 = DIRECTION('',(0.,1.,0.));
#5526 = PLANE('',#5527);
#5527 = AXIS2_PLACEMENT_3D('',#5528,#5529,#5530);
#5528 = CARTESIAN_POINT('',(1.282E+03,353.,822.));
#5529 = DIRECTION('',(1.,0.,0.));
#5530 = DIRECTION('',(0.,0.,1.));
#5531 = ADVANCED_FACE('',(#5532),#5543,.F.);
#5532 = FACE_BOUND('',#5533,.F.);
#5533 = EDGE_LOOP('',(#5534,#5540,#5541,#5542));
#5534 = ORIENTED_EDGE('',*,*,#5535,.T.);
#5535 = EDGE_CURVE('',#5514,#5178,#5536,.T.);
#5536 = LINE('',#5537,#5538);
#5537 = CARTESIAN_POINT('',(1.0265E+03,407.,882.));
#5538 = VECTOR('',#5539,1.);
#5539 = DIRECTION('',(-1.,0.,0.));
#5540 = ORIENTED_EDGE('',*,*,#5185,.F.);
#5541 = ORIENTED_EDGE('',*,*,#5078,.F.);
#5542 = ORIENTED_EDGE('',*,*,#5521,.T.);
#5543 = PLANE('',#5544);
#5544 = AXIS2_PLACEMENT_3D('',#5545,#5546,#5547);
#5545 = CARTESIAN_POINT('',(900.,130.,882.));
#5546 = DIRECTION('',(0.,0.,1.));
#5547 = DIRECTION('',(1.,0.,0.));
#5548 = ADVANCED_FACE('',(#5549),#5555,.T.);
#5549 = FACE_BOUND('',#5550,.T.);
#5550 = EDGE_LOOP('',(#5551,#5552,#5553,#5554));
#5551 = ORIENTED_EDGE('',*,*,#5480,.F.);
#5552 = ORIENTED_EDGE('',*,*,#5161,.T.);
#5553 = ORIENTED_EDGE('',*,*,#5133,.F.);
#5554 = ORIENTED_EDGE('',*,*,#5465,.F.);
#5555 = PLANE('',#5556);
#5556 = AXIS2_PLACEMENT_3D('',#5557,#5558,#5559);
#5557 = CARTESIAN_POINT('',(1.145E+03,415.,822.));
#5558 = DIRECTION('',(0.,1.,0.));
#5559 = DIRECTION('',(0.,0.,1.));
#5560 = ADVANCED_FACE('',(#5561),#5567,.F.);
#5561 = FACE_BOUND('',#5562,.F.);
#5562 = EDGE_LOOP('',(#5563,#5564,#5565,#5566));
#5563 = ORIENTED_EDGE('',*,*,#5487,.F.);
#5564 = ORIENTED_EDGE('',*,*,#5177,.T.);
#5565 = ORIENTED_EDGE('',*,*,#5535,.F.);
#5566 = ORIENTED_EDGE('',*,*,#5513,.F.);
#5567 = PLANE('',#5568);
#5568 = AXIS2_PLACEMENT_3D('',#5569,#5570,#5571);
#5569 = CARTESIAN_POINT('',(1.153E+03,407.,822.));
#5570 = DIRECTION('',(0.,1.,0.));
#5571 = DIRECTION('',(0.,0.,1.));
#5572 = ADVANCED_FACE('',(#5573),#5584,.F.);
#5573 = FACE_BOUND('',#5574,.F.);
#5574 = EDGE_LOOP('',(#5575,#5576,#5582,#5583));
#5575 = ORIENTED_EDGE('',*,*,#5384,.F.);
#5576 = ORIENTED_EDGE('',*,*,#5577,.T.);
#5577 = EDGE_CURVE('',#5377,#5425,#5578,.T.);
#5578 = LINE('',#5579,#5580);
#5579 = CARTESIAN_POINT('',(1.153E+03,407.,822.));
#5580 = VECTOR('',#5581,1.);
#5581 = DIRECTION('',(0.,0.,1.));
#5582 = ORIENTED_EDGE('',*,*,#5424,.F.);
#5583 = ORIENTED_EDGE('',*,*,#5219,.F.);
#5584 = PLANE('',#5585);
#5585 = AXIS2_PLACEMENT_3D('',#5586,#5587,#5588);
#5586 = CARTESIAN_POINT('',(1.153E+03,407.,822.));
#5587 = DIRECTION('',(0.,1.,0.));
#5588 = DIRECTION('',(0.,0.,1.));
#5589 = ADVANCED_FACE('',(#5590,#5593),#5604,.F.);
#5590 = FACE_BOUND('',#5591,.F.);
#5591 = EDGE_LOOP('',(#5592));
#5592 = ORIENTED_EDGE('',*,*,#5339,.T.);
#5593 = FACE_BOUND('',#5594,.F.);
#5594 = EDGE_LOOP('',(#5595));
#5595 = ORIENTED_EDGE('',*,*,#5596,.F.);
#5596 = EDGE_CURVE('',#5597,#5597,#5599,.T.);
#5597 = VERTEX_POINT('',#5598);
#5598 = CARTESIAN_POINT('',(1.176E+03,230.,880.));
#5599 = CIRCLE('',#5600,18.);
#5600 = AXIS2_PLACEMENT_3D('',#5601,#5602,#5603);
#5601 = CARTESIAN_POINT('',(1.158E+03,230.,880.));
#5602 = DIRECTION('',(0.,0.,1.));
#5603 = DIRECTION('',(1.,0.,0.));
#5604 = PLANE('',#5605);
#5605 = AXIS2_PLACEMENT_3D('',#5606,#5607,#5608);
#5606 = CARTESIAN_POINT('',(1.158E+03,230.,880.));
#5607 = DIRECTION('',(0.,0.,1.));
#5608 = DIRECTION('',(1.,0.,0.));
#5609 = ADVANCED_FACE('',(#5610),#5621,.T.);
#5610 = FACE_BOUND('',#5611,.T.);
#5611 = EDGE_LOOP('',(#5612,#5618,#5619,#5620));
#5612 = ORIENTED_EDGE('',*,*,#5613,.F.);
#5613 = EDGE_CURVE('',#5369,#5433,#5614,.T.);
#5614 = LINE('',#5615,#5616);
#5615 = CARTESIAN_POINT('',(1.153E+03,353.,822.));
#5616 = VECTOR('',#5617,1.);
#5617 = DIRECTION('',(0.,0.,1.));
#5618 = ORIENTED_EDGE('',*,*,#5376,.T.);
#5619 = ORIENTED_EDGE('',*,*,#5577,.T.);
#5620 = ORIENTED_EDGE('',*,*,#5432,.F.);
#5621 = PLANE('',#5622);
#5622 = AXIS2_PLACEMENT_3D('',#5623,#5624,#5625);
#5623 = CARTESIAN_POINT('',(1.153E+03,353.,822.));
#5624 = DIRECTION('',(1.,0.,0.));
#5625 = DIRECTION('',(0.,0.,1.));
#5626 = ADVANCED_FACE('',(#5627),#5633,.T.);
#5627 = FACE_BOUND('',#5628,.T.);
#5628 = EDGE_LOOP('',(#5629,#5630,#5631,#5632));
#5629 = ORIENTED_EDGE('',*,*,#5368,.F.);
#5630 = ORIENTED_EDGE('',*,*,#5613,.T.);
#5631 = ORIENTED_EDGE('',*,*,#5440,.F.);
#5632 = ORIENTED_EDGE('',*,*,#5399,.F.);
#5633 = PLANE('',#5634);
#5634 = AXIS2_PLACEMENT_3D('',#5635,#5636,#5637);
#5635 = CARTESIAN_POINT('',(1.153E+03,353.,822.));
#5636 = DIRECTION('',(0.,1.,0.));
#5637 = DIRECTION('',(0.,0.,1.));
#5638 = ADVANCED_FACE('',(#5639),#5658,.F.);
#5639 = FACE_BOUND('',#5640,.F.);
#5640 = EDGE_LOOP('',(#5641,#5650,#5656,#5657));
#5641 = ORIENTED_EDGE('',*,*,#5642,.F.);
#5642 = EDGE_CURVE('',#5643,#5643,#5645,.T.);
#5643 = VERTEX_POINT('',#5644);
#5644 = CARTESIAN_POINT('',(1.176E+03,230.,882.));
#5645 = CIRCLE('',#5646,18.);
#5646 = AXIS2_PLACEMENT_3D('',#5647,#5648,#5649);
#5647 = CARTESIAN_POINT('',(1.158E+03,230.,882.));
#5648 = DIRECTION('',(0.,0.,1.));
#5649 = DIRECTION('',(1.,0.,0.));
#5650 = ORIENTED_EDGE('',*,*,#5651,.F.);
#5651 = EDGE_CURVE('',#5597,#5643,#5652,.T.);
#5652 = LINE('',#5653,#5654);
#5653 = CARTESIAN_POINT('',(1.176E+03,230.,879.));
#5654 = VECTOR('',#5655,1.);
#5655 = DIRECTION('',(0.,0.,1.));
#5656 = ORIENTED_EDGE('',*,*,#5596,.T.);
#5657 = ORIENTED_EDGE('',*,*,#5651,.T.);
#5658 = CYLINDRICAL_SURFACE('',#5659,18.);
#5659 = AXIS2_PLACEMENT_3D('',#5660,#5661,#5662);
#5660 = CARTESIAN_POINT('',(1.158E+03,230.,879.));
#5661 = DIRECTION('',(0.,0.,1.));
#5662 = DIRECTION('',(1.,0.,0.));
#5663 = ADVANCED_FACE('',(#5664),#5667,.F.);
#5664 = FACE_BOUND('',#5665,.F.);
#5665 = EDGE_LOOP('',(#5666));
#5666 = ORIENTED_EDGE('',*,*,#5642,.T.);
#5667 = PLANE('',#5668);
#5668 = AXIS2_PLACEMENT_3D('',#5669,#5670,#5671);
#5669 = CARTESIAN_POINT('',(900.,130.,882.));
#5670 = DIRECTION('',(0.,0.,1.));
#5671 = DIRECTION('',(1.,0.,0.));
#5672 = MANIFOLD_SOLID_BREP('',#5673);
#5673 = CLOSED_SHELL('',(#5674,#5714,#5745,#5803,#5827,#5878,#5890,#5912
    ,#5929,#5946));
#5674 = ADVANCED_FACE('',(#5675),#5709,.F.);
#5675 = FACE_BOUND('',#5676,.F.);
#5676 = EDGE_LOOP('',(#5677,#5687,#5695,#5703));
#5677 = ORIENTED_EDGE('',*,*,#5678,.F.);
#5678 = EDGE_CURVE('',#5679,#5681,#5683,.T.);
#5679 = VERTEX_POINT('',#5680);
#5680 = CARTESIAN_POINT('',(860.,90.,892.));
#5681 = VERTEX_POINT('',#5682);
#5682 = CARTESIAN_POINT('',(860.,90.,900.));
#5683 = LINE('',#5684,#5685);
#5684 = CARTESIAN_POINT('',(860.,90.,892.));
#5685 = VECTOR('',#5686,1.);
#5686 = DIRECTION('',(0.,0.,1.));
#5687 = ORIENTED_EDGE('',*,*,#5688,.T.);
#5688 = EDGE_CURVE('',#5679,#5689,#5691,.T.);
#5689 = VERTEX_POINT('',#5690);
#5690 = CARTESIAN_POINT('',(860.,510.,892.));
#5691 = LINE('',#5692,#5693);
#5692 = CARTESIAN_POINT('',(860.,90.,892.));
#5693 = VECTOR('',#5694,1.);
#5694 = DIRECTION('',(0.,1.,0.));
#5695 = ORIENTED_EDGE('',*,*,#5696,.T.);
#5696 = EDGE_CURVE('',#5689,#5697,#5699,.T.);
#5697 = VERTEX_POINT('',#5698);
#5698 = CARTESIAN_POINT('',(860.,510.,900.));
#5699 = LINE('',#5700,#5701);
#5700 = CARTESIAN_POINT('',(860.,510.,892.));
#5701 = VECTOR('',#5702,1.);
#5702 = DIRECTION('',(0.,0.,1.));
#5703 = ORIENTED_EDGE('',*,*,#5704,.F.);
#5704 = EDGE_CURVE('',#5681,#5697,#5705,.T.);
#5705 = LINE('',#5706,#5707);
#5706 = CARTESIAN_POINT('',(860.,90.,900.));
#5707 = VECTOR('',#5708,1.);
#5708 = DIRECTION('',(0.,1.,0.));
#5709 = PLANE('',#5710);
#5710 = AXIS2_PLACEMENT_3D('',#5711,#5712,#5713);
#5711 = CARTESIAN_POINT('',(860.,90.,892.));
#5712 = DIRECTION('',(1.,0.,0.));
#5713 = DIRECTION('',(0.,0.,1.));
#5714 = ADVANCED_FACE('',(#5715),#5740,.F.);
#5715 = FACE_BOUND('',#5716,.F.);
#5716 = EDGE_LOOP('',(#5717,#5725,#5726,#5734));
#5717 = ORIENTED_EDGE('',*,*,#5718,.F.);
#5718 = EDGE_CURVE('',#5679,#5719,#5721,.T.);
#5719 = VERTEX_POINT('',#5720);
#5720 = CARTESIAN_POINT('',(1.42E+03,90.,892.));
#5721 = LINE('',#5722,#5723);
#5722 = CARTESIAN_POINT('',(860.,90.,892.));
#5723 = VECTOR('',#5724,1.);
#5724 = DIRECTION('',(1.,0.,0.));
#5725 = ORIENTED_EDGE('',*,*,#5678,.T.);
#5726 = ORIENTED_EDGE('',*,*,#5727,.T.);
#5727 = EDGE_CURVE('',#5681,#5728,#5730,.T.);
#5728 = VERTEX_POINT('',#5729);
#5729 = CARTESIAN_POINT('',(1.42E+03,90.,900.));
#5730 = LINE('',#5731,#5732);
#5731 = CARTESIAN_POINT('',(860.,90.,900.));
#5732 = VECTOR('',#5733,1.);
#5733 = DIRECTION('',(1.,0.,0.));
#5734 = ORIENTED_EDGE('',*,*,#5735,.F.);
#5735 = EDGE_CURVE('',#5719,#5728,#5736,.T.);
#5736 = LINE('',#5737,#5738);
#5737 = CARTESIAN_POINT('',(1.42E+03,90.,892.));
#5738 = VECTOR('',#5739,1.);
#5739 = DIRECTION('',(0.,0.,1.));
#5740 = PLANE('',#5741);
#5741 = AXIS2_PLACEMENT_3D('',#5742,#5743,#5744);
#5742 = CARTESIAN_POINT('',(860.,90.,892.));
#5743 = DIRECTION('',(0.,1.,0.));
#5744 = DIRECTION('',(0.,0.,1.));
#5745 = ADVANCED_FACE('',(#5746,#5764),#5798,.T.);
#5746 = FACE_BOUND('',#5747,.T.);
#5747 = EDGE_LOOP('',(#5748,#5749,#5750,#5758));
#5748 = ORIENTED_EDGE('',*,*,#5704,.F.);
#5749 = ORIENTED_EDGE('',*,*,#5727,.T.);
#5750 = ORIENTED_EDGE('',*,*,#5751,.T.);
#5751 = EDGE_CURVE('',#5728,#5752,#5754,.T.);
#5752 = VERTEX_POINT('',#5753);
#5753 = CARTESIAN_POINT('',(1.42E+03,510.,900.));
#5754 = LINE('',#5755,#5756);
#5755 = CARTESIAN_POINT('',(1.42E+03,90.,900.));
#5756 = VECTOR('',#5757,1.);
#5757 = DIRECTION('',(0.,1.,0.));
#5758 = ORIENTED_EDGE('',*,*,#5759,.F.);
#5759 = EDGE_CURVE('',#5697,#5752,#5760,.T.);
#5760 = LINE('',#5761,#5762);
#5761 = CARTESIAN_POINT('',(860.,510.,900.));
#5762 = VECTOR('',#5763,1.);
#5763 = DIRECTION('',(1.,0.,0.));
#5764 = FACE_BOUND('',#5765,.T.);
#5765 = EDGE_LOOP('',(#5766,#5776,#5784,#5792));
#5766 = ORIENTED_EDGE('',*,*,#5767,.T.);
#5767 = EDGE_CURVE('',#5768,#5770,#5772,.T.);
#5768 = VERTEX_POINT('',#5769);
#5769 = CARTESIAN_POINT('',(1.408E+03,102.,900.));
#5770 = VERTEX_POINT('',#5771);
#5771 = CARTESIAN_POINT('',(872.,102.,900.));
#5772 = LINE('',#5773,#5774);
#5773 = CARTESIAN_POINT('',(866.,102.,900.));
#5774 = VECTOR('',#5775,1.);
#5775 = DIRECTION('',(-1.,0.,0.));
#5776 = ORIENTED_EDGE('',*,*,#5777,.T.);
#5777 = EDGE_CURVE('',#5770,#5778,#5780,.T.);
#5778 = VERTEX_POINT('',#5779);
#5779 = CARTESIAN_POINT('',(872.,498.,900.));
#5780 = LINE('',#5781,#5782);
#5781 = CARTESIAN_POINT('',(872.,96.,900.));
#5782 = VECTOR('',#5783,1.);
#5783 = DIRECTION('',(0.,1.,0.));
#5784 = ORIENTED_EDGE('',*,*,#5785,.F.);
#5785 = EDGE_CURVE('',#5786,#5778,#5788,.T.);
#5786 = VERTEX_POINT('',#5787);
#5787 = CARTESIAN_POINT('',(1.408E+03,498.,900.));
#5788 = LINE('',#5789,#5790);
#5789 = CARTESIAN_POINT('',(866.,498.,900.));
#5790 = VECTOR('',#5791,1.);
#5791 = DIRECTION('',(-1.,0.,0.));
#5792 = ORIENTED_EDGE('',*,*,#5793,.F.);
#5793 = EDGE_CURVE('',#5768,#5786,#5794,.T.);
#5794 = LINE('',#5795,#5796);
#5795 = CARTESIAN_POINT('',(1.408E+03,96.,900.));
#5796 = VECTOR('',#5797,1.);
#5797 = DIRECTION('',(0.,1.,0.));
#5798 = PLANE('',#5799);
#5799 = AXIS2_PLACEMENT_3D('',#5800,#5801,#5802);
#5800 = CARTESIAN_POINT('',(860.,90.,900.));
#5801 = DIRECTION('',(0.,0.,1.));
#5802 = DIRECTION('',(1.,0.,0.));
#5803 = ADVANCED_FACE('',(#5804),#5822,.T.);
#5804 = FACE_BOUND('',#5805,.T.);
#5805 = EDGE_LOOP('',(#5806,#5814,#5815,#5816));
#5806 = ORIENTED_EDGE('',*,*,#5807,.F.);
#5807 = EDGE_CURVE('',#5689,#5808,#5810,.T.);
#5808 = VERTEX_POINT('',#5809);
#5809 = CARTESIAN_POINT('',(1.42E+03,510.,892.));
#5810 = LINE('',#5811,#5812);
#5811 = CARTESIAN_POINT('',(860.,510.,892.));
#5812 = VECTOR('',#5813,1.);
#5813 = DIRECTION('',(1.,0.,0.));
#5814 = ORIENTED_EDGE('',*,*,#5696,.T.);
#5815 = ORIENTED_EDGE('',*,*,#5759,.T.);
#5816 = ORIENTED_EDGE('',*,*,#5817,.F.);
#5817 = EDGE_CURVE('',#5808,#5752,#5818,.T.);
#5818 = LINE('',#5819,#5820);
#5819 = CARTESIAN_POINT('',(1.42E+03,510.,892.));
#5820 = VECTOR('',#5821,1.);
#5821 = DIRECTION('',(0.,0.,1.));
#5822 = PLANE('',#5823);
#5823 = AXIS2_PLACEMENT_3D('',#5824,#5825,#5826);
#5824 = CARTESIAN_POINT('',(860.,510.,892.));
#5825 = DIRECTION('',(0.,1.,0.));
#5826 = DIRECTION('',(0.,0.,1.));
#5827 = ADVANCED_FACE('',(#5828,#5839),#5873,.F.);
#5828 = FACE_BOUND('',#5829,.F.);
#5829 = EDGE_LOOP('',(#5830,#5831,#5832,#5838));
#5830 = ORIENTED_EDGE('',*,*,#5688,.F.);
#5831 = ORIENTED_EDGE('',*,*,#5718,.T.);
#5832 = ORIENTED_EDGE('',*,*,#5833,.T.);
#5833 = EDGE_CURVE('',#5719,#5808,#5834,.T.);
#5834 = LINE('',#5835,#5836);
#5835 = CARTESIAN_POINT('',(1.42E+03,90.,892.));
#5836 = VECTOR('',#5837,1.);
#5837 = DIRECTION('',(0.,1.,0.));
#5838 = ORIENTED_EDGE('',*,*,#5807,.F.);
#5839 = FACE_BOUND('',#5840,.F.);
#5840 = EDGE_LOOP('',(#5841,#5851,#5859,#5867));
#5841 = ORIENTED_EDGE('',*,*,#5842,.T.);
#5842 = EDGE_CURVE('',#5843,#5845,#5847,.T.);
#5843 = VERTEX_POINT('',#5844);
#5844 = CARTESIAN_POINT('',(1.408E+03,102.,892.));
#5845 = VERTEX_POINT('',#5846);
#5846 = CARTESIAN_POINT('',(872.,102.,892.));
#5847 = LINE('',#5848,#5849);
#5848 = CARTESIAN_POINT('',(866.,102.,892.));
#5849 = VECTOR('',#5850,1.);
#5850 = DIRECTION('',(-1.,0.,0.));
#5851 = ORIENTED_EDGE('',*,*,#5852,.T.);
#5852 = EDGE_CURVE('',#5845,#5853,#5855,.T.);
#5853 = VERTEX_POINT('',#5854);
#5854 = CARTESIAN_POINT('',(872.,498.,892.));
#5855 = LINE('',#5856,#5857);
#5856 = CARTESIAN_POINT('',(872.,96.,892.));
#5857 = VECTOR('',#5858,1.);
#5858 = DIRECTION('',(0.,1.,0.));
#5859 = ORIENTED_EDGE('',*,*,#5860,.F.);
#5860 = EDGE_CURVE('',#5861,#5853,#5863,.T.);
#5861 = VERTEX_POINT('',#5862);
#5862 = CARTESIAN_POINT('',(1.408E+03,498.,892.));
#5863 = LINE('',#5864,#5865);
#5864 = CARTESIAN_POINT('',(866.,498.,892.));
#5865 = VECTOR('',#5866,1.);
#5866 = DIRECTION('',(-1.,0.,0.));
#5867 = ORIENTED_EDGE('',*,*,#5868,.F.);
#5868 = EDGE_CURVE('',#5843,#5861,#5869,.T.);
#5869 = LINE('',#5870,#5871);
#5870 = CARTESIAN_POINT('',(1.408E+03,96.,892.));
#5871 = VECTOR('',#5872,1.);
#5872 = DIRECTION('',(0.,1.,0.));
#5873 = PLANE('',#5874);
#5874 = AXIS2_PLACEMENT_3D('',#5875,#5876,#5877);
#5875 = CARTESIAN_POINT('',(860.,90.,892.));
#5876 = DIRECTION('',(0.,0.,1.));
#5877 = DIRECTION('',(1.,0.,0.));
#5878 = ADVANCED_FACE('',(#5879),#5885,.T.);
#5879 = FACE_BOUND('',#5880,.T.);
#5880 = EDGE_LOOP('',(#5881,#5882,#5883,#5884));
#5881 = ORIENTED_EDGE('',*,*,#5735,.F.);
#5882 = ORIENTED_EDGE('',*,*,#5833,.T.);
#5883 = ORIENTED_EDGE('',*,*,#5817,.T.);
#5884 = ORIENTED_EDGE('',*,*,#5751,.F.);
#5885 = PLANE('',#5886);
#5886 = AXIS2_PLACEMENT_3D('',#5887,#5888,#5889);
#5887 = CARTESIAN_POINT('',(1.42E+03,90.,892.));
#5888 = DIRECTION('',(1.,0.,0.));
#5889 = DIRECTION('',(0.,0.,1.));
#5890 = ADVANCED_FACE('',(#5891),#5907,.T.);
#5891 = FACE_BOUND('',#5892,.T.);
#5892 = EDGE_LOOP('',(#5893,#5899,#5900,#5906));
#5893 = ORIENTED_EDGE('',*,*,#5894,.F.);
#5894 = EDGE_CURVE('',#5843,#5768,#5895,.T.);
#5895 = LINE('',#5896,#5897);
#5896 = CARTESIAN_POINT('',(1.408E+03,102.,891.));
#5897 = VECTOR('',#5898,1.);
#5898 = DIRECTION('',(0.,0.,1.));
#5899 = ORIENTED_EDGE('',*,*,#5842,.T.);
#5900 = ORIENTED_EDGE('',*,*,#5901,.T.);
#5901 = EDGE_CURVE('',#5845,#5770,#5902,.T.);
#5902 = LINE('',#5903,#5904);
#5903 = CARTESIAN_POINT('',(872.,102.,891.));
#5904 = VECTOR('',#5905,1.);
#5905 = DIRECTION('',(0.,0.,1.));
#5906 = ORIENTED_EDGE('',*,*,#5767,.F.);
#5907 = PLANE('',#5908);
#5908 = AXIS2_PLACEMENT_3D('',#5909,#5910,#5911);
#5909 = CARTESIAN_POINT('',(872.,102.,891.));
#5910 = DIRECTION('',(0.,1.,0.));
#5911 = DIRECTION('',(0.,0.,1.));
#5912 = ADVANCED_FACE('',(#5913),#5924,.F.);
#5913 = FACE_BOUND('',#5914,.F.);
#5914 = EDGE_LOOP('',(#5915,#5916,#5917,#5923));
#5915 = ORIENTED_EDGE('',*,*,#5894,.F.);
#5916 = ORIENTED_EDGE('',*,*,#5868,.T.);
#5917 = ORIENTED_EDGE('',*,*,#5918,.T.);
#5918 = EDGE_CURVE('',#5861,#5786,#5919,.T.);
#5919 = LINE('',#5920,#5921);
#5920 = CARTESIAN_POINT('',(1.408E+03,498.,891.));
#5921 = VECTOR('',#5922,1.);
#5922 = DIRECTION('',(0.,0.,1.));
#5923 = ORIENTED_EDGE('',*,*,#5793,.F.);
#5924 = PLANE('',#5925);
#5925 = AXIS2_PLACEMENT_3D('',#5926,#5927,#5928);
#5926 = CARTESIAN_POINT('',(1.408E+03,102.,891.));
#5927 = DIRECTION('',(1.,0.,0.));
#5928 = DIRECTION('',(0.,0.,1.));
#5929 = ADVANCED_FACE('',(#5930),#5941,.F.);
#5930 = FACE_BOUND('',#5931,.F.);
#5931 = EDGE_LOOP('',(#5932,#5933,#5934,#5940));
#5932 = ORIENTED_EDGE('',*,*,#5918,.F.);
#5933 = ORIENTED_EDGE('',*,*,#5860,.T.);
#5934 = ORIENTED_EDGE('',*,*,#5935,.T.);
#5935 = EDGE_CURVE('',#5853,#5778,#5936,.T.);
#5936 = LINE('',#5937,#5938);
#5937 = CARTESIAN_POINT('',(872.,498.,891.));
#5938 = VECTOR('',#5939,1.);
#5939 = DIRECTION('',(0.,0.,1.));
#5940 = ORIENTED_EDGE('',*,*,#5785,.F.);
#5941 = PLANE('',#5942);
#5942 = AXIS2_PLACEMENT_3D('',#5943,#5944,#5945);
#5943 = CARTESIAN_POINT('',(872.,498.,891.));
#5944 = DIRECTION('',(0.,1.,0.));
#5945 = DIRECTION('',(0.,0.,1.));
#5946 = ADVANCED_FACE('',(#5947),#5953,.T.);
#5947 = FACE_BOUND('',#5948,.T.);
#5948 = EDGE_LOOP('',(#5949,#5950,#5951,#5952));
#5949 = ORIENTED_EDGE('',*,*,#5901,.F.);
#5950 = ORIENTED_EDGE('',*,*,#5852,.T.);
#5951 = ORIENTED_EDGE('',*,*,#5935,.T.);
#5952 = ORIENTED_EDGE('',*,*,#5777,.F.);
#5953 = PLANE('',#5954);
#5954 = AXIS2_PLACEMENT_3D('',#5955,#5956,#5957);
#5955 = CARTESIAN_POINT('',(872.,102.,891.));
#5956 = DIRECTION('',(1.,0.,0.));
#5957 = DIRECTION('',(0.,0.,1.));
#5958 = MANIFOLD_SOLID_BREP('',#5959);
#5959 = CLOSED_SHELL('',(#5960,#6122,#6131,#6140,#6289,#6593,#6602,#6611
    ,#6627,#6643,#6658));
#5960 = ADVANCED_FACE('',(#5961,#5988),#6117,.T.);
#5961 = FACE_BOUND('',#5962,.T.);
#5962 = EDGE_LOOP('',(#5963,#5973,#5980,#5981));
#5963 = ORIENTED_EDGE('',*,*,#5964,.T.);
#5964 = EDGE_CURVE('',#5965,#5967,#5969,.T.);
#5965 = VERTEX_POINT('',#5966);
#5966 = CARTESIAN_POINT('',(1.156E+03,523.,900.));
#5967 = VERTEX_POINT('',#5968);
#5968 = CARTESIAN_POINT('',(1.156E+03,523.,1.11E+03));
#5969 = LINE('',#5970,#5971);
#5970 = CARTESIAN_POINT('',(1.156E+03,523.,900.));
#5971 = VECTOR('',#5972,1.);
#5972 = DIRECTION('',(0.,0.,1.));
#5973 = ORIENTED_EDGE('',*,*,#5974,.F.);
#5974 = EDGE_CURVE('',#5967,#5967,#5975,.T.);
#5975 = CIRCLE('',#5976,16.);
#5976 = AXIS2_PLACEMENT_3D('',#5977,#5978,#5979);
#5977 = CARTESIAN_POINT('',(1.14E+03,523.,1.11E+03));
#5978 = DIRECTION('',(0.,0.,1.));
#5979 = DIRECTION('',(1.,0.,0.));
#5980 = ORIENTED_EDGE('',*,*,#5964,.F.);
#5981 = ORIENTED_EDGE('',*,*,#5982,.T.);
#5982 = EDGE_CURVE('',#5965,#5965,#5983,.T.);
#5983 = CIRCLE('',#5984,16.);
#5984 = AXIS2_PLACEMENT_3D('',#5985,#5986,#5987);
#5985 = CARTESIAN_POINT('',(1.14E+03,523.,900.));
#5986 = DIRECTION('',(0.,0.,1.));
#5987 = DIRECTION('',(1.,0.,0.));
#5988 = FACE_BOUND('',#5989,.T.);
#5989 = EDGE_LOOP('',(#5990));
#5990 = ORIENTED_EDGE('',*,*,#5991,.F.);
#5991 = EDGE_CURVE('',#5992,#5992,#5994,.T.);
#5992 = VERTEX_POINT('',#5993);
#5993 = CARTESIAN_POINT('',(1.14E+03,507.,1.067E+03));
#5994 = B_SPLINE_CURVE_WITH_KNOTS('',7,(#5995,#5996,#5997,#5998,#5999,
    #6000,#6001,#6002,#6003,#6004,#6005,#6006,#6007,#6008,#6009,#6010,
    #6011,#6012,#6013,#6014,#6015,#6016,#6017,#6018,#6019,#6020,#6021,
    #6022,#6023,#6024,#6025,#6026,#6027,#6028,#6029,#6030,#6031,#6032,
    #6033,#6034,#6035,#6036,#6037,#6038,#6039,#6040,#6041,#6042,#6043,
    #6044,#6045,#6046,#6047,#6048,#6049,#6050,#6051,#6052,#6053,#6054,
    #6055,#6056,#6057,#6058,#6059,#6060,#6061,#6062,#6063,#6064,#6065,
    #6066,#6067,#6068,#6069,#6070,#6071,#6072,#6073,#6074,#6075,#6076,
    #6077,#6078,#6079,#6080,#6081,#6082,#6083,#6084,#6085,#6086,#6087,
    #6088,#6089,#6090,#6091,#6092,#6093,#6094,#6095,#6096,#6097,#6098,
    #6099,#6100,#6101,#6102,#6103,#6104,#6105,#6106,#6107,#6108,#6109,
    #6110,#6111,#6112,#6113,#6114,#6115,#6116),.UNSPECIFIED.,.T.,.F.,(8,
    6,6,6,6,6,6,6,6,6,6,6,6,6,6,6,6,6,6,6,8),(0.,5.602890614208E-02,
    8.395491940731E-02,0.121692363702,0.168716661862,0.206814545601,
    0.250246829866,0.331964677369,0.379773799763,0.41593715355,
    0.465899858458,0.525143535879,0.55687365463,0.604942110819,
    0.669286603773,0.75053950457,0.793146119307,0.831874596691,
    0.915443916678,0.965191813008,1.),.UNSPECIFIED.);
#5995 = CARTESIAN_POINT('',(1.14E+03,507.,1.067E+03));
#5996 = CARTESIAN_POINT('',(1.140502275208E+03,507.,1.067E+03));
#5997 = CARTESIAN_POINT('',(1.141001015071E+03,507.01839562744,
    1.067036791266E+03));
#5998 = CARTESIAN_POINT('',(1.141491112412E+03,507.05471975988,
    1.06710943958E+03));
#5999 = CARTESIAN_POINT('',(1.141967583922E+03,507.10752441016,
    1.067215848053E+03));
#6000 = CARTESIAN_POINT('',(1.142425711587E+03,507.17443899528,
    1.067352762607E+03));
#6001 = CARTESIAN_POINT('',(1.142861174516E+03,507.25235728415,
    1.067515715309E+03));
#6002 = CARTESIAN_POINT('',(1.143474023951E+03,507.38031609963,
    1.067790211493E+03));
#6003 = CARTESIAN_POINT('',(1.143672146576E+03,507.42491317016,
    1.067886923313E+03));
#6004 = CARTESIAN_POINT('',(1.143864537783E+03,507.4712539584,
    1.067988652909E+03));
#6005 = CARTESIAN_POINT('',(1.144051209313E+03,507.51906009864,
    1.068095036187E+03));
#6006 = CARTESIAN_POINT('',(1.144232185714E+03,507.56806622449,
    1.068205732604E+03));
#6007 = CARTESIAN_POINT('',(1.144407504101E+03,507.61802105646,
    1.068320424719E+03));
#6008 = CARTESIAN_POINT('',(1.144806549041E+03,507.73715724764,
    1.068598806569E+03));
#6009 = CARTESIAN_POINT('',(1.145025708681E+03,507.8069472581,
    1.068765600179E+03));
#6010 = CARTESIAN_POINT('',(1.145234909069E+03,507.87750803246,
    1.068938552628E+03));
#6011 = CARTESIAN_POINT('',(1.145434379434E+03,507.94834286189,
    1.069117113169E+03));
#6012 = CARTESIAN_POINT('',(1.145624352233E+03,508.01900237148,
    1.069300817772E+03));
#6013 = CARTESIAN_POINT('',(1.145805053364E+03,508.08907807434,
    1.069489280647E+03));
#6014 = CARTESIAN_POINT('',(1.146190570254E+03,508.24432307361,
    1.069922563151E+03));
#6015 = CARTESIAN_POINT('',(1.14639041947E+03,508.32897970717,
    1.070169885793E+03));
#6016 = CARTESIAN_POINT('',(1.146576545505E+03,508.41140444074,
    1.07042344639E+03));
#6017 = CARTESIAN_POINT('',(1.146749226437E+03,508.4909080833,
    1.070682657784E+03));
#6018 = CARTESIAN_POINT('',(1.146908702563E+03,508.56686394676,
    1.070947034905E+03));
#6019 = CARTESIAN_POINT('',(1.147055166013E+03,508.63869815428,
    1.071216176717E+03));
#6020 = CARTESIAN_POINT('',(1.147296977009E+03,508.76030892035,
    1.071711388731E+03));
#6021 = CARTESIAN_POINT('',(1.147396741218E+03,508.8116797958,
    1.071935918557E+03));
#6022 = CARTESIAN_POINT('',(1.147488069768E+03,508.85968802013,
    1.072163063808E+03));
#6023 = CARTESIAN_POINT('',(1.147570984453E+03,508.90405551961,
    1.072392566573E+03));
#6024 = CARTESIAN_POINT('',(1.147645500502E+03,508.94453240918,
    1.072624184709E+03));
#6025 = CARTESIAN_POINT('',(1.147711624979E+03,508.98089869975,
    1.072857691699E+03));
#6026 = CARTESIAN_POINT('',(1.147835168682E+03,509.04952332076,
    1.073360991521E+03));
#6027 = CARTESIAN_POINT('',(1.147890069461E+03,509.08049202191,
    1.073631274603E+03));
#6028 = CARTESIAN_POINT('',(1.14793402237E+03,509.10557444584,
    1.073903281719E+03));
#6029 = CARTESIAN_POINT('',(1.147967003916E+03,509.12454298511,
    1.074176578397E+03));
#6030 = CARTESIAN_POINT('',(1.147988999389E+03,509.13724263484,
    1.074450739519E+03));
#6031 = CARTESIAN_POINT('',(1.148E+03,509.14359353944,1.074725349087E+03
    ));
#6032 = CARTESIAN_POINT('',(1.148E+03,509.14359353944,1.075516755722E+03
    ));
#6033 = CARTESIAN_POINT('',(1.147961057789E+03,509.12111031944,
    1.076032760935E+03));
#6034 = CARTESIAN_POINT('',(1.147883373688E+03,509.07625914539,
    1.07654568072E+03));
#6035 = CARTESIAN_POINT('',(1.147767019806E+03,509.01000170239,
    1.077053126095E+03));
#6036 = CARTESIAN_POINT('',(1.147611980852E+03,508.9241415015,
    1.077552549183E+03));
#6037 = CARTESIAN_POINT('',(1.147418262112E+03,508.82125087368,
    1.07804114313E+03));
#6038 = CARTESIAN_POINT('',(1.147050217195E+03,508.6362416038,
    1.07879341419E+03));
#6039 = CARTESIAN_POINT('',(1.146901094908E+03,508.56316713102,
    1.079066506442E+03));
#6040 = CARTESIAN_POINT('',(1.146738556918E+03,508.48586182862,
    1.079334674619E+03));
#6041 = CARTESIAN_POINT('',(1.146562399658E+03,508.40492693538,
    1.079597499303E+03));
#6042 = CARTESIAN_POINT('',(1.146372368196E+03,508.3210199054,
    1.079854470915E+03));
#6043 = CARTESIAN_POINT('',(1.146168167595E+03,508.23486508098,
    1.080104970069E+03));
#6044 = CARTESIAN_POINT('',(1.145784052211E+03,508.0810022066,
    1.080532266004E+03));
#6045 = CARTESIAN_POINT('',(1.145610310764E+03,508.01390203928,
    1.080712182597E+03));
#6046 = CARTESIAN_POINT('',(1.145428064918E+03,507.94629422254,
    1.080887715569E+03));
#6047 = CARTESIAN_POINT('',(1.145237116522E+03,507.87853844213,
    1.081058523671E+03));
#6048 = CARTESIAN_POINT('',(1.14503726218E+03,507.81102885279,
    1.08122419977E+03));
#6049 = CARTESIAN_POINT('',(1.144828301133E+03,507.74419922054,
    1.081384264083E+03));
#6050 = CARTESIAN_POINT('',(1.144308501423E+03,507.58779785796,
    1.081750773932E+03));
#6051 = CARTESIAN_POINT('',(1.143988516848E+03,507.49906897438,
    1.081952102734E+03));
#6052 = CARTESIAN_POINT('',(1.143650112673E+03,507.41382324778,
    1.082140097634E+03));
#6053 = CARTESIAN_POINT('',(1.143293455362E+03,507.33366209304,
    1.082312631041E+03));
#6054 = CARTESIAN_POINT('',(1.142918878216E+03,507.26027915086,
    1.082467471442E+03));
#6055 = CARTESIAN_POINT('',(1.142526907801E+03,507.19542212926,
    1.082602255707E+03));
#6056 = CARTESIAN_POINT('',(1.141633775098E+03,507.07612720053,
    1.082847498775E+03));
#6057 = CARTESIAN_POINT('',(1.141124682004E+03,507.02570572293,
    1.082949110679E+03));
#6058 = CARTESIAN_POINT('',(1.140598951102E+03,506.99354953149,
    1.083012900974E+03));
#6059 = CARTESIAN_POINT('',(1.140065053361E+03,506.98220385891,
    1.083035315852E+03));
#6060 = CARTESIAN_POINT('',(1.139531705149E+03,506.99234370267,
    1.083015433277E+03));
#6061 = CARTESIAN_POINT('',(1.139007569854E+03,507.02270299648,
    1.08295494101E+03));
#6062 = CARTESIAN_POINT('',(1.13822961041E+03,507.09591255081,
    1.082806537309E+03));
#6063 = CARTESIAN_POINT('',(1.137963503103E+03,507.12639438409,
    1.082744446103E+03));
#6064 = CARTESIAN_POINT('',(1.137703191612E+03,507.16142987667,
    1.082672605652E+03));
#6065 = CARTESIAN_POINT('',(1.137449201337E+03,507.20057730117,
    1.082591643855E+03));
#6066 = CARTESIAN_POINT('',(1.137202018874E+03,507.2433564682,
    1.082502239317E+03));
#6067 = CARTESIAN_POINT('',(1.136962091855E+03,507.28925807,
    1.082405125433E+03));
#6068 = CARTESIAN_POINT('',(1.136377969847E+03,507.41121879309,
    1.082143496306E+03));
#6069 = CARTESIAN_POINT('',(1.136043370483E+03,507.49070504021,
    1.08196987687E+03));
#6070 = CARTESIAN_POINT('',(1.135725910928E+03,507.57472670731,
    1.081782222843E+03));
#6071 = CARTESIAN_POINT('',(1.135425339315E+03,507.66193130186,
    1.081582245459E+03));
#6072 = CARTESIAN_POINT('',(1.135141312461E+03,507.7511063161,
    1.081371410377E+03));
#6073 = CARTESIAN_POINT('',(1.134873434027E+03,507.84117425126,
    1.081150962958E+03));
#6074 = CARTESIAN_POINT('',(1.134283769858E+03,508.05165068707,
    1.08061539054E+03));
#6075 = CARTESIAN_POINT('',(1.133973985552E+03,508.17216978106,
    1.080293066834E+03));
#6076 = CARTESIAN_POINT('',(1.13369099805E+03,508.29045954356,
    1.079957333671E+03));
#6077 = CARTESIAN_POINT('',(1.133433914891E+03,508.40457329685,
    1.079609995852E+03));
#6078 = CARTESIAN_POINT('',(1.133201955888E+03,508.51282194254,
    1.079252408228E+03));
#6079 = CARTESIAN_POINT('',(1.132994519459E+03,508.61371050535,
    1.078885575656E+03));
#6080 = CARTESIAN_POINT('',(1.132579820252E+03,508.82226962387,
    1.078036300673E+03));
#6081 = CARTESIAN_POINT('',(1.132386740781E+03,508.92484949654,
    1.077548426918E+03));
#6082 = CARTESIAN_POINT('',(1.132232212308E+03,509.01043896068,
    1.077049775193E+03));
#6083 = CARTESIAN_POINT('',(1.132116241263E+03,509.076481456,
    1.076543138692E+03));
#6084 = CARTESIAN_POINT('',(1.132038813223E+03,509.12118478959,
    1.076031053762E+03));
#6085 = CARTESIAN_POINT('',(1.132E+03,509.14359353944,1.075515899159E+03
    ));
#6086 = CARTESIAN_POINT('',(1.132E+03,509.14359353944,1.07472947776E+03)
  );
#6087 = CARTESIAN_POINT('',(1.132010672368E+03,509.13743212126,
    1.074458993964E+03));
#6088 = CARTESIAN_POINT('',(1.132032011837E+03,509.12511126144,
    1.074188938571E+03));
#6089 = CARTESIAN_POINT('',(1.132064010073E+03,509.10670612296,
    1.073919709801E+03));
#6090 = CARTESIAN_POINT('',(1.132106653038E+03,509.0823627217,
    1.073651714341E+03));
#6091 = CARTESIAN_POINT('',(1.13215991836E+03,509.05229559296,
    1.073385367555E+03));
#6092 = CARTESIAN_POINT('',(1.132281814887E+03,508.98450752482,
    1.072880874545E+03));
#6093 = CARTESIAN_POINT('',(1.132348602692E+03,508.94773406575,
    1.072642382074E+03));
#6094 = CARTESIAN_POINT('',(1.132424132596E+03,508.90666305625,
    1.072405840419E+03));
#6095 = CARTESIAN_POINT('',(1.132508411653E+03,508.86152694129,
    1.072171490443E+03));
#6096 = CARTESIAN_POINT('',(1.132601455702E+03,508.81259073507,
    1.071939589879E+03));
#6097 = CARTESIAN_POINT('',(1.13270328759E+03,508.76015012082,
    1.071710413491E+03));
#6098 = CARTESIAN_POINT('',(1.133052694093E+03,508.58451003146,
    1.070996238703E+03));
#6099 = CARTESIAN_POINT('',(1.13333214914E+03,508.44986108921,
    1.070522989136E+03));
#6100 = CARTESIAN_POINT('',(1.133653121881E+03,508.30354047882,
    1.070065828605E+03));
#6101 = CARTESIAN_POINT('',(1.134017206912E+03,508.1488634528,
    1.069626949094E+03));
#6102 = CARTESIAN_POINT('',(1.134426522035E+03,507.9897209073,
    1.069209707253E+03));
#6103 = CARTESIAN_POINT('',(1.134883410092E+03,507.83094177988,
    1.068819007819E+03));
#6104 = CARTESIAN_POINT('',(1.135691498577E+03,507.58779785796,
    1.068249226068E+03));
#6105 = CARTESIAN_POINT('',(1.136011483152E+03,507.49906897438,
    1.068047897266E+03));
#6106 = CARTESIAN_POINT('',(1.136349887327E+03,507.41382324778,
    1.067859902366E+03));
#6107 = CARTESIAN_POINT('',(1.136706544638E+03,507.33366209304,
    1.067687368959E+03));
#6108 = CARTESIAN_POINT('',(1.137081121784E+03,507.26027915086,
    1.067532528558E+03));
#6109 = CARTESIAN_POINT('',(1.137473092199E+03,507.19542212926,
    1.067397744293E+03));
#6110 = CARTESIAN_POINT('',(1.138167611071E+03,507.10265587063,
    1.067207038099E+03));
#6111 = CARTESIAN_POINT('',(1.138461559643E+03,507.0695139249,
    1.067139617346E+03));
#6112 = CARTESIAN_POINT('',(1.138762120215E+03,507.04216744188,
    1.067084453456E+03));
#6113 = CARTESIAN_POINT('',(1.139067797397E+03,507.02121648939,
    1.067042432955E+03));
#6114 = CARTESIAN_POINT('',(1.13937705026E+03,507.00708389682,
    1.067014167804E+03));
#6115 = CARTESIAN_POINT('',(1.139688310325E+03,507.,1.067E+03));
#6116 = CARTESIAN_POINT('',(1.14E+03,507.,1.067E+03));
#6117 = CYLINDRICAL_SURFACE('',#6118,16.);
#6118 = AXIS2_PLACEMENT_3D('',#6119,#6120,#6121);
#6119 = CARTESIAN_POINT('',(1.14E+03,523.,900.));
#6120 = DIRECTION('',(0.,0.,1.));
#6121 = DIRECTION('',(1.,0.,0.));
#6122 = ADVANCED_FACE('',(#6123),#6126,.F.);
#6123 = FACE_BOUND('',#6124,.T.);
#6124 = EDGE_LOOP('',(#6125));
#6125 = ORIENTED_EDGE('',*,*,#5982,.F.);
#6126 = PLANE('',#6127);
#6127 = AXIS2_PLACEMENT_3D('',#6128,#6129,#6130);
#6128 = CARTESIAN_POINT('',(1.14E+03,523.,900.));
#6129 = DIRECTION('',(0.,0.,1.));
#6130 = DIRECTION('',(1.,0.,0.));
#6131 = ADVANCED_FACE('',(#6132),#6135,.T.);
#6132 = FACE_BOUND('',#6133,.T.);
#6133 = EDGE_LOOP('',(#6134));
#6134 = ORIENTED_EDGE('',*,*,#5974,.T.);
#6135 = PLANE('',#6136);
#6136 = AXIS2_PLACEMENT_3D('',#6137,#6138,#6139);
#6137 = CARTESIAN_POINT('',(1.14E+03,523.,1.11E+03));
#6138 = DIRECTION('',(0.,0.,1.));
#6139 = DIRECTION('',(1.,0.,0.));
#6140 = ADVANCED_FACE('',(#6141),#6284,.T.);
#6141 = FACE_BOUND('',#6142,.T.);
#6142 = EDGE_LOOP('',(#6143,#6144,#6152,#6283));
#6143 = ORIENTED_EDGE('',*,*,#5991,.T.);
#6144 = ORIENTED_EDGE('',*,*,#6145,.T.);
#6145 = EDGE_CURVE('',#5992,#6146,#6148,.T.);
#6146 = VERTEX_POINT('',#6147);
#6147 = CARTESIAN_POINT('',(1.14E+03,413.,1.067E+03));
#6148 = LINE('',#6149,#6150);
#6149 = CARTESIAN_POINT('',(1.14E+03,523.,1.067E+03));
#6150 = VECTOR('',#6151,1.);
#6151 = DIRECTION('',(0.,-1.,0.));
#6152 = ORIENTED_EDGE('',*,*,#6153,.F.);
#6153 = EDGE_CURVE('',#6146,#6146,#6154,.T.);
#6154 = B_SPLINE_CURVE_WITH_KNOTS('',7,(#6155,#6156,#6157,#6158,#6159,
    #6160,#6161,#6162,#6163,#6164,#6165,#6166,#6167,#6168,#6169,#6170,
    #6171,#6172,#6173,#6174,#6175,#6176,#6177,#6178,#6179,#6180,#6181,
    #6182,#6183,#6184,#6185,#6186,#6187,#6188,#6189,#6190,#6191,#6192,
    #6193,#6194,#6195,#6196,#6197,#6198,#6199,#6200,#6201,#6202,#6203,
    #6204,#6205,#6206,#6207,#6208,#6209,#6210,#6211,#6212,#6213,#6214,
    #6215,#6216,#6217,#6218,#6219,#6220,#6221,#6222,#6223,#6224,#6225,
    #6226,#6227,#6228,#6229,#6230,#6231,#6232,#6233,#6234,#6235,#6236,
    #6237,#6238,#6239,#6240,#6241,#6242,#6243,#6244,#6245,#6246,#6247,
    #6248,#6249,#6250,#6251,#6252,#6253,#6254,#6255,#6256,#6257,#6258,
    #6259,#6260,#6261,#6262,#6263,#6264,#6265,#6266,#6267,#6268,#6269,
    #6270,#6271,#6272,#6273,#6274,#6275,#6276,#6277,#6278,#6279,#6280,
    #6281,#6282),.UNSPECIFIED.,.T.,.F.,(8,6,6,6,6,6,6,6,6,6,6,6,6,6,6,6,
    6,6,6,6,6,8),(0.,4.959223690871E-02,7.432118691099E-02,
    0.142250852796,0.203971694527,0.220120336084,0.249513440963,
    0.29498857735,0.356544524352,0.424729074754,0.469863466927,
    0.520395136143,0.573942430204,0.642295715313,0.704321812242,
    0.750265105063,0.779579070649,0.795693477517,0.857062778509,
    0.925034883225,0.97003385866,1.),.UNSPECIFIED.);
#6155 = CARTESIAN_POINT('',(1.14E+03,413.,1.067E+03));
#6156 = CARTESIAN_POINT('',(1.140469513642E+03,413.,1.067E+03));
#6157 = CARTESIAN_POINT('',(1.140934454261E+03,412.97428150073,
    1.067032147619E+03));
#6158 = CARTESIAN_POINT('',(1.141390132144E+03,412.92374686108,
    1.067095317675E+03));
#6159 = CARTESIAN_POINT('',(1.141831936632E+03,412.85040898151,
    1.067187280665E+03));
#6160 = CARTESIAN_POINT('',(1.142255515217E+03,412.75735195145,
    1.067304717701E+03));
#6161 = CARTESIAN_POINT('',(1.142656847378E+03,412.64864383802,
    1.067443168716E+03));
#6162 = CARTESIAN_POINT('',(1.143219387628E+03,412.46964227939,
    1.067673578294E+03));
#6163 = CARTESIAN_POINT('',(1.143401177226E+03,412.40707291558,
    1.067754484293E+03));
#6164 = CARTESIAN_POINT('',(1.143577659784E+03,412.34183373158,
    1.067839277032E+03));
#6165 = CARTESIAN_POINT('',(1.143748924258E+03,412.27424098558,
    1.06792763293E+03));
#6166 = CARTESIAN_POINT('',(1.143915070577E+03,412.20458708883,
    1.068019259729E+03));
#6167 = CARTESIAN_POINT('',(1.144076209503E+03,412.13314070756,
    1.068113896516E+03));
#6168 = CARTESIAN_POINT('',(1.144661684669E+03,411.85963502157,
    1.068478915841E+03));
#6169 = CARTESIAN_POINT('',(1.14505479387E+03,411.64709301413,
    1.068767970426E+03));
#6170 = CARTESIAN_POINT('',(1.145414270454E+03,411.42742868586,
    1.069073988026E+03));
#6171 = CARTESIAN_POINT('',(1.145742770234E+03,411.20440195242,
    1.069394074002E+03));
#6172 = CARTESIAN_POINT('',(1.146042831907E+03,410.98092721045,
    1.069726694323E+03));
#6173 = CARTESIAN_POINT('',(1.146316587282E+03,410.75948647376,
    1.070071459193E+03));
#6174 = CARTESIAN_POINT('',(1.146791673927E+03,410.34595618354,
    1.070753843342E+03));
#6175 = CARTESIAN_POINT('',(1.14699705511E+03,410.15327990476,
    1.071088829608E+03));
#6176 = CARTESIAN_POINT('',(1.147182464361E+03,409.96715792802,
    1.071433825472E+03));
#6177 = CARTESIAN_POINT('',(1.147348162438E+03,409.79032815274,
    1.071788864151E+03));
#6178 = CARTESIAN_POINT('',(1.147493988379E+03,409.62611212787,
    1.072154015436E+03));
#6179 = CARTESIAN_POINT('',(1.147619469213E+03,409.47847257557,
    1.072529441155E+03));
#6180 = CARTESIAN_POINT('',(1.147750946404E+03,409.31859735421,
    1.073016623886E+03));
#6181 = CARTESIAN_POINT('',(1.147776746014E+03,409.28688677136,
    1.073118352551E+03));
#6182 = CARTESIAN_POINT('',(1.147801054037E+03,409.25670960387,
    1.073220744753E+03));
#6183 = CARTESIAN_POINT('',(1.147823847601E+03,409.2281515566,
    1.073323771513E+03));
#6184 = CARTESIAN_POINT('',(1.147845105597E+03,409.20129478319,
    1.073427407607E+03));
#6185 = CARTESIAN_POINT('',(1.147864807977E+03,409.1762175649,
    1.073531631561E+03));
#6186 = CARTESIAN_POINT('',(1.147915929209E+03,409.11072337573,
    1.07382716759E+03));
#6187 = CARTESIAN_POINT('',(1.14794373217E+03,409.07455830225,
    1.074019958896E+03));
#6188 = CARTESIAN_POINT('',(1.147966144834E+03,409.0450468194,
    1.0742143248E+03));
#6189 = CARTESIAN_POINT('',(1.147983041007E+03,409.02261202079,
    1.074409858051E+03));
#6190 = CARTESIAN_POINT('',(1.147994341534E+03,409.00754460739,
    1.074606199814E+03));
#6191 = CARTESIAN_POINT('',(1.148E+03,409.,1.074803020429E+03));
#6192 = CARTESIAN_POINT('',(1.148E+03,409.,1.075304754224E+03));
#6193 = CARTESIAN_POINT('',(1.147986455902E+03,409.0180584986,
    1.075608364049E+03));
#6194 = CARTESIAN_POINT('',(1.147959549752E+03,409.05393434508,
    1.075910117269E+03));
#6195 = CARTESIAN_POINT('',(1.147919511475E+03,409.10678259401,
    1.076209204157E+03));
#6196 = CARTESIAN_POINT('',(1.147866660952E+03,409.17514933209,
    1.076504607038E+03));
#6197 = CARTESIAN_POINT('',(1.147801555118E+03,409.25701061988,
    1.076794994616E+03));
#6198 = CARTESIAN_POINT('',(1.147621938731E+03,409.47553208175,
    1.077462542804E+03));
#6199 = CARTESIAN_POINT('',(1.147497615907E+03,409.6219208052,
    1.077835873394E+03));
#6200 = CARTESIAN_POINT('',(1.147353182172E+03,409.78475556116,
    1.07819905419E+03));
#6201 = CARTESIAN_POINT('',(1.147189107688E+03,409.9601378762,
    1.078552243718E+03));
#6202 = CARTESIAN_POINT('',(1.147005558956E+03,410.14479160755,
    1.078895508573E+03));
#6203 = CARTESIAN_POINT('',(1.146802294367E+03,410.33601109271,
    1.079228879231E+03));
#6204 = CARTESIAN_POINT('',(1.146330682418E+03,410.74795205712,
    1.079910415808E+03));
#6205 = CARTESIAN_POINT('',(1.146058040217E+03,410.96932173633,
    1.080255794248E+03));
#6206 = CARTESIAN_POINT('',(1.145759161793E+03,411.19281581812,
    1.080589022952E+03));
#6207 = CARTESIAN_POINT('',(1.145431927185E+03,411.41596128861,
    1.080909750657E+03));
#6208 = CARTESIAN_POINT('',(1.145073797434E+03,411.63586697916,
    1.081216487155E+03));
#6209 = CARTESIAN_POINT('',(1.144682104493E+03,411.84880290631,
    1.081506383615E+03));
#6210 = CARTESIAN_POINT('',(1.143971191489E+03,412.18300235199,
    1.081952800063E+03));
#6211 = CARTESIAN_POINT('',(1.143671300915E+03,412.31136054766,
    1.082121865045E+03));
#6212 = CARTESIAN_POINT('',(1.143354294716E+03,412.43323902556,
    1.082280453463E+03));
#6213 = CARTESIAN_POINT('',(1.143019899808E+03,412.54674416285,
    1.082426636849E+03));
#6214 = CARTESIAN_POINT('',(1.142667990153E+03,412.64980896891,
    1.082558274446E+03));
#6215 = CARTESIAN_POINT('',(1.142298631109E+03,412.74019251084,
    1.08267298718E+03));
#6216 = CARTESIAN_POINT('',(1.141479402366E+03,412.89978407629,
    1.082874640571E+03));
#6217 = CARTESIAN_POINT('',(1.14102356948E+03,412.96548295904,
    1.082957018135E+03));
#6218 = CARTESIAN_POINT('',(1.140552204821E+03,413.00749512287,
    1.083009372622E+03));
#6219 = CARTESIAN_POINT('',(1.140073155616E+03,413.02277692611,
    1.083028384718E+03));
#6220 = CARTESIAN_POINT('',(1.139594436356E+03,413.01050412056,
    1.083013164723E+03));
#6221 = CARTESIAN_POINT('',(1.139124054997E+03,412.97210181242,
    1.082965234786E+03));
#6222 = CARTESIAN_POINT('',(1.138188370378E+03,412.8465179901,
    1.082807453588E+03));
#6223 = CARTESIAN_POINT('',(1.137728705679E+03,412.75705293188,
    1.082694694907E+03));
#6224 = CARTESIAN_POINT('',(1.137292200642E+03,412.64667912059,
    1.082554796295E+03));
#6225 = CARTESIAN_POINT('',(1.136879784007E+03,412.5192453126,
    1.082391884281E+03));
#6226 = CARTESIAN_POINT('',(1.136491970829E+03,412.37846656952,
    1.082209839658E+03));
#6227 = CARTESIAN_POINT('',(1.13612894E+03,412.22789336299,
    1.082012359861E+03));
#6228 = CARTESIAN_POINT('',(1.135358719562E+03,411.87046834867,
    1.081535782544E+03));
#6229 = CARTESIAN_POINT('',(1.134963260576E+03,411.65779706781,
    1.081246856425E+03));
#6230 = CARTESIAN_POINT('',(1.134601714176E+03,411.43785330837,
    1.080940810914E+03));
#6231 = CARTESIAN_POINT('',(1.134271379021E+03,411.21444006443,
    1.080620592588E+03));
#6232 = CARTESIAN_POINT('',(1.133969668212E+03,410.99049040058,
    1.080287758884E+03));
#6233 = CARTESIAN_POINT('',(1.1336944065E+03,410.76848625306,
    1.079942698339E+03));
#6234 = CARTESIAN_POINT('',(1.133216944784E+03,410.35395456716,
    1.079259959399E+03));
#6235 = CARTESIAN_POINT('',(1.13301065878E+03,410.16087717204,
    1.078925009466E+03));
#6236 = CARTESIAN_POINT('',(1.132824396243E+03,409.97429182086,
    1.078580037583E+03));
#6237 = CARTESIAN_POINT('',(1.132657881162E+03,409.79692802931,
    1.078225006916E+03));
#6238 = CARTESIAN_POINT('',(1.132511264967E+03,409.6321001976,
    1.077859843919E+03));
#6239 = CARTESIAN_POINT('',(1.132385014564E+03,409.48376949032,
    1.077484384959E+03));
#6240 = CARTESIAN_POINT('',(1.132202300475E+03,409.2618562577,
    1.076812114888E+03));
#6241 = CARTESIAN_POINT('',(1.132135943969E+03,409.17851799912,
    1.076519101289E+03));
#6242 = CARTESIAN_POINT('',(1.132082067843E+03,409.10886689308,
    1.076220941767E+03));
#6243 = CARTESIAN_POINT('',(1.132041247832E+03,409.05499782659,
    1.07591900658E+03));
#6244 = CARTESIAN_POINT('',(1.132013812805E+03,409.01841675961,
    1.075614338559E+03));
#6245 = CARTESIAN_POINT('',(1.132E+03,409.,1.075307762601E+03));
#6246 = CARTESIAN_POINT('',(1.132E+03,409.,1.074803633093E+03));
#6247 = CARTESIAN_POINT('',(1.132005623322E+03,409.00749774887,
    1.074607422845E+03));
#6248 = CARTESIAN_POINT('',(1.132016853848E+03,409.02247182659,
    1.07441168684E+03));
#6249 = CARTESIAN_POINT('',(1.132033645708E+03,409.04476869911,
    1.074216752276E+03));
#6250 = CARTESIAN_POINT('',(1.132055920603E+03,409.07410108091,
    1.074022975099E+03));
#6251 = CARTESIAN_POINT('',(1.132083553751E+03,409.11005076843,
    1.073830758997E+03));
#6252 = CARTESIAN_POINT('',(1.132134376296E+03,409.1751779292,
    1.073536026289E+03));
#6253 = CARTESIAN_POINT('',(1.132153972132E+03,409.20012640031,
    1.073432044465E+03));
#6254 = CARTESIAN_POINT('',(1.132175116427E+03,409.22684791396,
    1.073328646519E+03));
#6255 = CARTESIAN_POINT('',(1.132197789273E+03,409.25526483657,
    1.073225853928E+03));
#6256 = CARTESIAN_POINT('',(1.1322219697E+03,409.28529566254,
    1.073123691892E+03));
#6257 = CARTESIAN_POINT('',(1.132247634974E+03,409.31685533196,
    1.07302218934E+03));
#6258 = CARTESIAN_POINT('',(1.132378061137E+03,409.47553192166,
    1.072537457685E+03));
#6259 = CARTESIAN_POINT('',(1.13250238384E+03,409.62192050961,
    1.07216412732E+03));
#6260 = CARTESIAN_POINT('',(1.13264681751E+03,409.78475521303,
    1.071800946525E+03));
#6261 = CARTESIAN_POINT('',(1.13281089201E+03,409.96013757255,
    1.071447756843E+03));
#6262 = CARTESIAN_POINT('',(1.132994440836E+03,410.14479141526,
    1.071104491758E+03));
#6263 = CARTESIAN_POINT('',(1.133197705549E+03,410.33601101959,
    1.07077112089E+03));
#6264 = CARTESIAN_POINT('',(1.133669296889E+03,410.74793398222,
    1.070089614096E+03));
#6265 = CARTESIAN_POINT('',(1.133941940508E+03,410.96930769075,
    1.069744225522E+03));
#6266 = CARTESIAN_POINT('',(1.134240839097E+03,411.19281963827,
    1.069410969469E+03));
#6267 = CARTESIAN_POINT('',(1.134568102924E+03,411.41598413051,
    1.069090216085E+03));
#6268 = CARTESIAN_POINT('',(1.134926255354E+03,411.63589847579,
    1.068783469493E+03));
#6269 = CARTESIAN_POINT('',(1.135317945038E+03,411.84882619087,
    1.068493585282E+03));
#6270 = CARTESIAN_POINT('',(1.136028808511E+03,412.18300235199,
    1.068047199937E+03));
#6271 = CARTESIAN_POINT('',(1.136328699085E+03,412.31136054766,
    1.067878134955E+03));
#6272 = CARTESIAN_POINT('',(1.136645705284E+03,412.43323902556,
    1.067719546537E+03));
#6273 = CARTESIAN_POINT('',(1.136980100192E+03,412.54674416286,
    1.067573363151E+03));
#6274 = CARTESIAN_POINT('',(1.137332009847E+03,412.64980896891,
    1.067441725554E+03));
#6275 = CARTESIAN_POINT('',(1.137701368891E+03,412.74019251083,
    1.06732701282E+03));
#6276 = CARTESIAN_POINT('',(1.138345258596E+03,412.86562678901,
    1.067168519183E+03));
#6277 = CARTESIAN_POINT('',(1.138610221734E+03,412.90907061561,
    1.067113850602E+03));
#6278 = CARTESIAN_POINT('',(1.138881403565E+03,412.94486176791,
    1.067068960821E+03));
#6279 = CARTESIAN_POINT('',(1.139157406589E+03,412.97225591521,
    1.067034680127E+03));
#6280 = CARTESIAN_POINT('',(1.139436804672E+03,412.99073223544,
    1.067011584697E+03));
#6281 = CARTESIAN_POINT('',(1.139718153196E+03,413.,1.067E+03));
#6282 = CARTESIAN_POINT('',(1.14E+03,413.,1.067E+03));
#6283 = ORIENTED_EDGE('',*,*,#6145,.F.);
#6284 = CYLINDRICAL_SURFACE('',#6285,8.);
#6285 = AXIS2_PLACEMENT_3D('',#6286,#6287,#6288);
#6286 = CARTESIAN_POINT('',(1.14E+03,523.,1.075E+03));
#6287 = DIRECTION('',(0.,-1.,0.));
#6288 = DIRECTION('',(0.,0.,-1.));
#6289 = ADVANCED_FACE('',(#6290,#6317,#6585),#6588,.T.);
#6290 = FACE_BOUND('',#6291,.T.);
#6291 = EDGE_LOOP('',(#6292,#6302,#6309,#6310));
#6292 = ORIENTED_EDGE('',*,*,#6293,.T.);
#6293 = EDGE_CURVE('',#6294,#6296,#6298,.T.);
#6294 = VERTEX_POINT('',#6295);
#6295 = CARTESIAN_POINT('',(1.15E+03,403.,1.065E+03));
#6296 = VERTEX_POINT('',#6297);
#6297 = CARTESIAN_POINT('',(1.15E+03,403.,1.095E+03));
#6298 = LINE('',#6299,#6300);
#6299 = CARTESIAN_POINT('',(1.15E+03,403.,1.065E+03));
#6300 = VECTOR('',#6301,1.);
#6301 = DIRECTION('',(0.,0.,1.));
#6302 = ORIENTED_EDGE('',*,*,#6303,.F.);
#6303 = EDGE_CURVE('',#6296,#6296,#6304,.T.);
#6304 = CIRCLE('',#6305,10.);
#6305 = AXIS2_PLACEMENT_3D('',#6306,#6307,#6308);
#6306 = CARTESIAN_POINT('',(1.14E+03,403.,1.095E+03));
#6307 = DIRECTION('',(0.,0.,1.));
#6308 = DIRECTION('',(1.,0.,0.));
#6309 = ORIENTED_EDGE('',*,*,#6293,.F.);
#6310 = ORIENTED_EDGE('',*,*,#6311,.T.);
#6311 = EDGE_CURVE('',#6294,#6294,#6312,.T.);
#6312 = CIRCLE('',#6313,10.);
#6313 = AXIS2_PLACEMENT_3D('',#6314,#6315,#6316);
#6314 = CARTESIAN_POINT('',(1.14E+03,403.,1.065E+03));
#6315 = DIRECTION('',(0.,0.,1.));
#6316 = DIRECTION('',(1.,0.,0.));
#6317 = FACE_BOUND('',#6318,.T.);
#6318 = EDGE_LOOP('',(#6319,#6454));
#6319 = ORIENTED_EDGE('',*,*,#6320,.F.);
#6320 = EDGE_CURVE('',#6321,#6323,#6325,.T.);
#6321 = VERTEX_POINT('',#6322);
#6322 = CARTESIAN_POINT('',(1.14E+03,393.,1.067E+03));
#6323 = VERTEX_POINT('',#6324);
#6324 = CARTESIAN_POINT('',(1.14E+03,393.,1.083E+03));
#6325 = B_SPLINE_CURVE_WITH_KNOTS('',7,(#6326,#6327,#6328,#6329,#6330,
    #6331,#6332,#6333,#6334,#6335,#6336,#6337,#6338,#6339,#6340,#6341,
    #6342,#6343,#6344,#6345,#6346,#6347,#6348,#6349,#6350,#6351,#6352,
    #6353,#6354,#6355,#6356,#6357,#6358,#6359,#6360,#6361,#6362,#6363,
    #6364,#6365,#6366,#6367,#6368,#6369,#6370,#6371,#6372,#6373,#6374,
    #6375,#6376,#6377,#6378,#6379,#6380,#6381,#6382,#6383,#6384,#6385,
    #6386,#6387,#6388,#6389,#6390,#6391,#6392,#6393,#6394,#6395,#6396,
    #6397,#6398,#6399,#6400,#6401,#6402,#6403,#6404,#6405,#6406,#6407,
    #6408,#6409,#6410,#6411,#6412,#6413,#6414,#6415,#6416,#6417,#6418,
    #6419,#6420,#6421,#6422,#6423,#6424,#6425,#6426,#6427,#6428,#6429,
    #6430,#6431,#6432,#6433,#6434,#6435,#6436,#6437,#6438,#6439,#6440,
    #6441,#6442,#6443,#6444,#6445,#6446,#6447,#6448,#6449,#6450,#6451,
    #6452,#6453),.UNSPECIFIED.,.T.,.F.,(8,6,6,6,6,6,6,6,6,6,6,6,6,6,6,6,
    6,6,6,6,6,8),(0.,4.959223579429E-02,7.432118524341E-02,
    0.142250850099,0.203971691311,0.220120332732,0.249513437365,
    0.294988573374,0.356544519865,0.424729069701,0.469863461501,
    0.520395130297,0.573942424084,0.642295709504,0.704321807178,
    0.75026510055,0.779579066487,0.795693473549,0.857062775278,
    0.925034881276,0.97003385788,1.),.UNSPECIFIED.);
#6326 = CARTESIAN_POINT('',(1.14E+03,393.,1.067E+03));
#6327 = CARTESIAN_POINT('',(1.140469513642E+03,393.,1.067E+03));
#6328 = CARTESIAN_POINT('',(1.140934454261E+03,393.02571849926,
    1.067032147619E+03));
#6329 = CARTESIAN_POINT('',(1.141390132144E+03,393.07625313891,
    1.067095317675E+03));
#6330 = CARTESIAN_POINT('',(1.141831936632E+03,393.14959101848,
    1.067187280665E+03));
#6331 = CARTESIAN_POINT('',(1.142255515217E+03,393.24264804854,
    1.067304717701E+03));
#6332 = CARTESIAN_POINT('',(1.142656847378E+03,393.35135616197,
    1.067443168716E+03));
#6333 = CARTESIAN_POINT('',(1.143219387628E+03,393.5303577206,
    1.067673578294E+03));
#6334 = CARTESIAN_POINT('',(1.143401177226E+03,393.59292708442,
    1.067754484293E+03));
#6335 = CARTESIAN_POINT('',(1.143577659784E+03,393.6581662684,
    1.067839277032E+03));
#6336 = CARTESIAN_POINT('',(1.143748924258E+03,393.7257590144,
    1.06792763293E+03));
#6337 = CARTESIAN_POINT('',(1.143915070577E+03,393.79541291116,
    1.068019259729E+03));
#6338 = CARTESIAN_POINT('',(1.144076209503E+03,393.86685929243,
    1.068113896516E+03));
#6339 = CARTESIAN_POINT('',(1.144661684672E+03,394.14036497985,
    1.068478915843E+03));
#6340 = CARTESIAN_POINT('',(1.145054793863E+03,394.35290698262,
    1.068767970421E+03));
#6341 = CARTESIAN_POINT('',(1.14541427046E+03,394.57257131585,
    1.069073988027E+03));
#6342 = CARTESIAN_POINT('',(1.145742770234E+03,394.79559804991,
    1.069394074007E+03));
#6343 = CARTESIAN_POINT('',(1.146042831904E+03,395.01907278602,
    1.069726694317E+03));
#6344 = CARTESIAN_POINT('',(1.146316587284E+03,395.24051352769,
    1.070071459195E+03));
#6345 = CARTESIAN_POINT('',(1.146791673927E+03,395.65404381645,
    1.070753843342E+03));
#6346 = CARTESIAN_POINT('',(1.14699705511E+03,395.84672009522,
    1.071088829608E+03));
#6347 = CARTESIAN_POINT('',(1.147182464361E+03,396.03284207197,
    1.071433825472E+03));
#6348 = CARTESIAN_POINT('',(1.147348162438E+03,396.20967184725,
    1.071788864151E+03));
#6349 = CARTESIAN_POINT('',(1.147493988379E+03,396.37388787212,
    1.072154015436E+03));
#6350 = CARTESIAN_POINT('',(1.147619469213E+03,396.52152742442,
    1.072529441155E+03));
#6351 = CARTESIAN_POINT('',(1.147750946404E+03,396.68140264578,
    1.073016623886E+03));
#6352 = CARTESIAN_POINT('',(1.147776746014E+03,396.71311322863,
    1.073118352551E+03));
#6353 = CARTESIAN_POINT('',(1.147801054037E+03,396.74329039613,
    1.073220744753E+03));
#6354 = CARTESIAN_POINT('',(1.147823847601E+03,396.77184844339,
    1.073323771513E+03));
#6355 = CARTESIAN_POINT('',(1.147845105597E+03,396.7987052168,
    1.073427407607E+03));
#6356 = CARTESIAN_POINT('',(1.147864807977E+03,396.82378243509,
    1.073531631561E+03));
#6357 = CARTESIAN_POINT('',(1.147915929209E+03,396.88927662427,
    1.07382716759E+03));
#6358 = CARTESIAN_POINT('',(1.14794373217E+03,396.92544169774,
    1.074019958896E+03));
#6359 = CARTESIAN_POINT('',(1.147966144834E+03,396.95495318059,
    1.0742143248E+03));
#6360 = CARTESIAN_POINT('',(1.147983041007E+03,396.9773879792,
    1.074409858051E+03));
#6361 = CARTESIAN_POINT('',(1.147994341534E+03,396.9924553926,
    1.074606199814E+03));
#6362 = CARTESIAN_POINT('',(1.148E+03,397.,1.074803020429E+03));
#6363 = CARTESIAN_POINT('',(1.148E+03,397.,1.075304754224E+03));
#6364 = CARTESIAN_POINT('',(1.147986455902E+03,396.98194150139,
    1.075608364049E+03));
#6365 = CARTESIAN_POINT('',(1.147959549752E+03,396.94606565491,
    1.075910117269E+03));
#6366 = CARTESIAN_POINT('',(1.147919511475E+03,396.89321740598,
    1.076209204157E+03));
#6367 = CARTESIAN_POINT('',(1.147866660952E+03,396.8248506679,
    1.076504607038E+03));
#6368 = CARTESIAN_POINT('',(1.147801555118E+03,396.74298938011,
    1.076794994616E+03));
#6369 = CARTESIAN_POINT('',(1.147621938731E+03,396.52446791824,
    1.077462542804E+03));
#6370 = CARTESIAN_POINT('',(1.147497615907E+03,396.3780791948,
    1.077835873394E+03));
#6371 = CARTESIAN_POINT('',(1.147353182172E+03,396.21524443883,
    1.07819905419E+03));
#6372 = CARTESIAN_POINT('',(1.147189107688E+03,396.03986212379,
    1.078552243718E+03));
#6373 = CARTESIAN_POINT('',(1.147005558956E+03,395.85520839244,
    1.078895508573E+03));
#6374 = CARTESIAN_POINT('',(1.146802294367E+03,395.66398890729,
    1.079228879231E+03));
#6375 = CARTESIAN_POINT('',(1.146330682418E+03,395.25204794287,
    1.079910415808E+03));
#6376 = CARTESIAN_POINT('',(1.146058040217E+03,395.03067826366,
    1.080255794248E+03));
#6377 = CARTESIAN_POINT('',(1.145759161793E+03,394.80718418187,
    1.080589022952E+03));
#6378 = CARTESIAN_POINT('',(1.145431927185E+03,394.58403871138,
    1.080909750657E+03));
#6379 = CARTESIAN_POINT('',(1.145073797434E+03,394.36413302084,
    1.081216487155E+03));
#6380 = CARTESIAN_POINT('',(1.144682104493E+03,394.15119709368,
    1.081506383615E+03));
#6381 = CARTESIAN_POINT('',(1.143971191489E+03,393.816997648,
    1.081952800063E+03));
#6382 = CARTESIAN_POINT('',(1.143671300915E+03,393.68863945234,
    1.082121865045E+03));
#6383 = CARTESIAN_POINT('',(1.143354294716E+03,393.56676097443,
    1.082280453463E+03));
#6384 = CARTESIAN_POINT('',(1.143019899808E+03,393.45325583713,
    1.082426636849E+03));
#6385 = CARTESIAN_POINT('',(1.142667990153E+03,393.35019103108,
    1.082558274446E+03));
#6386 = CARTESIAN_POINT('',(1.142298631109E+03,393.25980748916,
    1.08267298718E+03));
#6387 = CARTESIAN_POINT('',(1.141479402366E+03,393.1002159237,
    1.082874640571E+03));
#6388 = CARTESIAN_POINT('',(1.14102356948E+03,393.03451704095,
    1.082957018135E+03));
#6389 = CARTESIAN_POINT('',(1.140552204821E+03,392.99250487712,
    1.083009372622E+03));
#6390 = CARTESIAN_POINT('',(1.140073155616E+03,392.97722307388,
    1.083028384718E+03));
#6391 = CARTESIAN_POINT('',(1.139594436356E+03,392.98949587943,
    1.083013164723E+03));
#6392 = CARTESIAN_POINT('',(1.139124054997E+03,393.02789818757,
    1.082965234786E+03));
#6393 = CARTESIAN_POINT('',(1.138188370377E+03,393.1534820101,
    1.082807453587E+03));
#6394 = CARTESIAN_POINT('',(1.137728705679E+03,393.24294706833,
    1.082694694907E+03));
#6395 = CARTESIAN_POINT('',(1.137292200643E+03,393.35332087921,
    1.082554796295E+03));
#6396 = CARTESIAN_POINT('',(1.136879784008E+03,393.48075468691,
    1.082391884281E+03));
#6397 = CARTESIAN_POINT('',(1.136491970829E+03,393.62153343032,
    1.082209839658E+03));
#6398 = CARTESIAN_POINT('',(1.136128939999E+03,393.77210663759,
    1.08201235986E+03));
#6399 = CARTESIAN_POINT('',(1.135358719559E+03,394.1295316525,
    1.081535782543E+03));
#6400 = CARTESIAN_POINT('',(1.134963260583E+03,394.34220292924,
    1.081246856428E+03));
#6401 = CARTESIAN_POINT('',(1.13460171417E+03,394.56214669352,
    1.080940810913E+03));
#6402 = CARTESIAN_POINT('',(1.13427137902E+03,394.78555993775,
    1.080620592583E+03));
#6403 = CARTESIAN_POINT('',(1.133969668215E+03,395.0095095957,
    1.080287758891E+03));
#6404 = CARTESIAN_POINT('',(1.133694406498E+03,395.23151374855,
    1.079942698337E+03));
#6405 = CARTESIAN_POINT('',(1.133216944784E+03,395.64604543283,
    1.079259959399E+03));
#6406 = CARTESIAN_POINT('',(1.13301065878E+03,395.83912282795,
    1.078925009466E+03));
#6407 = CARTESIAN_POINT('',(1.132824396243E+03,396.02570817914,
    1.078580037583E+03));
#6408 = CARTESIAN_POINT('',(1.132657881162E+03,396.20307197068,
    1.078225006916E+03));
#6409 = CARTESIAN_POINT('',(1.132511264967E+03,396.36789980239,
    1.077859843919E+03));
#6410 = CARTESIAN_POINT('',(1.132385014564E+03,396.51623050968,
    1.077484384959E+03));
#6411 = CARTESIAN_POINT('',(1.132202300475E+03,396.7381437423,
    1.076812114888E+03));
#6412 = CARTESIAN_POINT('',(1.132135943969E+03,396.82148200087,
    1.076519101289E+03));
#6413 = CARTESIAN_POINT('',(1.132082067843E+03,396.89113310691,
    1.076220941767E+03));
#6414 = CARTESIAN_POINT('',(1.132041247832E+03,396.9450021734,
    1.07591900658E+03));
#6415 = CARTESIAN_POINT('',(1.132013812805E+03,396.98158324038,
    1.075614338559E+03));
#6416 = CARTESIAN_POINT('',(1.132E+03,397.,1.075307762601E+03));
#6417 = CARTESIAN_POINT('',(1.132E+03,397.,1.074803633093E+03));
#6418 = CARTESIAN_POINT('',(1.132005623322E+03,396.99250225112,
    1.074607422845E+03));
#6419 = CARTESIAN_POINT('',(1.132016853848E+03,396.9775281734,
    1.07441168684E+03));
#6420 = CARTESIAN_POINT('',(1.132033645708E+03,396.95523130088,
    1.074216752276E+03));
#6421 = CARTESIAN_POINT('',(1.132055920603E+03,396.92589891908,
    1.074022975099E+03));
#6422 = CARTESIAN_POINT('',(1.132083553751E+03,396.88994923156,
    1.073830758997E+03));
#6423 = CARTESIAN_POINT('',(1.132134376296E+03,396.82482207079,
    1.073536026289E+03));
#6424 = CARTESIAN_POINT('',(1.132153972132E+03,396.79987359968,
    1.073432044465E+03));
#6425 = CARTESIAN_POINT('',(1.132175116427E+03,396.77315208603,
    1.073328646519E+03));
#6426 = CARTESIAN_POINT('',(1.132197789273E+03,396.74473516342,
    1.073225853928E+03));
#6427 = CARTESIAN_POINT('',(1.1322219697E+03,396.71470433745,
    1.073123691892E+03));
#6428 = CARTESIAN_POINT('',(1.132247634974E+03,396.68314466803,
    1.07302218934E+03));
#6429 = CARTESIAN_POINT('',(1.132378061137E+03,396.52446807833,
    1.072537457685E+03));
#6430 = CARTESIAN_POINT('',(1.13250238384E+03,396.37807949039,
    1.07216412732E+03));
#6431 = CARTESIAN_POINT('',(1.13264681751E+03,396.21524478696,
    1.071800946525E+03));
#6432 = CARTESIAN_POINT('',(1.13281089201E+03,396.03986242744,
    1.071447756843E+03));
#6433 = CARTESIAN_POINT('',(1.132994440836E+03,395.85520858473,
    1.071104491758E+03));
#6434 = CARTESIAN_POINT('',(1.133197705549E+03,395.66398898041,
    1.07077112089E+03));
#6435 = CARTESIAN_POINT('',(1.133669296891E+03,395.25206601629,
    1.070089614093E+03));
#6436 = CARTESIAN_POINT('',(1.133941940504E+03,395.0306923128,
    1.069744225528E+03));
#6437 = CARTESIAN_POINT('',(1.134240839098E+03,394.80718035936,
    1.069410969465E+03));
#6438 = CARTESIAN_POINT('',(1.13456810293E+03,394.58401586772,
    1.069090216083E+03));
#6439 = CARTESIAN_POINT('',(1.134926255346E+03,394.36410152748,
    1.068783469498E+03));
#6440 = CARTESIAN_POINT('',(1.135317945041E+03,394.15117380768,
    1.06849358528E+03));
#6441 = CARTESIAN_POINT('',(1.136028808511E+03,393.816997648,
    1.068047199937E+03));
#6442 = CARTESIAN_POINT('',(1.136328699085E+03,393.68863945233,
    1.067878134955E+03));
#6443 = CARTESIAN_POINT('',(1.136645705284E+03,393.56676097443,
    1.067719546537E+03));
#6444 = CARTESIAN_POINT('',(1.136980100192E+03,393.45325583714,
    1.067573363151E+03));
#6445 = CARTESIAN_POINT('',(1.137332009847E+03,393.35019103109,
    1.067441725554E+03));
#6446 = CARTESIAN_POINT('',(1.137701368891E+03,393.25980748916,
    1.06732701282E+03));
#6447 = CARTESIAN_POINT('',(1.138345258596E+03,393.13437321098,
    1.067168519183E+03));
#6448 = CARTESIAN_POINT('',(1.138610221734E+03,393.09092938438,
    1.067113850602E+03));
#6449 = CARTESIAN_POINT('',(1.138881403565E+03,393.05513823208,
    1.067068960821E+03));
#6450 = CARTESIAN_POINT('',(1.139157406589E+03,393.02774408478,
    1.067034680127E+03));
#6451 = CARTESIAN_POINT('',(1.139436804672E+03,393.00926776455,
    1.067011584697E+03));
#6452 = CARTESIAN_POINT('',(1.139718153196E+03,393.,1.067E+03));
#6453 = CARTESIAN_POINT('',(1.14E+03,393.,1.067E+03));
#6454 = ORIENTED_EDGE('',*,*,#6455,.F.);
#6455 = EDGE_CURVE('',#6323,#6321,#6456,.T.);
#6456 = B_SPLINE_CURVE_WITH_KNOTS('',7,(#6457,#6458,#6459,#6460,#6461,
    #6462,#6463,#6464,#6465,#6466,#6467,#6468,#6469,#6470,#6471,#6472,
    #6473,#6474,#6475,#6476,#6477,#6478,#6479,#6480,#6481,#6482,#6483,
    #6484,#6485,#6486,#6487,#6488,#6489,#6490,#6491,#6492,#6493,#6494,
    #6495,#6496,#6497,#6498,#6499,#6500,#6501,#6502,#6503,#6504,#6505,
    #6506,#6507,#6508,#6509,#6510,#6511,#6512,#6513,#6514,#6515,#6516,
    #6517,#6518,#6519,#6520,#6521,#6522,#6523,#6524,#6525,#6526,#6527,
    #6528,#6529,#6530,#6531,#6532,#6533,#6534,#6535,#6536,#6537,#6538,
    #6539,#6540,#6541,#6542,#6543,#6544,#6545,#6546,#6547,#6548,#6549,
    #6550,#6551,#6552,#6553,#6554,#6555,#6556,#6557,#6558,#6559,#6560,
    #6561,#6562,#6563,#6564,#6565,#6566,#6567,#6568,#6569,#6570,#6571,
    #6572,#6573,#6574,#6575,#6576,#6577,#6578,#6579,#6580,#6581,#6582,
    #6583,#6584),.UNSPECIFIED.,.T.,.F.,(8,6,6,6,6,6,6,6,6,6,6,6,6,6,6,6,
    6,6,6,6,6,8),(0.,4.959223579429E-02,7.432118524341E-02,
    0.142250850099,0.203971691311,0.220120332732,0.249513437365,
    0.294988573374,0.356544519865,0.424729069701,0.469863461501,
    0.520395130297,0.573942424084,0.642295709504,0.704321807178,
    0.75026510055,0.779579066487,0.795693473549,0.857062775278,
    0.925034881276,0.97003385788,1.),.UNSPECIFIED.);
#6457 = CARTESIAN_POINT('',(1.14E+03,393.,1.067E+03));
#6458 = CARTESIAN_POINT('',(1.140469513642E+03,393.,1.067E+03));
#6459 = CARTESIAN_POINT('',(1.140934454261E+03,393.02571849926,
    1.067032147619E+03));
#6460 = CARTESIAN_POINT('',(1.141390132144E+03,393.07625313891,
    1.067095317675E+03));
#6461 = CARTESIAN_POINT('',(1.141831936632E+03,393.14959101848,
    1.067187280665E+03));
#6462 = CARTESIAN_POINT('',(1.142255515217E+03,393.24264804854,
    1.067304717701E+03));
#6463 = CARTESIAN_POINT('',(1.142656847378E+03,393.35135616197,
    1.067443168716E+03));
#6464 = CARTESIAN_POINT('',(1.143219387628E+03,393.5303577206,
    1.067673578294E+03));
#6465 = CARTESIAN_POINT('',(1.143401177226E+03,393.59292708442,
    1.067754484293E+03));
#6466 = CARTESIAN_POINT('',(1.143577659784E+03,393.6581662684,
    1.067839277032E+03));
#6467 = CARTESIAN_POINT('',(1.143748924258E+03,393.7257590144,
    1.06792763293E+03));
#6468 = CARTESIAN_POINT('',(1.143915070577E+03,393.79541291116,
    1.068019259729E+03));
#6469 = CARTESIAN_POINT('',(1.144076209503E+03,393.86685929243,
    1.068113896516E+03));
#6470 = CARTESIAN_POINT('',(1.144661684672E+03,394.14036497985,
    1.068478915843E+03));
#6471 = CARTESIAN_POINT('',(1.145054793863E+03,394.35290698262,
    1.068767970421E+03));
#6472 = CARTESIAN_POINT('',(1.14541427046E+03,394.57257131585,
    1.069073988027E+03));
#6473 = CARTESIAN_POINT('',(1.145742770234E+03,394.79559804991,
    1.069394074007E+03));
#6474 = CARTESIAN_POINT('',(1.146042831904E+03,395.01907278602,
    1.069726694317E+03));
#6475 = CARTESIAN_POINT('',(1.146316587284E+03,395.24051352769,
    1.070071459195E+03));
#6476 = CARTESIAN_POINT('',(1.146791673927E+03,395.65404381645,
    1.070753843342E+03));
#6477 = CARTESIAN_POINT('',(1.14699705511E+03,395.84672009522,
    1.071088829608E+03));
#6478 = CARTESIAN_POINT('',(1.147182464361E+03,396.03284207197,
    1.071433825472E+03));
#6479 = CARTESIAN_POINT('',(1.147348162438E+03,396.20967184725,
    1.071788864151E+03));
#6480 = CARTESIAN_POINT('',(1.147493988379E+03,396.37388787212,
    1.072154015436E+03));
#6481 = CARTESIAN_POINT('',(1.147619469213E+03,396.52152742442,
    1.072529441155E+03));
#6482 = CARTESIAN_POINT('',(1.147750946404E+03,396.68140264578,
    1.073016623886E+03));
#6483 = CARTESIAN_POINT('',(1.147776746014E+03,396.71311322863,
    1.073118352551E+03));
#6484 = CARTESIAN_POINT('',(1.147801054037E+03,396.74329039613,
    1.073220744753E+03));
#6485 = CARTESIAN_POINT('',(1.147823847601E+03,396.77184844339,
    1.073323771513E+03));
#6486 = CARTESIAN_POINT('',(1.147845105597E+03,396.7987052168,
    1.073427407607E+03));
#6487 = CARTESIAN_POINT('',(1.147864807977E+03,396.82378243509,
    1.073531631561E+03));
#6488 = CARTESIAN_POINT('',(1.147915929209E+03,396.88927662427,
    1.07382716759E+03));
#6489 = CARTESIAN_POINT('',(1.14794373217E+03,396.92544169774,
    1.074019958896E+03));
#6490 = CARTESIAN_POINT('',(1.147966144834E+03,396.95495318059,
    1.0742143248E+03));
#6491 = CARTESIAN_POINT('',(1.147983041007E+03,396.9773879792,
    1.074409858051E+03));
#6492 = CARTESIAN_POINT('',(1.147994341534E+03,396.9924553926,
    1.074606199814E+03));
#6493 = CARTESIAN_POINT('',(1.148E+03,397.,1.074803020429E+03));
#6494 = CARTESIAN_POINT('',(1.148E+03,397.,1.075304754224E+03));
#6495 = CARTESIAN_POINT('',(1.147986455902E+03,396.98194150139,
    1.075608364049E+03));
#6496 = CARTESIAN_POINT('',(1.147959549752E+03,396.94606565491,
    1.075910117269E+03));
#6497 = CARTESIAN_POINT('',(1.147919511475E+03,396.89321740598,
    1.076209204157E+03));
#6498 = CARTESIAN_POINT('',(1.147866660952E+03,396.8248506679,
    1.076504607038E+03));
#6499 = CARTESIAN_POINT('',(1.147801555118E+03,396.74298938011,
    1.076794994616E+03));
#6500 = CARTESIAN_POINT('',(1.147621938731E+03,396.52446791824,
    1.077462542804E+03));
#6501 = CARTESIAN_POINT('',(1.147497615907E+03,396.3780791948,
    1.077835873394E+03));
#6502 = CARTESIAN_POINT('',(1.147353182172E+03,396.21524443883,
    1.07819905419E+03));
#6503 = CARTESIAN_POINT('',(1.147189107688E+03,396.03986212379,
    1.078552243718E+03));
#6504 = CARTESIAN_POINT('',(1.147005558956E+03,395.85520839244,
    1.078895508573E+03));
#6505 = CARTESIAN_POINT('',(1.146802294367E+03,395.66398890729,
    1.079228879231E+03));
#6506 = CARTESIAN_POINT('',(1.146330682418E+03,395.25204794287,
    1.079910415808E+03));
#6507 = CARTESIAN_POINT('',(1.146058040217E+03,395.03067826366,
    1.080255794248E+03));
#6508 = CARTESIAN_POINT('',(1.145759161793E+03,394.80718418187,
    1.080589022952E+03));
#6509 = CARTESIAN_POINT('',(1.145431927185E+03,394.58403871138,
    1.080909750657E+03));
#6510 = CARTESIAN_POINT('',(1.145073797434E+03,394.36413302084,
    1.081216487155E+03));
#6511 = CARTESIAN_POINT('',(1.144682104493E+03,394.15119709368,
    1.081506383615E+03));
#6512 = CARTESIAN_POINT('',(1.143971191489E+03,393.816997648,
    1.081952800063E+03));
#6513 = CARTESIAN_POINT('',(1.143671300915E+03,393.68863945234,
    1.082121865045E+03));
#6514 = CARTESIAN_POINT('',(1.143354294716E+03,393.56676097443,
    1.082280453463E+03));
#6515 = CARTESIAN_POINT('',(1.143019899808E+03,393.45325583713,
    1.082426636849E+03));
#6516 = CARTESIAN_POINT('',(1.142667990153E+03,393.35019103108,
    1.082558274446E+03));
#6517 = CARTESIAN_POINT('',(1.142298631109E+03,393.25980748916,
    1.08267298718E+03));
#6518 = CARTESIAN_POINT('',(1.141479402366E+03,393.1002159237,
    1.082874640571E+03));
#6519 = CARTESIAN_POINT('',(1.14102356948E+03,393.03451704095,
    1.082957018135E+03));
#6520 = CARTESIAN_POINT('',(1.140552204821E+03,392.99250487712,
    1.083009372622E+03));
#6521 = CARTESIAN_POINT('',(1.140073155616E+03,392.97722307388,
    1.083028384718E+03));
#6522 = CARTESIAN_POINT('',(1.139594436356E+03,392.98949587943,
    1.083013164723E+03));
#6523 = CARTESIAN_POINT('',(1.139124054997E+03,393.02789818757,
    1.082965234786E+03));
#6524 = CARTESIAN_POINT('',(1.138188370377E+03,393.1534820101,
    1.082807453587E+03));
#6525 = CARTESIAN_POINT('',(1.137728705679E+03,393.24294706833,
    1.082694694907E+03));
#6526 = CARTESIAN_POINT('',(1.137292200643E+03,393.35332087921,
    1.082554796295E+03));
#6527 = CARTESIAN_POINT('',(1.136879784008E+03,393.48075468691,
    1.082391884281E+03));
#6528 = CARTESIAN_POINT('',(1.136491970829E+03,393.62153343032,
    1.082209839658E+03));
#6529 = CARTESIAN_POINT('',(1.136128939999E+03,393.77210663759,
    1.08201235986E+03));
#6530 = CARTESIAN_POINT('',(1.135358719559E+03,394.1295316525,
    1.081535782543E+03));
#6531 = CARTESIAN_POINT('',(1.134963260583E+03,394.34220292924,
    1.081246856428E+03));
#6532 = CARTESIAN_POINT('',(1.13460171417E+03,394.56214669352,
    1.080940810913E+03));
#6533 = CARTESIAN_POINT('',(1.13427137902E+03,394.78555993775,
    1.080620592583E+03));
#6534 = CARTESIAN_POINT('',(1.133969668215E+03,395.0095095957,
    1.080287758891E+03));
#6535 = CARTESIAN_POINT('',(1.133694406498E+03,395.23151374855,
    1.079942698337E+03));
#6536 = CARTESIAN_POINT('',(1.133216944784E+03,395.64604543283,
    1.079259959399E+03));
#6537 = CARTESIAN_POINT('',(1.13301065878E+03,395.83912282795,
    1.078925009466E+03));
#6538 = CARTESIAN_POINT('',(1.132824396243E+03,396.02570817914,
    1.078580037583E+03));
#6539 = CARTESIAN_POINT('',(1.132657881162E+03,396.20307197068,
    1.078225006916E+03));
#6540 = CARTESIAN_POINT('',(1.132511264967E+03,396.36789980239,
    1.077859843919E+03));
#6541 = CARTESIAN_POINT('',(1.132385014564E+03,396.51623050968,
    1.077484384959E+03));
#6542 = CARTESIAN_POINT('',(1.132202300475E+03,396.7381437423,
    1.076812114888E+03));
#6543 = CARTESIAN_POINT('',(1.132135943969E+03,396.82148200087,
    1.076519101289E+03));
#6544 = CARTESIAN_POINT('',(1.132082067843E+03,396.89113310691,
    1.076220941767E+03));
#6545 = CARTESIAN_POINT('',(1.132041247832E+03,396.9450021734,
    1.07591900658E+03));
#6546 = CARTESIAN_POINT('',(1.132013812805E+03,396.98158324038,
    1.075614338559E+03));
#6547 = CARTESIAN_POINT('',(1.132E+03,397.,1.075307762601E+03));
#6548 = CARTESIAN_POINT('',(1.132E+03,397.,1.074803633093E+03));
#6549 = CARTESIAN_POINT('',(1.132005623322E+03,396.99250225112,
    1.074607422845E+03));
#6550 = CARTESIAN_POINT('',(1.132016853848E+03,396.9775281734,
    1.07441168684E+03));
#6551 = CARTESIAN_POINT('',(1.132033645708E+03,396.95523130088,
    1.074216752276E+03));
#6552 = CARTESIAN_POINT('',(1.132055920603E+03,396.92589891908,
    1.074022975099E+03));
#6553 = CARTESIAN_POINT('',(1.132083553751E+03,396.88994923156,
    1.073830758997E+03));
#6554 = CARTESIAN_POINT('',(1.132134376296E+03,396.82482207079,
    1.073536026289E+03));
#6555 = CARTESIAN_POINT('',(1.132153972132E+03,396.79987359968,
    1.073432044465E+03));
#6556 = CARTESIAN_POINT('',(1.132175116427E+03,396.77315208603,
    1.073328646519E+03));
#6557 = CARTESIAN_POINT('',(1.132197789273E+03,396.74473516342,
    1.073225853928E+03));
#6558 = CARTESIAN_POINT('',(1.1322219697E+03,396.71470433745,
    1.073123691892E+03));
#6559 = CARTESIAN_POINT('',(1.132247634974E+03,396.68314466803,
    1.07302218934E+03));
#6560 = CARTESIAN_POINT('',(1.132378061137E+03,396.52446807833,
    1.072537457685E+03));
#6561 = CARTESIAN_POINT('',(1.13250238384E+03,396.37807949039,
    1.07216412732E+03));
#6562 = CARTESIAN_POINT('',(1.13264681751E+03,396.21524478696,
    1.071800946525E+03));
#6563 = CARTESIAN_POINT('',(1.13281089201E+03,396.03986242744,
    1.071447756843E+03));
#6564 = CARTESIAN_POINT('',(1.132994440836E+03,395.85520858473,
    1.071104491758E+03));
#6565 = CARTESIAN_POINT('',(1.133197705549E+03,395.66398898041,
    1.07077112089E+03));
#6566 = CARTESIAN_POINT('',(1.133669296891E+03,395.25206601629,
    1.070089614093E+03));
#6567 = CARTESIAN_POINT('',(1.133941940504E+03,395.0306923128,
    1.069744225528E+03));
#6568 = CARTESIAN_POINT('',(1.134240839098E+03,394.80718035936,
    1.069410969465E+03));
#6569 = CARTESIAN_POINT('',(1.13456810293E+03,394.58401586772,
    1.069090216083E+03));
#6570 = CARTESIAN_POINT('',(1.134926255346E+03,394.36410152748,
    1.068783469498E+03));
#6571 = CARTESIAN_POINT('',(1.135317945041E+03,394.15117380768,
    1.06849358528E+03));
#6572 = CARTESIAN_POINT('',(1.136028808511E+03,393.816997648,
    1.068047199937E+03));
#6573 = CARTESIAN_POINT('',(1.136328699085E+03,393.68863945233,
    1.067878134955E+03));
#6574 = CARTESIAN_POINT('',(1.136645705284E+03,393.56676097443,
    1.067719546537E+03));
#6575 = CARTESIAN_POINT('',(1.136980100192E+03,393.45325583714,
    1.067573363151E+03));
#6576 = CARTESIAN_POINT('',(1.137332009847E+03,393.35019103109,
    1.067441725554E+03));
#6577 = CARTESIAN_POINT('',(1.137701368891E+03,393.25980748916,
    1.06732701282E+03));
#6578 = CARTESIAN_POINT('',(1.138345258596E+03,393.13437321098,
    1.067168519183E+03));
#6579 = CARTESIAN_POINT('',(1.138610221734E+03,393.09092938438,
    1.067113850602E+03));
#6580 = CARTESIAN_POINT('',(1.138881403565E+03,393.05513823208,
    1.067068960821E+03));
#6581 = CARTESIAN_POINT('',(1.139157406589E+03,393.02774408478,
    1.067034680127E+03));
#6582 = CARTESIAN_POINT('',(1.139436804672E+03,393.00926776455,
    1.067011584697E+03));
#6583 = CARTESIAN_POINT('',(1.139718153196E+03,393.,1.067E+03));
#6584 = CARTESIAN_POINT('',(1.14E+03,393.,1.067E+03));
#6585 = FACE_BOUND('',#6586,.T.);
#6586 = EDGE_LOOP('',(#6587));
#6587 = ORIENTED_EDGE('',*,*,#6153,.T.);
#6588 = CYLINDRICAL_SURFACE('',#6589,10.);
#6589 = AXIS2_PLACEMENT_3D('',#6590,#6591,#6592);
#6590 = CARTESIAN_POINT('',(1.14E+03,403.,1.065E+03));
#6591 = DIRECTION('',(0.,0.,1.));
#6592 = DIRECTION('',(1.,0.,0.));
#6593 = ADVANCED_FACE('',(#6594),#6597,.F.);
#6594 = FACE_BOUND('',#6595,.T.);
#6595 = EDGE_LOOP('',(#6596));
#6596 = ORIENTED_EDGE('',*,*,#6311,.F.);
#6597 = PLANE('',#6598);
#6598 = AXIS2_PLACEMENT_3D('',#6599,#6600,#6601);
#6599 = CARTESIAN_POINT('',(1.14E+03,403.,1.065E+03));
#6600 = DIRECTION('',(0.,0.,1.));
#6601 = DIRECTION('',(1.,0.,0.));
#6602 = ADVANCED_FACE('',(#6603),#6606,.T.);
#6603 = FACE_BOUND('',#6604,.T.);
#6604 = EDGE_LOOP('',(#6605));
#6605 = ORIENTED_EDGE('',*,*,#6303,.T.);
#6606 = PLANE('',#6607);
#6607 = AXIS2_PLACEMENT_3D('',#6608,#6609,#6610);
#6608 = CARTESIAN_POINT('',(1.14E+03,403.,1.095E+03));
#6609 = DIRECTION('',(0.,0.,1.));
#6610 = DIRECTION('',(1.,0.,0.));
#6611 = ADVANCED_FACE('',(#6612),#6622,.T.);
#6612 = FACE_BOUND('',#6613,.T.);
#6613 = EDGE_LOOP('',(#6614,#6621));
#6614 = ORIENTED_EDGE('',*,*,#6615,.F.);
#6615 = EDGE_CURVE('',#6321,#6323,#6616,.T.);
#6616 = CIRCLE('',#6617,8.);
#6617 = AXIS2_PLACEMENT_3D('',#6618,#6619,#6620);
#6618 = CARTESIAN_POINT('',(1.14E+03,393.,1.075E+03));
#6619 = DIRECTION('',(0.,-1.,0.));
#6620 = DIRECTION('',(0.,0.,-1.));
#6621 = ORIENTED_EDGE('',*,*,#6320,.T.);
#6622 = CYLINDRICAL_SURFACE('',#6623,8.);
#6623 = AXIS2_PLACEMENT_3D('',#6624,#6625,#6626);
#6624 = CARTESIAN_POINT('',(1.14E+03,523.,1.075E+03));
#6625 = DIRECTION('',(0.,-1.,0.));
#6626 = DIRECTION('',(0.,0.,-1.));
#6627 = ADVANCED_FACE('',(#6628),#6638,.T.);
#6628 = FACE_BOUND('',#6629,.T.);
#6629 = EDGE_LOOP('',(#6630,#6631));
#6630 = ORIENTED_EDGE('',*,*,#6455,.T.);
#6631 = ORIENTED_EDGE('',*,*,#6632,.F.);
#6632 = EDGE_CURVE('',#6323,#6321,#6633,.T.);
#6633 = CIRCLE('',#6634,8.);
#6634 = AXIS2_PLACEMENT_3D('',#6635,#6636,#6637);
#6635 = CARTESIAN_POINT('',(1.14E+03,393.,1.075E+03));
#6636 = DIRECTION('',(0.,-1.,0.));
#6637 = DIRECTION('',(0.,0.,-1.));
#6638 = CYLINDRICAL_SURFACE('',#6639,8.);
#6639 = AXIS2_PLACEMENT_3D('',#6640,#6641,#6642);
#6640 = CARTESIAN_POINT('',(1.14E+03,523.,1.075E+03));
#6641 = DIRECTION('',(0.,-1.,0.));
#6642 = DIRECTION('',(0.,0.,-1.));
#6643 = ADVANCED_FACE('',(#6644),#6653,.T.);
#6644 = FACE_BOUND('',#6645,.T.);
#6645 = EDGE_LOOP('',(#6646,#6652));
#6646 = ORIENTED_EDGE('',*,*,#6647,.F.);
#6647 = EDGE_CURVE('',#6321,#6323,#6648,.T.);
#6648 = LINE('',#6649,#6650);
#6649 = CARTESIAN_POINT('',(1.14E+03,393.,1.065E+03));
#6650 = VECTOR('',#6651,1.);
#6651 = DIRECTION('',(0.,0.,1.));
#6652 = ORIENTED_EDGE('',*,*,#6615,.T.);
#6653 = PLANE('',#6654);
#6654 = AXIS2_PLACEMENT_3D('',#6655,#6656,#6657);
#6655 = CARTESIAN_POINT('',(1.14E+03,393.,1.075E+03));
#6656 = DIRECTION('',(0.,-1.,0.));
#6657 = DIRECTION('',(0.,0.,-1.));
#6658 = ADVANCED_FACE('',(#6659),#6663,.T.);
#6659 = FACE_BOUND('',#6660,.T.);
#6660 = EDGE_LOOP('',(#6661,#6662));
#6661 = ORIENTED_EDGE('',*,*,#6632,.T.);
#6662 = ORIENTED_EDGE('',*,*,#6647,.T.);
#6663 = PLANE('',#6664);
#6664 = AXIS2_PLACEMENT_3D('',#6665,#6666,#6667);
#6665 = CARTESIAN_POINT('',(1.14E+03,393.,1.075E+03));
#6666 = DIRECTION('',(0.,-1.,0.));
#6667 = DIRECTION('',(0.,0.,-1.));
#6668 = MANIFOLD_SOLID_BREP('',#6669);
#6669 = CLOSED_SHELL('',(#6670,#6710,#6750,#6772,#6794,#6806));
#6670 = ADVANCED_FACE('',(#6671),#6705,.F.);
#6671 = FACE_BOUND('',#6672,.F.);
#6672 = EDGE_LOOP('',(#6673,#6683,#6691,#6699));
#6673 = ORIENTED_EDGE('',*,*,#6674,.F.);
#6674 = EDGE_CURVE('',#6675,#6677,#6679,.T.);
#6675 = VERTEX_POINT('',#6676);
#6676 = CARTESIAN_POINT('',(871.,0.,98.));
#6677 = VERTEX_POINT('',#6678);
#6678 = CARTESIAN_POINT('',(871.,0.,870.));
#6679 = LINE('',#6680,#6681);
#6680 = CARTESIAN_POINT('',(871.,0.,98.));
#6681 = VECTOR('',#6682,1.);
#6682 = DIRECTION('',(0.,0.,1.));
#6683 = ORIENTED_EDGE('',*,*,#6684,.T.);
#6684 = EDGE_CURVE('',#6675,#6685,#6687,.T.);
#6685 = VERTEX_POINT('',#6686);
#6686 = CARTESIAN_POINT('',(871.,650.,98.));
#6687 = LINE('',#6688,#6689);
#6688 = CARTESIAN_POINT('',(871.,0.,98.));
#6689 = VECTOR('',#6690,1.);
#6690 = DIRECTION('',(0.,1.,0.));
#6691 = ORIENTED_EDGE('',*,*,#6692,.T.);
#6692 = EDGE_CURVE('',#6685,#6693,#6695,.T.);
#6693 = VERTEX_POINT('',#6694);
#6694 = CARTESIAN_POINT('',(871.,650.,870.));
#6695 = LINE('',#6696,#6697);
#6696 = CARTESIAN_POINT('',(871.,650.,98.));
#6697 = VECTOR('',#6698,1.);
#6698 = DIRECTION('',(0.,0.,1.));
#6699 = ORIENTED_EDGE('',*,*,#6700,.F.);
#6700 = EDGE_CURVE('',#6677,#6693,#6701,.T.);
#6701 = LINE('',#6702,#6703);
#6702 = CARTESIAN_POINT('',(871.,0.,870.));
#6703 = VECTOR('',#6704,1.);
#6704 = DIRECTION('',(0.,1.,0.));
#6705 = PLANE('',#6706);
#6706 = AXIS2_PLACEMENT_3D('',#6707,#6708,#6709);
#6707 = CARTESIAN_POINT('',(871.,0.,98.));
#6708 = DIRECTION('',(1.,0.,0.));
#6709 = DIRECTION('',(0.,0.,1.));
#6710 = ADVANCED_FACE('',(#6711),#6745,.T.);
#6711 = FACE_BOUND('',#6712,.T.);
#6712 = EDGE_LOOP('',(#6713,#6723,#6731,#6739));
#6713 = ORIENTED_EDGE('',*,*,#6714,.F.);
#6714 = EDGE_CURVE('',#6715,#6717,#6719,.T.);
#6715 = VERTEX_POINT('',#6716);
#6716 = CARTESIAN_POINT('',(889.,0.,98.));
#6717 = VERTEX_POINT('',#6718);
#6718 = CARTESIAN_POINT('',(889.,0.,870.));
#6719 = LINE('',#6720,#6721);
#6720 = CARTESIAN_POINT('',(889.,0.,98.));
#6721 = VECTOR('',#6722,1.);
#6722 = DIRECTION('',(0.,0.,1.));
#6723 = ORIENTED_EDGE('',*,*,#6724,.T.);
#6724 = EDGE_CURVE('',#6715,#6725,#6727,.T.);
#6725 = VERTEX_POINT('',#6726);
#6726 = CARTESIAN_POINT('',(889.,650.,98.));
#6727 = LINE('',#6728,#6729);
#6728 = CARTESIAN_POINT('',(889.,0.,98.));
#6729 = VECTOR('',#6730,1.);
#6730 = DIRECTION('',(0.,1.,0.));
#6731 = ORIENTED_EDGE('',*,*,#6732,.T.);
#6732 = EDGE_CURVE('',#6725,#6733,#6735,.T.);
#6733 = VERTEX_POINT('',#6734);
#6734 = CARTESIAN_POINT('',(889.,650.,870.));
#6735 = LINE('',#6736,#6737);
#6736 = CARTESIAN_POINT('',(889.,650.,98.));
#6737 = VECTOR('',#6738,1.);
#6738 = DIRECTION('',(0.,0.,1.));
#6739 = ORIENTED_EDGE('',*,*,#6740,.F.);
#6740 = EDGE_CURVE('',#6717,#6733,#6741,.T.);
#6741 = LINE('',#6742,#6743);
#6742 = CARTESIAN_POINT('',(889.,0.,870.));
#6743 = VECTOR('',#6744,1.);
#6744 = DIRECTION('',(0.,1.,0.));
#6745 = PLANE('',#6746);
#6746 = AXIS2_PLACEMENT_3D('',#6747,#6748,#6749);
#6747 = CARTESIAN_POINT('',(889.,0.,98.));
#6748 = DIRECTION('',(1.,0.,0.));
#6749 = DIRECTION('',(0.,0.,1.));
#6750 = ADVANCED_FACE('',(#6751),#6767,.F.);
#6751 = FACE_BOUND('',#6752,.F.);
#6752 = EDGE_LOOP('',(#6753,#6759,#6760,#6766));
#6753 = ORIENTED_EDGE('',*,*,#6754,.F.);
#6754 = EDGE_CURVE('',#6675,#6715,#6755,.T.);
#6755 = LINE('',#6756,#6757);
#6756 = CARTESIAN_POINT('',(871.,0.,98.));
#6757 = VECTOR('',#6758,1.);
#6758 = DIRECTION('',(1.,0.,0.));
#6759 = ORIENTED_EDGE('',*,*,#6674,.T.);
#6760 = ORIENTED_EDGE('',*,*,#6761,.T.);
#6761 = EDGE_CURVE('',#6677,#6717,#6762,.T.);
#6762 = LINE('',#6763,#6764);
#6763 = CARTESIAN_POINT('',(871.,0.,870.));
#6764 = VECTOR('',#6765,1.);
#6765 = DIRECTION('',(1.,0.,0.));
#6766 = ORIENTED_EDGE('',*,*,#6714,.F.);
#6767 = PLANE('',#6768);
#6768 = AXIS2_PLACEMENT_3D('',#6769,#6770,#6771);
#6769 = CARTESIAN_POINT('',(871.,0.,98.));
#6770 = DIRECTION('',(0.,1.,0.));
#6771 = DIRECTION('',(0.,0.,1.));
#6772 = ADVANCED_FACE('',(#6773),#6789,.T.);
#6773 = FACE_BOUND('',#6774,.T.);
#6774 = EDGE_LOOP('',(#6775,#6781,#6782,#6788));
#6775 = ORIENTED_EDGE('',*,*,#6776,.F.);
#6776 = EDGE_CURVE('',#6685,#6725,#6777,.T.);
#6777 = LINE('',#6778,#6779);
#6778 = CARTESIAN_POINT('',(871.,650.,98.));
#6779 = VECTOR('',#6780,1.);
#6780 = DIRECTION('',(1.,0.,0.));
#6781 = ORIENTED_EDGE('',*,*,#6692,.T.);
#6782 = ORIENTED_EDGE('',*,*,#6783,.T.);
#6783 = EDGE_CURVE('',#6693,#6733,#6784,.T.);
#6784 = LINE('',#6785,#6786);
#6785 = CARTESIAN_POINT('',(871.,650.,870.));
#6786 = VECTOR('',#6787,1.);
#6787 = DIRECTION('',(1.,0.,0.));
#6788 = ORIENTED_EDGE('',*,*,#6732,.F.);
#6789 = PLANE('',#6790);
#6790 = AXIS2_PLACEMENT_3D('',#6791,#6792,#6793);
#6791 = CARTESIAN_POINT('',(871.,650.,98.));
#6792 = DIRECTION('',(0.,1.,0.));
#6793 = DIRECTION('',(0.,0.,1.));
#6794 = ADVANCED_FACE('',(#6795),#6801,.F.);
#6795 = FACE_BOUND('',#6796,.F.);
#6796 = EDGE_LOOP('',(#6797,#6798,#6799,#6800));
#6797 = ORIENTED_EDGE('',*,*,#6684,.F.);
#6798 = ORIENTED_EDGE('',*,*,#6754,.T.);
#6799 = ORIENTED_EDGE('',*,*,#6724,.T.);
#6800 = ORIENTED_EDGE('',*,*,#6776,.F.);
#6801 = PLANE('',#6802);
#6802 = AXIS2_PLACEMENT_3D('',#6803,#6804,#6805);
#6803 = CARTESIAN_POINT('',(871.,0.,98.));
#6804 = DIRECTION('',(0.,0.,1.));
#6805 = DIRECTION('',(1.,0.,0.));
#6806 = ADVANCED_FACE('',(#6807),#6813,.T.);
#6807 = FACE_BOUND('',#6808,.T.);
#6808 = EDGE_LOOP('',(#6809,#6810,#6811,#6812));
#6809 = ORIENTED_EDGE('',*,*,#6700,.F.);
#6810 = ORIENTED_EDGE('',*,*,#6761,.T.);
#6811 = ORIENTED_EDGE('',*,*,#6740,.T.);
#6812 = ORIENTED_EDGE('',*,*,#6783,.F.);
#6813 = PLANE('',#6814);
#6814 = AXIS2_PLACEMENT_3D('',#6815,#6816,#6817);
#6815 = CARTESIAN_POINT('',(871.,0.,870.));
#6816 = DIRECTION('',(0.,0.,1.));
#6817 = DIRECTION('',(1.,0.,0.));
#6818 = MANIFOLD_SOLID_BREP('',#6819);
#6819 = CLOSED_SHELL('',(#6820,#6860,#6900,#6922,#6944,#6956));
#6820 = ADVANCED_FACE('',(#6821),#6855,.F.);
#6821 = FACE_BOUND('',#6822,.F.);
#6822 = EDGE_LOOP('',(#6823,#6833,#6841,#6849));
#6823 = ORIENTED_EDGE('',*,*,#6824,.F.);
#6824 = EDGE_CURVE('',#6825,#6827,#6829,.T.);
#6825 = VERTEX_POINT('',#6826);
#6826 = CARTESIAN_POINT('',(889.,0.,418.));
#6827 = VERTEX_POINT('',#6828);
#6828 = CARTESIAN_POINT('',(889.,0.,436.));
#6829 = LINE('',#6830,#6831);
#6830 = CARTESIAN_POINT('',(889.,0.,418.));
#6831 = VECTOR('',#6832,1.);
#6832 = DIRECTION('',(0.,0.,1.));
#6833 = ORIENTED_EDGE('',*,*,#6834,.T.);
#6834 = EDGE_CURVE('',#6825,#6835,#6837,.T.);
#6835 = VERTEX_POINT('',#6836);
#6836 = CARTESIAN_POINT('',(889.,612.,418.));
#6837 = LINE('',#6838,#6839);
#6838 = CARTESIAN_POINT('',(889.,0.,418.));
#6839 = VECTOR('',#6840,1.);
#6840 = DIRECTION('',(0.,1.,0.));
#6841 = ORIENTED_EDGE('',*,*,#6842,.T.);
#6842 = EDGE_CURVE('',#6835,#6843,#6845,.T.);
#6843 = VERTEX_POINT('',#6844);
#6844 = CARTESIAN_POINT('',(889.,612.,436.));
#6845 = LINE('',#6846,#6847);
#6846 = CARTESIAN_POINT('',(889.,612.,418.));
#6847 = VECTOR('',#6848,1.);
#6848 = DIRECTION('',(0.,0.,1.));
#6849 = ORIENTED_EDGE('',*,*,#6850,.F.);
#6850 = EDGE_CURVE('',#6827,#6843,#6851,.T.);
#6851 = LINE('',#6852,#6853);
#6852 = CARTESIAN_POINT('',(889.,0.,436.));
#6853 = VECTOR('',#6854,1.);
#6854 = DIRECTION('',(0.,1.,0.));
#6855 = PLANE('',#6856);
#6856 = AXIS2_PLACEMENT_3D('',#6857,#6858,#6859);
#6857 = CARTESIAN_POINT('',(889.,0.,418.));
#6858 = DIRECTION('',(1.,0.,0.));
#6859 = DIRECTION('',(0.,0.,1.));
#6860 = ADVANCED_FACE('',(#6861),#6895,.T.);
#6861 = FACE_BOUND('',#6862,.T.);
#6862 = EDGE_LOOP('',(#6863,#6873,#6881,#6889));
#6863 = ORIENTED_EDGE('',*,*,#6864,.F.);
#6864 = EDGE_CURVE('',#6865,#6867,#6869,.T.);
#6865 = VERTEX_POINT('',#6866);
#6866 = CARTESIAN_POINT('',(1.538E+03,0.,418.));
#6867 = VERTEX_POINT('',#6868);
#6868 = CARTESIAN_POINT('',(1.538E+03,0.,436.));
#6869 = LINE('',#6870,#6871);
#6870 = CARTESIAN_POINT('',(1.538E+03,0.,418.));
#6871 = VECTOR('',#6872,1.);
#6872 = DIRECTION('',(0.,0.,1.));
#6873 = ORIENTED_EDGE('',*,*,#6874,.T.);
#6874 = EDGE_CURVE('',#6865,#6875,#6877,.T.);
#6875 = VERTEX_POINT('',#6876);
#6876 = CARTESIAN_POINT('',(1.538E+03,612.,418.));
#6877 = LINE('',#6878,#6879);
#6878 = CARTESIAN_POINT('',(1.538E+03,0.,418.));
#6879 = VECTOR('',#6880,1.);
#6880 = DIRECTION('',(0.,1.,0.));
#6881 = ORIENTED_EDGE('',*,*,#6882,.T.);
#6882 = EDGE_CURVE('',#6875,#6883,#6885,.T.);
#6883 = VERTEX_POINT('',#6884);
#6884 = CARTESIAN_POINT('',(1.538E+03,612.,436.));
#6885 = LINE('',#6886,#6887);
#6886 = CARTESIAN_POINT('',(1.538E+03,612.,418.));
#6887 = VECTOR('',#6888,1.);
#6888 = DIRECTION('',(0.,0.,1.));
#6889 = ORIENTED_EDGE('',*,*,#6890,.F.);
#6890 = EDGE_CURVE('',#6867,#6883,#6891,.T.);
#6891 = LINE('',#6892,#6893);
#6892 = CARTESIAN_POINT('',(1.538E+03,0.,436.));
#6893 = VECTOR('',#6894,1.);
#6894 = DIRECTION('',(0.,1.,0.));
#6895 = PLANE('',#6896);
#6896 = AXIS2_PLACEMENT_3D('',#6897,#6898,#6899);
#6897 = CARTESIAN_POINT('',(1.538E+03,0.,418.));
#6898 = DIRECTION('',(1.,0.,0.));
#6899 = DIRECTION('',(0.,0.,1.));
#6900 = ADVANCED_FACE('',(#6901),#6917,.F.);
#6901 = FACE_BOUND('',#6902,.F.);
#6902 = EDGE_LOOP('',(#6903,#6909,#6910,#6916));
#6903 = ORIENTED_EDGE('',*,*,#6904,.F.);
#6904 = EDGE_CURVE('',#6825,#6865,#6905,.T.);
#6905 = LINE('',#6906,#6907);
#6906 = CARTESIAN_POINT('',(889.,0.,418.));
#6907 = VECTOR('',#6908,1.);
#6908 = DIRECTION('',(1.,0.,0.));
#6909 = ORIENTED_EDGE('',*,*,#6824,.T.);
#6910 = ORIENTED_EDGE('',*,*,#6911,.T.);
#6911 = EDGE_CURVE('',#6827,#6867,#6912,.T.);
#6912 = LINE('',#6913,#6914);
#6913 = CARTESIAN_POINT('',(889.,0.,436.));
#6914 = VECTOR('',#6915,1.);
#6915 = DIRECTION('',(1.,0.,0.));
#6916 = ORIENTED_EDGE('',*,*,#6864,.F.);
#6917 = PLANE('',#6918);
#6918 = AXIS2_PLACEMENT_3D('',#6919,#6920,#6921);
#6919 = CARTESIAN_POINT('',(889.,0.,418.));
#6920 = DIRECTION('',(0.,1.,0.));
#6921 = DIRECTION('',(0.,0.,1.));
#6922 = ADVANCED_FACE('',(#6923),#6939,.T.);
#6923 = FACE_BOUND('',#6924,.T.);
#6924 = EDGE_LOOP('',(#6925,#6931,#6932,#6938));
#6925 = ORIENTED_EDGE('',*,*,#6926,.F.);
#6926 = EDGE_CURVE('',#6835,#6875,#6927,.T.);
#6927 = LINE('',#6928,#6929);
#6928 = CARTESIAN_POINT('',(889.,612.,418.));
#6929 = VECTOR('',#6930,1.);
#6930 = DIRECTION('',(1.,0.,0.));
#6931 = ORIENTED_EDGE('',*,*,#6842,.T.);
#6932 = ORIENTED_EDGE('',*,*,#6933,.T.);
#6933 = EDGE_CURVE('',#6843,#6883,#6934,.T.);
#6934 = LINE('',#6935,#6936);
#6935 = CARTESIAN_POINT('',(889.,612.,436.));
#6936 = VECTOR('',#6937,1.);
#6937 = DIRECTION('',(1.,0.,0.));
#6938 = ORIENTED_EDGE('',*,*,#6882,.F.);
#6939 = PLANE('',#6940);
#6940 = AXIS2_PLACEMENT_3D('',#6941,#6942,#6943);
#6941 = CARTESIAN_POINT('',(889.,612.,418.));
#6942 = DIRECTION('',(0.,1.,0.));
#6943 = DIRECTION('',(0.,0.,1.));
#6944 = ADVANCED_FACE('',(#6945),#6951,.F.);
#6945 = FACE_BOUND('',#6946,.F.);
#6946 = EDGE_LOOP('',(#6947,#6948,#6949,#6950));
#6947 = ORIENTED_EDGE('',*,*,#6834,.F.);
#6948 = ORIENTED_EDGE('',*,*,#6904,.T.);
#6949 = ORIENTED_EDGE('',*,*,#6874,.T.);
#6950 = ORIENTED_EDGE('',*,*,#6926,.F.);
#6951 = PLANE('',#6952);
#6952 = AXIS2_PLACEMENT_3D('',#6953,#6954,#6955);
#6953 = CARTESIAN_POINT('',(889.,0.,418.));
#6954 = DIRECTION('',(0.,0.,1.));
#6955 = DIRECTION('',(1.,0.,0.));
#6956 = ADVANCED_FACE('',(#6957),#6963,.T.);
#6957 = FACE_BOUND('',#6958,.T.);
#6958 = EDGE_LOOP('',(#6959,#6960,#6961,#6962));
#6959 = ORIENTED_EDGE('',*,*,#6850,.F.);
#6960 = ORIENTED_EDGE('',*,*,#6911,.T.);
#6961 = ORIENTED_EDGE('',*,*,#6890,.T.);
#6962 = ORIENTED_EDGE('',*,*,#6933,.F.);
#6963 = PLANE('',#6964);
#6964 = AXIS2_PLACEMENT_3D('',#6965,#6966,#6967);
#6965 = CARTESIAN_POINT('',(889.,0.,436.));
#6966 = DIRECTION('',(0.,0.,1.));
#6967 = DIRECTION('',(1.,0.,0.));
#6968 = MANIFOLD_SOLID_BREP('',#6969);
#6969 = CLOSED_SHELL('',(#6970,#7010,#7050,#7072,#7094,#7106));
#6970 = ADVANCED_FACE('',(#6971),#7005,.F.);
#6971 = FACE_BOUND('',#6972,.F.);
#6972 = EDGE_LOOP('',(#6973,#6983,#6991,#6999));
#6973 = ORIENTED_EDGE('',*,*,#6974,.F.);
#6974 = EDGE_CURVE('',#6975,#6977,#6979,.T.);
#6975 = VERTEX_POINT('',#6976);
#6976 = CARTESIAN_POINT('',(418.,0.,418.));
#6977 = VERTEX_POINT('',#6978);
#6978 = CARTESIAN_POINT('',(418.,0.,436.));
#6979 = LINE('',#6980,#6981);
#6980 = CARTESIAN_POINT('',(418.,0.,418.));
#6981 = VECTOR('',#6982,1.);
#6982 = DIRECTION('',(0.,0.,1.));
#6983 = ORIENTED_EDGE('',*,*,#6984,.T.);
#6984 = EDGE_CURVE('',#6975,#6985,#6987,.T.);
#6985 = VERTEX_POINT('',#6986);
#6986 = CARTESIAN_POINT('',(418.,612.,418.));
#6987 = LINE('',#6988,#6989);
#6988 = CARTESIAN_POINT('',(418.,0.,418.));
#6989 = VECTOR('',#6990,1.);
#6990 = DIRECTION('',(0.,1.,0.));
#6991 = ORIENTED_EDGE('',*,*,#6992,.T.);
#6992 = EDGE_CURVE('',#6985,#6993,#6995,.T.);
#6993 = VERTEX_POINT('',#6994);
#6994 = CARTESIAN_POINT('',(418.,612.,436.));
#6995 = LINE('',#6996,#6997);
#6996 = CARTESIAN_POINT('',(418.,612.,418.));
#6997 = VECTOR('',#6998,1.);
#6998 = DIRECTION('',(0.,0.,1.));
#6999 = ORIENTED_EDGE('',*,*,#7000,.F.);
#7000 = EDGE_CURVE('',#6977,#6993,#7001,.T.);
#7001 = LINE('',#7002,#7003);
#7002 = CARTESIAN_POINT('',(418.,0.,436.));
#7003 = VECTOR('',#7004,1.);
#7004 = DIRECTION('',(0.,1.,0.));
#7005 = PLANE('',#7006);
#7006 = AXIS2_PLACEMENT_3D('',#7007,#7008,#7009);
#7007 = CARTESIAN_POINT('',(418.,0.,418.));
#7008 = DIRECTION('',(1.,0.,0.));
#7009 = DIRECTION('',(0.,0.,1.));
#7010 = ADVANCED_FACE('',(#7011),#7045,.T.);
#7011 = FACE_BOUND('',#7012,.T.);
#7012 = EDGE_LOOP('',(#7013,#7023,#7031,#7039));
#7013 = ORIENTED_EDGE('',*,*,#7014,.F.);
#7014 = EDGE_CURVE('',#7015,#7017,#7019,.T.);
#7015 = VERTEX_POINT('',#7016);
#7016 = CARTESIAN_POINT('',(869.,0.,418.));
#7017 = VERTEX_POINT('',#7018);
#7018 = CARTESIAN_POINT('',(869.,0.,436.));
#7019 = LINE('',#7020,#7021);
#7020 = CARTESIAN_POINT('',(869.,0.,418.));
#7021 = VECTOR('',#7022,1.);
#7022 = DIRECTION('',(0.,0.,1.));
#7023 = ORIENTED_EDGE('',*,*,#7024,.T.);
#7024 = EDGE_CURVE('',#7015,#7025,#7027,.T.);
#7025 = VERTEX_POINT('',#7026);
#7026 = CARTESIAN_POINT('',(869.,612.,418.));
#7027 = LINE('',#7028,#7029);
#7028 = CARTESIAN_POINT('',(869.,0.,418.));
#7029 = VECTOR('',#7030,1.);
#7030 = DIRECTION('',(0.,1.,0.));
#7031 = ORIENTED_EDGE('',*,*,#7032,.T.);
#7032 = EDGE_CURVE('',#7025,#7033,#7035,.T.);
#7033 = VERTEX_POINT('',#7034);
#7034 = CARTESIAN_POINT('',(869.,612.,436.));
#7035 = LINE('',#7036,#7037);
#7036 = CARTESIAN_POINT('',(869.,612.,418.));
#7037 = VECTOR('',#7038,1.);
#7038 = DIRECTION('',(0.,0.,1.));
#7039 = ORIENTED_EDGE('',*,*,#7040,.F.);
#7040 = EDGE_CURVE('',#7017,#7033,#7041,.T.);
#7041 = LINE('',#7042,#7043);
#7042 = CARTESIAN_POINT('',(869.,0.,436.));
#7043 = VECTOR('',#7044,1.);
#7044 = DIRECTION('',(0.,1.,0.));
#7045 = PLANE('',#7046);
#7046 = AXIS2_PLACEMENT_3D('',#7047,#7048,#7049);
#7047 = CARTESIAN_POINT('',(869.,0.,418.));
#7048 = DIRECTION('',(1.,0.,0.));
#7049 = DIRECTION('',(0.,0.,1.));
#7050 = ADVANCED_FACE('',(#7051),#7067,.F.);
#7051 = FACE_BOUND('',#7052,.F.);
#7052 = EDGE_LOOP('',(#7053,#7059,#7060,#7066));
#7053 = ORIENTED_EDGE('',*,*,#7054,.F.);
#7054 = EDGE_CURVE('',#6975,#7015,#7055,.T.);
#7055 = LINE('',#7056,#7057);
#7056 = CARTESIAN_POINT('',(418.,0.,418.));
#7057 = VECTOR('',#7058,1.);
#7058 = DIRECTION('',(1.,0.,0.));
#7059 = ORIENTED_EDGE('',*,*,#6974,.T.);
#7060 = ORIENTED_EDGE('',*,*,#7061,.T.);
#7061 = EDGE_CURVE('',#6977,#7017,#7062,.T.);
#7062 = LINE('',#7063,#7064);
#7063 = CARTESIAN_POINT('',(418.,0.,436.));
#7064 = VECTOR('',#7065,1.);
#7065 = DIRECTION('',(1.,0.,0.));
#7066 = ORIENTED_EDGE('',*,*,#7014,.F.);
#7067 = PLANE('',#7068);
#7068 = AXIS2_PLACEMENT_3D('',#7069,#7070,#7071);
#7069 = CARTESIAN_POINT('',(418.,0.,418.));
#7070 = DIRECTION('',(0.,1.,0.));
#7071 = DIRECTION('',(0.,0.,1.));
#7072 = ADVANCED_FACE('',(#7073),#7089,.T.);
#7073 = FACE_BOUND('',#7074,.T.);
#7074 = EDGE_LOOP('',(#7075,#7081,#7082,#7088));
#7075 = ORIENTED_EDGE('',*,*,#7076,.F.);
#7076 = EDGE_CURVE('',#6985,#7025,#7077,.T.);
#7077 = LINE('',#7078,#7079);
#7078 = CARTESIAN_POINT('',(418.,612.,418.));
#7079 = VECTOR('',#7080,1.);
#7080 = DIRECTION('',(1.,0.,0.));
#7081 = ORIENTED_EDGE('',*,*,#6992,.T.);
#7082 = ORIENTED_EDGE('',*,*,#7083,.T.);
#7083 = EDGE_CURVE('',#6993,#7033,#7084,.T.);
#7084 = LINE('',#7085,#7086);
#7085 = CARTESIAN_POINT('',(418.,612.,436.));
#7086 = VECTOR('',#7087,1.);
#7087 = DIRECTION('',(1.,0.,0.));
#7088 = ORIENTED_EDGE('',*,*,#7032,.F.);
#7089 = PLANE('',#7090);
#7090 = AXIS2_PLACEMENT_3D('',#7091,#7092,#7093);
#7091 = CARTESIAN_POINT('',(418.,612.,418.));
#7092 = DIRECTION('',(0.,1.,0.));
#7093 = DIRECTION('',(0.,0.,1.));
#7094 = ADVANCED_FACE('',(#7095),#7101,.F.);
#7095 = FACE_BOUND('',#7096,.F.);
#7096 = EDGE_LOOP('',(#7097,#7098,#7099,#7100));
#7097 = ORIENTED_EDGE('',*,*,#6984,.F.);
#7098 = ORIENTED_EDGE('',*,*,#7054,.T.);
#7099 = ORIENTED_EDGE('',*,*,#7024,.T.);
#7100 = ORIENTED_EDGE('',*,*,#7076,.F.);
#7101 = PLANE('',#7102);
#7102 = AXIS2_PLACEMENT_3D('',#7103,#7104,#7105);
#7103 = CARTESIAN_POINT('',(418.,0.,418.));
#7104 = DIRECTION('',(0.,0.,1.));
#7105 = DIRECTION('',(1.,0.,0.));
#7106 = ADVANCED_FACE('',(#7107),#7113,.T.);
#7107 = FACE_BOUND('',#7108,.T.);
#7108 = EDGE_LOOP('',(#7109,#7110,#7111,#7112));
#7109 = ORIENTED_EDGE('',*,*,#7000,.F.);
#7110 = ORIENTED_EDGE('',*,*,#7061,.T.);
#7111 = ORIENTED_EDGE('',*,*,#7040,.T.);
#7112 = ORIENTED_EDGE('',*,*,#7083,.F.);
#7113 = PLANE('',#7114);
#7114 = AXIS2_PLACEMENT_3D('',#7115,#7116,#7117);
#7115 = CARTESIAN_POINT('',(418.,0.,436.));
#7116 = DIRECTION('',(0.,0.,1.));
#7117 = DIRECTION('',(1.,0.,0.));
#7118 = MANIFOLD_SOLID_BREP('',#7119);
#7119 = CLOSED_SHELL('',(#7120,#7160,#7200,#7222,#7244,#7256));
#7120 = ADVANCED_FACE('',(#7121),#7155,.F.);
#7121 = FACE_BOUND('',#7122,.F.);
#7122 = EDGE_LOOP('',(#7123,#7133,#7141,#7149));
#7123 = ORIENTED_EDGE('',*,*,#7124,.F.);
#7124 = EDGE_CURVE('',#7125,#7127,#7129,.T.);
#7125 = VERTEX_POINT('',#7126);
#7126 = CARTESIAN_POINT('',(418.,0.,80.));
#7127 = VERTEX_POINT('',#7128);
#7128 = CARTESIAN_POINT('',(418.,0.,98.));
#7129 = LINE('',#7130,#7131);
#7130 = CARTESIAN_POINT('',(418.,0.,80.));
#7131 = VECTOR('',#7132,1.);
#7132 = DIRECTION('',(0.,0.,1.));
#7133 = ORIENTED_EDGE('',*,*,#7134,.T.);
#7134 = EDGE_CURVE('',#7125,#7135,#7137,.T.);
#7135 = VERTEX_POINT('',#7136);
#7136 = CARTESIAN_POINT('',(418.,612.,80.));
#7137 = LINE('',#7138,#7139);
#7138 = CARTESIAN_POINT('',(418.,0.,80.));
#7139 = VECTOR('',#7140,1.);
#7140 = DIRECTION('',(0.,1.,0.));
#7141 = ORIENTED_EDGE('',*,*,#7142,.T.);
#7142 = EDGE_CURVE('',#7135,#7143,#7145,.T.);
#7143 = VERTEX_POINT('',#7144);
#7144 = CARTESIAN_POINT('',(418.,612.,98.));
#7145 = LINE('',#7146,#7147);
#7146 = CARTESIAN_POINT('',(418.,612.,80.));
#7147 = VECTOR('',#7148,1.);
#7148 = DIRECTION('',(0.,0.,1.));
#7149 = ORIENTED_EDGE('',*,*,#7150,.F.);
#7150 = EDGE_CURVE('',#7127,#7143,#7151,.T.);
#7151 = LINE('',#7152,#7153);
#7152 = CARTESIAN_POINT('',(418.,0.,98.));
#7153 = VECTOR('',#7154,1.);
#7154 = DIRECTION('',(0.,1.,0.));
#7155 = PLANE('',#7156);
#7156 = AXIS2_PLACEMENT_3D('',#7157,#7158,#7159);
#7157 = CARTESIAN_POINT('',(418.,0.,80.));
#7158 = DIRECTION('',(1.,0.,0.));
#7159 = DIRECTION('',(0.,0.,1.));
#7160 = ADVANCED_FACE('',(#7161),#7195,.T.);
#7161 = FACE_BOUND('',#7162,.T.);
#7162 = EDGE_LOOP('',(#7163,#7173,#7181,#7189));
#7163 = ORIENTED_EDGE('',*,*,#7164,.F.);
#7164 = EDGE_CURVE('',#7165,#7167,#7169,.T.);
#7165 = VERTEX_POINT('',#7166);
#7166 = CARTESIAN_POINT('',(869.,0.,80.));
#7167 = VERTEX_POINT('',#7168);
#7168 = CARTESIAN_POINT('',(869.,0.,98.));
#7169 = LINE('',#7170,#7171);
#7170 = CARTESIAN_POINT('',(869.,0.,80.));
#7171 = VECTOR('',#7172,1.);
#7172 = DIRECTION('',(0.,0.,1.));
#7173 = ORIENTED_EDGE('',*,*,#7174,.T.);
#7174 = EDGE_CURVE('',#7165,#7175,#7177,.T.);
#7175 = VERTEX_POINT('',#7176);
#7176 = CARTESIAN_POINT('',(869.,612.,80.));
#7177 = LINE('',#7178,#7179);
#7178 = CARTESIAN_POINT('',(869.,0.,80.));
#7179 = VECTOR('',#7180,1.);
#7180 = DIRECTION('',(0.,1.,0.));
#7181 = ORIENTED_EDGE('',*,*,#7182,.T.);
#7182 = EDGE_CURVE('',#7175,#7183,#7185,.T.);
#7183 = VERTEX_POINT('',#7184);
#7184 = CARTESIAN_POINT('',(869.,612.,98.));
#7185 = LINE('',#7186,#7187);
#7186 = CARTESIAN_POINT('',(869.,612.,80.));
#7187 = VECTOR('',#7188,1.);
#7188 = DIRECTION('',(0.,0.,1.));
#7189 = ORIENTED_EDGE('',*,*,#7190,.F.);
#7190 = EDGE_CURVE('',#7167,#7183,#7191,.T.);
#7191 = LINE('',#7192,#7193);
#7192 = CARTESIAN_POINT('',(869.,0.,98.));
#7193 = VECTOR('',#7194,1.);
#7194 = DIRECTION('',(0.,1.,0.));
#7195 = PLANE('',#7196);
#7196 = AXIS2_PLACEMENT_3D('',#7197,#7198,#7199);
#7197 = CARTESIAN_POINT('',(869.,0.,80.));
#7198 = DIRECTION('',(1.,0.,0.));
#7199 = DIRECTION('',(0.,0.,1.));
#7200 = ADVANCED_FACE('',(#7201),#7217,.F.);
#7201 = FACE_BOUND('',#7202,.F.);
#7202 = EDGE_LOOP('',(#7203,#7209,#7210,#7216));
#7203 = ORIENTED_EDGE('',*,*,#7204,.F.);
#7204 = EDGE_CURVE('',#7125,#7165,#7205,.T.);
#7205 = LINE('',#7206,#7207);
#7206 = CARTESIAN_POINT('',(418.,0.,80.));
#7207 = VECTOR('',#7208,1.);
#7208 = DIRECTION('',(1.,0.,0.));
#7209 = ORIENTED_EDGE('',*,*,#7124,.T.);
#7210 = ORIENTED_EDGE('',*,*,#7211,.T.);
#7211 = EDGE_CURVE('',#7127,#7167,#7212,.T.);
#7212 = LINE('',#7213,#7214);
#7213 = CARTESIAN_POINT('',(418.,0.,98.));
#7214 = VECTOR('',#7215,1.);
#7215 = DIRECTION('',(1.,0.,0.));
#7216 = ORIENTED_EDGE('',*,*,#7164,.F.);
#7217 = PLANE('',#7218);
#7218 = AXIS2_PLACEMENT_3D('',#7219,#7220,#7221);
#7219 = CARTESIAN_POINT('',(418.,0.,80.));
#7220 = DIRECTION('',(0.,1.,0.));
#7221 = DIRECTION('',(0.,0.,1.));
#7222 = ADVANCED_FACE('',(#7223),#7239,.T.);
#7223 = FACE_BOUND('',#7224,.T.);
#7224 = EDGE_LOOP('',(#7225,#7231,#7232,#7238));
#7225 = ORIENTED_EDGE('',*,*,#7226,.F.);
#7226 = EDGE_CURVE('',#7135,#7175,#7227,.T.);
#7227 = LINE('',#7228,#7229);
#7228 = CARTESIAN_POINT('',(418.,612.,80.));
#7229 = VECTOR('',#7230,1.);
#7230 = DIRECTION('',(1.,0.,0.));
#7231 = ORIENTED_EDGE('',*,*,#7142,.T.);
#7232 = ORIENTED_EDGE('',*,*,#7233,.T.);
#7233 = EDGE_CURVE('',#7143,#7183,#7234,.T.);
#7234 = LINE('',#7235,#7236);
#7235 = CARTESIAN_POINT('',(418.,612.,98.));
#7236 = VECTOR('',#7237,1.);
#7237 = DIRECTION('',(1.,0.,0.));
#7238 = ORIENTED_EDGE('',*,*,#7182,.F.);
#7239 = PLANE('',#7240);
#7240 = AXIS2_PLACEMENT_3D('',#7241,#7242,#7243);
#7241 = CARTESIAN_POINT('',(418.,612.,80.));
#7242 = DIRECTION('',(0.,1.,0.));
#7243 = DIRECTION('',(0.,0.,1.));
#7244 = ADVANCED_FACE('',(#7245),#7251,.F.);
#7245 = FACE_BOUND('',#7246,.F.);
#7246 = EDGE_LOOP('',(#7247,#7248,#7249,#7250));
#7247 = ORIENTED_EDGE('',*,*,#7134,.F.);
#7248 = ORIENTED_EDGE('',*,*,#7204,.T.);
#7249 = ORIENTED_EDGE('',*,*,#7174,.T.);
#7250 = ORIENTED_EDGE('',*,*,#7226,.F.);
#7251 = PLANE('',#7252);
#7252 = AXIS2_PLACEMENT_3D('',#7253,#7254,#7255);
#7253 = CARTESIAN_POINT('',(418.,0.,80.));
#7254 = DIRECTION('',(0.,0.,1.));
#7255 = DIRECTION('',(1.,0.,0.));
#7256 = ADVANCED_FACE('',(#7257),#7263,.T.);
#7257 = FACE_BOUND('',#7258,.T.);
#7258 = EDGE_LOOP('',(#7259,#7260,#7261,#7262));
#7259 = ORIENTED_EDGE('',*,*,#7150,.F.);
#7260 = ORIENTED_EDGE('',*,*,#7211,.T.);
#7261 = ORIENTED_EDGE('',*,*,#7190,.T.);
#7262 = ORIENTED_EDGE('',*,*,#7233,.F.);
#7263 = PLANE('',#7264);
#7264 = AXIS2_PLACEMENT_3D('',#7265,#7266,#7267);
#7265 = CARTESIAN_POINT('',(418.,0.,98.));
#7266 = DIRECTION('',(0.,0.,1.));
#7267 = DIRECTION('',(1.,0.,0.));
#7268 = ( GEOMETRIC_REPRESENTATION_CONTEXT(3) 
GLOBAL_UNCERTAINTY_ASSIGNED_CONTEXT((#7272)) 
GLOBAL_UNIT_ASSIGNED_CONTEXT((#7269,#7270,#7271)) REPRESENTATION_CONTEXT
('Context #1','3D Context with UNIT and UNCERTAINTY') );
#7269 = ( LENGTH_UNIT() NAMED_UNIT(*) SI_UNIT(.MILLI.,.METRE.) );
#7270 = ( NAMED_UNIT(*) PLANE_ANGLE_UNIT() SI_UNIT($,.RADIAN.) );
#7271 = ( NAMED_UNIT(*) SI_UNIT($,.STERADIAN.) SOLID_ANGLE_UNIT() );
#7272 = UNCERTAINTY_MEASURE_WITH_UNIT(LENGTH_MEASURE(1.E-06),#7269,
  'distance_accuracy_value','confusion accuracy');
#7273 = PRODUCT_RELATED_PRODUCT_CATEGORY('part',$,(#7));
ENDSEC;
END-ISO-10303-21;
