ISO-10303-21;
HEADER;
FILE_DESCRIPTION(('FreeCAD Model'),'2;1');
FILE_NAME('Open CASCADE Shape Model','2026-03-15T17:41:03',('FreeCAD'),(
    'FreeCAD'),'Open CASCADE STEP processor 7.8','FreeCAD','Unknown');
FILE_SCHEMA(('AUTOMOTIVE_DESIGN { 1 0 10303 214 1 1 1 1 }'));
ENDSEC;
DATA;
#1 = APPLICATION_PROTOCOL_DEFINITION('international standard',
  'automotive_design',2000,#2);
#2 = APPLICATION_CONTEXT(
  'core data for automotive mechanical design processes');
#3 = SHAPE_DEFINITION_REPRESENTATION(#4,#10);
#4 = PRODUCT_DEFINITION_SHAPE('','',#5);
#5 = PRODUCT_DEFINITION('design','',#6,#9);
#6 = PRODUCT_DEFINITION_FORMATION('','',#7);
#7 = PRODUCT('Open CASCADE STEP translator 7.8 1',
  'Open CASCADE STEP translator 7.8 1','',(#8));
#8 = PRODUCT_CONTEXT('',#2,'mechanical');
#9 = PRODUCT_DEFINITION_CONTEXT('part definition',#2,'design');
#10 = SHAPE_REPRESENTATION('',(#11,#15,#165,#315,#465,#615,#765,#915,
    #1065,#1215,#1365,#1515,#1665,#1815,#1965,#2251,#2401,#2551,#2701,
    #2851,#3001,#3151,#3861,#5332,#5618),#5900);
#11 = AXIS2_PLACEMENT_3D('',#12,#13,#14);
#12 = CARTESIAN_POINT('',(0.,0.,0.));
#13 = DIRECTION('',(0.,0.,1.));
#14 = DIRECTION('',(1.,0.,-0.));
#15 = MANIFOLD_SOLID_BREP('',#16);
#16 = CLOSED_SHELL('',(#17,#57,#97,#119,#141,#153));
#17 = ADVANCED_FACE('',(#18),#52,.F.);
#18 = FACE_BOUND('',#19,.F.);
#19 = EDGE_LOOP('',(#20,#30,#38,#46));
#20 = ORIENTED_EDGE('',*,*,#21,.F.);
#21 = EDGE_CURVE('',#22,#24,#26,.T.);
#22 = VERTEX_POINT('',#23);
#23 = CARTESIAN_POINT('',(0.,0.,80.));
#24 = VERTEX_POINT('',#25);
#25 = CARTESIAN_POINT('',(0.,0.,870.));
#26 = LINE('',#27,#28);
#27 = CARTESIAN_POINT('',(0.,0.,80.));
#28 = VECTOR('',#29,1.);
#29 = DIRECTION('',(0.,0.,1.));
#30 = ORIENTED_EDGE('',*,*,#31,.T.);
#31 = EDGE_CURVE('',#22,#32,#34,.T.);
#32 = VERTEX_POINT('',#33);
#33 = CARTESIAN_POINT('',(0.,650.,80.));
#34 = LINE('',#35,#36);
#35 = CARTESIAN_POINT('',(0.,0.,80.));
#36 = VECTOR('',#37,1.);
#37 = DIRECTION('',(0.,1.,0.));
#38 = ORIENTED_EDGE('',*,*,#39,.T.);
#39 = EDGE_CURVE('',#32,#40,#42,.T.);
#40 = VERTEX_POINT('',#41);
#41 = CARTESIAN_POINT('',(0.,650.,870.));
#42 = LINE('',#43,#44);
#43 = CARTESIAN_POINT('',(0.,650.,80.));
#44 = VECTOR('',#45,1.);
#45 = DIRECTION('',(0.,0.,1.));
#46 = ORIENTED_EDGE('',*,*,#47,.F.);
#47 = EDGE_CURVE('',#24,#40,#48,.T.);
#48 = LINE('',#49,#50);
#49 = CARTESIAN_POINT('',(0.,0.,870.));
#50 = VECTOR('',#51,1.);
#51 = DIRECTION('',(0.,1.,0.));
#52 = PLANE('',#53);
#53 = AXIS2_PLACEMENT_3D('',#54,#55,#56);
#54 = CARTESIAN_POINT('',(0.,0.,80.));
#55 = DIRECTION('',(1.,0.,0.));
#56 = DIRECTION('',(0.,0.,1.));
#57 = ADVANCED_FACE('',(#58),#92,.T.);
#58 = FACE_BOUND('',#59,.T.);
#59 = EDGE_LOOP('',(#60,#70,#78,#86));
#60 = ORIENTED_EDGE('',*,*,#61,.F.);
#61 = EDGE_CURVE('',#62,#64,#66,.T.);
#62 = VERTEX_POINT('',#63);
#63 = CARTESIAN_POINT('',(18.,0.,80.));
#64 = VERTEX_POINT('',#65);
#65 = CARTESIAN_POINT('',(18.,0.,870.));
#66 = LINE('',#67,#68);
#67 = CARTESIAN_POINT('',(18.,0.,80.));
#68 = VECTOR('',#69,1.);
#69 = DIRECTION('',(0.,0.,1.));
#70 = ORIENTED_EDGE('',*,*,#71,.T.);
#71 = EDGE_CURVE('',#62,#72,#74,.T.);
#72 = VERTEX_POINT('',#73);
#73 = CARTESIAN_POINT('',(18.,650.,80.));
#74 = LINE('',#75,#76);
#75 = CARTESIAN_POINT('',(18.,0.,80.));
#76 = VECTOR('',#77,1.);
#77 = DIRECTION('',(0.,1.,0.));
#78 = ORIENTED_EDGE('',*,*,#79,.T.);
#79 = EDGE_CURVE('',#72,#80,#82,.T.);
#80 = VERTEX_POINT('',#81);
#81 = CARTESIAN_POINT('',(18.,650.,870.));
#82 = LINE('',#83,#84);
#83 = CARTESIAN_POINT('',(18.,650.,80.));
#84 = VECTOR('',#85,1.);
#85 = DIRECTION('',(0.,0.,1.));
#86 = ORIENTED_EDGE('',*,*,#87,.F.);
#87 = EDGE_CURVE('',#64,#80,#88,.T.);
#88 = LINE('',#89,#90);
#89 = CARTESIAN_POINT('',(18.,0.,870.));
#90 = VECTOR('',#91,1.);
#91 = DIRECTION('',(0.,1.,0.));
#92 = PLANE('',#93);
#93 = AXIS2_PLACEMENT_3D('',#94,#95,#96);
#94 = CARTESIAN_POINT('',(18.,0.,80.));
#95 = DIRECTION('',(1.,0.,0.));
#96 = DIRECTION('',(0.,0.,1.));
#97 = ADVANCED_FACE('',(#98),#114,.F.);
#98 = FACE_BOUND('',#99,.F.);
#99 = EDGE_LOOP('',(#100,#106,#107,#113));
#100 = ORIENTED_EDGE('',*,*,#101,.F.);
#101 = EDGE_CURVE('',#22,#62,#102,.T.);
#102 = LINE('',#103,#104);
#103 = CARTESIAN_POINT('',(0.,0.,80.));
#104 = VECTOR('',#105,1.);
#105 = DIRECTION('',(1.,0.,0.));
#106 = ORIENTED_EDGE('',*,*,#21,.T.);
#107 = ORIENTED_EDGE('',*,*,#108,.T.);
#108 = EDGE_CURVE('',#24,#64,#109,.T.);
#109 = LINE('',#110,#111);
#110 = CARTESIAN_POINT('',(0.,0.,870.));
#111 = VECTOR('',#112,1.);
#112 = DIRECTION('',(1.,0.,0.));
#113 = ORIENTED_EDGE('',*,*,#61,.F.);
#114 = PLANE('',#115);
#115 = AXIS2_PLACEMENT_3D('',#116,#117,#118);
#116 = CARTESIAN_POINT('',(0.,0.,80.));
#117 = DIRECTION('',(0.,1.,0.));
#118 = DIRECTION('',(0.,0.,1.));
#119 = ADVANCED_FACE('',(#120),#136,.T.);
#120 = FACE_BOUND('',#121,.T.);
#121 = EDGE_LOOP('',(#122,#128,#129,#135));
#122 = ORIENTED_EDGE('',*,*,#123,.F.);
#123 = EDGE_CURVE('',#32,#72,#124,.T.);
#124 = LINE('',#125,#126);
#125 = CARTESIAN_POINT('',(0.,650.,80.));
#126 = VECTOR('',#127,1.);
#127 = DIRECTION('',(1.,0.,0.));
#128 = ORIENTED_EDGE('',*,*,#39,.T.);
#129 = ORIENTED_EDGE('',*,*,#130,.T.);
#130 = EDGE_CURVE('',#40,#80,#131,.T.);
#131 = LINE('',#132,#133);
#132 = CARTESIAN_POINT('',(0.,650.,870.));
#133 = VECTOR('',#134,1.);
#134 = DIRECTION('',(1.,0.,0.));
#135 = ORIENTED_EDGE('',*,*,#79,.F.);
#136 = PLANE('',#137);
#137 = AXIS2_PLACEMENT_3D('',#138,#139,#140);
#138 = CARTESIAN_POINT('',(0.,650.,80.));
#139 = DIRECTION('',(0.,1.,0.));
#140 = DIRECTION('',(0.,0.,1.));
#141 = ADVANCED_FACE('',(#142),#148,.F.);
#142 = FACE_BOUND('',#143,.F.);
#143 = EDGE_LOOP('',(#144,#145,#146,#147));
#144 = ORIENTED_EDGE('',*,*,#31,.F.);
#145 = ORIENTED_EDGE('',*,*,#101,.T.);
#146 = ORIENTED_EDGE('',*,*,#71,.T.);
#147 = ORIENTED_EDGE('',*,*,#123,.F.);
#148 = PLANE('',#149);
#149 = AXIS2_PLACEMENT_3D('',#150,#151,#152);
#150 = CARTESIAN_POINT('',(0.,0.,80.));
#151 = DIRECTION('',(0.,0.,1.));
#152 = DIRECTION('',(1.,0.,0.));
#153 = ADVANCED_FACE('',(#154),#160,.T.);
#154 = FACE_BOUND('',#155,.T.);
#155 = EDGE_LOOP('',(#156,#157,#158,#159));
#156 = ORIENTED_EDGE('',*,*,#47,.F.);
#157 = ORIENTED_EDGE('',*,*,#108,.T.);
#158 = ORIENTED_EDGE('',*,*,#87,.T.);
#159 = ORIENTED_EDGE('',*,*,#130,.F.);
#160 = PLANE('',#161);
#161 = AXIS2_PLACEMENT_3D('',#162,#163,#164);
#162 = CARTESIAN_POINT('',(0.,0.,870.));
#163 = DIRECTION('',(0.,0.,1.));
#164 = DIRECTION('',(1.,0.,0.));
#165 = MANIFOLD_SOLID_BREP('',#166);
#166 = CLOSED_SHELL('',(#167,#207,#247,#269,#291,#303));
#167 = ADVANCED_FACE('',(#168),#202,.F.);
#168 = FACE_BOUND('',#169,.F.);
#169 = EDGE_LOOP('',(#170,#180,#188,#196));
#170 = ORIENTED_EDGE('',*,*,#171,.F.);
#171 = EDGE_CURVE('',#172,#174,#176,.T.);
#172 = VERTEX_POINT('',#173);
#173 = CARTESIAN_POINT('',(1.642E+03,0.,98.));
#174 = VERTEX_POINT('',#175);
#175 = CARTESIAN_POINT('',(1.642E+03,0.,870.));
#176 = LINE('',#177,#178);
#177 = CARTESIAN_POINT('',(1.642E+03,0.,98.));
#178 = VECTOR('',#179,1.);
#179 = DIRECTION('',(0.,0.,1.));
#180 = ORIENTED_EDGE('',*,*,#181,.T.);
#181 = EDGE_CURVE('',#172,#182,#184,.T.);
#182 = VERTEX_POINT('',#183);
#183 = CARTESIAN_POINT('',(1.642E+03,650.,98.));
#184 = LINE('',#185,#186);
#185 = CARTESIAN_POINT('',(1.642E+03,0.,98.));
#186 = VECTOR('',#187,1.);
#187 = DIRECTION('',(0.,1.,0.));
#188 = ORIENTED_EDGE('',*,*,#189,.T.);
#189 = EDGE_CURVE('',#182,#190,#192,.T.);
#190 = VERTEX_POINT('',#191);
#191 = CARTESIAN_POINT('',(1.642E+03,650.,870.));
#192 = LINE('',#193,#194);
#193 = CARTESIAN_POINT('',(1.642E+03,650.,98.));
#194 = VECTOR('',#195,1.);
#195 = DIRECTION('',(0.,0.,1.));
#196 = ORIENTED_EDGE('',*,*,#197,.F.);
#197 = EDGE_CURVE('',#174,#190,#198,.T.);
#198 = LINE('',#199,#200);
#199 = CARTESIAN_POINT('',(1.642E+03,0.,870.));
#200 = VECTOR('',#201,1.);
#201 = DIRECTION('',(0.,1.,0.));
#202 = PLANE('',#203);
#203 = AXIS2_PLACEMENT_3D('',#204,#205,#206);
#204 = CARTESIAN_POINT('',(1.642E+03,0.,98.));
#205 = DIRECTION('',(1.,0.,0.));
#206 = DIRECTION('',(0.,0.,1.));
#207 = ADVANCED_FACE('',(#208),#242,.T.);
#208 = FACE_BOUND('',#209,.T.);
#209 = EDGE_LOOP('',(#210,#220,#228,#236));
#210 = ORIENTED_EDGE('',*,*,#211,.F.);
#211 = EDGE_CURVE('',#212,#214,#216,.T.);
#212 = VERTEX_POINT('',#213);
#213 = CARTESIAN_POINT('',(1.66E+03,0.,98.));
#214 = VERTEX_POINT('',#215);
#215 = CARTESIAN_POINT('',(1.66E+03,0.,870.));
#216 = LINE('',#217,#218);
#217 = CARTESIAN_POINT('',(1.66E+03,0.,98.));
#218 = VECTOR('',#219,1.);
#219 = DIRECTION('',(0.,0.,1.));
#220 = ORIENTED_EDGE('',*,*,#221,.T.);
#221 = EDGE_CURVE('',#212,#222,#224,.T.);
#222 = VERTEX_POINT('',#223);
#223 = CARTESIAN_POINT('',(1.66E+03,650.,98.));
#224 = LINE('',#225,#226);
#225 = CARTESIAN_POINT('',(1.66E+03,0.,98.));
#226 = VECTOR('',#227,1.);
#227 = DIRECTION('',(0.,1.,0.));
#228 = ORIENTED_EDGE('',*,*,#229,.T.);
#229 = EDGE_CURVE('',#222,#230,#232,.T.);
#230 = VERTEX_POINT('',#231);
#231 = CARTESIAN_POINT('',(1.66E+03,650.,870.));
#232 = LINE('',#233,#234);
#233 = CARTESIAN_POINT('',(1.66E+03,650.,98.));
#234 = VECTOR('',#235,1.);
#235 = DIRECTION('',(0.,0.,1.));
#236 = ORIENTED_EDGE('',*,*,#237,.F.);
#237 = EDGE_CURVE('',#214,#230,#238,.T.);
#238 = LINE('',#239,#240);
#239 = CARTESIAN_POINT('',(1.66E+03,0.,870.));
#240 = VECTOR('',#241,1.);
#241 = DIRECTION('',(0.,1.,0.));
#242 = PLANE('',#243);
#243 = AXIS2_PLACEMENT_3D('',#244,#245,#246);
#244 = CARTESIAN_POINT('',(1.66E+03,0.,98.));
#245 = DIRECTION('',(1.,0.,0.));
#246 = DIRECTION('',(0.,0.,1.));
#247 = ADVANCED_FACE('',(#248),#264,.F.);
#248 = FACE_BOUND('',#249,.F.);
#249 = EDGE_LOOP('',(#250,#256,#257,#263));
#250 = ORIENTED_EDGE('',*,*,#251,.F.);
#251 = EDGE_CURVE('',#172,#212,#252,.T.);
#252 = LINE('',#253,#254);
#253 = CARTESIAN_POINT('',(1.642E+03,0.,98.));
#254 = VECTOR('',#255,1.);
#255 = DIRECTION('',(1.,0.,0.));
#256 = ORIENTED_EDGE('',*,*,#171,.T.);
#257 = ORIENTED_EDGE('',*,*,#258,.T.);
#258 = EDGE_CURVE('',#174,#214,#259,.T.);
#259 = LINE('',#260,#261);
#260 = CARTESIAN_POINT('',(1.642E+03,0.,870.));
#261 = VECTOR('',#262,1.);
#262 = DIRECTION('',(1.,0.,0.));
#263 = ORIENTED_EDGE('',*,*,#211,.F.);
#264 = PLANE('',#265);
#265 = AXIS2_PLACEMENT_3D('',#266,#267,#268);
#266 = CARTESIAN_POINT('',(1.642E+03,0.,98.));
#267 = DIRECTION('',(0.,1.,0.));
#268 = DIRECTION('',(0.,0.,1.));
#269 = ADVANCED_FACE('',(#270),#286,.T.);
#270 = FACE_BOUND('',#271,.T.);
#271 = EDGE_LOOP('',(#272,#278,#279,#285));
#272 = ORIENTED_EDGE('',*,*,#273,.F.);
#273 = EDGE_CURVE('',#182,#222,#274,.T.);
#274 = LINE('',#275,#276);
#275 = CARTESIAN_POINT('',(1.642E+03,650.,98.));
#276 = VECTOR('',#277,1.);
#277 = DIRECTION('',(1.,0.,0.));
#278 = ORIENTED_EDGE('',*,*,#189,.T.);
#279 = ORIENTED_EDGE('',*,*,#280,.T.);
#280 = EDGE_CURVE('',#190,#230,#281,.T.);
#281 = LINE('',#282,#283);
#282 = CARTESIAN_POINT('',(1.642E+03,650.,870.));
#283 = VECTOR('',#284,1.);
#284 = DIRECTION('',(1.,0.,0.));
#285 = ORIENTED_EDGE('',*,*,#229,.F.);
#286 = PLANE('',#287);
#287 = AXIS2_PLACEMENT_3D('',#288,#289,#290);
#288 = CARTESIAN_POINT('',(1.642E+03,650.,98.));
#289 = DIRECTION('',(0.,1.,0.));
#290 = DIRECTION('',(0.,0.,1.));
#291 = ADVANCED_FACE('',(#292),#298,.F.);
#292 = FACE_BOUND('',#293,.F.);
#293 = EDGE_LOOP('',(#294,#295,#296,#297));
#294 = ORIENTED_EDGE('',*,*,#181,.F.);
#295 = ORIENTED_EDGE('',*,*,#251,.T.);
#296 = ORIENTED_EDGE('',*,*,#221,.T.);
#297 = ORIENTED_EDGE('',*,*,#273,.F.);
#298 = PLANE('',#299);
#299 = AXIS2_PLACEMENT_3D('',#300,#301,#302);
#300 = CARTESIAN_POINT('',(1.642E+03,0.,98.));
#301 = DIRECTION('',(0.,0.,1.));
#302 = DIRECTION('',(1.,0.,0.));
#303 = ADVANCED_FACE('',(#304),#310,.T.);
#304 = FACE_BOUND('',#305,.T.);
#305 = EDGE_LOOP('',(#306,#307,#308,#309));
#306 = ORIENTED_EDGE('',*,*,#197,.F.);
#307 = ORIENTED_EDGE('',*,*,#258,.T.);
#308 = ORIENTED_EDGE('',*,*,#237,.T.);
#309 = ORIENTED_EDGE('',*,*,#280,.F.);
#310 = PLANE('',#311);
#311 = AXIS2_PLACEMENT_3D('',#312,#313,#314);
#312 = CARTESIAN_POINT('',(1.642E+03,0.,870.));
#313 = DIRECTION('',(0.,0.,1.));
#314 = DIRECTION('',(1.,0.,0.));
#315 = MANIFOLD_SOLID_BREP('',#316);
#316 = CLOSED_SHELL('',(#317,#357,#397,#419,#441,#453));
#317 = ADVANCED_FACE('',(#318),#352,.F.);
#318 = FACE_BOUND('',#319,.F.);
#319 = EDGE_LOOP('',(#320,#330,#338,#346));
#320 = ORIENTED_EDGE('',*,*,#321,.F.);
#321 = EDGE_CURVE('',#322,#324,#326,.T.);
#322 = VERTEX_POINT('',#323);
#323 = CARTESIAN_POINT('',(623.,0.,98.));
#324 = VERTEX_POINT('',#325);
#325 = CARTESIAN_POINT('',(623.,0.,870.));
#326 = LINE('',#327,#328);
#327 = CARTESIAN_POINT('',(623.,0.,98.));
#328 = VECTOR('',#329,1.);
#329 = DIRECTION('',(0.,0.,1.));
#330 = ORIENTED_EDGE('',*,*,#331,.T.);
#331 = EDGE_CURVE('',#322,#332,#334,.T.);
#332 = VERTEX_POINT('',#333);
#333 = CARTESIAN_POINT('',(623.,650.,98.));
#334 = LINE('',#335,#336);
#335 = CARTESIAN_POINT('',(623.,0.,98.));
#336 = VECTOR('',#337,1.);
#337 = DIRECTION('',(0.,1.,0.));
#338 = ORIENTED_EDGE('',*,*,#339,.T.);
#339 = EDGE_CURVE('',#332,#340,#342,.T.);
#340 = VERTEX_POINT('',#341);
#341 = CARTESIAN_POINT('',(623.,650.,870.));
#342 = LINE('',#343,#344);
#343 = CARTESIAN_POINT('',(623.,650.,98.));
#344 = VECTOR('',#345,1.);
#345 = DIRECTION('',(0.,0.,1.));
#346 = ORIENTED_EDGE('',*,*,#347,.F.);
#347 = EDGE_CURVE('',#324,#340,#348,.T.);
#348 = LINE('',#349,#350);
#349 = CARTESIAN_POINT('',(623.,0.,870.));
#350 = VECTOR('',#351,1.);
#351 = DIRECTION('',(0.,1.,0.));
#352 = PLANE('',#353);
#353 = AXIS2_PLACEMENT_3D('',#354,#355,#356);
#354 = CARTESIAN_POINT('',(623.,0.,98.));
#355 = DIRECTION('',(1.,0.,0.));
#356 = DIRECTION('',(0.,0.,1.));
#357 = ADVANCED_FACE('',(#358),#392,.T.);
#358 = FACE_BOUND('',#359,.T.);
#359 = EDGE_LOOP('',(#360,#370,#378,#386));
#360 = ORIENTED_EDGE('',*,*,#361,.F.);
#361 = EDGE_CURVE('',#362,#364,#366,.T.);
#362 = VERTEX_POINT('',#363);
#363 = CARTESIAN_POINT('',(641.,0.,98.));
#364 = VERTEX_POINT('',#365);
#365 = CARTESIAN_POINT('',(641.,0.,870.));
#366 = LINE('',#367,#368);
#367 = CARTESIAN_POINT('',(641.,0.,98.));
#368 = VECTOR('',#369,1.);
#369 = DIRECTION('',(0.,0.,1.));
#370 = ORIENTED_EDGE('',*,*,#371,.T.);
#371 = EDGE_CURVE('',#362,#372,#374,.T.);
#372 = VERTEX_POINT('',#373);
#373 = CARTESIAN_POINT('',(641.,650.,98.));
#374 = LINE('',#375,#376);
#375 = CARTESIAN_POINT('',(641.,0.,98.));
#376 = VECTOR('',#377,1.);
#377 = DIRECTION('',(0.,1.,0.));
#378 = ORIENTED_EDGE('',*,*,#379,.T.);
#379 = EDGE_CURVE('',#372,#380,#382,.T.);
#380 = VERTEX_POINT('',#381);
#381 = CARTESIAN_POINT('',(641.,650.,870.));
#382 = LINE('',#383,#384);
#383 = CARTESIAN_POINT('',(641.,650.,98.));
#384 = VECTOR('',#385,1.);
#385 = DIRECTION('',(0.,0.,1.));
#386 = ORIENTED_EDGE('',*,*,#387,.F.);
#387 = EDGE_CURVE('',#364,#380,#388,.T.);
#388 = LINE('',#389,#390);
#389 = CARTESIAN_POINT('',(641.,0.,870.));
#390 = VECTOR('',#391,1.);
#391 = DIRECTION('',(0.,1.,0.));
#392 = PLANE('',#393);
#393 = AXIS2_PLACEMENT_3D('',#394,#395,#396);
#394 = CARTESIAN_POINT('',(641.,0.,98.));
#395 = DIRECTION('',(1.,0.,0.));
#396 = DIRECTION('',(0.,0.,1.));
#397 = ADVANCED_FACE('',(#398),#414,.F.);
#398 = FACE_BOUND('',#399,.F.);
#399 = EDGE_LOOP('',(#400,#406,#407,#413));
#400 = ORIENTED_EDGE('',*,*,#401,.F.);
#401 = EDGE_CURVE('',#322,#362,#402,.T.);
#402 = LINE('',#403,#404);
#403 = CARTESIAN_POINT('',(623.,0.,98.));
#404 = VECTOR('',#405,1.);
#405 = DIRECTION('',(1.,0.,0.));
#406 = ORIENTED_EDGE('',*,*,#321,.T.);
#407 = ORIENTED_EDGE('',*,*,#408,.T.);
#408 = EDGE_CURVE('',#324,#364,#409,.T.);
#409 = LINE('',#410,#411);
#410 = CARTESIAN_POINT('',(623.,0.,870.));
#411 = VECTOR('',#412,1.);
#412 = DIRECTION('',(1.,0.,0.));
#413 = ORIENTED_EDGE('',*,*,#361,.F.);
#414 = PLANE('',#415);
#415 = AXIS2_PLACEMENT_3D('',#416,#417,#418);
#416 = CARTESIAN_POINT('',(623.,0.,98.));
#417 = DIRECTION('',(0.,1.,0.));
#418 = DIRECTION('',(0.,0.,1.));
#419 = ADVANCED_FACE('',(#420),#436,.T.);
#420 = FACE_BOUND('',#421,.T.);
#421 = EDGE_LOOP('',(#422,#428,#429,#435));
#422 = ORIENTED_EDGE('',*,*,#423,.F.);
#423 = EDGE_CURVE('',#332,#372,#424,.T.);
#424 = LINE('',#425,#426);
#425 = CARTESIAN_POINT('',(623.,650.,98.));
#426 = VECTOR('',#427,1.);
#427 = DIRECTION('',(1.,0.,0.));
#428 = ORIENTED_EDGE('',*,*,#339,.T.);
#429 = ORIENTED_EDGE('',*,*,#430,.T.);
#430 = EDGE_CURVE('',#340,#380,#431,.T.);
#431 = LINE('',#432,#433);
#432 = CARTESIAN_POINT('',(623.,650.,870.));
#433 = VECTOR('',#434,1.);
#434 = DIRECTION('',(1.,0.,0.));
#435 = ORIENTED_EDGE('',*,*,#379,.F.);
#436 = PLANE('',#437);
#437 = AXIS2_PLACEMENT_3D('',#438,#439,#440);
#438 = CARTESIAN_POINT('',(623.,650.,98.));
#439 = DIRECTION('',(0.,1.,0.));
#440 = DIRECTION('',(0.,0.,1.));
#441 = ADVANCED_FACE('',(#442),#448,.F.);
#442 = FACE_BOUND('',#443,.F.);
#443 = EDGE_LOOP('',(#444,#445,#446,#447));
#444 = ORIENTED_EDGE('',*,*,#331,.F.);
#445 = ORIENTED_EDGE('',*,*,#401,.T.);
#446 = ORIENTED_EDGE('',*,*,#371,.T.);
#447 = ORIENTED_EDGE('',*,*,#423,.F.);
#448 = PLANE('',#449);
#449 = AXIS2_PLACEMENT_3D('',#450,#451,#452);
#450 = CARTESIAN_POINT('',(623.,0.,98.));
#451 = DIRECTION('',(0.,0.,1.));
#452 = DIRECTION('',(1.,0.,0.));
#453 = ADVANCED_FACE('',(#454),#460,.T.);
#454 = FACE_BOUND('',#455,.T.);
#455 = EDGE_LOOP('',(#456,#457,#458,#459));
#456 = ORIENTED_EDGE('',*,*,#347,.F.);
#457 = ORIENTED_EDGE('',*,*,#408,.T.);
#458 = ORIENTED_EDGE('',*,*,#387,.T.);
#459 = ORIENTED_EDGE('',*,*,#430,.F.);
#460 = PLANE('',#461);
#461 = AXIS2_PLACEMENT_3D('',#462,#463,#464);
#462 = CARTESIAN_POINT('',(623.,0.,870.));
#463 = DIRECTION('',(0.,0.,1.));
#464 = DIRECTION('',(1.,0.,0.));
#465 = MANIFOLD_SOLID_BREP('',#466);
#466 = CLOSED_SHELL('',(#467,#507,#547,#569,#591,#603));
#467 = ADVANCED_FACE('',(#468),#502,.F.);
#468 = FACE_BOUND('',#469,.F.);
#469 = EDGE_LOOP('',(#470,#480,#488,#496));
#470 = ORIENTED_EDGE('',*,*,#471,.F.);
#471 = EDGE_CURVE('',#472,#474,#476,.T.);
#472 = VERTEX_POINT('',#473);
#473 = CARTESIAN_POINT('',(623.,0.,80.));
#474 = VERTEX_POINT('',#475);
#475 = CARTESIAN_POINT('',(623.,0.,98.));
#476 = LINE('',#477,#478);
#477 = CARTESIAN_POINT('',(623.,0.,80.));
#478 = VECTOR('',#479,1.);
#479 = DIRECTION('',(0.,0.,1.));
#480 = ORIENTED_EDGE('',*,*,#481,.T.);
#481 = EDGE_CURVE('',#472,#482,#484,.T.);
#482 = VERTEX_POINT('',#483);
#483 = CARTESIAN_POINT('',(623.,650.,80.));
#484 = LINE('',#485,#486);
#485 = CARTESIAN_POINT('',(623.,0.,80.));
#486 = VECTOR('',#487,1.);
#487 = DIRECTION('',(0.,1.,0.));
#488 = ORIENTED_EDGE('',*,*,#489,.T.);
#489 = EDGE_CURVE('',#482,#490,#492,.T.);
#490 = VERTEX_POINT('',#491);
#491 = CARTESIAN_POINT('',(623.,650.,98.));
#492 = LINE('',#493,#494);
#493 = CARTESIAN_POINT('',(623.,650.,80.));
#494 = VECTOR('',#495,1.);
#495 = DIRECTION('',(0.,0.,1.));
#496 = ORIENTED_EDGE('',*,*,#497,.F.);
#497 = EDGE_CURVE('',#474,#490,#498,.T.);
#498 = LINE('',#499,#500);
#499 = CARTESIAN_POINT('',(623.,0.,98.));
#500 = VECTOR('',#501,1.);
#501 = DIRECTION('',(0.,1.,0.));
#502 = PLANE('',#503);
#503 = AXIS2_PLACEMENT_3D('',#504,#505,#506);
#504 = CARTESIAN_POINT('',(623.,0.,80.));
#505 = DIRECTION('',(1.,0.,0.));
#506 = DIRECTION('',(0.,0.,1.));
#507 = ADVANCED_FACE('',(#508),#542,.T.);
#508 = FACE_BOUND('',#509,.T.);
#509 = EDGE_LOOP('',(#510,#520,#528,#536));
#510 = ORIENTED_EDGE('',*,*,#511,.F.);
#511 = EDGE_CURVE('',#512,#514,#516,.T.);
#512 = VERTEX_POINT('',#513);
#513 = CARTESIAN_POINT('',(1.66E+03,0.,80.));
#514 = VERTEX_POINT('',#515);
#515 = CARTESIAN_POINT('',(1.66E+03,0.,98.));
#516 = LINE('',#517,#518);
#517 = CARTESIAN_POINT('',(1.66E+03,0.,80.));
#518 = VECTOR('',#519,1.);
#519 = DIRECTION('',(0.,0.,1.));
#520 = ORIENTED_EDGE('',*,*,#521,.T.);
#521 = EDGE_CURVE('',#512,#522,#524,.T.);
#522 = VERTEX_POINT('',#523);
#523 = CARTESIAN_POINT('',(1.66E+03,650.,80.));
#524 = LINE('',#525,#526);
#525 = CARTESIAN_POINT('',(1.66E+03,0.,80.));
#526 = VECTOR('',#527,1.);
#527 = DIRECTION('',(0.,1.,0.));
#528 = ORIENTED_EDGE('',*,*,#529,.T.);
#529 = EDGE_CURVE('',#522,#530,#532,.T.);
#530 = VERTEX_POINT('',#531);
#531 = CARTESIAN_POINT('',(1.66E+03,650.,98.));
#532 = LINE('',#533,#534);
#533 = CARTESIAN_POINT('',(1.66E+03,650.,80.));
#534 = VECTOR('',#535,1.);
#535 = DIRECTION('',(0.,0.,1.));
#536 = ORIENTED_EDGE('',*,*,#537,.F.);
#537 = EDGE_CURVE('',#514,#530,#538,.T.);
#538 = LINE('',#539,#540);
#539 = CARTESIAN_POINT('',(1.66E+03,0.,98.));
#540 = VECTOR('',#541,1.);
#541 = DIRECTION('',(0.,1.,0.));
#542 = PLANE('',#543);
#543 = AXIS2_PLACEMENT_3D('',#544,#545,#546);
#544 = CARTESIAN_POINT('',(1.66E+03,0.,80.));
#545 = DIRECTION('',(1.,0.,0.));
#546 = DIRECTION('',(0.,0.,1.));
#547 = ADVANCED_FACE('',(#548),#564,.F.);
#548 = FACE_BOUND('',#549,.F.);
#549 = EDGE_LOOP('',(#550,#556,#557,#563));
#550 = ORIENTED_EDGE('',*,*,#551,.F.);
#551 = EDGE_CURVE('',#472,#512,#552,.T.);
#552 = LINE('',#553,#554);
#553 = CARTESIAN_POINT('',(623.,0.,80.));
#554 = VECTOR('',#555,1.);
#555 = DIRECTION('',(1.,0.,0.));
#556 = ORIENTED_EDGE('',*,*,#471,.T.);
#557 = ORIENTED_EDGE('',*,*,#558,.T.);
#558 = EDGE_CURVE('',#474,#514,#559,.T.);
#559 = LINE('',#560,#561);
#560 = CARTESIAN_POINT('',(623.,0.,98.));
#561 = VECTOR('',#562,1.);
#562 = DIRECTION('',(1.,0.,0.));
#563 = ORIENTED_EDGE('',*,*,#511,.F.);
#564 = PLANE('',#565);
#565 = AXIS2_PLACEMENT_3D('',#566,#567,#568);
#566 = CARTESIAN_POINT('',(623.,0.,80.));
#567 = DIRECTION('',(0.,1.,0.));
#568 = DIRECTION('',(0.,0.,1.));
#569 = ADVANCED_FACE('',(#570),#586,.T.);
#570 = FACE_BOUND('',#571,.T.);
#571 = EDGE_LOOP('',(#572,#578,#579,#585));
#572 = ORIENTED_EDGE('',*,*,#573,.F.);
#573 = EDGE_CURVE('',#482,#522,#574,.T.);
#574 = LINE('',#575,#576);
#575 = CARTESIAN_POINT('',(623.,650.,80.));
#576 = VECTOR('',#577,1.);
#577 = DIRECTION('',(1.,0.,0.));
#578 = ORIENTED_EDGE('',*,*,#489,.T.);
#579 = ORIENTED_EDGE('',*,*,#580,.T.);
#580 = EDGE_CURVE('',#490,#530,#581,.T.);
#581 = LINE('',#582,#583);
#582 = CARTESIAN_POINT('',(623.,650.,98.));
#583 = VECTOR('',#584,1.);
#584 = DIRECTION('',(1.,0.,0.));
#585 = ORIENTED_EDGE('',*,*,#529,.F.);
#586 = PLANE('',#587);
#587 = AXIS2_PLACEMENT_3D('',#588,#589,#590);
#588 = CARTESIAN_POINT('',(623.,650.,80.));
#589 = DIRECTION('',(0.,1.,0.));
#590 = DIRECTION('',(0.,0.,1.));
#591 = ADVANCED_FACE('',(#592),#598,.F.);
#592 = FACE_BOUND('',#593,.F.);
#593 = EDGE_LOOP('',(#594,#595,#596,#597));
#594 = ORIENTED_EDGE('',*,*,#481,.F.);
#595 = ORIENTED_EDGE('',*,*,#551,.T.);
#596 = ORIENTED_EDGE('',*,*,#521,.T.);
#597 = ORIENTED_EDGE('',*,*,#573,.F.);
#598 = PLANE('',#599);
#599 = AXIS2_PLACEMENT_3D('',#600,#601,#602);
#600 = CARTESIAN_POINT('',(623.,0.,80.));
#601 = DIRECTION('',(0.,0.,1.));
#602 = DIRECTION('',(1.,0.,0.));
#603 = ADVANCED_FACE('',(#604),#610,.T.);
#604 = FACE_BOUND('',#605,.T.);
#605 = EDGE_LOOP('',(#606,#607,#608,#609));
#606 = ORIENTED_EDGE('',*,*,#497,.F.);
#607 = ORIENTED_EDGE('',*,*,#558,.T.);
#608 = ORIENTED_EDGE('',*,*,#537,.T.);
#609 = ORIENTED_EDGE('',*,*,#580,.F.);
#610 = PLANE('',#611);
#611 = AXIS2_PLACEMENT_3D('',#612,#613,#614);
#612 = CARTESIAN_POINT('',(623.,0.,98.));
#613 = DIRECTION('',(0.,0.,1.));
#614 = DIRECTION('',(1.,0.,0.));
#615 = MANIFOLD_SOLID_BREP('',#616);
#616 = CLOSED_SHELL('',(#617,#657,#697,#719,#741,#753));
#617 = ADVANCED_FACE('',(#618),#652,.F.);
#618 = FACE_BOUND('',#619,.F.);
#619 = EDGE_LOOP('',(#620,#630,#638,#646));
#620 = ORIENTED_EDGE('',*,*,#621,.F.);
#621 = EDGE_CURVE('',#622,#624,#626,.T.);
#622 = VERTEX_POINT('',#623);
#623 = CARTESIAN_POINT('',(18.,26.,852.));
#624 = VERTEX_POINT('',#625);
#625 = CARTESIAN_POINT('',(18.,26.,870.));
#626 = LINE('',#627,#628);
#627 = CARTESIAN_POINT('',(18.,26.,852.));
#628 = VECTOR('',#629,1.);
#629 = DIRECTION('',(0.,0.,1.));
#630 = ORIENTED_EDGE('',*,*,#631,.T.);
#631 = EDGE_CURVE('',#622,#632,#634,.T.);
#632 = VERTEX_POINT('',#633);
#633 = CARTESIAN_POINT('',(18.,126.,852.));
#634 = LINE('',#635,#636);
#635 = CARTESIAN_POINT('',(18.,26.,852.));
#636 = VECTOR('',#637,1.);
#637 = DIRECTION('',(0.,1.,0.));
#638 = ORIENTED_EDGE('',*,*,#639,.T.);
#639 = EDGE_CURVE('',#632,#640,#642,.T.);
#640 = VERTEX_POINT('',#641);
#641 = CARTESIAN_POINT('',(18.,126.,870.));
#642 = LINE('',#643,#644);
#643 = CARTESIAN_POINT('',(18.,126.,852.));
#644 = VECTOR('',#645,1.);
#645 = DIRECTION('',(0.,0.,1.));
#646 = ORIENTED_EDGE('',*,*,#647,.F.);
#647 = EDGE_CURVE('',#624,#640,#648,.T.);
#648 = LINE('',#649,#650);
#649 = CARTESIAN_POINT('',(18.,26.,870.));
#650 = VECTOR('',#651,1.);
#651 = DIRECTION('',(0.,1.,0.));
#652 = PLANE('',#653);
#653 = AXIS2_PLACEMENT_3D('',#654,#655,#656);
#654 = CARTESIAN_POINT('',(18.,26.,852.));
#655 = DIRECTION('',(1.,0.,0.));
#656 = DIRECTION('',(0.,0.,1.));
#657 = ADVANCED_FACE('',(#658),#692,.T.);
#658 = FACE_BOUND('',#659,.T.);
#659 = EDGE_LOOP('',(#660,#670,#678,#686));
#660 = ORIENTED_EDGE('',*,*,#661,.F.);
#661 = EDGE_CURVE('',#662,#664,#666,.T.);
#662 = VERTEX_POINT('',#663);
#663 = CARTESIAN_POINT('',(1.642E+03,26.,852.));
#664 = VERTEX_POINT('',#665);
#665 = CARTESIAN_POINT('',(1.642E+03,26.,870.));
#666 = LINE('',#667,#668);
#667 = CARTESIAN_POINT('',(1.642E+03,26.,852.));
#668 = VECTOR('',#669,1.);
#669 = DIRECTION('',(0.,0.,1.));
#670 = ORIENTED_EDGE('',*,*,#671,.T.);
#671 = EDGE_CURVE('',#662,#672,#674,.T.);
#672 = VERTEX_POINT('',#673);
#673 = CARTESIAN_POINT('',(1.642E+03,126.,852.));
#674 = LINE('',#675,#676);
#675 = CARTESIAN_POINT('',(1.642E+03,26.,852.));
#676 = VECTOR('',#677,1.);
#677 = DIRECTION('',(0.,1.,0.));
#678 = ORIENTED_EDGE('',*,*,#679,.T.);
#679 = EDGE_CURVE('',#672,#680,#682,.T.);
#680 = VERTEX_POINT('',#681);
#681 = CARTESIAN_POINT('',(1.642E+03,126.,870.));
#682 = LINE('',#683,#684);
#683 = CARTESIAN_POINT('',(1.642E+03,126.,852.));
#684 = VECTOR('',#685,1.);
#685 = DIRECTION('',(0.,0.,1.));
#686 = ORIENTED_EDGE('',*,*,#687,.F.);
#687 = EDGE_CURVE('',#664,#680,#688,.T.);
#688 = LINE('',#689,#690);
#689 = CARTESIAN_POINT('',(1.642E+03,26.,870.));
#690 = VECTOR('',#691,1.);
#691 = DIRECTION('',(0.,1.,0.));
#692 = PLANE('',#693);
#693 = AXIS2_PLACEMENT_3D('',#694,#695,#696);
#694 = CARTESIAN_POINT('',(1.642E+03,26.,852.));
#695 = DIRECTION('',(1.,0.,0.));
#696 = DIRECTION('',(0.,0.,1.));
#697 = ADVANCED_FACE('',(#698),#714,.F.);
#698 = FACE_BOUND('',#699,.F.);
#699 = EDGE_LOOP('',(#700,#706,#707,#713));
#700 = ORIENTED_EDGE('',*,*,#701,.F.);
#701 = EDGE_CURVE('',#622,#662,#702,.T.);
#702 = LINE('',#703,#704);
#703 = CARTESIAN_POINT('',(18.,26.,852.));
#704 = VECTOR('',#705,1.);
#705 = DIRECTION('',(1.,0.,0.));
#706 = ORIENTED_EDGE('',*,*,#621,.T.);
#707 = ORIENTED_EDGE('',*,*,#708,.T.);
#708 = EDGE_CURVE('',#624,#664,#709,.T.);
#709 = LINE('',#710,#711);
#710 = CARTESIAN_POINT('',(18.,26.,870.));
#711 = VECTOR('',#712,1.);
#712 = DIRECTION('',(1.,0.,0.));
#713 = ORIENTED_EDGE('',*,*,#661,.F.);
#714 = PLANE('',#715);
#715 = AXIS2_PLACEMENT_3D('',#716,#717,#718);
#716 = CARTESIAN_POINT('',(18.,26.,852.));
#717 = DIRECTION('',(0.,1.,0.));
#718 = DIRECTION('',(0.,0.,1.));
#719 = ADVANCED_FACE('',(#720),#736,.T.);
#720 = FACE_BOUND('',#721,.T.);
#721 = EDGE_LOOP('',(#722,#728,#729,#735));
#722 = ORIENTED_EDGE('',*,*,#723,.F.);
#723 = EDGE_CURVE('',#632,#672,#724,.T.);
#724 = LINE('',#725,#726);
#725 = CARTESIAN_POINT('',(18.,126.,852.));
#726 = VECTOR('',#727,1.);
#727 = DIRECTION('',(1.,0.,0.));
#728 = ORIENTED_EDGE('',*,*,#639,.T.);
#729 = ORIENTED_EDGE('',*,*,#730,.T.);
#730 = EDGE_CURVE('',#640,#680,#731,.T.);
#731 = LINE('',#732,#733);
#732 = CARTESIAN_POINT('',(18.,126.,870.));
#733 = VECTOR('',#734,1.);
#734 = DIRECTION('',(1.,0.,0.));
#735 = ORIENTED_EDGE('',*,*,#679,.F.);
#736 = PLANE('',#737);
#737 = AXIS2_PLACEMENT_3D('',#738,#739,#740);
#738 = CARTESIAN_POINT('',(18.,126.,852.));
#739 = DIRECTION('',(0.,1.,0.));
#740 = DIRECTION('',(0.,0.,1.));
#741 = ADVANCED_FACE('',(#742),#748,.F.);
#742 = FACE_BOUND('',#743,.F.);
#743 = EDGE_LOOP('',(#744,#745,#746,#747));
#744 = ORIENTED_EDGE('',*,*,#631,.F.);
#745 = ORIENTED_EDGE('',*,*,#701,.T.);
#746 = ORIENTED_EDGE('',*,*,#671,.T.);
#747 = ORIENTED_EDGE('',*,*,#723,.F.);
#748 = PLANE('',#749);
#749 = AXIS2_PLACEMENT_3D('',#750,#751,#752);
#750 = CARTESIAN_POINT('',(18.,26.,852.));
#751 = DIRECTION('',(0.,0.,1.));
#752 = DIRECTION('',(1.,0.,0.));
#753 = ADVANCED_FACE('',(#754),#760,.T.);
#754 = FACE_BOUND('',#755,.T.);
#755 = EDGE_LOOP('',(#756,#757,#758,#759));
#756 = ORIENTED_EDGE('',*,*,#647,.F.);
#757 = ORIENTED_EDGE('',*,*,#708,.T.);
#758 = ORIENTED_EDGE('',*,*,#687,.T.);
#759 = ORIENTED_EDGE('',*,*,#730,.F.);
#760 = PLANE('',#761);
#761 = AXIS2_PLACEMENT_3D('',#762,#763,#764);
#762 = CARTESIAN_POINT('',(18.,26.,870.));
#763 = DIRECTION('',(0.,0.,1.));
#764 = DIRECTION('',(1.,0.,0.));
#765 = MANIFOLD_SOLID_BREP('',#766);
#766 = CLOSED_SHELL('',(#767,#807,#847,#869,#891,#903));
#767 = ADVANCED_FACE('',(#768),#802,.F.);
#768 = FACE_BOUND('',#769,.F.);
#769 = EDGE_LOOP('',(#770,#780,#788,#796));
#770 = ORIENTED_EDGE('',*,*,#771,.F.);
#771 = EDGE_CURVE('',#772,#774,#776,.T.);
#772 = VERTEX_POINT('',#773);
#773 = CARTESIAN_POINT('',(623.,550.,852.));
#774 = VERTEX_POINT('',#775);
#775 = CARTESIAN_POINT('',(623.,550.,870.));
#776 = LINE('',#777,#778);
#777 = CARTESIAN_POINT('',(623.,550.,852.));
#778 = VECTOR('',#779,1.);
#779 = DIRECTION('',(0.,0.,1.));
#780 = ORIENTED_EDGE('',*,*,#781,.T.);
#781 = EDGE_CURVE('',#772,#782,#784,.T.);
#782 = VERTEX_POINT('',#783);
#783 = CARTESIAN_POINT('',(623.,650.,852.));
#784 = LINE('',#785,#786);
#785 = CARTESIAN_POINT('',(623.,550.,852.));
#786 = VECTOR('',#787,1.);
#787 = DIRECTION('',(0.,1.,0.));
#788 = ORIENTED_EDGE('',*,*,#789,.T.);
#789 = EDGE_CURVE('',#782,#790,#792,.T.);
#790 = VERTEX_POINT('',#791);
#791 = CARTESIAN_POINT('',(623.,650.,870.));
#792 = LINE('',#793,#794);
#793 = CARTESIAN_POINT('',(623.,650.,852.));
#794 = VECTOR('',#795,1.);
#795 = DIRECTION('',(0.,0.,1.));
#796 = ORIENTED_EDGE('',*,*,#797,.F.);
#797 = EDGE_CURVE('',#774,#790,#798,.T.);
#798 = LINE('',#799,#800);
#799 = CARTESIAN_POINT('',(623.,550.,870.));
#800 = VECTOR('',#801,1.);
#801 = DIRECTION('',(0.,1.,0.));
#802 = PLANE('',#803);
#803 = AXIS2_PLACEMENT_3D('',#804,#805,#806);
#804 = CARTESIAN_POINT('',(623.,550.,852.));
#805 = DIRECTION('',(1.,0.,0.));
#806 = DIRECTION('',(0.,0.,1.));
#807 = ADVANCED_FACE('',(#808),#842,.T.);
#808 = FACE_BOUND('',#809,.T.);
#809 = EDGE_LOOP('',(#810,#820,#828,#836));
#810 = ORIENTED_EDGE('',*,*,#811,.F.);
#811 = EDGE_CURVE('',#812,#814,#816,.T.);
#812 = VERTEX_POINT('',#813);
#813 = CARTESIAN_POINT('',(1.66E+03,550.,852.));
#814 = VERTEX_POINT('',#815);
#815 = CARTESIAN_POINT('',(1.66E+03,550.,870.));
#816 = LINE('',#817,#818);
#817 = CARTESIAN_POINT('',(1.66E+03,550.,852.));
#818 = VECTOR('',#819,1.);
#819 = DIRECTION('',(0.,0.,1.));
#820 = ORIENTED_EDGE('',*,*,#821,.T.);
#821 = EDGE_CURVE('',#812,#822,#824,.T.);
#822 = VERTEX_POINT('',#823);
#823 = CARTESIAN_POINT('',(1.66E+03,650.,852.));
#824 = LINE('',#825,#826);
#825 = CARTESIAN_POINT('',(1.66E+03,550.,852.));
#826 = VECTOR('',#827,1.);
#827 = DIRECTION('',(0.,1.,0.));
#828 = ORIENTED_EDGE('',*,*,#829,.T.);
#829 = EDGE_CURVE('',#822,#830,#832,.T.);
#830 = VERTEX_POINT('',#831);
#831 = CARTESIAN_POINT('',(1.66E+03,650.,870.));
#832 = LINE('',#833,#834);
#833 = CARTESIAN_POINT('',(1.66E+03,650.,852.));
#834 = VECTOR('',#835,1.);
#835 = DIRECTION('',(0.,0.,1.));
#836 = ORIENTED_EDGE('',*,*,#837,.F.);
#837 = EDGE_CURVE('',#814,#830,#838,.T.);
#838 = LINE('',#839,#840);
#839 = CARTESIAN_POINT('',(1.66E+03,550.,870.));
#840 = VECTOR('',#841,1.);
#841 = DIRECTION('',(0.,1.,0.));
#842 = PLANE('',#843);
#843 = AXIS2_PLACEMENT_3D('',#844,#845,#846);
#844 = CARTESIAN_POINT('',(1.66E+03,550.,852.));
#845 = DIRECTION('',(1.,0.,0.));
#846 = DIRECTION('',(0.,0.,1.));
#847 = ADVANCED_FACE('',(#848),#864,.F.);
#848 = FACE_BOUND('',#849,.F.);
#849 = EDGE_LOOP('',(#850,#856,#857,#863));
#850 = ORIENTED_EDGE('',*,*,#851,.F.);
#851 = EDGE_CURVE('',#772,#812,#852,.T.);
#852 = LINE('',#853,#854);
#853 = CARTESIAN_POINT('',(623.,550.,852.));
#854 = VECTOR('',#855,1.);
#855 = DIRECTION('',(1.,0.,0.));
#856 = ORIENTED_EDGE('',*,*,#771,.T.);
#857 = ORIENTED_EDGE('',*,*,#858,.T.);
#858 = EDGE_CURVE('',#774,#814,#859,.T.);
#859 = LINE('',#860,#861);
#860 = CARTESIAN_POINT('',(623.,550.,870.));
#861 = VECTOR('',#862,1.);
#862 = DIRECTION('',(1.,0.,0.));
#863 = ORIENTED_EDGE('',*,*,#811,.F.);
#864 = PLANE('',#865);
#865 = AXIS2_PLACEMENT_3D('',#866,#867,#868);
#866 = CARTESIAN_POINT('',(623.,550.,852.));
#867 = DIRECTION('',(0.,1.,0.));
#868 = DIRECTION('',(0.,0.,1.));
#869 = ADVANCED_FACE('',(#870),#886,.T.);
#870 = FACE_BOUND('',#871,.T.);
#871 = EDGE_LOOP('',(#872,#878,#879,#885));
#872 = ORIENTED_EDGE('',*,*,#873,.F.);
#873 = EDGE_CURVE('',#782,#822,#874,.T.);
#874 = LINE('',#875,#876);
#875 = CARTESIAN_POINT('',(623.,650.,852.));
#876 = VECTOR('',#877,1.);
#877 = DIRECTION('',(1.,0.,0.));
#878 = ORIENTED_EDGE('',*,*,#789,.T.);
#879 = ORIENTED_EDGE('',*,*,#880,.T.);
#880 = EDGE_CURVE('',#790,#830,#881,.T.);
#881 = LINE('',#882,#883);
#882 = CARTESIAN_POINT('',(623.,650.,870.));
#883 = VECTOR('',#884,1.);
#884 = DIRECTION('',(1.,0.,0.));
#885 = ORIENTED_EDGE('',*,*,#829,.F.);
#886 = PLANE('',#887);
#887 = AXIS2_PLACEMENT_3D('',#888,#889,#890);
#888 = CARTESIAN_POINT('',(623.,650.,852.));
#889 = DIRECTION('',(0.,1.,0.));
#890 = DIRECTION('',(0.,0.,1.));
#891 = ADVANCED_FACE('',(#892),#898,.F.);
#892 = FACE_BOUND('',#893,.F.);
#893 = EDGE_LOOP('',(#894,#895,#896,#897));
#894 = ORIENTED_EDGE('',*,*,#781,.F.);
#895 = ORIENTED_EDGE('',*,*,#851,.T.);
#896 = ORIENTED_EDGE('',*,*,#821,.T.);
#897 = ORIENTED_EDGE('',*,*,#873,.F.);
#898 = PLANE('',#899);
#899 = AXIS2_PLACEMENT_3D('',#900,#901,#902);
#900 = CARTESIAN_POINT('',(623.,550.,852.));
#901 = DIRECTION('',(0.,0.,1.));
#902 = DIRECTION('',(1.,0.,0.));
#903 = ADVANCED_FACE('',(#904),#910,.T.);
#904 = FACE_BOUND('',#905,.T.);
#905 = EDGE_LOOP('',(#906,#907,#908,#909));
#906 = ORIENTED_EDGE('',*,*,#797,.F.);
#907 = ORIENTED_EDGE('',*,*,#858,.T.);
#908 = ORIENTED_EDGE('',*,*,#837,.T.);
#909 = ORIENTED_EDGE('',*,*,#880,.F.);
#910 = PLANE('',#911);
#911 = AXIS2_PLACEMENT_3D('',#912,#913,#914);
#912 = CARTESIAN_POINT('',(623.,550.,870.));
#913 = DIRECTION('',(0.,0.,1.));
#914 = DIRECTION('',(1.,0.,0.));
#915 = MANIFOLD_SOLID_BREP('',#916);
#916 = CLOSED_SHELL('',(#917,#957,#997,#1019,#1041,#1053));
#917 = ADVANCED_FACE('',(#918),#952,.F.);
#918 = FACE_BOUND('',#919,.F.);
#919 = EDGE_LOOP('',(#920,#930,#938,#946));
#920 = ORIENTED_EDGE('',*,*,#921,.F.);
#921 = EDGE_CURVE('',#922,#924,#926,.T.);
#922 = VERTEX_POINT('',#923);
#923 = CARTESIAN_POINT('',(653.,30.,0.));
#924 = VERTEX_POINT('',#925);
#925 = CARTESIAN_POINT('',(653.,30.,80.));
#926 = LINE('',#927,#928);
#927 = CARTESIAN_POINT('',(653.,30.,0.));
#928 = VECTOR('',#929,1.);
#929 = DIRECTION('',(0.,0.,1.));
#930 = ORIENTED_EDGE('',*,*,#931,.T.);
#931 = EDGE_CURVE('',#922,#932,#934,.T.);
#932 = VERTEX_POINT('',#933);
#933 = CARTESIAN_POINT('',(653.,70.,0.));
#934 = LINE('',#935,#936);
#935 = CARTESIAN_POINT('',(653.,30.,0.));
#936 = VECTOR('',#937,1.);
#937 = DIRECTION('',(0.,1.,0.));
#938 = ORIENTED_EDGE('',*,*,#939,.T.);
#939 = EDGE_CURVE('',#932,#940,#942,.T.);
#940 = VERTEX_POINT('',#941);
#941 = CARTESIAN_POINT('',(653.,70.,80.));
#942 = LINE('',#943,#944);
#943 = CARTESIAN_POINT('',(653.,70.,0.));
#944 = VECTOR('',#945,1.);
#945 = DIRECTION('',(0.,0.,1.));
#946 = ORIENTED_EDGE('',*,*,#947,.F.);
#947 = EDGE_CURVE('',#924,#940,#948,.T.);
#948 = LINE('',#949,#950);
#949 = CARTESIAN_POINT('',(653.,30.,80.));
#950 = VECTOR('',#951,1.);
#951 = DIRECTION('',(0.,1.,0.));
#952 = PLANE('',#953);
#953 = AXIS2_PLACEMENT_3D('',#954,#955,#956);
#954 = CARTESIAN_POINT('',(653.,30.,0.));
#955 = DIRECTION('',(1.,0.,0.));
#956 = DIRECTION('',(0.,0.,1.));
#957 = ADVANCED_FACE('',(#958),#992,.T.);
#958 = FACE_BOUND('',#959,.T.);
#959 = EDGE_LOOP('',(#960,#970,#978,#986));
#960 = ORIENTED_EDGE('',*,*,#961,.F.);
#961 = EDGE_CURVE('',#962,#964,#966,.T.);
#962 = VERTEX_POINT('',#963);
#963 = CARTESIAN_POINT('',(693.,30.,0.));
#964 = VERTEX_POINT('',#965);
#965 = CARTESIAN_POINT('',(693.,30.,80.));
#966 = LINE('',#967,#968);
#967 = CARTESIAN_POINT('',(693.,30.,0.));
#968 = VECTOR('',#969,1.);
#969 = DIRECTION('',(0.,0.,1.));
#970 = ORIENTED_EDGE('',*,*,#971,.T.);
#971 = EDGE_CURVE('',#962,#972,#974,.T.);
#972 = VERTEX_POINT('',#973);
#973 = CARTESIAN_POINT('',(693.,70.,0.));
#974 = LINE('',#975,#976);
#975 = CARTESIAN_POINT('',(693.,30.,0.));
#976 = VECTOR('',#977,1.);
#977 = DIRECTION('',(0.,1.,0.));
#978 = ORIENTED_EDGE('',*,*,#979,.T.);
#979 = EDGE_CURVE('',#972,#980,#982,.T.);
#980 = VERTEX_POINT('',#981);
#981 = CARTESIAN_POINT('',(693.,70.,80.));
#982 = LINE('',#983,#984);
#983 = CARTESIAN_POINT('',(693.,70.,0.));
#984 = VECTOR('',#985,1.);
#985 = DIRECTION('',(0.,0.,1.));
#986 = ORIENTED_EDGE('',*,*,#987,.F.);
#987 = EDGE_CURVE('',#964,#980,#988,.T.);
#988 = LINE('',#989,#990);
#989 = CARTESIAN_POINT('',(693.,30.,80.));
#990 = VECTOR('',#991,1.);
#991 = DIRECTION('',(0.,1.,0.));
#992 = PLANE('',#993);
#993 = AXIS2_PLACEMENT_3D('',#994,#995,#996);
#994 = CARTESIAN_POINT('',(693.,30.,0.));
#995 = DIRECTION('',(1.,0.,0.));
#996 = DIRECTION('',(0.,0.,1.));
#997 = ADVANCED_FACE('',(#998),#1014,.F.);
#998 = FACE_BOUND('',#999,.F.);
#999 = EDGE_LOOP('',(#1000,#1006,#1007,#1013));
#1000 = ORIENTED_EDGE('',*,*,#1001,.F.);
#1001 = EDGE_CURVE('',#922,#962,#1002,.T.);
#1002 = LINE('',#1003,#1004);
#1003 = CARTESIAN_POINT('',(653.,30.,0.));
#1004 = VECTOR('',#1005,1.);
#1005 = DIRECTION('',(1.,0.,0.));
#1006 = ORIENTED_EDGE('',*,*,#921,.T.);
#1007 = ORIENTED_EDGE('',*,*,#1008,.T.);
#1008 = EDGE_CURVE('',#924,#964,#1009,.T.);
#1009 = LINE('',#1010,#1011);
#1010 = CARTESIAN_POINT('',(653.,30.,80.));
#1011 = VECTOR('',#1012,1.);
#1012 = DIRECTION('',(1.,0.,0.));
#1013 = ORIENTED_EDGE('',*,*,#961,.F.);
#1014 = PLANE('',#1015);
#1015 = AXIS2_PLACEMENT_3D('',#1016,#1017,#1018);
#1016 = CARTESIAN_POINT('',(653.,30.,0.));
#1017 = DIRECTION('',(0.,1.,0.));
#1018 = DIRECTION('',(0.,0.,1.));
#1019 = ADVANCED_FACE('',(#1020),#1036,.T.);
#1020 = FACE_BOUND('',#1021,.T.);
#1021 = EDGE_LOOP('',(#1022,#1028,#1029,#1035));
#1022 = ORIENTED_EDGE('',*,*,#1023,.F.);
#1023 = EDGE_CURVE('',#932,#972,#1024,.T.);
#1024 = LINE('',#1025,#1026);
#1025 = CARTESIAN_POINT('',(653.,70.,0.));
#1026 = VECTOR('',#1027,1.);
#1027 = DIRECTION('',(1.,0.,0.));
#1028 = ORIENTED_EDGE('',*,*,#939,.T.);
#1029 = ORIENTED_EDGE('',*,*,#1030,.T.);
#1030 = EDGE_CURVE('',#940,#980,#1031,.T.);
#1031 = LINE('',#1032,#1033);
#1032 = CARTESIAN_POINT('',(653.,70.,80.));
#1033 = VECTOR('',#1034,1.);
#1034 = DIRECTION('',(1.,0.,0.));
#1035 = ORIENTED_EDGE('',*,*,#979,.F.);
#1036 = PLANE('',#1037);
#1037 = AXIS2_PLACEMENT_3D('',#1038,#1039,#1040);
#1038 = CARTESIAN_POINT('',(653.,70.,0.));
#1039 = DIRECTION('',(0.,1.,0.));
#1040 = DIRECTION('',(0.,0.,1.));
#1041 = ADVANCED_FACE('',(#1042),#1048,.F.);
#1042 = FACE_BOUND('',#1043,.F.);
#1043 = EDGE_LOOP('',(#1044,#1045,#1046,#1047));
#1044 = ORIENTED_EDGE('',*,*,#931,.F.);
#1045 = ORIENTED_EDGE('',*,*,#1001,.T.);
#1046 = ORIENTED_EDGE('',*,*,#971,.T.);
#1047 = ORIENTED_EDGE('',*,*,#1023,.F.);
#1048 = PLANE('',#1049);
#1049 = AXIS2_PLACEMENT_3D('',#1050,#1051,#1052);
#1050 = CARTESIAN_POINT('',(653.,30.,0.));
#1051 = DIRECTION('',(0.,0.,1.));
#1052 = DIRECTION('',(1.,0.,0.));
#1053 = ADVANCED_FACE('',(#1054),#1060,.T.);
#1054 = FACE_BOUND('',#1055,.T.);
#1055 = EDGE_LOOP('',(#1056,#1057,#1058,#1059));
#1056 = ORIENTED_EDGE('',*,*,#947,.F.);
#1057 = ORIENTED_EDGE('',*,*,#1008,.T.);
#1058 = ORIENTED_EDGE('',*,*,#987,.T.);
#1059 = ORIENTED_EDGE('',*,*,#1030,.F.);
#1060 = PLANE('',#1061);
#1061 = AXIS2_PLACEMENT_3D('',#1062,#1063,#1064);
#1062 = CARTESIAN_POINT('',(653.,30.,80.));
#1063 = DIRECTION('',(0.,0.,1.));
#1064 = DIRECTION('',(1.,0.,0.));
#1065 = MANIFOLD_SOLID_BREP('',#1066);
#1066 = CLOSED_SHELL('',(#1067,#1107,#1147,#1169,#1191,#1203));
#1067 = ADVANCED_FACE('',(#1068),#1102,.F.);
#1068 = FACE_BOUND('',#1069,.F.);
#1069 = EDGE_LOOP('',(#1070,#1080,#1088,#1096));
#1070 = ORIENTED_EDGE('',*,*,#1071,.F.);
#1071 = EDGE_CURVE('',#1072,#1074,#1076,.T.);
#1072 = VERTEX_POINT('',#1073);
#1073 = CARTESIAN_POINT('',(653.,580.,0.));
#1074 = VERTEX_POINT('',#1075);
#1075 = CARTESIAN_POINT('',(653.,580.,80.));
#1076 = LINE('',#1077,#1078);
#1077 = CARTESIAN_POINT('',(653.,580.,0.));
#1078 = VECTOR('',#1079,1.);
#1079 = DIRECTION('',(0.,0.,1.));
#1080 = ORIENTED_EDGE('',*,*,#1081,.T.);
#1081 = EDGE_CURVE('',#1072,#1082,#1084,.T.);
#1082 = VERTEX_POINT('',#1083);
#1083 = CARTESIAN_POINT('',(653.,620.,0.));
#1084 = LINE('',#1085,#1086);
#1085 = CARTESIAN_POINT('',(653.,580.,0.));
#1086 = VECTOR('',#1087,1.);
#1087 = DIRECTION('',(0.,1.,0.));
#1088 = ORIENTED_EDGE('',*,*,#1089,.T.);
#1089 = EDGE_CURVE('',#1082,#1090,#1092,.T.);
#1090 = VERTEX_POINT('',#1091);
#1091 = CARTESIAN_POINT('',(653.,620.,80.));
#1092 = LINE('',#1093,#1094);
#1093 = CARTESIAN_POINT('',(653.,620.,0.));
#1094 = VECTOR('',#1095,1.);
#1095 = DIRECTION('',(0.,0.,1.));
#1096 = ORIENTED_EDGE('',*,*,#1097,.F.);
#1097 = EDGE_CURVE('',#1074,#1090,#1098,.T.);
#1098 = LINE('',#1099,#1100);
#1099 = CARTESIAN_POINT('',(653.,580.,80.));
#1100 = VECTOR('',#1101,1.);
#1101 = DIRECTION('',(0.,1.,0.));
#1102 = PLANE('',#1103);
#1103 = AXIS2_PLACEMENT_3D('',#1104,#1105,#1106);
#1104 = CARTESIAN_POINT('',(653.,580.,0.));
#1105 = DIRECTION('',(1.,0.,0.));
#1106 = DIRECTION('',(0.,0.,1.));
#1107 = ADVANCED_FACE('',(#1108),#1142,.T.);
#1108 = FACE_BOUND('',#1109,.T.);
#1109 = EDGE_LOOP('',(#1110,#1120,#1128,#1136));
#1110 = ORIENTED_EDGE('',*,*,#1111,.F.);
#1111 = EDGE_CURVE('',#1112,#1114,#1116,.T.);
#1112 = VERTEX_POINT('',#1113);
#1113 = CARTESIAN_POINT('',(693.,580.,0.));
#1114 = VERTEX_POINT('',#1115);
#1115 = CARTESIAN_POINT('',(693.,580.,80.));
#1116 = LINE('',#1117,#1118);
#1117 = CARTESIAN_POINT('',(693.,580.,0.));
#1118 = VECTOR('',#1119,1.);
#1119 = DIRECTION('',(0.,0.,1.));
#1120 = ORIENTED_EDGE('',*,*,#1121,.T.);
#1121 = EDGE_CURVE('',#1112,#1122,#1124,.T.);
#1122 = VERTEX_POINT('',#1123);
#1123 = CARTESIAN_POINT('',(693.,620.,0.));
#1124 = LINE('',#1125,#1126);
#1125 = CARTESIAN_POINT('',(693.,580.,0.));
#1126 = VECTOR('',#1127,1.);
#1127 = DIRECTION('',(0.,1.,0.));
#1128 = ORIENTED_EDGE('',*,*,#1129,.T.);
#1129 = EDGE_CURVE('',#1122,#1130,#1132,.T.);
#1130 = VERTEX_POINT('',#1131);
#1131 = CARTESIAN_POINT('',(693.,620.,80.));
#1132 = LINE('',#1133,#1134);
#1133 = CARTESIAN_POINT('',(693.,620.,0.));
#1134 = VECTOR('',#1135,1.);
#1135 = DIRECTION('',(0.,0.,1.));
#1136 = ORIENTED_EDGE('',*,*,#1137,.F.);
#1137 = EDGE_CURVE('',#1114,#1130,#1138,.T.);
#1138 = LINE('',#1139,#1140);
#1139 = CARTESIAN_POINT('',(693.,580.,80.));
#1140 = VECTOR('',#1141,1.);
#1141 = DIRECTION('',(0.,1.,0.));
#1142 = PLANE('',#1143);
#1143 = AXIS2_PLACEMENT_3D('',#1144,#1145,#1146);
#1144 = CARTESIAN_POINT('',(693.,580.,0.));
#1145 = DIRECTION('',(1.,0.,0.));
#1146 = DIRECTION('',(0.,0.,1.));
#1147 = ADVANCED_FACE('',(#1148),#1164,.F.);
#1148 = FACE_BOUND('',#1149,.F.);
#1149 = EDGE_LOOP('',(#1150,#1156,#1157,#1163));
#1150 = ORIENTED_EDGE('',*,*,#1151,.F.);
#1151 = EDGE_CURVE('',#1072,#1112,#1152,.T.);
#1152 = LINE('',#1153,#1154);
#1153 = CARTESIAN_POINT('',(653.,580.,0.));
#1154 = VECTOR('',#1155,1.);
#1155 = DIRECTION('',(1.,0.,0.));
#1156 = ORIENTED_EDGE('',*,*,#1071,.T.);
#1157 = ORIENTED_EDGE('',*,*,#1158,.T.);
#1158 = EDGE_CURVE('',#1074,#1114,#1159,.T.);
#1159 = LINE('',#1160,#1161);
#1160 = CARTESIAN_POINT('',(653.,580.,80.));
#1161 = VECTOR('',#1162,1.);
#1162 = DIRECTION('',(1.,0.,0.));
#1163 = ORIENTED_EDGE('',*,*,#1111,.F.);
#1164 = PLANE('',#1165);
#1165 = AXIS2_PLACEMENT_3D('',#1166,#1167,#1168);
#1166 = CARTESIAN_POINT('',(653.,580.,0.));
#1167 = DIRECTION('',(0.,1.,0.));
#1168 = DIRECTION('',(0.,0.,1.));
#1169 = ADVANCED_FACE('',(#1170),#1186,.T.);
#1170 = FACE_BOUND('',#1171,.T.);
#1171 = EDGE_LOOP('',(#1172,#1178,#1179,#1185));
#1172 = ORIENTED_EDGE('',*,*,#1173,.F.);
#1173 = EDGE_CURVE('',#1082,#1122,#1174,.T.);
#1174 = LINE('',#1175,#1176);
#1175 = CARTESIAN_POINT('',(653.,620.,0.));
#1176 = VECTOR('',#1177,1.);
#1177 = DIRECTION('',(1.,0.,0.));
#1178 = ORIENTED_EDGE('',*,*,#1089,.T.);
#1179 = ORIENTED_EDGE('',*,*,#1180,.T.);
#1180 = EDGE_CURVE('',#1090,#1130,#1181,.T.);
#1181 = LINE('',#1182,#1183);
#1182 = CARTESIAN_POINT('',(653.,620.,80.));
#1183 = VECTOR('',#1184,1.);
#1184 = DIRECTION('',(1.,0.,0.));
#1185 = ORIENTED_EDGE('',*,*,#1129,.F.);
#1186 = PLANE('',#1187);
#1187 = AXIS2_PLACEMENT_3D('',#1188,#1189,#1190);
#1188 = CARTESIAN_POINT('',(653.,620.,0.));
#1189 = DIRECTION('',(0.,1.,0.));
#1190 = DIRECTION('',(0.,0.,1.));
#1191 = ADVANCED_FACE('',(#1192),#1198,.F.);
#1192 = FACE_BOUND('',#1193,.F.);
#1193 = EDGE_LOOP('',(#1194,#1195,#1196,#1197));
#1194 = ORIENTED_EDGE('',*,*,#1081,.F.);
#1195 = ORIENTED_EDGE('',*,*,#1151,.T.);
#1196 = ORIENTED_EDGE('',*,*,#1121,.T.);
#1197 = ORIENTED_EDGE('',*,*,#1173,.F.);
#1198 = PLANE('',#1199);
#1199 = AXIS2_PLACEMENT_3D('',#1200,#1201,#1202);
#1200 = CARTESIAN_POINT('',(653.,580.,0.));
#1201 = DIRECTION('',(0.,0.,1.));
#1202 = DIRECTION('',(1.,0.,0.));
#1203 = ADVANCED_FACE('',(#1204),#1210,.T.);
#1204 = FACE_BOUND('',#1205,.T.);
#1205 = EDGE_LOOP('',(#1206,#1207,#1208,#1209));
#1206 = ORIENTED_EDGE('',*,*,#1097,.F.);
#1207 = ORIENTED_EDGE('',*,*,#1158,.T.);
#1208 = ORIENTED_EDGE('',*,*,#1137,.T.);
#1209 = ORIENTED_EDGE('',*,*,#1180,.F.);
#1210 = PLANE('',#1211);
#1211 = AXIS2_PLACEMENT_3D('',#1212,#1213,#1214);
#1212 = CARTESIAN_POINT('',(653.,580.,80.));
#1213 = DIRECTION('',(0.,0.,1.));
#1214 = DIRECTION('',(1.,0.,0.));
#1215 = MANIFOLD_SOLID_BREP('',#1216);
#1216 = CLOSED_SHELL('',(#1217,#1257,#1297,#1319,#1341,#1353));
#1217 = ADVANCED_FACE('',(#1218),#1252,.F.);
#1218 = FACE_BOUND('',#1219,.F.);
#1219 = EDGE_LOOP('',(#1220,#1230,#1238,#1246));
#1220 = ORIENTED_EDGE('',*,*,#1221,.F.);
#1221 = EDGE_CURVE('',#1222,#1224,#1226,.T.);
#1222 = VERTEX_POINT('',#1223);
#1223 = CARTESIAN_POINT('',(1.59E+03,30.,0.));
#1224 = VERTEX_POINT('',#1225);
#1225 = CARTESIAN_POINT('',(1.59E+03,30.,80.));
#1226 = LINE('',#1227,#1228);
#1227 = CARTESIAN_POINT('',(1.59E+03,30.,0.));
#1228 = VECTOR('',#1229,1.);
#1229 = DIRECTION('',(0.,0.,1.));
#1230 = ORIENTED_EDGE('',*,*,#1231,.T.);
#1231 = EDGE_CURVE('',#1222,#1232,#1234,.T.);
#1232 = VERTEX_POINT('',#1233);
#1233 = CARTESIAN_POINT('',(1.59E+03,70.,0.));
#1234 = LINE('',#1235,#1236);
#1235 = CARTESIAN_POINT('',(1.59E+03,30.,0.));
#1236 = VECTOR('',#1237,1.);
#1237 = DIRECTION('',(0.,1.,0.));
#1238 = ORIENTED_EDGE('',*,*,#1239,.T.);
#1239 = EDGE_CURVE('',#1232,#1240,#1242,.T.);
#1240 = VERTEX_POINT('',#1241);
#1241 = CARTESIAN_POINT('',(1.59E+03,70.,80.));
#1242 = LINE('',#1243,#1244);
#1243 = CARTESIAN_POINT('',(1.59E+03,70.,0.));
#1244 = VECTOR('',#1245,1.);
#1245 = DIRECTION('',(0.,0.,1.));
#1246 = ORIENTED_EDGE('',*,*,#1247,.F.);
#1247 = EDGE_CURVE('',#1224,#1240,#1248,.T.);
#1248 = LINE('',#1249,#1250);
#1249 = CARTESIAN_POINT('',(1.59E+03,30.,80.));
#1250 = VECTOR('',#1251,1.);
#1251 = DIRECTION('',(0.,1.,0.));
#1252 = PLANE('',#1253);
#1253 = AXIS2_PLACEMENT_3D('',#1254,#1255,#1256);
#1254 = CARTESIAN_POINT('',(1.59E+03,30.,0.));
#1255 = DIRECTION('',(1.,0.,0.));
#1256 = DIRECTION('',(0.,0.,1.));
#1257 = ADVANCED_FACE('',(#1258),#1292,.T.);
#1258 = FACE_BOUND('',#1259,.T.);
#1259 = EDGE_LOOP('',(#1260,#1270,#1278,#1286));
#1260 = ORIENTED_EDGE('',*,*,#1261,.F.);
#1261 = EDGE_CURVE('',#1262,#1264,#1266,.T.);
#1262 = VERTEX_POINT('',#1263);
#1263 = CARTESIAN_POINT('',(1.63E+03,30.,0.));
#1264 = VERTEX_POINT('',#1265);
#1265 = CARTESIAN_POINT('',(1.63E+03,30.,80.));
#1266 = LINE('',#1267,#1268);
#1267 = CARTESIAN_POINT('',(1.63E+03,30.,0.));
#1268 = VECTOR('',#1269,1.);
#1269 = DIRECTION('',(0.,0.,1.));
#1270 = ORIENTED_EDGE('',*,*,#1271,.T.);
#1271 = EDGE_CURVE('',#1262,#1272,#1274,.T.);
#1272 = VERTEX_POINT('',#1273);
#1273 = CARTESIAN_POINT('',(1.63E+03,70.,0.));
#1274 = LINE('',#1275,#1276);
#1275 = CARTESIAN_POINT('',(1.63E+03,30.,0.));
#1276 = VECTOR('',#1277,1.);
#1277 = DIRECTION('',(0.,1.,0.));
#1278 = ORIENTED_EDGE('',*,*,#1279,.T.);
#1279 = EDGE_CURVE('',#1272,#1280,#1282,.T.);
#1280 = VERTEX_POINT('',#1281);
#1281 = CARTESIAN_POINT('',(1.63E+03,70.,80.));
#1282 = LINE('',#1283,#1284);
#1283 = CARTESIAN_POINT('',(1.63E+03,70.,0.));
#1284 = VECTOR('',#1285,1.);
#1285 = DIRECTION('',(0.,0.,1.));
#1286 = ORIENTED_EDGE('',*,*,#1287,.F.);
#1287 = EDGE_CURVE('',#1264,#1280,#1288,.T.);
#1288 = LINE('',#1289,#1290);
#1289 = CARTESIAN_POINT('',(1.63E+03,30.,80.));
#1290 = VECTOR('',#1291,1.);
#1291 = DIRECTION('',(0.,1.,0.));
#1292 = PLANE('',#1293);
#1293 = AXIS2_PLACEMENT_3D('',#1294,#1295,#1296);
#1294 = CARTESIAN_POINT('',(1.63E+03,30.,0.));
#1295 = DIRECTION('',(1.,0.,0.));
#1296 = DIRECTION('',(0.,0.,1.));
#1297 = ADVANCED_FACE('',(#1298),#1314,.F.);
#1298 = FACE_BOUND('',#1299,.F.);
#1299 = EDGE_LOOP('',(#1300,#1306,#1307,#1313));
#1300 = ORIENTED_EDGE('',*,*,#1301,.F.);
#1301 = EDGE_CURVE('',#1222,#1262,#1302,.T.);
#1302 = LINE('',#1303,#1304);
#1303 = CARTESIAN_POINT('',(1.59E+03,30.,0.));
#1304 = VECTOR('',#1305,1.);
#1305 = DIRECTION('',(1.,0.,0.));
#1306 = ORIENTED_EDGE('',*,*,#1221,.T.);
#1307 = ORIENTED_EDGE('',*,*,#1308,.T.);
#1308 = EDGE_CURVE('',#1224,#1264,#1309,.T.);
#1309 = LINE('',#1310,#1311);
#1310 = CARTESIAN_POINT('',(1.59E+03,30.,80.));
#1311 = VECTOR('',#1312,1.);
#1312 = DIRECTION('',(1.,0.,0.));
#1313 = ORIENTED_EDGE('',*,*,#1261,.F.);
#1314 = PLANE('',#1315);
#1315 = AXIS2_PLACEMENT_3D('',#1316,#1317,#1318);
#1316 = CARTESIAN_POINT('',(1.59E+03,30.,0.));
#1317 = DIRECTION('',(0.,1.,0.));
#1318 = DIRECTION('',(0.,0.,1.));
#1319 = ADVANCED_FACE('',(#1320),#1336,.T.);
#1320 = FACE_BOUND('',#1321,.T.);
#1321 = EDGE_LOOP('',(#1322,#1328,#1329,#1335));
#1322 = ORIENTED_EDGE('',*,*,#1323,.F.);
#1323 = EDGE_CURVE('',#1232,#1272,#1324,.T.);
#1324 = LINE('',#1325,#1326);
#1325 = CARTESIAN_POINT('',(1.59E+03,70.,0.));
#1326 = VECTOR('',#1327,1.);
#1327 = DIRECTION('',(1.,0.,0.));
#1328 = ORIENTED_EDGE('',*,*,#1239,.T.);
#1329 = ORIENTED_EDGE('',*,*,#1330,.T.);
#1330 = EDGE_CURVE('',#1240,#1280,#1331,.T.);
#1331 = LINE('',#1332,#1333);
#1332 = CARTESIAN_POINT('',(1.59E+03,70.,80.));
#1333 = VECTOR('',#1334,1.);
#1334 = DIRECTION('',(1.,0.,0.));
#1335 = ORIENTED_EDGE('',*,*,#1279,.F.);
#1336 = PLANE('',#1337);
#1337 = AXIS2_PLACEMENT_3D('',#1338,#1339,#1340);
#1338 = CARTESIAN_POINT('',(1.59E+03,70.,0.));
#1339 = DIRECTION('',(0.,1.,0.));
#1340 = DIRECTION('',(0.,0.,1.));
#1341 = ADVANCED_FACE('',(#1342),#1348,.F.);
#1342 = FACE_BOUND('',#1343,.F.);
#1343 = EDGE_LOOP('',(#1344,#1345,#1346,#1347));
#1344 = ORIENTED_EDGE('',*,*,#1231,.F.);
#1345 = ORIENTED_EDGE('',*,*,#1301,.T.);
#1346 = ORIENTED_EDGE('',*,*,#1271,.T.);
#1347 = ORIENTED_EDGE('',*,*,#1323,.F.);
#1348 = PLANE('',#1349);
#1349 = AXIS2_PLACEMENT_3D('',#1350,#1351,#1352);
#1350 = CARTESIAN_POINT('',(1.59E+03,30.,0.));
#1351 = DIRECTION('',(0.,0.,1.));
#1352 = DIRECTION('',(1.,0.,0.));
#1353 = ADVANCED_FACE('',(#1354),#1360,.T.);
#1354 = FACE_BOUND('',#1355,.T.);
#1355 = EDGE_LOOP('',(#1356,#1357,#1358,#1359));
#1356 = ORIENTED_EDGE('',*,*,#1247,.F.);
#1357 = ORIENTED_EDGE('',*,*,#1308,.T.);
#1358 = ORIENTED_EDGE('',*,*,#1287,.T.);
#1359 = ORIENTED_EDGE('',*,*,#1330,.F.);
#1360 = PLANE('',#1361);
#1361 = AXIS2_PLACEMENT_3D('',#1362,#1363,#1364);
#1362 = CARTESIAN_POINT('',(1.59E+03,30.,80.));
#1363 = DIRECTION('',(0.,0.,1.));
#1364 = DIRECTION('',(1.,0.,0.));
#1365 = MANIFOLD_SOLID_BREP('',#1366);
#1366 = CLOSED_SHELL('',(#1367,#1407,#1447,#1469,#1491,#1503));
#1367 = ADVANCED_FACE('',(#1368),#1402,.F.);
#1368 = FACE_BOUND('',#1369,.F.);
#1369 = EDGE_LOOP('',(#1370,#1380,#1388,#1396));
#1370 = ORIENTED_EDGE('',*,*,#1371,.F.);
#1371 = EDGE_CURVE('',#1372,#1374,#1376,.T.);
#1372 = VERTEX_POINT('',#1373);
#1373 = CARTESIAN_POINT('',(1.59E+03,580.,0.));
#1374 = VERTEX_POINT('',#1375);
#1375 = CARTESIAN_POINT('',(1.59E+03,580.,80.));
#1376 = LINE('',#1377,#1378);
#1377 = CARTESIAN_POINT('',(1.59E+03,580.,0.));
#1378 = VECTOR('',#1379,1.);
#1379 = DIRECTION('',(0.,0.,1.));
#1380 = ORIENTED_EDGE('',*,*,#1381,.T.);
#1381 = EDGE_CURVE('',#1372,#1382,#1384,.T.);
#1382 = VERTEX_POINT('',#1383);
#1383 = CARTESIAN_POINT('',(1.59E+03,620.,0.));
#1384 = LINE('',#1385,#1386);
#1385 = CARTESIAN_POINT('',(1.59E+03,580.,0.));
#1386 = VECTOR('',#1387,1.);
#1387 = DIRECTION('',(0.,1.,0.));
#1388 = ORIENTED_EDGE('',*,*,#1389,.T.);
#1389 = EDGE_CURVE('',#1382,#1390,#1392,.T.);
#1390 = VERTEX_POINT('',#1391);
#1391 = CARTESIAN_POINT('',(1.59E+03,620.,80.));
#1392 = LINE('',#1393,#1394);
#1393 = CARTESIAN_POINT('',(1.59E+03,620.,0.));
#1394 = VECTOR('',#1395,1.);
#1395 = DIRECTION('',(0.,0.,1.));
#1396 = ORIENTED_EDGE('',*,*,#1397,.F.);
#1397 = EDGE_CURVE('',#1374,#1390,#1398,.T.);
#1398 = LINE('',#1399,#1400);
#1399 = CARTESIAN_POINT('',(1.59E+03,580.,80.));
#1400 = VECTOR('',#1401,1.);
#1401 = DIRECTION('',(0.,1.,0.));
#1402 = PLANE('',#1403);
#1403 = AXIS2_PLACEMENT_3D('',#1404,#1405,#1406);
#1404 = CARTESIAN_POINT('',(1.59E+03,580.,0.));
#1405 = DIRECTION('',(1.,0.,0.));
#1406 = DIRECTION('',(0.,0.,1.));
#1407 = ADVANCED_FACE('',(#1408),#1442,.T.);
#1408 = FACE_BOUND('',#1409,.T.);
#1409 = EDGE_LOOP('',(#1410,#1420,#1428,#1436));
#1410 = ORIENTED_EDGE('',*,*,#1411,.F.);
#1411 = EDGE_CURVE('',#1412,#1414,#1416,.T.);
#1412 = VERTEX_POINT('',#1413);
#1413 = CARTESIAN_POINT('',(1.63E+03,580.,0.));
#1414 = VERTEX_POINT('',#1415);
#1415 = CARTESIAN_POINT('',(1.63E+03,580.,80.));
#1416 = LINE('',#1417,#1418);
#1417 = CARTESIAN_POINT('',(1.63E+03,580.,0.));
#1418 = VECTOR('',#1419,1.);
#1419 = DIRECTION('',(0.,0.,1.));
#1420 = ORIENTED_EDGE('',*,*,#1421,.T.);
#1421 = EDGE_CURVE('',#1412,#1422,#1424,.T.);
#1422 = VERTEX_POINT('',#1423);
#1423 = CARTESIAN_POINT('',(1.63E+03,620.,0.));
#1424 = LINE('',#1425,#1426);
#1425 = CARTESIAN_POINT('',(1.63E+03,580.,0.));
#1426 = VECTOR('',#1427,1.);
#1427 = DIRECTION('',(0.,1.,0.));
#1428 = ORIENTED_EDGE('',*,*,#1429,.T.);
#1429 = EDGE_CURVE('',#1422,#1430,#1432,.T.);
#1430 = VERTEX_POINT('',#1431);
#1431 = CARTESIAN_POINT('',(1.63E+03,620.,80.));
#1432 = LINE('',#1433,#1434);
#1433 = CARTESIAN_POINT('',(1.63E+03,620.,0.));
#1434 = VECTOR('',#1435,1.);
#1435 = DIRECTION('',(0.,0.,1.));
#1436 = ORIENTED_EDGE('',*,*,#1437,.F.);
#1437 = EDGE_CURVE('',#1414,#1430,#1438,.T.);
#1438 = LINE('',#1439,#1440);
#1439 = CARTESIAN_POINT('',(1.63E+03,580.,80.));
#1440 = VECTOR('',#1441,1.);
#1441 = DIRECTION('',(0.,1.,0.));
#1442 = PLANE('',#1443);
#1443 = AXIS2_PLACEMENT_3D('',#1444,#1445,#1446);
#1444 = CARTESIAN_POINT('',(1.63E+03,580.,0.));
#1445 = DIRECTION('',(1.,0.,0.));
#1446 = DIRECTION('',(0.,0.,1.));
#1447 = ADVANCED_FACE('',(#1448),#1464,.F.);
#1448 = FACE_BOUND('',#1449,.F.);
#1449 = EDGE_LOOP('',(#1450,#1456,#1457,#1463));
#1450 = ORIENTED_EDGE('',*,*,#1451,.F.);
#1451 = EDGE_CURVE('',#1372,#1412,#1452,.T.);
#1452 = LINE('',#1453,#1454);
#1453 = CARTESIAN_POINT('',(1.59E+03,580.,0.));
#1454 = VECTOR('',#1455,1.);
#1455 = DIRECTION('',(1.,0.,0.));
#1456 = ORIENTED_EDGE('',*,*,#1371,.T.);
#1457 = ORIENTED_EDGE('',*,*,#1458,.T.);
#1458 = EDGE_CURVE('',#1374,#1414,#1459,.T.);
#1459 = LINE('',#1460,#1461);
#1460 = CARTESIAN_POINT('',(1.59E+03,580.,80.));
#1461 = VECTOR('',#1462,1.);
#1462 = DIRECTION('',(1.,0.,0.));
#1463 = ORIENTED_EDGE('',*,*,#1411,.F.);
#1464 = PLANE('',#1465);
#1465 = AXIS2_PLACEMENT_3D('',#1466,#1467,#1468);
#1466 = CARTESIAN_POINT('',(1.59E+03,580.,0.));
#1467 = DIRECTION('',(0.,1.,0.));
#1468 = DIRECTION('',(0.,0.,1.));
#1469 = ADVANCED_FACE('',(#1470),#1486,.T.);
#1470 = FACE_BOUND('',#1471,.T.);
#1471 = EDGE_LOOP('',(#1472,#1478,#1479,#1485));
#1472 = ORIENTED_EDGE('',*,*,#1473,.F.);
#1473 = EDGE_CURVE('',#1382,#1422,#1474,.T.);
#1474 = LINE('',#1475,#1476);
#1475 = CARTESIAN_POINT('',(1.59E+03,620.,0.));
#1476 = VECTOR('',#1477,1.);
#1477 = DIRECTION('',(1.,0.,0.));
#1478 = ORIENTED_EDGE('',*,*,#1389,.T.);
#1479 = ORIENTED_EDGE('',*,*,#1480,.T.);
#1480 = EDGE_CURVE('',#1390,#1430,#1481,.T.);
#1481 = LINE('',#1482,#1483);
#1482 = CARTESIAN_POINT('',(1.59E+03,620.,80.));
#1483 = VECTOR('',#1484,1.);
#1484 = DIRECTION('',(1.,0.,0.));
#1485 = ORIENTED_EDGE('',*,*,#1429,.F.);
#1486 = PLANE('',#1487);
#1487 = AXIS2_PLACEMENT_3D('',#1488,#1489,#1490);
#1488 = CARTESIAN_POINT('',(1.59E+03,620.,0.));
#1489 = DIRECTION('',(0.,1.,0.));
#1490 = DIRECTION('',(0.,0.,1.));
#1491 = ADVANCED_FACE('',(#1492),#1498,.F.);
#1492 = FACE_BOUND('',#1493,.F.);
#1493 = EDGE_LOOP('',(#1494,#1495,#1496,#1497));
#1494 = ORIENTED_EDGE('',*,*,#1381,.F.);
#1495 = ORIENTED_EDGE('',*,*,#1451,.T.);
#1496 = ORIENTED_EDGE('',*,*,#1421,.T.);
#1497 = ORIENTED_EDGE('',*,*,#1473,.F.);
#1498 = PLANE('',#1499);
#1499 = AXIS2_PLACEMENT_3D('',#1500,#1501,#1502);
#1500 = CARTESIAN_POINT('',(1.59E+03,580.,0.));
#1501 = DIRECTION('',(0.,0.,1.));
#1502 = DIRECTION('',(1.,0.,0.));
#1503 = ADVANCED_FACE('',(#1504),#1510,.T.);
#1504 = FACE_BOUND('',#1505,.T.);
#1505 = EDGE_LOOP('',(#1506,#1507,#1508,#1509));
#1506 = ORIENTED_EDGE('',*,*,#1397,.F.);
#1507 = ORIENTED_EDGE('',*,*,#1458,.T.);
#1508 = ORIENTED_EDGE('',*,*,#1437,.T.);
#1509 = ORIENTED_EDGE('',*,*,#1480,.F.);
#1510 = PLANE('',#1511);
#1511 = AXIS2_PLACEMENT_3D('',#1512,#1513,#1514);
#1512 = CARTESIAN_POINT('',(1.59E+03,580.,80.));
#1513 = DIRECTION('',(0.,0.,1.));
#1514 = DIRECTION('',(1.,0.,0.));
#1515 = MANIFOLD_SOLID_BREP('',#1516);
#1516 = CLOSED_SHELL('',(#1517,#1557,#1597,#1619,#1641,#1653));
#1517 = ADVANCED_FACE('',(#1518),#1552,.F.);
#1518 = FACE_BOUND('',#1519,.F.);
#1519 = EDGE_LOOP('',(#1520,#1530,#1538,#1546));
#1520 = ORIENTED_EDGE('',*,*,#1521,.F.);
#1521 = EDGE_CURVE('',#1522,#1524,#1526,.T.);
#1522 = VERTEX_POINT('',#1523);
#1523 = CARTESIAN_POINT('',(0.,30.,0.));
#1524 = VERTEX_POINT('',#1525);
#1525 = CARTESIAN_POINT('',(0.,30.,80.));
#1526 = LINE('',#1527,#1528);
#1527 = CARTESIAN_POINT('',(0.,30.,0.));
#1528 = VECTOR('',#1529,1.);
#1529 = DIRECTION('',(0.,0.,1.));
#1530 = ORIENTED_EDGE('',*,*,#1531,.T.);
#1531 = EDGE_CURVE('',#1522,#1532,#1534,.T.);
#1532 = VERTEX_POINT('',#1533);
#1533 = CARTESIAN_POINT('',(0.,70.,0.));
#1534 = LINE('',#1535,#1536);
#1535 = CARTESIAN_POINT('',(0.,30.,0.));
#1536 = VECTOR('',#1537,1.);
#1537 = DIRECTION('',(0.,1.,0.));
#1538 = ORIENTED_EDGE('',*,*,#1539,.T.);
#1539 = EDGE_CURVE('',#1532,#1540,#1542,.T.);
#1540 = VERTEX_POINT('',#1541);
#1541 = CARTESIAN_POINT('',(0.,70.,80.));
#1542 = LINE('',#1543,#1544);
#1543 = CARTESIAN_POINT('',(0.,70.,0.));
#1544 = VECTOR('',#1545,1.);
#1545 = DIRECTION('',(0.,0.,1.));
#1546 = ORIENTED_EDGE('',*,*,#1547,.F.);
#1547 = EDGE_CURVE('',#1524,#1540,#1548,.T.);
#1548 = LINE('',#1549,#1550);
#1549 = CARTESIAN_POINT('',(0.,30.,80.));
#1550 = VECTOR('',#1551,1.);
#1551 = DIRECTION('',(0.,1.,0.));
#1552 = PLANE('',#1553);
#1553 = AXIS2_PLACEMENT_3D('',#1554,#1555,#1556);
#1554 = CARTESIAN_POINT('',(0.,30.,0.));
#1555 = DIRECTION('',(1.,0.,0.));
#1556 = DIRECTION('',(0.,0.,1.));
#1557 = ADVANCED_FACE('',(#1558),#1592,.T.);
#1558 = FACE_BOUND('',#1559,.T.);
#1559 = EDGE_LOOP('',(#1560,#1570,#1578,#1586));
#1560 = ORIENTED_EDGE('',*,*,#1561,.F.);
#1561 = EDGE_CURVE('',#1562,#1564,#1566,.T.);
#1562 = VERTEX_POINT('',#1563);
#1563 = CARTESIAN_POINT('',(40.,30.,0.));
#1564 = VERTEX_POINT('',#1565);
#1565 = CARTESIAN_POINT('',(40.,30.,80.));
#1566 = LINE('',#1567,#1568);
#1567 = CARTESIAN_POINT('',(40.,30.,0.));
#1568 = VECTOR('',#1569,1.);
#1569 = DIRECTION('',(0.,0.,1.));
#1570 = ORIENTED_EDGE('',*,*,#1571,.T.);
#1571 = EDGE_CURVE('',#1562,#1572,#1574,.T.);
#1572 = VERTEX_POINT('',#1573);
#1573 = CARTESIAN_POINT('',(40.,70.,0.));
#1574 = LINE('',#1575,#1576);
#1575 = CARTESIAN_POINT('',(40.,30.,0.));
#1576 = VECTOR('',#1577,1.);
#1577 = DIRECTION('',(0.,1.,0.));
#1578 = ORIENTED_EDGE('',*,*,#1579,.T.);
#1579 = EDGE_CURVE('',#1572,#1580,#1582,.T.);
#1580 = VERTEX_POINT('',#1581);
#1581 = CARTESIAN_POINT('',(40.,70.,80.));
#1582 = LINE('',#1583,#1584);
#1583 = CARTESIAN_POINT('',(40.,70.,0.));
#1584 = VECTOR('',#1585,1.);
#1585 = DIRECTION('',(0.,0.,1.));
#1586 = ORIENTED_EDGE('',*,*,#1587,.F.);
#1587 = EDGE_CURVE('',#1564,#1580,#1588,.T.);
#1588 = LINE('',#1589,#1590);
#1589 = CARTESIAN_POINT('',(40.,30.,80.));
#1590 = VECTOR('',#1591,1.);
#1591 = DIRECTION('',(0.,1.,0.));
#1592 = PLANE('',#1593);
#1593 = AXIS2_PLACEMENT_3D('',#1594,#1595,#1596);
#1594 = CARTESIAN_POINT('',(40.,30.,0.));
#1595 = DIRECTION('',(1.,0.,0.));
#1596 = DIRECTION('',(0.,0.,1.));
#1597 = ADVANCED_FACE('',(#1598),#1614,.F.);
#1598 = FACE_BOUND('',#1599,.F.);
#1599 = EDGE_LOOP('',(#1600,#1606,#1607,#1613));
#1600 = ORIENTED_EDGE('',*,*,#1601,.F.);
#1601 = EDGE_CURVE('',#1522,#1562,#1602,.T.);
#1602 = LINE('',#1603,#1604);
#1603 = CARTESIAN_POINT('',(0.,30.,0.));
#1604 = VECTOR('',#1605,1.);
#1605 = DIRECTION('',(1.,0.,0.));
#1606 = ORIENTED_EDGE('',*,*,#1521,.T.);
#1607 = ORIENTED_EDGE('',*,*,#1608,.T.);
#1608 = EDGE_CURVE('',#1524,#1564,#1609,.T.);
#1609 = LINE('',#1610,#1611);
#1610 = CARTESIAN_POINT('',(0.,30.,80.));
#1611 = VECTOR('',#1612,1.);
#1612 = DIRECTION('',(1.,0.,0.));
#1613 = ORIENTED_EDGE('',*,*,#1561,.F.);
#1614 = PLANE('',#1615);
#1615 = AXIS2_PLACEMENT_3D('',#1616,#1617,#1618);
#1616 = CARTESIAN_POINT('',(0.,30.,0.));
#1617 = DIRECTION('',(0.,1.,0.));
#1618 = DIRECTION('',(0.,0.,1.));
#1619 = ADVANCED_FACE('',(#1620),#1636,.T.);
#1620 = FACE_BOUND('',#1621,.T.);
#1621 = EDGE_LOOP('',(#1622,#1628,#1629,#1635));
#1622 = ORIENTED_EDGE('',*,*,#1623,.F.);
#1623 = EDGE_CURVE('',#1532,#1572,#1624,.T.);
#1624 = LINE('',#1625,#1626);
#1625 = CARTESIAN_POINT('',(0.,70.,0.));
#1626 = VECTOR('',#1627,1.);
#1627 = DIRECTION('',(1.,0.,0.));
#1628 = ORIENTED_EDGE('',*,*,#1539,.T.);
#1629 = ORIENTED_EDGE('',*,*,#1630,.T.);
#1630 = EDGE_CURVE('',#1540,#1580,#1631,.T.);
#1631 = LINE('',#1632,#1633);
#1632 = CARTESIAN_POINT('',(0.,70.,80.));
#1633 = VECTOR('',#1634,1.);
#1634 = DIRECTION('',(1.,0.,0.));
#1635 = ORIENTED_EDGE('',*,*,#1579,.F.);
#1636 = PLANE('',#1637);
#1637 = AXIS2_PLACEMENT_3D('',#1638,#1639,#1640);
#1638 = CARTESIAN_POINT('',(0.,70.,0.));
#1639 = DIRECTION('',(0.,1.,0.));
#1640 = DIRECTION('',(0.,0.,1.));
#1641 = ADVANCED_FACE('',(#1642),#1648,.F.);
#1642 = FACE_BOUND('',#1643,.F.);
#1643 = EDGE_LOOP('',(#1644,#1645,#1646,#1647));
#1644 = ORIENTED_EDGE('',*,*,#1531,.F.);
#1645 = ORIENTED_EDGE('',*,*,#1601,.T.);
#1646 = ORIENTED_EDGE('',*,*,#1571,.T.);
#1647 = ORIENTED_EDGE('',*,*,#1623,.F.);
#1648 = PLANE('',#1649);
#1649 = AXIS2_PLACEMENT_3D('',#1650,#1651,#1652);
#1650 = CARTESIAN_POINT('',(0.,30.,0.));
#1651 = DIRECTION('',(0.,0.,1.));
#1652 = DIRECTION('',(1.,0.,0.));
#1653 = ADVANCED_FACE('',(#1654),#1660,.T.);
#1654 = FACE_BOUND('',#1655,.T.);
#1655 = EDGE_LOOP('',(#1656,#1657,#1658,#1659));
#1656 = ORIENTED_EDGE('',*,*,#1547,.F.);
#1657 = ORIENTED_EDGE('',*,*,#1608,.T.);
#1658 = ORIENTED_EDGE('',*,*,#1587,.T.);
#1659 = ORIENTED_EDGE('',*,*,#1630,.F.);
#1660 = PLANE('',#1661);
#1661 = AXIS2_PLACEMENT_3D('',#1662,#1663,#1664);
#1662 = CARTESIAN_POINT('',(0.,30.,80.));
#1663 = DIRECTION('',(0.,0.,1.));
#1664 = DIRECTION('',(1.,0.,0.));
#1665 = MANIFOLD_SOLID_BREP('',#1666);
#1666 = CLOSED_SHELL('',(#1667,#1707,#1747,#1769,#1791,#1803));
#1667 = ADVANCED_FACE('',(#1668),#1702,.F.);
#1668 = FACE_BOUND('',#1669,.F.);
#1669 = EDGE_LOOP('',(#1670,#1680,#1688,#1696));
#1670 = ORIENTED_EDGE('',*,*,#1671,.F.);
#1671 = EDGE_CURVE('',#1672,#1674,#1676,.T.);
#1672 = VERTEX_POINT('',#1673);
#1673 = CARTESIAN_POINT('',(0.,580.,0.));
#1674 = VERTEX_POINT('',#1675);
#1675 = CARTESIAN_POINT('',(0.,580.,80.));
#1676 = LINE('',#1677,#1678);
#1677 = CARTESIAN_POINT('',(0.,580.,0.));
#1678 = VECTOR('',#1679,1.);
#1679 = DIRECTION('',(0.,0.,1.));
#1680 = ORIENTED_EDGE('',*,*,#1681,.T.);
#1681 = EDGE_CURVE('',#1672,#1682,#1684,.T.);
#1682 = VERTEX_POINT('',#1683);
#1683 = CARTESIAN_POINT('',(0.,620.,0.));
#1684 = LINE('',#1685,#1686);
#1685 = CARTESIAN_POINT('',(0.,580.,0.));
#1686 = VECTOR('',#1687,1.);
#1687 = DIRECTION('',(0.,1.,0.));
#1688 = ORIENTED_EDGE('',*,*,#1689,.T.);
#1689 = EDGE_CURVE('',#1682,#1690,#1692,.T.);
#1690 = VERTEX_POINT('',#1691);
#1691 = CARTESIAN_POINT('',(0.,620.,80.));
#1692 = LINE('',#1693,#1694);
#1693 = CARTESIAN_POINT('',(0.,620.,0.));
#1694 = VECTOR('',#1695,1.);
#1695 = DIRECTION('',(0.,0.,1.));
#1696 = ORIENTED_EDGE('',*,*,#1697,.F.);
#1697 = EDGE_CURVE('',#1674,#1690,#1698,.T.);
#1698 = LINE('',#1699,#1700);
#1699 = CARTESIAN_POINT('',(0.,580.,80.));
#1700 = VECTOR('',#1701,1.);
#1701 = DIRECTION('',(0.,1.,0.));
#1702 = PLANE('',#1703);
#1703 = AXIS2_PLACEMENT_3D('',#1704,#1705,#1706);
#1704 = CARTESIAN_POINT('',(0.,580.,0.));
#1705 = DIRECTION('',(1.,0.,0.));
#1706 = DIRECTION('',(0.,0.,1.));
#1707 = ADVANCED_FACE('',(#1708),#1742,.T.);
#1708 = FACE_BOUND('',#1709,.T.);
#1709 = EDGE_LOOP('',(#1710,#1720,#1728,#1736));
#1710 = ORIENTED_EDGE('',*,*,#1711,.F.);
#1711 = EDGE_CURVE('',#1712,#1714,#1716,.T.);
#1712 = VERTEX_POINT('',#1713);
#1713 = CARTESIAN_POINT('',(40.,580.,0.));
#1714 = VERTEX_POINT('',#1715);
#1715 = CARTESIAN_POINT('',(40.,580.,80.));
#1716 = LINE('',#1717,#1718);
#1717 = CARTESIAN_POINT('',(40.,580.,0.));
#1718 = VECTOR('',#1719,1.);
#1719 = DIRECTION('',(0.,0.,1.));
#1720 = ORIENTED_EDGE('',*,*,#1721,.T.);
#1721 = EDGE_CURVE('',#1712,#1722,#1724,.T.);
#1722 = VERTEX_POINT('',#1723);
#1723 = CARTESIAN_POINT('',(40.,620.,0.));
#1724 = LINE('',#1725,#1726);
#1725 = CARTESIAN_POINT('',(40.,580.,0.));
#1726 = VECTOR('',#1727,1.);
#1727 = DIRECTION('',(0.,1.,0.));
#1728 = ORIENTED_EDGE('',*,*,#1729,.T.);
#1729 = EDGE_CURVE('',#1722,#1730,#1732,.T.);
#1730 = VERTEX_POINT('',#1731);
#1731 = CARTESIAN_POINT('',(40.,620.,80.));
#1732 = LINE('',#1733,#1734);
#1733 = CARTESIAN_POINT('',(40.,620.,0.));
#1734 = VECTOR('',#1735,1.);
#1735 = DIRECTION('',(0.,0.,1.));
#1736 = ORIENTED_EDGE('',*,*,#1737,.F.);
#1737 = EDGE_CURVE('',#1714,#1730,#1738,.T.);
#1738 = LINE('',#1739,#1740);
#1739 = CARTESIAN_POINT('',(40.,580.,80.));
#1740 = VECTOR('',#1741,1.);
#1741 = DIRECTION('',(0.,1.,0.));
#1742 = PLANE('',#1743);
#1743 = AXIS2_PLACEMENT_3D('',#1744,#1745,#1746);
#1744 = CARTESIAN_POINT('',(40.,580.,0.));
#1745 = DIRECTION('',(1.,0.,0.));
#1746 = DIRECTION('',(0.,0.,1.));
#1747 = ADVANCED_FACE('',(#1748),#1764,.F.);
#1748 = FACE_BOUND('',#1749,.F.);
#1749 = EDGE_LOOP('',(#1750,#1756,#1757,#1763));
#1750 = ORIENTED_EDGE('',*,*,#1751,.F.);
#1751 = EDGE_CURVE('',#1672,#1712,#1752,.T.);
#1752 = LINE('',#1753,#1754);
#1753 = CARTESIAN_POINT('',(0.,580.,0.));
#1754 = VECTOR('',#1755,1.);
#1755 = DIRECTION('',(1.,0.,0.));
#1756 = ORIENTED_EDGE('',*,*,#1671,.T.);
#1757 = ORIENTED_EDGE('',*,*,#1758,.T.);
#1758 = EDGE_CURVE('',#1674,#1714,#1759,.T.);
#1759 = LINE('',#1760,#1761);
#1760 = CARTESIAN_POINT('',(0.,580.,80.));
#1761 = VECTOR('',#1762,1.);
#1762 = DIRECTION('',(1.,0.,0.));
#1763 = ORIENTED_EDGE('',*,*,#1711,.F.);
#1764 = PLANE('',#1765);
#1765 = AXIS2_PLACEMENT_3D('',#1766,#1767,#1768);
#1766 = CARTESIAN_POINT('',(0.,580.,0.));
#1767 = DIRECTION('',(0.,1.,0.));
#1768 = DIRECTION('',(0.,0.,1.));
#1769 = ADVANCED_FACE('',(#1770),#1786,.T.);
#1770 = FACE_BOUND('',#1771,.T.);
#1771 = EDGE_LOOP('',(#1772,#1778,#1779,#1785));
#1772 = ORIENTED_EDGE('',*,*,#1773,.F.);
#1773 = EDGE_CURVE('',#1682,#1722,#1774,.T.);
#1774 = LINE('',#1775,#1776);
#1775 = CARTESIAN_POINT('',(0.,620.,0.));
#1776 = VECTOR('',#1777,1.);
#1777 = DIRECTION('',(1.,0.,0.));
#1778 = ORIENTED_EDGE('',*,*,#1689,.T.);
#1779 = ORIENTED_EDGE('',*,*,#1780,.T.);
#1780 = EDGE_CURVE('',#1690,#1730,#1781,.T.);
#1781 = LINE('',#1782,#1783);
#1782 = CARTESIAN_POINT('',(0.,620.,80.));
#1783 = VECTOR('',#1784,1.);
#1784 = DIRECTION('',(1.,0.,0.));
#1785 = ORIENTED_EDGE('',*,*,#1729,.F.);
#1786 = PLANE('',#1787);
#1787 = AXIS2_PLACEMENT_3D('',#1788,#1789,#1790);
#1788 = CARTESIAN_POINT('',(0.,620.,0.));
#1789 = DIRECTION('',(0.,1.,0.));
#1790 = DIRECTION('',(0.,0.,1.));
#1791 = ADVANCED_FACE('',(#1792),#1798,.F.);
#1792 = FACE_BOUND('',#1793,.F.);
#1793 = EDGE_LOOP('',(#1794,#1795,#1796,#1797));
#1794 = ORIENTED_EDGE('',*,*,#1681,.F.);
#1795 = ORIENTED_EDGE('',*,*,#1751,.T.);
#1796 = ORIENTED_EDGE('',*,*,#1721,.T.);
#1797 = ORIENTED_EDGE('',*,*,#1773,.F.);
#1798 = PLANE('',#1799);
#1799 = AXIS2_PLACEMENT_3D('',#1800,#1801,#1802);
#1800 = CARTESIAN_POINT('',(0.,580.,0.));
#1801 = DIRECTION('',(0.,0.,1.));
#1802 = DIRECTION('',(1.,0.,0.));
#1803 = ADVANCED_FACE('',(#1804),#1810,.T.);
#1804 = FACE_BOUND('',#1805,.T.);
#1805 = EDGE_LOOP('',(#1806,#1807,#1808,#1809));
#1806 = ORIENTED_EDGE('',*,*,#1697,.F.);
#1807 = ORIENTED_EDGE('',*,*,#1758,.T.);
#1808 = ORIENTED_EDGE('',*,*,#1737,.T.);
#1809 = ORIENTED_EDGE('',*,*,#1780,.F.);
#1810 = PLANE('',#1811);
#1811 = AXIS2_PLACEMENT_3D('',#1812,#1813,#1814);
#1812 = CARTESIAN_POINT('',(0.,580.,80.));
#1813 = DIRECTION('',(0.,0.,1.));
#1814 = DIRECTION('',(1.,0.,0.));
#1815 = MANIFOLD_SOLID_BREP('',#1816);
#1816 = CLOSED_SHELL('',(#1817,#1857,#1897,#1919,#1941,#1953));
#1817 = ADVANCED_FACE('',(#1818),#1852,.F.);
#1818 = FACE_BOUND('',#1819,.F.);
#1819 = EDGE_LOOP('',(#1820,#1830,#1838,#1846));
#1820 = ORIENTED_EDGE('',*,*,#1821,.F.);
#1821 = EDGE_CURVE('',#1822,#1824,#1826,.T.);
#1822 = VERTEX_POINT('',#1823);
#1823 = CARTESIAN_POINT('',(0.,0.,822.));
#1824 = VERTEX_POINT('',#1825);
#1825 = CARTESIAN_POINT('',(0.,0.,870.));
#1826 = LINE('',#1827,#1828);
#1827 = CARTESIAN_POINT('',(0.,0.,822.));
#1828 = VECTOR('',#1829,1.);
#1829 = DIRECTION('',(0.,0.,1.));
#1830 = ORIENTED_EDGE('',*,*,#1831,.T.);
#1831 = EDGE_CURVE('',#1822,#1832,#1834,.T.);
#1832 = VERTEX_POINT('',#1833);
#1833 = CARTESIAN_POINT('',(0.,24.4,822.));
#1834 = LINE('',#1835,#1836);
#1835 = CARTESIAN_POINT('',(0.,0.,822.));
#1836 = VECTOR('',#1837,1.);
#1837 = DIRECTION('',(0.,1.,0.));
#1838 = ORIENTED_EDGE('',*,*,#1839,.T.);
#1839 = EDGE_CURVE('',#1832,#1840,#1842,.T.);
#1840 = VERTEX_POINT('',#1841);
#1841 = CARTESIAN_POINT('',(0.,24.4,870.));
#1842 = LINE('',#1843,#1844);
#1843 = CARTESIAN_POINT('',(0.,24.4,822.));
#1844 = VECTOR('',#1845,1.);
#1845 = DIRECTION('',(0.,0.,1.));
#1846 = ORIENTED_EDGE('',*,*,#1847,.F.);
#1847 = EDGE_CURVE('',#1824,#1840,#1848,.T.);
#1848 = LINE('',#1849,#1850);
#1849 = CARTESIAN_POINT('',(0.,0.,870.));
#1850 = VECTOR('',#1851,1.);
#1851 = DIRECTION('',(0.,1.,0.));
#1852 = PLANE('',#1853);
#1853 = AXIS2_PLACEMENT_3D('',#1854,#1855,#1856);
#1854 = CARTESIAN_POINT('',(0.,0.,822.));
#1855 = DIRECTION('',(1.,0.,0.));
#1856 = DIRECTION('',(0.,0.,1.));
#1857 = ADVANCED_FACE('',(#1858),#1892,.T.);
#1858 = FACE_BOUND('',#1859,.T.);
#1859 = EDGE_LOOP('',(#1860,#1870,#1878,#1886));
#1860 = ORIENTED_EDGE('',*,*,#1861,.F.);
#1861 = EDGE_CURVE('',#1862,#1864,#1866,.T.);
#1862 = VERTEX_POINT('',#1863);
#1863 = CARTESIAN_POINT('',(1.66E+03,0.,822.));
#1864 = VERTEX_POINT('',#1865);
#1865 = CARTESIAN_POINT('',(1.66E+03,0.,870.));
#1866 = LINE('',#1867,#1868);
#1867 = CARTESIAN_POINT('',(1.66E+03,0.,822.));
#1868 = VECTOR('',#1869,1.);
#1869 = DIRECTION('',(0.,0.,1.));
#1870 = ORIENTED_EDGE('',*,*,#1871,.T.);
#1871 = EDGE_CURVE('',#1862,#1872,#1874,.T.);
#1872 = VERTEX_POINT('',#1873);
#1873 = CARTESIAN_POINT('',(1.66E+03,24.4,822.));
#1874 = LINE('',#1875,#1876);
#1875 = CARTESIAN_POINT('',(1.66E+03,0.,822.));
#1876 = VECTOR('',#1877,1.);
#1877 = DIRECTION('',(0.,1.,0.));
#1878 = ORIENTED_EDGE('',*,*,#1879,.T.);
#1879 = EDGE_CURVE('',#1872,#1880,#1882,.T.);
#1880 = VERTEX_POINT('',#1881);
#1881 = CARTESIAN_POINT('',(1.66E+03,24.4,870.));
#1882 = LINE('',#1883,#1884);
#1883 = CARTESIAN_POINT('',(1.66E+03,24.4,822.));
#1884 = VECTOR('',#1885,1.);
#1885 = DIRECTION('',(0.,0.,1.));
#1886 = ORIENTED_EDGE('',*,*,#1887,.F.);
#1887 = EDGE_CURVE('',#1864,#1880,#1888,.T.);
#1888 = LINE('',#1889,#1890);
#1889 = CARTESIAN_POINT('',(1.66E+03,0.,870.));
#1890 = VECTOR('',#1891,1.);
#1891 = DIRECTION('',(0.,1.,0.));
#1892 = PLANE('',#1893);
#1893 = AXIS2_PLACEMENT_3D('',#1894,#1895,#1896);
#1894 = CARTESIAN_POINT('',(1.66E+03,0.,822.));
#1895 = DIRECTION('',(1.,0.,0.));
#1896 = DIRECTION('',(0.,0.,1.));
#1897 = ADVANCED_FACE('',(#1898),#1914,.F.);
#1898 = FACE_BOUND('',#1899,.F.);
#1899 = EDGE_LOOP('',(#1900,#1906,#1907,#1913));
#1900 = ORIENTED_EDGE('',*,*,#1901,.F.);
#1901 = EDGE_CURVE('',#1822,#1862,#1902,.T.);
#1902 = LINE('',#1903,#1904);
#1903 = CARTESIAN_POINT('',(0.,0.,822.));
#1904 = VECTOR('',#1905,1.);
#1905 = DIRECTION('',(1.,0.,0.));
#1906 = ORIENTED_EDGE('',*,*,#1821,.T.);
#1907 = ORIENTED_EDGE('',*,*,#1908,.T.);
#1908 = EDGE_CURVE('',#1824,#1864,#1909,.T.);
#1909 = LINE('',#1910,#1911);
#1910 = CARTESIAN_POINT('',(0.,0.,870.));
#1911 = VECTOR('',#1912,1.);
#1912 = DIRECTION('',(1.,0.,0.));
#1913 = ORIENTED_EDGE('',*,*,#1861,.F.);
#1914 = PLANE('',#1915);
#1915 = AXIS2_PLACEMENT_3D('',#1916,#1917,#1918);
#1916 = CARTESIAN_POINT('',(0.,0.,822.));
#1917 = DIRECTION('',(0.,1.,0.));
#1918 = DIRECTION('',(0.,0.,1.));
#1919 = ADVANCED_FACE('',(#1920),#1936,.T.);
#1920 = FACE_BOUND('',#1921,.T.);
#1921 = EDGE_LOOP('',(#1922,#1928,#1929,#1935));
#1922 = ORIENTED_EDGE('',*,*,#1923,.F.);
#1923 = EDGE_CURVE('',#1832,#1872,#1924,.T.);
#1924 = LINE('',#1925,#1926);
#1925 = CARTESIAN_POINT('',(0.,24.4,822.));
#1926 = VECTOR('',#1927,1.);
#1927 = DIRECTION('',(1.,0.,0.));
#1928 = ORIENTED_EDGE('',*,*,#1839,.T.);
#1929 = ORIENTED_EDGE('',*,*,#1930,.T.);
#1930 = EDGE_CURVE('',#1840,#1880,#1931,.T.);
#1931 = LINE('',#1932,#1933);
#1932 = CARTESIAN_POINT('',(0.,24.4,870.));
#1933 = VECTOR('',#1934,1.);
#1934 = DIRECTION('',(1.,0.,0.));
#1935 = ORIENTED_EDGE('',*,*,#1879,.F.);
#1936 = PLANE('',#1937);
#1937 = AXIS2_PLACEMENT_3D('',#1938,#1939,#1940);
#1938 = CARTESIAN_POINT('',(0.,24.4,822.));
#1939 = DIRECTION('',(0.,1.,0.));
#1940 = DIRECTION('',(0.,0.,1.));
#1941 = ADVANCED_FACE('',(#1942),#1948,.F.);
#1942 = FACE_BOUND('',#1943,.F.);
#1943 = EDGE_LOOP('',(#1944,#1945,#1946,#1947));
#1944 = ORIENTED_EDGE('',*,*,#1831,.F.);
#1945 = ORIENTED_EDGE('',*,*,#1901,.T.);
#1946 = ORIENTED_EDGE('',*,*,#1871,.T.);
#1947 = ORIENTED_EDGE('',*,*,#1923,.F.);
#1948 = PLANE('',#1949);
#1949 = AXIS2_PLACEMENT_3D('',#1950,#1951,#1952);
#1950 = CARTESIAN_POINT('',(0.,0.,822.));
#1951 = DIRECTION('',(0.,0.,1.));
#1952 = DIRECTION('',(1.,0.,0.));
#1953 = ADVANCED_FACE('',(#1954),#1960,.T.);
#1954 = FACE_BOUND('',#1955,.T.);
#1955 = EDGE_LOOP('',(#1956,#1957,#1958,#1959));
#1956 = ORIENTED_EDGE('',*,*,#1847,.F.);
#1957 = ORIENTED_EDGE('',*,*,#1908,.T.);
#1958 = ORIENTED_EDGE('',*,*,#1887,.T.);
#1959 = ORIENTED_EDGE('',*,*,#1930,.F.);
#1960 = PLANE('',#1961);
#1961 = AXIS2_PLACEMENT_3D('',#1962,#1963,#1964);
#1962 = CARTESIAN_POINT('',(0.,0.,870.));
#1963 = DIRECTION('',(0.,0.,1.));
#1964 = DIRECTION('',(1.,0.,0.));
#1965 = MANIFOLD_SOLID_BREP('',#1966);
#1966 = CLOSED_SHELL('',(#1967,#2007,#2038,#2096,#2120,#2171,#2183,#2205
    ,#2222,#2239));
#1967 = ADVANCED_FACE('',(#1968),#2002,.F.);
#1968 = FACE_BOUND('',#1969,.F.);
#1969 = EDGE_LOOP('',(#1970,#1980,#1988,#1996));
#1970 = ORIENTED_EDGE('',*,*,#1971,.F.);
#1971 = EDGE_CURVE('',#1972,#1974,#1976,.T.);
#1972 = VERTEX_POINT('',#1973);
#1973 = CARTESIAN_POINT('',(-20.,-38.,870.));
#1974 = VERTEX_POINT('',#1975);
#1975 = CARTESIAN_POINT('',(-20.,-38.,900.));
#1976 = LINE('',#1977,#1978);
#1977 = CARTESIAN_POINT('',(-20.,-38.,870.));
#1978 = VECTOR('',#1979,1.);
#1979 = DIRECTION('',(0.,0.,1.));
#1980 = ORIENTED_EDGE('',*,*,#1981,.T.);
#1981 = EDGE_CURVE('',#1972,#1982,#1984,.T.);
#1982 = VERTEX_POINT('',#1983);
#1983 = CARTESIAN_POINT('',(-20.,650.,870.));
#1984 = LINE('',#1985,#1986);
#1985 = CARTESIAN_POINT('',(-20.,-38.,870.));
#1986 = VECTOR('',#1987,1.);
#1987 = DIRECTION('',(0.,1.,0.));
#1988 = ORIENTED_EDGE('',*,*,#1989,.T.);
#1989 = EDGE_CURVE('',#1982,#1990,#1992,.T.);
#1990 = VERTEX_POINT('',#1991);
#1991 = CARTESIAN_POINT('',(-20.,650.,900.));
#1992 = LINE('',#1993,#1994);
#1993 = CARTESIAN_POINT('',(-20.,650.,870.));
#1994 = VECTOR('',#1995,1.);
#1995 = DIRECTION('',(0.,0.,1.));
#1996 = ORIENTED_EDGE('',*,*,#1997,.F.);
#1997 = EDGE_CURVE('',#1974,#1990,#1998,.T.);
#1998 = LINE('',#1999,#2000);
#1999 = CARTESIAN_POINT('',(-20.,-38.,900.));
#2000 = VECTOR('',#2001,1.);
#2001 = DIRECTION('',(0.,1.,0.));
#2002 = PLANE('',#2003);
#2003 = AXIS2_PLACEMENT_3D('',#2004,#2005,#2006);
#2004 = CARTESIAN_POINT('',(-20.,-38.,870.));
#2005 = DIRECTION('',(1.,0.,0.));
#2006 = DIRECTION('',(0.,0.,1.));
#2007 = ADVANCED_FACE('',(#2008),#2033,.F.);
#2008 = FACE_BOUND('',#2009,.F.);
#2009 = EDGE_LOOP('',(#2010,#2018,#2019,#2027));
#2010 = ORIENTED_EDGE('',*,*,#2011,.F.);
#2011 = EDGE_CURVE('',#1972,#2012,#2014,.T.);
#2012 = VERTEX_POINT('',#2013);
#2013 = CARTESIAN_POINT('',(1.68E+03,-38.,870.));
#2014 = LINE('',#2015,#2016);
#2015 = CARTESIAN_POINT('',(-20.,-38.,870.));
#2016 = VECTOR('',#2017,1.);
#2017 = DIRECTION('',(1.,0.,0.));
#2018 = ORIENTED_EDGE('',*,*,#1971,.T.);
#2019 = ORIENTED_EDGE('',*,*,#2020,.T.);
#2020 = EDGE_CURVE('',#1974,#2021,#2023,.T.);
#2021 = VERTEX_POINT('',#2022);
#2022 = CARTESIAN_POINT('',(1.68E+03,-38.,900.));
#2023 = LINE('',#2024,#2025);
#2024 = CARTESIAN_POINT('',(-20.,-38.,900.));
#2025 = VECTOR('',#2026,1.);
#2026 = DIRECTION('',(1.,0.,0.));
#2027 = ORIENTED_EDGE('',*,*,#2028,.F.);
#2028 = EDGE_CURVE('',#2012,#2021,#2029,.T.);
#2029 = LINE('',#2030,#2031);
#2030 = CARTESIAN_POINT('',(1.68E+03,-38.,870.));
#2031 = VECTOR('',#2032,1.);
#2032 = DIRECTION('',(0.,0.,1.));
#2033 = PLANE('',#2034);
#2034 = AXIS2_PLACEMENT_3D('',#2035,#2036,#2037);
#2035 = CARTESIAN_POINT('',(-20.,-38.,870.));
#2036 = DIRECTION('',(0.,1.,0.));
#2037 = DIRECTION('',(0.,0.,1.));
#2038 = ADVANCED_FACE('',(#2039,#2057),#2091,.T.);
#2039 = FACE_BOUND('',#2040,.T.);
#2040 = EDGE_LOOP('',(#2041,#2042,#2043,#2051));
#2041 = ORIENTED_EDGE('',*,*,#1997,.F.);
#2042 = ORIENTED_EDGE('',*,*,#2020,.T.);
#2043 = ORIENTED_EDGE('',*,*,#2044,.T.);
#2044 = EDGE_CURVE('',#2021,#2045,#2047,.T.);
#2045 = VERTEX_POINT('',#2046);
#2046 = CARTESIAN_POINT('',(1.68E+03,650.,900.));
#2047 = LINE('',#2048,#2049);
#2048 = CARTESIAN_POINT('',(1.68E+03,-38.,900.));
#2049 = VECTOR('',#2050,1.);
#2050 = DIRECTION('',(0.,1.,0.));
#2051 = ORIENTED_EDGE('',*,*,#2052,.F.);
#2052 = EDGE_CURVE('',#1990,#2045,#2053,.T.);
#2053 = LINE('',#2054,#2055);
#2054 = CARTESIAN_POINT('',(-20.,650.,900.));
#2055 = VECTOR('',#2056,1.);
#2056 = DIRECTION('',(1.,0.,0.));
#2057 = FACE_BOUND('',#2058,.T.);
#2058 = EDGE_LOOP('',(#2059,#2069,#2077,#2085));
#2059 = ORIENTED_EDGE('',*,*,#2060,.T.);
#2060 = EDGE_CURVE('',#2061,#2063,#2065,.T.);
#2061 = VERTEX_POINT('',#2062);
#2062 = CARTESIAN_POINT('',(1.368E+03,92.,900.));
#2063 = VERTEX_POINT('',#2064);
#2064 = CARTESIAN_POINT('',(832.,92.,900.));
#2065 = LINE('',#2066,#2067);
#2066 = CARTESIAN_POINT('',(406.,92.,900.));
#2067 = VECTOR('',#2068,1.);
#2068 = DIRECTION('',(-1.,0.,0.));
#2069 = ORIENTED_EDGE('',*,*,#2070,.T.);
#2070 = EDGE_CURVE('',#2063,#2071,#2073,.T.);
#2071 = VERTEX_POINT('',#2072);
#2072 = CARTESIAN_POINT('',(832.,488.,900.));
#2073 = LINE('',#2074,#2075);
#2074 = CARTESIAN_POINT('',(832.,27.,900.));
#2075 = VECTOR('',#2076,1.);
#2076 = DIRECTION('',(0.,1.,0.));
#2077 = ORIENTED_EDGE('',*,*,#2078,.F.);
#2078 = EDGE_CURVE('',#2079,#2071,#2081,.T.);
#2079 = VERTEX_POINT('',#2080);
#2080 = CARTESIAN_POINT('',(1.368E+03,488.,900.));
#2081 = LINE('',#2082,#2083);
#2082 = CARTESIAN_POINT('',(406.,488.,900.));
#2083 = VECTOR('',#2084,1.);
#2084 = DIRECTION('',(-1.,0.,0.));
#2085 = ORIENTED_EDGE('',*,*,#2086,.F.);
#2086 = EDGE_CURVE('',#2061,#2079,#2087,.T.);
#2087 = LINE('',#2088,#2089);
#2088 = CARTESIAN_POINT('',(1.368E+03,27.,900.));
#2089 = VECTOR('',#2090,1.);
#2090 = DIRECTION('',(0.,1.,0.));
#2091 = PLANE('',#2092);
#2092 = AXIS2_PLACEMENT_3D('',#2093,#2094,#2095);
#2093 = CARTESIAN_POINT('',(-20.,-38.,900.));
#2094 = DIRECTION('',(0.,0.,1.));
#2095 = DIRECTION('',(1.,0.,0.));
#2096 = ADVANCED_FACE('',(#2097),#2115,.T.);
#2097 = FACE_BOUND('',#2098,.T.);
#2098 = EDGE_LOOP('',(#2099,#2107,#2108,#2109));
#2099 = ORIENTED_EDGE('',*,*,#2100,.F.);
#2100 = EDGE_CURVE('',#1982,#2101,#2103,.T.);
#2101 = VERTEX_POINT('',#2102);
#2102 = CARTESIAN_POINT('',(1.68E+03,650.,870.));
#2103 = LINE('',#2104,#2105);
#2104 = CARTESIAN_POINT('',(-20.,650.,870.));
#2105 = VECTOR('',#2106,1.);
#2106 = DIRECTION('',(1.,0.,0.));
#2107 = ORIENTED_EDGE('',*,*,#1989,.T.);
#2108 = ORIENTED_EDGE('',*,*,#2052,.T.);
#2109 = ORIENTED_EDGE('',*,*,#2110,.F.);
#2110 = EDGE_CURVE('',#2101,#2045,#2111,.T.);
#2111 = LINE('',#2112,#2113);
#2112 = CARTESIAN_POINT('',(1.68E+03,650.,870.));
#2113 = VECTOR('',#2114,1.);
#2114 = DIRECTION('',(0.,0.,1.));
#2115 = PLANE('',#2116);
#2116 = AXIS2_PLACEMENT_3D('',#2117,#2118,#2119);
#2117 = CARTESIAN_POINT('',(-20.,650.,870.));
#2118 = DIRECTION('',(0.,1.,0.));
#2119 = DIRECTION('',(0.,0.,1.));
#2120 = ADVANCED_FACE('',(#2121,#2132),#2166,.F.);
#2121 = FACE_BOUND('',#2122,.F.);
#2122 = EDGE_LOOP('',(#2123,#2124,#2125,#2131));
#2123 = ORIENTED_EDGE('',*,*,#1981,.F.);
#2124 = ORIENTED_EDGE('',*,*,#2011,.T.);
#2125 = ORIENTED_EDGE('',*,*,#2126,.T.);
#2126 = EDGE_CURVE('',#2012,#2101,#2127,.T.);
#2127 = LINE('',#2128,#2129);
#2128 = CARTESIAN_POINT('',(1.68E+03,-38.,870.));
#2129 = VECTOR('',#2130,1.);
#2130 = DIRECTION('',(0.,1.,0.));
#2131 = ORIENTED_EDGE('',*,*,#2100,.F.);
#2132 = FACE_BOUND('',#2133,.F.);
#2133 = EDGE_LOOP('',(#2134,#2144,#2152,#2160));
#2134 = ORIENTED_EDGE('',*,*,#2135,.T.);
#2135 = EDGE_CURVE('',#2136,#2138,#2140,.T.);
#2136 = VERTEX_POINT('',#2137);
#2137 = CARTESIAN_POINT('',(1.368E+03,92.,870.));
#2138 = VERTEX_POINT('',#2139);
#2139 = CARTESIAN_POINT('',(832.,92.,870.));
#2140 = LINE('',#2141,#2142);
#2141 = CARTESIAN_POINT('',(406.,92.,870.));
#2142 = VECTOR('',#2143,1.);
#2143 = DIRECTION('',(-1.,0.,0.));
#2144 = ORIENTED_EDGE('',*,*,#2145,.T.);
#2145 = EDGE_CURVE('',#2138,#2146,#2148,.T.);
#2146 = VERTEX_POINT('',#2147);
#2147 = CARTESIAN_POINT('',(832.,488.,870.));
#2148 = LINE('',#2149,#2150);
#2149 = CARTESIAN_POINT('',(832.,27.,870.));
#2150 = VECTOR('',#2151,1.);
#2151 = DIRECTION('',(0.,1.,0.));
#2152 = ORIENTED_EDGE('',*,*,#2153,.F.);
#2153 = EDGE_CURVE('',#2154,#2146,#2156,.T.);
#2154 = VERTEX_POINT('',#2155);
#2155 = CARTESIAN_POINT('',(1.368E+03,488.,870.));
#2156 = LINE('',#2157,#2158);
#2157 = CARTESIAN_POINT('',(406.,488.,870.));
#2158 = VECTOR('',#2159,1.);
#2159 = DIRECTION('',(-1.,0.,0.));
#2160 = ORIENTED_EDGE('',*,*,#2161,.F.);
#2161 = EDGE_CURVE('',#2136,#2154,#2162,.T.);
#2162 = LINE('',#2163,#2164);
#2163 = CARTESIAN_POINT('',(1.368E+03,27.,870.));
#2164 = VECTOR('',#2165,1.);
#2165 = DIRECTION('',(0.,1.,0.));
#2166 = PLANE('',#2167);
#2167 = AXIS2_PLACEMENT_3D('',#2168,#2169,#2170);
#2168 = CARTESIAN_POINT('',(-20.,-38.,870.));
#2169 = DIRECTION('',(0.,0.,1.));
#2170 = DIRECTION('',(1.,0.,0.));
#2171 = ADVANCED_FACE('',(#2172),#2178,.T.);
#2172 = FACE_BOUND('',#2173,.T.);
#2173 = EDGE_LOOP('',(#2174,#2175,#2176,#2177));
#2174 = ORIENTED_EDGE('',*,*,#2028,.F.);
#2175 = ORIENTED_EDGE('',*,*,#2126,.T.);
#2176 = ORIENTED_EDGE('',*,*,#2110,.T.);
#2177 = ORIENTED_EDGE('',*,*,#2044,.F.);
#2178 = PLANE('',#2179);
#2179 = AXIS2_PLACEMENT_3D('',#2180,#2181,#2182);
#2180 = CARTESIAN_POINT('',(1.68E+03,-38.,870.));
#2181 = DIRECTION('',(1.,0.,0.));
#2182 = DIRECTION('',(0.,0.,1.));
#2183 = ADVANCED_FACE('',(#2184),#2200,.T.);
#2184 = FACE_BOUND('',#2185,.T.);
#2185 = EDGE_LOOP('',(#2186,#2192,#2193,#2199));
#2186 = ORIENTED_EDGE('',*,*,#2187,.F.);
#2187 = EDGE_CURVE('',#2136,#2061,#2188,.T.);
#2188 = LINE('',#2189,#2190);
#2189 = CARTESIAN_POINT('',(1.368E+03,92.,865.));
#2190 = VECTOR('',#2191,1.);
#2191 = DIRECTION('',(0.,0.,1.));
#2192 = ORIENTED_EDGE('',*,*,#2135,.T.);
#2193 = ORIENTED_EDGE('',*,*,#2194,.T.);
#2194 = EDGE_CURVE('',#2138,#2063,#2195,.T.);
#2195 = LINE('',#2196,#2197);
#2196 = CARTESIAN_POINT('',(832.,92.,865.));
#2197 = VECTOR('',#2198,1.);
#2198 = DIRECTION('',(0.,0.,1.));
#2199 = ORIENTED_EDGE('',*,*,#2060,.F.);
#2200 = PLANE('',#2201);
#2201 = AXIS2_PLACEMENT_3D('',#2202,#2203,#2204);
#2202 = CARTESIAN_POINT('',(832.,92.,865.));
#2203 = DIRECTION('',(0.,1.,0.));
#2204 = DIRECTION('',(0.,0.,1.));
#2205 = ADVANCED_FACE('',(#2206),#2217,.F.);
#2206 = FACE_BOUND('',#2207,.F.);
#2207 = EDGE_LOOP('',(#2208,#2209,#2210,#2216));
#2208 = ORIENTED_EDGE('',*,*,#2187,.F.);
#2209 = ORIENTED_EDGE('',*,*,#2161,.T.);
#2210 = ORIENTED_EDGE('',*,*,#2211,.T.);
#2211 = EDGE_CURVE('',#2154,#2079,#2212,.T.);
#2212 = LINE('',#2213,#2214);
#2213 = CARTESIAN_POINT('',(1.368E+03,488.,865.));
#2214 = VECTOR('',#2215,1.);
#2215 = DIRECTION('',(0.,0.,1.));
#2216 = ORIENTED_EDGE('',*,*,#2086,.F.);
#2217 = PLANE('',#2218);
#2218 = AXIS2_PLACEMENT_3D('',#2219,#2220,#2221);
#2219 = CARTESIAN_POINT('',(1.368E+03,92.,865.));
#2220 = DIRECTION('',(1.,0.,0.));
#2221 = DIRECTION('',(0.,0.,1.));
#2222 = ADVANCED_FACE('',(#2223),#2234,.F.);
#2223 = FACE_BOUND('',#2224,.F.);
#2224 = EDGE_LOOP('',(#2225,#2226,#2227,#2233));
#2225 = ORIENTED_EDGE('',*,*,#2211,.F.);
#2226 = ORIENTED_EDGE('',*,*,#2153,.T.);
#2227 = ORIENTED_EDGE('',*,*,#2228,.T.);
#2228 = EDGE_CURVE('',#2146,#2071,#2229,.T.);
#2229 = LINE('',#2230,#2231);
#2230 = CARTESIAN_POINT('',(832.,488.,865.));
#2231 = VECTOR('',#2232,1.);
#2232 = DIRECTION('',(0.,0.,1.));
#2233 = ORIENTED_EDGE('',*,*,#2078,.F.);
#2234 = PLANE('',#2235);
#2235 = AXIS2_PLACEMENT_3D('',#2236,#2237,#2238);
#2236 = CARTESIAN_POINT('',(832.,488.,865.));
#2237 = DIRECTION('',(0.,1.,0.));
#2238 = DIRECTION('',(0.,0.,1.));
#2239 = ADVANCED_FACE('',(#2240),#2246,.T.);
#2240 = FACE_BOUND('',#2241,.T.);
#2241 = EDGE_LOOP('',(#2242,#2243,#2244,#2245));
#2242 = ORIENTED_EDGE('',*,*,#2194,.F.);
#2243 = ORIENTED_EDGE('',*,*,#2145,.T.);
#2244 = ORIENTED_EDGE('',*,*,#2228,.T.);
#2245 = ORIENTED_EDGE('',*,*,#2070,.F.);
#2246 = PLANE('',#2247);
#2247 = AXIS2_PLACEMENT_3D('',#2248,#2249,#2250);
#2248 = CARTESIAN_POINT('',(832.,92.,865.));
#2249 = DIRECTION('',(1.,0.,0.));
#2250 = DIRECTION('',(0.,0.,1.));
#2251 = MANIFOLD_SOLID_BREP('',#2252);
#2252 = CLOSED_SHELL('',(#2253,#2293,#2333,#2355,#2377,#2389));
#2253 = ADVANCED_FACE('',(#2254),#2288,.F.);
#2254 = FACE_BOUND('',#2255,.F.);
#2255 = EDGE_LOOP('',(#2256,#2266,#2274,#2282));
#2256 = ORIENTED_EDGE('',*,*,#2257,.F.);
#2257 = EDGE_CURVE('',#2258,#2260,#2262,.T.);
#2258 = VERTEX_POINT('',#2259);
#2259 = CARTESIAN_POINT('',(2.,-18.,80.));
#2260 = VERTEX_POINT('',#2261);
#2261 = CARTESIAN_POINT('',(2.,-18.,844.));
#2262 = LINE('',#2263,#2264);
#2263 = CARTESIAN_POINT('',(2.,-18.,80.));
#2264 = VECTOR('',#2265,1.);
#2265 = DIRECTION('',(0.,0.,1.));
#2266 = ORIENTED_EDGE('',*,*,#2267,.T.);
#2267 = EDGE_CURVE('',#2258,#2268,#2270,.T.);
#2268 = VERTEX_POINT('',#2269);
#2269 = CARTESIAN_POINT('',(2.,0.,80.));
#2270 = LINE('',#2271,#2272);
#2271 = CARTESIAN_POINT('',(2.,-18.,80.));
#2272 = VECTOR('',#2273,1.);
#2273 = DIRECTION('',(0.,1.,0.));
#2274 = ORIENTED_EDGE('',*,*,#2275,.T.);
#2275 = EDGE_CURVE('',#2268,#2276,#2278,.T.);
#2276 = VERTEX_POINT('',#2277);
#2277 = CARTESIAN_POINT('',(2.,0.,844.));
#2278 = LINE('',#2279,#2280);
#2279 = CARTESIAN_POINT('',(2.,0.,80.));
#2280 = VECTOR('',#2281,1.);
#2281 = DIRECTION('',(0.,0.,1.));
#2282 = ORIENTED_EDGE('',*,*,#2283,.F.);
#2283 = EDGE_CURVE('',#2260,#2276,#2284,.T.);
#2284 = LINE('',#2285,#2286);
#2285 = CARTESIAN_POINT('',(2.,-18.,844.));
#2286 = VECTOR('',#2287,1.);
#2287 = DIRECTION('',(0.,1.,0.));
#2288 = PLANE('',#2289);
#2289 = AXIS2_PLACEMENT_3D('',#2290,#2291,#2292);
#2290 = CARTESIAN_POINT('',(2.,-18.,80.));
#2291 = DIRECTION('',(1.,0.,0.));
#2292 = DIRECTION('',(0.,0.,1.));
#2293 = ADVANCED_FACE('',(#2294),#2328,.T.);
#2294 = FACE_BOUND('',#2295,.T.);
#2295 = EDGE_LOOP('',(#2296,#2306,#2314,#2322));
#2296 = ORIENTED_EDGE('',*,*,#2297,.F.);
#2297 = EDGE_CURVE('',#2298,#2300,#2302,.T.);
#2298 = VERTEX_POINT('',#2299);
#2299 = CARTESIAN_POINT('',(630.5,-18.,80.));
#2300 = VERTEX_POINT('',#2301);
#2301 = CARTESIAN_POINT('',(630.5,-18.,844.));
#2302 = LINE('',#2303,#2304);
#2303 = CARTESIAN_POINT('',(630.5,-18.,80.));
#2304 = VECTOR('',#2305,1.);
#2305 = DIRECTION('',(0.,0.,1.));
#2306 = ORIENTED_EDGE('',*,*,#2307,.T.);
#2307 = EDGE_CURVE('',#2298,#2308,#2310,.T.);
#2308 = VERTEX_POINT('',#2309);
#2309 = CARTESIAN_POINT('',(630.5,0.,80.));
#2310 = LINE('',#2311,#2312);
#2311 = CARTESIAN_POINT('',(630.5,-18.,80.));
#2312 = VECTOR('',#2313,1.);
#2313 = DIRECTION('',(0.,1.,0.));
#2314 = ORIENTED_EDGE('',*,*,#2315,.T.);
#2315 = EDGE_CURVE('',#2308,#2316,#2318,.T.);
#2316 = VERTEX_POINT('',#2317);
#2317 = CARTESIAN_POINT('',(630.5,0.,844.));
#2318 = LINE('',#2319,#2320);
#2319 = CARTESIAN_POINT('',(630.5,0.,80.));
#2320 = VECTOR('',#2321,1.);
#2321 = DIRECTION('',(0.,0.,1.));
#2322 = ORIENTED_EDGE('',*,*,#2323,.F.);
#2323 = EDGE_CURVE('',#2300,#2316,#2324,.T.);
#2324 = LINE('',#2325,#2326);
#2325 = CARTESIAN_POINT('',(630.5,-18.,844.));
#2326 = VECTOR('',#2327,1.);
#2327 = DIRECTION('',(0.,1.,0.));
#2328 = PLANE('',#2329);
#2329 = AXIS2_PLACEMENT_3D('',#2330,#2331,#2332);
#2330 = CARTESIAN_POINT('',(630.5,-18.,80.));
#2331 = DIRECTION('',(1.,0.,0.));
#2332 = DIRECTION('',(0.,0.,1.));
#2333 = ADVANCED_FACE('',(#2334),#2350,.F.);
#2334 = FACE_BOUND('',#2335,.F.);
#2335 = EDGE_LOOP('',(#2336,#2342,#2343,#2349));
#2336 = ORIENTED_EDGE('',*,*,#2337,.F.);
#2337 = EDGE_CURVE('',#2258,#2298,#2338,.T.);
#2338 = LINE('',#2339,#2340);
#2339 = CARTESIAN_POINT('',(2.,-18.,80.));
#2340 = VECTOR('',#2341,1.);
#2341 = DIRECTION('',(1.,0.,0.));
#2342 = ORIENTED_EDGE('',*,*,#2257,.T.);
#2343 = ORIENTED_EDGE('',*,*,#2344,.T.);
#2344 = EDGE_CURVE('',#2260,#2300,#2345,.T.);
#2345 = LINE('',#2346,#2347);
#2346 = CARTESIAN_POINT('',(2.,-18.,844.));
#2347 = VECTOR('',#2348,1.);
#2348 = DIRECTION('',(1.,0.,0.));
#2349 = ORIENTED_EDGE('',*,*,#2297,.F.);
#2350 = PLANE('',#2351);
#2351 = AXIS2_PLACEMENT_3D('',#2352,#2353,#2354);
#2352 = CARTESIAN_POINT('',(2.,-18.,80.));
#2353 = DIRECTION('',(0.,1.,0.));
#2354 = DIRECTION('',(0.,0.,1.));
#2355 = ADVANCED_FACE('',(#2356),#2372,.T.);
#2356 = FACE_BOUND('',#2357,.T.);
#2357 = EDGE_LOOP('',(#2358,#2364,#2365,#2371));
#2358 = ORIENTED_EDGE('',*,*,#2359,.F.);
#2359 = EDGE_CURVE('',#2268,#2308,#2360,.T.);
#2360 = LINE('',#2361,#2362);
#2361 = CARTESIAN_POINT('',(2.,0.,80.));
#2362 = VECTOR('',#2363,1.);
#2363 = DIRECTION('',(1.,0.,0.));
#2364 = ORIENTED_EDGE('',*,*,#2275,.T.);
#2365 = ORIENTED_EDGE('',*,*,#2366,.T.);
#2366 = EDGE_CURVE('',#2276,#2316,#2367,.T.);
#2367 = LINE('',#2368,#2369);
#2368 = CARTESIAN_POINT('',(2.,0.,844.));
#2369 = VECTOR('',#2370,1.);
#2370 = DIRECTION('',(1.,0.,0.));
#2371 = ORIENTED_EDGE('',*,*,#2315,.F.);
#2372 = PLANE('',#2373);
#2373 = AXIS2_PLACEMENT_3D('',#2374,#2375,#2376);
#2374 = CARTESIAN_POINT('',(2.,0.,80.));
#2375 = DIRECTION('',(0.,1.,0.));
#2376 = DIRECTION('',(0.,0.,1.));
#2377 = ADVANCED_FACE('',(#2378),#2384,.F.);
#2378 = FACE_BOUND('',#2379,.F.);
#2379 = EDGE_LOOP('',(#2380,#2381,#2382,#2383));
#2380 = ORIENTED_EDGE('',*,*,#2267,.F.);
#2381 = ORIENTED_EDGE('',*,*,#2337,.T.);
#2382 = ORIENTED_EDGE('',*,*,#2307,.T.);
#2383 = ORIENTED_EDGE('',*,*,#2359,.F.);
#2384 = PLANE('',#2385);
#2385 = AXIS2_PLACEMENT_3D('',#2386,#2387,#2388);
#2386 = CARTESIAN_POINT('',(2.,-18.,80.));
#2387 = DIRECTION('',(0.,0.,1.));
#2388 = DIRECTION('',(1.,0.,0.));
#2389 = ADVANCED_FACE('',(#2390),#2396,.T.);
#2390 = FACE_BOUND('',#2391,.T.);
#2391 = EDGE_LOOP('',(#2392,#2393,#2394,#2395));
#2392 = ORIENTED_EDGE('',*,*,#2283,.F.);
#2393 = ORIENTED_EDGE('',*,*,#2344,.T.);
#2394 = ORIENTED_EDGE('',*,*,#2323,.T.);
#2395 = ORIENTED_EDGE('',*,*,#2366,.F.);
#2396 = PLANE('',#2397);
#2397 = AXIS2_PLACEMENT_3D('',#2398,#2399,#2400);
#2398 = CARTESIAN_POINT('',(2.,-18.,844.));
#2399 = DIRECTION('',(0.,0.,1.));
#2400 = DIRECTION('',(1.,0.,0.));
#2401 = MANIFOLD_SOLID_BREP('',#2402);
#2402 = CLOSED_SHELL('',(#2403,#2443,#2483,#2505,#2527,#2539));
#2403 = ADVANCED_FACE('',(#2404),#2438,.F.);
#2404 = FACE_BOUND('',#2405,.F.);
#2405 = EDGE_LOOP('',(#2406,#2416,#2424,#2432));
#2406 = ORIENTED_EDGE('',*,*,#2407,.F.);
#2407 = EDGE_CURVE('',#2408,#2410,#2412,.T.);
#2408 = VERTEX_POINT('',#2409);
#2409 = CARTESIAN_POINT('',(633.5,-18.,80.));
#2410 = VERTEX_POINT('',#2411);
#2411 = CARTESIAN_POINT('',(633.5,-18.,844.));
#2412 = LINE('',#2413,#2414);
#2413 = CARTESIAN_POINT('',(633.5,-18.,80.));
#2414 = VECTOR('',#2415,1.);
#2415 = DIRECTION('',(0.,0.,1.));
#2416 = ORIENTED_EDGE('',*,*,#2417,.T.);
#2417 = EDGE_CURVE('',#2408,#2418,#2420,.T.);
#2418 = VERTEX_POINT('',#2419);
#2419 = CARTESIAN_POINT('',(633.5,0.,80.));
#2420 = LINE('',#2421,#2422);
#2421 = CARTESIAN_POINT('',(633.5,-18.,80.));
#2422 = VECTOR('',#2423,1.);
#2423 = DIRECTION('',(0.,1.,0.));
#2424 = ORIENTED_EDGE('',*,*,#2425,.T.);
#2425 = EDGE_CURVE('',#2418,#2426,#2428,.T.);
#2426 = VERTEX_POINT('',#2427);
#2427 = CARTESIAN_POINT('',(633.5,0.,844.));
#2428 = LINE('',#2429,#2430);
#2429 = CARTESIAN_POINT('',(633.5,0.,80.));
#2430 = VECTOR('',#2431,1.);
#2431 = DIRECTION('',(0.,0.,1.));
#2432 = ORIENTED_EDGE('',*,*,#2433,.F.);
#2433 = EDGE_CURVE('',#2410,#2426,#2434,.T.);
#2434 = LINE('',#2435,#2436);
#2435 = CARTESIAN_POINT('',(633.5,-18.,844.));
#2436 = VECTOR('',#2437,1.);
#2437 = DIRECTION('',(0.,1.,0.));
#2438 = PLANE('',#2439);
#2439 = AXIS2_PLACEMENT_3D('',#2440,#2441,#2442);
#2440 = CARTESIAN_POINT('',(633.5,-18.,80.));
#2441 = DIRECTION('',(1.,0.,0.));
#2442 = DIRECTION('',(0.,0.,1.));
#2443 = ADVANCED_FACE('',(#2444),#2478,.T.);
#2444 = FACE_BOUND('',#2445,.T.);
#2445 = EDGE_LOOP('',(#2446,#2456,#2464,#2472));
#2446 = ORIENTED_EDGE('',*,*,#2447,.F.);
#2447 = EDGE_CURVE('',#2448,#2450,#2452,.T.);
#2448 = VERTEX_POINT('',#2449);
#2449 = CARTESIAN_POINT('',(1.14425E+03,-18.,80.));
#2450 = VERTEX_POINT('',#2451);
#2451 = CARTESIAN_POINT('',(1.14425E+03,-18.,844.));
#2452 = LINE('',#2453,#2454);
#2453 = CARTESIAN_POINT('',(1.14425E+03,-18.,80.));
#2454 = VECTOR('',#2455,1.);
#2455 = DIRECTION('',(0.,0.,1.));
#2456 = ORIENTED_EDGE('',*,*,#2457,.T.);
#2457 = EDGE_CURVE('',#2448,#2458,#2460,.T.);
#2458 = VERTEX_POINT('',#2459);
#2459 = CARTESIAN_POINT('',(1.14425E+03,0.,80.));
#2460 = LINE('',#2461,#2462);
#2461 = CARTESIAN_POINT('',(1.14425E+03,-18.,80.));
#2462 = VECTOR('',#2463,1.);
#2463 = DIRECTION('',(0.,1.,0.));
#2464 = ORIENTED_EDGE('',*,*,#2465,.T.);
#2465 = EDGE_CURVE('',#2458,#2466,#2468,.T.);
#2466 = VERTEX_POINT('',#2467);
#2467 = CARTESIAN_POINT('',(1.14425E+03,0.,844.));
#2468 = LINE('',#2469,#2470);
#2469 = CARTESIAN_POINT('',(1.14425E+03,0.,80.));
#2470 = VECTOR('',#2471,1.);
#2471 = DIRECTION('',(0.,0.,1.));
#2472 = ORIENTED_EDGE('',*,*,#2473,.F.);
#2473 = EDGE_CURVE('',#2450,#2466,#2474,.T.);
#2474 = LINE('',#2475,#2476);
#2475 = CARTESIAN_POINT('',(1.14425E+03,-18.,844.));
#2476 = VECTOR('',#2477,1.);
#2477 = DIRECTION('',(0.,1.,0.));
#2478 = PLANE('',#2479);
#2479 = AXIS2_PLACEMENT_3D('',#2480,#2481,#2482);
#2480 = CARTESIAN_POINT('',(1.14425E+03,-18.,80.));
#2481 = DIRECTION('',(1.,0.,0.));
#2482 = DIRECTION('',(0.,0.,1.));
#2483 = ADVANCED_FACE('',(#2484),#2500,.F.);
#2484 = FACE_BOUND('',#2485,.F.);
#2485 = EDGE_LOOP('',(#2486,#2492,#2493,#2499));
#2486 = ORIENTED_EDGE('',*,*,#2487,.F.);
#2487 = EDGE_CURVE('',#2408,#2448,#2488,.T.);
#2488 = LINE('',#2489,#2490);
#2489 = CARTESIAN_POINT('',(633.5,-18.,80.));
#2490 = VECTOR('',#2491,1.);
#2491 = DIRECTION('',(1.,0.,0.));
#2492 = ORIENTED_EDGE('',*,*,#2407,.T.);
#2493 = ORIENTED_EDGE('',*,*,#2494,.T.);
#2494 = EDGE_CURVE('',#2410,#2450,#2495,.T.);
#2495 = LINE('',#2496,#2497);
#2496 = CARTESIAN_POINT('',(633.5,-18.,844.));
#2497 = VECTOR('',#2498,1.);
#2498 = DIRECTION('',(1.,0.,0.));
#2499 = ORIENTED_EDGE('',*,*,#2447,.F.);
#2500 = PLANE('',#2501);
#2501 = AXIS2_PLACEMENT_3D('',#2502,#2503,#2504);
#2502 = CARTESIAN_POINT('',(633.5,-18.,80.));
#2503 = DIRECTION('',(0.,1.,0.));
#2504 = DIRECTION('',(0.,0.,1.));
#2505 = ADVANCED_FACE('',(#2506),#2522,.T.);
#2506 = FACE_BOUND('',#2507,.T.);
#2507 = EDGE_LOOP('',(#2508,#2514,#2515,#2521));
#2508 = ORIENTED_EDGE('',*,*,#2509,.F.);
#2509 = EDGE_CURVE('',#2418,#2458,#2510,.T.);
#2510 = LINE('',#2511,#2512);
#2511 = CARTESIAN_POINT('',(633.5,0.,80.));
#2512 = VECTOR('',#2513,1.);
#2513 = DIRECTION('',(1.,0.,0.));
#2514 = ORIENTED_EDGE('',*,*,#2425,.T.);
#2515 = ORIENTED_EDGE('',*,*,#2516,.T.);
#2516 = EDGE_CURVE('',#2426,#2466,#2517,.T.);
#2517 = LINE('',#2518,#2519);
#2518 = CARTESIAN_POINT('',(633.5,0.,844.));
#2519 = VECTOR('',#2520,1.);
#2520 = DIRECTION('',(1.,0.,0.));
#2521 = ORIENTED_EDGE('',*,*,#2465,.F.);
#2522 = PLANE('',#2523);
#2523 = AXIS2_PLACEMENT_3D('',#2524,#2525,#2526);
#2524 = CARTESIAN_POINT('',(633.5,0.,80.));
#2525 = DIRECTION('',(0.,1.,0.));
#2526 = DIRECTION('',(0.,0.,1.));
#2527 = ADVANCED_FACE('',(#2528),#2534,.F.);
#2528 = FACE_BOUND('',#2529,.F.);
#2529 = EDGE_LOOP('',(#2530,#2531,#2532,#2533));
#2530 = ORIENTED_EDGE('',*,*,#2417,.F.);
#2531 = ORIENTED_EDGE('',*,*,#2487,.T.);
#2532 = ORIENTED_EDGE('',*,*,#2457,.T.);
#2533 = ORIENTED_EDGE('',*,*,#2509,.F.);
#2534 = PLANE('',#2535);
#2535 = AXIS2_PLACEMENT_3D('',#2536,#2537,#2538);
#2536 = CARTESIAN_POINT('',(633.5,-18.,80.));
#2537 = DIRECTION('',(0.,0.,1.));
#2538 = DIRECTION('',(1.,0.,0.));
#2539 = ADVANCED_FACE('',(#2540),#2546,.T.);
#2540 = FACE_BOUND('',#2541,.T.);
#2541 = EDGE_LOOP('',(#2542,#2543,#2544,#2545));
#2542 = ORIENTED_EDGE('',*,*,#2433,.F.);
#2543 = ORIENTED_EDGE('',*,*,#2494,.T.);
#2544 = ORIENTED_EDGE('',*,*,#2473,.T.);
#2545 = ORIENTED_EDGE('',*,*,#2516,.F.);
#2546 = PLANE('',#2547);
#2547 = AXIS2_PLACEMENT_3D('',#2548,#2549,#2550);
#2548 = CARTESIAN_POINT('',(633.5,-18.,844.));
#2549 = DIRECTION('',(0.,0.,1.));
#2550 = DIRECTION('',(1.,0.,0.));
#2551 = MANIFOLD_SOLID_BREP('',#2552);
#2552 = CLOSED_SHELL('',(#2553,#2593,#2633,#2655,#2677,#2689));
#2553 = ADVANCED_FACE('',(#2554),#2588,.F.);
#2554 = FACE_BOUND('',#2555,.F.);
#2555 = EDGE_LOOP('',(#2556,#2566,#2574,#2582));
#2556 = ORIENTED_EDGE('',*,*,#2557,.F.);
#2557 = EDGE_CURVE('',#2558,#2560,#2562,.T.);
#2558 = VERTEX_POINT('',#2559);
#2559 = CARTESIAN_POINT('',(1.14725E+03,-18.,80.));
#2560 = VERTEX_POINT('',#2561);
#2561 = CARTESIAN_POINT('',(1.14725E+03,-18.,844.));
#2562 = LINE('',#2563,#2564);
#2563 = CARTESIAN_POINT('',(1.14725E+03,-18.,80.));
#2564 = VECTOR('',#2565,1.);
#2565 = DIRECTION('',(0.,0.,1.));
#2566 = ORIENTED_EDGE('',*,*,#2567,.T.);
#2567 = EDGE_CURVE('',#2558,#2568,#2570,.T.);
#2568 = VERTEX_POINT('',#2569);
#2569 = CARTESIAN_POINT('',(1.14725E+03,0.,80.));
#2570 = LINE('',#2571,#2572);
#2571 = CARTESIAN_POINT('',(1.14725E+03,-18.,80.));
#2572 = VECTOR('',#2573,1.);
#2573 = DIRECTION('',(0.,1.,0.));
#2574 = ORIENTED_EDGE('',*,*,#2575,.T.);
#2575 = EDGE_CURVE('',#2568,#2576,#2578,.T.);
#2576 = VERTEX_POINT('',#2577);
#2577 = CARTESIAN_POINT('',(1.14725E+03,0.,844.));
#2578 = LINE('',#2579,#2580);
#2579 = CARTESIAN_POINT('',(1.14725E+03,0.,80.));
#2580 = VECTOR('',#2581,1.);
#2581 = DIRECTION('',(0.,0.,1.));
#2582 = ORIENTED_EDGE('',*,*,#2583,.F.);
#2583 = EDGE_CURVE('',#2560,#2576,#2584,.T.);
#2584 = LINE('',#2585,#2586);
#2585 = CARTESIAN_POINT('',(1.14725E+03,-18.,844.));
#2586 = VECTOR('',#2587,1.);
#2587 = DIRECTION('',(0.,1.,0.));
#2588 = PLANE('',#2589);
#2589 = AXIS2_PLACEMENT_3D('',#2590,#2591,#2592);
#2590 = CARTESIAN_POINT('',(1.14725E+03,-18.,80.));
#2591 = DIRECTION('',(1.,0.,0.));
#2592 = DIRECTION('',(0.,0.,1.));
#2593 = ADVANCED_FACE('',(#2594),#2628,.T.);
#2594 = FACE_BOUND('',#2595,.T.);
#2595 = EDGE_LOOP('',(#2596,#2606,#2614,#2622));
#2596 = ORIENTED_EDGE('',*,*,#2597,.F.);
#2597 = EDGE_CURVE('',#2598,#2600,#2602,.T.);
#2598 = VERTEX_POINT('',#2599);
#2599 = CARTESIAN_POINT('',(1.658E+03,-18.,80.));
#2600 = VERTEX_POINT('',#2601);
#2601 = CARTESIAN_POINT('',(1.658E+03,-18.,844.));
#2602 = LINE('',#2603,#2604);
#2603 = CARTESIAN_POINT('',(1.658E+03,-18.,80.));
#2604 = VECTOR('',#2605,1.);
#2605 = DIRECTION('',(0.,0.,1.));
#2606 = ORIENTED_EDGE('',*,*,#2607,.T.);
#2607 = EDGE_CURVE('',#2598,#2608,#2610,.T.);
#2608 = VERTEX_POINT('',#2609);
#2609 = CARTESIAN_POINT('',(1.658E+03,0.,80.));
#2610 = LINE('',#2611,#2612);
#2611 = CARTESIAN_POINT('',(1.658E+03,-18.,80.));
#2612 = VECTOR('',#2613,1.);
#2613 = DIRECTION('',(0.,1.,0.));
#2614 = ORIENTED_EDGE('',*,*,#2615,.T.);
#2615 = EDGE_CURVE('',#2608,#2616,#2618,.T.);
#2616 = VERTEX_POINT('',#2617);
#2617 = CARTESIAN_POINT('',(1.658E+03,0.,844.));
#2618 = LINE('',#2619,#2620);
#2619 = CARTESIAN_POINT('',(1.658E+03,0.,80.));
#2620 = VECTOR('',#2621,1.);
#2621 = DIRECTION('',(0.,0.,1.));
#2622 = ORIENTED_EDGE('',*,*,#2623,.F.);
#2623 = EDGE_CURVE('',#2600,#2616,#2624,.T.);
#2624 = LINE('',#2625,#2626);
#2625 = CARTESIAN_POINT('',(1.658E+03,-18.,844.));
#2626 = VECTOR('',#2627,1.);
#2627 = DIRECTION('',(0.,1.,0.));
#2628 = PLANE('',#2629);
#2629 = AXIS2_PLACEMENT_3D('',#2630,#2631,#2632);
#2630 = CARTESIAN_POINT('',(1.658E+03,-18.,80.));
#2631 = DIRECTION('',(1.,0.,0.));
#2632 = DIRECTION('',(0.,0.,1.));
#2633 = ADVANCED_FACE('',(#2634),#2650,.F.);
#2634 = FACE_BOUND('',#2635,.F.);
#2635 = EDGE_LOOP('',(#2636,#2642,#2643,#2649));
#2636 = ORIENTED_EDGE('',*,*,#2637,.F.);
#2637 = EDGE_CURVE('',#2558,#2598,#2638,.T.);
#2638 = LINE('',#2639,#2640);
#2639 = CARTESIAN_POINT('',(1.14725E+03,-18.,80.));
#2640 = VECTOR('',#2641,1.);
#2641 = DIRECTION('',(1.,0.,0.));
#2642 = ORIENTED_EDGE('',*,*,#2557,.T.);
#2643 = ORIENTED_EDGE('',*,*,#2644,.T.);
#2644 = EDGE_CURVE('',#2560,#2600,#2645,.T.);
#2645 = LINE('',#2646,#2647);
#2646 = CARTESIAN_POINT('',(1.14725E+03,-18.,844.));
#2647 = VECTOR('',#2648,1.);
#2648 = DIRECTION('',(1.,0.,0.));
#2649 = ORIENTED_EDGE('',*,*,#2597,.F.);
#2650 = PLANE('',#2651);
#2651 = AXIS2_PLACEMENT_3D('',#2652,#2653,#2654);
#2652 = CARTESIAN_POINT('',(1.14725E+03,-18.,80.));
#2653 = DIRECTION('',(0.,1.,0.));
#2654 = DIRECTION('',(0.,0.,1.));
#2655 = ADVANCED_FACE('',(#2656),#2672,.T.);
#2656 = FACE_BOUND('',#2657,.T.);
#2657 = EDGE_LOOP('',(#2658,#2664,#2665,#2671));
#2658 = ORIENTED_EDGE('',*,*,#2659,.F.);
#2659 = EDGE_CURVE('',#2568,#2608,#2660,.T.);
#2660 = LINE('',#2661,#2662);
#2661 = CARTESIAN_POINT('',(1.14725E+03,0.,80.));
#2662 = VECTOR('',#2663,1.);
#2663 = DIRECTION('',(1.,0.,0.));
#2664 = ORIENTED_EDGE('',*,*,#2575,.T.);
#2665 = ORIENTED_EDGE('',*,*,#2666,.T.);
#2666 = EDGE_CURVE('',#2576,#2616,#2667,.T.);
#2667 = LINE('',#2668,#2669);
#2668 = CARTESIAN_POINT('',(1.14725E+03,0.,844.));
#2669 = VECTOR('',#2670,1.);
#2670 = DIRECTION('',(1.,0.,0.));
#2671 = ORIENTED_EDGE('',*,*,#2615,.F.);
#2672 = PLANE('',#2673);
#2673 = AXIS2_PLACEMENT_3D('',#2674,#2675,#2676);
#2674 = CARTESIAN_POINT('',(1.14725E+03,0.,80.));
#2675 = DIRECTION('',(0.,1.,0.));
#2676 = DIRECTION('',(0.,0.,1.));
#2677 = ADVANCED_FACE('',(#2678),#2684,.F.);
#2678 = FACE_BOUND('',#2679,.F.);
#2679 = EDGE_LOOP('',(#2680,#2681,#2682,#2683));
#2680 = ORIENTED_EDGE('',*,*,#2567,.F.);
#2681 = ORIENTED_EDGE('',*,*,#2637,.T.);
#2682 = ORIENTED_EDGE('',*,*,#2607,.T.);
#2683 = ORIENTED_EDGE('',*,*,#2659,.F.);
#2684 = PLANE('',#2685);
#2685 = AXIS2_PLACEMENT_3D('',#2686,#2687,#2688);
#2686 = CARTESIAN_POINT('',(1.14725E+03,-18.,80.));
#2687 = DIRECTION('',(0.,0.,1.));
#2688 = DIRECTION('',(1.,0.,0.));
#2689 = ADVANCED_FACE('',(#2690),#2696,.T.);
#2690 = FACE_BOUND('',#2691,.T.);
#2691 = EDGE_LOOP('',(#2692,#2693,#2694,#2695));
#2692 = ORIENTED_EDGE('',*,*,#2583,.F.);
#2693 = ORIENTED_EDGE('',*,*,#2644,.T.);
#2694 = ORIENTED_EDGE('',*,*,#2623,.T.);
#2695 = ORIENTED_EDGE('',*,*,#2666,.F.);
#2696 = PLANE('',#2697);
#2697 = AXIS2_PLACEMENT_3D('',#2698,#2699,#2700);
#2698 = CARTESIAN_POINT('',(1.14725E+03,-18.,844.));
#2699 = DIRECTION('',(0.,0.,1.));
#2700 = DIRECTION('',(1.,0.,0.));
#2701 = MANIFOLD_SOLID_BREP('',#2702);
#2702 = CLOSED_SHELL('',(#2703,#2743,#2783,#2805,#2827,#2839));
#2703 = ADVANCED_FACE('',(#2704),#2738,.F.);
#2704 = FACE_BOUND('',#2705,.F.);
#2705 = EDGE_LOOP('',(#2706,#2716,#2724,#2732));
#2706 = ORIENTED_EDGE('',*,*,#2707,.F.);
#2707 = EDGE_CURVE('',#2708,#2710,#2712,.T.);
#2708 = VERTEX_POINT('',#2709);
#2709 = CARTESIAN_POINT('',(625.,0.,418.));
#2710 = VERTEX_POINT('',#2711);
#2711 = CARTESIAN_POINT('',(625.,0.,436.));
#2712 = LINE('',#2713,#2714);
#2713 = CARTESIAN_POINT('',(625.,0.,418.));
#2714 = VECTOR('',#2715,1.);
#2715 = DIRECTION('',(0.,0.,1.));
#2716 = ORIENTED_EDGE('',*,*,#2717,.T.);
#2717 = EDGE_CURVE('',#2708,#2718,#2720,.T.);
#2718 = VERTEX_POINT('',#2719);
#2719 = CARTESIAN_POINT('',(625.,612.,418.));
#2720 = LINE('',#2721,#2722);
#2721 = CARTESIAN_POINT('',(625.,0.,418.));
#2722 = VECTOR('',#2723,1.);
#2723 = DIRECTION('',(0.,1.,0.));
#2724 = ORIENTED_EDGE('',*,*,#2725,.T.);
#2725 = EDGE_CURVE('',#2718,#2726,#2728,.T.);
#2726 = VERTEX_POINT('',#2727);
#2727 = CARTESIAN_POINT('',(625.,612.,436.));
#2728 = LINE('',#2729,#2730);
#2729 = CARTESIAN_POINT('',(625.,612.,418.));
#2730 = VECTOR('',#2731,1.);
#2731 = DIRECTION('',(0.,0.,1.));
#2732 = ORIENTED_EDGE('',*,*,#2733,.F.);
#2733 = EDGE_CURVE('',#2710,#2726,#2734,.T.);
#2734 = LINE('',#2735,#2736);
#2735 = CARTESIAN_POINT('',(625.,0.,436.));
#2736 = VECTOR('',#2737,1.);
#2737 = DIRECTION('',(0.,1.,0.));
#2738 = PLANE('',#2739);
#2739 = AXIS2_PLACEMENT_3D('',#2740,#2741,#2742);
#2740 = CARTESIAN_POINT('',(625.,0.,418.));
#2741 = DIRECTION('',(1.,0.,0.));
#2742 = DIRECTION('',(0.,0.,1.));
#2743 = ADVANCED_FACE('',(#2744),#2778,.T.);
#2744 = FACE_BOUND('',#2745,.T.);
#2745 = EDGE_LOOP('',(#2746,#2756,#2764,#2772));
#2746 = ORIENTED_EDGE('',*,*,#2747,.F.);
#2747 = EDGE_CURVE('',#2748,#2750,#2752,.T.);
#2748 = VERTEX_POINT('',#2749);
#2749 = CARTESIAN_POINT('',(1.13475E+03,0.,418.));
#2750 = VERTEX_POINT('',#2751);
#2751 = CARTESIAN_POINT('',(1.13475E+03,0.,436.));
#2752 = LINE('',#2753,#2754);
#2753 = CARTESIAN_POINT('',(1.13475E+03,0.,418.));
#2754 = VECTOR('',#2755,1.);
#2755 = DIRECTION('',(0.,0.,1.));
#2756 = ORIENTED_EDGE('',*,*,#2757,.T.);
#2757 = EDGE_CURVE('',#2748,#2758,#2760,.T.);
#2758 = VERTEX_POINT('',#2759);
#2759 = CARTESIAN_POINT('',(1.13475E+03,612.,418.));
#2760 = LINE('',#2761,#2762);
#2761 = CARTESIAN_POINT('',(1.13475E+03,0.,418.));
#2762 = VECTOR('',#2763,1.);
#2763 = DIRECTION('',(0.,1.,0.));
#2764 = ORIENTED_EDGE('',*,*,#2765,.T.);
#2765 = EDGE_CURVE('',#2758,#2766,#2768,.T.);
#2766 = VERTEX_POINT('',#2767);
#2767 = CARTESIAN_POINT('',(1.13475E+03,612.,436.));
#2768 = LINE('',#2769,#2770);
#2769 = CARTESIAN_POINT('',(1.13475E+03,612.,418.));
#2770 = VECTOR('',#2771,1.);
#2771 = DIRECTION('',(0.,0.,1.));
#2772 = ORIENTED_EDGE('',*,*,#2773,.F.);
#2773 = EDGE_CURVE('',#2750,#2766,#2774,.T.);
#2774 = LINE('',#2775,#2776);
#2775 = CARTESIAN_POINT('',(1.13475E+03,0.,436.));
#2776 = VECTOR('',#2777,1.);
#2777 = DIRECTION('',(0.,1.,0.));
#2778 = PLANE('',#2779);
#2779 = AXIS2_PLACEMENT_3D('',#2780,#2781,#2782);
#2780 = CARTESIAN_POINT('',(1.13475E+03,0.,418.));
#2781 = DIRECTION('',(1.,0.,0.));
#2782 = DIRECTION('',(0.,0.,1.));
#2783 = ADVANCED_FACE('',(#2784),#2800,.F.);
#2784 = FACE_BOUND('',#2785,.F.);
#2785 = EDGE_LOOP('',(#2786,#2792,#2793,#2799));
#2786 = ORIENTED_EDGE('',*,*,#2787,.F.);
#2787 = EDGE_CURVE('',#2708,#2748,#2788,.T.);
#2788 = LINE('',#2789,#2790);
#2789 = CARTESIAN_POINT('',(625.,0.,418.));
#2790 = VECTOR('',#2791,1.);
#2791 = DIRECTION('',(1.,0.,0.));
#2792 = ORIENTED_EDGE('',*,*,#2707,.T.);
#2793 = ORIENTED_EDGE('',*,*,#2794,.T.);
#2794 = EDGE_CURVE('',#2710,#2750,#2795,.T.);
#2795 = LINE('',#2796,#2797);
#2796 = CARTESIAN_POINT('',(625.,0.,436.));
#2797 = VECTOR('',#2798,1.);
#2798 = DIRECTION('',(1.,0.,0.));
#2799 = ORIENTED_EDGE('',*,*,#2747,.F.);
#2800 = PLANE('',#2801);
#2801 = AXIS2_PLACEMENT_3D('',#2802,#2803,#2804);
#2802 = CARTESIAN_POINT('',(625.,0.,418.));
#2803 = DIRECTION('',(0.,1.,0.));
#2804 = DIRECTION('',(0.,0.,1.));
#2805 = ADVANCED_FACE('',(#2806),#2822,.T.);
#2806 = FACE_BOUND('',#2807,.T.);
#2807 = EDGE_LOOP('',(#2808,#2814,#2815,#2821));
#2808 = ORIENTED_EDGE('',*,*,#2809,.F.);
#2809 = EDGE_CURVE('',#2718,#2758,#2810,.T.);
#2810 = LINE('',#2811,#2812);
#2811 = CARTESIAN_POINT('',(625.,612.,418.));
#2812 = VECTOR('',#2813,1.);
#2813 = DIRECTION('',(1.,0.,0.));
#2814 = ORIENTED_EDGE('',*,*,#2725,.T.);
#2815 = ORIENTED_EDGE('',*,*,#2816,.T.);
#2816 = EDGE_CURVE('',#2726,#2766,#2817,.T.);
#2817 = LINE('',#2818,#2819);
#2818 = CARTESIAN_POINT('',(625.,612.,436.));
#2819 = VECTOR('',#2820,1.);
#2820 = DIRECTION('',(1.,0.,0.));
#2821 = ORIENTED_EDGE('',*,*,#2765,.F.);
#2822 = PLANE('',#2823);
#2823 = AXIS2_PLACEMENT_3D('',#2824,#2825,#2826);
#2824 = CARTESIAN_POINT('',(625.,612.,418.));
#2825 = DIRECTION('',(0.,1.,0.));
#2826 = DIRECTION('',(0.,0.,1.));
#2827 = ADVANCED_FACE('',(#2828),#2834,.F.);
#2828 = FACE_BOUND('',#2829,.F.);
#2829 = EDGE_LOOP('',(#2830,#2831,#2832,#2833));
#2830 = ORIENTED_EDGE('',*,*,#2717,.F.);
#2831 = ORIENTED_EDGE('',*,*,#2787,.T.);
#2832 = ORIENTED_EDGE('',*,*,#2757,.T.);
#2833 = ORIENTED_EDGE('',*,*,#2809,.F.);
#2834 = PLANE('',#2835);
#2835 = AXIS2_PLACEMENT_3D('',#2836,#2837,#2838);
#2836 = CARTESIAN_POINT('',(625.,0.,418.));
#2837 = DIRECTION('',(0.,0.,1.));
#2838 = DIRECTION('',(1.,0.,0.));
#2839 = ADVANCED_FACE('',(#2840),#2846,.T.);
#2840 = FACE_BOUND('',#2841,.T.);
#2841 = EDGE_LOOP('',(#2842,#2843,#2844,#2845));
#2842 = ORIENTED_EDGE('',*,*,#2733,.F.);
#2843 = ORIENTED_EDGE('',*,*,#2794,.T.);
#2844 = ORIENTED_EDGE('',*,*,#2773,.T.);
#2845 = ORIENTED_EDGE('',*,*,#2816,.F.);
#2846 = PLANE('',#2847);
#2847 = AXIS2_PLACEMENT_3D('',#2848,#2849,#2850);
#2848 = CARTESIAN_POINT('',(625.,0.,436.));
#2849 = DIRECTION('',(0.,0.,1.));
#2850 = DIRECTION('',(1.,0.,0.));
#2851 = MANIFOLD_SOLID_BREP('',#2852);
#2852 = CLOSED_SHELL('',(#2853,#2893,#2933,#2955,#2977,#2989));
#2853 = ADVANCED_FACE('',(#2854),#2888,.F.);
#2854 = FACE_BOUND('',#2855,.F.);
#2855 = EDGE_LOOP('',(#2856,#2866,#2874,#2882));
#2856 = ORIENTED_EDGE('',*,*,#2857,.F.);
#2857 = EDGE_CURVE('',#2858,#2860,#2862,.T.);
#2858 = VERTEX_POINT('',#2859);
#2859 = CARTESIAN_POINT('',(20.,0.,418.));
#2860 = VERTEX_POINT('',#2861);
#2861 = CARTESIAN_POINT('',(20.,0.,436.));
#2862 = LINE('',#2863,#2864);
#2863 = CARTESIAN_POINT('',(20.,0.,418.));
#2864 = VECTOR('',#2865,1.);
#2865 = DIRECTION('',(0.,0.,1.));
#2866 = ORIENTED_EDGE('',*,*,#2867,.T.);
#2867 = EDGE_CURVE('',#2858,#2868,#2870,.T.);
#2868 = VERTEX_POINT('',#2869);
#2869 = CARTESIAN_POINT('',(20.,612.,418.));
#2870 = LINE('',#2871,#2872);
#2871 = CARTESIAN_POINT('',(20.,0.,418.));
#2872 = VECTOR('',#2873,1.);
#2873 = DIRECTION('',(0.,1.,0.));
#2874 = ORIENTED_EDGE('',*,*,#2875,.T.);
#2875 = EDGE_CURVE('',#2868,#2876,#2878,.T.);
#2876 = VERTEX_POINT('',#2877);
#2877 = CARTESIAN_POINT('',(20.,612.,436.));
#2878 = LINE('',#2879,#2880);
#2879 = CARTESIAN_POINT('',(20.,612.,418.));
#2880 = VECTOR('',#2881,1.);
#2881 = DIRECTION('',(0.,0.,1.));
#2882 = ORIENTED_EDGE('',*,*,#2883,.F.);
#2883 = EDGE_CURVE('',#2860,#2876,#2884,.T.);
#2884 = LINE('',#2885,#2886);
#2885 = CARTESIAN_POINT('',(20.,0.,436.));
#2886 = VECTOR('',#2887,1.);
#2887 = DIRECTION('',(0.,1.,0.));
#2888 = PLANE('',#2889);
#2889 = AXIS2_PLACEMENT_3D('',#2890,#2891,#2892);
#2890 = CARTESIAN_POINT('',(20.,0.,418.));
#2891 = DIRECTION('',(1.,0.,0.));
#2892 = DIRECTION('',(0.,0.,1.));
#2893 = ADVANCED_FACE('',(#2894),#2928,.T.);
#2894 = FACE_BOUND('',#2895,.T.);
#2895 = EDGE_LOOP('',(#2896,#2906,#2914,#2922));
#2896 = ORIENTED_EDGE('',*,*,#2897,.F.);
#2897 = EDGE_CURVE('',#2898,#2900,#2902,.T.);
#2898 = VERTEX_POINT('',#2899);
#2899 = CARTESIAN_POINT('',(621.,0.,418.));
#2900 = VERTEX_POINT('',#2901);
#2901 = CARTESIAN_POINT('',(621.,0.,436.));
#2902 = LINE('',#2903,#2904);
#2903 = CARTESIAN_POINT('',(621.,0.,418.));
#2904 = VECTOR('',#2905,1.);
#2905 = DIRECTION('',(0.,0.,1.));
#2906 = ORIENTED_EDGE('',*,*,#2907,.T.);
#2907 = EDGE_CURVE('',#2898,#2908,#2910,.T.);
#2908 = VERTEX_POINT('',#2909);
#2909 = CARTESIAN_POINT('',(621.,612.,418.));
#2910 = LINE('',#2911,#2912);
#2911 = CARTESIAN_POINT('',(621.,0.,418.));
#2912 = VECTOR('',#2913,1.);
#2913 = DIRECTION('',(0.,1.,0.));
#2914 = ORIENTED_EDGE('',*,*,#2915,.T.);
#2915 = EDGE_CURVE('',#2908,#2916,#2918,.T.);
#2916 = VERTEX_POINT('',#2917);
#2917 = CARTESIAN_POINT('',(621.,612.,436.));
#2918 = LINE('',#2919,#2920);
#2919 = CARTESIAN_POINT('',(621.,612.,418.));
#2920 = VECTOR('',#2921,1.);
#2921 = DIRECTION('',(0.,0.,1.));
#2922 = ORIENTED_EDGE('',*,*,#2923,.F.);
#2923 = EDGE_CURVE('',#2900,#2916,#2924,.T.);
#2924 = LINE('',#2925,#2926);
#2925 = CARTESIAN_POINT('',(621.,0.,436.));
#2926 = VECTOR('',#2927,1.);
#2927 = DIRECTION('',(0.,1.,0.));
#2928 = PLANE('',#2929);
#2929 = AXIS2_PLACEMENT_3D('',#2930,#2931,#2932);
#2930 = CARTESIAN_POINT('',(621.,0.,418.));
#2931 = DIRECTION('',(1.,0.,0.));
#2932 = DIRECTION('',(0.,0.,1.));
#2933 = ADVANCED_FACE('',(#2934),#2950,.F.);
#2934 = FACE_BOUND('',#2935,.F.);
#2935 = EDGE_LOOP('',(#2936,#2942,#2943,#2949));
#2936 = ORIENTED_EDGE('',*,*,#2937,.F.);
#2937 = EDGE_CURVE('',#2858,#2898,#2938,.T.);
#2938 = LINE('',#2939,#2940);
#2939 = CARTESIAN_POINT('',(20.,0.,418.));
#2940 = VECTOR('',#2941,1.);
#2941 = DIRECTION('',(1.,0.,0.));
#2942 = ORIENTED_EDGE('',*,*,#2857,.T.);
#2943 = ORIENTED_EDGE('',*,*,#2944,.T.);
#2944 = EDGE_CURVE('',#2860,#2900,#2945,.T.);
#2945 = LINE('',#2946,#2947);
#2946 = CARTESIAN_POINT('',(20.,0.,436.));
#2947 = VECTOR('',#2948,1.);
#2948 = DIRECTION('',(1.,0.,0.));
#2949 = ORIENTED_EDGE('',*,*,#2897,.F.);
#2950 = PLANE('',#2951);
#2951 = AXIS2_PLACEMENT_3D('',#2952,#2953,#2954);
#2952 = CARTESIAN_POINT('',(20.,0.,418.));
#2953 = DIRECTION('',(0.,1.,0.));
#2954 = DIRECTION('',(0.,0.,1.));
#2955 = ADVANCED_FACE('',(#2956),#2972,.T.);
#2956 = FACE_BOUND('',#2957,.T.);
#2957 = EDGE_LOOP('',(#2958,#2964,#2965,#2971));
#2958 = ORIENTED_EDGE('',*,*,#2959,.F.);
#2959 = EDGE_CURVE('',#2868,#2908,#2960,.T.);
#2960 = LINE('',#2961,#2962);
#2961 = CARTESIAN_POINT('',(20.,612.,418.));
#2962 = VECTOR('',#2963,1.);
#2963 = DIRECTION('',(1.,0.,0.));
#2964 = ORIENTED_EDGE('',*,*,#2875,.T.);
#2965 = ORIENTED_EDGE('',*,*,#2966,.T.);
#2966 = EDGE_CURVE('',#2876,#2916,#2967,.T.);
#2967 = LINE('',#2968,#2969);
#2968 = CARTESIAN_POINT('',(20.,612.,436.));
#2969 = VECTOR('',#2970,1.);
#2970 = DIRECTION('',(1.,0.,0.));
#2971 = ORIENTED_EDGE('',*,*,#2915,.F.);
#2972 = PLANE('',#2973);
#2973 = AXIS2_PLACEMENT_3D('',#2974,#2975,#2976);
#2974 = CARTESIAN_POINT('',(20.,612.,418.));
#2975 = DIRECTION('',(0.,1.,0.));
#2976 = DIRECTION('',(0.,0.,1.));
#2977 = ADVANCED_FACE('',(#2978),#2984,.F.);
#2978 = FACE_BOUND('',#2979,.F.);
#2979 = EDGE_LOOP('',(#2980,#2981,#2982,#2983));
#2980 = ORIENTED_EDGE('',*,*,#2867,.F.);
#2981 = ORIENTED_EDGE('',*,*,#2937,.T.);
#2982 = ORIENTED_EDGE('',*,*,#2907,.T.);
#2983 = ORIENTED_EDGE('',*,*,#2959,.F.);
#2984 = PLANE('',#2985);
#2985 = AXIS2_PLACEMENT_3D('',#2986,#2987,#2988);
#2986 = CARTESIAN_POINT('',(20.,0.,418.));
#2987 = DIRECTION('',(0.,0.,1.));
#2988 = DIRECTION('',(1.,0.,0.));
#2989 = ADVANCED_FACE('',(#2990),#2996,.T.);
#2990 = FACE_BOUND('',#2991,.T.);
#2991 = EDGE_LOOP('',(#2992,#2993,#2994,#2995));
#2992 = ORIENTED_EDGE('',*,*,#2883,.F.);
#2993 = ORIENTED_EDGE('',*,*,#2944,.T.);
#2994 = ORIENTED_EDGE('',*,*,#2923,.T.);
#2995 = ORIENTED_EDGE('',*,*,#2966,.F.);
#2996 = PLANE('',#2997);
#2997 = AXIS2_PLACEMENT_3D('',#2998,#2999,#3000);
#2998 = CARTESIAN_POINT('',(20.,0.,436.));
#2999 = DIRECTION('',(0.,0.,1.));
#3000 = DIRECTION('',(1.,0.,0.));
#3001 = MANIFOLD_SOLID_BREP('',#3002);
#3002 = CLOSED_SHELL('',(#3003,#3043,#3083,#3105,#3127,#3139));
#3003 = ADVANCED_FACE('',(#3004),#3038,.F.);
#3004 = FACE_BOUND('',#3005,.F.);
#3005 = EDGE_LOOP('',(#3006,#3016,#3024,#3032));
#3006 = ORIENTED_EDGE('',*,*,#3007,.F.);
#3007 = EDGE_CURVE('',#3008,#3010,#3012,.T.);
#3008 = VERTEX_POINT('',#3009);
#3009 = CARTESIAN_POINT('',(20.,0.,80.));
#3010 = VERTEX_POINT('',#3011);
#3011 = CARTESIAN_POINT('',(20.,0.,98.));
#3012 = LINE('',#3013,#3014);
#3013 = CARTESIAN_POINT('',(20.,0.,80.));
#3014 = VECTOR('',#3015,1.);
#3015 = DIRECTION('',(0.,0.,1.));
#3016 = ORIENTED_EDGE('',*,*,#3017,.T.);
#3017 = EDGE_CURVE('',#3008,#3018,#3020,.T.);
#3018 = VERTEX_POINT('',#3019);
#3019 = CARTESIAN_POINT('',(20.,612.,80.));
#3020 = LINE('',#3021,#3022);
#3021 = CARTESIAN_POINT('',(20.,0.,80.));
#3022 = VECTOR('',#3023,1.);
#3023 = DIRECTION('',(0.,1.,0.));
#3024 = ORIENTED_EDGE('',*,*,#3025,.T.);
#3025 = EDGE_CURVE('',#3018,#3026,#3028,.T.);
#3026 = VERTEX_POINT('',#3027);
#3027 = CARTESIAN_POINT('',(20.,612.,98.));
#3028 = LINE('',#3029,#3030);
#3029 = CARTESIAN_POINT('',(20.,612.,80.));
#3030 = VECTOR('',#3031,1.);
#3031 = DIRECTION('',(0.,0.,1.));
#3032 = ORIENTED_EDGE('',*,*,#3033,.F.);
#3033 = EDGE_CURVE('',#3010,#3026,#3034,.T.);
#3034 = LINE('',#3035,#3036);
#3035 = CARTESIAN_POINT('',(20.,0.,98.));
#3036 = VECTOR('',#3037,1.);
#3037 = DIRECTION('',(0.,1.,0.));
#3038 = PLANE('',#3039);
#3039 = AXIS2_PLACEMENT_3D('',#3040,#3041,#3042);
#3040 = CARTESIAN_POINT('',(20.,0.,80.));
#3041 = DIRECTION('',(1.,0.,0.));
#3042 = DIRECTION('',(0.,0.,1.));
#3043 = ADVANCED_FACE('',(#3044),#3078,.T.);
#3044 = FACE_BOUND('',#3045,.T.);
#3045 = EDGE_LOOP('',(#3046,#3056,#3064,#3072));
#3046 = ORIENTED_EDGE('',*,*,#3047,.F.);
#3047 = EDGE_CURVE('',#3048,#3050,#3052,.T.);
#3048 = VERTEX_POINT('',#3049);
#3049 = CARTESIAN_POINT('',(621.,0.,80.));
#3050 = VERTEX_POINT('',#3051);
#3051 = CARTESIAN_POINT('',(621.,0.,98.));
#3052 = LINE('',#3053,#3054);
#3053 = CARTESIAN_POINT('',(621.,0.,80.));
#3054 = VECTOR('',#3055,1.);
#3055 = DIRECTION('',(0.,0.,1.));
#3056 = ORIENTED_EDGE('',*,*,#3057,.T.);
#3057 = EDGE_CURVE('',#3048,#3058,#3060,.T.);
#3058 = VERTEX_POINT('',#3059);
#3059 = CARTESIAN_POINT('',(621.,612.,80.));
#3060 = LINE('',#3061,#3062);
#3061 = CARTESIAN_POINT('',(621.,0.,80.));
#3062 = VECTOR('',#3063,1.);
#3063 = DIRECTION('',(0.,1.,0.));
#3064 = ORIENTED_EDGE('',*,*,#3065,.T.);
#3065 = EDGE_CURVE('',#3058,#3066,#3068,.T.);
#3066 = VERTEX_POINT('',#3067);
#3067 = CARTESIAN_POINT('',(621.,612.,98.));
#3068 = LINE('',#3069,#3070);
#3069 = CARTESIAN_POINT('',(621.,612.,80.));
#3070 = VECTOR('',#3071,1.);
#3071 = DIRECTION('',(0.,0.,1.));
#3072 = ORIENTED_EDGE('',*,*,#3073,.F.);
#3073 = EDGE_CURVE('',#3050,#3066,#3074,.T.);
#3074 = LINE('',#3075,#3076);
#3075 = CARTESIAN_POINT('',(621.,0.,98.));
#3076 = VECTOR('',#3077,1.);
#3077 = DIRECTION('',(0.,1.,0.));
#3078 = PLANE('',#3079);
#3079 = AXIS2_PLACEMENT_3D('',#3080,#3081,#3082);
#3080 = CARTESIAN_POINT('',(621.,0.,80.));
#3081 = DIRECTION('',(1.,0.,0.));
#3082 = DIRECTION('',(0.,0.,1.));
#3083 = ADVANCED_FACE('',(#3084),#3100,.F.);
#3084 = FACE_BOUND('',#3085,.F.);
#3085 = EDGE_LOOP('',(#3086,#3092,#3093,#3099));
#3086 = ORIENTED_EDGE('',*,*,#3087,.F.);
#3087 = EDGE_CURVE('',#3008,#3048,#3088,.T.);
#3088 = LINE('',#3089,#3090);
#3089 = CARTESIAN_POINT('',(20.,0.,80.));
#3090 = VECTOR('',#3091,1.);
#3091 = DIRECTION('',(1.,0.,0.));
#3092 = ORIENTED_EDGE('',*,*,#3007,.T.);
#3093 = ORIENTED_EDGE('',*,*,#3094,.T.);
#3094 = EDGE_CURVE('',#3010,#3050,#3095,.T.);
#3095 = LINE('',#3096,#3097);
#3096 = CARTESIAN_POINT('',(20.,0.,98.));
#3097 = VECTOR('',#3098,1.);
#3098 = DIRECTION('',(1.,0.,0.));
#3099 = ORIENTED_EDGE('',*,*,#3047,.F.);
#3100 = PLANE('',#3101);
#3101 = AXIS2_PLACEMENT_3D('',#3102,#3103,#3104);
#3102 = CARTESIAN_POINT('',(20.,0.,80.));
#3103 = DIRECTION('',(0.,1.,0.));
#3104 = DIRECTION('',(0.,0.,1.));
#3105 = ADVANCED_FACE('',(#3106),#3122,.T.);
#3106 = FACE_BOUND('',#3107,.T.);
#3107 = EDGE_LOOP('',(#3108,#3114,#3115,#3121));
#3108 = ORIENTED_EDGE('',*,*,#3109,.F.);
#3109 = EDGE_CURVE('',#3018,#3058,#3110,.T.);
#3110 = LINE('',#3111,#3112);
#3111 = CARTESIAN_POINT('',(20.,612.,80.));
#3112 = VECTOR('',#3113,1.);
#3113 = DIRECTION('',(1.,0.,0.));
#3114 = ORIENTED_EDGE('',*,*,#3025,.T.);
#3115 = ORIENTED_EDGE('',*,*,#3116,.T.);
#3116 = EDGE_CURVE('',#3026,#3066,#3117,.T.);
#3117 = LINE('',#3118,#3119);
#3118 = CARTESIAN_POINT('',(20.,612.,98.));
#3119 = VECTOR('',#3120,1.);
#3120 = DIRECTION('',(1.,0.,0.));
#3121 = ORIENTED_EDGE('',*,*,#3065,.F.);
#3122 = PLANE('',#3123);
#3123 = AXIS2_PLACEMENT_3D('',#3124,#3125,#3126);
#3124 = CARTESIAN_POINT('',(20.,612.,80.));
#3125 = DIRECTION('',(0.,1.,0.));
#3126 = DIRECTION('',(0.,0.,1.));
#3127 = ADVANCED_FACE('',(#3128),#3134,.F.);
#3128 = FACE_BOUND('',#3129,.F.);
#3129 = EDGE_LOOP('',(#3130,#3131,#3132,#3133));
#3130 = ORIENTED_EDGE('',*,*,#3017,.F.);
#3131 = ORIENTED_EDGE('',*,*,#3087,.T.);
#3132 = ORIENTED_EDGE('',*,*,#3057,.T.);
#3133 = ORIENTED_EDGE('',*,*,#3109,.F.);
#3134 = PLANE('',#3135);
#3135 = AXIS2_PLACEMENT_3D('',#3136,#3137,#3138);
#3136 = CARTESIAN_POINT('',(20.,0.,80.));
#3137 = DIRECTION('',(0.,0.,1.));
#3138 = DIRECTION('',(1.,0.,0.));
#3139 = ADVANCED_FACE('',(#3140),#3146,.T.);
#3140 = FACE_BOUND('',#3141,.T.);
#3141 = EDGE_LOOP('',(#3142,#3143,#3144,#3145));
#3142 = ORIENTED_EDGE('',*,*,#3033,.F.);
#3143 = ORIENTED_EDGE('',*,*,#3094,.T.);
#3144 = ORIENTED_EDGE('',*,*,#3073,.T.);
#3145 = ORIENTED_EDGE('',*,*,#3116,.F.);
#3146 = PLANE('',#3147);
#3147 = AXIS2_PLACEMENT_3D('',#3148,#3149,#3150);
#3148 = CARTESIAN_POINT('',(20.,0.,98.));
#3149 = DIRECTION('',(0.,0.,1.));
#3150 = DIRECTION('',(1.,0.,0.));
#3151 = MANIFOLD_SOLID_BREP('',#3152);
#3152 = CLOSED_SHELL('',(#3153,#3315,#3324,#3333,#3482,#3786,#3795,#3804
    ,#3820,#3836,#3851));
#3153 = ADVANCED_FACE('',(#3154,#3181),#3310,.T.);
#3154 = FACE_BOUND('',#3155,.T.);
#3155 = EDGE_LOOP('',(#3156,#3166,#3173,#3174));
#3156 = ORIENTED_EDGE('',*,*,#3157,.T.);
#3157 = EDGE_CURVE('',#3158,#3160,#3162,.T.);
#3158 = VERTEX_POINT('',#3159);
#3159 = CARTESIAN_POINT('',(1.1145E+03,523.,900.));
#3160 = VERTEX_POINT('',#3161);
#3161 = CARTESIAN_POINT('',(1.1145E+03,523.,1.11E+03));
#3162 = LINE('',#3163,#3164);
#3163 = CARTESIAN_POINT('',(1.1145E+03,523.,900.));
#3164 = VECTOR('',#3165,1.);
#3165 = DIRECTION('',(0.,0.,1.));
#3166 = ORIENTED_EDGE('',*,*,#3167,.F.);
#3167 = EDGE_CURVE('',#3160,#3160,#3168,.T.);
#3168 = CIRCLE('',#3169,16.);
#3169 = AXIS2_PLACEMENT_3D('',#3170,#3171,#3172);
#3170 = CARTESIAN_POINT('',(1.0985E+03,523.,1.11E+03));
#3171 = DIRECTION('',(0.,0.,1.));
#3172 = DIRECTION('',(1.,0.,0.));
#3173 = ORIENTED_EDGE('',*,*,#3157,.F.);
#3174 = ORIENTED_EDGE('',*,*,#3175,.T.);
#3175 = EDGE_CURVE('',#3158,#3158,#3176,.T.);
#3176 = CIRCLE('',#3177,16.);
#3177 = AXIS2_PLACEMENT_3D('',#3178,#3179,#3180);
#3178 = CARTESIAN_POINT('',(1.0985E+03,523.,900.));
#3179 = DIRECTION('',(0.,0.,1.));
#3180 = DIRECTION('',(1.,0.,0.));
#3181 = FACE_BOUND('',#3182,.T.);
#3182 = EDGE_LOOP('',(#3183));
#3183 = ORIENTED_EDGE('',*,*,#3184,.F.);
#3184 = EDGE_CURVE('',#3185,#3185,#3187,.T.);
#3185 = VERTEX_POINT('',#3186);
#3186 = CARTESIAN_POINT('',(1.0985E+03,507.,1.067E+03));
#3187 = B_SPLINE_CURVE_WITH_KNOTS('',7,(#3188,#3189,#3190,#3191,#3192,
    #3193,#3194,#3195,#3196,#3197,#3198,#3199,#3200,#3201,#3202,#3203,
    #3204,#3205,#3206,#3207,#3208,#3209,#3210,#3211,#3212,#3213,#3214,
    #3215,#3216,#3217,#3218,#3219,#3220,#3221,#3222,#3223,#3224,#3225,
    #3226,#3227,#3228,#3229,#3230,#3231,#3232,#3233,#3234,#3235,#3236,
    #3237,#3238,#3239,#3240,#3241,#3242,#3243,#3244,#3245,#3246,#3247,
    #3248,#3249,#3250,#3251,#3252,#3253,#3254,#3255,#3256,#3257,#3258,
    #3259,#3260,#3261,#3262,#3263,#3264,#3265,#3266,#3267,#3268,#3269,
    #3270,#3271,#3272,#3273,#3274,#3275,#3276,#3277,#3278,#3279,#3280,
    #3281,#3282,#3283,#3284,#3285,#3286,#3287,#3288,#3289,#3290,#3291,
    #3292,#3293,#3294,#3295,#3296,#3297,#3298,#3299,#3300,#3301,#3302,
    #3303,#3304,#3305,#3306,#3307,#3308,#3309),.UNSPECIFIED.,.T.,.F.,(8,
    6,6,6,6,6,6,6,6,6,6,6,6,6,6,6,6,6,6,6,8),(0.,5.602890614208E-02,
    8.395491940731E-02,0.121692363702,0.168716661862,0.206814545601,
    0.250246829866,0.331964677369,0.379773799763,0.41593715355,
    0.465899858458,0.525143535879,0.55687365463,0.604942110819,
    0.669286603773,0.75053950457,0.793146119307,0.831874596691,
    0.915443916678,0.965191813008,1.),.UNSPECIFIED.);
#3188 = CARTESIAN_POINT('',(1.0985E+03,507.,1.067E+03));
#3189 = CARTESIAN_POINT('',(1.099002275208E+03,507.,1.067E+03));
#3190 = CARTESIAN_POINT('',(1.099501015071E+03,507.01839562744,
    1.067036791266E+03));
#3191 = CARTESIAN_POINT('',(1.099991112412E+03,507.05471975988,
    1.06710943958E+03));
#3192 = CARTESIAN_POINT('',(1.100467583922E+03,507.10752441016,
    1.067215848053E+03));
#3193 = CARTESIAN_POINT('',(1.100925711587E+03,507.17443899528,
    1.067352762607E+03));
#3194 = CARTESIAN_POINT('',(1.101361174516E+03,507.25235728415,
    1.067515715309E+03));
#3195 = CARTESIAN_POINT('',(1.101974023951E+03,507.38031609963,
    1.067790211493E+03));
#3196 = CARTESIAN_POINT('',(1.102172146576E+03,507.42491317016,
    1.067886923313E+03));
#3197 = CARTESIAN_POINT('',(1.102364537783E+03,507.4712539584,
    1.067988652909E+03));
#3198 = CARTESIAN_POINT('',(1.102551209313E+03,507.51906009864,
    1.068095036187E+03));
#3199 = CARTESIAN_POINT('',(1.102732185714E+03,507.56806622449,
    1.068205732604E+03));
#3200 = CARTESIAN_POINT('',(1.102907504101E+03,507.61802105646,
    1.068320424719E+03));
#3201 = CARTESIAN_POINT('',(1.103306549041E+03,507.73715724764,
    1.068598806569E+03));
#3202 = CARTESIAN_POINT('',(1.103525708681E+03,507.8069472581,
    1.068765600179E+03));
#3203 = CARTESIAN_POINT('',(1.103734909069E+03,507.87750803246,
    1.068938552628E+03));
#3204 = CARTESIAN_POINT('',(1.103934379434E+03,507.94834286189,
    1.069117113169E+03));
#3205 = CARTESIAN_POINT('',(1.104124352233E+03,508.01900237148,
    1.069300817772E+03));
#3206 = CARTESIAN_POINT('',(1.104305053364E+03,508.08907807434,
    1.069489280647E+03));
#3207 = CARTESIAN_POINT('',(1.104690570254E+03,508.24432307361,
    1.069922563151E+03));
#3208 = CARTESIAN_POINT('',(1.10489041947E+03,508.32897970717,
    1.070169885793E+03));
#3209 = CARTESIAN_POINT('',(1.105076545505E+03,508.41140444074,
    1.07042344639E+03));
#3210 = CARTESIAN_POINT('',(1.105249226437E+03,508.4909080833,
    1.070682657784E+03));
#3211 = CARTESIAN_POINT('',(1.105408702563E+03,508.56686394676,
    1.070947034905E+03));
#3212 = CARTESIAN_POINT('',(1.105555166013E+03,508.63869815428,
    1.071216176717E+03));
#3213 = CARTESIAN_POINT('',(1.105796977009E+03,508.76030892035,
    1.071711388731E+03));
#3214 = CARTESIAN_POINT('',(1.105896741218E+03,508.8116797958,
    1.071935918557E+03));
#3215 = CARTESIAN_POINT('',(1.105988069768E+03,508.85968802013,
    1.072163063808E+03));
#3216 = CARTESIAN_POINT('',(1.106070984453E+03,508.90405551961,
    1.072392566573E+03));
#3217 = CARTESIAN_POINT('',(1.106145500502E+03,508.94453240918,
    1.072624184709E+03));
#3218 = CARTESIAN_POINT('',(1.106211624979E+03,508.98089869975,
    1.072857691699E+03));
#3219 = CARTESIAN_POINT('',(1.106335168682E+03,509.04952332076,
    1.073360991521E+03));
#3220 = CARTESIAN_POINT('',(1.106390069461E+03,509.08049202191,
    1.073631274603E+03));
#3221 = CARTESIAN_POINT('',(1.10643402237E+03,509.10557444584,
    1.073903281719E+03));
#3222 = CARTESIAN_POINT('',(1.106467003916E+03,509.12454298511,
    1.074176578397E+03));
#3223 = CARTESIAN_POINT('',(1.106488999389E+03,509.13724263484,
    1.074450739519E+03));
#3224 = CARTESIAN_POINT('',(1.1065E+03,509.14359353944,
    1.074725349087E+03));
#3225 = CARTESIAN_POINT('',(1.1065E+03,509.14359353944,
    1.075516755722E+03));
#3226 = CARTESIAN_POINT('',(1.106461057789E+03,509.12111031944,
    1.076032760935E+03));
#3227 = CARTESIAN_POINT('',(1.106383373688E+03,509.07625914539,
    1.07654568072E+03));
#3228 = CARTESIAN_POINT('',(1.106267019806E+03,509.01000170239,
    1.077053126095E+03));
#3229 = CARTESIAN_POINT('',(1.106111980852E+03,508.9241415015,
    1.077552549183E+03));
#3230 = CARTESIAN_POINT('',(1.105918262112E+03,508.82125087368,
    1.07804114313E+03));
#3231 = CARTESIAN_POINT('',(1.105550217195E+03,508.6362416038,
    1.07879341419E+03));
#3232 = CARTESIAN_POINT('',(1.105401094908E+03,508.56316713102,
    1.079066506442E+03));
#3233 = CARTESIAN_POINT('',(1.105238556918E+03,508.48586182862,
    1.079334674619E+03));
#3234 = CARTESIAN_POINT('',(1.105062399658E+03,508.40492693538,
    1.079597499303E+03));
#3235 = CARTESIAN_POINT('',(1.104872368196E+03,508.3210199054,
    1.079854470915E+03));
#3236 = CARTESIAN_POINT('',(1.104668167595E+03,508.23486508098,
    1.080104970069E+03));
#3237 = CARTESIAN_POINT('',(1.104284052211E+03,508.0810022066,
    1.080532266004E+03));
#3238 = CARTESIAN_POINT('',(1.104110310764E+03,508.01390203928,
    1.080712182597E+03));
#3239 = CARTESIAN_POINT('',(1.103928064918E+03,507.94629422254,
    1.080887715569E+03));
#3240 = CARTESIAN_POINT('',(1.103737116522E+03,507.87853844213,
    1.081058523671E+03));
#3241 = CARTESIAN_POINT('',(1.10353726218E+03,507.81102885279,
    1.08122419977E+03));
#3242 = CARTESIAN_POINT('',(1.103328301133E+03,507.74419922054,
    1.081384264083E+03));
#3243 = CARTESIAN_POINT('',(1.102808501423E+03,507.58779785796,
    1.081750773932E+03));
#3244 = CARTESIAN_POINT('',(1.102488516848E+03,507.49906897438,
    1.081952102734E+03));
#3245 = CARTESIAN_POINT('',(1.102150112673E+03,507.41382324778,
    1.082140097634E+03));
#3246 = CARTESIAN_POINT('',(1.101793455362E+03,507.33366209304,
    1.082312631041E+03));
#3247 = CARTESIAN_POINT('',(1.101418878216E+03,507.26027915086,
    1.082467471442E+03));
#3248 = CARTESIAN_POINT('',(1.101026907801E+03,507.19542212926,
    1.082602255707E+03));
#3249 = CARTESIAN_POINT('',(1.100133775098E+03,507.07612720053,
    1.082847498775E+03));
#3250 = CARTESIAN_POINT('',(1.099624682004E+03,507.02570572293,
    1.082949110679E+03));
#3251 = CARTESIAN_POINT('',(1.099098951102E+03,506.99354953149,
    1.083012900974E+03));
#3252 = CARTESIAN_POINT('',(1.098565053361E+03,506.98220385891,
    1.083035315852E+03));
#3253 = CARTESIAN_POINT('',(1.098031705149E+03,506.99234370267,
    1.083015433277E+03));
#3254 = CARTESIAN_POINT('',(1.097507569854E+03,507.02270299648,
    1.08295494101E+03));
#3255 = CARTESIAN_POINT('',(1.09672961041E+03,507.09591255081,
    1.082806537309E+03));
#3256 = CARTESIAN_POINT('',(1.096463503103E+03,507.12639438409,
    1.082744446103E+03));
#3257 = CARTESIAN_POINT('',(1.096203191612E+03,507.16142987667,
    1.082672605652E+03));
#3258 = CARTESIAN_POINT('',(1.095949201337E+03,507.20057730117,
    1.082591643855E+03));
#3259 = CARTESIAN_POINT('',(1.095702018874E+03,507.2433564682,
    1.082502239317E+03));
#3260 = CARTESIAN_POINT('',(1.095462091855E+03,507.28925807,
    1.082405125433E+03));
#3261 = CARTESIAN_POINT('',(1.094877969847E+03,507.41121879309,
    1.082143496306E+03));
#3262 = CARTESIAN_POINT('',(1.094543370483E+03,507.49070504021,
    1.08196987687E+03));
#3263 = CARTESIAN_POINT('',(1.094225910928E+03,507.57472670731,
    1.081782222843E+03));
#3264 = CARTESIAN_POINT('',(1.093925339315E+03,507.66193130186,
    1.081582245459E+03));
#3265 = CARTESIAN_POINT('',(1.093641312461E+03,507.7511063161,
    1.081371410377E+03));
#3266 = CARTESIAN_POINT('',(1.093373434027E+03,507.84117425126,
    1.081150962958E+03));
#3267 = CARTESIAN_POINT('',(1.092783769858E+03,508.05165068707,
    1.08061539054E+03));
#3268 = CARTESIAN_POINT('',(1.092473985552E+03,508.17216978106,
    1.080293066834E+03));
#3269 = CARTESIAN_POINT('',(1.09219099805E+03,508.29045954356,
    1.079957333671E+03));
#3270 = CARTESIAN_POINT('',(1.091933914891E+03,508.40457329685,
    1.079609995852E+03));
#3271 = CARTESIAN_POINT('',(1.091701955888E+03,508.51282194254,
    1.079252408228E+03));
#3272 = CARTESIAN_POINT('',(1.091494519459E+03,508.61371050535,
    1.078885575656E+03));
#3273 = CARTESIAN_POINT('',(1.091079820252E+03,508.82226962387,
    1.078036300673E+03));
#3274 = CARTESIAN_POINT('',(1.090886740781E+03,508.92484949654,
    1.077548426918E+03));
#3275 = CARTESIAN_POINT('',(1.090732212308E+03,509.01043896068,
    1.077049775193E+03));
#3276 = CARTESIAN_POINT('',(1.090616241263E+03,509.076481456,
    1.076543138692E+03));
#3277 = CARTESIAN_POINT('',(1.090538813223E+03,509.12118478959,
    1.076031053762E+03));
#3278 = CARTESIAN_POINT('',(1.0905E+03,509.14359353944,
    1.075515899159E+03));
#3279 = CARTESIAN_POINT('',(1.0905E+03,509.14359353944,1.07472947776E+03
    ));
#3280 = CARTESIAN_POINT('',(1.090510672368E+03,509.13743212126,
    1.074458993964E+03));
#3281 = CARTESIAN_POINT('',(1.090532011837E+03,509.12511126144,
    1.074188938571E+03));
#3282 = CARTESIAN_POINT('',(1.090564010073E+03,509.10670612296,
    1.073919709801E+03));
#3283 = CARTESIAN_POINT('',(1.090606653038E+03,509.0823627217,
    1.073651714341E+03));
#3284 = CARTESIAN_POINT('',(1.09065991836E+03,509.05229559296,
    1.073385367555E+03));
#3285 = CARTESIAN_POINT('',(1.090781814887E+03,508.98450752482,
    1.072880874545E+03));
#3286 = CARTESIAN_POINT('',(1.090848602692E+03,508.94773406575,
    1.072642382074E+03));
#3287 = CARTESIAN_POINT('',(1.090924132596E+03,508.90666305625,
    1.072405840419E+03));
#3288 = CARTESIAN_POINT('',(1.091008411653E+03,508.86152694129,
    1.072171490443E+03));
#3289 = CARTESIAN_POINT('',(1.091101455702E+03,508.81259073507,
    1.071939589879E+03));
#3290 = CARTESIAN_POINT('',(1.09120328759E+03,508.76015012082,
    1.071710413491E+03));
#3291 = CARTESIAN_POINT('',(1.091552694093E+03,508.58451003146,
    1.070996238703E+03));
#3292 = CARTESIAN_POINT('',(1.09183214914E+03,508.44986108921,
    1.070522989136E+03));
#3293 = CARTESIAN_POINT('',(1.092153121881E+03,508.30354047882,
    1.070065828605E+03));
#3294 = CARTESIAN_POINT('',(1.092517206912E+03,508.1488634528,
    1.069626949094E+03));
#3295 = CARTESIAN_POINT('',(1.092926522035E+03,507.9897209073,
    1.069209707253E+03));
#3296 = CARTESIAN_POINT('',(1.093383410092E+03,507.83094177988,
    1.068819007819E+03));
#3297 = CARTESIAN_POINT('',(1.094191498577E+03,507.58779785796,
    1.068249226068E+03));
#3298 = CARTESIAN_POINT('',(1.094511483152E+03,507.49906897438,
    1.068047897266E+03));
#3299 = CARTESIAN_POINT('',(1.094849887327E+03,507.41382324778,
    1.067859902366E+03));
#3300 = CARTESIAN_POINT('',(1.095206544638E+03,507.33366209304,
    1.067687368959E+03));
#3301 = CARTESIAN_POINT('',(1.095581121784E+03,507.26027915086,
    1.067532528558E+03));
#3302 = CARTESIAN_POINT('',(1.095973092199E+03,507.19542212926,
    1.067397744293E+03));
#3303 = CARTESIAN_POINT('',(1.096667611071E+03,507.10265587063,
    1.067207038099E+03));
#3304 = CARTESIAN_POINT('',(1.096961559643E+03,507.0695139249,
    1.067139617346E+03));
#3305 = CARTESIAN_POINT('',(1.097262120215E+03,507.04216744188,
    1.067084453456E+03));
#3306 = CARTESIAN_POINT('',(1.097567797397E+03,507.02121648939,
    1.067042432955E+03));
#3307 = CARTESIAN_POINT('',(1.09787705026E+03,507.00708389682,
    1.067014167804E+03));
#3308 = CARTESIAN_POINT('',(1.098188310325E+03,507.,1.067E+03));
#3309 = CARTESIAN_POINT('',(1.0985E+03,507.,1.067E+03));
#3310 = CYLINDRICAL_SURFACE('',#3311,16.);
#3311 = AXIS2_PLACEMENT_3D('',#3312,#3313,#3314);
#3312 = CARTESIAN_POINT('',(1.0985E+03,523.,900.));
#3313 = DIRECTION('',(0.,0.,1.));
#3314 = DIRECTION('',(1.,0.,0.));
#3315 = ADVANCED_FACE('',(#3316),#3319,.F.);
#3316 = FACE_BOUND('',#3317,.T.);
#3317 = EDGE_LOOP('',(#3318));
#3318 = ORIENTED_EDGE('',*,*,#3175,.F.);
#3319 = PLANE('',#3320);
#3320 = AXIS2_PLACEMENT_3D('',#3321,#3322,#3323);
#3321 = CARTESIAN_POINT('',(1.0985E+03,523.,900.));
#3322 = DIRECTION('',(0.,0.,1.));
#3323 = DIRECTION('',(1.,0.,0.));
#3324 = ADVANCED_FACE('',(#3325),#3328,.T.);
#3325 = FACE_BOUND('',#3326,.T.);
#3326 = EDGE_LOOP('',(#3327));
#3327 = ORIENTED_EDGE('',*,*,#3167,.T.);
#3328 = PLANE('',#3329);
#3329 = AXIS2_PLACEMENT_3D('',#3330,#3331,#3332);
#3330 = CARTESIAN_POINT('',(1.0985E+03,523.,1.11E+03));
#3331 = DIRECTION('',(0.,0.,1.));
#3332 = DIRECTION('',(1.,0.,0.));
#3333 = ADVANCED_FACE('',(#3334),#3477,.T.);
#3334 = FACE_BOUND('',#3335,.T.);
#3335 = EDGE_LOOP('',(#3336,#3337,#3345,#3476));
#3336 = ORIENTED_EDGE('',*,*,#3184,.T.);
#3337 = ORIENTED_EDGE('',*,*,#3338,.T.);
#3338 = EDGE_CURVE('',#3185,#3339,#3341,.T.);
#3339 = VERTEX_POINT('',#3340);
#3340 = CARTESIAN_POINT('',(1.0985E+03,413.,1.067E+03));
#3341 = LINE('',#3342,#3343);
#3342 = CARTESIAN_POINT('',(1.0985E+03,523.,1.067E+03));
#3343 = VECTOR('',#3344,1.);
#3344 = DIRECTION('',(0.,-1.,0.));
#3345 = ORIENTED_EDGE('',*,*,#3346,.F.);
#3346 = EDGE_CURVE('',#3339,#3339,#3347,.T.);
#3347 = B_SPLINE_CURVE_WITH_KNOTS('',7,(#3348,#3349,#3350,#3351,#3352,
    #3353,#3354,#3355,#3356,#3357,#3358,#3359,#3360,#3361,#3362,#3363,
    #3364,#3365,#3366,#3367,#3368,#3369,#3370,#3371,#3372,#3373,#3374,
    #3375,#3376,#3377,#3378,#3379,#3380,#3381,#3382,#3383,#3384,#3385,
    #3386,#3387,#3388,#3389,#3390,#3391,#3392,#3393,#3394,#3395,#3396,
    #3397,#3398,#3399,#3400,#3401,#3402,#3403,#3404,#3405,#3406,#3407,
    #3408,#3409,#3410,#3411,#3412,#3413,#3414,#3415,#3416,#3417,#3418,
    #3419,#3420,#3421,#3422,#3423,#3424,#3425,#3426,#3427,#3428,#3429,
    #3430,#3431,#3432,#3433,#3434,#3435,#3436,#3437,#3438,#3439,#3440,
    #3441,#3442,#3443,#3444,#3445,#3446,#3447,#3448,#3449,#3450,#3451,
    #3452,#3453,#3454,#3455,#3456,#3457,#3458,#3459,#3460,#3461,#3462,
    #3463,#3464,#3465,#3466,#3467,#3468,#3469,#3470,#3471,#3472,#3473,
    #3474,#3475),.UNSPECIFIED.,.T.,.F.,(8,6,6,6,6,6,6,6,6,6,6,6,6,6,6,6,
    6,6,6,6,6,8),(0.,4.959223690871E-02,7.432118691099E-02,
    0.142250852796,0.203971694527,0.220120336084,0.249513440963,
    0.29498857735,0.356544524352,0.424729074754,0.469863466927,
    0.520395136143,0.573942430204,0.642295715313,0.704321812242,
    0.750265105063,0.779579070649,0.795693477517,0.857062778509,
    0.925034883225,0.97003385866,1.),.UNSPECIFIED.);
#3348 = CARTESIAN_POINT('',(1.0985E+03,413.,1.067E+03));
#3349 = CARTESIAN_POINT('',(1.098969513642E+03,413.,1.067E+03));
#3350 = CARTESIAN_POINT('',(1.099434454261E+03,412.97428150073,
    1.067032147619E+03));
#3351 = CARTESIAN_POINT('',(1.099890132144E+03,412.92374686108,
    1.067095317675E+03));
#3352 = CARTESIAN_POINT('',(1.100331936632E+03,412.85040898151,
    1.067187280665E+03));
#3353 = CARTESIAN_POINT('',(1.100755515217E+03,412.75735195145,
    1.067304717701E+03));
#3354 = CARTESIAN_POINT('',(1.101156847378E+03,412.64864383802,
    1.067443168716E+03));
#3355 = CARTESIAN_POINT('',(1.101719387628E+03,412.46964227939,
    1.067673578294E+03));
#3356 = CARTESIAN_POINT('',(1.101901177226E+03,412.40707291558,
    1.067754484293E+03));
#3357 = CARTESIAN_POINT('',(1.102077659784E+03,412.34183373158,
    1.067839277032E+03));
#3358 = CARTESIAN_POINT('',(1.102248924258E+03,412.27424098558,
    1.06792763293E+03));
#3359 = CARTESIAN_POINT('',(1.102415070577E+03,412.20458708883,
    1.068019259729E+03));
#3360 = CARTESIAN_POINT('',(1.102576209503E+03,412.13314070756,
    1.068113896516E+03));
#3361 = CARTESIAN_POINT('',(1.103161684669E+03,411.85963502157,
    1.068478915841E+03));
#3362 = CARTESIAN_POINT('',(1.10355479387E+03,411.64709301413,
    1.068767970426E+03));
#3363 = CARTESIAN_POINT('',(1.103914270454E+03,411.42742868586,
    1.069073988026E+03));
#3364 = CARTESIAN_POINT('',(1.104242770234E+03,411.20440195242,
    1.069394074002E+03));
#3365 = CARTESIAN_POINT('',(1.104542831907E+03,410.98092721045,
    1.069726694323E+03));
#3366 = CARTESIAN_POINT('',(1.104816587282E+03,410.75948647376,
    1.070071459193E+03));
#3367 = CARTESIAN_POINT('',(1.105291673927E+03,410.34595618354,
    1.070753843342E+03));
#3368 = CARTESIAN_POINT('',(1.10549705511E+03,410.15327990476,
    1.071088829608E+03));
#3369 = CARTESIAN_POINT('',(1.105682464361E+03,409.96715792802,
    1.071433825472E+03));
#3370 = CARTESIAN_POINT('',(1.105848162438E+03,409.79032815274,
    1.071788864151E+03));
#3371 = CARTESIAN_POINT('',(1.105993988379E+03,409.62611212787,
    1.072154015436E+03));
#3372 = CARTESIAN_POINT('',(1.106119469213E+03,409.47847257557,
    1.072529441155E+03));
#3373 = CARTESIAN_POINT('',(1.106250946404E+03,409.31859735421,
    1.073016623886E+03));
#3374 = CARTESIAN_POINT('',(1.106276746014E+03,409.28688677136,
    1.073118352551E+03));
#3375 = CARTESIAN_POINT('',(1.106301054037E+03,409.25670960387,
    1.073220744753E+03));
#3376 = CARTESIAN_POINT('',(1.106323847601E+03,409.2281515566,
    1.073323771513E+03));
#3377 = CARTESIAN_POINT('',(1.106345105597E+03,409.20129478319,
    1.073427407607E+03));
#3378 = CARTESIAN_POINT('',(1.106364807977E+03,409.1762175649,
    1.073531631561E+03));
#3379 = CARTESIAN_POINT('',(1.106415929209E+03,409.11072337573,
    1.07382716759E+03));
#3380 = CARTESIAN_POINT('',(1.10644373217E+03,409.07455830225,
    1.074019958896E+03));
#3381 = CARTESIAN_POINT('',(1.106466144834E+03,409.0450468194,
    1.0742143248E+03));
#3382 = CARTESIAN_POINT('',(1.106483041007E+03,409.02261202079,
    1.074409858051E+03));
#3383 = CARTESIAN_POINT('',(1.106494341534E+03,409.00754460739,
    1.074606199814E+03));
#3384 = CARTESIAN_POINT('',(1.1065E+03,409.,1.074803020429E+03));
#3385 = CARTESIAN_POINT('',(1.1065E+03,409.,1.075304754224E+03));
#3386 = CARTESIAN_POINT('',(1.106486455902E+03,409.0180584986,
    1.075608364049E+03));
#3387 = CARTESIAN_POINT('',(1.106459549752E+03,409.05393434508,
    1.075910117269E+03));
#3388 = CARTESIAN_POINT('',(1.106419511475E+03,409.10678259401,
    1.076209204157E+03));
#3389 = CARTESIAN_POINT('',(1.106366660952E+03,409.17514933209,
    1.076504607038E+03));
#3390 = CARTESIAN_POINT('',(1.106301555118E+03,409.25701061988,
    1.076794994616E+03));
#3391 = CARTESIAN_POINT('',(1.106121938731E+03,409.47553208175,
    1.077462542804E+03));
#3392 = CARTESIAN_POINT('',(1.105997615907E+03,409.6219208052,
    1.077835873394E+03));
#3393 = CARTESIAN_POINT('',(1.105853182172E+03,409.78475556116,
    1.07819905419E+03));
#3394 = CARTESIAN_POINT('',(1.105689107688E+03,409.9601378762,
    1.078552243718E+03));
#3395 = CARTESIAN_POINT('',(1.105505558956E+03,410.14479160755,
    1.078895508573E+03));
#3396 = CARTESIAN_POINT('',(1.105302294367E+03,410.33601109271,
    1.079228879231E+03));
#3397 = CARTESIAN_POINT('',(1.104830682418E+03,410.74795205712,
    1.079910415808E+03));
#3398 = CARTESIAN_POINT('',(1.104558040217E+03,410.96932173633,
    1.080255794248E+03));
#3399 = CARTESIAN_POINT('',(1.104259161793E+03,411.19281581812,
    1.080589022952E+03));
#3400 = CARTESIAN_POINT('',(1.103931927185E+03,411.41596128861,
    1.080909750657E+03));
#3401 = CARTESIAN_POINT('',(1.103573797434E+03,411.63586697916,
    1.081216487155E+03));
#3402 = CARTESIAN_POINT('',(1.103182104493E+03,411.84880290631,
    1.081506383615E+03));
#3403 = CARTESIAN_POINT('',(1.102471191489E+03,412.18300235199,
    1.081952800063E+03));
#3404 = CARTESIAN_POINT('',(1.102171300915E+03,412.31136054766,
    1.082121865045E+03));
#3405 = CARTESIAN_POINT('',(1.101854294716E+03,412.43323902556,
    1.082280453463E+03));
#3406 = CARTESIAN_POINT('',(1.101519899808E+03,412.54674416285,
    1.082426636849E+03));
#3407 = CARTESIAN_POINT('',(1.101167990153E+03,412.64980896891,
    1.082558274446E+03));
#3408 = CARTESIAN_POINT('',(1.100798631109E+03,412.74019251084,
    1.08267298718E+03));
#3409 = CARTESIAN_POINT('',(1.099979402366E+03,412.89978407629,
    1.082874640571E+03));
#3410 = CARTESIAN_POINT('',(1.09952356948E+03,412.96548295904,
    1.082957018135E+03));
#3411 = CARTESIAN_POINT('',(1.099052204821E+03,413.00749512287,
    1.083009372622E+03));
#3412 = CARTESIAN_POINT('',(1.098573155616E+03,413.02277692611,
    1.083028384718E+03));
#3413 = CARTESIAN_POINT('',(1.098094436356E+03,413.01050412056,
    1.083013164723E+03));
#3414 = CARTESIAN_POINT('',(1.097624054997E+03,412.97210181242,
    1.082965234786E+03));
#3415 = CARTESIAN_POINT('',(1.096688370378E+03,412.8465179901,
    1.082807453588E+03));
#3416 = CARTESIAN_POINT('',(1.096228705679E+03,412.75705293188,
    1.082694694907E+03));
#3417 = CARTESIAN_POINT('',(1.095792200642E+03,412.64667912059,
    1.082554796295E+03));
#3418 = CARTESIAN_POINT('',(1.095379784007E+03,412.5192453126,
    1.082391884281E+03));
#3419 = CARTESIAN_POINT('',(1.094991970829E+03,412.37846656952,
    1.082209839658E+03));
#3420 = CARTESIAN_POINT('',(1.09462894E+03,412.22789336299,
    1.082012359861E+03));
#3421 = CARTESIAN_POINT('',(1.093858719562E+03,411.87046834867,
    1.081535782544E+03));
#3422 = CARTESIAN_POINT('',(1.093463260576E+03,411.65779706781,
    1.081246856425E+03));
#3423 = CARTESIAN_POINT('',(1.093101714176E+03,411.43785330837,
    1.080940810914E+03));
#3424 = CARTESIAN_POINT('',(1.092771379021E+03,411.21444006443,
    1.080620592588E+03));
#3425 = CARTESIAN_POINT('',(1.092469668212E+03,410.99049040058,
    1.080287758884E+03));
#3426 = CARTESIAN_POINT('',(1.0921944065E+03,410.76848625306,
    1.079942698339E+03));
#3427 = CARTESIAN_POINT('',(1.091716944784E+03,410.35395456716,
    1.079259959399E+03));
#3428 = CARTESIAN_POINT('',(1.09151065878E+03,410.16087717204,
    1.078925009466E+03));
#3429 = CARTESIAN_POINT('',(1.091324396243E+03,409.97429182086,
    1.078580037583E+03));
#3430 = CARTESIAN_POINT('',(1.091157881162E+03,409.79692802931,
    1.078225006916E+03));
#3431 = CARTESIAN_POINT('',(1.091011264967E+03,409.6321001976,
    1.077859843919E+03));
#3432 = CARTESIAN_POINT('',(1.090885014564E+03,409.48376949032,
    1.077484384959E+03));
#3433 = CARTESIAN_POINT('',(1.090702300475E+03,409.2618562577,
    1.076812114888E+03));
#3434 = CARTESIAN_POINT('',(1.090635943969E+03,409.17851799912,
    1.076519101289E+03));
#3435 = CARTESIAN_POINT('',(1.090582067843E+03,409.10886689308,
    1.076220941767E+03));
#3436 = CARTESIAN_POINT('',(1.090541247832E+03,409.05499782659,
    1.07591900658E+03));
#3437 = CARTESIAN_POINT('',(1.090513812805E+03,409.01841675961,
    1.075614338559E+03));
#3438 = CARTESIAN_POINT('',(1.0905E+03,409.,1.075307762601E+03));
#3439 = CARTESIAN_POINT('',(1.0905E+03,409.,1.074803633093E+03));
#3440 = CARTESIAN_POINT('',(1.090505623322E+03,409.00749774887,
    1.074607422845E+03));
#3441 = CARTESIAN_POINT('',(1.090516853848E+03,409.02247182659,
    1.07441168684E+03));
#3442 = CARTESIAN_POINT('',(1.090533645708E+03,409.04476869911,
    1.074216752276E+03));
#3443 = CARTESIAN_POINT('',(1.090555920603E+03,409.07410108091,
    1.074022975099E+03));
#3444 = CARTESIAN_POINT('',(1.090583553751E+03,409.11005076843,
    1.073830758997E+03));
#3445 = CARTESIAN_POINT('',(1.090634376296E+03,409.1751779292,
    1.073536026289E+03));
#3446 = CARTESIAN_POINT('',(1.090653972132E+03,409.20012640031,
    1.073432044465E+03));
#3447 = CARTESIAN_POINT('',(1.090675116427E+03,409.22684791396,
    1.073328646519E+03));
#3448 = CARTESIAN_POINT('',(1.090697789273E+03,409.25526483657,
    1.073225853928E+03));
#3449 = CARTESIAN_POINT('',(1.0907219697E+03,409.28529566254,
    1.073123691892E+03));
#3450 = CARTESIAN_POINT('',(1.090747634974E+03,409.31685533196,
    1.07302218934E+03));
#3451 = CARTESIAN_POINT('',(1.090878061137E+03,409.47553192166,
    1.072537457685E+03));
#3452 = CARTESIAN_POINT('',(1.09100238384E+03,409.62192050961,
    1.07216412732E+03));
#3453 = CARTESIAN_POINT('',(1.09114681751E+03,409.78475521303,
    1.071800946525E+03));
#3454 = CARTESIAN_POINT('',(1.09131089201E+03,409.96013757255,
    1.071447756843E+03));
#3455 = CARTESIAN_POINT('',(1.091494440836E+03,410.14479141526,
    1.071104491758E+03));
#3456 = CARTESIAN_POINT('',(1.091697705549E+03,410.33601101959,
    1.07077112089E+03));
#3457 = CARTESIAN_POINT('',(1.092169296889E+03,410.74793398222,
    1.070089614096E+03));
#3458 = CARTESIAN_POINT('',(1.092441940508E+03,410.96930769075,
    1.069744225522E+03));
#3459 = CARTESIAN_POINT('',(1.092740839097E+03,411.19281963827,
    1.069410969469E+03));
#3460 = CARTESIAN_POINT('',(1.093068102924E+03,411.41598413051,
    1.069090216085E+03));
#3461 = CARTESIAN_POINT('',(1.093426255354E+03,411.63589847579,
    1.068783469493E+03));
#3462 = CARTESIAN_POINT('',(1.093817945038E+03,411.84882619087,
    1.068493585282E+03));
#3463 = CARTESIAN_POINT('',(1.094528808511E+03,412.18300235199,
    1.068047199937E+03));
#3464 = CARTESIAN_POINT('',(1.094828699085E+03,412.31136054766,
    1.067878134955E+03));
#3465 = CARTESIAN_POINT('',(1.095145705284E+03,412.43323902556,
    1.067719546537E+03));
#3466 = CARTESIAN_POINT('',(1.095480100192E+03,412.54674416286,
    1.067573363151E+03));
#3467 = CARTESIAN_POINT('',(1.095832009847E+03,412.64980896891,
    1.067441725554E+03));
#3468 = CARTESIAN_POINT('',(1.096201368891E+03,412.74019251083,
    1.06732701282E+03));
#3469 = CARTESIAN_POINT('',(1.096845258596E+03,412.86562678901,
    1.067168519183E+03));
#3470 = CARTESIAN_POINT('',(1.097110221734E+03,412.90907061561,
    1.067113850602E+03));
#3471 = CARTESIAN_POINT('',(1.097381403565E+03,412.94486176791,
    1.067068960821E+03));
#3472 = CARTESIAN_POINT('',(1.097657406589E+03,412.97225591521,
    1.067034680127E+03));
#3473 = CARTESIAN_POINT('',(1.097936804672E+03,412.99073223544,
    1.067011584697E+03));
#3474 = CARTESIAN_POINT('',(1.098218153196E+03,413.,1.067E+03));
#3475 = CARTESIAN_POINT('',(1.0985E+03,413.,1.067E+03));
#3476 = ORIENTED_EDGE('',*,*,#3338,.F.);
#3477 = CYLINDRICAL_SURFACE('',#3478,8.);
#3478 = AXIS2_PLACEMENT_3D('',#3479,#3480,#3481);
#3479 = CARTESIAN_POINT('',(1.0985E+03,523.,1.075E+03));
#3480 = DIRECTION('',(0.,-1.,0.));
#3481 = DIRECTION('',(0.,0.,-1.));
#3482 = ADVANCED_FACE('',(#3483,#3510,#3778),#3781,.T.);
#3483 = FACE_BOUND('',#3484,.T.);
#3484 = EDGE_LOOP('',(#3485,#3495,#3502,#3503));
#3485 = ORIENTED_EDGE('',*,*,#3486,.T.);
#3486 = EDGE_CURVE('',#3487,#3489,#3491,.T.);
#3487 = VERTEX_POINT('',#3488);
#3488 = CARTESIAN_POINT('',(1.1085E+03,403.,1.065E+03));
#3489 = VERTEX_POINT('',#3490);
#3490 = CARTESIAN_POINT('',(1.1085E+03,403.,1.095E+03));
#3491 = LINE('',#3492,#3493);
#3492 = CARTESIAN_POINT('',(1.1085E+03,403.,1.065E+03));
#3493 = VECTOR('',#3494,1.);
#3494 = DIRECTION('',(0.,0.,1.));
#3495 = ORIENTED_EDGE('',*,*,#3496,.F.);
#3496 = EDGE_CURVE('',#3489,#3489,#3497,.T.);
#3497 = CIRCLE('',#3498,10.);
#3498 = AXIS2_PLACEMENT_3D('',#3499,#3500,#3501);
#3499 = CARTESIAN_POINT('',(1.0985E+03,403.,1.095E+03));
#3500 = DIRECTION('',(0.,0.,1.));
#3501 = DIRECTION('',(1.,0.,0.));
#3502 = ORIENTED_EDGE('',*,*,#3486,.F.);
#3503 = ORIENTED_EDGE('',*,*,#3504,.T.);
#3504 = EDGE_CURVE('',#3487,#3487,#3505,.T.);
#3505 = CIRCLE('',#3506,10.);
#3506 = AXIS2_PLACEMENT_3D('',#3507,#3508,#3509);
#3507 = CARTESIAN_POINT('',(1.0985E+03,403.,1.065E+03));
#3508 = DIRECTION('',(0.,0.,1.));
#3509 = DIRECTION('',(1.,0.,0.));
#3510 = FACE_BOUND('',#3511,.T.);
#3511 = EDGE_LOOP('',(#3512,#3647));
#3512 = ORIENTED_EDGE('',*,*,#3513,.F.);
#3513 = EDGE_CURVE('',#3514,#3516,#3518,.T.);
#3514 = VERTEX_POINT('',#3515);
#3515 = CARTESIAN_POINT('',(1.0985E+03,393.,1.067E+03));
#3516 = VERTEX_POINT('',#3517);
#3517 = CARTESIAN_POINT('',(1.0985E+03,393.,1.083E+03));
#3518 = B_SPLINE_CURVE_WITH_KNOTS('',7,(#3519,#3520,#3521,#3522,#3523,
    #3524,#3525,#3526,#3527,#3528,#3529,#3530,#3531,#3532,#3533,#3534,
    #3535,#3536,#3537,#3538,#3539,#3540,#3541,#3542,#3543,#3544,#3545,
    #3546,#3547,#3548,#3549,#3550,#3551,#3552,#3553,#3554,#3555,#3556,
    #3557,#3558,#3559,#3560,#3561,#3562,#3563,#3564,#3565,#3566,#3567,
    #3568,#3569,#3570,#3571,#3572,#3573,#3574,#3575,#3576,#3577,#3578,
    #3579,#3580,#3581,#3582,#3583,#3584,#3585,#3586,#3587,#3588,#3589,
    #3590,#3591,#3592,#3593,#3594,#3595,#3596,#3597,#3598,#3599,#3600,
    #3601,#3602,#3603,#3604,#3605,#3606,#3607,#3608,#3609,#3610,#3611,
    #3612,#3613,#3614,#3615,#3616,#3617,#3618,#3619,#3620,#3621,#3622,
    #3623,#3624,#3625,#3626,#3627,#3628,#3629,#3630,#3631,#3632,#3633,
    #3634,#3635,#3636,#3637,#3638,#3639,#3640,#3641,#3642,#3643,#3644,
    #3645,#3646),.UNSPECIFIED.,.T.,.F.,(8,6,6,6,6,6,6,6,6,6,6,6,6,6,6,6,
    6,6,6,6,6,8),(0.,4.959223579429E-02,7.432118524341E-02,
    0.142250850099,0.203971691311,0.220120332732,0.249513437365,
    0.294988573374,0.356544519865,0.424729069701,0.469863461501,
    0.520395130297,0.573942424084,0.642295709504,0.704321807178,
    0.75026510055,0.779579066487,0.795693473549,0.857062775278,
    0.925034881276,0.97003385788,1.),.UNSPECIFIED.);
#3519 = CARTESIAN_POINT('',(1.0985E+03,393.,1.067E+03));
#3520 = CARTESIAN_POINT('',(1.098969513642E+03,393.,1.067E+03));
#3521 = CARTESIAN_POINT('',(1.099434454261E+03,393.02571849926,
    1.067032147619E+03));
#3522 = CARTESIAN_POINT('',(1.099890132144E+03,393.07625313891,
    1.067095317675E+03));
#3523 = CARTESIAN_POINT('',(1.100331936632E+03,393.14959101848,
    1.067187280665E+03));
#3524 = CARTESIAN_POINT('',(1.100755515217E+03,393.24264804854,
    1.067304717701E+03));
#3525 = CARTESIAN_POINT('',(1.101156847378E+03,393.35135616197,
    1.067443168716E+03));
#3526 = CARTESIAN_POINT('',(1.101719387628E+03,393.5303577206,
    1.067673578294E+03));
#3527 = CARTESIAN_POINT('',(1.101901177226E+03,393.59292708442,
    1.067754484293E+03));
#3528 = CARTESIAN_POINT('',(1.102077659784E+03,393.6581662684,
    1.067839277032E+03));
#3529 = CARTESIAN_POINT('',(1.102248924258E+03,393.7257590144,
    1.06792763293E+03));
#3530 = CARTESIAN_POINT('',(1.102415070577E+03,393.79541291116,
    1.068019259729E+03));
#3531 = CARTESIAN_POINT('',(1.102576209503E+03,393.86685929243,
    1.068113896516E+03));
#3532 = CARTESIAN_POINT('',(1.103161684672E+03,394.14036497985,
    1.068478915843E+03));
#3533 = CARTESIAN_POINT('',(1.103554793863E+03,394.35290698262,
    1.068767970421E+03));
#3534 = CARTESIAN_POINT('',(1.10391427046E+03,394.57257131585,
    1.069073988027E+03));
#3535 = CARTESIAN_POINT('',(1.104242770234E+03,394.79559804991,
    1.069394074007E+03));
#3536 = CARTESIAN_POINT('',(1.104542831904E+03,395.01907278602,
    1.069726694317E+03));
#3537 = CARTESIAN_POINT('',(1.104816587284E+03,395.24051352769,
    1.070071459195E+03));
#3538 = CARTESIAN_POINT('',(1.105291673927E+03,395.65404381645,
    1.070753843342E+03));
#3539 = CARTESIAN_POINT('',(1.10549705511E+03,395.84672009522,
    1.071088829608E+03));
#3540 = CARTESIAN_POINT('',(1.105682464361E+03,396.03284207197,
    1.071433825472E+03));
#3541 = CARTESIAN_POINT('',(1.105848162438E+03,396.20967184725,
    1.071788864151E+03));
#3542 = CARTESIAN_POINT('',(1.105993988379E+03,396.37388787212,
    1.072154015436E+03));
#3543 = CARTESIAN_POINT('',(1.106119469213E+03,396.52152742442,
    1.072529441155E+03));
#3544 = CARTESIAN_POINT('',(1.106250946404E+03,396.68140264578,
    1.073016623886E+03));
#3545 = CARTESIAN_POINT('',(1.106276746014E+03,396.71311322863,
    1.073118352551E+03));
#3546 = CARTESIAN_POINT('',(1.106301054037E+03,396.74329039613,
    1.073220744753E+03));
#3547 = CARTESIAN_POINT('',(1.106323847601E+03,396.77184844339,
    1.073323771513E+03));
#3548 = CARTESIAN_POINT('',(1.106345105597E+03,396.7987052168,
    1.073427407607E+03));
#3549 = CARTESIAN_POINT('',(1.106364807977E+03,396.82378243509,
    1.073531631561E+03));
#3550 = CARTESIAN_POINT('',(1.106415929209E+03,396.88927662427,
    1.07382716759E+03));
#3551 = CARTESIAN_POINT('',(1.10644373217E+03,396.92544169774,
    1.074019958896E+03));
#3552 = CARTESIAN_POINT('',(1.106466144834E+03,396.95495318059,
    1.0742143248E+03));
#3553 = CARTESIAN_POINT('',(1.106483041007E+03,396.9773879792,
    1.074409858051E+03));
#3554 = CARTESIAN_POINT('',(1.106494341534E+03,396.9924553926,
    1.074606199814E+03));
#3555 = CARTESIAN_POINT('',(1.1065E+03,397.,1.074803020429E+03));
#3556 = CARTESIAN_POINT('',(1.1065E+03,397.,1.075304754224E+03));
#3557 = CARTESIAN_POINT('',(1.106486455902E+03,396.98194150139,
    1.075608364049E+03));
#3558 = CARTESIAN_POINT('',(1.106459549752E+03,396.94606565491,
    1.075910117269E+03));
#3559 = CARTESIAN_POINT('',(1.106419511475E+03,396.89321740598,
    1.076209204157E+03));
#3560 = CARTESIAN_POINT('',(1.106366660952E+03,396.8248506679,
    1.076504607038E+03));
#3561 = CARTESIAN_POINT('',(1.106301555118E+03,396.74298938011,
    1.076794994616E+03));
#3562 = CARTESIAN_POINT('',(1.106121938731E+03,396.52446791824,
    1.077462542804E+03));
#3563 = CARTESIAN_POINT('',(1.105997615907E+03,396.3780791948,
    1.077835873394E+03));
#3564 = CARTESIAN_POINT('',(1.105853182172E+03,396.21524443883,
    1.07819905419E+03));
#3565 = CARTESIAN_POINT('',(1.105689107688E+03,396.03986212379,
    1.078552243718E+03));
#3566 = CARTESIAN_POINT('',(1.105505558956E+03,395.85520839244,
    1.078895508573E+03));
#3567 = CARTESIAN_POINT('',(1.105302294367E+03,395.66398890729,
    1.079228879231E+03));
#3568 = CARTESIAN_POINT('',(1.104830682418E+03,395.25204794287,
    1.079910415808E+03));
#3569 = CARTESIAN_POINT('',(1.104558040217E+03,395.03067826366,
    1.080255794248E+03));
#3570 = CARTESIAN_POINT('',(1.104259161793E+03,394.80718418187,
    1.080589022952E+03));
#3571 = CARTESIAN_POINT('',(1.103931927185E+03,394.58403871138,
    1.080909750657E+03));
#3572 = CARTESIAN_POINT('',(1.103573797434E+03,394.36413302084,
    1.081216487155E+03));
#3573 = CARTESIAN_POINT('',(1.103182104493E+03,394.15119709368,
    1.081506383615E+03));
#3574 = CARTESIAN_POINT('',(1.102471191489E+03,393.816997648,
    1.081952800063E+03));
#3575 = CARTESIAN_POINT('',(1.102171300915E+03,393.68863945234,
    1.082121865045E+03));
#3576 = CARTESIAN_POINT('',(1.101854294716E+03,393.56676097443,
    1.082280453463E+03));
#3577 = CARTESIAN_POINT('',(1.101519899808E+03,393.45325583713,
    1.082426636849E+03));
#3578 = CARTESIAN_POINT('',(1.101167990153E+03,393.35019103108,
    1.082558274446E+03));
#3579 = CARTESIAN_POINT('',(1.100798631109E+03,393.25980748916,
    1.08267298718E+03));
#3580 = CARTESIAN_POINT('',(1.099979402366E+03,393.1002159237,
    1.082874640571E+03));
#3581 = CARTESIAN_POINT('',(1.09952356948E+03,393.03451704095,
    1.082957018135E+03));
#3582 = CARTESIAN_POINT('',(1.099052204821E+03,392.99250487712,
    1.083009372622E+03));
#3583 = CARTESIAN_POINT('',(1.098573155616E+03,392.97722307388,
    1.083028384718E+03));
#3584 = CARTESIAN_POINT('',(1.098094436356E+03,392.98949587943,
    1.083013164723E+03));
#3585 = CARTESIAN_POINT('',(1.097624054997E+03,393.02789818757,
    1.082965234786E+03));
#3586 = CARTESIAN_POINT('',(1.096688370377E+03,393.1534820101,
    1.082807453587E+03));
#3587 = CARTESIAN_POINT('',(1.096228705679E+03,393.24294706833,
    1.082694694907E+03));
#3588 = CARTESIAN_POINT('',(1.095792200643E+03,393.35332087921,
    1.082554796295E+03));
#3589 = CARTESIAN_POINT('',(1.095379784008E+03,393.48075468691,
    1.082391884281E+03));
#3590 = CARTESIAN_POINT('',(1.094991970829E+03,393.62153343032,
    1.082209839658E+03));
#3591 = CARTESIAN_POINT('',(1.094628939999E+03,393.77210663759,
    1.08201235986E+03));
#3592 = CARTESIAN_POINT('',(1.093858719559E+03,394.1295316525,
    1.081535782543E+03));
#3593 = CARTESIAN_POINT('',(1.093463260583E+03,394.34220292924,
    1.081246856428E+03));
#3594 = CARTESIAN_POINT('',(1.09310171417E+03,394.56214669352,
    1.080940810913E+03));
#3595 = CARTESIAN_POINT('',(1.09277137902E+03,394.78555993775,
    1.080620592583E+03));
#3596 = CARTESIAN_POINT('',(1.092469668215E+03,395.0095095957,
    1.080287758891E+03));
#3597 = CARTESIAN_POINT('',(1.092194406498E+03,395.23151374855,
    1.079942698337E+03));
#3598 = CARTESIAN_POINT('',(1.091716944784E+03,395.64604543283,
    1.079259959399E+03));
#3599 = CARTESIAN_POINT('',(1.09151065878E+03,395.83912282795,
    1.078925009466E+03));
#3600 = CARTESIAN_POINT('',(1.091324396243E+03,396.02570817914,
    1.078580037583E+03));
#3601 = CARTESIAN_POINT('',(1.091157881162E+03,396.20307197068,
    1.078225006916E+03));
#3602 = CARTESIAN_POINT('',(1.091011264967E+03,396.36789980239,
    1.077859843919E+03));
#3603 = CARTESIAN_POINT('',(1.090885014564E+03,396.51623050968,
    1.077484384959E+03));
#3604 = CARTESIAN_POINT('',(1.090702300475E+03,396.7381437423,
    1.076812114888E+03));
#3605 = CARTESIAN_POINT('',(1.090635943969E+03,396.82148200087,
    1.076519101289E+03));
#3606 = CARTESIAN_POINT('',(1.090582067843E+03,396.89113310691,
    1.076220941767E+03));
#3607 = CARTESIAN_POINT('',(1.090541247832E+03,396.9450021734,
    1.07591900658E+03));
#3608 = CARTESIAN_POINT('',(1.090513812805E+03,396.98158324038,
    1.075614338559E+03));
#3609 = CARTESIAN_POINT('',(1.0905E+03,397.,1.075307762601E+03));
#3610 = CARTESIAN_POINT('',(1.0905E+03,397.,1.074803633093E+03));
#3611 = CARTESIAN_POINT('',(1.090505623322E+03,396.99250225112,
    1.074607422845E+03));
#3612 = CARTESIAN_POINT('',(1.090516853848E+03,396.9775281734,
    1.07441168684E+03));
#3613 = CARTESIAN_POINT('',(1.090533645708E+03,396.95523130088,
    1.074216752276E+03));
#3614 = CARTESIAN_POINT('',(1.090555920603E+03,396.92589891908,
    1.074022975099E+03));
#3615 = CARTESIAN_POINT('',(1.090583553751E+03,396.88994923156,
    1.073830758997E+03));
#3616 = CARTESIAN_POINT('',(1.090634376296E+03,396.82482207079,
    1.073536026289E+03));
#3617 = CARTESIAN_POINT('',(1.090653972132E+03,396.79987359968,
    1.073432044465E+03));
#3618 = CARTESIAN_POINT('',(1.090675116427E+03,396.77315208603,
    1.073328646519E+03));
#3619 = CARTESIAN_POINT('',(1.090697789273E+03,396.74473516342,
    1.073225853928E+03));
#3620 = CARTESIAN_POINT('',(1.0907219697E+03,396.71470433745,
    1.073123691892E+03));
#3621 = CARTESIAN_POINT('',(1.090747634974E+03,396.68314466803,
    1.07302218934E+03));
#3622 = CARTESIAN_POINT('',(1.090878061137E+03,396.52446807833,
    1.072537457685E+03));
#3623 = CARTESIAN_POINT('',(1.09100238384E+03,396.37807949039,
    1.07216412732E+03));
#3624 = CARTESIAN_POINT('',(1.09114681751E+03,396.21524478696,
    1.071800946525E+03));
#3625 = CARTESIAN_POINT('',(1.09131089201E+03,396.03986242744,
    1.071447756843E+03));
#3626 = CARTESIAN_POINT('',(1.091494440836E+03,395.85520858473,
    1.071104491758E+03));
#3627 = CARTESIAN_POINT('',(1.091697705549E+03,395.66398898041,
    1.07077112089E+03));
#3628 = CARTESIAN_POINT('',(1.092169296891E+03,395.25206601629,
    1.070089614093E+03));
#3629 = CARTESIAN_POINT('',(1.092441940504E+03,395.0306923128,
    1.069744225528E+03));
#3630 = CARTESIAN_POINT('',(1.092740839098E+03,394.80718035936,
    1.069410969465E+03));
#3631 = CARTESIAN_POINT('',(1.09306810293E+03,394.58401586772,
    1.069090216083E+03));
#3632 = CARTESIAN_POINT('',(1.093426255346E+03,394.36410152748,
    1.068783469498E+03));
#3633 = CARTESIAN_POINT('',(1.093817945041E+03,394.15117380768,
    1.06849358528E+03));
#3634 = CARTESIAN_POINT('',(1.094528808511E+03,393.816997648,
    1.068047199937E+03));
#3635 = CARTESIAN_POINT('',(1.094828699085E+03,393.68863945233,
    1.067878134955E+03));
#3636 = CARTESIAN_POINT('',(1.095145705284E+03,393.56676097443,
    1.067719546537E+03));
#3637 = CARTESIAN_POINT('',(1.095480100192E+03,393.45325583714,
    1.067573363151E+03));
#3638 = CARTESIAN_POINT('',(1.095832009847E+03,393.35019103109,
    1.067441725554E+03));
#3639 = CARTESIAN_POINT('',(1.096201368891E+03,393.25980748916,
    1.06732701282E+03));
#3640 = CARTESIAN_POINT('',(1.096845258596E+03,393.13437321098,
    1.067168519183E+03));
#3641 = CARTESIAN_POINT('',(1.097110221734E+03,393.09092938438,
    1.067113850602E+03));
#3642 = CARTESIAN_POINT('',(1.097381403565E+03,393.05513823208,
    1.067068960821E+03));
#3643 = CARTESIAN_POINT('',(1.097657406589E+03,393.02774408478,
    1.067034680127E+03));
#3644 = CARTESIAN_POINT('',(1.097936804672E+03,393.00926776455,
    1.067011584697E+03));
#3645 = CARTESIAN_POINT('',(1.098218153196E+03,393.,1.067E+03));
#3646 = CARTESIAN_POINT('',(1.0985E+03,393.,1.067E+03));
#3647 = ORIENTED_EDGE('',*,*,#3648,.F.);
#3648 = EDGE_CURVE('',#3516,#3514,#3649,.T.);
#3649 = B_SPLINE_CURVE_WITH_KNOTS('',7,(#3650,#3651,#3652,#3653,#3654,
    #3655,#3656,#3657,#3658,#3659,#3660,#3661,#3662,#3663,#3664,#3665,
    #3666,#3667,#3668,#3669,#3670,#3671,#3672,#3673,#3674,#3675,#3676,
    #3677,#3678,#3679,#3680,#3681,#3682,#3683,#3684,#3685,#3686,#3687,
    #3688,#3689,#3690,#3691,#3692,#3693,#3694,#3695,#3696,#3697,#3698,
    #3699,#3700,#3701,#3702,#3703,#3704,#3705,#3706,#3707,#3708,#3709,
    #3710,#3711,#3712,#3713,#3714,#3715,#3716,#3717,#3718,#3719,#3720,
    #3721,#3722,#3723,#3724,#3725,#3726,#3727,#3728,#3729,#3730,#3731,
    #3732,#3733,#3734,#3735,#3736,#3737,#3738,#3739,#3740,#3741,#3742,
    #3743,#3744,#3745,#3746,#3747,#3748,#3749,#3750,#3751,#3752,#3753,
    #3754,#3755,#3756,#3757,#3758,#3759,#3760,#3761,#3762,#3763,#3764,
    #3765,#3766,#3767,#3768,#3769,#3770,#3771,#3772,#3773,#3774,#3775,
    #3776,#3777),.UNSPECIFIED.,.T.,.F.,(8,6,6,6,6,6,6,6,6,6,6,6,6,6,6,6,
    6,6,6,6,6,8),(0.,4.959223579429E-02,7.432118524341E-02,
    0.142250850099,0.203971691311,0.220120332732,0.249513437365,
    0.294988573374,0.356544519865,0.424729069701,0.469863461501,
    0.520395130297,0.573942424084,0.642295709504,0.704321807178,
    0.75026510055,0.779579066487,0.795693473549,0.857062775278,
    0.925034881276,0.97003385788,1.),.UNSPECIFIED.);
#3650 = CARTESIAN_POINT('',(1.0985E+03,393.,1.067E+03));
#3651 = CARTESIAN_POINT('',(1.098969513642E+03,393.,1.067E+03));
#3652 = CARTESIAN_POINT('',(1.099434454261E+03,393.02571849926,
    1.067032147619E+03));
#3653 = CARTESIAN_POINT('',(1.099890132144E+03,393.07625313891,
    1.067095317675E+03));
#3654 = CARTESIAN_POINT('',(1.100331936632E+03,393.14959101848,
    1.067187280665E+03));
#3655 = CARTESIAN_POINT('',(1.100755515217E+03,393.24264804854,
    1.067304717701E+03));
#3656 = CARTESIAN_POINT('',(1.101156847378E+03,393.35135616197,
    1.067443168716E+03));
#3657 = CARTESIAN_POINT('',(1.101719387628E+03,393.5303577206,
    1.067673578294E+03));
#3658 = CARTESIAN_POINT('',(1.101901177226E+03,393.59292708442,
    1.067754484293E+03));
#3659 = CARTESIAN_POINT('',(1.102077659784E+03,393.6581662684,
    1.067839277032E+03));
#3660 = CARTESIAN_POINT('',(1.102248924258E+03,393.7257590144,
    1.06792763293E+03));
#3661 = CARTESIAN_POINT('',(1.102415070577E+03,393.79541291116,
    1.068019259729E+03));
#3662 = CARTESIAN_POINT('',(1.102576209503E+03,393.86685929243,
    1.068113896516E+03));
#3663 = CARTESIAN_POINT('',(1.103161684672E+03,394.14036497985,
    1.068478915843E+03));
#3664 = CARTESIAN_POINT('',(1.103554793863E+03,394.35290698262,
    1.068767970421E+03));
#3665 = CARTESIAN_POINT('',(1.10391427046E+03,394.57257131585,
    1.069073988027E+03));
#3666 = CARTESIAN_POINT('',(1.104242770234E+03,394.79559804991,
    1.069394074007E+03));
#3667 = CARTESIAN_POINT('',(1.104542831904E+03,395.01907278602,
    1.069726694317E+03));
#3668 = CARTESIAN_POINT('',(1.104816587284E+03,395.24051352769,
    1.070071459195E+03));
#3669 = CARTESIAN_POINT('',(1.105291673927E+03,395.65404381645,
    1.070753843342E+03));
#3670 = CARTESIAN_POINT('',(1.10549705511E+03,395.84672009522,
    1.071088829608E+03));
#3671 = CARTESIAN_POINT('',(1.105682464361E+03,396.03284207197,
    1.071433825472E+03));
#3672 = CARTESIAN_POINT('',(1.105848162438E+03,396.20967184725,
    1.071788864151E+03));
#3673 = CARTESIAN_POINT('',(1.105993988379E+03,396.37388787212,
    1.072154015436E+03));
#3674 = CARTESIAN_POINT('',(1.106119469213E+03,396.52152742442,
    1.072529441155E+03));
#3675 = CARTESIAN_POINT('',(1.106250946404E+03,396.68140264578,
    1.073016623886E+03));
#3676 = CARTESIAN_POINT('',(1.106276746014E+03,396.71311322863,
    1.073118352551E+03));
#3677 = CARTESIAN_POINT('',(1.106301054037E+03,396.74329039613,
    1.073220744753E+03));
#3678 = CARTESIAN_POINT('',(1.106323847601E+03,396.77184844339,
    1.073323771513E+03));
#3679 = CARTESIAN_POINT('',(1.106345105597E+03,396.7987052168,
    1.073427407607E+03));
#3680 = CARTESIAN_POINT('',(1.106364807977E+03,396.82378243509,
    1.073531631561E+03));
#3681 = CARTESIAN_POINT('',(1.106415929209E+03,396.88927662427,
    1.07382716759E+03));
#3682 = CARTESIAN_POINT('',(1.10644373217E+03,396.92544169774,
    1.074019958896E+03));
#3683 = CARTESIAN_POINT('',(1.106466144834E+03,396.95495318059,
    1.0742143248E+03));
#3684 = CARTESIAN_POINT('',(1.106483041007E+03,396.9773879792,
    1.074409858051E+03));
#3685 = CARTESIAN_POINT('',(1.106494341534E+03,396.9924553926,
    1.074606199814E+03));
#3686 = CARTESIAN_POINT('',(1.1065E+03,397.,1.074803020429E+03));
#3687 = CARTESIAN_POINT('',(1.1065E+03,397.,1.075304754224E+03));
#3688 = CARTESIAN_POINT('',(1.106486455902E+03,396.98194150139,
    1.075608364049E+03));
#3689 = CARTESIAN_POINT('',(1.106459549752E+03,396.94606565491,
    1.075910117269E+03));
#3690 = CARTESIAN_POINT('',(1.106419511475E+03,396.89321740598,
    1.076209204157E+03));
#3691 = CARTESIAN_POINT('',(1.106366660952E+03,396.8248506679,
    1.076504607038E+03));
#3692 = CARTESIAN_POINT('',(1.106301555118E+03,396.74298938011,
    1.076794994616E+03));
#3693 = CARTESIAN_POINT('',(1.106121938731E+03,396.52446791824,
    1.077462542804E+03));
#3694 = CARTESIAN_POINT('',(1.105997615907E+03,396.3780791948,
    1.077835873394E+03));
#3695 = CARTESIAN_POINT('',(1.105853182172E+03,396.21524443883,
    1.07819905419E+03));
#3696 = CARTESIAN_POINT('',(1.105689107688E+03,396.03986212379,
    1.078552243718E+03));
#3697 = CARTESIAN_POINT('',(1.105505558956E+03,395.85520839244,
    1.078895508573E+03));
#3698 = CARTESIAN_POINT('',(1.105302294367E+03,395.66398890729,
    1.079228879231E+03));
#3699 = CARTESIAN_POINT('',(1.104830682418E+03,395.25204794287,
    1.079910415808E+03));
#3700 = CARTESIAN_POINT('',(1.104558040217E+03,395.03067826366,
    1.080255794248E+03));
#3701 = CARTESIAN_POINT('',(1.104259161793E+03,394.80718418187,
    1.080589022952E+03));
#3702 = CARTESIAN_POINT('',(1.103931927185E+03,394.58403871138,
    1.080909750657E+03));
#3703 = CARTESIAN_POINT('',(1.103573797434E+03,394.36413302084,
    1.081216487155E+03));
#3704 = CARTESIAN_POINT('',(1.103182104493E+03,394.15119709368,
    1.081506383615E+03));
#3705 = CARTESIAN_POINT('',(1.102471191489E+03,393.816997648,
    1.081952800063E+03));
#3706 = CARTESIAN_POINT('',(1.102171300915E+03,393.68863945234,
    1.082121865045E+03));
#3707 = CARTESIAN_POINT('',(1.101854294716E+03,393.56676097443,
    1.082280453463E+03));
#3708 = CARTESIAN_POINT('',(1.101519899808E+03,393.45325583713,
    1.082426636849E+03));
#3709 = CARTESIAN_POINT('',(1.101167990153E+03,393.35019103108,
    1.082558274446E+03));
#3710 = CARTESIAN_POINT('',(1.100798631109E+03,393.25980748916,
    1.08267298718E+03));
#3711 = CARTESIAN_POINT('',(1.099979402366E+03,393.1002159237,
    1.082874640571E+03));
#3712 = CARTESIAN_POINT('',(1.09952356948E+03,393.03451704095,
    1.082957018135E+03));
#3713 = CARTESIAN_POINT('',(1.099052204821E+03,392.99250487712,
    1.083009372622E+03));
#3714 = CARTESIAN_POINT('',(1.098573155616E+03,392.97722307388,
    1.083028384718E+03));
#3715 = CARTESIAN_POINT('',(1.098094436356E+03,392.98949587943,
    1.083013164723E+03));
#3716 = CARTESIAN_POINT('',(1.097624054997E+03,393.02789818757,
    1.082965234786E+03));
#3717 = CARTESIAN_POINT('',(1.096688370377E+03,393.1534820101,
    1.082807453587E+03));
#3718 = CARTESIAN_POINT('',(1.096228705679E+03,393.24294706833,
    1.082694694907E+03));
#3719 = CARTESIAN_POINT('',(1.095792200643E+03,393.35332087921,
    1.082554796295E+03));
#3720 = CARTESIAN_POINT('',(1.095379784008E+03,393.48075468691,
    1.082391884281E+03));
#3721 = CARTESIAN_POINT('',(1.094991970829E+03,393.62153343032,
    1.082209839658E+03));
#3722 = CARTESIAN_POINT('',(1.094628939999E+03,393.77210663759,
    1.08201235986E+03));
#3723 = CARTESIAN_POINT('',(1.093858719559E+03,394.1295316525,
    1.081535782543E+03));
#3724 = CARTESIAN_POINT('',(1.093463260583E+03,394.34220292924,
    1.081246856428E+03));
#3725 = CARTESIAN_POINT('',(1.09310171417E+03,394.56214669352,
    1.080940810913E+03));
#3726 = CARTESIAN_POINT('',(1.09277137902E+03,394.78555993775,
    1.080620592583E+03));
#3727 = CARTESIAN_POINT('',(1.092469668215E+03,395.0095095957,
    1.080287758891E+03));
#3728 = CARTESIAN_POINT('',(1.092194406498E+03,395.23151374855,
    1.079942698337E+03));
#3729 = CARTESIAN_POINT('',(1.091716944784E+03,395.64604543283,
    1.079259959399E+03));
#3730 = CARTESIAN_POINT('',(1.09151065878E+03,395.83912282795,
    1.078925009466E+03));
#3731 = CARTESIAN_POINT('',(1.091324396243E+03,396.02570817914,
    1.078580037583E+03));
#3732 = CARTESIAN_POINT('',(1.091157881162E+03,396.20307197068,
    1.078225006916E+03));
#3733 = CARTESIAN_POINT('',(1.091011264967E+03,396.36789980239,
    1.077859843919E+03));
#3734 = CARTESIAN_POINT('',(1.090885014564E+03,396.51623050968,
    1.077484384959E+03));
#3735 = CARTESIAN_POINT('',(1.090702300475E+03,396.7381437423,
    1.076812114888E+03));
#3736 = CARTESIAN_POINT('',(1.090635943969E+03,396.82148200087,
    1.076519101289E+03));
#3737 = CARTESIAN_POINT('',(1.090582067843E+03,396.89113310691,
    1.076220941767E+03));
#3738 = CARTESIAN_POINT('',(1.090541247832E+03,396.9450021734,
    1.07591900658E+03));
#3739 = CARTESIAN_POINT('',(1.090513812805E+03,396.98158324038,
    1.075614338559E+03));
#3740 = CARTESIAN_POINT('',(1.0905E+03,397.,1.075307762601E+03));
#3741 = CARTESIAN_POINT('',(1.0905E+03,397.,1.074803633093E+03));
#3742 = CARTESIAN_POINT('',(1.090505623322E+03,396.99250225112,
    1.074607422845E+03));
#3743 = CARTESIAN_POINT('',(1.090516853848E+03,396.9775281734,
    1.07441168684E+03));
#3744 = CARTESIAN_POINT('',(1.090533645708E+03,396.95523130088,
    1.074216752276E+03));
#3745 = CARTESIAN_POINT('',(1.090555920603E+03,396.92589891908,
    1.074022975099E+03));
#3746 = CARTESIAN_POINT('',(1.090583553751E+03,396.88994923156,
    1.073830758997E+03));
#3747 = CARTESIAN_POINT('',(1.090634376296E+03,396.82482207079,
    1.073536026289E+03));
#3748 = CARTESIAN_POINT('',(1.090653972132E+03,396.79987359968,
    1.073432044465E+03));
#3749 = CARTESIAN_POINT('',(1.090675116427E+03,396.77315208603,
    1.073328646519E+03));
#3750 = CARTESIAN_POINT('',(1.090697789273E+03,396.74473516342,
    1.073225853928E+03));
#3751 = CARTESIAN_POINT('',(1.0907219697E+03,396.71470433745,
    1.073123691892E+03));
#3752 = CARTESIAN_POINT('',(1.090747634974E+03,396.68314466803,
    1.07302218934E+03));
#3753 = CARTESIAN_POINT('',(1.090878061137E+03,396.52446807833,
    1.072537457685E+03));
#3754 = CARTESIAN_POINT('',(1.09100238384E+03,396.37807949039,
    1.07216412732E+03));
#3755 = CARTESIAN_POINT('',(1.09114681751E+03,396.21524478696,
    1.071800946525E+03));
#3756 = CARTESIAN_POINT('',(1.09131089201E+03,396.03986242744,
    1.071447756843E+03));
#3757 = CARTESIAN_POINT('',(1.091494440836E+03,395.85520858473,
    1.071104491758E+03));
#3758 = CARTESIAN_POINT('',(1.091697705549E+03,395.66398898041,
    1.07077112089E+03));
#3759 = CARTESIAN_POINT('',(1.092169296891E+03,395.25206601629,
    1.070089614093E+03));
#3760 = CARTESIAN_POINT('',(1.092441940504E+03,395.0306923128,
    1.069744225528E+03));
#3761 = CARTESIAN_POINT('',(1.092740839098E+03,394.80718035936,
    1.069410969465E+03));
#3762 = CARTESIAN_POINT('',(1.09306810293E+03,394.58401586772,
    1.069090216083E+03));
#3763 = CARTESIAN_POINT('',(1.093426255346E+03,394.36410152748,
    1.068783469498E+03));
#3764 = CARTESIAN_POINT('',(1.093817945041E+03,394.15117380768,
    1.06849358528E+03));
#3765 = CARTESIAN_POINT('',(1.094528808511E+03,393.816997648,
    1.068047199937E+03));
#3766 = CARTESIAN_POINT('',(1.094828699085E+03,393.68863945233,
    1.067878134955E+03));
#3767 = CARTESIAN_POINT('',(1.095145705284E+03,393.56676097443,
    1.067719546537E+03));
#3768 = CARTESIAN_POINT('',(1.095480100192E+03,393.45325583714,
    1.067573363151E+03));
#3769 = CARTESIAN_POINT('',(1.095832009847E+03,393.35019103109,
    1.067441725554E+03));
#3770 = CARTESIAN_POINT('',(1.096201368891E+03,393.25980748916,
    1.06732701282E+03));
#3771 = CARTESIAN_POINT('',(1.096845258596E+03,393.13437321098,
    1.067168519183E+03));
#3772 = CARTESIAN_POINT('',(1.097110221734E+03,393.09092938438,
    1.067113850602E+03));
#3773 = CARTESIAN_POINT('',(1.097381403565E+03,393.05513823208,
    1.067068960821E+03));
#3774 = CARTESIAN_POINT('',(1.097657406589E+03,393.02774408478,
    1.067034680127E+03));
#3775 = CARTESIAN_POINT('',(1.097936804672E+03,393.00926776455,
    1.067011584697E+03));
#3776 = CARTESIAN_POINT('',(1.098218153196E+03,393.,1.067E+03));
#3777 = CARTESIAN_POINT('',(1.0985E+03,393.,1.067E+03));
#3778 = FACE_BOUND('',#3779,.T.);
#3779 = EDGE_LOOP('',(#3780));
#3780 = ORIENTED_EDGE('',*,*,#3346,.T.);
#3781 = CYLINDRICAL_SURFACE('',#3782,10.);
#3782 = AXIS2_PLACEMENT_3D('',#3783,#3784,#3785);
#3783 = CARTESIAN_POINT('',(1.0985E+03,403.,1.065E+03));
#3784 = DIRECTION('',(0.,0.,1.));
#3785 = DIRECTION('',(1.,0.,0.));
#3786 = ADVANCED_FACE('',(#3787),#3790,.F.);
#3787 = FACE_BOUND('',#3788,.T.);
#3788 = EDGE_LOOP('',(#3789));
#3789 = ORIENTED_EDGE('',*,*,#3504,.F.);
#3790 = PLANE('',#3791);
#3791 = AXIS2_PLACEMENT_3D('',#3792,#3793,#3794);
#3792 = CARTESIAN_POINT('',(1.0985E+03,403.,1.065E+03));
#3793 = DIRECTION('',(0.,0.,1.));
#3794 = DIRECTION('',(1.,0.,0.));
#3795 = ADVANCED_FACE('',(#3796),#3799,.T.);
#3796 = FACE_BOUND('',#3797,.T.);
#3797 = EDGE_LOOP('',(#3798));
#3798 = ORIENTED_EDGE('',*,*,#3496,.T.);
#3799 = PLANE('',#3800);
#3800 = AXIS2_PLACEMENT_3D('',#3801,#3802,#3803);
#3801 = CARTESIAN_POINT('',(1.0985E+03,403.,1.095E+03));
#3802 = DIRECTION('',(0.,0.,1.));
#3803 = DIRECTION('',(1.,0.,0.));
#3804 = ADVANCED_FACE('',(#3805),#3815,.T.);
#3805 = FACE_BOUND('',#3806,.T.);
#3806 = EDGE_LOOP('',(#3807,#3814));
#3807 = ORIENTED_EDGE('',*,*,#3808,.F.);
#3808 = EDGE_CURVE('',#3514,#3516,#3809,.T.);
#3809 = CIRCLE('',#3810,8.);
#3810 = AXIS2_PLACEMENT_3D('',#3811,#3812,#3813);
#3811 = CARTESIAN_POINT('',(1.0985E+03,393.,1.075E+03));
#3812 = DIRECTION('',(0.,-1.,0.));
#3813 = DIRECTION('',(0.,0.,-1.));
#3814 = ORIENTED_EDGE('',*,*,#3513,.T.);
#3815 = CYLINDRICAL_SURFACE('',#3816,8.);
#3816 = AXIS2_PLACEMENT_3D('',#3817,#3818,#3819);
#3817 = CARTESIAN_POINT('',(1.0985E+03,523.,1.075E+03));
#3818 = DIRECTION('',(0.,-1.,0.));
#3819 = DIRECTION('',(0.,0.,-1.));
#3820 = ADVANCED_FACE('',(#3821),#3831,.T.);
#3821 = FACE_BOUND('',#3822,.T.);
#3822 = EDGE_LOOP('',(#3823,#3824));
#3823 = ORIENTED_EDGE('',*,*,#3648,.T.);
#3824 = ORIENTED_EDGE('',*,*,#3825,.F.);
#3825 = EDGE_CURVE('',#3516,#3514,#3826,.T.);
#3826 = CIRCLE('',#3827,8.);
#3827 = AXIS2_PLACEMENT_3D('',#3828,#3829,#3830);
#3828 = CARTESIAN_POINT('',(1.0985E+03,393.,1.075E+03));
#3829 = DIRECTION('',(0.,-1.,0.));
#3830 = DIRECTION('',(0.,0.,-1.));
#3831 = CYLINDRICAL_SURFACE('',#3832,8.);
#3832 = AXIS2_PLACEMENT_3D('',#3833,#3834,#3835);
#3833 = CARTESIAN_POINT('',(1.0985E+03,523.,1.075E+03));
#3834 = DIRECTION('',(0.,-1.,0.));
#3835 = DIRECTION('',(0.,0.,-1.));
#3836 = ADVANCED_FACE('',(#3837),#3846,.T.);
#3837 = FACE_BOUND('',#3838,.T.);
#3838 = EDGE_LOOP('',(#3839,#3845));
#3839 = ORIENTED_EDGE('',*,*,#3840,.F.);
#3840 = EDGE_CURVE('',#3514,#3516,#3841,.T.);
#3841 = LINE('',#3842,#3843);
#3842 = CARTESIAN_POINT('',(1.0985E+03,393.,1.065E+03));
#3843 = VECTOR('',#3844,1.);
#3844 = DIRECTION('',(0.,0.,1.));
#3845 = ORIENTED_EDGE('',*,*,#3808,.T.);
#3846 = PLANE('',#3847);
#3847 = AXIS2_PLACEMENT_3D('',#3848,#3849,#3850);
#3848 = CARTESIAN_POINT('',(1.0985E+03,393.,1.075E+03));
#3849 = DIRECTION('',(0.,-1.,0.));
#3850 = DIRECTION('',(0.,0.,-1.));
#3851 = ADVANCED_FACE('',(#3852),#3856,.T.);
#3852 = FACE_BOUND('',#3853,.T.);
#3853 = EDGE_LOOP('',(#3854,#3855));
#3854 = ORIENTED_EDGE('',*,*,#3825,.T.);
#3855 = ORIENTED_EDGE('',*,*,#3840,.T.);
#3856 = PLANE('',#3857);
#3857 = AXIS2_PLACEMENT_3D('',#3858,#3859,#3860);
#3858 = CARTESIAN_POINT('',(1.0985E+03,393.,1.075E+03));
#3859 = DIRECTION('',(0.,-1.,0.));
#3860 = DIRECTION('',(0.,0.,-1.));
#3861 = MANIFOLD_SOLID_BREP('',#3862);
#3862 = CLOSED_SHELL('',(#3863,#3903,#3934,#3958,#4030,#4081,#4132,#4172
    ,#4196,#4259,#4283,#4316,#4347,#4403,#4459,#4476,#4493,#4510,#4527,
    #4539,#4556,#4568,#4637,#4693,#4724,#4780,#4813,#4855,#4897,#4921,
    #4945,#4969,#4986,#5011,#5055,#5079,#5112,#5136,#5167,#5191,#5208,
    #5220,#5232,#5249,#5269,#5286,#5298,#5323));
#3863 = ADVANCED_FACE('',(#3864),#3898,.F.);
#3864 = FACE_BOUND('',#3865,.F.);
#3865 = EDGE_LOOP('',(#3866,#3876,#3884,#3892));
#3866 = ORIENTED_EDGE('',*,*,#3867,.F.);
#3867 = EDGE_CURVE('',#3868,#3870,#3872,.T.);
#3868 = VERTEX_POINT('',#3869);
#3869 = CARTESIAN_POINT('',(850.,120.,698.));
#3870 = VERTEX_POINT('',#3871);
#3871 = CARTESIAN_POINT('',(850.,120.,898.));
#3872 = LINE('',#3873,#3874);
#3873 = CARTESIAN_POINT('',(850.,120.,698.));
#3874 = VECTOR('',#3875,1.);
#3875 = DIRECTION('',(0.,0.,1.));
#3876 = ORIENTED_EDGE('',*,*,#3877,.T.);
#3877 = EDGE_CURVE('',#3868,#3878,#3880,.T.);
#3878 = VERTEX_POINT('',#3879);
#3879 = CARTESIAN_POINT('',(850.,480.,698.));
#3880 = LINE('',#3881,#3882);
#3881 = CARTESIAN_POINT('',(850.,120.,698.));
#3882 = VECTOR('',#3883,1.);
#3883 = DIRECTION('',(0.,1.,0.));
#3884 = ORIENTED_EDGE('',*,*,#3885,.T.);
#3885 = EDGE_CURVE('',#3878,#3886,#3888,.T.);
#3886 = VERTEX_POINT('',#3887);
#3887 = CARTESIAN_POINT('',(850.,480.,898.));
#3888 = LINE('',#3889,#3890);
#3889 = CARTESIAN_POINT('',(850.,480.,698.));
#3890 = VECTOR('',#3891,1.);
#3891 = DIRECTION('',(0.,0.,1.));
#3892 = ORIENTED_EDGE('',*,*,#3893,.F.);
#3893 = EDGE_CURVE('',#3870,#3886,#3894,.T.);
#3894 = LINE('',#3895,#3896);
#3895 = CARTESIAN_POINT('',(850.,120.,898.));
#3896 = VECTOR('',#3897,1.);
#3897 = DIRECTION('',(0.,1.,0.));
#3898 = PLANE('',#3899);
#3899 = AXIS2_PLACEMENT_3D('',#3900,#3901,#3902);
#3900 = CARTESIAN_POINT('',(850.,120.,698.));
#3901 = DIRECTION('',(1.,0.,0.));
#3902 = DIRECTION('',(0.,0.,1.));
#3903 = ADVANCED_FACE('',(#3904),#3929,.F.);
#3904 = FACE_BOUND('',#3905,.F.);
#3905 = EDGE_LOOP('',(#3906,#3914,#3915,#3923));
#3906 = ORIENTED_EDGE('',*,*,#3907,.F.);
#3907 = EDGE_CURVE('',#3868,#3908,#3910,.T.);
#3908 = VERTEX_POINT('',#3909);
#3909 = CARTESIAN_POINT('',(1.35E+03,120.,698.));
#3910 = LINE('',#3911,#3912);
#3911 = CARTESIAN_POINT('',(850.,120.,698.));
#3912 = VECTOR('',#3913,1.);
#3913 = DIRECTION('',(1.,0.,0.));
#3914 = ORIENTED_EDGE('',*,*,#3867,.T.);
#3915 = ORIENTED_EDGE('',*,*,#3916,.T.);
#3916 = EDGE_CURVE('',#3870,#3917,#3919,.T.);
#3917 = VERTEX_POINT('',#3918);
#3918 = CARTESIAN_POINT('',(1.35E+03,120.,898.));
#3919 = LINE('',#3920,#3921);
#3920 = CARTESIAN_POINT('',(850.,120.,898.));
#3921 = VECTOR('',#3922,1.);
#3922 = DIRECTION('',(1.,0.,0.));
#3923 = ORIENTED_EDGE('',*,*,#3924,.F.);
#3924 = EDGE_CURVE('',#3908,#3917,#3925,.T.);
#3925 = LINE('',#3926,#3927);
#3926 = CARTESIAN_POINT('',(1.35E+03,120.,698.));
#3927 = VECTOR('',#3928,1.);
#3928 = DIRECTION('',(0.,0.,1.));
#3929 = PLANE('',#3930);
#3930 = AXIS2_PLACEMENT_3D('',#3931,#3932,#3933);
#3931 = CARTESIAN_POINT('',(850.,120.,698.));
#3932 = DIRECTION('',(0.,1.,0.));
#3933 = DIRECTION('',(0.,0.,1.));
#3934 = ADVANCED_FACE('',(#3935),#3953,.T.);
#3935 = FACE_BOUND('',#3936,.T.);
#3936 = EDGE_LOOP('',(#3937,#3938,#3939,#3947));
#3937 = ORIENTED_EDGE('',*,*,#3893,.F.);
#3938 = ORIENTED_EDGE('',*,*,#3916,.T.);
#3939 = ORIENTED_EDGE('',*,*,#3940,.T.);
#3940 = EDGE_CURVE('',#3917,#3941,#3943,.T.);
#3941 = VERTEX_POINT('',#3942);
#3942 = CARTESIAN_POINT('',(1.35E+03,480.,898.));
#3943 = LINE('',#3944,#3945);
#3944 = CARTESIAN_POINT('',(1.35E+03,120.,898.));
#3945 = VECTOR('',#3946,1.);
#3946 = DIRECTION('',(0.,1.,0.));
#3947 = ORIENTED_EDGE('',*,*,#3948,.F.);
#3948 = EDGE_CURVE('',#3886,#3941,#3949,.T.);
#3949 = LINE('',#3950,#3951);
#3950 = CARTESIAN_POINT('',(850.,480.,898.));
#3951 = VECTOR('',#3952,1.);
#3952 = DIRECTION('',(1.,0.,0.));
#3953 = PLANE('',#3954);
#3954 = AXIS2_PLACEMENT_3D('',#3955,#3956,#3957);
#3955 = CARTESIAN_POINT('',(850.,120.,898.));
#3956 = DIRECTION('',(0.,0.,1.));
#3957 = DIRECTION('',(1.,0.,0.));
#3958 = ADVANCED_FACE('',(#3959),#4025,.T.);
#3959 = FACE_BOUND('',#3960,.T.);
#3960 = EDGE_LOOP('',(#3961,#3971,#3977,#3978,#3979,#3987,#3995,#4003,
    #4011,#4019));
#3961 = ORIENTED_EDGE('',*,*,#3962,.F.);
#3962 = EDGE_CURVE('',#3963,#3965,#3967,.T.);
#3963 = VERTEX_POINT('',#3964);
#3964 = CARTESIAN_POINT('',(1.35E+03,480.,698.));
#3965 = VERTEX_POINT('',#3966);
#3966 = CARTESIAN_POINT('',(1.35E+03,480.,884.));
#3967 = LINE('',#3968,#3969);
#3968 = CARTESIAN_POINT('',(1.35E+03,480.,698.));
#3969 = VECTOR('',#3970,1.);
#3970 = DIRECTION('',(0.,0.,1.));
#3971 = ORIENTED_EDGE('',*,*,#3972,.F.);
#3972 = EDGE_CURVE('',#3878,#3963,#3973,.T.);
#3973 = LINE('',#3974,#3975);
#3974 = CARTESIAN_POINT('',(850.,480.,698.));
#3975 = VECTOR('',#3976,1.);
#3976 = DIRECTION('',(1.,0.,0.));
#3977 = ORIENTED_EDGE('',*,*,#3885,.T.);
#3978 = ORIENTED_EDGE('',*,*,#3948,.T.);
#3979 = ORIENTED_EDGE('',*,*,#3980,.F.);
#3980 = EDGE_CURVE('',#3981,#3941,#3983,.T.);
#3981 = VERTEX_POINT('',#3982);
#3982 = CARTESIAN_POINT('',(1.35E+03,480.,896.));
#3983 = LINE('',#3984,#3985);
#3984 = CARTESIAN_POINT('',(1.35E+03,480.,698.));
#3985 = VECTOR('',#3986,1.);
#3986 = DIRECTION('',(0.,0.,1.));
#3987 = ORIENTED_EDGE('',*,*,#3988,.F.);
#3988 = EDGE_CURVE('',#3989,#3981,#3991,.T.);
#3989 = VERTEX_POINT('',#3990);
#3990 = CARTESIAN_POINT('',(1.175E+03,480.,896.));
#3991 = LINE('',#3992,#3993);
#3992 = CARTESIAN_POINT('',(1.0125E+03,480.,896.));
#3993 = VECTOR('',#3994,1.);
#3994 = DIRECTION('',(1.,0.,0.));
#3995 = ORIENTED_EDGE('',*,*,#3996,.T.);
#3996 = EDGE_CURVE('',#3989,#3997,#3999,.T.);
#3997 = VERTEX_POINT('',#3998);
#3998 = CARTESIAN_POINT('',(1.175E+03,480.,801.));
#3999 = LINE('',#4000,#4001);
#4000 = CARTESIAN_POINT('',(1.175E+03,480.,749.5));
#4001 = VECTOR('',#4002,1.);
#4002 = DIRECTION('',(0.,0.,-1.));
#4003 = ORIENTED_EDGE('',*,*,#4004,.T.);
#4004 = EDGE_CURVE('',#3997,#4005,#4007,.T.);
#4005 = VERTEX_POINT('',#4006);
#4006 = CARTESIAN_POINT('',(1.183E+03,480.,801.));
#4007 = LINE('',#4008,#4009);
#4008 = CARTESIAN_POINT('',(1.0125E+03,480.,801.));
#4009 = VECTOR('',#4010,1.);
#4010 = DIRECTION('',(1.,0.,0.));
#4011 = ORIENTED_EDGE('',*,*,#4012,.F.);
#4012 = EDGE_CURVE('',#4013,#4005,#4015,.T.);
#4013 = VERTEX_POINT('',#4014);
#4014 = CARTESIAN_POINT('',(1.183E+03,480.,884.));
#4015 = LINE('',#4016,#4017);
#4016 = CARTESIAN_POINT('',(1.183E+03,480.,747.5));
#4017 = VECTOR('',#4018,1.);
#4018 = DIRECTION('',(0.,0.,-1.));
#4019 = ORIENTED_EDGE('',*,*,#4020,.T.);
#4020 = EDGE_CURVE('',#4013,#3965,#4021,.T.);
#4021 = LINE('',#4022,#4023);
#4022 = CARTESIAN_POINT('',(1.0165E+03,480.,884.));
#4023 = VECTOR('',#4024,1.);
#4024 = DIRECTION('',(1.,0.,0.));
#4025 = PLANE('',#4026);
#4026 = AXIS2_PLACEMENT_3D('',#4027,#4028,#4029);
#4027 = CARTESIAN_POINT('',(850.,480.,698.));
#4028 = DIRECTION('',(0.,1.,0.));
#4029 = DIRECTION('',(0.,0.,1.));
#4030 = ADVANCED_FACE('',(#4031,#4042),#4076,.F.);
#4031 = FACE_BOUND('',#4032,.F.);
#4032 = EDGE_LOOP('',(#4033,#4034,#4035,#4041));
#4033 = ORIENTED_EDGE('',*,*,#3877,.F.);
#4034 = ORIENTED_EDGE('',*,*,#3907,.T.);
#4035 = ORIENTED_EDGE('',*,*,#4036,.T.);
#4036 = EDGE_CURVE('',#3908,#3963,#4037,.T.);
#4037 = LINE('',#4038,#4039);
#4038 = CARTESIAN_POINT('',(1.35E+03,120.,698.));
#4039 = VECTOR('',#4040,1.);
#4040 = DIRECTION('',(0.,1.,0.));
#4041 = ORIENTED_EDGE('',*,*,#3972,.F.);
#4042 = FACE_BOUND('',#4043,.F.);
#4043 = EDGE_LOOP('',(#4044,#4054,#4062,#4070));
#4044 = ORIENTED_EDGE('',*,*,#4045,.T.);
#4045 = EDGE_CURVE('',#4046,#4048,#4050,.T.);
#4046 = VERTEX_POINT('',#4047);
#4047 = CARTESIAN_POINT('',(1.34E+03,130.,698.));
#4048 = VERTEX_POINT('',#4049);
#4049 = CARTESIAN_POINT('',(860.,130.,698.));
#4050 = LINE('',#4051,#4052);
#4051 = CARTESIAN_POINT('',(855.,130.,698.));
#4052 = VECTOR('',#4053,1.);
#4053 = DIRECTION('',(-1.,0.,0.));
#4054 = ORIENTED_EDGE('',*,*,#4055,.T.);
#4055 = EDGE_CURVE('',#4048,#4056,#4058,.T.);
#4056 = VERTEX_POINT('',#4057);
#4057 = CARTESIAN_POINT('',(860.,470.,698.));
#4058 = LINE('',#4059,#4060);
#4059 = CARTESIAN_POINT('',(860.,125.,698.));
#4060 = VECTOR('',#4061,1.);
#4061 = DIRECTION('',(0.,1.,0.));
#4062 = ORIENTED_EDGE('',*,*,#4063,.F.);
#4063 = EDGE_CURVE('',#4064,#4056,#4066,.T.);
#4064 = VERTEX_POINT('',#4065);
#4065 = CARTESIAN_POINT('',(1.34E+03,470.,698.));
#4066 = LINE('',#4067,#4068);
#4067 = CARTESIAN_POINT('',(855.,470.,698.));
#4068 = VECTOR('',#4069,1.);
#4069 = DIRECTION('',(-1.,0.,0.));
#4070 = ORIENTED_EDGE('',*,*,#4071,.F.);
#4071 = EDGE_CURVE('',#4046,#4064,#4072,.T.);
#4072 = LINE('',#4073,#4074);
#4073 = CARTESIAN_POINT('',(1.34E+03,125.,698.));
#4074 = VECTOR('',#4075,1.);
#4075 = DIRECTION('',(0.,1.,0.));
#4076 = PLANE('',#4077);
#4077 = AXIS2_PLACEMENT_3D('',#4078,#4079,#4080);
#4078 = CARTESIAN_POINT('',(850.,120.,698.));
#4079 = DIRECTION('',(0.,0.,1.));
#4080 = DIRECTION('',(1.,0.,0.));
#4081 = ADVANCED_FACE('',(#4082),#4127,.T.);
#4082 = FACE_BOUND('',#4083,.T.);
#4083 = EDGE_LOOP('',(#4084,#4085,#4086,#4087,#4088,#4096,#4104,#4112,
    #4120,#4126));
#4084 = ORIENTED_EDGE('',*,*,#3940,.F.);
#4085 = ORIENTED_EDGE('',*,*,#3924,.F.);
#4086 = ORIENTED_EDGE('',*,*,#4036,.T.);
#4087 = ORIENTED_EDGE('',*,*,#3962,.T.);
#4088 = ORIENTED_EDGE('',*,*,#4089,.T.);
#4089 = EDGE_CURVE('',#3965,#4090,#4092,.T.);
#4090 = VERTEX_POINT('',#4091);
#4091 = CARTESIAN_POINT('',(1.35E+03,373.,884.));
#4092 = LINE('',#4093,#4094);
#4093 = CARTESIAN_POINT('',(1.35E+03,246.5,884.));
#4094 = VECTOR('',#4095,1.);
#4095 = DIRECTION('',(0.,-1.,0.));
#4096 = ORIENTED_EDGE('',*,*,#4097,.F.);
#4097 = EDGE_CURVE('',#4098,#4090,#4100,.T.);
#4098 = VERTEX_POINT('',#4099);
#4099 = CARTESIAN_POINT('',(1.35E+03,373.,801.));
#4100 = LINE('',#4101,#4102);
#4101 = CARTESIAN_POINT('',(1.35E+03,373.,747.5));
#4102 = VECTOR('',#4103,1.);
#4103 = DIRECTION('',(0.,0.,1.));
#4104 = ORIENTED_EDGE('',*,*,#4105,.T.);
#4105 = EDGE_CURVE('',#4098,#4106,#4108,.T.);
#4106 = VERTEX_POINT('',#4107);
#4107 = CARTESIAN_POINT('',(1.35E+03,365.,801.));
#4108 = LINE('',#4109,#4110);
#4109 = CARTESIAN_POINT('',(1.35E+03,242.5,801.));
#4110 = VECTOR('',#4111,1.);
#4111 = DIRECTION('',(0.,-1.,0.));
#4112 = ORIENTED_EDGE('',*,*,#4113,.T.);
#4113 = EDGE_CURVE('',#4106,#4114,#4116,.T.);
#4114 = VERTEX_POINT('',#4115);
#4115 = CARTESIAN_POINT('',(1.35E+03,365.,896.));
#4116 = LINE('',#4117,#4118);
#4117 = CARTESIAN_POINT('',(1.35E+03,365.,749.5));
#4118 = VECTOR('',#4119,1.);
#4119 = DIRECTION('',(0.,0.,1.));
#4120 = ORIENTED_EDGE('',*,*,#4121,.F.);
#4121 = EDGE_CURVE('',#3981,#4114,#4122,.T.);
#4122 = LINE('',#4123,#4124);
#4123 = CARTESIAN_POINT('',(1.35E+03,242.5,896.));
#4124 = VECTOR('',#4125,1.);
#4125 = DIRECTION('',(0.,-1.,0.));
#4126 = ORIENTED_EDGE('',*,*,#3980,.T.);
#4127 = PLANE('',#4128);
#4128 = AXIS2_PLACEMENT_3D('',#4129,#4130,#4131);
#4129 = CARTESIAN_POINT('',(1.35E+03,120.,698.));
#4130 = DIRECTION('',(1.,0.,0.));
#4131 = DIRECTION('',(0.,0.,1.));
#4132 = ADVANCED_FACE('',(#4133),#4167,.F.);
#4133 = FACE_BOUND('',#4134,.F.);
#4134 = EDGE_LOOP('',(#4135,#4143,#4144,#4145,#4153,#4161));
#4135 = ORIENTED_EDGE('',*,*,#4136,.F.);
#4136 = EDGE_CURVE('',#4013,#4137,#4139,.T.);
#4137 = VERTEX_POINT('',#4138);
#4138 = CARTESIAN_POINT('',(1.183E+03,482.,884.));
#4139 = LINE('',#4140,#4141);
#4140 = CARTESIAN_POINT('',(1.183E+03,373.,884.));
#4141 = VECTOR('',#4142,1.);
#4142 = DIRECTION('',(0.,1.,0.));
#4143 = ORIENTED_EDGE('',*,*,#4020,.T.);
#4144 = ORIENTED_EDGE('',*,*,#4089,.T.);
#4145 = ORIENTED_EDGE('',*,*,#4146,.T.);
#4146 = EDGE_CURVE('',#4090,#4147,#4149,.T.);
#4147 = VERTEX_POINT('',#4148);
#4148 = CARTESIAN_POINT('',(1.352E+03,373.,884.));
#4149 = LINE('',#4150,#4151);
#4150 = CARTESIAN_POINT('',(1.183E+03,373.,884.));
#4151 = VECTOR('',#4152,1.);
#4152 = DIRECTION('',(1.,0.,0.));
#4153 = ORIENTED_EDGE('',*,*,#4154,.T.);
#4154 = EDGE_CURVE('',#4147,#4155,#4157,.T.);
#4155 = VERTEX_POINT('',#4156);
#4156 = CARTESIAN_POINT('',(1.352E+03,482.,884.));
#4157 = LINE('',#4158,#4159);
#4158 = CARTESIAN_POINT('',(1.352E+03,373.,884.));
#4159 = VECTOR('',#4160,1.);
#4160 = DIRECTION('',(0.,1.,0.));
#4161 = ORIENTED_EDGE('',*,*,#4162,.F.);
#4162 = EDGE_CURVE('',#4137,#4155,#4163,.T.);
#4163 = LINE('',#4164,#4165);
#4164 = CARTESIAN_POINT('',(1.183E+03,482.,884.));
#4165 = VECTOR('',#4166,1.);
#4166 = DIRECTION('',(1.,0.,0.));
#4167 = PLANE('',#4168);
#4168 = AXIS2_PLACEMENT_3D('',#4169,#4170,#4171);
#4169 = CARTESIAN_POINT('',(1.183E+03,373.,884.));
#4170 = DIRECTION('',(0.,0.,1.));
#4171 = DIRECTION('',(1.,0.,0.));
#4172 = ADVANCED_FACE('',(#4173),#4191,.T.);
#4173 = FACE_BOUND('',#4174,.T.);
#4174 = EDGE_LOOP('',(#4175,#4176,#4184,#4190));
#4175 = ORIENTED_EDGE('',*,*,#4012,.T.);
#4176 = ORIENTED_EDGE('',*,*,#4177,.T.);
#4177 = EDGE_CURVE('',#4005,#4178,#4180,.T.);
#4178 = VERTEX_POINT('',#4179);
#4179 = CARTESIAN_POINT('',(1.183E+03,482.,801.));
#4180 = LINE('',#4181,#4182);
#4181 = CARTESIAN_POINT('',(1.183E+03,369.,801.));
#4182 = VECTOR('',#4183,1.);
#4183 = DIRECTION('',(0.,1.,0.));
#4184 = ORIENTED_EDGE('',*,*,#4185,.T.);
#4185 = EDGE_CURVE('',#4178,#4137,#4186,.T.);
#4186 = LINE('',#4187,#4188);
#4187 = CARTESIAN_POINT('',(1.183E+03,482.,797.));
#4188 = VECTOR('',#4189,1.);
#4189 = DIRECTION('',(0.,0.,1.));
#4190 = ORIENTED_EDGE('',*,*,#4136,.F.);
#4191 = PLANE('',#4192);
#4192 = AXIS2_PLACEMENT_3D('',#4193,#4194,#4195);
#4193 = CARTESIAN_POINT('',(1.183E+03,373.,797.));
#4194 = DIRECTION('',(1.,0.,0.));
#4195 = DIRECTION('',(0.,0.,1.));
#4196 = ADVANCED_FACE('',(#4197),#4254,.F.);
#4197 = FACE_BOUND('',#4198,.F.);
#4198 = EDGE_LOOP('',(#4199,#4207,#4208,#4209,#4217,#4225,#4231,#4232,
    #4240,#4248));
#4199 = ORIENTED_EDGE('',*,*,#4200,.F.);
#4200 = EDGE_CURVE('',#3997,#4201,#4203,.T.);
#4201 = VERTEX_POINT('',#4202);
#4202 = CARTESIAN_POINT('',(1.175E+03,490.,801.));
#4203 = LINE('',#4204,#4205);
#4204 = CARTESIAN_POINT('',(1.175E+03,365.,801.));
#4205 = VECTOR('',#4206,1.);
#4206 = DIRECTION('',(0.,1.,0.));
#4207 = ORIENTED_EDGE('',*,*,#4004,.T.);
#4208 = ORIENTED_EDGE('',*,*,#4177,.T.);
#4209 = ORIENTED_EDGE('',*,*,#4210,.F.);
#4210 = EDGE_CURVE('',#4211,#4178,#4213,.T.);
#4211 = VERTEX_POINT('',#4212);
#4212 = CARTESIAN_POINT('',(1.352E+03,482.,801.));
#4213 = LINE('',#4214,#4215);
#4214 = CARTESIAN_POINT('',(1.179E+03,482.,801.));
#4215 = VECTOR('',#4216,1.);
#4216 = DIRECTION('',(-1.,0.,0.));
#4217 = ORIENTED_EDGE('',*,*,#4218,.F.);
#4218 = EDGE_CURVE('',#4219,#4211,#4221,.T.);
#4219 = VERTEX_POINT('',#4220);
#4220 = CARTESIAN_POINT('',(1.352E+03,373.,801.));
#4221 = LINE('',#4222,#4223);
#4222 = CARTESIAN_POINT('',(1.352E+03,369.,801.));
#4223 = VECTOR('',#4224,1.);
#4224 = DIRECTION('',(0.,1.,0.));
#4225 = ORIENTED_EDGE('',*,*,#4226,.T.);
#4226 = EDGE_CURVE('',#4219,#4098,#4227,.T.);
#4227 = LINE('',#4228,#4229);
#4228 = CARTESIAN_POINT('',(1.179E+03,373.,801.));
#4229 = VECTOR('',#4230,1.);
#4230 = DIRECTION('',(-1.,0.,0.));
#4231 = ORIENTED_EDGE('',*,*,#4105,.T.);
#4232 = ORIENTED_EDGE('',*,*,#4233,.T.);
#4233 = EDGE_CURVE('',#4106,#4234,#4236,.T.);
#4234 = VERTEX_POINT('',#4235);
#4235 = CARTESIAN_POINT('',(1.36E+03,365.,801.));
#4236 = LINE('',#4237,#4238);
#4237 = CARTESIAN_POINT('',(1.175E+03,365.,801.));
#4238 = VECTOR('',#4239,1.);
#4239 = DIRECTION('',(1.,0.,0.));
#4240 = ORIENTED_EDGE('',*,*,#4241,.T.);
#4241 = EDGE_CURVE('',#4234,#4242,#4244,.T.);
#4242 = VERTEX_POINT('',#4243);
#4243 = CARTESIAN_POINT('',(1.36E+03,490.,801.));
#4244 = LINE('',#4245,#4246);
#4245 = CARTESIAN_POINT('',(1.36E+03,365.,801.));
#4246 = VECTOR('',#4247,1.);
#4247 = DIRECTION('',(0.,1.,0.));
#4248 = ORIENTED_EDGE('',*,*,#4249,.F.);
#4249 = EDGE_CURVE('',#4201,#4242,#4250,.T.);
#4250 = LINE('',#4251,#4252);
#4251 = CARTESIAN_POINT('',(1.175E+03,490.,801.));
#4252 = VECTOR('',#4253,1.);
#4253 = DIRECTION('',(1.,0.,0.));
#4254 = PLANE('',#4255);
#4255 = AXIS2_PLACEMENT_3D('',#4256,#4257,#4258);
#4256 = CARTESIAN_POINT('',(1.175E+03,365.,801.));
#4257 = DIRECTION('',(0.,0.,1.));
#4258 = DIRECTION('',(1.,0.,0.));
#4259 = ADVANCED_FACE('',(#4260),#4278,.F.);
#4260 = FACE_BOUND('',#4261,.F.);
#4261 = EDGE_LOOP('',(#4262,#4263,#4264,#4272));
#4262 = ORIENTED_EDGE('',*,*,#3996,.T.);
#4263 = ORIENTED_EDGE('',*,*,#4200,.T.);
#4264 = ORIENTED_EDGE('',*,*,#4265,.T.);
#4265 = EDGE_CURVE('',#4201,#4266,#4268,.T.);
#4266 = VERTEX_POINT('',#4267);
#4267 = CARTESIAN_POINT('',(1.175E+03,490.,896.));
#4268 = LINE('',#4269,#4270);
#4269 = CARTESIAN_POINT('',(1.175E+03,490.,801.));
#4270 = VECTOR('',#4271,1.);
#4271 = DIRECTION('',(0.,0.,1.));
#4272 = ORIENTED_EDGE('',*,*,#4273,.F.);
#4273 = EDGE_CURVE('',#3989,#4266,#4274,.T.);
#4274 = LINE('',#4275,#4276);
#4275 = CARTESIAN_POINT('',(1.175E+03,365.,896.));
#4276 = VECTOR('',#4277,1.);
#4277 = DIRECTION('',(0.,1.,0.));
#4278 = PLANE('',#4279);
#4279 = AXIS2_PLACEMENT_3D('',#4280,#4281,#4282);
#4280 = CARTESIAN_POINT('',(1.175E+03,365.,801.));
#4281 = DIRECTION('',(1.,0.,0.));
#4282 = DIRECTION('',(0.,0.,1.));
#4283 = ADVANCED_FACE('',(#4284),#4311,.T.);
#4284 = FACE_BOUND('',#4285,.T.);
#4285 = EDGE_LOOP('',(#4286,#4287,#4288,#4289,#4297,#4305));
#4286 = ORIENTED_EDGE('',*,*,#4273,.F.);
#4287 = ORIENTED_EDGE('',*,*,#3988,.T.);
#4288 = ORIENTED_EDGE('',*,*,#4121,.T.);
#4289 = ORIENTED_EDGE('',*,*,#4290,.T.);
#4290 = EDGE_CURVE('',#4114,#4291,#4293,.T.);
#4291 = VERTEX_POINT('',#4292);
#4292 = CARTESIAN_POINT('',(1.36E+03,365.,896.));
#4293 = LINE('',#4294,#4295);
#4294 = CARTESIAN_POINT('',(1.175E+03,365.,896.));
#4295 = VECTOR('',#4296,1.);
#4296 = DIRECTION('',(1.,0.,0.));
#4297 = ORIENTED_EDGE('',*,*,#4298,.T.);
#4298 = EDGE_CURVE('',#4291,#4299,#4301,.T.);
#4299 = VERTEX_POINT('',#4300);
#4300 = CARTESIAN_POINT('',(1.36E+03,490.,896.));
#4301 = LINE('',#4302,#4303);
#4302 = CARTESIAN_POINT('',(1.36E+03,365.,896.));
#4303 = VECTOR('',#4304,1.);
#4304 = DIRECTION('',(0.,1.,0.));
#4305 = ORIENTED_EDGE('',*,*,#4306,.F.);
#4306 = EDGE_CURVE('',#4266,#4299,#4307,.T.);
#4307 = LINE('',#4308,#4309);
#4308 = CARTESIAN_POINT('',(1.175E+03,490.,896.));
#4309 = VECTOR('',#4310,1.);
#4310 = DIRECTION('',(1.,0.,0.));
#4311 = PLANE('',#4312);
#4312 = AXIS2_PLACEMENT_3D('',#4313,#4314,#4315);
#4313 = CARTESIAN_POINT('',(1.175E+03,365.,896.));
#4314 = DIRECTION('',(0.,0.,1.));
#4315 = DIRECTION('',(1.,0.,0.));
#4316 = ADVANCED_FACE('',(#4317),#4342,.T.);
#4317 = FACE_BOUND('',#4318,.T.);
#4318 = EDGE_LOOP('',(#4319,#4327,#4328,#4336));
#4319 = ORIENTED_EDGE('',*,*,#4320,.F.);
#4320 = EDGE_CURVE('',#4046,#4321,#4323,.T.);
#4321 = VERTEX_POINT('',#4322);
#4322 = CARTESIAN_POINT('',(1.34E+03,130.,882.));
#4323 = LINE('',#4324,#4325);
#4324 = CARTESIAN_POINT('',(1.34E+03,130.,692.));
#4325 = VECTOR('',#4326,1.);
#4326 = DIRECTION('',(0.,0.,1.));
#4327 = ORIENTED_EDGE('',*,*,#4045,.T.);
#4328 = ORIENTED_EDGE('',*,*,#4329,.T.);
#4329 = EDGE_CURVE('',#4048,#4330,#4332,.T.);
#4330 = VERTEX_POINT('',#4331);
#4331 = CARTESIAN_POINT('',(860.,130.,882.));
#4332 = LINE('',#4333,#4334);
#4333 = CARTESIAN_POINT('',(860.,130.,692.));
#4334 = VECTOR('',#4335,1.);
#4335 = DIRECTION('',(0.,0.,1.));
#4336 = ORIENTED_EDGE('',*,*,#4337,.T.);
#4337 = EDGE_CURVE('',#4330,#4321,#4338,.T.);
#4338 = LINE('',#4339,#4340);
#4339 = CARTESIAN_POINT('',(860.,130.,882.));
#4340 = VECTOR('',#4341,1.);
#4341 = DIRECTION('',(1.,0.,0.));
#4342 = PLANE('',#4343);
#4343 = AXIS2_PLACEMENT_3D('',#4344,#4345,#4346);
#4344 = CARTESIAN_POINT('',(860.,130.,692.));
#4345 = DIRECTION('',(0.,1.,0.));
#4346 = DIRECTION('',(0.,0.,1.));
#4347 = ADVANCED_FACE('',(#4348),#4398,.F.);
#4348 = FACE_BOUND('',#4349,.F.);
#4349 = EDGE_LOOP('',(#4350,#4351,#4352,#4360,#4368,#4376,#4384,#4392));
#4350 = ORIENTED_EDGE('',*,*,#4320,.F.);
#4351 = ORIENTED_EDGE('',*,*,#4071,.T.);
#4352 = ORIENTED_EDGE('',*,*,#4353,.T.);
#4353 = EDGE_CURVE('',#4064,#4354,#4356,.T.);
#4354 = VERTEX_POINT('',#4355);
#4355 = CARTESIAN_POINT('',(1.34E+03,470.,882.));
#4356 = LINE('',#4357,#4358);
#4357 = CARTESIAN_POINT('',(1.34E+03,470.,692.));
#4358 = VECTOR('',#4359,1.);
#4359 = DIRECTION('',(0.,0.,1.));
#4360 = ORIENTED_EDGE('',*,*,#4361,.F.);
#4361 = EDGE_CURVE('',#4362,#4354,#4364,.T.);
#4362 = VERTEX_POINT('',#4363);
#4363 = CARTESIAN_POINT('',(1.34E+03,373.,882.));
#4364 = LINE('',#4365,#4366);
#4365 = CARTESIAN_POINT('',(1.34E+03,130.,882.));
#4366 = VECTOR('',#4367,1.);
#4367 = DIRECTION('',(0.,1.,0.));
#4368 = ORIENTED_EDGE('',*,*,#4369,.F.);
#4369 = EDGE_CURVE('',#4370,#4362,#4372,.T.);
#4370 = VERTEX_POINT('',#4371);
#4371 = CARTESIAN_POINT('',(1.34E+03,373.,801.));
#4372 = LINE('',#4373,#4374);
#4373 = CARTESIAN_POINT('',(1.34E+03,373.,744.5));
#4374 = VECTOR('',#4375,1.);
#4375 = DIRECTION('',(0.,0.,1.));
#4376 = ORIENTED_EDGE('',*,*,#4377,.T.);
#4377 = EDGE_CURVE('',#4370,#4378,#4380,.T.);
#4378 = VERTEX_POINT('',#4379);
#4379 = CARTESIAN_POINT('',(1.34E+03,365.,801.));
#4380 = LINE('',#4381,#4382);
#4381 = CARTESIAN_POINT('',(1.34E+03,247.5,801.));
#4382 = VECTOR('',#4383,1.);
#4383 = DIRECTION('',(0.,-1.,0.));
#4384 = ORIENTED_EDGE('',*,*,#4385,.T.);
#4385 = EDGE_CURVE('',#4378,#4386,#4388,.T.);
#4386 = VERTEX_POINT('',#4387);
#4387 = CARTESIAN_POINT('',(1.34E+03,365.,882.));
#4388 = LINE('',#4389,#4390);
#4389 = CARTESIAN_POINT('',(1.34E+03,365.,746.5));
#4390 = VECTOR('',#4391,1.);
#4391 = DIRECTION('',(0.,0.,1.));
#4392 = ORIENTED_EDGE('',*,*,#4393,.F.);
#4393 = EDGE_CURVE('',#4321,#4386,#4394,.T.);
#4394 = LINE('',#4395,#4396);
#4395 = CARTESIAN_POINT('',(1.34E+03,130.,882.));
#4396 = VECTOR('',#4397,1.);
#4397 = DIRECTION('',(0.,1.,0.));
#4398 = PLANE('',#4399);
#4399 = AXIS2_PLACEMENT_3D('',#4400,#4401,#4402);
#4400 = CARTESIAN_POINT('',(1.34E+03,130.,692.));
#4401 = DIRECTION('',(1.,0.,0.));
#4402 = DIRECTION('',(0.,0.,1.));
#4403 = ADVANCED_FACE('',(#4404),#4454,.F.);
#4404 = FACE_BOUND('',#4405,.F.);
#4405 = EDGE_LOOP('',(#4406,#4407,#4408,#4416,#4424,#4432,#4440,#4448));
#4406 = ORIENTED_EDGE('',*,*,#4353,.F.);
#4407 = ORIENTED_EDGE('',*,*,#4063,.T.);
#4408 = ORIENTED_EDGE('',*,*,#4409,.T.);
#4409 = EDGE_CURVE('',#4056,#4410,#4412,.T.);
#4410 = VERTEX_POINT('',#4411);
#4411 = CARTESIAN_POINT('',(860.,470.,882.));
#4412 = LINE('',#4413,#4414);
#4413 = CARTESIAN_POINT('',(860.,470.,692.));
#4414 = VECTOR('',#4415,1.);
#4415 = DIRECTION('',(0.,0.,1.));
#4416 = ORIENTED_EDGE('',*,*,#4417,.T.);
#4417 = EDGE_CURVE('',#4410,#4418,#4420,.T.);
#4418 = VERTEX_POINT('',#4419);
#4419 = CARTESIAN_POINT('',(1.175E+03,470.,882.));
#4420 = LINE('',#4421,#4422);
#4421 = CARTESIAN_POINT('',(860.,470.,882.));
#4422 = VECTOR('',#4423,1.);
#4423 = DIRECTION('',(1.,0.,0.));
#4424 = ORIENTED_EDGE('',*,*,#4425,.T.);
#4425 = EDGE_CURVE('',#4418,#4426,#4428,.T.);
#4426 = VERTEX_POINT('',#4427);
#4427 = CARTESIAN_POINT('',(1.175E+03,470.,801.));
#4428 = LINE('',#4429,#4430);
#4429 = CARTESIAN_POINT('',(1.175E+03,470.,746.5));
#4430 = VECTOR('',#4431,1.);
#4431 = DIRECTION('',(0.,0.,-1.));
#4432 = ORIENTED_EDGE('',*,*,#4433,.T.);
#4433 = EDGE_CURVE('',#4426,#4434,#4436,.T.);
#4434 = VERTEX_POINT('',#4435);
#4435 = CARTESIAN_POINT('',(1.183E+03,470.,801.));
#4436 = LINE('',#4437,#4438);
#4437 = CARTESIAN_POINT('',(1.0175E+03,470.,801.));
#4438 = VECTOR('',#4439,1.);
#4439 = DIRECTION('',(1.,0.,0.));
#4440 = ORIENTED_EDGE('',*,*,#4441,.F.);
#4441 = EDGE_CURVE('',#4442,#4434,#4444,.T.);
#4442 = VERTEX_POINT('',#4443);
#4443 = CARTESIAN_POINT('',(1.183E+03,470.,882.));
#4444 = LINE('',#4445,#4446);
#4445 = CARTESIAN_POINT('',(1.183E+03,470.,744.5));
#4446 = VECTOR('',#4447,1.);
#4447 = DIRECTION('',(0.,0.,-1.));
#4448 = ORIENTED_EDGE('',*,*,#4449,.T.);
#4449 = EDGE_CURVE('',#4442,#4354,#4450,.T.);
#4450 = LINE('',#4451,#4452);
#4451 = CARTESIAN_POINT('',(860.,470.,882.));
#4452 = VECTOR('',#4453,1.);
#4453 = DIRECTION('',(1.,0.,0.));
#4454 = PLANE('',#4455);
#4455 = AXIS2_PLACEMENT_3D('',#4456,#4457,#4458);
#4456 = CARTESIAN_POINT('',(860.,470.,692.));
#4457 = DIRECTION('',(0.,1.,0.));
#4458 = DIRECTION('',(0.,0.,1.));
#4459 = ADVANCED_FACE('',(#4460),#4471,.T.);
#4460 = FACE_BOUND('',#4461,.T.);
#4461 = EDGE_LOOP('',(#4462,#4463,#4464,#4465));
#4462 = ORIENTED_EDGE('',*,*,#4329,.F.);
#4463 = ORIENTED_EDGE('',*,*,#4055,.T.);
#4464 = ORIENTED_EDGE('',*,*,#4409,.T.);
#4465 = ORIENTED_EDGE('',*,*,#4466,.F.);
#4466 = EDGE_CURVE('',#4330,#4410,#4467,.T.);
#4467 = LINE('',#4468,#4469);
#4468 = CARTESIAN_POINT('',(860.,130.,882.));
#4469 = VECTOR('',#4470,1.);
#4470 = DIRECTION('',(0.,1.,0.));
#4471 = PLANE('',#4472);
#4472 = AXIS2_PLACEMENT_3D('',#4473,#4474,#4475);
#4473 = CARTESIAN_POINT('',(860.,130.,692.));
#4474 = DIRECTION('',(1.,0.,0.));
#4475 = DIRECTION('',(0.,0.,1.));
#4476 = ADVANCED_FACE('',(#4477),#4488,.F.);
#4477 = FACE_BOUND('',#4478,.F.);
#4478 = EDGE_LOOP('',(#4479,#4480,#4481,#4482));
#4479 = ORIENTED_EDGE('',*,*,#4233,.F.);
#4480 = ORIENTED_EDGE('',*,*,#4113,.T.);
#4481 = ORIENTED_EDGE('',*,*,#4290,.T.);
#4482 = ORIENTED_EDGE('',*,*,#4483,.F.);
#4483 = EDGE_CURVE('',#4234,#4291,#4484,.T.);
#4484 = LINE('',#4485,#4486);
#4485 = CARTESIAN_POINT('',(1.36E+03,365.,801.));
#4486 = VECTOR('',#4487,1.);
#4487 = DIRECTION('',(0.,0.,1.));
#4488 = PLANE('',#4489);
#4489 = AXIS2_PLACEMENT_3D('',#4490,#4491,#4492);
#4490 = CARTESIAN_POINT('',(1.175E+03,365.,801.));
#4491 = DIRECTION('',(0.,1.,0.));
#4492 = DIRECTION('',(0.,0.,1.));
#4493 = ADVANCED_FACE('',(#4494),#4505,.T.);
#4494 = FACE_BOUND('',#4495,.T.);
#4495 = EDGE_LOOP('',(#4496,#4502,#4503,#4504));
#4496 = ORIENTED_EDGE('',*,*,#4497,.F.);
#4497 = EDGE_CURVE('',#4219,#4147,#4498,.T.);
#4498 = LINE('',#4499,#4500);
#4499 = CARTESIAN_POINT('',(1.352E+03,373.,797.));
#4500 = VECTOR('',#4501,1.);
#4501 = DIRECTION('',(0.,0.,1.));
#4502 = ORIENTED_EDGE('',*,*,#4226,.T.);
#4503 = ORIENTED_EDGE('',*,*,#4097,.T.);
#4504 = ORIENTED_EDGE('',*,*,#4146,.T.);
#4505 = PLANE('',#4506);
#4506 = AXIS2_PLACEMENT_3D('',#4507,#4508,#4509);
#4507 = CARTESIAN_POINT('',(1.183E+03,373.,797.));
#4508 = DIRECTION('',(0.,1.,0.));
#4509 = DIRECTION('',(0.,0.,1.));
#4510 = ADVANCED_FACE('',(#4511),#4522,.F.);
#4511 = FACE_BOUND('',#4512,.F.);
#4512 = EDGE_LOOP('',(#4513,#4519,#4520,#4521));
#4513 = ORIENTED_EDGE('',*,*,#4514,.F.);
#4514 = EDGE_CURVE('',#4211,#4155,#4515,.T.);
#4515 = LINE('',#4516,#4517);
#4516 = CARTESIAN_POINT('',(1.352E+03,482.,797.));
#4517 = VECTOR('',#4518,1.);
#4518 = DIRECTION('',(0.,0.,1.));
#4519 = ORIENTED_EDGE('',*,*,#4210,.T.);
#4520 = ORIENTED_EDGE('',*,*,#4185,.T.);
#4521 = ORIENTED_EDGE('',*,*,#4162,.T.);
#4522 = PLANE('',#4523);
#4523 = AXIS2_PLACEMENT_3D('',#4524,#4525,#4526);
#4524 = CARTESIAN_POINT('',(1.183E+03,482.,797.));
#4525 = DIRECTION('',(0.,1.,0.));
#4526 = DIRECTION('',(0.,0.,1.));
#4527 = ADVANCED_FACE('',(#4528),#4534,.F.);
#4528 = FACE_BOUND('',#4529,.F.);
#4529 = EDGE_LOOP('',(#4530,#4531,#4532,#4533));
#4530 = ORIENTED_EDGE('',*,*,#4497,.F.);
#4531 = ORIENTED_EDGE('',*,*,#4218,.T.);
#4532 = ORIENTED_EDGE('',*,*,#4514,.T.);
#4533 = ORIENTED_EDGE('',*,*,#4154,.F.);
#4534 = PLANE('',#4535);
#4535 = AXIS2_PLACEMENT_3D('',#4536,#4537,#4538);
#4536 = CARTESIAN_POINT('',(1.352E+03,373.,797.));
#4537 = DIRECTION('',(1.,0.,0.));
#4538 = DIRECTION('',(0.,0.,1.));
#4539 = ADVANCED_FACE('',(#4540),#4551,.T.);
#4540 = FACE_BOUND('',#4541,.T.);
#4541 = EDGE_LOOP('',(#4542,#4543,#4544,#4545));
#4542 = ORIENTED_EDGE('',*,*,#4249,.F.);
#4543 = ORIENTED_EDGE('',*,*,#4265,.T.);
#4544 = ORIENTED_EDGE('',*,*,#4306,.T.);
#4545 = ORIENTED_EDGE('',*,*,#4546,.F.);
#4546 = EDGE_CURVE('',#4242,#4299,#4547,.T.);
#4547 = LINE('',#4548,#4549);
#4548 = CARTESIAN_POINT('',(1.36E+03,490.,801.));
#4549 = VECTOR('',#4550,1.);
#4550 = DIRECTION('',(0.,0.,1.));
#4551 = PLANE('',#4552);
#4552 = AXIS2_PLACEMENT_3D('',#4553,#4554,#4555);
#4553 = CARTESIAN_POINT('',(1.175E+03,490.,801.));
#4554 = DIRECTION('',(0.,1.,0.));
#4555 = DIRECTION('',(0.,0.,1.));
#4556 = ADVANCED_FACE('',(#4557),#4563,.T.);
#4557 = FACE_BOUND('',#4558,.T.);
#4558 = EDGE_LOOP('',(#4559,#4560,#4561,#4562));
#4559 = ORIENTED_EDGE('',*,*,#4483,.F.);
#4560 = ORIENTED_EDGE('',*,*,#4241,.T.);
#4561 = ORIENTED_EDGE('',*,*,#4546,.T.);
#4562 = ORIENTED_EDGE('',*,*,#4298,.F.);
#4563 = PLANE('',#4564);
#4564 = AXIS2_PLACEMENT_3D('',#4565,#4566,#4567);
#4565 = CARTESIAN_POINT('',(1.36E+03,365.,801.));
#4566 = DIRECTION('',(1.,0.,0.));
#4567 = DIRECTION('',(0.,0.,1.));
#4568 = ADVANCED_FACE('',(#4569,#4621),#4632,.F.);
#4569 = FACE_BOUND('',#4570,.F.);
#4570 = EDGE_LOOP('',(#4571,#4572,#4573,#4574,#4575,#4583,#4591,#4599,
    #4607,#4615));
#4571 = ORIENTED_EDGE('',*,*,#4417,.F.);
#4572 = ORIENTED_EDGE('',*,*,#4466,.F.);
#4573 = ORIENTED_EDGE('',*,*,#4337,.T.);
#4574 = ORIENTED_EDGE('',*,*,#4393,.T.);
#4575 = ORIENTED_EDGE('',*,*,#4576,.T.);
#4576 = EDGE_CURVE('',#4386,#4577,#4579,.T.);
#4577 = VERTEX_POINT('',#4578);
#4578 = CARTESIAN_POINT('',(1.25E+03,365.,882.));
#4579 = LINE('',#4580,#4581);
#4580 = CARTESIAN_POINT('',(1.0175E+03,365.,882.));
#4581 = VECTOR('',#4582,1.);
#4582 = DIRECTION('',(-1.,0.,0.));
#4583 = ORIENTED_EDGE('',*,*,#4584,.F.);
#4584 = EDGE_CURVE('',#4585,#4577,#4587,.T.);
#4585 = VERTEX_POINT('',#4586);
#4586 = CARTESIAN_POINT('',(1.25E+03,345.,882.));
#4587 = LINE('',#4588,#4589);
#4588 = CARTESIAN_POINT('',(1.25E+03,237.5,882.));
#4589 = VECTOR('',#4590,1.);
#4590 = DIRECTION('',(0.,1.,0.));
#4591 = ORIENTED_EDGE('',*,*,#4592,.T.);
#4592 = EDGE_CURVE('',#4585,#4593,#4595,.T.);
#4593 = VERTEX_POINT('',#4594);
#4594 = CARTESIAN_POINT('',(1.105E+03,345.,882.));
#4595 = LINE('',#4596,#4597);
#4596 = CARTESIAN_POINT('',(982.5,345.,882.));
#4597 = VECTOR('',#4598,1.);
#4598 = DIRECTION('',(-1.,0.,0.));
#4599 = ORIENTED_EDGE('',*,*,#4600,.T.);
#4600 = EDGE_CURVE('',#4593,#4601,#4603,.T.);
#4601 = VERTEX_POINT('',#4602);
#4602 = CARTESIAN_POINT('',(1.105E+03,415.,882.));
#4603 = LINE('',#4604,#4605);
#4604 = CARTESIAN_POINT('',(1.105E+03,237.5,882.));
#4605 = VECTOR('',#4606,1.);
#4606 = DIRECTION('',(0.,1.,0.));
#4607 = ORIENTED_EDGE('',*,*,#4608,.F.);
#4608 = EDGE_CURVE('',#4609,#4601,#4611,.T.);
#4609 = VERTEX_POINT('',#4610);
#4610 = CARTESIAN_POINT('',(1.175E+03,415.,882.));
#4611 = LINE('',#4612,#4613);
#4612 = CARTESIAN_POINT('',(982.5,415.,882.));
#4613 = VECTOR('',#4614,1.);
#4614 = DIRECTION('',(-1.,0.,0.));
#4615 = ORIENTED_EDGE('',*,*,#4616,.T.);
#4616 = EDGE_CURVE('',#4609,#4418,#4617,.T.);
#4617 = LINE('',#4618,#4619);
#4618 = CARTESIAN_POINT('',(1.175E+03,247.5,882.));
#4619 = VECTOR('',#4620,1.);
#4620 = DIRECTION('',(0.,1.,0.));
#4621 = FACE_BOUND('',#4622,.F.);
#4622 = EDGE_LOOP('',(#4623));
#4623 = ORIENTED_EDGE('',*,*,#4624,.F.);
#4624 = EDGE_CURVE('',#4625,#4625,#4627,.T.);
#4625 = VERTEX_POINT('',#4626);
#4626 = CARTESIAN_POINT('',(1.146E+03,230.,882.));
#4627 = CIRCLE('',#4628,28.);
#4628 = AXIS2_PLACEMENT_3D('',#4629,#4630,#4631);
#4629 = CARTESIAN_POINT('',(1.118E+03,230.,882.));
#4630 = DIRECTION('',(0.,0.,1.));
#4631 = DIRECTION('',(1.,0.,0.));
#4632 = PLANE('',#4633);
#4633 = AXIS2_PLACEMENT_3D('',#4634,#4635,#4636);
#4634 = CARTESIAN_POINT('',(860.,130.,882.));
#4635 = DIRECTION('',(0.,0.,1.));
#4636 = DIRECTION('',(1.,0.,0.));
#4637 = ADVANCED_FACE('',(#4638),#4688,.F.);
#4638 = FACE_BOUND('',#4639,.F.);
#4639 = EDGE_LOOP('',(#4640,#4648,#4656,#4664,#4672,#4680,#4686,#4687));
#4640 = ORIENTED_EDGE('',*,*,#4641,.F.);
#4641 = EDGE_CURVE('',#4642,#4378,#4644,.T.);
#4642 = VERTEX_POINT('',#4643);
#4643 = CARTESIAN_POINT('',(1.175E+03,365.,801.));
#4644 = LINE('',#4645,#4646);
#4645 = CARTESIAN_POINT('',(1.175E+03,365.,801.));
#4646 = VECTOR('',#4647,1.);
#4647 = DIRECTION('',(1.,0.,0.));
#4648 = ORIENTED_EDGE('',*,*,#4649,.T.);
#4649 = EDGE_CURVE('',#4642,#4650,#4652,.T.);
#4650 = VERTEX_POINT('',#4651);
#4651 = CARTESIAN_POINT('',(1.175E+03,365.,882.));
#4652 = LINE('',#4653,#4654);
#4653 = CARTESIAN_POINT('',(1.175E+03,365.,801.));
#4654 = VECTOR('',#4655,1.);
#4655 = DIRECTION('',(0.,0.,1.));
#4656 = ORIENTED_EDGE('',*,*,#4657,.F.);
#4657 = EDGE_CURVE('',#4658,#4650,#4660,.T.);
#4658 = VERTEX_POINT('',#4659);
#4659 = CARTESIAN_POINT('',(1.242E+03,365.,882.));
#4660 = LINE('',#4661,#4662);
#4661 = CARTESIAN_POINT('',(1.0175E+03,365.,882.));
#4662 = VECTOR('',#4663,1.);
#4663 = DIRECTION('',(-1.,0.,0.));
#4664 = ORIENTED_EDGE('',*,*,#4665,.T.);
#4665 = EDGE_CURVE('',#4658,#4666,#4668,.T.);
#4666 = VERTEX_POINT('',#4667);
#4667 = CARTESIAN_POINT('',(1.242E+03,365.,822.));
#4668 = LINE('',#4669,#4670);
#4669 = CARTESIAN_POINT('',(1.242E+03,365.,811.5));
#4670 = VECTOR('',#4671,1.);
#4671 = DIRECTION('',(0.,0.,-1.));
#4672 = ORIENTED_EDGE('',*,*,#4673,.T.);
#4673 = EDGE_CURVE('',#4666,#4674,#4676,.T.);
#4674 = VERTEX_POINT('',#4675);
#4675 = CARTESIAN_POINT('',(1.25E+03,365.,822.));
#4676 = LINE('',#4677,#4678);
#4677 = CARTESIAN_POINT('',(1.14E+03,365.,822.));
#4678 = VECTOR('',#4679,1.);
#4679 = DIRECTION('',(1.,0.,0.));
#4680 = ORIENTED_EDGE('',*,*,#4681,.F.);
#4681 = EDGE_CURVE('',#4577,#4674,#4682,.T.);
#4682 = LINE('',#4683,#4684);
#4683 = CARTESIAN_POINT('',(1.25E+03,365.,811.5));
#4684 = VECTOR('',#4685,1.);
#4685 = DIRECTION('',(0.,0.,-1.));
#4686 = ORIENTED_EDGE('',*,*,#4576,.F.);
#4687 = ORIENTED_EDGE('',*,*,#4385,.F.);
#4688 = PLANE('',#4689);
#4689 = AXIS2_PLACEMENT_3D('',#4690,#4691,#4692);
#4690 = CARTESIAN_POINT('',(1.175E+03,365.,801.));
#4691 = DIRECTION('',(0.,1.,0.));
#4692 = DIRECTION('',(0.,0.,1.));
#4693 = ADVANCED_FACE('',(#4694),#4719,.F.);
#4694 = FACE_BOUND('',#4695,.F.);
#4695 = EDGE_LOOP('',(#4696,#4702,#4703,#4704,#4712,#4718));
#4696 = ORIENTED_EDGE('',*,*,#4697,.F.);
#4697 = EDGE_CURVE('',#4642,#4426,#4698,.T.);
#4698 = LINE('',#4699,#4700);
#4699 = CARTESIAN_POINT('',(1.175E+03,365.,801.));
#4700 = VECTOR('',#4701,1.);
#4701 = DIRECTION('',(0.,1.,0.));
#4702 = ORIENTED_EDGE('',*,*,#4641,.T.);
#4703 = ORIENTED_EDGE('',*,*,#4377,.F.);
#4704 = ORIENTED_EDGE('',*,*,#4705,.T.);
#4705 = EDGE_CURVE('',#4370,#4706,#4708,.T.);
#4706 = VERTEX_POINT('',#4707);
#4707 = CARTESIAN_POINT('',(1.183E+03,373.,801.));
#4708 = LINE('',#4709,#4710);
#4709 = CARTESIAN_POINT('',(1.179E+03,373.,801.));
#4710 = VECTOR('',#4711,1.);
#4711 = DIRECTION('',(-1.,0.,0.));
#4712 = ORIENTED_EDGE('',*,*,#4713,.T.);
#4713 = EDGE_CURVE('',#4706,#4434,#4714,.T.);
#4714 = LINE('',#4715,#4716);
#4715 = CARTESIAN_POINT('',(1.183E+03,369.,801.));
#4716 = VECTOR('',#4717,1.);
#4717 = DIRECTION('',(0.,1.,0.));
#4718 = ORIENTED_EDGE('',*,*,#4433,.F.);
#4719 = PLANE('',#4720);
#4720 = AXIS2_PLACEMENT_3D('',#4721,#4722,#4723);
#4721 = CARTESIAN_POINT('',(1.175E+03,365.,801.));
#4722 = DIRECTION('',(0.,0.,1.));
#4723 = DIRECTION('',(1.,0.,0.));
#4724 = ADVANCED_FACE('',(#4725),#4775,.T.);
#4725 = FACE_BOUND('',#4726,.T.);
#4726 = EDGE_LOOP('',(#4727,#4728,#4729,#4737,#4745,#4753,#4761,#4769));
#4727 = ORIENTED_EDGE('',*,*,#4369,.F.);
#4728 = ORIENTED_EDGE('',*,*,#4705,.T.);
#4729 = ORIENTED_EDGE('',*,*,#4730,.T.);
#4730 = EDGE_CURVE('',#4706,#4731,#4733,.T.);
#4731 = VERTEX_POINT('',#4732);
#4732 = CARTESIAN_POINT('',(1.183E+03,373.,882.));
#4733 = LINE('',#4734,#4735);
#4734 = CARTESIAN_POINT('',(1.183E+03,373.,797.));
#4735 = VECTOR('',#4736,1.);
#4736 = DIRECTION('',(0.,0.,1.));
#4737 = ORIENTED_EDGE('',*,*,#4738,.F.);
#4738 = EDGE_CURVE('',#4739,#4731,#4741,.T.);
#4739 = VERTEX_POINT('',#4740);
#4740 = CARTESIAN_POINT('',(1.242E+03,373.,882.));
#4741 = LINE('',#4742,#4743);
#4742 = CARTESIAN_POINT('',(1.0215E+03,373.,882.));
#4743 = VECTOR('',#4744,1.);
#4744 = DIRECTION('',(-1.,0.,0.));
#4745 = ORIENTED_EDGE('',*,*,#4746,.T.);
#4746 = EDGE_CURVE('',#4739,#4747,#4749,.T.);
#4747 = VERTEX_POINT('',#4748);
#4748 = CARTESIAN_POINT('',(1.242E+03,373.,822.));
#4749 = LINE('',#4750,#4751);
#4750 = CARTESIAN_POINT('',(1.242E+03,373.,809.5));
#4751 = VECTOR('',#4752,1.);
#4752 = DIRECTION('',(0.,0.,-1.));
#4753 = ORIENTED_EDGE('',*,*,#4754,.T.);
#4754 = EDGE_CURVE('',#4747,#4755,#4757,.T.);
#4755 = VERTEX_POINT('',#4756);
#4756 = CARTESIAN_POINT('',(1.25E+03,373.,822.));
#4757 = LINE('',#4758,#4759);
#4758 = CARTESIAN_POINT('',(1.144E+03,373.,822.));
#4759 = VECTOR('',#4760,1.);
#4760 = DIRECTION('',(1.,0.,0.));
#4761 = ORIENTED_EDGE('',*,*,#4762,.F.);
#4762 = EDGE_CURVE('',#4763,#4755,#4765,.T.);
#4763 = VERTEX_POINT('',#4764);
#4764 = CARTESIAN_POINT('',(1.25E+03,373.,882.));
#4765 = LINE('',#4766,#4767);
#4766 = CARTESIAN_POINT('',(1.25E+03,373.,809.5));
#4767 = VECTOR('',#4768,1.);
#4768 = DIRECTION('',(0.,0.,-1.));
#4769 = ORIENTED_EDGE('',*,*,#4770,.F.);
#4770 = EDGE_CURVE('',#4362,#4763,#4771,.T.);
#4771 = LINE('',#4772,#4773);
#4772 = CARTESIAN_POINT('',(1.0215E+03,373.,882.));
#4773 = VECTOR('',#4774,1.);
#4774 = DIRECTION('',(-1.,0.,0.));
#4775 = PLANE('',#4776);
#4776 = AXIS2_PLACEMENT_3D('',#4777,#4778,#4779);
#4777 = CARTESIAN_POINT('',(1.183E+03,373.,797.));
#4778 = DIRECTION('',(0.,1.,0.));
#4779 = DIRECTION('',(0.,0.,1.));
#4780 = ADVANCED_FACE('',(#4781),#4808,.F.);
#4781 = FACE_BOUND('',#4782,.F.);
#4782 = EDGE_LOOP('',(#4783,#4784,#4792,#4800,#4806,#4807));
#4783 = ORIENTED_EDGE('',*,*,#4449,.F.);
#4784 = ORIENTED_EDGE('',*,*,#4785,.F.);
#4785 = EDGE_CURVE('',#4786,#4442,#4788,.T.);
#4786 = VERTEX_POINT('',#4787);
#4787 = CARTESIAN_POINT('',(1.183E+03,415.,882.));
#4788 = LINE('',#4789,#4790);
#4789 = CARTESIAN_POINT('',(1.183E+03,251.5,882.));
#4790 = VECTOR('',#4791,1.);
#4791 = DIRECTION('',(0.,1.,0.));
#4792 = ORIENTED_EDGE('',*,*,#4793,.F.);
#4793 = EDGE_CURVE('',#4794,#4786,#4796,.T.);
#4794 = VERTEX_POINT('',#4795);
#4795 = CARTESIAN_POINT('',(1.25E+03,415.,882.));
#4796 = LINE('',#4797,#4798);
#4797 = CARTESIAN_POINT('',(982.5,415.,882.));
#4798 = VECTOR('',#4799,1.);
#4799 = DIRECTION('',(-1.,0.,0.));
#4800 = ORIENTED_EDGE('',*,*,#4801,.F.);
#4801 = EDGE_CURVE('',#4763,#4794,#4802,.T.);
#4802 = LINE('',#4803,#4804);
#4803 = CARTESIAN_POINT('',(1.25E+03,237.5,882.));
#4804 = VECTOR('',#4805,1.);
#4805 = DIRECTION('',(0.,1.,0.));
#4806 = ORIENTED_EDGE('',*,*,#4770,.F.);
#4807 = ORIENTED_EDGE('',*,*,#4361,.T.);
#4808 = PLANE('',#4809);
#4809 = AXIS2_PLACEMENT_3D('',#4810,#4811,#4812);
#4810 = CARTESIAN_POINT('',(860.,130.,882.));
#4811 = DIRECTION('',(0.,0.,1.));
#4812 = DIRECTION('',(1.,0.,0.));
#4813 = ADVANCED_FACE('',(#4814),#4850,.T.);
#4814 = FACE_BOUND('',#4815,.T.);
#4815 = EDGE_LOOP('',(#4816,#4817,#4818,#4819,#4820,#4828,#4836,#4844));
#4816 = ORIENTED_EDGE('',*,*,#4730,.F.);
#4817 = ORIENTED_EDGE('',*,*,#4713,.T.);
#4818 = ORIENTED_EDGE('',*,*,#4441,.F.);
#4819 = ORIENTED_EDGE('',*,*,#4785,.F.);
#4820 = ORIENTED_EDGE('',*,*,#4821,.F.);
#4821 = EDGE_CURVE('',#4822,#4786,#4824,.T.);
#4822 = VERTEX_POINT('',#4823);
#4823 = CARTESIAN_POINT('',(1.183E+03,415.,822.));
#4824 = LINE('',#4825,#4826);
#4825 = CARTESIAN_POINT('',(1.183E+03,415.,809.5));
#4826 = VECTOR('',#4827,1.);
#4827 = DIRECTION('',(0.,0.,1.));
#4828 = ORIENTED_EDGE('',*,*,#4829,.T.);
#4829 = EDGE_CURVE('',#4822,#4830,#4832,.T.);
#4830 = VERTEX_POINT('',#4831);
#4831 = CARTESIAN_POINT('',(1.183E+03,407.,822.));
#4832 = LINE('',#4833,#4834);
#4833 = CARTESIAN_POINT('',(1.183E+03,359.,822.));
#4834 = VECTOR('',#4835,1.);
#4835 = DIRECTION('',(0.,-1.,0.));
#4836 = ORIENTED_EDGE('',*,*,#4837,.T.);
#4837 = EDGE_CURVE('',#4830,#4838,#4840,.T.);
#4838 = VERTEX_POINT('',#4839);
#4839 = CARTESIAN_POINT('',(1.183E+03,407.,882.));
#4840 = LINE('',#4841,#4842);
#4841 = CARTESIAN_POINT('',(1.183E+03,407.,809.5));
#4842 = VECTOR('',#4843,1.);
#4843 = DIRECTION('',(0.,0.,1.));
#4844 = ORIENTED_EDGE('',*,*,#4845,.F.);
#4845 = EDGE_CURVE('',#4731,#4838,#4846,.T.);
#4846 = LINE('',#4847,#4848);
#4847 = CARTESIAN_POINT('',(1.183E+03,251.5,882.));
#4848 = VECTOR('',#4849,1.);
#4849 = DIRECTION('',(0.,1.,0.));
#4850 = PLANE('',#4851);
#4851 = AXIS2_PLACEMENT_3D('',#4852,#4853,#4854);
#4852 = CARTESIAN_POINT('',(1.183E+03,373.,797.));
#4853 = DIRECTION('',(1.,0.,0.));
#4854 = DIRECTION('',(0.,0.,1.));
#4855 = ADVANCED_FACE('',(#4856),#4892,.F.);
#4856 = FACE_BOUND('',#4857,.F.);
#4857 = EDGE_LOOP('',(#4858,#4859,#4860,#4861,#4862,#4870,#4878,#4886));
#4858 = ORIENTED_EDGE('',*,*,#4649,.F.);
#4859 = ORIENTED_EDGE('',*,*,#4697,.T.);
#4860 = ORIENTED_EDGE('',*,*,#4425,.F.);
#4861 = ORIENTED_EDGE('',*,*,#4616,.F.);
#4862 = ORIENTED_EDGE('',*,*,#4863,.F.);
#4863 = EDGE_CURVE('',#4864,#4609,#4866,.T.);
#4864 = VERTEX_POINT('',#4865);
#4865 = CARTESIAN_POINT('',(1.175E+03,415.,822.));
#4866 = LINE('',#4867,#4868);
#4867 = CARTESIAN_POINT('',(1.175E+03,415.,811.5));
#4868 = VECTOR('',#4869,1.);
#4869 = DIRECTION('',(0.,0.,1.));
#4870 = ORIENTED_EDGE('',*,*,#4871,.T.);
#4871 = EDGE_CURVE('',#4864,#4872,#4874,.T.);
#4872 = VERTEX_POINT('',#4873);
#4873 = CARTESIAN_POINT('',(1.175E+03,407.,822.));
#4874 = LINE('',#4875,#4876);
#4875 = CARTESIAN_POINT('',(1.175E+03,355.,822.));
#4876 = VECTOR('',#4877,1.);
#4877 = DIRECTION('',(0.,-1.,0.));
#4878 = ORIENTED_EDGE('',*,*,#4879,.T.);
#4879 = EDGE_CURVE('',#4872,#4880,#4882,.T.);
#4880 = VERTEX_POINT('',#4881);
#4881 = CARTESIAN_POINT('',(1.175E+03,407.,882.));
#4882 = LINE('',#4883,#4884);
#4883 = CARTESIAN_POINT('',(1.175E+03,407.,811.5));
#4884 = VECTOR('',#4885,1.);
#4885 = DIRECTION('',(0.,0.,1.));
#4886 = ORIENTED_EDGE('',*,*,#4887,.F.);
#4887 = EDGE_CURVE('',#4650,#4880,#4888,.T.);
#4888 = LINE('',#4889,#4890);
#4889 = CARTESIAN_POINT('',(1.175E+03,247.5,882.));
#4890 = VECTOR('',#4891,1.);
#4891 = DIRECTION('',(0.,1.,0.));
#4892 = PLANE('',#4893);
#4893 = AXIS2_PLACEMENT_3D('',#4894,#4895,#4896);
#4894 = CARTESIAN_POINT('',(1.175E+03,365.,801.));
#4895 = DIRECTION('',(1.,0.,0.));
#4896 = DIRECTION('',(0.,0.,1.));
#4897 = ADVANCED_FACE('',(#4898),#4916,.T.);
#4898 = FACE_BOUND('',#4899,.T.);
#4899 = EDGE_LOOP('',(#4900,#4908,#4914,#4915));
#4900 = ORIENTED_EDGE('',*,*,#4901,.F.);
#4901 = EDGE_CURVE('',#4902,#4864,#4904,.T.);
#4902 = VERTEX_POINT('',#4903);
#4903 = CARTESIAN_POINT('',(1.105E+03,415.,822.));
#4904 = LINE('',#4905,#4906);
#4905 = CARTESIAN_POINT('',(1.105E+03,415.,822.));
#4906 = VECTOR('',#4907,1.);
#4907 = DIRECTION('',(1.,0.,0.));
#4908 = ORIENTED_EDGE('',*,*,#4909,.T.);
#4909 = EDGE_CURVE('',#4902,#4601,#4910,.T.);
#4910 = LINE('',#4911,#4912);
#4911 = CARTESIAN_POINT('',(1.105E+03,415.,822.));
#4912 = VECTOR('',#4913,1.);
#4913 = DIRECTION('',(0.,0.,1.));
#4914 = ORIENTED_EDGE('',*,*,#4608,.F.);
#4915 = ORIENTED_EDGE('',*,*,#4863,.F.);
#4916 = PLANE('',#4917);
#4917 = AXIS2_PLACEMENT_3D('',#4918,#4919,#4920);
#4918 = CARTESIAN_POINT('',(1.105E+03,415.,822.));
#4919 = DIRECTION('',(0.,1.,0.));
#4920 = DIRECTION('',(0.,0.,1.));
#4921 = ADVANCED_FACE('',(#4922),#4940,.F.);
#4922 = FACE_BOUND('',#4923,.F.);
#4923 = EDGE_LOOP('',(#4924,#4932,#4938,#4939));
#4924 = ORIENTED_EDGE('',*,*,#4925,.F.);
#4925 = EDGE_CURVE('',#4926,#4593,#4928,.T.);
#4926 = VERTEX_POINT('',#4927);
#4927 = CARTESIAN_POINT('',(1.105E+03,345.,822.));
#4928 = LINE('',#4929,#4930);
#4929 = CARTESIAN_POINT('',(1.105E+03,345.,822.));
#4930 = VECTOR('',#4931,1.);
#4931 = DIRECTION('',(0.,0.,1.));
#4932 = ORIENTED_EDGE('',*,*,#4933,.T.);
#4933 = EDGE_CURVE('',#4926,#4902,#4934,.T.);
#4934 = LINE('',#4935,#4936);
#4935 = CARTESIAN_POINT('',(1.105E+03,345.,822.));
#4936 = VECTOR('',#4937,1.);
#4937 = DIRECTION('',(0.,1.,0.));
#4938 = ORIENTED_EDGE('',*,*,#4909,.T.);
#4939 = ORIENTED_EDGE('',*,*,#4600,.F.);
#4940 = PLANE('',#4941);
#4941 = AXIS2_PLACEMENT_3D('',#4942,#4943,#4944);
#4942 = CARTESIAN_POINT('',(1.105E+03,345.,822.));
#4943 = DIRECTION('',(1.,0.,0.));
#4944 = DIRECTION('',(0.,0.,1.));
#4945 = ADVANCED_FACE('',(#4946),#4964,.F.);
#4946 = FACE_BOUND('',#4947,.F.);
#4947 = EDGE_LOOP('',(#4948,#4956,#4962,#4963));
#4948 = ORIENTED_EDGE('',*,*,#4949,.F.);
#4949 = EDGE_CURVE('',#4950,#4585,#4952,.T.);
#4950 = VERTEX_POINT('',#4951);
#4951 = CARTESIAN_POINT('',(1.25E+03,345.,822.));
#4952 = LINE('',#4953,#4954);
#4953 = CARTESIAN_POINT('',(1.25E+03,345.,822.));
#4954 = VECTOR('',#4955,1.);
#4955 = DIRECTION('',(0.,0.,1.));
#4956 = ORIENTED_EDGE('',*,*,#4957,.F.);
#4957 = EDGE_CURVE('',#4926,#4950,#4958,.T.);
#4958 = LINE('',#4959,#4960);
#4959 = CARTESIAN_POINT('',(1.105E+03,345.,822.));
#4960 = VECTOR('',#4961,1.);
#4961 = DIRECTION('',(1.,0.,0.));
#4962 = ORIENTED_EDGE('',*,*,#4925,.T.);
#4963 = ORIENTED_EDGE('',*,*,#4592,.F.);
#4964 = PLANE('',#4965);
#4965 = AXIS2_PLACEMENT_3D('',#4966,#4967,#4968);
#4966 = CARTESIAN_POINT('',(1.105E+03,345.,822.));
#4967 = DIRECTION('',(0.,1.,0.));
#4968 = DIRECTION('',(0.,0.,1.));
#4969 = ADVANCED_FACE('',(#4970),#4981,.T.);
#4970 = FACE_BOUND('',#4971,.T.);
#4971 = EDGE_LOOP('',(#4972,#4973,#4979,#4980));
#4972 = ORIENTED_EDGE('',*,*,#4949,.F.);
#4973 = ORIENTED_EDGE('',*,*,#4974,.T.);
#4974 = EDGE_CURVE('',#4950,#4674,#4975,.T.);
#4975 = LINE('',#4976,#4977);
#4976 = CARTESIAN_POINT('',(1.25E+03,345.,822.));
#4977 = VECTOR('',#4978,1.);
#4978 = DIRECTION('',(0.,1.,0.));
#4979 = ORIENTED_EDGE('',*,*,#4681,.F.);
#4980 = ORIENTED_EDGE('',*,*,#4584,.F.);
#4981 = PLANE('',#4982);
#4982 = AXIS2_PLACEMENT_3D('',#4983,#4984,#4985);
#4983 = CARTESIAN_POINT('',(1.25E+03,345.,822.));
#4984 = DIRECTION('',(1.,0.,0.));
#4985 = DIRECTION('',(0.,0.,1.));
#4986 = ADVANCED_FACE('',(#4987),#5006,.T.);
#4987 = FACE_BOUND('',#4988,.T.);
#4988 = EDGE_LOOP('',(#4989,#4990,#4998,#5005));
#4989 = ORIENTED_EDGE('',*,*,#4624,.F.);
#4990 = ORIENTED_EDGE('',*,*,#4991,.F.);
#4991 = EDGE_CURVE('',#4992,#4625,#4994,.T.);
#4992 = VERTEX_POINT('',#4993);
#4993 = CARTESIAN_POINT('',(1.146E+03,230.,880.));
#4994 = LINE('',#4995,#4996);
#4995 = CARTESIAN_POINT('',(1.146E+03,230.,880.));
#4996 = VECTOR('',#4997,1.);
#4997 = DIRECTION('',(0.,0.,1.));
#4998 = ORIENTED_EDGE('',*,*,#4999,.T.);
#4999 = EDGE_CURVE('',#4992,#4992,#5000,.T.);
#5000 = CIRCLE('',#5001,28.);
#5001 = AXIS2_PLACEMENT_3D('',#5002,#5003,#5004);
#5002 = CARTESIAN_POINT('',(1.118E+03,230.,880.));
#5003 = DIRECTION('',(0.,0.,1.));
#5004 = DIRECTION('',(1.,0.,0.));
#5005 = ORIENTED_EDGE('',*,*,#4991,.T.);
#5006 = CYLINDRICAL_SURFACE('',#5007,28.);
#5007 = AXIS2_PLACEMENT_3D('',#5008,#5009,#5010);
#5008 = CARTESIAN_POINT('',(1.118E+03,230.,880.));
#5009 = DIRECTION('',(0.,0.,1.));
#5010 = DIRECTION('',(1.,0.,0.));
#5011 = ADVANCED_FACE('',(#5012),#5050,.F.);
#5012 = FACE_BOUND('',#5013,.F.);
#5013 = EDGE_LOOP('',(#5014,#5015,#5016,#5017,#5018,#5019,#5027,#5035,
    #5043,#5049));
#5014 = ORIENTED_EDGE('',*,*,#4901,.F.);
#5015 = ORIENTED_EDGE('',*,*,#4933,.F.);
#5016 = ORIENTED_EDGE('',*,*,#4957,.T.);
#5017 = ORIENTED_EDGE('',*,*,#4974,.T.);
#5018 = ORIENTED_EDGE('',*,*,#4673,.F.);
#5019 = ORIENTED_EDGE('',*,*,#5020,.F.);
#5020 = EDGE_CURVE('',#5021,#4666,#5023,.T.);
#5021 = VERTEX_POINT('',#5022);
#5022 = CARTESIAN_POINT('',(1.242E+03,353.,822.));
#5023 = LINE('',#5024,#5025);
#5024 = CARTESIAN_POINT('',(1.242E+03,353.,822.));
#5025 = VECTOR('',#5026,1.);
#5026 = DIRECTION('',(0.,1.,0.));
#5027 = ORIENTED_EDGE('',*,*,#5028,.F.);
#5028 = EDGE_CURVE('',#5029,#5021,#5031,.T.);
#5029 = VERTEX_POINT('',#5030);
#5030 = CARTESIAN_POINT('',(1.113E+03,353.,822.));
#5031 = LINE('',#5032,#5033);
#5032 = CARTESIAN_POINT('',(1.113E+03,353.,822.));
#5033 = VECTOR('',#5034,1.);
#5034 = DIRECTION('',(1.,0.,0.));
#5035 = ORIENTED_EDGE('',*,*,#5036,.T.);
#5036 = EDGE_CURVE('',#5029,#5037,#5039,.T.);
#5037 = VERTEX_POINT('',#5038);
#5038 = CARTESIAN_POINT('',(1.113E+03,407.,822.));
#5039 = LINE('',#5040,#5041);
#5040 = CARTESIAN_POINT('',(1.113E+03,353.,822.));
#5041 = VECTOR('',#5042,1.);
#5042 = DIRECTION('',(0.,1.,0.));
#5043 = ORIENTED_EDGE('',*,*,#5044,.T.);
#5044 = EDGE_CURVE('',#5037,#4872,#5045,.T.);
#5045 = LINE('',#5046,#5047);
#5046 = CARTESIAN_POINT('',(1.113E+03,407.,822.));
#5047 = VECTOR('',#5048,1.);
#5048 = DIRECTION('',(1.,0.,0.));
#5049 = ORIENTED_EDGE('',*,*,#4871,.F.);
#5050 = PLANE('',#5051);
#5051 = AXIS2_PLACEMENT_3D('',#5052,#5053,#5054);
#5052 = CARTESIAN_POINT('',(1.105E+03,345.,822.));
#5053 = DIRECTION('',(0.,0.,1.));
#5054 = DIRECTION('',(1.,0.,0.));
#5055 = ADVANCED_FACE('',(#5056),#5074,.F.);
#5056 = FACE_BOUND('',#5057,.F.);
#5057 = EDGE_LOOP('',(#5058,#5066,#5067,#5068));
#5058 = ORIENTED_EDGE('',*,*,#5059,.F.);
#5059 = EDGE_CURVE('',#5021,#5060,#5062,.T.);
#5060 = VERTEX_POINT('',#5061);
#5061 = CARTESIAN_POINT('',(1.242E+03,353.,882.));
#5062 = LINE('',#5063,#5064);
#5063 = CARTESIAN_POINT('',(1.242E+03,353.,822.));
#5064 = VECTOR('',#5065,1.);
#5065 = DIRECTION('',(0.,0.,1.));
#5066 = ORIENTED_EDGE('',*,*,#5020,.T.);
#5067 = ORIENTED_EDGE('',*,*,#4665,.F.);
#5068 = ORIENTED_EDGE('',*,*,#5069,.F.);
#5069 = EDGE_CURVE('',#5060,#4658,#5070,.T.);
#5070 = LINE('',#5071,#5072);
#5071 = CARTESIAN_POINT('',(1.242E+03,241.5,882.));
#5072 = VECTOR('',#5073,1.);
#5073 = DIRECTION('',(0.,1.,0.));
#5074 = PLANE('',#5075);
#5075 = AXIS2_PLACEMENT_3D('',#5076,#5077,#5078);
#5076 = CARTESIAN_POINT('',(1.242E+03,353.,822.));
#5077 = DIRECTION('',(1.,0.,0.));
#5078 = DIRECTION('',(0.,0.,1.));
#5079 = ADVANCED_FACE('',(#5080),#5107,.F.);
#5080 = FACE_BOUND('',#5081,.F.);
#5081 = EDGE_LOOP('',(#5082,#5083,#5091,#5099,#5105,#5106));
#5082 = ORIENTED_EDGE('',*,*,#4887,.T.);
#5083 = ORIENTED_EDGE('',*,*,#5084,.T.);
#5084 = EDGE_CURVE('',#4880,#5085,#5087,.T.);
#5085 = VERTEX_POINT('',#5086);
#5086 = CARTESIAN_POINT('',(1.113E+03,407.,882.));
#5087 = LINE('',#5088,#5089);
#5088 = CARTESIAN_POINT('',(986.5,407.,882.));
#5089 = VECTOR('',#5090,1.);
#5090 = DIRECTION('',(-1.,0.,0.));
#5091 = ORIENTED_EDGE('',*,*,#5092,.F.);
#5092 = EDGE_CURVE('',#5093,#5085,#5095,.T.);
#5093 = VERTEX_POINT('',#5094);
#5094 = CARTESIAN_POINT('',(1.113E+03,353.,882.));
#5095 = LINE('',#5096,#5097);
#5096 = CARTESIAN_POINT('',(1.113E+03,241.5,882.));
#5097 = VECTOR('',#5098,1.);
#5098 = DIRECTION('',(0.,1.,0.));
#5099 = ORIENTED_EDGE('',*,*,#5100,.F.);
#5100 = EDGE_CURVE('',#5060,#5093,#5101,.T.);
#5101 = LINE('',#5102,#5103);
#5102 = CARTESIAN_POINT('',(986.5,353.,882.));
#5103 = VECTOR('',#5104,1.);
#5104 = DIRECTION('',(-1.,0.,0.));
#5105 = ORIENTED_EDGE('',*,*,#5069,.T.);
#5106 = ORIENTED_EDGE('',*,*,#4657,.T.);
#5107 = PLANE('',#5108);
#5108 = AXIS2_PLACEMENT_3D('',#5109,#5110,#5111);
#5109 = CARTESIAN_POINT('',(860.,130.,882.));
#5110 = DIRECTION('',(0.,0.,1.));
#5111 = DIRECTION('',(1.,0.,0.));
#5112 = ADVANCED_FACE('',(#5113),#5131,.T.);
#5113 = FACE_BOUND('',#5114,.T.);
#5114 = EDGE_LOOP('',(#5115,#5116,#5124,#5130));
#5115 = ORIENTED_EDGE('',*,*,#4762,.T.);
#5116 = ORIENTED_EDGE('',*,*,#5117,.T.);
#5117 = EDGE_CURVE('',#4755,#5118,#5120,.T.);
#5118 = VERTEX_POINT('',#5119);
#5119 = CARTESIAN_POINT('',(1.25E+03,415.,822.));
#5120 = LINE('',#5121,#5122);
#5121 = CARTESIAN_POINT('',(1.25E+03,345.,822.));
#5122 = VECTOR('',#5123,1.);
#5123 = DIRECTION('',(0.,1.,0.));
#5124 = ORIENTED_EDGE('',*,*,#5125,.T.);
#5125 = EDGE_CURVE('',#5118,#4794,#5126,.T.);
#5126 = LINE('',#5127,#5128);
#5127 = CARTESIAN_POINT('',(1.25E+03,415.,822.));
#5128 = VECTOR('',#5129,1.);
#5129 = DIRECTION('',(0.,0.,1.));
#5130 = ORIENTED_EDGE('',*,*,#4801,.F.);
#5131 = PLANE('',#5132);
#5132 = AXIS2_PLACEMENT_3D('',#5133,#5134,#5135);
#5133 = CARTESIAN_POINT('',(1.25E+03,345.,822.));
#5134 = DIRECTION('',(1.,0.,0.));
#5135 = DIRECTION('',(0.,0.,1.));
#5136 = ADVANCED_FACE('',(#5137),#5162,.F.);
#5137 = FACE_BOUND('',#5138,.F.);
#5138 = EDGE_LOOP('',(#5139,#5145,#5146,#5154,#5160,#5161));
#5139 = ORIENTED_EDGE('',*,*,#5140,.F.);
#5140 = EDGE_CURVE('',#4822,#5118,#5141,.T.);
#5141 = LINE('',#5142,#5143);
#5142 = CARTESIAN_POINT('',(1.105E+03,415.,822.));
#5143 = VECTOR('',#5144,1.);
#5144 = DIRECTION('',(1.,0.,0.));
#5145 = ORIENTED_EDGE('',*,*,#4829,.T.);
#5146 = ORIENTED_EDGE('',*,*,#5147,.T.);
#5147 = EDGE_CURVE('',#4830,#5148,#5150,.T.);
#5148 = VERTEX_POINT('',#5149);
#5149 = CARTESIAN_POINT('',(1.242E+03,407.,822.));
#5150 = LINE('',#5151,#5152);
#5151 = CARTESIAN_POINT('',(1.113E+03,407.,822.));
#5152 = VECTOR('',#5153,1.);
#5153 = DIRECTION('',(1.,0.,0.));
#5154 = ORIENTED_EDGE('',*,*,#5155,.F.);
#5155 = EDGE_CURVE('',#4747,#5148,#5156,.T.);
#5156 = LINE('',#5157,#5158);
#5157 = CARTESIAN_POINT('',(1.242E+03,353.,822.));
#5158 = VECTOR('',#5159,1.);
#5159 = DIRECTION('',(0.,1.,0.));
#5160 = ORIENTED_EDGE('',*,*,#4754,.T.);
#5161 = ORIENTED_EDGE('',*,*,#5117,.T.);
#5162 = PLANE('',#5163);
#5163 = AXIS2_PLACEMENT_3D('',#5164,#5165,#5166);
#5164 = CARTESIAN_POINT('',(1.105E+03,345.,822.));
#5165 = DIRECTION('',(0.,0.,1.));
#5166 = DIRECTION('',(1.,0.,0.));
#5167 = ADVANCED_FACE('',(#5168),#5186,.F.);
#5168 = FACE_BOUND('',#5169,.F.);
#5169 = EDGE_LOOP('',(#5170,#5171,#5172,#5180));
#5170 = ORIENTED_EDGE('',*,*,#4746,.T.);
#5171 = ORIENTED_EDGE('',*,*,#5155,.T.);
#5172 = ORIENTED_EDGE('',*,*,#5173,.T.);
#5173 = EDGE_CURVE('',#5148,#5174,#5176,.T.);
#5174 = VERTEX_POINT('',#5175);
#5175 = CARTESIAN_POINT('',(1.242E+03,407.,882.));
#5176 = LINE('',#5177,#5178);
#5177 = CARTESIAN_POINT('',(1.242E+03,407.,822.));
#5178 = VECTOR('',#5179,1.);
#5179 = DIRECTION('',(0.,0.,1.));
#5180 = ORIENTED_EDGE('',*,*,#5181,.F.);
#5181 = EDGE_CURVE('',#4739,#5174,#5182,.T.);
#5182 = LINE('',#5183,#5184);
#5183 = CARTESIAN_POINT('',(1.242E+03,241.5,882.));
#5184 = VECTOR('',#5185,1.);
#5185 = DIRECTION('',(0.,1.,0.));
#5186 = PLANE('',#5187);
#5187 = AXIS2_PLACEMENT_3D('',#5188,#5189,#5190);
#5188 = CARTESIAN_POINT('',(1.242E+03,353.,822.));
#5189 = DIRECTION('',(1.,0.,0.));
#5190 = DIRECTION('',(0.,0.,1.));
#5191 = ADVANCED_FACE('',(#5192),#5203,.F.);
#5192 = FACE_BOUND('',#5193,.F.);
#5193 = EDGE_LOOP('',(#5194,#5200,#5201,#5202));
#5194 = ORIENTED_EDGE('',*,*,#5195,.T.);
#5195 = EDGE_CURVE('',#5174,#4838,#5196,.T.);
#5196 = LINE('',#5197,#5198);
#5197 = CARTESIAN_POINT('',(986.5,407.,882.));
#5198 = VECTOR('',#5199,1.);
#5199 = DIRECTION('',(-1.,0.,0.));
#5200 = ORIENTED_EDGE('',*,*,#4845,.F.);
#5201 = ORIENTED_EDGE('',*,*,#4738,.F.);
#5202 = ORIENTED_EDGE('',*,*,#5181,.T.);
#5203 = PLANE('',#5204);
#5204 = AXIS2_PLACEMENT_3D('',#5205,#5206,#5207);
#5205 = CARTESIAN_POINT('',(860.,130.,882.));
#5206 = DIRECTION('',(0.,0.,1.));
#5207 = DIRECTION('',(1.,0.,0.));
#5208 = ADVANCED_FACE('',(#5209),#5215,.T.);
#5209 = FACE_BOUND('',#5210,.T.);
#5210 = EDGE_LOOP('',(#5211,#5212,#5213,#5214));
#5211 = ORIENTED_EDGE('',*,*,#5140,.F.);
#5212 = ORIENTED_EDGE('',*,*,#4821,.T.);
#5213 = ORIENTED_EDGE('',*,*,#4793,.F.);
#5214 = ORIENTED_EDGE('',*,*,#5125,.F.);
#5215 = PLANE('',#5216);
#5216 = AXIS2_PLACEMENT_3D('',#5217,#5218,#5219);
#5217 = CARTESIAN_POINT('',(1.105E+03,415.,822.));
#5218 = DIRECTION('',(0.,1.,0.));
#5219 = DIRECTION('',(0.,0.,1.));
#5220 = ADVANCED_FACE('',(#5221),#5227,.F.);
#5221 = FACE_BOUND('',#5222,.F.);
#5222 = EDGE_LOOP('',(#5223,#5224,#5225,#5226));
#5223 = ORIENTED_EDGE('',*,*,#5147,.F.);
#5224 = ORIENTED_EDGE('',*,*,#4837,.T.);
#5225 = ORIENTED_EDGE('',*,*,#5195,.F.);
#5226 = ORIENTED_EDGE('',*,*,#5173,.F.);
#5227 = PLANE('',#5228);
#5228 = AXIS2_PLACEMENT_3D('',#5229,#5230,#5231);
#5229 = CARTESIAN_POINT('',(1.113E+03,407.,822.));
#5230 = DIRECTION('',(0.,1.,0.));
#5231 = DIRECTION('',(0.,0.,1.));
#5232 = ADVANCED_FACE('',(#5233),#5244,.F.);
#5233 = FACE_BOUND('',#5234,.F.);
#5234 = EDGE_LOOP('',(#5235,#5236,#5242,#5243));
#5235 = ORIENTED_EDGE('',*,*,#5044,.F.);
#5236 = ORIENTED_EDGE('',*,*,#5237,.T.);
#5237 = EDGE_CURVE('',#5037,#5085,#5238,.T.);
#5238 = LINE('',#5239,#5240);
#5239 = CARTESIAN_POINT('',(1.113E+03,407.,822.));
#5240 = VECTOR('',#5241,1.);
#5241 = DIRECTION('',(0.,0.,1.));
#5242 = ORIENTED_EDGE('',*,*,#5084,.F.);
#5243 = ORIENTED_EDGE('',*,*,#4879,.F.);
#5244 = PLANE('',#5245);
#5245 = AXIS2_PLACEMENT_3D('',#5246,#5247,#5248);
#5246 = CARTESIAN_POINT('',(1.113E+03,407.,822.));
#5247 = DIRECTION('',(0.,1.,0.));
#5248 = DIRECTION('',(0.,0.,1.));
#5249 = ADVANCED_FACE('',(#5250,#5253),#5264,.F.);
#5250 = FACE_BOUND('',#5251,.F.);
#5251 = EDGE_LOOP('',(#5252));
#5252 = ORIENTED_EDGE('',*,*,#4999,.T.);
#5253 = FACE_BOUND('',#5254,.F.);
#5254 = EDGE_LOOP('',(#5255));
#5255 = ORIENTED_EDGE('',*,*,#5256,.F.);
#5256 = EDGE_CURVE('',#5257,#5257,#5259,.T.);
#5257 = VERTEX_POINT('',#5258);
#5258 = CARTESIAN_POINT('',(1.136E+03,230.,880.));
#5259 = CIRCLE('',#5260,18.);
#5260 = AXIS2_PLACEMENT_3D('',#5261,#5262,#5263);
#5261 = CARTESIAN_POINT('',(1.118E+03,230.,880.));
#5262 = DIRECTION('',(0.,0.,1.));
#5263 = DIRECTION('',(1.,0.,0.));
#5264 = PLANE('',#5265);
#5265 = AXIS2_PLACEMENT_3D('',#5266,#5267,#5268);
#5266 = CARTESIAN_POINT('',(1.118E+03,230.,880.));
#5267 = DIRECTION('',(0.,0.,1.));
#5268 = DIRECTION('',(1.,0.,0.));
#5269 = ADVANCED_FACE('',(#5270),#5281,.T.);
#5270 = FACE_BOUND('',#5271,.T.);
#5271 = EDGE_LOOP('',(#5272,#5278,#5279,#5280));
#5272 = ORIENTED_EDGE('',*,*,#5273,.F.);
#5273 = EDGE_CURVE('',#5029,#5093,#5274,.T.);
#5274 = LINE('',#5275,#5276);
#5275 = CARTESIAN_POINT('',(1.113E+03,353.,822.));
#5276 = VECTOR('',#5277,1.);
#5277 = DIRECTION('',(0.,0.,1.));
#5278 = ORIENTED_EDGE('',*,*,#5036,.T.);
#5279 = ORIENTED_EDGE('',*,*,#5237,.T.);
#5280 = ORIENTED_EDGE('',*,*,#5092,.F.);
#5281 = PLANE('',#5282);
#5282 = AXIS2_PLACEMENT_3D('',#5283,#5284,#5285);
#5283 = CARTESIAN_POINT('',(1.113E+03,353.,822.));
#5284 = DIRECTION('',(1.,0.,0.));
#5285 = DIRECTION('',(0.,0.,1.));
#5286 = ADVANCED_FACE('',(#5287),#5293,.T.);
#5287 = FACE_BOUND('',#5288,.T.);
#5288 = EDGE_LOOP('',(#5289,#5290,#5291,#5292));
#5289 = ORIENTED_EDGE('',*,*,#5028,.F.);
#5290 = ORIENTED_EDGE('',*,*,#5273,.T.);
#5291 = ORIENTED_EDGE('',*,*,#5100,.F.);
#5292 = ORIENTED_EDGE('',*,*,#5059,.F.);
#5293 = PLANE('',#5294);
#5294 = AXIS2_PLACEMENT_3D('',#5295,#5296,#5297);
#5295 = CARTESIAN_POINT('',(1.113E+03,353.,822.));
#5296 = DIRECTION('',(0.,1.,0.));
#5297 = DIRECTION('',(0.,0.,1.));
#5298 = ADVANCED_FACE('',(#5299),#5318,.F.);
#5299 = FACE_BOUND('',#5300,.F.);
#5300 = EDGE_LOOP('',(#5301,#5310,#5316,#5317));
#5301 = ORIENTED_EDGE('',*,*,#5302,.F.);
#5302 = EDGE_CURVE('',#5303,#5303,#5305,.T.);
#5303 = VERTEX_POINT('',#5304);
#5304 = CARTESIAN_POINT('',(1.136E+03,230.,882.));
#5305 = CIRCLE('',#5306,18.);
#5306 = AXIS2_PLACEMENT_3D('',#5307,#5308,#5309);
#5307 = CARTESIAN_POINT('',(1.118E+03,230.,882.));
#5308 = DIRECTION('',(0.,0.,1.));
#5309 = DIRECTION('',(1.,0.,0.));
#5310 = ORIENTED_EDGE('',*,*,#5311,.F.);
#5311 = EDGE_CURVE('',#5257,#5303,#5312,.T.);
#5312 = LINE('',#5313,#5314);
#5313 = CARTESIAN_POINT('',(1.136E+03,230.,879.));
#5314 = VECTOR('',#5315,1.);
#5315 = DIRECTION('',(0.,0.,1.));
#5316 = ORIENTED_EDGE('',*,*,#5256,.T.);
#5317 = ORIENTED_EDGE('',*,*,#5311,.T.);
#5318 = CYLINDRICAL_SURFACE('',#5319,18.);
#5319 = AXIS2_PLACEMENT_3D('',#5320,#5321,#5322);
#5320 = CARTESIAN_POINT('',(1.118E+03,230.,879.));
#5321 = DIRECTION('',(0.,0.,1.));
#5322 = DIRECTION('',(1.,0.,0.));
#5323 = ADVANCED_FACE('',(#5324),#5327,.F.);
#5324 = FACE_BOUND('',#5325,.F.);
#5325 = EDGE_LOOP('',(#5326));
#5326 = ORIENTED_EDGE('',*,*,#5302,.T.);
#5327 = PLANE('',#5328);
#5328 = AXIS2_PLACEMENT_3D('',#5329,#5330,#5331);
#5329 = CARTESIAN_POINT('',(860.,130.,882.));
#5330 = DIRECTION('',(0.,0.,1.));
#5331 = DIRECTION('',(1.,0.,0.));
#5332 = MANIFOLD_SOLID_BREP('',#5333);
#5333 = CLOSED_SHELL('',(#5334,#5374,#5405,#5463,#5487,#5538,#5550,#5572
    ,#5589,#5606));
#5334 = ADVANCED_FACE('',(#5335),#5369,.F.);
#5335 = FACE_BOUND('',#5336,.F.);
#5336 = EDGE_LOOP('',(#5337,#5347,#5355,#5363));
#5337 = ORIENTED_EDGE('',*,*,#5338,.F.);
#5338 = EDGE_CURVE('',#5339,#5341,#5343,.T.);
#5339 = VERTEX_POINT('',#5340);
#5340 = CARTESIAN_POINT('',(820.,90.,892.));
#5341 = VERTEX_POINT('',#5342);
#5342 = CARTESIAN_POINT('',(820.,90.,900.));
#5343 = LINE('',#5344,#5345);
#5344 = CARTESIAN_POINT('',(820.,90.,892.));
#5345 = VECTOR('',#5346,1.);
#5346 = DIRECTION('',(0.,0.,1.));
#5347 = ORIENTED_EDGE('',*,*,#5348,.T.);
#5348 = EDGE_CURVE('',#5339,#5349,#5351,.T.);
#5349 = VERTEX_POINT('',#5350);
#5350 = CARTESIAN_POINT('',(820.,510.,892.));
#5351 = LINE('',#5352,#5353);
#5352 = CARTESIAN_POINT('',(820.,90.,892.));
#5353 = VECTOR('',#5354,1.);
#5354 = DIRECTION('',(0.,1.,0.));
#5355 = ORIENTED_EDGE('',*,*,#5356,.T.);
#5356 = EDGE_CURVE('',#5349,#5357,#5359,.T.);
#5357 = VERTEX_POINT('',#5358);
#5358 = CARTESIAN_POINT('',(820.,510.,900.));
#5359 = LINE('',#5360,#5361);
#5360 = CARTESIAN_POINT('',(820.,510.,892.));
#5361 = VECTOR('',#5362,1.);
#5362 = DIRECTION('',(0.,0.,1.));
#5363 = ORIENTED_EDGE('',*,*,#5364,.F.);
#5364 = EDGE_CURVE('',#5341,#5357,#5365,.T.);
#5365 = LINE('',#5366,#5367);
#5366 = CARTESIAN_POINT('',(820.,90.,900.));
#5367 = VECTOR('',#5368,1.);
#5368 = DIRECTION('',(0.,1.,0.));
#5369 = PLANE('',#5370);
#5370 = AXIS2_PLACEMENT_3D('',#5371,#5372,#5373);
#5371 = CARTESIAN_POINT('',(820.,90.,892.));
#5372 = DIRECTION('',(1.,0.,0.));
#5373 = DIRECTION('',(0.,0.,1.));
#5374 = ADVANCED_FACE('',(#5375),#5400,.F.);
#5375 = FACE_BOUND('',#5376,.F.);
#5376 = EDGE_LOOP('',(#5377,#5385,#5386,#5394));
#5377 = ORIENTED_EDGE('',*,*,#5378,.F.);
#5378 = EDGE_CURVE('',#5339,#5379,#5381,.T.);
#5379 = VERTEX_POINT('',#5380);
#5380 = CARTESIAN_POINT('',(1.38E+03,90.,892.));
#5381 = LINE('',#5382,#5383);
#5382 = CARTESIAN_POINT('',(820.,90.,892.));
#5383 = VECTOR('',#5384,1.);
#5384 = DIRECTION('',(1.,0.,0.));
#5385 = ORIENTED_EDGE('',*,*,#5338,.T.);
#5386 = ORIENTED_EDGE('',*,*,#5387,.T.);
#5387 = EDGE_CURVE('',#5341,#5388,#5390,.T.);
#5388 = VERTEX_POINT('',#5389);
#5389 = CARTESIAN_POINT('',(1.38E+03,90.,900.));
#5390 = LINE('',#5391,#5392);
#5391 = CARTESIAN_POINT('',(820.,90.,900.));
#5392 = VECTOR('',#5393,1.);
#5393 = DIRECTION('',(1.,0.,0.));
#5394 = ORIENTED_EDGE('',*,*,#5395,.F.);
#5395 = EDGE_CURVE('',#5379,#5388,#5396,.T.);
#5396 = LINE('',#5397,#5398);
#5397 = CARTESIAN_POINT('',(1.38E+03,90.,892.));
#5398 = VECTOR('',#5399,1.);
#5399 = DIRECTION('',(0.,0.,1.));
#5400 = PLANE('',#5401);
#5401 = AXIS2_PLACEMENT_3D('',#5402,#5403,#5404);
#5402 = CARTESIAN_POINT('',(820.,90.,892.));
#5403 = DIRECTION('',(0.,1.,0.));
#5404 = DIRECTION('',(0.,0.,1.));
#5405 = ADVANCED_FACE('',(#5406,#5424),#5458,.T.);
#5406 = FACE_BOUND('',#5407,.T.);
#5407 = EDGE_LOOP('',(#5408,#5409,#5410,#5418));
#5408 = ORIENTED_EDGE('',*,*,#5364,.F.);
#5409 = ORIENTED_EDGE('',*,*,#5387,.T.);
#5410 = ORIENTED_EDGE('',*,*,#5411,.T.);
#5411 = EDGE_CURVE('',#5388,#5412,#5414,.T.);
#5412 = VERTEX_POINT('',#5413);
#5413 = CARTESIAN_POINT('',(1.38E+03,510.,900.));
#5414 = LINE('',#5415,#5416);
#5415 = CARTESIAN_POINT('',(1.38E+03,90.,900.));
#5416 = VECTOR('',#5417,1.);
#5417 = DIRECTION('',(0.,1.,0.));
#5418 = ORIENTED_EDGE('',*,*,#5419,.F.);
#5419 = EDGE_CURVE('',#5357,#5412,#5420,.T.);
#5420 = LINE('',#5421,#5422);
#5421 = CARTESIAN_POINT('',(820.,510.,900.));
#5422 = VECTOR('',#5423,1.);
#5423 = DIRECTION('',(1.,0.,0.));
#5424 = FACE_BOUND('',#5425,.T.);
#5425 = EDGE_LOOP('',(#5426,#5436,#5444,#5452));
#5426 = ORIENTED_EDGE('',*,*,#5427,.T.);
#5427 = EDGE_CURVE('',#5428,#5430,#5432,.T.);
#5428 = VERTEX_POINT('',#5429);
#5429 = CARTESIAN_POINT('',(1.368E+03,102.,900.));
#5430 = VERTEX_POINT('',#5431);
#5431 = CARTESIAN_POINT('',(832.,102.,900.));
#5432 = LINE('',#5433,#5434);
#5433 = CARTESIAN_POINT('',(826.,102.,900.));
#5434 = VECTOR('',#5435,1.);
#5435 = DIRECTION('',(-1.,0.,0.));
#5436 = ORIENTED_EDGE('',*,*,#5437,.T.);
#5437 = EDGE_CURVE('',#5430,#5438,#5440,.T.);
#5438 = VERTEX_POINT('',#5439);
#5439 = CARTESIAN_POINT('',(832.,498.,900.));
#5440 = LINE('',#5441,#5442);
#5441 = CARTESIAN_POINT('',(832.,96.,900.));
#5442 = VECTOR('',#5443,1.);
#5443 = DIRECTION('',(0.,1.,0.));
#5444 = ORIENTED_EDGE('',*,*,#5445,.F.);
#5445 = EDGE_CURVE('',#5446,#5438,#5448,.T.);
#5446 = VERTEX_POINT('',#5447);
#5447 = CARTESIAN_POINT('',(1.368E+03,498.,900.));
#5448 = LINE('',#5449,#5450);
#5449 = CARTESIAN_POINT('',(826.,498.,900.));
#5450 = VECTOR('',#5451,1.);
#5451 = DIRECTION('',(-1.,0.,0.));
#5452 = ORIENTED_EDGE('',*,*,#5453,.F.);
#5453 = EDGE_CURVE('',#5428,#5446,#5454,.T.);
#5454 = LINE('',#5455,#5456);
#5455 = CARTESIAN_POINT('',(1.368E+03,96.,900.));
#5456 = VECTOR('',#5457,1.);
#5457 = DIRECTION('',(0.,1.,0.));
#5458 = PLANE('',#5459);
#5459 = AXIS2_PLACEMENT_3D('',#5460,#5461,#5462);
#5460 = CARTESIAN_POINT('',(820.,90.,900.));
#5461 = DIRECTION('',(0.,0.,1.));
#5462 = DIRECTION('',(1.,0.,0.));
#5463 = ADVANCED_FACE('',(#5464),#5482,.T.);
#5464 = FACE_BOUND('',#5465,.T.);
#5465 = EDGE_LOOP('',(#5466,#5474,#5475,#5476));
#5466 = ORIENTED_EDGE('',*,*,#5467,.F.);
#5467 = EDGE_CURVE('',#5349,#5468,#5470,.T.);
#5468 = VERTEX_POINT('',#5469);
#5469 = CARTESIAN_POINT('',(1.38E+03,510.,892.));
#5470 = LINE('',#5471,#5472);
#5471 = CARTESIAN_POINT('',(820.,510.,892.));
#5472 = VECTOR('',#5473,1.);
#5473 = DIRECTION('',(1.,0.,0.));
#5474 = ORIENTED_EDGE('',*,*,#5356,.T.);
#5475 = ORIENTED_EDGE('',*,*,#5419,.T.);
#5476 = ORIENTED_EDGE('',*,*,#5477,.F.);
#5477 = EDGE_CURVE('',#5468,#5412,#5478,.T.);
#5478 = LINE('',#5479,#5480);
#5479 = CARTESIAN_POINT('',(1.38E+03,510.,892.));
#5480 = VECTOR('',#5481,1.);
#5481 = DIRECTION('',(0.,0.,1.));
#5482 = PLANE('',#5483);
#5483 = AXIS2_PLACEMENT_3D('',#5484,#5485,#5486);
#5484 = CARTESIAN_POINT('',(820.,510.,892.));
#5485 = DIRECTION('',(0.,1.,0.));
#5486 = DIRECTION('',(0.,0.,1.));
#5487 = ADVANCED_FACE('',(#5488,#5499),#5533,.F.);
#5488 = FACE_BOUND('',#5489,.F.);
#5489 = EDGE_LOOP('',(#5490,#5491,#5492,#5498));
#5490 = ORIENTED_EDGE('',*,*,#5348,.F.);
#5491 = ORIENTED_EDGE('',*,*,#5378,.T.);
#5492 = ORIENTED_EDGE('',*,*,#5493,.T.);
#5493 = EDGE_CURVE('',#5379,#5468,#5494,.T.);
#5494 = LINE('',#5495,#5496);
#5495 = CARTESIAN_POINT('',(1.38E+03,90.,892.));
#5496 = VECTOR('',#5497,1.);
#5497 = DIRECTION('',(0.,1.,0.));
#5498 = ORIENTED_EDGE('',*,*,#5467,.F.);
#5499 = FACE_BOUND('',#5500,.F.);
#5500 = EDGE_LOOP('',(#5501,#5511,#5519,#5527));
#5501 = ORIENTED_EDGE('',*,*,#5502,.T.);
#5502 = EDGE_CURVE('',#5503,#5505,#5507,.T.);
#5503 = VERTEX_POINT('',#5504);
#5504 = CARTESIAN_POINT('',(1.368E+03,102.,892.));
#5505 = VERTEX_POINT('',#5506);
#5506 = CARTESIAN_POINT('',(832.,102.,892.));
#5507 = LINE('',#5508,#5509);
#5508 = CARTESIAN_POINT('',(826.,102.,892.));
#5509 = VECTOR('',#5510,1.);
#5510 = DIRECTION('',(-1.,0.,0.));
#5511 = ORIENTED_EDGE('',*,*,#5512,.T.);
#5512 = EDGE_CURVE('',#5505,#5513,#5515,.T.);
#5513 = VERTEX_POINT('',#5514);
#5514 = CARTESIAN_POINT('',(832.,498.,892.));
#5515 = LINE('',#5516,#5517);
#5516 = CARTESIAN_POINT('',(832.,96.,892.));
#5517 = VECTOR('',#5518,1.);
#5518 = DIRECTION('',(0.,1.,0.));
#5519 = ORIENTED_EDGE('',*,*,#5520,.F.);
#5520 = EDGE_CURVE('',#5521,#5513,#5523,.T.);
#5521 = VERTEX_POINT('',#5522);
#5522 = CARTESIAN_POINT('',(1.368E+03,498.,892.));
#5523 = LINE('',#5524,#5525);
#5524 = CARTESIAN_POINT('',(826.,498.,892.));
#5525 = VECTOR('',#5526,1.);
#5526 = DIRECTION('',(-1.,0.,0.));
#5527 = ORIENTED_EDGE('',*,*,#5528,.F.);
#5528 = EDGE_CURVE('',#5503,#5521,#5529,.T.);
#5529 = LINE('',#5530,#5531);
#5530 = CARTESIAN_POINT('',(1.368E+03,96.,892.));
#5531 = VECTOR('',#5532,1.);
#5532 = DIRECTION('',(0.,1.,0.));
#5533 = PLANE('',#5534);
#5534 = AXIS2_PLACEMENT_3D('',#5535,#5536,#5537);
#5535 = CARTESIAN_POINT('',(820.,90.,892.));
#5536 = DIRECTION('',(0.,0.,1.));
#5537 = DIRECTION('',(1.,0.,0.));
#5538 = ADVANCED_FACE('',(#5539),#5545,.T.);
#5539 = FACE_BOUND('',#5540,.T.);
#5540 = EDGE_LOOP('',(#5541,#5542,#5543,#5544));
#5541 = ORIENTED_EDGE('',*,*,#5395,.F.);
#5542 = ORIENTED_EDGE('',*,*,#5493,.T.);
#5543 = ORIENTED_EDGE('',*,*,#5477,.T.);
#5544 = ORIENTED_EDGE('',*,*,#5411,.F.);
#5545 = PLANE('',#5546);
#5546 = AXIS2_PLACEMENT_3D('',#5547,#5548,#5549);
#5547 = CARTESIAN_POINT('',(1.38E+03,90.,892.));
#5548 = DIRECTION('',(1.,0.,0.));
#5549 = DIRECTION('',(0.,0.,1.));
#5550 = ADVANCED_FACE('',(#5551),#5567,.T.);
#5551 = FACE_BOUND('',#5552,.T.);
#5552 = EDGE_LOOP('',(#5553,#5559,#5560,#5566));
#5553 = ORIENTED_EDGE('',*,*,#5554,.F.);
#5554 = EDGE_CURVE('',#5503,#5428,#5555,.T.);
#5555 = LINE('',#5556,#5557);
#5556 = CARTESIAN_POINT('',(1.368E+03,102.,891.));
#5557 = VECTOR('',#5558,1.);
#5558 = DIRECTION('',(0.,0.,1.));
#5559 = ORIENTED_EDGE('',*,*,#5502,.T.);
#5560 = ORIENTED_EDGE('',*,*,#5561,.T.);
#5561 = EDGE_CURVE('',#5505,#5430,#5562,.T.);
#5562 = LINE('',#5563,#5564);
#5563 = CARTESIAN_POINT('',(832.,102.,891.));
#5564 = VECTOR('',#5565,1.);
#5565 = DIRECTION('',(0.,0.,1.));
#5566 = ORIENTED_EDGE('',*,*,#5427,.F.);
#5567 = PLANE('',#5568);
#5568 = AXIS2_PLACEMENT_3D('',#5569,#5570,#5571);
#5569 = CARTESIAN_POINT('',(832.,102.,891.));
#5570 = DIRECTION('',(0.,1.,0.));
#5571 = DIRECTION('',(0.,0.,1.));
#5572 = ADVANCED_FACE('',(#5573),#5584,.F.);
#5573 = FACE_BOUND('',#5574,.F.);
#5574 = EDGE_LOOP('',(#5575,#5576,#5577,#5583));
#5575 = ORIENTED_EDGE('',*,*,#5554,.F.);
#5576 = ORIENTED_EDGE('',*,*,#5528,.T.);
#5577 = ORIENTED_EDGE('',*,*,#5578,.T.);
#5578 = EDGE_CURVE('',#5521,#5446,#5579,.T.);
#5579 = LINE('',#5580,#5581);
#5580 = CARTESIAN_POINT('',(1.368E+03,498.,891.));
#5581 = VECTOR('',#5582,1.);
#5582 = DIRECTION('',(0.,0.,1.));
#5583 = ORIENTED_EDGE('',*,*,#5453,.F.);
#5584 = PLANE('',#5585);
#5585 = AXIS2_PLACEMENT_3D('',#5586,#5587,#5588);
#5586 = CARTESIAN_POINT('',(1.368E+03,102.,891.));
#5587 = DIRECTION('',(1.,0.,0.));
#5588 = DIRECTION('',(0.,0.,1.));
#5589 = ADVANCED_FACE('',(#5590),#5601,.F.);
#5590 = FACE_BOUND('',#5591,.F.);
#5591 = EDGE_LOOP('',(#5592,#5593,#5594,#5600));
#5592 = ORIENTED_EDGE('',*,*,#5578,.F.);
#5593 = ORIENTED_EDGE('',*,*,#5520,.T.);
#5594 = ORIENTED_EDGE('',*,*,#5595,.T.);
#5595 = EDGE_CURVE('',#5513,#5438,#5596,.T.);
#5596 = LINE('',#5597,#5598);
#5597 = CARTESIAN_POINT('',(832.,498.,891.));
#5598 = VECTOR('',#5599,1.);
#5599 = DIRECTION('',(0.,0.,1.));
#5600 = ORIENTED_EDGE('',*,*,#5445,.F.);
#5601 = PLANE('',#5602);
#5602 = AXIS2_PLACEMENT_3D('',#5603,#5604,#5605);
#5603 = CARTESIAN_POINT('',(832.,498.,891.));
#5604 = DIRECTION('',(0.,1.,0.));
#5605 = DIRECTION('',(0.,0.,1.));
#5606 = ADVANCED_FACE('',(#5607),#5613,.T.);
#5607 = FACE_BOUND('',#5608,.T.);
#5608 = EDGE_LOOP('',(#5609,#5610,#5611,#5612));
#5609 = ORIENTED_EDGE('',*,*,#5561,.F.);
#5610 = ORIENTED_EDGE('',*,*,#5512,.T.);
#5611 = ORIENTED_EDGE('',*,*,#5595,.T.);
#5612 = ORIENTED_EDGE('',*,*,#5437,.F.);
#5613 = PLANE('',#5614);
#5614 = AXIS2_PLACEMENT_3D('',#5615,#5616,#5617);
#5615 = CARTESIAN_POINT('',(832.,102.,891.));
#5616 = DIRECTION('',(1.,0.,0.));
#5617 = DIRECTION('',(0.,0.,1.));
#5618 = MANIFOLD_SOLID_BREP('',#5619);
#5619 = CLOSED_SHELL('',(#5620,#5692,#5723,#5747,#5771,#5795,#5819,#5843
    ,#5867,#5884));
#5620 = ADVANCED_FACE('',(#5621),#5687,.F.);
#5621 = FACE_BOUND('',#5622,.F.);
#5622 = EDGE_LOOP('',(#5623,#5633,#5641,#5649,#5657,#5665,#5673,#5681));
#5623 = ORIENTED_EDGE('',*,*,#5624,.F.);
#5624 = EDGE_CURVE('',#5625,#5627,#5629,.T.);
#5625 = VERTEX_POINT('',#5626);
#5626 = CARTESIAN_POINT('',(1.13675E+03,0.,870.));
#5627 = VERTEX_POINT('',#5628);
#5628 = CARTESIAN_POINT('',(1.13675E+03,90.,870.));
#5629 = LINE('',#5630,#5631);
#5630 = CARTESIAN_POINT('',(1.13675E+03,0.,870.));
#5631 = VECTOR('',#5632,1.);
#5632 = DIRECTION('',(0.,1.,0.));
#5633 = ORIENTED_EDGE('',*,*,#5634,.F.);
#5634 = EDGE_CURVE('',#5635,#5625,#5637,.T.);
#5635 = VERTEX_POINT('',#5636);
#5636 = CARTESIAN_POINT('',(1.13675E+03,0.,98.));
#5637 = LINE('',#5638,#5639);
#5638 = CARTESIAN_POINT('',(1.13675E+03,0.,98.));
#5639 = VECTOR('',#5640,1.);
#5640 = DIRECTION('',(0.,0.,1.));
#5641 = ORIENTED_EDGE('',*,*,#5642,.T.);
#5642 = EDGE_CURVE('',#5635,#5643,#5645,.T.);
#5643 = VERTEX_POINT('',#5644);
#5644 = CARTESIAN_POINT('',(1.13675E+03,650.,98.));
#5645 = LINE('',#5646,#5647);
#5646 = CARTESIAN_POINT('',(1.13675E+03,0.,98.));
#5647 = VECTOR('',#5648,1.);
#5648 = DIRECTION('',(0.,1.,0.));
#5649 = ORIENTED_EDGE('',*,*,#5650,.T.);
#5650 = EDGE_CURVE('',#5643,#5651,#5653,.T.);
#5651 = VERTEX_POINT('',#5652);
#5652 = CARTESIAN_POINT('',(1.13675E+03,650.,870.));
#5653 = LINE('',#5654,#5655);
#5654 = CARTESIAN_POINT('',(1.13675E+03,650.,98.));
#5655 = VECTOR('',#5656,1.);
#5656 = DIRECTION('',(0.,0.,1.));
#5657 = ORIENTED_EDGE('',*,*,#5658,.F.);
#5658 = EDGE_CURVE('',#5659,#5651,#5661,.T.);
#5659 = VERTEX_POINT('',#5660);
#5660 = CARTESIAN_POINT('',(1.13675E+03,510.,870.));
#5661 = LINE('',#5662,#5663);
#5662 = CARTESIAN_POINT('',(1.13675E+03,0.,870.));
#5663 = VECTOR('',#5664,1.);
#5664 = DIRECTION('',(0.,1.,0.));
#5665 = ORIENTED_EDGE('',*,*,#5666,.F.);
#5666 = EDGE_CURVE('',#5667,#5659,#5669,.T.);
#5667 = VERTEX_POINT('',#5668);
#5668 = CARTESIAN_POINT('',(1.13675E+03,510.,698.));
#5669 = LINE('',#5670,#5671);
#5670 = CARTESIAN_POINT('',(1.13675E+03,510.,398.));
#5671 = VECTOR('',#5672,1.);
#5672 = DIRECTION('',(0.,0.,1.));
#5673 = ORIENTED_EDGE('',*,*,#5674,.T.);
#5674 = EDGE_CURVE('',#5667,#5675,#5677,.T.);
#5675 = VERTEX_POINT('',#5676);
#5676 = CARTESIAN_POINT('',(1.13675E+03,90.,698.));
#5677 = LINE('',#5678,#5679);
#5678 = CARTESIAN_POINT('',(1.13675E+03,45.,698.));
#5679 = VECTOR('',#5680,1.);
#5680 = DIRECTION('',(0.,-1.,0.));
#5681 = ORIENTED_EDGE('',*,*,#5682,.T.);
#5682 = EDGE_CURVE('',#5675,#5627,#5683,.T.);
#5683 = LINE('',#5684,#5685);
#5684 = CARTESIAN_POINT('',(1.13675E+03,90.,398.));
#5685 = VECTOR('',#5686,1.);
#5686 = DIRECTION('',(0.,0.,1.));
#5687 = PLANE('',#5688);
#5688 = AXIS2_PLACEMENT_3D('',#5689,#5690,#5691);
#5689 = CARTESIAN_POINT('',(1.13675E+03,0.,98.));
#5690 = DIRECTION('',(1.,0.,0.));
#5691 = DIRECTION('',(0.,0.,1.));
#5692 = ADVANCED_FACE('',(#5693),#5718,.T.);
#5693 = FACE_BOUND('',#5694,.T.);
#5694 = EDGE_LOOP('',(#5695,#5696,#5704,#5712));
#5695 = ORIENTED_EDGE('',*,*,#5624,.F.);
#5696 = ORIENTED_EDGE('',*,*,#5697,.T.);
#5697 = EDGE_CURVE('',#5625,#5698,#5700,.T.);
#5698 = VERTEX_POINT('',#5699);
#5699 = CARTESIAN_POINT('',(1.15475E+03,0.,870.));
#5700 = LINE('',#5701,#5702);
#5701 = CARTESIAN_POINT('',(1.13675E+03,0.,870.));
#5702 = VECTOR('',#5703,1.);
#5703 = DIRECTION('',(1.,0.,0.));
#5704 = ORIENTED_EDGE('',*,*,#5705,.T.);
#5705 = EDGE_CURVE('',#5698,#5706,#5708,.T.);
#5706 = VERTEX_POINT('',#5707);
#5707 = CARTESIAN_POINT('',(1.15475E+03,90.,870.));
#5708 = LINE('',#5709,#5710);
#5709 = CARTESIAN_POINT('',(1.15475E+03,0.,870.));
#5710 = VECTOR('',#5711,1.);
#5711 = DIRECTION('',(0.,1.,0.));
#5712 = ORIENTED_EDGE('',*,*,#5713,.F.);
#5713 = EDGE_CURVE('',#5627,#5706,#5714,.T.);
#5714 = LINE('',#5715,#5716);
#5715 = CARTESIAN_POINT('',(1.13575E+03,90.,870.));
#5716 = VECTOR('',#5717,1.);
#5717 = DIRECTION('',(1.,0.,0.));
#5718 = PLANE('',#5719);
#5719 = AXIS2_PLACEMENT_3D('',#5720,#5721,#5722);
#5720 = CARTESIAN_POINT('',(1.13675E+03,0.,870.));
#5721 = DIRECTION('',(0.,0.,1.));
#5722 = DIRECTION('',(1.,0.,0.));
#5723 = ADVANCED_FACE('',(#5724),#5742,.T.);
#5724 = FACE_BOUND('',#5725,.T.);
#5725 = EDGE_LOOP('',(#5726,#5734,#5735,#5736));
#5726 = ORIENTED_EDGE('',*,*,#5727,.F.);
#5727 = EDGE_CURVE('',#5675,#5728,#5730,.T.);
#5728 = VERTEX_POINT('',#5729);
#5729 = CARTESIAN_POINT('',(1.15475E+03,90.,698.));
#5730 = LINE('',#5731,#5732);
#5731 = CARTESIAN_POINT('',(1.13575E+03,90.,698.));
#5732 = VECTOR('',#5733,1.);
#5733 = DIRECTION('',(1.,0.,0.));
#5734 = ORIENTED_EDGE('',*,*,#5682,.T.);
#5735 = ORIENTED_EDGE('',*,*,#5713,.T.);
#5736 = ORIENTED_EDGE('',*,*,#5737,.F.);
#5737 = EDGE_CURVE('',#5728,#5706,#5738,.T.);
#5738 = LINE('',#5739,#5740);
#5739 = CARTESIAN_POINT('',(1.15475E+03,90.,398.));
#5740 = VECTOR('',#5741,1.);
#5741 = DIRECTION('',(0.,0.,1.));
#5742 = PLANE('',#5743);
#5743 = AXIS2_PLACEMENT_3D('',#5744,#5745,#5746);
#5744 = CARTESIAN_POINT('',(1.13575E+03,90.,698.));
#5745 = DIRECTION('',(0.,1.,0.));
#5746 = DIRECTION('',(0.,0.,1.));
#5747 = ADVANCED_FACE('',(#5748),#5766,.T.);
#5748 = FACE_BOUND('',#5749,.T.);
#5749 = EDGE_LOOP('',(#5750,#5758,#5759,#5760));
#5750 = ORIENTED_EDGE('',*,*,#5751,.F.);
#5751 = EDGE_CURVE('',#5667,#5752,#5754,.T.);
#5752 = VERTEX_POINT('',#5753);
#5753 = CARTESIAN_POINT('',(1.15475E+03,510.,698.));
#5754 = LINE('',#5755,#5756);
#5755 = CARTESIAN_POINT('',(1.13575E+03,510.,698.));
#5756 = VECTOR('',#5757,1.);
#5757 = DIRECTION('',(1.,0.,0.));
#5758 = ORIENTED_EDGE('',*,*,#5674,.T.);
#5759 = ORIENTED_EDGE('',*,*,#5727,.T.);
#5760 = ORIENTED_EDGE('',*,*,#5761,.F.);
#5761 = EDGE_CURVE('',#5752,#5728,#5762,.T.);
#5762 = LINE('',#5763,#5764);
#5763 = CARTESIAN_POINT('',(1.15475E+03,45.,698.));
#5764 = VECTOR('',#5765,1.);
#5765 = DIRECTION('',(0.,-1.,0.));
#5766 = PLANE('',#5767);
#5767 = AXIS2_PLACEMENT_3D('',#5768,#5769,#5770);
#5768 = CARTESIAN_POINT('',(1.13575E+03,90.,698.));
#5769 = DIRECTION('',(0.,0.,1.));
#5770 = DIRECTION('',(1.,0.,0.));
#5771 = ADVANCED_FACE('',(#5772),#5790,.F.);
#5772 = FACE_BOUND('',#5773,.F.);
#5773 = EDGE_LOOP('',(#5774,#5775,#5776,#5784));
#5774 = ORIENTED_EDGE('',*,*,#5751,.F.);
#5775 = ORIENTED_EDGE('',*,*,#5666,.T.);
#5776 = ORIENTED_EDGE('',*,*,#5777,.T.);
#5777 = EDGE_CURVE('',#5659,#5778,#5780,.T.);
#5778 = VERTEX_POINT('',#5779);
#5779 = CARTESIAN_POINT('',(1.15475E+03,510.,870.));
#5780 = LINE('',#5781,#5782);
#5781 = CARTESIAN_POINT('',(1.13575E+03,510.,870.));
#5782 = VECTOR('',#5783,1.);
#5783 = DIRECTION('',(1.,0.,0.));
#5784 = ORIENTED_EDGE('',*,*,#5785,.F.);
#5785 = EDGE_CURVE('',#5752,#5778,#5786,.T.);
#5786 = LINE('',#5787,#5788);
#5787 = CARTESIAN_POINT('',(1.15475E+03,510.,398.));
#5788 = VECTOR('',#5789,1.);
#5789 = DIRECTION('',(0.,0.,1.));
#5790 = PLANE('',#5791);
#5791 = AXIS2_PLACEMENT_3D('',#5792,#5793,#5794);
#5792 = CARTESIAN_POINT('',(1.13575E+03,510.,698.));
#5793 = DIRECTION('',(0.,1.,0.));
#5794 = DIRECTION('',(0.,0.,1.));
#5795 = ADVANCED_FACE('',(#5796),#5814,.T.);
#5796 = FACE_BOUND('',#5797,.T.);
#5797 = EDGE_LOOP('',(#5798,#5799,#5800,#5808));
#5798 = ORIENTED_EDGE('',*,*,#5658,.F.);
#5799 = ORIENTED_EDGE('',*,*,#5777,.T.);
#5800 = ORIENTED_EDGE('',*,*,#5801,.T.);
#5801 = EDGE_CURVE('',#5778,#5802,#5804,.T.);
#5802 = VERTEX_POINT('',#5803);
#5803 = CARTESIAN_POINT('',(1.15475E+03,650.,870.));
#5804 = LINE('',#5805,#5806);
#5805 = CARTESIAN_POINT('',(1.15475E+03,0.,870.));
#5806 = VECTOR('',#5807,1.);
#5807 = DIRECTION('',(0.,1.,0.));
#5808 = ORIENTED_EDGE('',*,*,#5809,.F.);
#5809 = EDGE_CURVE('',#5651,#5802,#5810,.T.);
#5810 = LINE('',#5811,#5812);
#5811 = CARTESIAN_POINT('',(1.13675E+03,650.,870.));
#5812 = VECTOR('',#5813,1.);
#5813 = DIRECTION('',(1.,0.,0.));
#5814 = PLANE('',#5815);
#5815 = AXIS2_PLACEMENT_3D('',#5816,#5817,#5818);
#5816 = CARTESIAN_POINT('',(1.13675E+03,0.,870.));
#5817 = DIRECTION('',(0.,0.,1.));
#5818 = DIRECTION('',(1.,0.,0.));
#5819 = ADVANCED_FACE('',(#5820),#5838,.T.);
#5820 = FACE_BOUND('',#5821,.T.);
#5821 = EDGE_LOOP('',(#5822,#5830,#5831,#5832));
#5822 = ORIENTED_EDGE('',*,*,#5823,.F.);
#5823 = EDGE_CURVE('',#5643,#5824,#5826,.T.);
#5824 = VERTEX_POINT('',#5825);
#5825 = CARTESIAN_POINT('',(1.15475E+03,650.,98.));
#5826 = LINE('',#5827,#5828);
#5827 = CARTESIAN_POINT('',(1.13675E+03,650.,98.));
#5828 = VECTOR('',#5829,1.);
#5829 = DIRECTION('',(1.,0.,0.));
#5830 = ORIENTED_EDGE('',*,*,#5650,.T.);
#5831 = ORIENTED_EDGE('',*,*,#5809,.T.);
#5832 = ORIENTED_EDGE('',*,*,#5833,.F.);
#5833 = EDGE_CURVE('',#5824,#5802,#5834,.T.);
#5834 = LINE('',#5835,#5836);
#5835 = CARTESIAN_POINT('',(1.15475E+03,650.,98.));
#5836 = VECTOR('',#5837,1.);
#5837 = DIRECTION('',(0.,0.,1.));
#5838 = PLANE('',#5839);
#5839 = AXIS2_PLACEMENT_3D('',#5840,#5841,#5842);
#5840 = CARTESIAN_POINT('',(1.13675E+03,650.,98.));
#5841 = DIRECTION('',(0.,1.,0.));
#5842 = DIRECTION('',(0.,0.,1.));
#5843 = ADVANCED_FACE('',(#5844),#5862,.F.);
#5844 = FACE_BOUND('',#5845,.F.);
#5845 = EDGE_LOOP('',(#5846,#5847,#5855,#5861));
#5846 = ORIENTED_EDGE('',*,*,#5642,.F.);
#5847 = ORIENTED_EDGE('',*,*,#5848,.T.);
#5848 = EDGE_CURVE('',#5635,#5849,#5851,.T.);
#5849 = VERTEX_POINT('',#5850);
#5850 = CARTESIAN_POINT('',(1.15475E+03,0.,98.));
#5851 = LINE('',#5852,#5853);
#5852 = CARTESIAN_POINT('',(1.13675E+03,0.,98.));
#5853 = VECTOR('',#5854,1.);
#5854 = DIRECTION('',(1.,0.,0.));
#5855 = ORIENTED_EDGE('',*,*,#5856,.T.);
#5856 = EDGE_CURVE('',#5849,#5824,#5857,.T.);
#5857 = LINE('',#5858,#5859);
#5858 = CARTESIAN_POINT('',(1.15475E+03,0.,98.));
#5859 = VECTOR('',#5860,1.);
#5860 = DIRECTION('',(0.,1.,0.));
#5861 = ORIENTED_EDGE('',*,*,#5823,.F.);
#5862 = PLANE('',#5863);
#5863 = AXIS2_PLACEMENT_3D('',#5864,#5865,#5866);
#5864 = CARTESIAN_POINT('',(1.13675E+03,0.,98.));
#5865 = DIRECTION('',(0.,0.,1.));
#5866 = DIRECTION('',(1.,0.,0.));
#5867 = ADVANCED_FACE('',(#5868),#5879,.F.);
#5868 = FACE_BOUND('',#5869,.F.);
#5869 = EDGE_LOOP('',(#5870,#5871,#5872,#5873));
#5870 = ORIENTED_EDGE('',*,*,#5848,.F.);
#5871 = ORIENTED_EDGE('',*,*,#5634,.T.);
#5872 = ORIENTED_EDGE('',*,*,#5697,.T.);
#5873 = ORIENTED_EDGE('',*,*,#5874,.F.);
#5874 = EDGE_CURVE('',#5849,#5698,#5875,.T.);
#5875 = LINE('',#5876,#5877);
#5876 = CARTESIAN_POINT('',(1.15475E+03,0.,98.));
#5877 = VECTOR('',#5878,1.);
#5878 = DIRECTION('',(0.,0.,1.));
#5879 = PLANE('',#5880);
#5880 = AXIS2_PLACEMENT_3D('',#5881,#5882,#5883);
#5881 = CARTESIAN_POINT('',(1.13675E+03,0.,98.));
#5882 = DIRECTION('',(0.,1.,0.));
#5883 = DIRECTION('',(0.,0.,1.));
#5884 = ADVANCED_FACE('',(#5885),#5895,.T.);
#5885 = FACE_BOUND('',#5886,.T.);
#5886 = EDGE_LOOP('',(#5887,#5888,#5889,#5890,#5891,#5892,#5893,#5894));
#5887 = ORIENTED_EDGE('',*,*,#5705,.F.);
#5888 = ORIENTED_EDGE('',*,*,#5874,.F.);
#5889 = ORIENTED_EDGE('',*,*,#5856,.T.);
#5890 = ORIENTED_EDGE('',*,*,#5833,.T.);
#5891 = ORIENTED_EDGE('',*,*,#5801,.F.);
#5892 = ORIENTED_EDGE('',*,*,#5785,.F.);
#5893 = ORIENTED_EDGE('',*,*,#5761,.T.);
#5894 = ORIENTED_EDGE('',*,*,#5737,.T.);
#5895 = PLANE('',#5896);
#5896 = AXIS2_PLACEMENT_3D('',#5897,#5898,#5899);
#5897 = CARTESIAN_POINT('',(1.15475E+03,0.,98.));
#5898 = DIRECTION('',(1.,0.,0.));
#5899 = DIRECTION('',(0.,0.,1.));
#5900 = ( GEOMETRIC_REPRESENTATION_CONTEXT(3) 
GLOBAL_UNCERTAINTY_ASSIGNED_CONTEXT((#5904)) 
GLOBAL_UNIT_ASSIGNED_CONTEXT((#5901,#5902,#5903)) REPRESENTATION_CONTEXT
('Context #1','3D Context with UNIT and UNCERTAINTY') );
#5901 = ( LENGTH_UNIT() NAMED_UNIT(*) SI_UNIT(.MILLI.,.METRE.) );
#5902 = ( NAMED_UNIT(*) PLANE_ANGLE_UNIT() SI_UNIT($,.RADIAN.) );
#5903 = ( NAMED_UNIT(*) SI_UNIT($,.STERADIAN.) SOLID_ANGLE_UNIT() );
#5904 = UNCERTAINTY_MEASURE_WITH_UNIT(LENGTH_MEASURE(1.E-06),#5901,
  'distance_accuracy_value','confusion accuracy');
#5905 = PRODUCT_RELATED_PRODUCT_CATEGORY('part',$,(#7));
ENDSEC;
END-ISO-10303-21;
